War · hidden 32 · genome 15781 · population 1000 (first 10000) · elite 100 breeding at 0.1 · tables 6 · hall 0 · rank 40 · letters None · longest 100 years · 8 trials · CPU
try  1 · gen    0 · best     14.6 · elite    -20.4 · median   -108.4 · years  17.5 · road 0.25 · starved  1204 · nobles  -1.7 · read 40.6 · walls  3.0 · fell 99.9% (mother 86.3%) · prince  0.0% · king  0.0% · crowned  0.0% · 31.5s
try  2 · gen    0 · best     12.6 · elite    -22.5 · median   -107.7 · years  17.2 · road 0.25 · starved  1191 · nobles  -1.6 · read 40.0 · walls  3.0 · fell 99.9% (mother 86.9%) · prince  0.0% · king  0.0% · crowned  0.0% · 31.5s
try  3 · gen    0 · best     11.2 · elite    -22.2 · median   -109.0 · years  17.3 · road 0.25 · starved  1192 · nobles  -1.6 · read 40.4 · walls  3.0 · fell 99.9% (mother 86.5%) · prince  0.0% · king  0.0% · crowned  0.0% · 31.5s
try  4 · gen    0 · best      8.4 · elite    -21.9 · median   -108.7 · years  17.2 · road 0.25 · starved  1187 · nobles  -1.6 · read 40.0 · walls  3.0 · fell 99.9% (mother 86.4%) · prince  0.0% · king  0.0% · crowned  0.0% · 31.5s
try  5 · gen    0 · best     18.8 · elite    -20.1 · median   -108.5 · years  17.3 · road 0.25 · starved  1193 · nobles  -1.6 · read 40.3 · walls  3.0 · fell 99.9% (mother 86.6%) · prince  0.0% · king  0.0% · crowned  0.0% · 31.5s
try  6 · gen    0 · best     14.8 · elite    -21.2 · median   -108.4 · years  17.4 · road 0.25 · starved  1195 · nobles  -1.7 · read 40.3 · walls  3.0 · fell 99.9% (mother 86.4%) · prince  0.0% · king  0.0% · crowned  0.0% · 31.5s
try  7 · gen    0 · best      0.6 · elite    -22.8 · median   -109.4 · years  17.3 · road 0.25 · starved  1193 · nobles  -1.6 · read 40.3 · walls  3.0 · fell 99.9% (mother 86.5%) · prince  0.0% · king  0.0% · crowned  0.0% · 31.5s
try  8 · gen    0 · best      8.1 · elite    -20.7 · median   -108.4 · years  17.5 · road 0.25 · starved  1204 · nobles  -1.7 · read 40.6 · walls  3.1 · fell 99.9% (mother 86.5%) · prince  0.0% · king  0.0% · crowned  0.0% · 31.5s
try  1 · gen    1 · best     33.9 · elite    -38.8 · median   -103.4 · years  27.4 · road 0.30 · starved  1498 · nobles  -2.8 · read 63.5 · walls  4.8 · fell 98.5% (mother 74.2%) · prince  0.0% · king  0.0% · crowned  0.0% · 4.6s
try  2 · gen    1 · best      3.3 · elite    -42.7 · median   -104.1 · years  26.8 · road 0.30 · starved  1482 · nobles  -3.1 · read 62.5 · walls  4.5 · fell 99.3% (mother 75.2%) · prince  0.0% · king  0.0% · crowned  0.0% · 4.6s
try  3 · gen    1 · best    -12.2 · elite    -46.4 · median   -105.4 · years  27.5 · road 0.30 · starved  1500 · nobles  -2.7 · read 65.0 · walls  4.4 · fell 98.4% (mother 72.7%) · prince  0.0% · king  0.0% · crowned  0.0% · 4.6s
try  4 · gen    1 · best     -6.0 · elite    -41.4 · median   -101.5 · years  27.1 · road 0.31 · starved  1474 · nobles  -2.9 · read 59.1 · walls  4.7 · fell 99.1% (mother 72.6%) · prince  0.0% · king  0.0% · crowned  0.0% · 4.6s
try  5 · gen    1 · best     11.2 · elite    -43.7 · median   -103.1 · years  25.7 · road 0.30 · starved  1431 · nobles  -2.7 · read 59.6 · walls  4.6 · fell 99.4% (mother 75.7%) · prince  0.0% · king  0.0% · crowned  0.0% · 4.6s
try  6 · gen    1 · best     12.4 · elite    -46.7 · median   -103.1 · years  26.4 · road 0.30 · starved  1473 · nobles  -3.1 · read 61.4 · walls  4.2 · fell 99.3% (mother 75.6%) · prince  0.0% · king  0.0% · crowned  0.0% · 4.6s
try  7 · gen    1 · best     17.6 · elite    -46.5 · median   -105.0 · years  26.1 · road 0.30 · starved  1448 · nobles  -2.8 · read 60.6 · walls  4.8 · fell 98.8% (mother 72.8%) · prince  0.0% · king  0.0% · crowned  0.0% · 4.6s
try  8 · gen    1 · best     -3.4 · elite    -44.7 · median   -104.7 · years  26.5 · road 0.30 · starved  1488 · nobles  -2.5 · read 60.6 · walls  4.3 · fell 99.6% (mother 74.9%) · prince  0.0% · king  0.0% · crowned  0.0% · 4.6s
try  1 · gen    2 · best     10.6 · elite    -39.5 · median   -101.6 · years  38.1 · road 0.32 · starved  1771 · nobles  -3.3 · read 88.3 · walls  5.6 · fell 95.4% (mother 54.4%) · prince  0.0% · king  0.0% · crowned  0.0% · 3.9s
try  2 · gen    2 · best    -19.1 · elite    -50.0 · median   -104.8 · years  37.0 · road 0.31 · starved  1762 · nobles  -3.6 · read 98.8 · walls  5.3 · fell 98.4% (mother 56.7%) · prince  0.0% · king  0.0% · crowned  0.0% · 3.9s
try  3 · gen    2 · best    -21.3 · elite    -50.4 · median   -107.5 · years  35.8 · road 0.30 · starved  1714 · nobles  -3.2 · read 87.9 · walls  4.7 · fell 96.1% (mother 58.5%) · prince  0.0% · king  0.0% · crowned  0.0% · 3.9s
try  4 · gen    2 · best      3.4 · elite    -44.2 · median   -102.6 · years  36.5 · road 0.33 · starved  1784 · nobles  -3.9 · read 79.4 · walls  5.5 · fell 98.0% (mother 56.3%) · prince  0.0% · king  0.0% · crowned  0.0% · 3.9s
try  5 · gen    2 · best      5.7 · elite    -37.8 · median   -100.6 · years  33.7 · road 0.32 · starved  1634 · nobles  -3.5 · read 75.8 · walls  5.1 · fell 98.3% (mother 57.5%) · prince  0.1% · king  0.0% · crowned  0.0% · 3.9s
try  6 · gen    2 · best     -6.8 · elite    -50.7 · median   -107.8 · years  34.7 · road 0.31 · starved  1740 · nobles  -4.3 · read 86.3 · walls  4.8 · fell 98.8% (mother 54.8%) · prince  0.1% · king  0.0% · crowned  0.0% · 3.9s
try  7 · gen    2 · best     11.9 · elite    -44.6 · median   -105.7 · years  36.0 · road 0.32 · starved  1728 · nobles  -4.3 · read 87.2 · walls  5.5 · fell 96.9% (mother 55.1%) · prince  0.0% · king  0.0% · crowned  0.0% · 3.9s
try  8 · gen    2 · best     16.0 · elite    -39.1 · median   -101.8 · years  35.5 · road 0.33 · starved  1752 · nobles  -3.4 · read 84.9 · walls  5.7 · fell 99.7% (mother 64.5%) · prince  0.0% · king  0.0% · crowned  0.0% · 3.9s
try  1 · gen    3 · best     10.8 · elite    -38.5 · median   -101.7 · years  44.0 · road 0.32 · starved  1835 · nobles  -3.9 · read 107.7 · walls  6.0 · fell 91.7% (mother 34.3%) · prince  0.0% · king  0.0% · crowned  0.0% · 4.4s
try  2 · gen    3 · best     -4.8 · elite    -49.4 · median   -105.4 · years  41.7 · road 0.31 · starved  1846 · nobles  -3.6 · read 116.5 · walls  5.3 · fell 97.6% (mother 49.5%) · prince  0.0% · king  0.0% · crowned  0.0% · 4.4s
try  3 · gen    3 · best     19.7 · elite    -41.8 · median   -103.7 · years  42.7 · road 0.31 · starved  1811 · nobles  -3.4 · read 101.8 · walls  5.5 · fell 92.2% (mother 47.0%) · prince  0.0% · king  0.0% · crowned  0.0% · 4.4s
try  4 · gen    3 · best     -3.4 · elite    -46.6 · median   -102.6 · years  41.1 · road 0.33 · starved  1848 · nobles  -4.5 · read 89.2 · walls  6.2 · fell 97.6% (mother 41.6%) · prince  0.0% · king  0.0% · crowned  0.0% · 4.4s
try  5 · gen    3 · best     16.2 · elite    -36.3 · median    -98.9 · years  39.0 · road 0.34 · starved  1768 · nobles  -4.9 · read 91.1 · walls  5.9 · fell 97.0% (mother 36.9%) · prince  0.0% · king  0.0% · crowned  0.0% · 4.4s
try  6 · gen    3 · best     -2.9 · elite    -50.5 · median   -106.7 · years  40.7 · road 0.31 · starved  1863 · nobles  -4.5 · read 109.8 · walls  5.3 · fell 97.3% (mother 44.1%) · prince  0.0% · king  0.0% · crowned  0.0% · 4.4s
try  7 · gen    3 · best     21.0 · elite    -40.4 · median   -100.1 · years  40.7 · road 0.33 · starved  1796 · nobles  -4.7 · read 95.8 · walls  5.8 · fell 95.2% (mother 39.9%) · prince  0.0% · king  0.0% · crowned  0.0% · 4.4s
try  8 · gen    3 · best     22.6 · elite    -37.7 · median    -99.6 · years  40.9 · road 0.35 · starved  1878 · nobles  -3.9 · read 106.7 · walls  6.4 · fell 99.1% (mother 49.6%) · prince  0.0% · king  0.0% · crowned  0.0% · 4.4s
try  1 · gen    4 · best     25.5 · elite    -35.8 · median   -100.6 · years  47.9 · road 0.30 · starved  1851 · nobles  -3.6 · read 116.8 · walls  5.7 · fell 87.8% (mother 28.1%) · prince  0.0% · king  0.0% · crowned  0.0% · 4.6s
try  2 · gen    4 · best     -7.2 · elite    -49.7 · median   -105.0 · years  45.3 · road 0.31 · starved  1937 · nobles  -3.4 · read 126.0 · walls  5.5 · fell 96.5% (mother 41.2%) · prince  0.0% · king  0.0% · crowned  0.0% · 4.6s
try  3 · gen    4 · best     18.6 · elite    -36.7 · median    -96.2 · years  44.1 · road 0.33 · starved  1799 · nobles  -4.8 · read 86.3 · walls  6.0 · fell 90.8% (mother 45.9%) · prince  0.0% · king  0.0% · crowned  0.0% · 4.6s
try  4 · gen    4 · best      4.5 · elite    -41.1 · median   -102.6 · years  42.9 · road 0.33 · starved  1896 · nobles  -4.8 · read 92.5 · walls  6.5 · fell 97.1% (mother 36.0%) · prince  0.1% · king  0.0% · crowned  0.0% · 4.6s
try  5 · gen    4 · best     26.1 · elite    -34.8 · median    -94.4 · years  40.5 · road 0.35 · starved  1778 · nobles  -5.4 · read 106.2 · walls  7.3 · fell 96.7% (mother 33.7%) · prince  0.0% · king  0.0% · crowned  0.0% · 4.6s
try  6 · gen    4 · best     -4.8 · elite    -52.4 · median   -111.0 · years  46.3 · road 0.28 · starved  1912 · nobles  -3.1 · read 136.6 · walls  5.1 · fell 93.1% (mother 26.3%) · prince  0.0% · king  0.0% · crowned  0.0% · 4.6s
try  7 · gen    4 · best      0.1 · elite    -38.6 · median    -97.3 · years  41.5 · road 0.34 · starved  1787 · nobles  -5.0 · read 99.0 · walls  6.4 · fell 93.8% (mother 36.1%) · prince  0.0% · king  0.0% · crowned  0.0% · 4.6s
try  8 · gen    4 · best      0.0 · elite    -39.9 · median    -96.3 · years  44.3 · road 0.36 · starved  1926 · nobles  -4.5 · read 123.2 · walls  6.5 · fell 98.3% (mother 44.0%) · prince  0.0% · king  0.0% · crowned  0.0% · 4.6s
try  1 · gen    5 · best     25.6 · elite    -39.7 · median   -102.5 · years  49.8 · road 0.27 · starved  1800 · nobles  -2.2 · read 130.5 · walls  4.9 · fell 84.1% (mother 20.3%) · prince  0.0% · king  0.0% · crowned  0.0% · 4.8s
try  2 · gen    5 · best     -6.0 · elite    -47.6 · median   -103.3 · years  44.1 · road 0.32 · starved  1900 · nobles  -4.6 · read 118.2 · walls  4.7 · fell 96.2% (mother 35.8%) · prince  0.0% · king  0.0% · crowned  0.0% · 4.8s
try  3 · gen    5 · best     39.6 · elite    -22.9 · median    -85.1 · years  45.9 · road 0.36 · starved  1776 · nobles  -6.9 · read 59.3 · walls  7.1 · fell 89.7% (mother 48.8%) · prince  0.0% · king  0.0% · crowned  0.0% · 4.8s
try  4 · gen    5 · best     10.9 · elite    -43.7 · median   -101.4 · years  43.5 · road 0.32 · starved  1822 · nobles  -5.0 · read 97.9 · walls  6.4 · fell 97.2% (mother 31.7%) · prince  0.0% · king  0.0% · crowned  0.0% · 4.8s
try  5 · gen    5 · best     21.2 · elite    -37.0 · median    -92.3 · years  44.5 · road 0.34 · starved  1791 · nobles  -5.0 · read 127.9 · walls  7.6 · fell 93.9% (mother 28.5%) · prince  0.0% · king  0.0% · crowned  0.0% · 4.8s
try  6 · gen    5 · best      8.0 · elite    -55.8 · median   -113.2 · years  47.8 · road 0.26 · starved  1926 · nobles  -2.0 · read 147.6 · walls  4.8 · fell 90.8% (mother 21.5%) · prince  0.0% · king  0.0% · crowned  0.0% · 4.8s
try  7 · gen    5 · best     13.7 · elite    -31.8 · median    -92.9 · years  41.3 · road 0.35 · starved  1758 · nobles  -5.4 · read 95.2 · walls  6.4 · fell 92.8% (mother 28.4%) · prince  0.1% · king  0.0% · crowned  0.0% · 4.8s
try  8 · gen    5 · best     25.6 · elite    -35.0 · median    -92.4 · years  51.1 · road 0.37 · starved  2041 · nobles  -4.0 · read 165.2 · walls  7.3 · fell 95.1% (mother 43.9%) · prince  0.0% · king  0.0% · crowned  0.0% · 4.8s
try  1 · gen    6 · best     21.8 · elite    -38.4 · median   -104.1 · years  50.3 · road 0.27 · starved  1791 · nobles  -2.1 · read 132.6 · walls  4.6 · fell 83.3% (mother 18.8%) · prince  0.0% · king  0.0% · crowned  0.0% · 4.8s
try  2 · gen    6 · best      8.5 · elite    -43.4 · median   -100.1 · years  42.8 · road 0.33 · starved  1871 · nobles  -6.4 · read 110.0 · walls  4.3 · fell 97.2% (mother 34.3%) · prince  0.0% · king  0.0% · crowned  0.0% · 4.8s
try  3 · gen    6 · best     26.9 · elite    -17.6 · median    -82.2 · years  44.6 · road 0.39 · starved  1752 · nobles  -8.5 · read 39.0 · walls  7.6 · fell 91.4% (mother 53.6%) · prince  0.0% · king  0.0% · crowned  0.0% · 4.8s
try  4 · gen    6 · best     13.5 · elite    -40.3 · median   -100.9 · years  45.3 · road 0.31 · starved  1823 · nobles  -4.7 · read 103.7 · walls  6.3 · fell 96.7% (mother 31.7%) · prince  0.0% · king  0.0% · crowned  0.0% · 4.8s
try  5 · gen    6 · best     16.1 · elite    -31.0 · median    -96.2 · years  46.8 · road 0.33 · starved  1807 · nobles  -4.7 · read 139.1 · walls  7.6 · fell 91.8% (mother 26.5%) · prince  0.0% · king  0.0% · crowned  0.0% · 4.8s
try  6 · gen    6 · best     -2.3 · elite    -49.5 · median   -112.9 · years  48.5 · road 0.26 · starved  1945 · nobles  -2.4 · read 153.2 · walls  4.8 · fell 91.0% (mother 20.8%) · prince  0.0% · king  0.0% · crowned  0.0% · 4.8s
try  7 · gen    6 · best     34.7 · elite    -30.4 · median    -92.4 · years  38.4 · road 0.35 · starved  1689 · nobles  -6.1 · read 88.1 · walls  6.1 · fell 95.4% (mother 28.8%) · prince  0.2% · king  0.0% · crowned  0.0% · 4.8s
try  8 · gen    6 · best     28.0 · elite    -28.7 · median    -91.6 · years  57.7 · road 0.36 · starved  2097 · nobles  -3.7 · read 203.8 · walls  7.9 · fell 88.3% (mother 40.4%) · prince  0.0% · king  0.0% · crowned  0.0% · 4.8s
try  1 · gen    7 · best     -2.3 · elite    -36.5 · median   -102.7 · years  51.5 · road 0.26 · starved  1761 · nobles  -1.6 · read 145.4 · walls  4.2 · fell 80.6% (mother 17.7%) · prince  0.0% · king  0.0% · crowned  0.0% · 4.8s
try  2 · gen    7 · best     14.8 · elite    -40.3 · median    -98.6 · years  42.4 · road 0.34 · starved  1835 · nobles  -7.2 · read 105.6 · walls  4.0 · fell 97.3% (mother 31.9%) · prince  0.0% · king  0.0% · crowned  0.0% · 4.8s
try  3 · gen    7 · best     49.3 · elite    -11.1 · median    -77.2 · years  44.8 · road 0.41 · starved  1772 · nobles -10.5 · read 21.1 · walls  8.1 · fell 93.8% (mother 60.9%) · prince  0.0% · king  0.0% · crowned  0.0% · 4.8s
try  4 · gen    7 · best     10.9 · elite    -41.8 · median   -102.1 · years  47.1 · road 0.29 · starved  1810 · nobles  -3.9 · read 109.2 · walls  6.1 · fell 96.5% (mother 29.9%) · prince  0.0% · king  0.0% · crowned  0.0% · 4.8s
try  5 · gen    7 · best     14.2 · elite    -31.4 · median    -95.1 · years  51.6 · road 0.31 · starved  1847 · nobles  -3.8 · read 164.2 · walls  7.5 · fell 88.3% (mother 22.2%) · prince  0.0% · king  0.0% · crowned  0.0% · 4.8s
try  6 · gen    7 · best      6.8 · elite    -47.7 · median   -113.8 · years  47.9 · road 0.26 · starved  1938 · nobles  -2.8 · read 149.4 · walls  4.5 · fell 91.9% (mother 20.3%) · prince  0.0% · king  0.0% · crowned  0.0% · 4.8s
try  7 · gen    7 · best    -10.6 · elite    -39.1 · median    -95.1 · years  34.6 · road 0.33 · starved  1574 · nobles  -7.5 · read 98.5 · walls  4.5 · fell 99.4% (mother 40.0%) · prince  0.0% · king  0.0% · crowned  0.0% · 4.8s
try  8 · gen    7 · best     30.7 · elite    -23.7 · median    -86.7 · years  64.8 · road 0.35 · starved  2148 · nobles  -3.8 · read 246.3 · walls  8.4 · fell 76.1% (mother 29.6%) · prince  0.0% · king  0.0% · crowned  0.0% · 4.8s
try  1 · gen    8 · best     33.0 · elite    -33.9 · median   -100.6 · years  51.9 · road 0.26 · starved  1778 · nobles  -1.7 · read 150.6 · walls  4.1 · fell 82.1% (mother 14.5%) · prince  0.0% · king  0.0% · crowned  0.0% · 5.8s
try  2 · gen    8 · best     12.5 · elite    -35.0 · median    -93.9 · years  42.6 · road 0.35 · starved  1792 · nobles  -8.7 · read 98.7 · walls  3.5 · fell 96.3% (mother 29.9%) · prince  0.0% · king  0.0% · crowned  0.0% · 5.8s
try  3 · gen    8 · best     42.0 · elite    -11.6 · median    -75.3 · years  47.1 · road 0.43 · starved  1819 · nobles -11.6 · read 18.1 · walls  8.2 · fell 93.9% (mother 57.3%) · prince  0.0% · king  0.0% · crowned  0.0% · 5.8s
try  4 · gen    8 · best      2.0 · elite    -45.8 · median   -104.1 · years  47.0 · road 0.29 · starved  1794 · nobles  -3.2 · read 106.1 · walls  6.2 · fell 95.8% (mother 30.4%) · prince  0.0% · king  0.0% · crowned  0.0% · 5.8s
try  5 · gen    8 · best     28.0 · elite    -26.4 · median    -95.0 · years  53.0 · road 0.30 · starved  1829 · nobles  -3.5 · read 169.6 · walls  7.5 · fell 86.6% (mother 19.0%) · prince  0.0% · king  0.0% · crowned  0.0% · 5.8s
try  6 · gen    8 · best     12.1 · elite    -50.0 · median   -111.9 · years  45.4 · road 0.27 · starved  1880 · nobles  -3.5 · read 139.4 · walls  4.5 · fell 93.8% (mother 19.3%) · prince  0.0% · king  0.0% · crowned  0.0% · 5.8s
try  7 · gen    8 · best      1.9 · elite    -37.9 · median    -97.3 · years  34.9 · road 0.32 · starved  1576 · nobles  -8.2 · read 105.6 · walls  4.0 · fell 99.7% (mother 43.3%) · prince  0.0% · king  0.0% · crowned  0.0% · 5.8s
try  8 · gen    8 · best     25.3 · elite    -21.8 · median    -86.3 · years  65.5 · road 0.35 · starved  2111 · nobles  -3.9 · read 252.3 · walls  8.6 · fell 69.2% (mother 21.6%) · prince  0.0% · king  0.0% · crowned  0.0% · 5.8s
try  1 · gen    9 · best     24.7 · elite    -37.4 · median   -100.3 · years  51.0 · road 0.26 · starved  1735 · nobles  -1.6 · read 154.3 · walls  3.8 · fell 82.5% (mother 16.1%) · prince  0.0% · king  0.0% · crowned  0.0% · 4.9s
try  2 · gen    9 · best     26.5 · elite    -30.3 · median    -92.2 · years  40.4 · road 0.35 · starved  1692 · nobles  -8.4 · read 91.3 · walls  3.9 · fell 97.1% (mother 30.1%) · prince  0.0% · king  0.0% · crowned  0.0% · 4.9s
try  3 · gen    9 · best     45.5 · elite    -12.7 · median    -74.0 · years  48.0 · road 0.44 · starved  1873 · nobles -12.5 · read 15.7 · walls  8.2 · fell 95.1% (mother 58.3%) · prince  0.0% · king  0.0% · crowned  0.0% · 4.9s
try  4 · gen    9 · best     33.3 · elite    -46.7 · median   -102.4 · years  46.9 · road 0.28 · starved  1780 · nobles  -2.9 · read 103.6 · walls  6.2 · fell 95.7% (mother 31.0%) · prince  0.0% · king  0.0% · crowned  0.0% · 4.9s
try  5 · gen    9 · best     21.1 · elite    -32.5 · median    -97.8 · years  52.7 · road 0.30 · starved  1841 · nobles  -3.4 · read 170.8 · walls  7.4 · fell 86.8% (mother 15.5%) · prince  0.0% · king  0.0% · crowned  0.0% · 4.9s
try  6 · gen    9 · best     22.4 · elite    -42.0 · median   -107.6 · years  44.5 · road 0.28 · starved  1840 · nobles  -4.3 · read 132.6 · walls  4.5 · fell 94.6% (mother 19.7%) · prince  0.0% · king  0.0% · crowned  0.0% · 4.9s
try  7 · gen    9 · best     -1.4 · elite    -37.4 · median    -94.2 · years  35.2 · road 0.33 · starved  1576 · nobles  -8.7 · read 107.7 · walls  3.9 · fell 99.7% (mother 43.4%) · prince  0.0% · king  0.0% · crowned  0.0% · 4.9s
try  8 · gen    9 · best     75.6 · elite     -9.4 · median    -82.5 · years  66.0 · road 0.36 · starved  2089 · nobles  -5.1 · read 253.3 · walls  8.6 · fell 66.7% (mother 16.5%) · prince  0.0% · king  0.0% · crowned  0.0% · 4.9s
try  1 · gen   10 · best      5.7 · elite    -34.3 · median    -99.5 · years  51.4 · road 0.26 · starved  1745 · nobles  -1.8 · read 154.1 · walls  3.7 · fell 82.0% (mother 16.0%) · prince  0.0% · king  0.0% · crowned  0.0% · 4.9s
try  2 · gen   10 · best     36.8 · elite    -21.0 · median    -88.9 · years  40.1 · road 0.35 · starved  1631 · nobles  -8.4 · read 86.0 · walls  4.0 · fell 97.1% (mother 30.1%) · prince  0.0% · king  0.0% · crowned  0.0% · 4.9s
try  3 · gen   10 · best     24.8 · elite    -15.2 · median    -75.5 · years  50.6 · road 0.44 · starved  1940 · nobles -12.6 · read 21.1 · walls  8.2 · fell 93.3% (mother 51.0%) · prince  0.0% · king  0.0% · crowned  0.0% · 4.9s
try  4 · gen   10 · best      0.6 · elite    -42.5 · median   -104.6 · years  47.3 · road 0.28 · starved  1768 · nobles  -2.6 · read 103.1 · walls  6.1 · fell 94.7% (mother 28.4%) · prince  0.0% · king  0.0% · crowned  0.0% · 4.9s
try  5 · gen   10 · best     41.7 · elite    -30.7 · median    -97.2 · years  51.1 · road 0.30 · starved  1814 · nobles  -3.6 · read 162.8 · walls  7.1 · fell 87.8% (mother 17.5%) · prince  0.0% · king  0.0% · crowned  0.0% · 4.9s
try  6 · gen   10 · best     22.0 · elite    -42.3 · median   -104.1 · years  42.4 · road 0.29 · starved  1771 · nobles  -4.7 · read 125.3 · walls  4.7 · fell 95.8% (mother 21.5%) · prince  0.1% · king  0.0% · crowned  0.0% · 4.9s
try  7 · gen   10 · best     19.7 · elite    -38.6 · median    -97.9 · years  34.5 · road 0.32 · starved  1555 · nobles  -8.3 · read 105.9 · walls  3.7 · fell 99.8% (mother 41.0%) · prince  0.1% · king  0.0% · crowned  0.0% · 4.9s
try  8 · gen   10 · best     81.5 · elite     -1.9 · median    -81.7 · years  67.8 · road 0.37 · starved  2089 · nobles  -5.8 · read 261.2 · walls  8.8 · fell 62.3% (mother 13.7%) · prince  0.0% · king  0.0% · crowned  0.0% · 4.9s
try  1 · gen   11 · best     18.8 · elite    -34.6 · median   -102.5 · years  49.6 · road 0.26 · starved  1732 · nobles  -2.0 · read 152.6 · walls  3.7 · fell 85.8% (mother 15.8%) · prince  0.0% · king  0.0% · crowned  0.0% · 5.5s
try  2 · gen   11 · best     23.7 · elite    -16.2 · median    -84.5 · years  40.3 · road 0.37 · starved  1593 · nobles  -9.0 · read 82.9 · walls  4.5 · fell 97.1% (mother 29.1%) · prince  0.0% · king  0.0% · crowned  0.0% · 5.5s
try  3 · gen   11 · best     48.7 · elite    -14.1 · median    -78.9 · years  51.6 · road 0.43 · starved  1919 · nobles -11.9 · read 27.4 · walls  8.1 · fell 92.0% (mother 44.2%) · prince  0.0% · king  0.0% · crowned  0.0% · 5.5s
try  4 · gen   11 · best     28.4 · elite    -40.8 · median   -103.5 · years  48.2 · road 0.28 · starved  1802 · nobles  -3.0 · read 106.0 · walls  6.1 · fell 94.9% (mother 27.5%) · prince  0.0% · king  0.0% · crowned  0.0% · 5.5s
try  5 · gen   11 · best     32.1 · elite    -28.6 · median    -96.7 · years  51.7 · road 0.30 · starved  1840 · nobles  -3.7 · read 164.1 · walls  7.2 · fell 87.5% (mother 18.9%) · prince  0.0% · king  0.0% · crowned  0.0% · 5.5s
try  6 · gen   11 · best     28.6 · elite    -37.5 · median    -98.6 · years  42.8 · road 0.30 · starved  1724 · nobles  -5.2 · read 125.6 · walls  4.8 · fell 95.6% (mother 23.5%) · prince  0.1% · king  0.0% · crowned  0.0% · 5.5s
try  7 · gen   11 · best     -0.6 · elite    -36.8 · median    -95.2 · years  35.2 · road 0.32 · starved  1553 · nobles  -8.4 · read 106.6 · walls  3.9 · fell 99.7% (mother 42.4%) · prince  0.1% · king  0.0% · crowned  0.0% · 5.5s
try  8 · gen   11 · best     46.3 · elite     -2.6 · median    -75.2 · years  68.5 · road 0.38 · starved  2064 · nobles  -6.2 · read 266.6 · walls  8.8 · fell 59.2% (mother 13.1%) · prince  0.0% · king  0.0% · crowned  0.0% · 5.5s
try  1 · gen   12 · best      8.9 · elite    -36.0 · median    -99.8 · years  49.9 · road 0.27 · starved  1743 · nobles  -2.1 · read 151.4 · walls  3.7 · fell 85.9% (mother 15.2%) · prince  0.0% · king  0.0% · crowned  0.0% · 5.0s
try  2 · gen   12 · best     22.2 · elite    -18.0 · median    -82.9 · years  38.8 · road 0.37 · starved  1565 · nobles  -8.7 · read 78.8 · walls  5.0 · fell 97.9% (mother 28.4%) · prince  0.0% · king  0.0% · crowned  0.0% · 5.0s
try  3 · gen   12 · best     33.3 · elite    -16.6 · median    -81.0 · years  54.1 · road 0.41 · starved  1957 · nobles -10.9 · read 48.0 · walls  7.9 · fell 87.4% (mother 32.5%) · prince  0.0% · king  0.0% · crowned  0.0% · 5.0s
try  4 · gen   12 · best      4.1 · elite    -38.8 · median   -103.2 · years  46.6 · road 0.29 · starved  1796 · nobles  -3.2 · read 104.0 · walls  6.2 · fell 96.2% (mother 27.4%) · prince  0.0% · king  0.0% · crowned  0.0% · 5.0s
try  5 · gen   12 · best     36.3 · elite    -24.4 · median    -96.5 · years  50.3 · road 0.30 · starved  1802 · nobles  -3.8 · read 157.1 · walls  7.4 · fell 88.7% (mother 21.4%) · prince  0.0% · king  0.0% · crowned  0.0% · 5.0s
try  6 · gen   12 · best     35.8 · elite    -37.0 · median    -98.8 · years  41.9 · road 0.30 · starved  1688 · nobles  -5.0 · read 125.3 · walls  5.1 · fell 96.2% (mother 23.4%) · prince  0.2% · king  0.0% · crowned  0.0% · 5.0s
try  7 · gen   12 · best     -3.2 · elite    -35.8 · median    -96.0 · years  35.2 · road 0.32 · starved  1558 · nobles  -8.3 · read 107.7 · walls  4.0 · fell 99.8% (mother 39.8%) · prince  0.1% · king  0.0% · crowned  0.0% · 5.0s
try  8 · gen   12 · best     47.8 · elite     -1.1 · median    -77.4 · years  66.8 · road 0.38 · starved  2025 · nobles  -6.0 · read 258.3 · walls  8.7 · fell 61.0% (mother 12.9%) · prince  0.0% · king  0.0% · crowned  0.0% · 5.0s
try  1 · gen   13 · best     12.0 · elite    -37.7 · median   -101.7 · years  48.9 · road 0.27 · starved  1740 · nobles  -2.3 · read 147.3 · walls  3.8 · fell 86.7% (mother 14.8%) · prince  0.0% · king  0.0% · crowned  0.0% · 4.9s
try  2 · gen   13 · best     40.5 · elite    -13.0 · median    -80.4 · years  39.1 · road 0.38 · starved  1543 · nobles  -8.7 · read 76.7 · walls  5.4 · fell 97.3% (mother 29.9%) · prince  0.0% · king  0.0% · crowned  0.0% · 4.9s
try  3 · gen   13 · best     66.7 · elite    -20.1 · median    -77.9 · years  55.6 · road 0.41 · starved  1984 · nobles -10.4 · read 64.5 · walls  7.7 · fell 84.8% (mother 28.6%) · prince  0.0% · king  0.0% · crowned  0.0% · 4.9s
try  4 · gen   13 · best      8.6 · elite    -41.8 · median   -102.4 · years  47.4 · road 0.29 · starved  1817 · nobles  -3.4 · read 106.6 · walls  6.3 · fell 96.2% (mother 28.0%) · prince  0.0% · king  0.0% · crowned  0.0% · 4.9s
try  5 · gen   13 · best     31.5 · elite    -28.4 · median    -95.9 · years  49.5 · road 0.30 · starved  1783 · nobles  -3.8 · read 155.0 · walls  7.4 · fell 88.6% (mother 22.7%) · prince  0.0% · king  0.0% · crowned  0.0% · 4.9s
try  6 · gen   13 · best     34.2 · elite    -33.7 · median    -97.0 · years  41.7 · road 0.31 · starved  1669 · nobles  -5.2 · read 127.5 · walls  5.2 · fell 96.4% (mother 27.1%) · prince  0.0% · king  0.0% · crowned  0.0% · 4.9s
try  7 · gen   13 · best      5.3 · elite    -39.3 · median    -92.8 · years  34.9 · road 0.32 · starved  1539 · nobles  -8.3 · read 108.4 · walls  4.2 · fell 99.8% (mother 42.8%) · prince  0.1% · king  0.0% · crowned  0.0% · 4.9s
try  8 · gen   13 · best     55.9 · elite     -1.7 · median    -75.8 · years  68.0 · road 0.38 · starved  2025 · nobles  -5.8 · read 261.6 · walls  8.7 · fell 58.0% (mother 11.5%) · prince  0.0% · king  0.0% · crowned  0.0% · 4.9s
try  1 · gen   14 · best     35.2 · elite    -36.4 · median    -99.1 · years  49.1 · road 0.28 · starved  1739 · nobles  -2.7 · read 146.2 · walls  4.0 · fell 86.8% (mother 13.8%) · prince  0.0% · king  0.0% · crowned  0.0% · 5.1s
try  2 · gen   14 · best     36.3 · elite    -17.5 · median    -79.0 · years  37.8 · road 0.37 · starved  1510 · nobles  -8.2 · read 74.5 · walls  5.5 · fell 97.8% (mother 28.8%) · prince  0.1% · king  0.0% · crowned  0.0% · 5.1s
try  3 · gen   14 · best     39.2 · elite    -15.2 · median    -84.6 · years  55.3 · road 0.39 · starved  1963 · nobles  -9.6 · read 73.9 · walls  7.6 · fell 82.8% (mother 23.0%) · prince  0.0% · king  0.0% · crowned  0.0% · 5.1s
try  4 · gen   14 · best      7.0 · elite    -40.8 · median   -103.6 · years  46.4 · road 0.29 · starved  1791 · nobles  -3.5 · read 104.9 · walls  6.3 · fell 96.2% (mother 29.1%) · prince  0.1% · king  0.0% · crowned  0.0% · 5.1s
try  5 · gen   14 · best     39.8 · elite    -19.9 · median    -95.5 · years  50.4 · road 0.31 · starved  1794 · nobles  -4.0 · read 158.7 · walls  7.4 · fell 87.9% (mother 22.2%) · prince  0.0% · king  0.0% · crowned  0.0% · 5.1s
try  6 · gen   14 · best     20.1 · elite    -31.2 · median    -93.8 · years  41.5 · road 0.31 · starved  1648 · nobles  -5.4 · read 128.6 · walls  5.3 · fell 96.7% (mother 24.2%) · prince  0.2% · king  0.0% · crowned  0.0% · 5.1s
try  7 · gen   14 · best     -3.8 · elite    -35.0 · median    -93.9 · years  35.2 · road 0.32 · starved  1545 · nobles  -8.4 · read 110.0 · walls  4.1 · fell 99.9% (mother 40.9%) · prince  0.0% · king  0.0% · crowned  0.0% · 5.1s
try  8 · gen   14 · best     62.6 · elite     -0.4 · median    -71.5 · years  68.8 · road 0.38 · starved  2026 · nobles  -6.1 · read 261.9 · walls  8.7 · fell 58.3% (mother 12.9%) · prince  0.0% · king  0.0% · crowned  0.0% · 5.1s
try  1 · gen   15 · best      1.6 · elite    -34.2 · median    -96.3 · years  50.8 · road 0.28 · starved  1766 · nobles  -2.8 · read 150.8 · walls  4.1 · fell 85.9% (mother 12.4%) · prince  0.0% · king  0.0% · crowned  0.0% · 4.9s
try  2 · gen   15 · best     28.4 · elite    -16.9 · median    -79.1 · years  38.1 · road 0.37 · starved  1509 · nobles  -8.3 · read 78.0 · walls  5.7 · fell 97.8% (mother 30.2%) · prince  0.1% · king  0.0% · crowned  0.0% · 4.9s
try  3 · gen   15 · best     46.6 · elite    -13.5 · median    -83.0 · years  55.8 · road 0.40 · starved  1995 · nobles  -9.6 · read 95.1 · walls  7.2 · fell 81.7% (mother 20.7%) · prince  0.0% · king  0.0% · crowned  0.0% · 4.9s
try  4 · gen   15 · best      5.7 · elite    -41.0 · median    -98.4 · years  45.9 · road 0.30 · starved  1785 · nobles  -3.8 · read 101.7 · walls  6.4 · fell 97.1% (mother 31.3%) · prince  0.0% · king  0.0% · crowned  0.0% · 4.9s
try  5 · gen   15 · best     34.5 · elite    -25.1 · median    -94.8 · years  50.3 · road 0.31 · starved  1781 · nobles  -3.8 · read 160.2 · walls  7.5 · fell 88.2% (mother 18.6%) · prince  0.0% · king  0.0% · crowned  0.0% · 4.9s
try  6 · gen   15 · best     18.6 · elite    -30.8 · median    -92.1 · years  41.5 · road 0.32 · starved  1632 · nobles  -5.7 · read 126.4 · walls  5.4 · fell 96.7% (mother 24.3%) · prince  0.3% · king  0.0% · crowned  0.0% · 4.9s
try  7 · gen   15 · best     19.5 · elite    -34.5 · median    -94.8 · years  34.7 · road 0.32 · starved  1531 · nobles  -8.0 · read 111.4 · walls  4.1 · fell 99.9% (mother 39.7%) · prince  0.1% · king  0.0% · crowned  0.0% · 4.9s
try  8 · gen   15 · best     74.4 · elite      3.9 · median    -74.3 · years  67.7 · road 0.38 · starved  1983 · nobles  -6.1 · read 257.3 · walls  8.7 · fell 59.5% (mother 13.6%) · prince  0.0% · king  0.0% · crowned  0.0% · 4.9s
try  1 · gen   16 · best     13.9 · elite    -37.0 · median    -99.8 · years  48.4 · road 0.28 · starved  1737 · nobles  -2.7 · read 144.0 · walls  3.8 · fell 87.2% (mother 13.4%) · prince  0.0% · king  0.0% · crowned  0.0% · 4.9s
try  2 · gen   16 · best     30.0 · elite    -18.8 · median    -77.6 · years  38.4 · road 0.38 · starved  1528 · nobles  -8.6 · read 81.1 · walls  5.9 · fell 98.5% (mother 30.6%) · prince  0.1% · king  0.0% · crowned  0.0% · 4.9s
try  3 · gen   16 · best     48.3 · elite    -19.3 · median    -83.6 · years  54.1 · road 0.40 · starved  1973 · nobles  -9.1 · read 100.3 · walls  7.0 · fell 83.3% (mother 20.4%) · prince  0.0% · king  0.0% · crowned  0.0% · 4.9s
try  4 · gen   16 · best      5.1 · elite    -38.3 · median    -97.3 · years  43.7 · road 0.30 · starved  1698 · nobles  -4.0 · read 95.6 · walls  6.5 · fell 98.1% (mother 33.0%) · prince  0.1% · king  0.0% · crowned  0.0% · 4.9s
try  5 · gen   16 · best     41.8 · elite    -27.3 · median    -95.4 · years  50.4 · road 0.31 · starved  1798 · nobles  -3.9 · read 159.8 · walls  7.4 · fell 87.6% (mother 17.9%) · prince  0.0% · king  0.0% · crowned  0.0% · 4.9s
try  6 · gen   16 · best     23.3 · elite    -23.7 · median    -86.8 · years  40.6 · road 0.33 · starved  1552 · nobles  -6.0 · read 119.7 · walls  5.5 · fell 96.9% (mother 29.1%) · prince  0.5% · king  0.0% · crowned  0.0% · 4.9s
try  7 · gen   16 · best     17.7 · elite    -33.3 · median    -92.6 · years  34.3 · road 0.33 · starved  1521 · nobles  -8.2 · read 108.7 · walls  4.3 · fell 99.9% (mother 41.5%) · prince  0.2% · king  0.0% · crowned  0.0% · 4.9s
try  8 · gen   16 · best     73.5 · elite     11.0 · median    -71.8 · years  69.1 · road 0.38 · starved  1993 · nobles  -5.9 · read 266.3 · walls  8.7 · fell 57.5% (mother 13.0%) · prince  0.0% · king  0.0% · crowned  0.0% · 4.9s
try  1 · gen   17 · best     25.9 · elite    -33.4 · median    -96.8 · years  48.7 · road 0.28 · starved  1727 · nobles  -3.0 · read 139.2 · walls  4.0 · fell 86.7% (mother 15.4%) · prince  0.0% · king  0.0% · crowned  0.0% · 5.0s
try  2 · gen   17 · best     45.8 · elite    -17.2 · median    -78.3 · years  38.7 · road 0.38 · starved  1545 · nobles  -8.9 · read 83.6 · walls  6.0 · fell 98.8% (mother 30.4%) · prince  0.1% · king  0.0% · crowned  0.0% · 5.0s
try  3 · gen   17 · best     39.3 · elite    -19.8 · median    -83.2 · years  53.2 · road 0.40 · starved  1958 · nobles  -9.1 · read 97.3 · walls  6.9 · fell 84.6% (mother 22.5%) · prince  0.0% · king  0.0% · crowned  0.0% · 5.0s
try  4 · gen   17 · best     -2.1 · elite    -38.0 · median    -94.2 · years  43.8 · road 0.32 · starved  1709 · nobles  -4.8 · read 98.4 · walls  6.7 · fell 98.4% (mother 34.0%) · prince  0.2% · king  0.0% · crowned  0.0% · 5.0s
try  5 · gen   17 · best     26.4 · elite    -27.8 · median    -95.5 · years  50.6 · road 0.31 · starved  1802 · nobles  -3.9 · read 159.0 · walls  7.4 · fell 86.8% (mother 18.0%) · prince  0.0% · king  0.0% · crowned  0.0% · 5.0s
try  6 · gen   17 · best     29.0 · elite    -21.4 · median    -84.7 · years  40.5 · road 0.33 · starved  1541 · nobles  -6.0 · read 116.2 · walls  5.6 · fell 96.9% (mother 28.6%) · prince  0.6% · king  0.0% · crowned  0.0% · 5.0s
try  7 · gen   17 · best     10.1 · elite    -29.3 · median    -92.3 · years  34.6 · road 0.33 · starved  1502 · nobles  -8.4 · read 107.3 · walls  4.4 · fell 99.9% (mother 38.8%) · prince  0.1% · king  0.0% · crowned  0.0% · 5.0s
try  8 · gen   17 · best     64.1 · elite      9.5 · median    -72.8 · years  68.6 · road 0.38 · starved  1980 · nobles  -6.0 · read 263.5 · walls  8.7 · fell 57.6% (mother 12.2%) · prince  0.0% · king  0.0% · crowned  0.0% · 5.0s
try  1 · gen   18 · best     11.5 · elite    -34.5 · median   -100.1 · years  49.6 · road 0.27 · starved  1735 · nobles  -2.5 · read 147.0 · walls  3.7 · fell 85.4% (mother 13.5%) · prince  0.0% · king  0.0% · crowned  0.0% · 4.9s
try  2 · gen   18 · best     17.8 · elite    -15.7 · median    -79.1 · years  38.1 · road 0.38 · starved  1502 · nobles  -8.8 · read 80.6 · walls  6.0 · fell 98.6% (mother 31.0%) · prince  0.1% · king  0.0% · crowned  0.0% · 4.9s
try  3 · gen   18 · best     50.9 · elite    -21.5 · median    -83.5 · years  51.4 · road 0.40 · starved  1926 · nobles  -8.8 · read 96.8 · walls  6.8 · fell 86.2% (mother 24.1%) · prince  0.0% · king  0.0% · crowned  0.0% · 4.9s
try  4 · gen   18 · best     27.5 · elite    -31.7 · median    -93.1 · years  42.3 · road 0.33 · starved  1652 · nobles  -5.1 · read 94.9 · walls  6.8 · fell 98.5% (mother 34.3%) · prince  0.2% · king  0.0% · crowned  0.0% · 4.9s
try  5 · gen   18 · best     35.0 · elite    -28.8 · median    -91.1 · years  49.3 · road 0.31 · starved  1736 · nobles  -4.0 · read 153.1 · walls  7.4 · fell 87.2% (mother 18.8%) · prince  0.0% · king  0.0% · crowned  0.0% · 4.9s
try  6 · gen   18 · best     17.2 · elite    -19.8 · median    -82.4 · years  40.8 · road 0.33 · starved  1518 · nobles  -6.1 · read 115.2 · walls  5.8 · fell 96.6% (mother 29.2%) · prince  0.9% · king  0.0% · crowned  0.0% · 4.9s
try  7 · gen   18 · best     19.2 · elite    -28.8 · median    -90.1 · years  35.2 · road 0.33 · starved  1501 · nobles  -8.6 · read 107.5 · walls  4.3 · fell 99.7% (mother 38.2%) · prince  0.1% · king  0.0% · crowned  0.0% · 4.9s
try  8 · gen   18 · best     69.3 · elite      7.3 · median    -72.4 · years  68.5 · road 0.39 · starved  1980 · nobles  -6.2 · read 264.1 · walls  8.7 · fell 58.7% (mother 11.6%) · prince  0.0% · king  0.0% · crowned  0.0% · 4.9s
try  1 · gen   19 · best     -4.6 · elite    -41.7 · median   -101.7 · years  50.0 · road 0.26 · starved  1744 · nobles  -2.5 · read 152.7 · walls  3.6 · fell 86.1% (mother 13.2%) · prince  0.0% · king  0.0% · crowned  0.0% · 5.0s
try  2 · gen   19 · best     44.8 · elite    -15.5 · median    -79.8 · years  38.1 · road 0.38 · starved  1503 · nobles  -8.6 · read 81.4 · walls  6.0 · fell 98.6% (mother 28.0%) · prince  0.0% · king  0.0% · crowned  0.0% · 5.0s
try  3 · gen   19 · best     51.5 · elite    -19.2 · median    -82.5 · years  52.4 · road 0.40 · starved  1965 · nobles  -9.1 · read 101.7 · walls  7.0 · fell 85.7% (mother 23.0%) · prince  0.0% · king  0.0% · crowned  0.0% · 5.0s
try  4 · gen   19 · best     42.1 · elite    -23.3 · median    -91.7 · years  41.5 · road 0.33 · starved  1620 · nobles  -5.1 · read 94.2 · walls  6.9 · fell 98.1% (mother 34.6%) · prince  0.6% · king  0.0% · crowned  0.0% · 5.0s
try  5 · gen   19 · best     26.5 · elite    -27.2 · median    -94.0 · years  49.2 · road 0.31 · starved  1745 · nobles  -3.9 · read 151.7 · walls  7.4 · fell 87.4% (mother 19.7%) · prince  0.1% · king  0.0% · crowned  0.0% · 5.0s
try  6 · gen   19 · best     65.3 · elite    -22.3 · median    -85.5 · years  39.7 · road 0.33 · starved  1502 · nobles  -5.7 · read 110.3 · walls  5.8 · fell 96.9% (mother 32.0%) · prince  1.1% · king  0.0% · crowned  0.0% · 5.0s
try  7 · gen   19 · best     35.5 · elite    -26.7 · median    -86.3 · years  35.2 · road 0.34 · starved  1464 · nobles  -8.6 · read 105.1 · walls  4.3 · fell 99.5% (mother 36.8%) · prince  0.4% · king  0.0% · crowned  0.0% · 5.0s
try  8 · gen   19 · best     50.1 · elite      5.1 · median    -68.4 · years  69.8 · road 0.39 · starved  2011 · nobles  -6.5 · read 268.7 · walls  8.8 · fell 56.4% (mother 10.8%) · prince  0.0% · king  0.0% · crowned  0.0% · 5.0s
try  1 · gen   20 · best      0.6 · elite    -39.3 · median   -100.7 · years  49.9 · road 0.26 · starved  1717 · nobles  -2.6 · read 153.4 · walls  3.4 · fell 85.4% (mother 12.7%) · prince  0.0% · king  0.0% · crowned  0.0% · 5.1s
try  2 · gen   20 · best     54.5 · elite     -9.1 · median    -75.9 · years  39.0 · road 0.38 · starved  1495 · nobles  -8.9 · read 82.3 · walls  6.4 · fell 98.1% (mother 30.3%) · prince  0.1% · king  0.0% · crowned  0.0% · 5.1s
try  3 · gen   20 · best     20.8 · elite    -20.6 · median    -84.1 · years  51.5 · road 0.40 · starved  1958 · nobles  -9.0 · read 100.0 · walls  6.9 · fell 86.5% (mother 26.5%) · prince  0.0% · king  0.0% · crowned  0.0% · 5.1s
try  4 · gen   20 · best     29.1 · elite    -24.0 · median    -84.6 · years  39.6 · road 0.34 · starved  1521 · nobles  -5.4 · read 87.6 · walls  6.9 · fell 98.6% (mother 39.8%) · prince  0.9% · king  0.0% · crowned  0.0% · 5.1s
try  5 · gen   20 · best     35.5 · elite    -25.1 · median    -92.8 · years  48.9 · road 0.31 · starved  1730 · nobles  -4.3 · read 146.6 · walls  7.2 · fell 86.9% (mother 18.1%) · prince  0.1% · king  0.0% · crowned  0.0% · 5.1s
try  6 · gen   20 · best     42.3 · elite    -16.3 · median    -80.7 · years  40.3 · road 0.33 · starved  1481 · nobles  -6.0 · read 106.0 · walls  5.7 · fell 96.5% (mother 32.7%) · prince  1.4% · king  0.0% · crowned  0.0% · 5.1s
try  7 · gen   20 · best      7.9 · elite    -28.1 · median    -86.2 · years  35.0 · road 0.34 · starved  1442 · nobles  -8.7 · read 102.6 · walls  4.2 · fell 99.7% (mother 37.1%) · prince  0.4% · king  0.0% · crowned  0.0% · 5.1s
try  8 · gen   20 · best     74.1 · elite      9.2 · median    -67.1 · years  68.8 · road 0.41 · starved  1984 · nobles  -7.3 · read 261.4 · walls  8.7 · fell 58.2% (mother 12.3%) · prince  0.0% · king  0.0% · crowned  0.0% · 5.1s
try  1 · gen   21 · best      5.6 · elite    -37.5 · median    -99.6 · years  49.4 · road 0.26 · starved  1703 · nobles  -2.9 · read 148.6 · walls  3.4 · fell 86.2% (mother 17.0%) · prince  0.0% · king  0.0% · crowned  0.0% · 4.9s
try  2 · gen   21 · best     35.9 · elite    -14.3 · median    -73.6 · years  38.1 · road 0.38 · starved  1432 · nobles  -8.5 · read 82.0 · walls  6.3 · fell 98.3% (mother 29.4%) · prince  0.1% · king  0.0% · crowned  0.0% · 4.9s
try  3 · gen   21 · best     32.6 · elite    -16.4 · median    -82.9 · years  53.0 · road 0.41 · starved  1982 · nobles  -9.5 · read 105.5 · walls  6.8 · fell 84.8% (mother 25.7%) · prince  0.0% · king  0.0% · crowned  0.0% · 4.9s
try  4 · gen   21 · best     21.5 · elite    -19.9 · median    -82.1 · years  39.3 · road 0.34 · starved  1492 · nobles  -5.5 · read 84.5 · walls  6.9 · fell 98.0% (mother 43.6%) · prince  1.2% · king  0.0% · crowned  0.0% · 4.9s
try  5 · gen   21 · best     61.3 · elite    -22.6 · median    -89.5 · years  49.3 · road 0.32 · starved  1738 · nobles  -4.7 · read 142.9 · walls  7.2 · fell 87.1% (mother 17.8%) · prince  0.1% · king  0.0% · crowned  0.0% · 4.9s
try  6 · gen   21 · best     37.3 · elite    -17.7 · median    -80.0 · years  38.7 · road 0.33 · starved  1440 · nobles  -6.0 · read 98.8 · walls  5.7 · fell 97.6% (mother 32.0%) · prince  1.6% · king  0.0% · crowned  0.0% · 4.9s
try  7 · gen   21 · best     60.7 · elite    -22.0 · median    -85.7 · years  35.0 · road 0.34 · starved  1445 · nobles  -8.9 · read 101.4 · walls  4.4 · fell 99.6% (mother 37.6%) · prince  0.4% · king  0.0% · crowned  0.0% · 4.9s
try  8 · gen   21 · best     65.1 · elite      6.0 · median    -68.1 · years  65.8 · road 0.41 · starved  1954 · nobles  -6.9 · read 242.8 · walls  8.7 · fell 64.4% (mother 17.5%) · prince  0.0% · king  0.0% · crowned  0.0% · 4.9s
try  1 · gen   22 · best     12.1 · elite    -38.1 · median   -100.5 · years  49.4 · road 0.26 · starved  1718 · nobles  -2.9 · read 152.3 · walls  3.3 · fell 87.2% (mother 14.9%) · prince  0.0% · king  0.0% · crowned  0.0% · 5.1s
try  2 · gen   22 · best     34.7 · elite    -11.4 · median    -72.5 · years  38.3 · road 0.38 · starved  1415 · nobles  -8.5 · read 80.4 · walls  6.5 · fell 97.8% (mother 29.2%) · prince  0.2% · king  0.0% · crowned  0.0% · 5.1s
try  3 · gen   22 · best     40.6 · elite    -15.2 · median    -80.3 · years  53.0 · road 0.41 · starved  1961 · nobles  -9.1 · read 99.9 · walls  6.9 · fell 84.5% (mother 23.7%) · prince  0.2% · king  0.0% · crowned  0.0% · 5.1s
try  4 · gen   22 · best     48.2 · elite    -20.2 · median    -83.3 · years  40.2 · road 0.34 · starved  1530 · nobles  -5.6 · read 85.4 · walls  7.1 · fell 98.1% (mother 40.4%) · prince  1.0% · king  0.0% · crowned  0.0% · 5.1s
try  5 · gen   22 · best     15.9 · elite    -24.6 · median    -89.5 · years  49.6 · road 0.32 · starved  1759 · nobles  -4.7 · read 137.9 · walls  7.1 · fell 85.7% (mother 14.9%) · prince  0.2% · king  0.0% · crowned  0.0% · 5.1s
try  6 · gen   22 · best     33.3 · elite    -14.8 · median    -78.4 · years  38.8 · road 0.33 · starved  1397 · nobles  -6.2 · read 94.5 · walls  5.7 · fell 97.2% (mother 32.8%) · prince  1.6% · king  0.0% · crowned  0.0% · 5.1s
try  7 · gen   22 · best     43.4 · elite    -18.6 · median    -84.1 · years  35.5 · road 0.35 · starved  1435 · nobles  -9.1 · read 101.6 · walls  4.5 · fell 99.4% (mother 38.1%) · prince  0.5% · king  0.0% · crowned  0.0% · 5.1s
try  8 · gen   22 · best     47.0 · elite      1.9 · median    -65.5 · years  66.6 · road 0.41 · starved  1971 · nobles  -7.5 · read 244.6 · walls  8.7 · fell 63.2% (mother 16.6%) · prince  0.0% · king  0.0% · crowned  0.0% · 5.1s
try  1 · gen   23 · best     38.7 · elite    -36.6 · median    -96.7 · years  49.8 · road 0.27 · starved  1719 · nobles  -3.2 · read 151.9 · walls  3.3 · fell 86.7% (mother 14.2%) · prince  0.0% · king  0.0% · crowned  0.0% · 5.0s
try  2 · gen   23 · best     40.7 · elite     -9.3 · median    -72.1 · years  38.0 · road 0.38 · starved  1401 · nobles  -8.4 · read 77.3 · walls  6.6 · fell 98.3% (mother 29.3%) · prince  0.2% · king  0.0% · crowned  0.0% · 5.0s
try  3 · gen   23 · best     58.5 · elite    -16.8 · median    -81.9 · years  53.1 · road 0.40 · starved  1990 · nobles  -9.5 · read 97.2 · walls  6.9 · fell 85.2% (mother 20.4%) · prince  0.2% · king  0.0% · crowned  0.0% · 5.0s
try  4 · gen   23 · best     37.8 · elite    -19.0 · median    -82.0 · years  40.0 · road 0.34 · starved  1508 · nobles  -6.0 · read 84.9 · walls  7.1 · fell 98.1% (mother 39.2%) · prince  0.8% · king  0.0% · crowned  0.0% · 5.0s
try  5 · gen   23 · best     30.6 · elite    -19.0 · median    -88.9 · years  49.2 · road 0.33 · starved  1733 · nobles  -4.9 · read 132.6 · walls  7.0 · fell 86.1% (mother 15.2%) · prince  0.3% · king  0.0% · crowned  0.0% · 5.0s
try  6 · gen   23 · best     38.6 · elite    -11.5 · median    -76.8 · years  38.0 · road 0.34 · starved  1374 · nobles  -6.3 · read 90.2 · walls  5.8 · fell 97.5% (mother 35.2%) · prince  2.0% · king  0.0% · crowned  0.0% · 5.0s
try  7 · gen   23 · best     42.7 · elite    -17.6 · median    -80.5 · years  34.9 · road 0.35 · starved  1388 · nobles  -9.2 · read 96.4 · walls  4.6 · fell 99.5% (mother 37.5%) · prince  0.3% · king  0.0% · crowned  0.0% · 5.0s
try  8 · gen   23 · best     64.2 · elite      9.3 · median    -63.3 · years  69.9 · road 0.42 · starved  2032 · nobles  -8.4 · read 256.8 · walls  8.8 · fell 57.9% (mother 13.5%) · prince  0.0% · king  0.0% · crowned  0.0% · 5.0s
try  1 · gen   24 · best     24.0 · elite    -34.4 · median    -96.9 · years  48.2 · road 0.28 · starved  1690 · nobles  -3.5 · read 143.4 · walls  3.5 · fell 87.4% (mother 14.1%) · prince  0.0% · king  0.0% · crowned  0.0% · 4.9s
try  2 · gen   24 · best     71.6 · elite     -6.7 · median    -70.4 · years  38.0 · road 0.38 · starved  1383 · nobles  -8.3 · read 75.0 · walls  6.5 · fell 98.3% (mother 29.9%) · prince  0.3% · king  0.0% · crowned  0.0% · 4.9s
try  3 · gen   24 · best     47.4 · elite    -17.1 · median    -81.4 · years  51.5 · road 0.41 · starved  1959 · nobles  -9.5 · read 91.9 · walls  7.0 · fell 86.5% (mother 22.9%) · prince  0.4% · king  0.0% · crowned  0.0% · 4.9s
try  4 · gen   24 · best     62.7 · elite    -13.9 · median    -79.7 · years  39.5 · road 0.35 · starved  1445 · nobles  -6.1 · read 82.9 · walls  7.0 · fell 97.9% (mother 42.0%) · prince  1.2% · king  0.0% · crowned  0.0% · 4.9s
try  5 · gen   24 · best     44.8 · elite    -18.1 · median    -87.2 · years  47.7 · road 0.33 · starved  1685 · nobles  -4.8 · read 123.5 · walls  6.5 · fell 87.0% (mother 16.9%) · prince  0.2% · king  0.0% · crowned  0.0% · 4.9s
try  6 · gen   24 · best     57.0 · elite    -12.8 · median    -77.7 · years  38.9 · road 0.34 · starved  1390 · nobles  -6.5 · read 88.7 · walls  5.8 · fell 97.2% (mother 31.1%) · prince  2.0% · king  0.1% · crowned  0.0% · 4.9s
try  7 · gen   24 · best     39.7 · elite    -12.6 · median    -75.5 · years  35.2 · road 0.35 · starved  1344 · nobles  -9.0 · read 93.8 · walls  4.8 · fell 99.0% (mother 38.8%) · prince  0.7% · king  0.1% · crowned  0.0% · 4.9s
try  8 · gen   24 · best     79.0 · elite      7.4 · median    -65.3 · years  68.0 · road 0.41 · starved  1967 · nobles  -7.7 · read 251.3 · walls  8.7 · fell 58.6% (mother  9.9%) · prince  0.0% · king  0.0% · crowned  0.0% · 4.9s
try  1 · gen   25 · best     25.3 · elite    -32.0 · median    -93.1 · years  48.6 · road 0.29 · starved  1687 · nobles  -4.1 · read 140.8 · walls  3.9 · fell 87.2% (mother 17.1%) · prince  0.1% · king  0.0% · crowned  0.0% · 5.3s
try  2 · gen   25 · best     46.0 · elite     -9.4 · median    -72.9 · years  37.2 · road 0.37 · starved  1365 · nobles  -7.8 · read 73.8 · walls  6.5 · fell 98.3% (mother 34.0%) · prince  0.3% · king  0.0% · crowned  0.0% · 5.3s
try  3 · gen   25 · best     40.0 · elite    -16.3 · median    -83.7 · years  50.0 · road 0.40 · starved  1960 · nobles  -9.4 · read 85.7 · walls  7.0 · fell 87.5% (mother 23.0%) · prince  0.6% · king  0.0% · crowned  0.0% · 5.3s
try  4 · gen   25 · best     38.7 · elite     -6.8 · median    -76.3 · years  40.3 · road 0.35 · starved  1437 · nobles  -6.4 · read 83.4 · walls  7.0 · fell 97.6% (mother 44.5%) · prince  1.4% · king  0.0% · crowned  0.0% · 5.3s
try  5 · gen   25 · best     32.9 · elite    -21.2 · median    -87.1 · years  47.5 · road 0.33 · starved  1707 · nobles  -5.0 · read 120.2 · walls  6.6 · fell 87.6% (mother 15.1%) · prince  0.3% · king  0.0% · crowned  0.0% · 5.3s
try  6 · gen   25 · best     68.1 · elite     -9.8 · median    -79.1 · years  36.3 · road 0.33 · starved  1320 · nobles  -6.1 · read 81.6 · walls  5.7 · fell 97.8% (mother 35.8%) · prince  2.0% · king  0.1% · crowned  0.0% · 5.3s
try  7 · gen   25 · best     41.6 · elite    -11.2 · median    -76.5 · years  35.2 · road 0.35 · starved  1341 · nobles  -8.9 · read 93.8 · walls  4.8 · fell 99.2% (mother 37.6%) · prince  0.9% · king  0.1% · crowned  0.0% · 5.3s
try  8 · gen   25 · best     96.4 · elite     12.4 · median    -65.7 · years  69.0 · road 0.41 · starved  1959 · nobles  -8.0 · read 255.9 · walls  8.7 · fell 55.5% (mother  9.8%) · prince  0.0% · king  0.0% · crowned  0.0% · 5.3s
try  1 · gen   26 · best     17.3 · elite    -31.8 · median    -90.4 · years  46.0 · road 0.30 · starved  1600 · nobles  -4.5 · read 125.1 · walls  4.0 · fell 89.1% (mother 18.8%) · prince  0.2% · king  0.0% · crowned  0.0% · 4.7s
try  2 · gen   26 · best     45.5 · elite     -8.5 · median    -70.8 · years  37.5 · road 0.37 · starved  1372 · nobles  -7.7 · read 76.5 · walls  6.8 · fell 98.3% (mother 31.2%) · prince  0.4% · king  0.0% · crowned  0.0% · 4.7s
try  3 · gen   26 · best     50.0 · elite    -16.8 · median    -82.2 · years  49.8 · road 0.41 · starved  1916 · nobles  -9.7 · read 80.6 · walls  7.1 · fell 87.8% (mother 22.1%) · prince  0.6% · king  0.0% · crowned  0.0% · 4.7s
try  4 · gen   26 · best     70.5 · elite     -5.9 · median    -74.3 · years  40.8 · road 0.35 · starved  1396 · nobles  -6.6 · read 84.3 · walls  6.9 · fell 97.2% (mother 41.7%) · prince  1.0% · king  0.0% · crowned  0.0% · 4.7s
try  5 · gen   26 · best     74.6 · elite    -14.0 · median    -83.7 · years  46.6 · road 0.33 · starved  1630 · nobles  -5.1 · read 112.6 · walls  6.3 · fell 87.7% (mother 15.8%) · prince  0.5% · king  0.0% · crowned  0.0% · 4.7s
try  6 · gen   26 · best     43.1 · elite     -6.2 · median    -75.5 · years  35.8 · road 0.34 · starved  1290 · nobles  -6.4 · read 76.9 · walls  5.7 · fell 98.2% (mother 39.4%) · prince  2.1% · king  0.1% · crowned  0.0% · 4.7s
try  7 · gen   26 · best     58.6 · elite    -10.3 · median    -76.2 · years  34.9 · road 0.35 · starved  1332 · nobles  -8.6 · read 92.4 · walls  4.8 · fell 99.3% (mother 38.9%) · prince  1.0% · king  0.1% · crowned  0.0% · 4.7s
try  8 · gen   26 · best     69.6 · elite     11.9 · median    -64.4 · years  70.0 · road 0.41 · starved  1987 · nobles  -8.3 · read 259.7 · walls  8.7 · fell 54.9% (mother  9.7%) · prince  0.0% · king  0.0% · crowned  0.0% · 4.7s
try  1 · gen   27 · best     27.1 · elite    -24.0 · median    -86.9 · years  46.1 · road 0.31 · starved  1583 · nobles  -4.9 · read 120.6 · walls  4.3 · fell 88.5% (mother 21.6%) · prince  0.3% · king  0.0% · crowned  0.0% · 4.9s
try  2 · gen   27 · best     35.2 · elite     -4.7 · median    -70.2 · years  38.2 · road 0.38 · starved  1379 · nobles  -7.9 · read 76.1 · walls  6.9 · fell 97.9% (mother 29.8%) · prince  0.5% · king  0.0% · crowned  0.0% · 4.9s
try  3 · gen   27 · best     33.2 · elite    -12.3 · median    -80.4 · years  50.5 · road 0.40 · starved  1929 · nobles -10.1 · read 81.4 · walls  7.0 · fell 87.3% (mother 23.4%) · prince  1.2% · king  0.0% · crowned  0.0% · 4.9s
try  4 · gen   27 · best     43.7 · elite     -4.6 · median    -70.7 · years  42.2 · road 0.35 · starved  1387 · nobles  -7.1 · read 86.3 · walls  7.0 · fell 97.4% (mother 43.6%) · prince  1.4% · king  0.0% · crowned  0.0% · 4.9s
try  5 · gen   27 · best     44.2 · elite    -12.8 · median    -84.7 · years  45.6 · road 0.33 · starved  1583 · nobles  -4.8 · read 111.8 · walls  6.4 · fell 89.2% (mother 17.4%) · prince  0.6% · king  0.0% · crowned  0.0% · 4.9s
try  6 · gen   27 · best     59.7 · elite     -5.2 · median    -72.2 · years  35.3 · road 0.34 · starved  1268 · nobles  -6.4 · read 75.1 · walls  5.6 · fell 98.5% (mother 42.3%) · prince  2.1% · king  0.1% · crowned  0.0% · 4.9s
try  7 · gen   27 · best     42.3 · elite    -10.2 · median    -76.4 · years  34.7 · road 0.35 · starved  1313 · nobles  -8.3 · read 91.6 · walls  4.7 · fell 99.3% (mother 39.5%) · prince  0.7% · king  0.1% · crowned  0.0% · 4.9s
try  8 · gen   27 · best     97.5 · elite     10.0 · median    -64.9 · years  68.7 · road 0.42 · starved  1981 · nobles  -9.0 · read 252.4 · walls  8.7 · fell 57.1% (mother 11.1%) · prince  0.0% · king  0.0% · crowned  0.0% · 4.9s
try  1 · gen   28 · best     25.2 · elite    -23.6 · median    -89.5 · years  46.0 · road 0.30 · starved  1577 · nobles  -4.8 · read 120.5 · walls  4.2 · fell 88.0% (mother 19.3%) · prince  0.2% · king  0.0% · crowned  0.0% · 5.2s
try  2 · gen   28 · best     70.4 · elite     -4.8 · median    -69.7 · years  37.2 · road 0.37 · starved  1332 · nobles  -7.5 · read 74.1 · walls  7.2 · fell 98.2% (mother 31.9%) · prince  0.6% · king  0.1% · crowned  0.0% · 5.2s
try  3 · gen   28 · best     26.4 · elite    -13.4 · median    -79.7 · years  49.9 · road 0.40 · starved  1901 · nobles  -9.7 · read 77.5 · walls  6.8 · fell 87.6% (mother 24.5%) · prince  1.4% · king  0.0% · crowned  0.0% · 5.2s
try  4 · gen   28 · best     60.9 · elite     -4.3 · median    -69.4 · years  43.0 · road 0.35 · starved  1392 · nobles  -7.3 · read 88.5 · walls  7.0 · fell 97.2% (mother 43.8%) · prince  1.2% · king  0.0% · crowned  0.0% · 5.2s
try  5 · gen   28 · best     45.5 · elite    -14.4 · median    -81.0 · years  45.2 · road 0.33 · starved  1566 · nobles  -4.9 · read 108.7 · walls  6.3 · fell 89.9% (mother 20.0%) · prince  1.1% · king  0.0% · crowned  0.0% · 5.2s
try  6 · gen   28 · best     51.2 · elite     -7.2 · median    -72.8 · years  34.6 · road 0.34 · starved  1234 · nobles  -6.3 · read 72.5 · walls  5.7 · fell 98.5% (mother 43.4%) · prince  2.3% · king  0.1% · crowned  0.0% · 5.2s
try  7 · gen   28 · best     66.7 · elite    -10.7 · median    -75.6 · years  33.6 · road 0.35 · starved  1252 · nobles  -7.9 · read 87.7 · walls  4.3 · fell 99.3% (mother 38.9%) · prince  0.8% · king  0.1% · crowned  0.0% · 5.2s
try  8 · gen   28 · best     70.8 · elite     14.3 · median    -65.7 · years  68.7 · road 0.42 · starved  1980 · nobles  -9.1 · read 255.5 · walls  8.8 · fell 56.7% (mother 10.6%) · prince  0.0% · king  0.0% · crowned  0.0% · 5.2s
try  1 · gen   29 · best     57.7 · elite    -25.5 · median    -86.0 · years  47.6 · road 0.31 · starved  1614 · nobles  -4.9 · read 126.9 · walls  4.8 · fell 86.9% (mother 18.7%) · prince  0.2% · king  0.0% · crowned  0.0% · 5.0s
try  2 · gen   29 · best     58.9 · elite     -2.2 · median    -64.7 · years  36.1 · road 0.38 · starved  1259 · nobles  -7.7 · read 67.9 · walls  7.4 · fell 98.4% (mother 35.6%) · prince  0.8% · king  0.1% · crowned  0.0% · 5.0s
try  3 · gen   29 · best     53.9 · elite    -10.2 · median    -78.6 · years  49.1 · road 0.40 · starved  1852 · nobles  -9.3 · read 73.2 · walls  6.8 · fell 87.7% (mother 24.4%) · prince  1.8% · king  0.1% · crowned  0.0% · 5.0s
try  4 · gen   29 · best     49.3 · elite     -6.6 · median    -68.4 · years  42.7 · road 0.35 · starved  1367 · nobles  -7.2 · read 88.2 · walls  7.1 · fell 97.0% (mother 42.1%) · prince  1.4% · king  0.0% · crowned  0.0% · 5.0s
try  5 · gen   29 · best     68.5 · elite     -4.0 · median    -78.2 · years  45.2 · road 0.34 · starved  1502 · nobles  -5.0 · read 105.6 · walls  6.0 · fell 89.4% (mother 22.3%) · prince  1.3% · king  0.0% · crowned  0.0% · 5.0s
try  6 · gen   29 · best     52.2 · elite     -3.7 · median    -73.0 · years  35.6 · road 0.34 · starved  1252 · nobles  -6.6 · read 74.1 · walls  5.6 · fell 98.4% (mother 39.5%) · prince  2.3% · king  0.1% · crowned  0.0% · 5.0s
try  7 · gen   29 · best     50.7 · elite     -8.8 · median    -73.1 · years  33.8 · road 0.34 · starved  1211 · nobles  -7.6 · read 87.1 · walls  4.2 · fell 99.1% (mother 38.2%) · prince  0.8% · king  0.2% · crowned  0.0% · 5.0s
try  8 · gen   29 · best     77.9 · elite     12.2 · median    -63.9 · years  69.9 · road 0.43 · starved  2014 · nobles  -9.3 · read 262.2 · walls  8.8 · fell 54.5% (mother  9.8%) · prince  0.0% · king  0.0% · crowned  0.0% · 5.0s
try  1 · gen   30 · best     51.1 · elite    -24.5 · median    -86.2 · years  49.7 · road 0.30 · starved  1638 · nobles  -4.4 · read 142.7 · walls  4.7 · fell 85.7% (mother 15.0%) · prince  0.2% · king  0.0% · crowned  0.0% · 4.6s
try  2 · gen   30 · best     66.9 · elite      1.1 · median    -65.5 · years  35.5 · road 0.37 · starved  1208 · nobles  -7.3 · read 62.9 · walls  7.4 · fell 98.5% (mother 32.7%) · prince  1.1% · king  0.1% · crowned  0.0% · 4.6s
try  3 · gen   30 · best     67.4 · elite     -9.3 · median    -82.7 · years  47.1 · road 0.40 · starved  1931 · nobles  -9.5 · read 66.4 · walls  6.8 · fell 91.0% (mother 25.9%) · prince  2.8% · king  0.1% · crowned  0.0% · 4.6s
try  4 · gen   30 · best     31.3 · elite     -9.7 · median    -69.6 · years  42.8 · road 0.35 · starved  1363 · nobles  -7.1 · read 87.7 · walls  7.0 · fell 96.3% (mother 42.1%) · prince  1.1% · king  0.0% · crowned  0.0% · 4.6s
try  5 · gen   30 · best     49.8 · elite     -7.5 · median    -76.9 · years  44.1 · road 0.34 · starved  1483 · nobles  -5.0 · read 102.3 · walls  5.9 · fell 89.8% (mother 24.8%) · prince  1.6% · king  0.0% · crowned  0.0% · 4.6s
try  6 · gen   30 · best     80.0 · elite     -0.6 · median    -70.0 · years  35.5 · road 0.34 · starved  1219 · nobles  -6.6 · read 73.3 · walls  5.5 · fell 98.6% (mother 39.6%) · prince  2.4% · king  0.1% · crowned  0.0% · 4.6s
try  7 · gen   30 · best     72.9 · elite     -4.5 · median    -71.1 · years  34.3 · road 0.35 · starved  1236 · nobles  -7.9 · read 86.5 · walls  4.2 · fell 99.1% (mother 36.6%) · prince  1.0% · king  0.2% · crowned  0.0% · 4.6s
try  8 · gen   30 · best     73.7 · elite     20.8 · median    -59.7 · years  71.6 · road 0.44 · starved  2032 · nobles -10.2 · read 265.8 · walls  8.8 · fell 52.0% (mother  9.6%) · prince  0.0% · king  0.0% · crowned  0.0% · 4.6s
try  1 · gen   31 · best     21.6 · elite    -24.9 · median    -87.6 · years  50.9 · road 0.30 · starved  1653 · nobles  -3.9 · read 151.5 · walls  4.8 · fell 84.7% (mother 16.2%) · prince  0.3% · king  0.0% · crowned  0.0% · 5.2s
try  2 · gen   31 · best     79.8 · elite      5.9 · median    -61.0 · years  36.1 · road 0.38 · starved  1199 · nobles  -7.5 · read 62.2 · walls  7.4 · fell 98.0% (mother 31.1%) · prince  1.2% · king  0.1% · crowned  0.0% · 5.2s
try  3 · gen   31 · best     27.8 · elite     -9.3 · median    -77.7 · years  45.1 · road 0.40 · starved  1805 · nobles  -9.0 · read 59.8 · walls  6.9 · fell 91.9% (mother 30.0%) · prince  3.7% · king  0.1% · crowned  0.0% · 5.2s
try  4 · gen   31 · best     50.5 · elite     -1.6 · median    -68.7 · years  44.7 · road 0.36 · starved  1412 · nobles  -7.4 · read 92.6 · walls  7.2 · fell 96.4% (mother 40.8%) · prince  1.1% · king  0.0% · crowned  0.0% · 5.2s
try  5 · gen   31 · best     66.0 · elite     -0.8 · median    -76.7 · years  44.4 · road 0.34 · starved  1478 · nobles  -5.1 · read 101.3 · walls  5.9 · fell 90.3% (mother 23.5%) · prince  1.7% · king  0.1% · crowned  0.0% · 5.2s
try  6 · gen   31 · best     58.3 · elite      1.5 · median    -70.2 · years  35.3 · road 0.34 · starved  1219 · nobles  -6.6 · read 72.6 · walls  5.6 · fell 97.9% (mother 42.1%) · prince  2.6% · king  0.1% · crowned  0.0% · 5.2s
try  7 · gen   31 · best     36.2 · elite     -6.7 · median    -70.3 · years  33.7 · road 0.35 · starved  1182 · nobles  -7.7 · read 82.6 · walls  3.9 · fell 98.9% (mother 35.9%) · prince  1.0% · king  0.2% · crowned  0.0% · 5.2s
try  8 · gen   31 · best     77.4 · elite     20.3 · median    -61.9 · years  70.1 · road 0.44 · starved  2012 · nobles -10.5 · read 256.3 · walls  8.8 · fell 54.4% (mother 10.4%) · prince  0.0% · king  0.0% · crowned  0.0% · 5.2s
try  1 · gen   32 · best     26.1 · elite    -16.3 · median    -85.5 · years  51.1 · road 0.30 · starved  1644 · nobles  -4.1 · read 149.5 · walls  4.8 · fell 84.6% (mother 16.3%) · prince  0.4% · king  0.1% · crowned  0.0% · 4.8s
try  2 · gen   32 · best     73.9 · elite      3.4 · median    -61.5 · years  35.8 · road 0.38 · starved  1205 · nobles  -7.6 · read 59.6 · walls  7.4 · fell 98.2% (mother 34.7%) · prince  1.3% · king  0.1% · crowned  0.0% · 4.8s
try  3 · gen   32 · best     59.3 · elite     -1.4 · median    -72.9 · years  44.9 · road 0.40 · starved  1733 · nobles  -8.7 · read 56.2 · walls  7.0 · fell 91.1% (mother 34.2%) · prince  3.8% · king  0.2% · crowned  0.0% · 4.8s
try  4 · gen   32 · best     53.7 · elite     -3.1 · median    -67.2 · years  46.1 · road 0.36 · starved  1406 · nobles  -7.6 · read 93.7 · walls  7.3 · fell 95.6% (mother 38.6%) · prince  0.6% · king  0.0% · crowned  0.0% · 4.8s
try  5 · gen   32 · best    102.3 · elite     -3.6 · median    -75.7 · years  44.3 · road 0.34 · starved  1466 · nobles  -5.1 · read 99.7 · walls  6.0 · fell 89.8% (mother 23.7%) · prince  1.6% · king  0.0% · crowned  0.0% · 4.8s
try  6 · gen   32 · best     65.5 · elite      0.1 · median    -69.3 · years  35.3 · road 0.34 · starved  1210 · nobles  -6.7 · read 72.1 · walls  5.6 · fell 97.9% (mother 44.9%) · prince  2.2% · king  0.1% · crowned  0.0% · 4.8s
try  7 · gen   32 · best     95.9 · elite      6.3 · median    -67.9 · years  35.5 · road 0.35 · starved  1207 · nobles  -8.0 · read 86.8 · walls  4.3 · fell 98.5% (mother 34.3%) · prince  1.2% · king  0.4% · crowned  0.0% · 4.8s
try  8 · gen   32 · best     90.1 · elite     20.6 · median    -56.7 · years  71.4 · road 0.46 · starved  2024 · nobles -11.7 · read 257.8 · walls  8.9 · fell 51.9% (mother 11.1%) · prince  0.0% · king  0.0% · crowned  0.0% · 4.8s
try  1 · gen   33 · best     66.8 · elite    -12.1 · median    -80.6 · years  48.4 · road 0.32 · starved  1581 · nobles  -4.9 · read 132.5 · walls  5.5 · fell 86.8% (mother 17.6%) · prince  0.8% · king  0.0% · crowned  0.0% · 4.8s
try  2 · gen   33 · best    139.3 · elite      7.8 · median    -62.9 · years  36.1 · road 0.38 · starved  1202 · nobles  -7.4 · read 60.0 · walls  7.5 · fell 97.8% (mother 33.3%) · prince  1.4% · king  0.1% · crowned  0.0% (median year 82) · 4.8s
try  3 · gen   33 · best     40.5 · elite     -1.6 · median    -74.2 · years  43.5 · road 0.40 · starved  1731 · nobles  -8.4 · read 55.5 · walls  6.8 · fell 92.5% (mother 36.5%) · prince  4.3% · king  0.3% · crowned  0.0% · 4.8s
try  4 · gen   33 · best     44.6 · elite     -3.0 · median    -65.6 · years  44.8 · road 0.36 · starved  1367 · nobles  -7.0 · read 93.1 · walls  7.5 · fell 95.7% (mother 36.5%) · prince  1.4% · king  0.0% · crowned  0.0% · 4.8s
try  5 · gen   33 · best     62.9 · elite     -6.3 · median    -75.5 · years  44.4 · road 0.34 · starved  1471 · nobles  -5.2 · read 99.1 · walls  6.0 · fell 89.7% (mother 22.7%) · prince  1.6% · king  0.0% · crowned  0.0% · 4.8s
try  6 · gen   33 · best     65.7 · elite     -3.6 · median    -67.1 · years  35.4 · road 0.35 · starved  1234 · nobles  -6.7 · read 73.3 · walls  5.9 · fell 98.2% (mother 46.5%) · prince  2.5% · king  0.2% · crowned  0.0% · 4.8s
try  7 · gen   33 · best     53.8 · elite      4.9 · median    -68.2 · years  35.6 · road 0.36 · starved  1190 · nobles  -8.1 · read 85.2 · walls  4.3 · fell 98.6% (mother 31.4%) · prince  1.9% · king  0.3% · crowned  0.0% · 4.8s
try  8 · gen   33 · best     64.4 · elite     16.5 · median    -54.6 · years  70.8 · road 0.47 · starved  2017 · nobles -12.3 · read 249.6 · walls  8.9 · fell 54.6% (mother 13.4%) · prince  0.0% · king  0.0% · crowned  0.0% · 4.8s
try  1 · gen   34 · best     63.0 · elite     -6.7 · median    -76.4 · years  46.9 · road 0.33 · starved  1514 · nobles  -5.4 · read 117.9 · walls  5.7 · fell 88.8% (mother 21.8%) · prince  1.0% · king  0.0% · crowned  0.0% · 5.0s
try  2 · gen   34 · best     81.2 · elite     10.9 · median    -59.2 · years  37.0 · road 0.38 · starved  1200 · nobles  -7.2 · read 62.3 · walls  7.5 · fell 97.9% (mother 30.9%) · prince  1.9% · king  0.2% · crowned  0.0% · 5.0s
try  3 · gen   34 · best     70.1 · elite      1.4 · median    -73.9 · years  42.8 · road 0.39 · starved  1656 · nobles  -7.9 · read 54.8 · walls  6.8 · fell 91.9% (mother 35.5%) · prince  4.2% · king  0.2% · crowned  0.0% · 5.0s
try  4 · gen   34 · best     62.9 · elite     -0.9 · median    -66.7 · years  43.8 · road 0.35 · starved  1322 · nobles  -6.8 · read 93.4 · walls  7.3 · fell 95.8% (mother 37.7%) · prince  1.5% · king  0.0% · crowned  0.0% · 5.0s
try  5 · gen   34 · best     54.7 · elite     -0.1 · median    -75.2 · years  43.6 · road 0.34 · starved  1422 · nobles  -5.2 · read 95.1 · walls  6.0 · fell 89.6% (mother 23.1%) · prince  1.7% · king  0.0% · crowned  0.0% · 5.0s
try  6 · gen   34 · best     57.4 · elite      0.2 · median    -67.0 · years  36.9 · road 0.35 · starved  1248 · nobles  -7.1 · read 78.0 · walls  5.9 · fell 98.2% (mother 42.9%) · prince  2.2% · king  0.1% · crowned  0.0% · 5.0s
try  7 · gen   34 · best     88.5 · elite      9.9 · median    -67.2 · years  35.5 · road 0.36 · starved  1171 · nobles  -8.0 · read 84.2 · walls  4.3 · fell 98.3% (mother 31.3%) · prince  2.4% · king  0.6% · crowned  0.0% · 5.0s
try  8 · gen   34 · best     79.7 · elite     20.9 · median    -53.6 · years  70.4 · road 0.47 · starved  2016 · nobles -12.5 · read 248.8 · walls  8.9 · fell 56.6% (mother 16.6%) · prince  0.0% · king  0.0% · crowned  0.0% · 5.0s
try  1 · gen   35 · best     62.9 · elite     -7.6 · median    -79.9 · years  47.0 · road 0.33 · starved  1516 · nobles  -4.8 · read 122.2 · walls  5.5 · fell 88.7% (mother 22.3%) · prince  1.6% · king  0.0% · crowned  0.0% · 4.9s
try  2 · gen   35 · best    136.4 · elite     26.3 · median    -56.0 · years  37.9 · road 0.39 · starved  1196 · nobles  -6.8 · read 63.2 · walls  7.5 · fell 97.0% (mother 27.5%) · prince  3.2% · king  0.5% · crowned  0.0% · 4.9s
try  3 · gen   35 · best    103.9 · elite     -0.6 · median    -73.9 · years  42.9 · road 0.39 · starved  1688 · nobles  -7.8 · read 55.3 · walls  6.6 · fell 92.7% (mother 37.1%) · prince  4.0% · king  0.2% · crowned  0.0% · 4.9s
try  4 · gen   35 · best     49.1 · elite      1.7 · median    -67.0 · years  43.1 · road 0.35 · starved  1322 · nobles  -6.1 · read 91.2 · walls  7.3 · fell 96.2% (mother 34.0%) · prince  2.5% · king  0.0% · crowned  0.0% · 4.9s
try  5 · gen   35 · best     63.7 · elite      6.8 · median    -68.8 · years  45.0 · road 0.34 · starved  1376 · nobles  -5.4 · read 93.3 · walls  6.4 · fell 87.4% (mother 21.4%) · prince  1.3% · king  0.0% · crowned  0.0% · 4.9s
try  6 · gen   35 · best     51.3 · elite     -4.1 · median    -67.6 · years  37.9 · road 0.36 · starved  1298 · nobles  -7.6 · read 81.7 · walls  6.2 · fell 98.1% (mother 40.4%) · prince  1.6% · king  0.0% · crowned  0.0% · 4.9s
try  7 · gen   35 · best    246.3 · elite     11.6 · median    -64.2 · years  35.1 · road 0.36 · starved  1149 · nobles  -7.8 · read 83.5 · walls  4.3 · fell 98.4% (mother 32.8%) · prince  2.5% · king  0.7% · crowned  0.0% (median year 51) · 4.9s
try  8 · gen   35 · best     92.4 · elite     20.6 · median    -51.5 · years  71.4 · road 0.48 · starved  2037 · nobles -12.8 · read 251.8 · walls  8.9 · fell 53.8% (mother 15.2%) · prince  0.0% · king  0.0% · crowned  0.0% · 4.9s
try  1 · gen   36 · best    108.0 · elite     -5.0 · median    -76.7 · years  48.8 · road 0.32 · starved  1516 · nobles  -4.5 · read 132.0 · walls  5.4 · fell 87.2% (mother 17.7%) · prince  1.8% · king  0.1% · crowned  0.0% · 4.9s
try  2 · gen   36 · best    141.7 · elite     29.6 · median    -52.1 · years  38.0 · road 0.39 · starved  1200 · nobles  -6.6 · read 61.3 · walls  7.4 · fell 97.2% (mother 27.8%) · prince  4.4% · king  0.9% · crowned  0.1% (median year 78) · 4.9s
try  3 · gen   36 · best     79.7 · elite     -0.1 · median    -74.4 · years  43.4 · road 0.39 · starved  1719 · nobles  -7.9 · read 56.2 · walls  6.6 · fell 93.0% (mother 36.9%) · prince  4.4% · king  0.3% · crowned  0.0% · 4.9s
try  4 · gen   36 · best     72.7 · elite      2.4 · median    -65.7 · years  43.0 · road 0.35 · starved  1322 · nobles  -5.9 · read 88.6 · walls  7.2 · fell 96.6% (mother 35.6%) · prince  2.7% · king  0.0% · crowned  0.0% · 4.9s
try  5 · gen   36 · best     64.5 · elite      7.1 · median    -67.6 · years  45.7 · road 0.35 · starved  1338 · nobles  -5.7 · read 89.6 · walls  6.5 · fell 86.8% (mother 19.6%) · prince  1.0% · king  0.0% · crowned  0.0% · 4.9s
try  6 · gen   36 · best     64.4 · elite     -1.2 · median    -66.7 · years  38.9 · road 0.36 · starved  1296 · nobles  -7.7 · read 82.6 · walls  6.4 · fell 97.6% (mother 40.5%) · prince  1.6% · king  0.0% · crowned  0.0% · 4.9s
try  7 · gen   36 · best    107.6 · elite      6.1 · median    -63.0 · years  34.9 · road 0.35 · starved  1123 · nobles  -7.4 · read 84.1 · walls  4.6 · fell 98.2% (mother 34.2%) · prince  2.3% · king  0.6% · crowned  0.0% (median year 77) · 4.9s
try  8 · gen   36 · best     71.6 · elite     18.2 · median    -51.4 · years  71.2 · road 0.48 · starved  2027 · nobles -12.8 · read 248.9 · walls  8.9 · fell 56.3% (mother 17.6%) · prince  0.0% · king  0.0% · crowned  0.0% · 4.9s
try  1 · gen   37 · best     46.4 · elite     -7.4 · median    -76.9 · years  49.6 · road 0.31 · starved  1539 · nobles  -4.0 · read 140.1 · walls  5.6 · fell 87.1% (mother 16.7%) · prince  1.9% · king  0.0% · crowned  0.0% · 4.9s
try  2 · gen   37 · best    201.3 · elite     56.3 · median    -54.5 · years  36.6 · road 0.38 · starved  1171 · nobles  -6.1 · read 58.7 · walls  7.2 · fell 98.0% (mother 26.9%) · prince  6.1% · king  1.7% · crowned  0.2% (median year 75) · 4.9s
try  3 · gen   37 · best     77.6 · elite     -0.6 · median    -73.7 · years  44.9 · road 0.39 · starved  1734 · nobles  -7.9 · read 58.6 · walls  6.5 · fell 92.1% (mother 30.8%) · prince  4.7% · king  0.4% · crowned  0.0% · 4.9s
try  4 · gen   37 · best     81.6 · elite      3.3 · median    -64.0 · years  43.1 · road 0.35 · starved  1301 · nobles  -5.7 · read 87.4 · walls  7.2 · fell 95.9% (mother 34.7%) · prince  2.8% · king  0.0% · crowned  0.0% · 4.9s
try  5 · gen   37 · best     52.6 · elite      7.4 · median    -64.7 · years  44.7 · road 0.34 · starved  1297 · nobles  -5.7 · read 85.6 · walls  6.3 · fell 87.4% (mother 22.2%) · prince  1.0% · king  0.0% · crowned  0.0% · 4.9s
try  6 · gen   37 · best     90.4 · elite      1.5 · median    -64.9 · years  39.3 · road 0.36 · starved  1278 · nobles  -7.6 · read 84.1 · walls  6.2 · fell 97.4% (mother 35.8%) · prince  2.3% · king  0.1% · crowned  0.0% · 4.9s
try  7 · gen   37 · best    134.8 · elite      9.0 · median    -63.5 · years  35.2 · road 0.36 · starved  1143 · nobles  -7.3 · read 85.1 · walls  4.7 · fell 98.2% (mother 37.2%) · prince  1.8% · king  0.4% · crowned  0.0% (median year 64) · 4.9s
try  8 · gen   37 · best     72.9 · elite     20.5 · median    -52.3 · years  70.4 · road 0.48 · starved  2000 · nobles -12.7 · read 245.4 · walls  8.8 · fell 54.6% (mother 15.4%) · prince  0.0% · king  0.0% · crowned  0.0% · 4.9s
try  1 · gen   38 · best     58.1 · elite    -12.3 · median    -79.1 · years  51.3 · road 0.31 · starved  1591 · nobles  -3.8 · read 150.7 · walls  5.6 · fell 87.1% (mother 15.3%) · prince  1.5% · king  0.0% · crowned  0.0% · 4.9s
try  2 · gen   38 · best    257.3 · elite     62.1 · median    -47.2 · years  36.7 · road 0.38 · starved  1161 · nobles  -5.6 · read 55.1 · walls  7.1 · fell 97.8% (mother 26.8%) · prince  7.3% · king  2.9% · crowned  0.3% (median year 81) · 4.9s
try  3 · gen   38 · best     79.2 · elite      6.1 · median    -73.3 · years  43.8 · road 0.38 · starved  1628 · nobles  -7.8 · read 55.3 · walls  6.4 · fell 92.4% (mother 32.7%) · prince  4.8% · king  0.4% · crowned  0.0% · 4.9s
try  4 · gen   38 · best     85.8 · elite      0.4 · median    -67.1 · years  41.3 · road 0.34 · starved  1328 · nobles  -5.3 · read 82.1 · walls  7.0 · fell 96.2% (mother 34.8%) · prince  2.7% · king  0.0% · crowned  0.0% · 4.9s
try  5 · gen   38 · best     69.2 · elite      8.0 · median    -66.0 · years  43.8 · road 0.34 · starved  1267 · nobles  -5.7 · read 83.0 · walls  6.3 · fell 87.8% (mother 22.5%) · prince  0.7% · king  0.0% · crowned  0.0% · 4.9s
try  6 · gen   38 · best     78.7 · elite     -0.0 · median    -64.7 · years  39.6 · road 0.36 · starved  1275 · nobles  -7.6 · read 85.4 · walls  6.4 · fell 97.2% (mother 36.0%) · prince  2.0% · king  0.1% · crowned  0.0% · 4.9s
try  7 · gen   38 · best     90.5 · elite     10.6 · median    -63.7 · years  34.8 · road 0.35 · starved  1129 · nobles  -7.1 · read 84.8 · walls  4.5 · fell 98.4% (mother 33.8%) · prince  2.4% · king  0.7% · crowned  0.0% · 4.9s
try  8 · gen   38 · best     59.4 · elite     22.4 · median    -51.0 · years  72.1 · road 0.48 · starved  1998 · nobles -13.1 · read 249.9 · walls  8.9 · fell 52.2% (mother 13.1%) · prince  0.0% · king  0.0% · crowned  0.0% · 4.9s
try  1 · gen   39 · best     37.3 · elite    -12.9 · median    -82.6 · years  50.6 · road 0.31 · starved  1595 · nobles  -3.8 · read 149.3 · walls  5.8 · fell 87.6% (mother 14.3%) · prince  1.5% · king  0.0% · crowned  0.0% · 4.9s
try  2 · gen   39 · best    236.8 · elite     86.3 · median    -50.8 · years  36.5 · road 0.38 · starved  1131 · nobles  -5.5 · read 53.5 · walls  7.0 · fell 97.6% (mother 27.1%) · prince  7.3% · king  3.1% · crowned  0.5% (median year 73) · 4.9s
try  3 · gen   39 · best    108.8 · elite      1.7 · median    -75.3 · years  42.3 · road 0.39 · starved  1642 · nobles  -7.9 · read 50.8 · walls  6.5 · fell 93.0% (mother 34.0%) · prince  4.4% · king  0.4% · crowned  0.0% (median year 59) · 4.9s
try  4 · gen   39 · best     57.5 · elite      4.7 · median    -66.0 · years  42.2 · road 0.35 · starved  1325 · nobles  -5.4 · read 82.3 · walls  7.1 · fell 96.4% (mother 35.9%) · prince  3.5% · king  0.1% · crowned  0.0% · 4.9s
try  5 · gen   39 · best     65.4 · elite      7.6 · median    -61.1 · years  43.6 · road 0.35 · starved  1229 · nobles  -6.1 · read 78.6 · walls  6.1 · fell 88.5% (mother 24.6%) · prince  0.8% · king  0.0% · crowned  0.0% · 4.9s
try  6 · gen   39 · best     52.7 · elite      6.6 · median    -63.7 · years  40.5 · road 0.37 · starved  1289 · nobles  -7.9 · read 87.6 · walls  6.5 · fell 97.1% (mother 37.6%) · prince  2.1% · king  0.1% · crowned  0.0% · 4.9s
try  7 · gen   39 · best    101.1 · elite     13.8 · median    -64.5 · years  35.7 · road 0.36 · starved  1182 · nobles  -7.1 · read 86.5 · walls  4.4 · fell 97.9% (mother 33.8%) · prince  2.9% · king  0.8% · crowned  0.0% · 4.9s
try  8 · gen   39 · best     65.2 · elite     19.8 · median    -49.1 · years  70.9 · road 0.48 · starved  1997 · nobles -13.3 · read 241.6 · walls  8.9 · fell 56.5% (mother 16.8%) · prince  0.0% · king  0.0% · crowned  0.0% · 4.9s
try  1 · gen   40 · best     59.1 · elite     -7.0 · median    -81.2 · years  49.8 · road 0.31 · starved  1574 · nobles  -3.5 · read 148.5 · walls  5.6 · fell 88.2% (mother 15.7%) · prince  2.0% · king  0.1% · crowned  0.0% · 4.9s
try  2 · gen   40 · best    329.0 · elite    103.0 · median    -49.9 · years  36.7 · road 0.38 · starved  1120 · nobles  -5.4 · read 53.3 · walls  7.2 · fell 97.1% (mother 27.3%) · prince  7.3% · king  3.2% · crowned  0.8% (median year 76) · 4.9s
try  3 · gen   40 · best     79.6 · elite      2.6 · median    -71.3 · years  42.8 · road 0.38 · starved  1629 · nobles  -7.8 · read 52.1 · walls  6.2 · fell 92.8% (mother 33.8%) · prince  4.7% · king  0.5% · crowned  0.0% (median year 100) · 4.9s
try  4 · gen   40 · best     72.1 · elite      7.9 · median    -65.5 · years  42.8 · road 0.35 · starved  1317 · nobles  -5.5 · read 84.1 · walls  7.1 · fell 95.9% (mother 33.1%) · prince  3.4% · king  0.1% · crowned  0.0% · 4.9s
try  5 · gen   40 · best     69.9 · elite      7.8 · median    -62.0 · years  44.1 · road 0.35 · starved  1228 · nobles  -6.4 · read 78.4 · walls  5.8 · fell 87.0% (mother 23.5%) · prince  0.6% · king  0.0% · crowned  0.0% · 4.9s
try  6 · gen   40 · best    116.8 · elite     13.2 · median    -60.3 · years  41.2 · road 0.37 · starved  1300 · nobles  -7.8 · read 92.4 · walls  6.4 · fell 97.2% (mother 34.3%) · prince  3.7% · king  0.2% · crowned  0.0% · 4.9s
try  7 · gen   40 · best    162.5 · elite     20.9 · median    -63.8 · years  35.1 · road 0.35 · starved  1142 · nobles  -6.7 · read 85.1 · walls  4.1 · fell 98.3% (mother 30.7%) · prince  3.5% · king  1.1% · crowned  0.1% (median year 68) · 4.9s
try  8 · gen   40 · best     78.4 · elite     25.4 · median    -46.6 · years  72.9 · road 0.49 · starved  2014 · nobles -13.5 · read 252.4 · walls  8.9 · fell 51.5% (mother 14.9%) · prince  0.1% · king  0.0% · crowned  0.0% · 4.9s
try  1 · gen   41 · best     81.8 · elite    -12.0 · median    -82.0 · years  49.7 · road 0.31 · starved  1576 · nobles  -3.3 · read 150.9 · walls  5.6 · fell 88.7% (mother 16.4%) · prince  1.9% · king  0.0% · crowned  0.0% · 4.9s
try  2 · gen   41 · best    353.4 · elite    108.4 · median    -44.6 · years  36.5 · road 0.38 · starved  1105 · nobles  -5.2 · read 51.8 · walls  7.1 · fell 97.4% (mother 25.1%) · prince  8.6% · king  3.8% · crowned  0.7% (median year 71) · 4.9s
try  3 · gen   41 · best    141.3 · elite      6.8 · median    -71.7 · years  43.1 · road 0.38 · starved  1664 · nobles  -7.9 · read 50.2 · walls  6.1 · fell 93.4% (mother 34.5%) · prince  5.4% · king  0.5% · crowned  0.0% (median year 69) · 4.9s
try  4 · gen   41 · best     55.4 · elite      5.9 · median    -65.4 · years  43.1 · road 0.34 · starved  1321 · nobles  -5.3 · read 85.7 · walls  7.0 · fell 96.0% (mother 33.3%) · prince  3.3% · king  0.2% · crowned  0.0% · 4.9s
try  5 · gen   41 · best     61.2 · elite     11.9 · median    -59.7 · years  44.5 · road 0.35 · starved  1230 · nobles  -6.5 · read 77.5 · walls  5.9 · fell 87.3% (mother 22.8%) · prince  0.7% · king  0.0% · crowned  0.0% · 4.9s
try  6 · gen   41 · best     74.4 · elite     10.7 · median    -61.9 · years  40.6 · road 0.36 · starved  1260 · nobles  -7.0 · read 95.1 · walls  6.2 · fell 96.8% (mother 35.7%) · prince  4.4% · king  0.3% · crowned  0.0% · 4.9s
try  7 · gen   41 · best    216.3 · elite     22.1 · median    -61.1 · years  35.0 · road 0.35 · starved  1132 · nobles  -6.8 · read 83.8 · walls  4.0 · fell 98.0% (mother 32.1%) · prince  3.5% · king  1.2% · crowned  0.1% (median year 67) · 4.9s
try  8 · gen   41 · best     79.9 · elite     20.5 · median    -50.2 · years  72.0 · road 0.49 · starved  2001 · nobles -13.6 · read 245.6 · walls  8.9 · fell 54.9% (mother 15.9%) · prince  0.0% · king  0.0% · crowned  0.0% · 4.9s
try  1 · gen   42 · best     53.1 · elite     -7.5 · median    -85.2 · years  50.3 · road 0.30 · starved  1591 · nobles  -2.9 · read 155.9 · walls  5.2 · fell 87.9% (mother 14.4%) · prince  1.8% · king  0.0% · crowned  0.0% · 4.9s
try  2 · gen   42 · best    345.3 · elite    117.9 · median    -43.3 · years  36.5 · road 0.38 · starved  1096 · nobles  -5.2 · read 51.8 · walls  7.0 · fell 97.5% (mother 25.0%) · prince  9.0% · king  4.6% · crowned  0.7% (median year 67) · 4.9s
try  3 · gen   42 · best    152.8 · elite      5.6 · median    -74.9 · years  43.1 · road 0.38 · starved  1716 · nobles  -7.7 · read 48.4 · walls  5.9 · fell 92.8% (mother 35.9%) · prince  4.5% · king  0.4% · crowned  0.0% (median year 82) · 4.9s
try  4 · gen   42 · best     84.2 · elite      7.6 · median    -62.4 · years  43.4 · road 0.34 · starved  1317 · nobles  -5.4 · read 86.5 · walls  6.8 · fell 95.1% (mother 34.5%) · prince  3.3% · king  0.1% · crowned  0.0% · 4.9s
try  5 · gen   42 · best     65.6 · elite     10.1 · median    -60.0 · years  45.0 · road 0.35 · starved  1226 · nobles  -6.9 · read 79.1 · walls  6.1 · fell 87.5% (mother 23.1%) · prince  0.5% · king  0.0% · crowned  0.0% · 4.9s
try  6 · gen   42 · best    140.8 · elite     16.8 · median    -58.6 · years  41.5 · road 0.36 · starved  1276 · nobles  -6.7 · read 101.3 · walls  6.1 · fell 96.3% (mother 34.9%) · prince  5.9% · king  0.4% · crowned  0.0% · 4.9s
try  7 · gen   42 · best    152.0 · elite     22.0 · median    -60.8 · years  34.9 · road 0.36 · starved  1113 · nobles  -7.0 · read 82.9 · walls  3.9 · fell 97.8% (mother 32.3%) · prince  3.7% · king  1.1% · crowned  0.1% (median year 54) · 4.9s
try  8 · gen   42 · best     73.9 · elite     21.4 · median    -48.0 · years  71.9 · road 0.49 · starved  2001 · nobles -13.7 · read 248.4 · walls  8.9 · fell 57.6% (mother 18.6%) · prince  0.1% · king  0.0% · crowned  0.0% · 4.9s
try  1 · gen   43 · best     56.2 · elite     -9.5 · median    -80.2 · years  48.4 · road 0.31 · starved  1523 · nobles  -3.4 · read 144.3 · walls  5.4 · fell 89.5% (mother 18.5%) · prince  2.1% · king  0.1% · crowned  0.0% · 5.2s
try  2 · gen   43 · best    476.3 · elite    138.6 · median    -42.2 · years  36.2 · road 0.38 · starved  1072 · nobles  -5.1 · read 48.5 · walls  7.0 · fell 97.5% (mother 24.8%) · prince 10.1% · king  5.2% · crowned  0.9% (median year 70) · 5.2s
try  3 · gen   43 · best     90.0 · elite      5.0 · median    -74.9 · years  43.4 · road 0.38 · starved  1734 · nobles  -7.6 · read 50.4 · walls  6.2 · fell 93.4% (mother 31.4%) · prince  5.2% · king  0.5% · crowned  0.0% (median year 84) · 5.2s
try  4 · gen   43 · best     75.1 · elite      7.6 · median    -65.4 · years  42.5 · road 0.34 · starved  1268 · nobles  -5.0 · read 84.4 · walls  6.6 · fell 95.3% (mother 36.3%) · prince  3.2% · king  0.1% · crowned  0.0% · 5.2s
try  5 · gen   43 · best     89.6 · elite     13.2 · median    -58.5 · years  45.1 · road 0.36 · starved  1199 · nobles  -7.1 · read 77.8 · walls  6.2 · fell 87.8% (mother 22.3%) · prince  0.6% · king  0.0% · crowned  0.0% · 5.2s
try  6 · gen   43 · best     88.9 · elite     15.8 · median    -61.7 · years  41.0 · road 0.36 · starved  1248 · nobles  -6.2 · read 100.8 · walls  6.0 · fell 95.9% (mother 33.9%) · prince  5.6% · king  0.4% · crowned  0.0% · 5.2s
try  7 · gen   43 · best    233.7 · elite     28.0 · median    -60.1 · years  35.1 · road 0.36 · starved  1096 · nobles  -6.8 · read 81.0 · walls  3.9 · fell 97.8% (mother 32.4%) · prince  4.5% · king  1.2% · crowned  0.1% (median year 54) · 5.2s
try  8 · gen   43 · best     80.6 · elite     22.4 · median    -47.5 · years  71.9 · road 0.49 · starved  2006 · nobles -14.0 · read 249.3 · walls  8.9 · fell 59.3% (mother 21.8%) · prince  0.0% · king  0.0% · crowned  0.0% · 5.2s
try  1 · gen   44 · best     71.5 · elite     -7.0 · median    -83.7 · years  51.3 · road 0.29 · starved  1589 · nobles  -2.5 · read 161.7 · walls  5.1 · fell 88.1% (mother 15.4%) · prince  1.8% · king  0.0% · crowned  0.0% · 4.9s
try  2 · gen   44 · best    481.6 · elite    171.1 · median    -39.6 · years  36.4 · road 0.38 · starved  1066 · nobles  -4.8 · read 44.6 · walls  6.8 · fell 96.9% (mother 24.5%) · prince 10.7% · king  5.8% · crowned  1.5% (median year 66) · 4.9s
try  3 · gen   44 · best    194.7 · elite     13.0 · median    -74.4 · years  42.9 · road 0.37 · starved  1670 · nobles  -7.1 · read 46.8 · walls  6.3 · fell 93.0% (mother 31.4%) · prince  4.6% · king  0.4% · crowned  0.1% (median year 85) · 4.9s
try  4 · gen   44 · best    113.5 · elite      5.5 · median    -63.4 · years  43.3 · road 0.34 · starved  1280 · nobles  -5.0 · read 86.0 · walls  6.8 · fell 95.0% (mother 37.1%) · prince  3.3% · king  0.2% · crowned  0.0% · 4.9s
try  5 · gen   44 · best    125.6 · elite     16.8 · median    -54.7 · years  45.8 · road 0.36 · starved  1185 · nobles  -7.2 · read 77.4 · walls  6.4 · fell 86.9% (mother 23.4%) · prince  0.6% · king  0.0% · crowned  0.0% · 4.9s
try  6 · gen   44 · best    186.1 · elite     24.9 · median    -60.6 · years  41.1 · road 0.35 · starved  1243 · nobles  -5.7 · read 104.7 · walls  5.5 · fell 95.2% (mother 34.5%) · prince  6.4% · king  0.4% · crowned  0.0% (median year 63) · 4.9s
try  7 · gen   44 · best    229.2 · elite     29.0 · median    -58.5 · years  34.7 · road 0.36 · starved  1074 · nobles  -6.9 · read 79.8 · walls  4.0 · fell 97.9% (mother 35.0%) · prince  3.8% · king  1.4% · crowned  0.1% (median year 60) · 4.9s
try  8 · gen   44 · best     66.3 · elite     19.1 · median    -48.1 · years  71.8 · road 0.48 · starved  1991 · nobles -14.0 · read 246.4 · walls  8.8 · fell 59.0% (mother 21.3%) · prince  0.0% · king  0.0% · crowned  0.0% · 4.9s
try  1 · gen   45 · best     84.8 · elite     -4.7 · median    -80.9 · years  50.1 · road 0.30 · starved  1537 · nobles  -2.5 · read 156.2 · walls  5.3 · fell 89.6% (mother 22.6%) · prince  2.4% · king  0.0% · crowned  0.0% · 4.9s
try  2 · gen   45 · best    528.5 · elite    180.2 · median    -35.9 · years  35.8 · road 0.38 · starved  1020 · nobles  -4.6 · read 41.9 · walls  6.8 · fell 96.4% (mother 24.9%) · prince 10.3% · king  6.3% · crowned  2.2% (median year 64) · 4.9s
try  3 · gen   45 · best    100.8 · elite     10.4 · median    -72.3 · years  43.4 · road 0.38 · starved  1706 · nobles  -7.2 · read 45.2 · walls  6.3 · fell 92.7% (mother 31.2%) · prince  4.4% · king  0.6% · crowned  0.1% (median year 77) · 4.9s
try  4 · gen   45 · best     50.0 · elite      6.3 · median    -65.7 · years  42.2 · road 0.34 · starved  1263 · nobles  -5.1 · read 82.5 · walls  6.8 · fell 95.6% (mother 38.5%) · prince  3.0% · king  0.1% · crowned  0.0% · 4.9s
try  5 · gen   45 · best     61.3 · elite     16.8 · median    -56.2 · years  44.5 · road 0.36 · starved  1152 · nobles  -6.9 · read 76.8 · walls  6.5 · fell 88.3% (mother 26.8%) · prince  0.7% · king  0.0% · crowned  0.0% · 4.9s
try  6 · gen   45 · best    108.7 · elite     27.3 · median    -56.5 · years  42.2 · road 0.35 · starved  1243 · nobles  -5.7 · read 107.4 · walls  5.4 · fell 94.4% (mother 33.2%) · prince  8.1% · king  0.8% · crowned  0.0% · 4.9s
try  7 · gen   45 · best    239.9 · elite     38.0 · median    -56.7 · years  35.5 · road 0.36 · starved  1113 · nobles  -6.9 · read 81.6 · walls  4.0 · fell 97.7% (mother 33.5%) · prince  5.2% · king  1.5% · crowned  0.2% (median year 49) · 4.9s
try  8 · gen   45 · best     86.2 · elite     17.8 · median    -46.6 · years  72.7 · road 0.49 · starved  1989 · nobles -14.2 · read 245.9 · walls  8.9 · fell 57.5% (mother 20.6%) · prince  0.1% · king  0.0% · crowned  0.0% · 4.9s
try  1 · gen   46 · best     60.1 · elite     -1.6 · median    -78.2 · years  51.1 · road 0.30 · starved  1535 · nobles  -2.6 · read 154.4 · walls  5.5 · fell 88.4% (mother 18.2%) · prince  2.0% · king  0.1% · crowned  0.0% · 4.9s
try  2 · gen   46 · best    371.5 · elite    190.7 · median    -33.5 · years  35.9 · road 0.38 · starved  1009 · nobles  -4.5 · read 43.6 · walls  6.8 · fell 96.1% (mother 24.9%) · prince 10.0% · king  6.3% · crowned  2.3% (median year 61) · 4.9s
try  3 · gen   46 · best     97.6 · elite      4.9 · median    -73.0 · years  43.0 · road 0.37 · starved  1605 · nobles  -6.9 · read 41.8 · walls  6.0 · fell 93.0% (mother 30.5%) · prince  4.5% · king  0.4% · crowned  0.0% · 4.9s
try  4 · gen   46 · best     70.1 · elite      6.0 · median    -61.9 · years  42.7 · road 0.34 · starved  1276 · nobles  -5.2 · read 81.7 · walls  6.9 · fell 95.2% (mother 36.3%) · prince  3.2% · king  0.1% · crowned  0.0% · 4.9s
try  5 · gen   46 · best     65.1 · elite     14.0 · median    -52.8 · years  45.6 · road 0.36 · starved  1157 · nobles  -7.1 · read 76.7 · walls  6.7 · fell 87.2% (mother 24.9%) · prince  0.6% · king  0.0% · crowned  0.0% · 4.9s
try  6 · gen   46 · best    149.4 · elite     32.2 · median    -54.3 · years  42.1 · road 0.35 · starved  1222 · nobles  -5.4 · read 106.1 · walls  5.3 · fell 94.3% (mother 33.5%) · prince  8.5% · king  0.9% · crowned  0.0% · 4.9s
try  7 · gen   46 · best    198.0 · elite     41.9 · median    -56.0 · years  35.9 · road 0.36 · starved  1118 · nobles  -6.9 · read 81.9 · walls  4.1 · fell 97.7% (mother 31.4%) · prince  5.9% · king  2.1% · crowned  0.1% (median year 49) · 4.9s
try  8 · gen   46 · best    103.4 · elite     26.2 · median    -45.3 · years  73.7 · road 0.49 · starved  2014 · nobles -14.7 · read 251.0 · walls  8.9 · fell 58.8% (mother 22.1%) · prince  0.1% · king  0.0% · crowned  0.0% · 4.9s
try  1 · gen   47 · best     55.0 · elite     -0.6 · median    -74.9 · years  49.6 · road 0.31 · starved  1475 · nobles  -2.9 · read 145.8 · walls  5.5 · fell 89.5% (mother 20.5%) · prince  2.6% · king  0.0% · crowned  0.0% · 4.9s
try  2 · gen   47 · best    509.1 · elite    209.6 · median    -33.9 · years  36.1 · road 0.38 · starved  1019 · nobles  -4.3 · read 42.1 · walls  6.7 · fell 95.8% (mother 26.0%) · prince 10.7% · king  6.5% · crowned  2.5% (median year 61) · 4.9s
try  3 · gen   47 · best    153.4 · elite     13.5 · median    -71.7 · years  42.3 · road 0.37 · starved  1578 · nobles  -6.9 · read 40.7 · walls  6.0 · fell 92.4% (mother 32.3%) · prince  4.1% · king  0.5% · crowned  0.1% (median year 85) · 4.9s
try  4 · gen   47 · best     60.0 · elite      7.4 · median    -63.5 · years  42.8 · road 0.34 · starved  1271 · nobles  -5.2 · read 82.9 · walls  7.0 · fell 95.3% (mother 34.8%) · prince  3.2% · king  0.0% · crowned  0.0% · 4.9s
try  5 · gen   47 · best     89.1 · elite     17.6 · median    -49.2 · years  45.8 · road 0.37 · starved  1142 · nobles  -7.4 · read 73.2 · walls  6.6 · fell 87.1% (mother 26.7%) · prince  0.5% · king  0.0% · crowned  0.0% · 4.9s
try  6 · gen   47 · best    127.2 · elite     31.9 · median    -52.1 · years  42.9 · road 0.35 · starved  1200 · nobles  -5.4 · read 104.6 · walls  5.3 · fell 93.7% (mother 30.1%) · prince  9.1% · king  1.0% · crowned  0.0% · 4.9s
try  7 · gen   47 · best    298.4 · elite     58.8 · median    -51.9 · years  36.7 · road 0.36 · starved  1118 · nobles  -6.7 · read 83.8 · walls  4.0 · fell 97.2% (mother 31.4%) · prince  6.7% · king  2.7% · crowned  0.2% (median year 65) · 4.9s
try  8 · gen   47 · best     64.8 · elite     21.2 · median    -46.5 · years  72.6 · road 0.50 · starved  2047 · nobles -14.8 · read 242.0 · walls  8.9 · fell 63.8% (mother 25.3%) · prince  0.1% · king  0.0% · crowned  0.0% · 4.9s
try  1 · gen   48 · best     62.9 · elite      6.8 · median    -71.9 · years  50.5 · road 0.32 · starved  1492 · nobles  -3.2 · read 142.8 · walls  5.8 · fell 89.0% (mother 20.1%) · prince  3.0% · king  0.1% · crowned  0.0% · 4.9s
try  2 · gen   48 · best    516.3 · elite    228.4 · median    -30.5 · years  36.2 · road 0.38 · starved  1015 · nobles  -4.1 · read 42.8 · walls  6.8 · fell 95.1% (mother 22.4%) · prince 10.6% · king  7.0% · crowned  3.6% (median year 61) · 4.9s
try  3 · gen   48 · best    151.9 · elite     20.6 · median    -72.4 · years  42.7 · road 0.37 · starved  1599 · nobles  -6.9 · read 39.9 · walls  5.8 · fell 92.8% (mother 32.3%) · prince  4.7% · king  0.7% · crowned  0.1% (median year 78) · 4.9s
try  4 · gen   48 · best     71.8 · elite      4.4 · median    -62.8 · years  42.9 · road 0.34 · starved  1268 · nobles  -5.1 · read 82.8 · walls  7.4 · fell 95.1% (mother 35.2%) · prince  2.8% · king  0.1% · crowned  0.0% · 4.9s
try  5 · gen   48 · best     96.2 · elite     24.3 · median    -51.7 · years  44.7 · road 0.37 · starved  1128 · nobles  -7.4 · read 70.2 · walls  6.7 · fell 88.3% (mother 29.2%) · prince  0.9% · king  0.0% · crowned  0.0% · 4.9s
try  6 · gen   48 · best    111.6 · elite     36.8 · median    -51.3 · years  42.9 · road 0.35 · starved  1200 · nobles  -5.5 · read 99.3 · walls  5.2 · fell 93.9% (mother 30.1%) · prince  9.9% · king  1.1% · crowned  0.0% · 4.9s
try  7 · gen   48 · best    209.3 · elite     56.8 · median    -55.6 · years  35.5 · road 0.36 · starved  1130 · nobles  -6.5 · read 81.1 · walls  3.8 · fell 97.7% (mother 35.0%) · prince  7.2% · king  2.4% · crowned  0.2% (median year 55) · 4.9s
try  8 · gen   48 · best     73.7 · elite     25.1 · median    -46.4 · years  72.3 · road 0.50 · starved  2034 · nobles -14.7 · read 240.7 · walls  8.9 · fell 62.7% (mother 24.9%) · prince  0.1% · king  0.0% · crowned  0.0% · 4.9s
try  1 · gen   49 · best     54.7 · elite      6.2 · median    -70.9 · years  50.9 · road 0.32 · starved  1454 · nobles  -3.0 · read 138.4 · walls  6.3 · fell 88.4% (mother 19.2%) · prince  2.7% · king  0.0% · crowned  0.0% · 4.9s
try  2 · gen   49 · best    628.6 · elite    240.9 · median    -31.0 · years  36.0 · road 0.39 · starved  1003 · nobles  -4.1 · read 39.6 · walls  6.8 · fell 95.0% (mother 25.2%) · prince 10.8% · king  7.3% · crowned  3.7% (median year 58) · 4.9s
try  3 · gen   49 · best    122.1 · elite     13.3 · median    -70.8 · years  42.6 · road 0.37 · starved  1616 · nobles  -6.9 · read 38.2 · walls  5.8 · fell 92.5% (mother 33.2%) · prince  4.7% · king  0.5% · crowned  0.0% (median year 94) · 4.9s
try  4 · gen   49 · best     89.0 · elite     12.4 · median    -64.0 · years  42.1 · road 0.34 · starved  1216 · nobles  -5.0 · read 81.3 · walls  7.5 · fell 95.6% (mother 36.7%) · prince  2.9% · king  0.1% · crowned  0.0% · 4.9s
try  5 · gen   49 · best    115.6 · elite     19.2 · median    -51.7 · years  43.8 · road 0.37 · starved  1124 · nobles  -7.4 · read 67.0 · walls  6.8 · fell 89.4% (mother 32.7%) · prince  0.8% · king  0.0% · crowned  0.0% · 4.9s
try  6 · gen   49 · best    129.5 · elite     39.1 · median    -50.1 · years  42.1 · road 0.35 · starved  1156 · nobles  -5.4 · read 93.3 · walls  5.1 · fell 94.0% (mother 30.7%) · prince  9.8% · king  1.2% · crowned  0.0% (median year 66) · 4.9s
try  7 · gen   49 · best    357.7 · elite     56.8 · median    -54.2 · years  36.0 · road 0.36 · starved  1116 · nobles  -6.4 · read 84.2 · walls  4.0 · fell 97.6% (mother 37.1%) · prince  6.8% · king  2.3% · crowned  0.2% (median year 55) · 4.9s
try  8 · gen   49 · best     71.9 · elite     17.1 · median    -45.0 · years  72.4 · road 0.50 · starved  2042 · nobles -14.9 · read 242.3 · walls  8.9 · fell 64.1% (mother 25.5%) · prince  0.0% · king  0.0% · crowned  0.0% · 4.9s
try  1 · gen   50 · best    133.4 · elite     13.8 · median    -65.8 · years  50.8 · road 0.33 · starved  1428 · nobles  -3.4 · read 132.1 · walls  6.7 · fell 89.3% (mother 19.9%) · prince  3.8% · king  0.0% · crowned  0.0% · 4.9s
try  2 · gen   50 · best    535.4 · elite    232.9 · median    -29.9 · years  35.8 · road 0.39 · starved   985 · nobles  -4.3 · read 38.5 · walls  7.0 · fell 94.8% (mother 27.0%) · prince 10.6% · king  7.1% · crowned  3.9% (median year 58) · 4.9s
try  3 · gen   50 · best    149.9 · elite     14.9 · median    -70.9 · years  42.7 · road 0.38 · starved  1597 · nobles  -6.9 · read 39.1 · walls  5.6 · fell 92.5% (mother 30.7%) · prince  5.6% · king  0.6% · crowned  0.0% (median year 78) · 4.9s
try  4 · gen   50 · best     69.3 · elite     11.3 · median    -61.6 · years  42.8 · road 0.34 · starved  1230 · nobles  -5.0 · read 82.8 · walls  7.5 · fell 95.2% (mother 34.4%) · prince  4.0% · king  0.1% · crowned  0.0% · 4.9s
try  5 · gen   50 · best     90.1 · elite     25.6 · median    -48.3 · years  44.1 · road 0.37 · starved  1107 · nobles  -7.7 · read 65.5 · walls  6.8 · fell 90.2% (mother 33.3%) · prince  1.2% · king  0.0% · crowned  0.0% · 4.9s
try  6 · gen   50 · best    115.3 · elite     44.7 · median    -46.9 · years  43.7 · road 0.36 · starved  1181 · nobles  -5.5 · read 95.9 · walls  5.1 · fell 93.5% (mother 29.2%) · prince 11.1% · king  1.1% · crowned  0.0% · 4.9s
try  7 · gen   50 · best    195.1 · elite     63.3 · median    -51.0 · years  36.9 · road 0.37 · starved  1126 · nobles  -6.3 · read 85.7 · walls  4.2 · fell 97.0% (mother 35.9%) · prince  8.1% · king  3.0% · crowned  0.2% (median year 60) · 4.9s
try  8 · gen   50 · best     78.1 · elite     16.5 · median    -46.7 · years  70.9 · road 0.50 · starved  2040 · nobles -14.9 · read 230.8 · walls  8.9 · fell 69.2% (mother 29.6%) · prince  0.0% · king  0.0% · crowned  0.0% · 4.9s
try  1 · gen   51 · best    109.5 · elite     21.1 · median    -61.5 · years  48.8 · road 0.34 · starved  1358 · nobles  -3.7 · read 118.9 · walls  6.9 · fell 90.2% (mother 23.6%) · prince  4.3% · king  0.1% · crowned  0.0% · 4.9s
try  2 · gen   51 · best    597.2 · elite    263.8 · median    -31.5 · years  35.5 · road 0.39 · starved   975 · nobles  -4.1 · read 36.0 · walls  6.9 · fell 94.5% (mother 25.1%) · prince 10.9% · king  7.6% · crowned  4.2% (median year 56) · 4.9s
try  3 · gen   51 · best    131.9 · elite     12.5 · median    -69.8 · years  42.3 · road 0.38 · starved  1612 · nobles  -6.8 · read 40.0 · walls  5.7 · fell 93.7% (mother 29.6%) · prince  5.9% · king  0.6% · crowned  0.1% (median year 74) · 4.9s
try  4 · gen   51 · best     66.1 · elite     11.4 · median    -62.8 · years  41.3 · road 0.34 · starved  1193 · nobles  -4.9 · read 78.5 · walls  7.4 · fell 95.9% (mother 36.3%) · prince  4.0% · king  0.2% · crowned  0.0% · 4.9s
try  5 · gen   51 · best    122.9 · elite     31.2 · median    -49.7 · years  44.6 · road 0.37 · starved  1097 · nobles  -7.9 · read 65.5 · walls  6.8 · fell 89.8% (mother 34.2%) · prince  1.1% · king  0.0% · crowned  0.0% · 4.9s
try  6 · gen   51 · best    123.7 · elite     44.5 · median    -44.3 · years  43.0 · road 0.36 · starved  1142 · nobles  -5.5 · read 90.1 · walls  5.2 · fell 93.9% (mother 30.4%) · prince 10.5% · king  1.4% · crowned  0.0% · 4.9s
try  7 · gen   51 · best    185.4 · elite     56.9 · median    -49.1 · years  36.6 · road 0.37 · starved  1121 · nobles  -6.6 · read 82.8 · walls  4.5 · fell 97.0% (mother 36.1%) · prince  8.0% · king  2.8% · crowned  0.2% (median year 64) · 4.9s
try  8 · gen   51 · best     69.7 · elite     17.0 · median    -48.7 · years  71.6 · road 0.50 · starved  2062 · nobles -14.9 · read 238.5 · walls  8.9 · fell 66.4% (mother 27.4%) · prince  0.0% · king  0.0% · crowned  0.0% · 4.9s
try  1 · gen   52 · best    104.9 · elite     23.3 · median    -58.4 · years  47.7 · road 0.34 · starved  1309 · nobles  -3.7 · read 113.1 · walls  6.9 · fell 90.2% (mother 24.9%) · prince  4.6% · king  0.3% · crowned  0.0% · 4.8s
try  2 · gen   52 · best    632.9 · elite    272.4 · median    -24.4 · years  35.2 · road 0.39 · starved   961 · nobles  -4.3 · read 32.5 · walls  6.8 · fell 94.7% (mother 28.0%) · prince 12.1% · king  7.8% · crowned  4.6% (median year 56) · 4.8s
try  3 · gen   52 · best    182.4 · elite     21.7 · median    -64.9 · years  43.2 · road 0.38 · starved  1547 · nobles  -6.9 · read 39.2 · walls  5.9 · fell 92.7% (mother 29.3%) · prince  5.7% · king  0.7% · crowned  0.1% (median year 78) · 4.8s
try  4 · gen   52 · best     85.0 · elite     15.9 · median    -57.7 · years  42.2 · road 0.34 · starved  1227 · nobles  -5.1 · read 79.7 · walls  7.4 · fell 95.2% (mother 33.7%) · prince  3.8% · king  0.1% · crowned  0.0% · 4.8s
try  5 · gen   52 · best     76.6 · elite     19.5 · median    -48.7 · years  44.3 · road 0.37 · starved  1100 · nobles  -7.7 · read 63.4 · walls  6.8 · fell 89.7% (mother 32.9%) · prince  1.4% · king  0.0% · crowned  0.0% · 4.8s
try  6 · gen   52 · best    108.9 · elite     42.7 · median    -45.3 · years  42.3 · road 0.36 · starved  1139 · nobles  -5.6 · read 86.4 · walls  4.9 · fell 94.7% (mother 30.9%) · prince 10.6% · king  1.4% · crowned  0.0% · 4.8s
try  7 · gen   52 · best    263.9 · elite     75.1 · median    -47.4 · years  37.5 · road 0.37 · starved  1115 · nobles  -6.6 · read 83.4 · walls  4.7 · fell 96.7% (mother 34.3%) · prince  8.3% · king  2.8% · crowned  0.3% (median year 56) · 4.8s
try  8 · gen   52 · best     76.1 · elite     19.0 · median    -47.2 · years  71.5 · road 0.50 · starved  2029 · nobles -14.7 · read 236.1 · walls  8.9 · fell 65.5% (mother 26.1%) · prince  0.0% · king  0.0% · crowned  0.0% · 4.8s
try  1 · gen   53 · best     76.8 · elite     20.4 · median    -59.4 · years  46.6 · road 0.34 · starved  1299 · nobles  -3.7 · read 107.9 · walls  6.8 · fell 91.6% (mother 27.0%) · prince  4.3% · king  0.4% · crowned  0.0% · 5.1s
try  2 · gen   53 · best    866.5 · elite    303.6 · median    -15.4 · years  35.4 · road 0.39 · starved   913 · nobles  -3.8 · read 31.0 · walls  6.8 · fell 93.1% (mother 27.7%) · prince 12.6% · king  9.2% · crowned  5.7% (median year 57) · 5.1s
try  3 · gen   53 · best    141.9 · elite     30.4 · median    -60.8 · years  42.6 · road 0.39 · starved  1483 · nobles  -6.8 · read 37.9 · walls  6.1 · fell 92.1% (mother 35.9%) · prince  5.3% · king  0.9% · crowned  0.2% (median year 82) · 5.1s
try  4 · gen   53 · best     65.0 · elite     16.2 · median    -59.0 · years  41.4 · road 0.35 · starved  1160 · nobles  -5.2 · read 77.0 · walls  7.3 · fell 95.3% (mother 35.2%) · prince  4.2% · king  0.2% · crowned  0.0% · 5.1s
try  5 · gen   53 · best    130.7 · elite     28.4 · median    -44.9 · years  45.5 · road 0.38 · starved  1063 · nobles  -8.3 · read 64.7 · walls  6.8 · fell 88.3% (mother 31.3%) · prince  1.0% · king  0.0% · crowned  0.0% · 5.1s
try  6 · gen   53 · best    176.3 · elite     45.7 · median    -44.0 · years  41.7 · road 0.36 · starved  1122 · nobles  -5.7 · read 81.1 · walls  5.0 · fell 94.8% (mother 34.2%) · prince 10.2% · king  1.5% · crowned  0.0% (median year 92) · 5.1s
try  7 · gen   53 · best    254.8 · elite     67.2 · median    -46.8 · years  37.2 · road 0.37 · starved  1307 · nobles  -6.6 · read 83.6 · walls  4.8 · fell 96.5% (mother 35.2%) · prince  7.9% · king  2.8% · crowned  0.2% (median year 55) · 5.1s
try  8 · gen   53 · best     69.1 · elite     19.9 · median    -47.8 · years  71.6 · road 0.50 · starved  2014 · nobles -14.7 · read 237.2 · walls  8.9 · fell 64.5% (mother 24.3%) · prince  0.0% · king  0.0% · crowned  0.0% · 5.1s
try  1 · gen   54 · best     66.6 · elite     18.0 · median    -58.4 · years  47.5 · road 0.35 · starved  1308 · nobles  -3.8 · read 108.9 · walls  6.8 · fell 90.5% (mother 24.1%) · prince  4.7% · king  0.2% · crowned  0.0% · 4.8s
try  2 · gen   54 · best    629.2 · elite    304.4 · median    -20.8 · years  34.7 · road 0.39 · starved   880 · nobles  -3.7 · read 29.8 · walls  6.8 · fell 93.2% (mother 26.1%) · prince 12.4% · king  8.8% · crowned  5.8% (median year 54) · 4.8s
try  3 · gen   54 · best    175.2 · elite     33.7 · median    -60.4 · years  42.6 · road 0.39 · starved  1499 · nobles  -6.7 · read 37.2 · walls  6.2 · fell 92.0% (mother 33.9%) · prince  5.8% · king  1.0% · crowned  0.2% (median year 76) · 4.8s
try  4 · gen   54 · best     95.7 · elite     16.3 · median    -57.3 · years  41.8 · road 0.35 · starved  1130 · nobles  -5.4 · read 76.1 · walls  7.1 · fell 95.1% (mother 34.5%) · prince  4.1% · king  0.1% · crowned  0.0% · 4.8s
try  5 · gen   54 · best    100.3 · elite     22.6 · median    -47.5 · years  46.7 · road 0.38 · starved  1141 · nobles  -8.7 · read 67.4 · walls  6.9 · fell 88.7% (mother 31.1%) · prince  1.0% · king  0.0% · crowned  0.0% · 4.8s
try  6 · gen   54 · best    146.4 · elite     53.8 · median    -43.6 · years  42.0 · road 0.36 · starved  1127 · nobles  -5.9 · read 77.7 · walls  5.0 · fell 94.8% (mother 36.0%) · prince 10.6% · king  1.5% · crowned  0.0% · 4.8s
try  7 · gen   54 · best    365.8 · elite     77.7 · median    -42.8 · years  37.2 · road 0.37 · starved  1099 · nobles  -6.6 · read 81.3 · walls  4.6 · fell 96.3% (mother 34.5%) · prince  8.9% · king  3.0% · crowned  0.3% (median year 60) · 4.8s
try  8 · gen   54 · best     77.2 · elite     25.6 · median    -44.9 · years  73.6 · road 0.51 · starved  2061 · nobles -14.8 · read 249.0 · walls  8.9 · fell 60.3% (mother 22.5%) · prince  0.0% · king  0.0% · crowned  0.0% · 4.8s
try  1 · gen   55 · best     84.9 · elite     29.2 · median    -55.4 · years  47.6 · road 0.35 · starved  1277 · nobles  -3.8 · read 107.5 · walls  6.9 · fell 90.8% (mother 25.5%) · prince  5.2% · king  0.2% · crowned  0.0% · 4.8s
try  2 · gen   55 · best    795.9 · elite    331.2 · median    -16.5 · years  35.3 · road 0.39 · starved   868 · nobles  -3.7 · read 29.7 · walls  6.8 · fell 92.9% (mother 26.0%) · prince 12.9% · king  9.2% · crowned  6.1% (median year 56) · 4.8s
try  3 · gen   55 · best    172.7 · elite     39.5 · median    -63.5 · years  43.3 · road 0.39 · starved  1574 · nobles  -6.9 · read 37.7 · walls  6.3 · fell 92.4% (mother 35.3%) · prince  5.5% · king  0.9% · crowned  0.3% (median year 76) · 4.8s
try  4 · gen   55 · best     86.9 · elite     24.1 · median    -54.8 · years  42.9 · road 0.35 · starved  1137 · nobles  -5.4 · read 77.7 · walls  7.2 · fell 94.3% (mother 32.0%) · prince  4.9% · king  0.4% · crowned  0.0% · 4.8s
try  5 · gen   55 · best    104.6 · elite     26.2 · median    -46.2 · years  45.8 · road 0.38 · starved  1077 · nobles  -8.7 · read 66.5 · walls  6.7 · fell 88.9% (mother 29.0%) · prince  1.2% · king  0.1% · crowned  0.0% · 4.8s
try  6 · gen   55 · best    162.5 · elite     47.5 · median    -47.7 · years  40.7 · road 0.36 · starved  1154 · nobles  -5.8 · read 75.3 · walls  5.3 · fell 95.6% (mother 37.9%) · prince  9.3% · king  1.6% · crowned  0.0% (median year 77) · 4.8s
try  7 · gen   55 · best    441.3 · elite     73.6 · median    -42.9 · years  36.9 · road 0.37 · starved  1079 · nobles  -6.5 · read 80.6 · walls  4.7 · fell 96.3% (mother 35.4%) · prince  8.4% · king  2.8% · crowned  0.3% (median year 58) · 4.8s
try  8 · gen   55 · best     82.7 · elite     20.9 · median    -46.3 · years  71.7 · road 0.50 · starved  2035 · nobles -14.3 · read 243.8 · walls  8.9 · fell 61.4% (mother 21.0%) · prince  0.0% · king  0.0% · crowned  0.0% · 4.8s
try  1 · gen   56 · best    112.6 · elite     30.6 · median    -56.4 · years  47.0 · road 0.35 · starved  1276 · nobles  -3.8 · read 106.9 · walls  6.9 · fell 91.2% (mother 24.6%) · prince  5.5% · king  0.4% · crowned  0.0% · 5.9s
try  2 · gen   56 · best    568.7 · elite    281.5 · median    -14.8 · years  35.1 · road 0.39 · starved   862 · nobles  -3.6 · read 26.9 · walls  6.7 · fell 93.4% (mother 26.1%) · prince 12.5% · king  8.8% · crowned  5.4% (median year 59) · 5.9s
try  3 · gen   56 · best    226.9 · elite     45.0 · median    -62.5 · years  42.0 · road 0.38 · starved  1506 · nobles  -6.3 · read 36.4 · walls  5.9 · fell 92.2% (mother 35.0%) · prince  5.6% · king  0.9% · crowned  0.3% (median year 83) · 5.9s
try  4 · gen   56 · best    147.8 · elite     23.5 · median    -50.7 · years  42.3 · road 0.35 · starved  1114 · nobles  -5.3 · read 76.2 · walls  7.1 · fell 94.7% (mother 38.1%) · prince  4.9% · king  0.3% · crowned  0.0% (median year 73) · 5.9s
try  5 · gen   56 · best    129.1 · elite     28.0 · median    -47.4 · years  46.7 · road 0.38 · starved  1103 · nobles  -8.5 · read 65.6 · walls  6.8 · fell 87.8% (mother 27.5%) · prince  1.4% · king  0.1% · crowned  0.0% · 5.9s
try  6 · gen   56 · best    133.8 · elite     49.8 · median    -42.4 · years  42.0 · road 0.37 · starved  1188 · nobles  -5.9 · read 78.1 · walls  5.4 · fell 95.4% (mother 34.8%) · prince 10.6% · king  2.0% · crowned  0.0% · 5.9s
try  7 · gen   56 · best    240.0 · elite     65.5 · median    -43.7 · years  36.8 · road 0.38 · starved  1624 · nobles  -6.6 · read 80.9 · walls  4.7 · fell 96.3% (mother 37.7%) · prince  8.3% · king  2.7% · crowned  0.2% (median year 61) · 5.9s
try  8 · gen   56 · best     82.6 · elite     20.8 · median    -47.7 · years  72.6 · road 0.50 · starved  2031 · nobles -14.4 · read 246.0 · walls  8.9 · fell 58.3% (mother 18.3%) · prince  0.0% · king  0.0% · crowned  0.0% · 5.9s
try  1 · gen   57 · best    144.2 · elite     34.2 · median    -57.5 · years  47.1 · road 0.35 · starved  1288 · nobles  -3.9 · read 104.8 · walls  6.8 · fell 91.4% (mother 25.2%) · prince  5.9% · king  0.5% · crowned  0.0% · 4.9s
try  2 · gen   57 · best    597.1 · elite    325.7 · median    -10.7 · years  35.7 · road 0.39 · starved   830 · nobles  -3.4 · read 28.3 · walls  6.8 · fell 92.0% (mother 23.8%) · prince 12.9% · king  9.6% · crowned  6.7% (median year 58) · 4.9s
try  3 · gen   57 · best    372.0 · elite     64.0 · median    -60.2 · years  41.7 · road 0.39 · starved  1522 · nobles  -6.2 · read 37.3 · walls  5.7 · fell 93.4% (mother 35.8%) · prince  6.2% · king  1.7% · crowned  0.6% (median year 79) · 4.9s
try  4 · gen   57 · best    121.0 · elite     33.3 · median    -49.7 · years  42.3 · road 0.36 · starved  1079 · nobles  -5.3 · read 75.5 · walls  7.0 · fell 93.5% (mother 35.4%) · prince  5.8% · king  0.4% · crowned  0.0% · 4.9s
try  5 · gen   57 · best     96.1 · elite     34.1 · median    -44.3 · years  47.6 · road 0.38 · starved  1118 · nobles  -8.5 · read 64.6 · walls  6.7 · fell 87.7% (mother 27.8%) · prince  2.2% · king  0.0% · crowned  0.0% · 4.9s
try  6 · gen   57 · best    108.9 · elite     42.8 · median    -45.7 · years  41.4 · road 0.37 · starved  1200 · nobles  -5.9 · read 77.4 · walls  5.5 · fell 95.5% (mother 34.2%) · prince 10.1% · king  1.7% · crowned  0.0% · 4.9s
try  7 · gen   57 · best    205.2 · elite     55.0 · median    -45.5 · years  36.6 · road 0.37 · starved  1046 · nobles  -6.5 · read 81.3 · walls  4.8 · fell 96.5% (mother 35.6%) · prince  7.7% · king  2.8% · crowned  0.1% (median year 58) · 4.9s
try  8 · gen   57 · best     68.9 · elite     23.3 · median    -45.7 · years  73.9 · road 0.51 · starved  2076 · nobles -14.6 · read 253.5 · walls  9.0 · fell 55.8% (mother 17.6%) · prince  0.0% · king  0.0% · crowned  0.0% · 4.9s
try  1 · gen   58 · best    184.5 · elite     37.9 · median    -54.0 · years  47.5 · road 0.35 · starved  1265 · nobles  -3.8 · read 103.8 · walls  6.9 · fell 90.9% (mother 22.8%) · prince  6.5% · king  0.5% · crowned  0.0% (median year 99) · 4.7s
try  2 · gen   58 · best    699.8 · elite    313.0 · median    -16.3 · years  35.5 · road 0.39 · starved   841 · nobles  -3.7 · read 28.4 · walls  6.6 · fell 92.3% (mother 25.4%) · prince 11.9% · king  8.8% · crowned  5.9% (median year 58) · 4.7s
try  3 · gen   58 · best    466.4 · elite     62.3 · median    -60.1 · years  41.4 · road 0.39 · starved  1559 · nobles  -6.1 · read 39.4 · walls  5.5 · fell 93.3% (mother 36.0%) · prince  6.6% · king  1.8% · crowned  0.7% (median year 74) · 4.7s
try  4 · gen   58 · best    115.7 · elite     40.0 · median    -46.0 · years  43.6 · road 0.36 · starved  1085 · nobles  -5.4 · read 76.9 · walls  7.2 · fell 92.6% (mother 35.8%) · prince  6.3% · king  0.3% · crowned  0.0% · 4.7s
try  5 · gen   58 · best     83.4 · elite     37.5 · median    -43.0 · years  48.3 · road 0.38 · starved  1129 · nobles  -8.8 · read 66.3 · walls  6.6 · fell 87.0% (mother 28.7%) · prince  2.0% · king  0.1% · crowned  0.0% · 4.7s
try  6 · gen   58 · best    147.0 · elite     51.5 · median    -44.7 · years  40.9 · road 0.37 · starved  1191 · nobles  -6.0 · read 75.3 · walls  5.5 · fell 96.7% (mother 36.4%) · prince 10.8% · king  2.5% · crowned  0.0% · 4.7s
try  7 · gen   58 · best    226.1 · elite     63.7 · median    -45.7 · years  36.5 · road 0.37 · starved  1052 · nobles  -6.5 · read 80.2 · walls  4.8 · fell 96.9% (mother 34.8%) · prince  7.9% · king  3.0% · crowned  0.2% (median year 52) · 4.7s
try  8 · gen   58 · best     83.1 · elite     22.5 · median    -44.7 · years  73.6 · road 0.51 · starved  2087 · nobles -14.7 · read 251.0 · walls  9.0 · fell 55.3% (mother 17.8%) · prince  0.0% · king  0.0% · crowned  0.0% · 4.7s
try  1 · gen   59 · best    141.1 · elite     36.3 · median    -52.5 · years  46.3 · road 0.36 · starved  1195 · nobles  -3.8 · read 94.8 · walls  7.0 · fell 91.2% (mother 25.6%) · prince  5.7% · king  0.4% · crowned  0.0% · 5.8s
try  2 · gen   59 · best    615.6 · elite    308.2 · median    -14.5 · years  35.5 · road 0.39 · starved   810 · nobles  -3.6 · read 27.9 · walls  6.6 · fell 92.4% (mother 24.1%) · prince 12.5% · king  8.9% · crowned  6.3% (median year 59) · 5.8s
try  3 · gen   59 · best    306.7 · elite     74.7 · median    -62.3 · years  41.2 · road 0.39 · starved  1571 · nobles  -5.9 · read 40.6 · walls  5.7 · fell 93.8% (mother 36.7%) · prince  6.4% · king  1.9% · crowned  0.8% (median year 74) · 5.8s
try  4 · gen   59 · best    124.4 · elite     42.0 · median    -45.2 · years  43.4 · road 0.36 · starved  1044 · nobles  -5.2 · read 76.3 · walls  7.1 · fell 92.1% (mother 34.5%) · prince  6.2% · king  0.3% · crowned  0.0% · 5.8s
try  5 · gen   59 · best    105.7 · elite     33.6 · median    -44.2 · years  48.6 · road 0.39 · starved  1156 · nobles  -9.4 · read 67.1 · walls  6.7 · fell 87.1% (mother 28.3%) · prince  2.0% · king  0.2% · crowned  0.0% · 5.8s
try  6 · gen   59 · best    152.7 · elite     51.5 · median    -43.4 · years  41.6 · road 0.38 · starved  1237 · nobles  -6.3 · read 75.2 · walls  5.5 · fell 96.8% (mother 36.2%) · prince 10.6% · king  2.5% · crowned  0.0% (median year 67) · 5.8s
try  7 · gen   59 · best    348.4 · elite     79.5 · median    -45.1 · years  36.3 · road 0.37 · starved  1067 · nobles  -6.6 · read 78.9 · walls  4.5 · fell 96.4% (mother 36.1%) · prince  8.6% · king  3.2% · crowned  0.3% (median year 55) · 5.8s
try  8 · gen   59 · best     73.1 · elite     25.2 · median    -44.2 · years  73.7 · road 0.51 · starved  2057 · nobles -14.9 · read 245.5 · walls  9.0 · fell 57.2% (mother 19.2%) · prince  0.0% · king  0.0% · crowned  0.0% · 5.8s
try  1 · gen   60 · best    163.6 · elite     46.8 · median    -48.4 · years  45.2 · road 0.36 · starved  1139 · nobles  -3.8 · read 87.0 · walls  7.0 · fell 91.3% (mother 27.9%) · prince  6.0% · king  0.6% · crowned  0.0% · 4.9s
try  2 · gen   60 · best    613.4 · elite    302.1 · median    -16.6 · years  35.4 · road 0.39 · starved   819 · nobles  -3.7 · read 28.7 · walls  6.9 · fell 92.5% (mother 25.2%) · prince 12.8% · king  9.0% · crowned  6.1% (median year 59) · 4.9s
try  3 · gen   60 · best    399.5 · elite    106.3 · median    -57.8 · years  41.3 · road 0.39 · starved  1637 · nobles  -5.7 · read 42.8 · walls  5.7 · fell 93.7% (mother 33.5%) · prince  6.8% · king  2.6% · crowned  1.3% (median year 71) · 4.9s
try  4 · gen   60 · best    115.8 · elite     40.1 · median    -42.2 · years  43.7 · road 0.37 · starved  1065 · nobles  -5.4 · read 76.5 · walls  7.1 · fell 92.3% (mother 34.0%) · prince  6.8% · king  0.6% · crowned  0.0% · 4.9s
try  5 · gen   60 · best    138.9 · elite     31.8 · median    -42.4 · years  48.8 · road 0.39 · starved  1150 · nobles  -9.7 · read 70.7 · walls  6.8 · fell 86.8% (mother 29.8%) · prince  1.7% · king  0.1% · crowned  0.0% · 4.9s
try  6 · gen   60 · best    164.1 · elite     50.8 · median    -44.2 · years  42.5 · road 0.38 · starved  1235 · nobles  -6.2 · read 75.7 · walls  5.5 · fell 96.5% (mother 34.4%) · prince 11.0% · king  2.4% · crowned  0.1% (median year 65) · 4.9s
try  7 · gen   60 · best    257.2 · elite     76.7 · median    -38.7 · years  36.4 · road 0.37 · starved  1030 · nobles  -6.7 · read 77.4 · walls  4.5 · fell 96.6% (mother 34.1%) · prince  9.5% · king  3.8% · crowned  0.2% (median year 55) · 4.9s
try  8 · gen   60 · best    102.5 · elite     24.5 · median    -45.1 · years  72.5 · road 0.51 · starved  2017 · nobles -14.5 · read 239.5 · walls  8.9 · fell 59.1% (mother 18.3%) · prince  0.0% · king  0.0% · crowned  0.0% · 4.9s
try  1 · gen   61 · best    108.7 · elite     46.8 · median    -44.0 · years  45.4 · road 0.36 · starved  1120 · nobles  -4.0 · read 83.3 · walls  7.1 · fell 91.7% (mother 25.3%) · prince  7.0% · king  0.8% · crowned  0.0% · 4.8s
try  2 · gen   61 · best    608.4 · elite    310.1 · median     -7.2 · years  35.8 · road 0.39 · starved   852 · nobles  -3.6 · read 28.7 · walls  6.9 · fell 92.6% (mother 25.6%) · prince 13.5% · king  9.4% · crowned  6.4% (median year 57) · 4.8s
try  3 · gen   61 · best    654.1 · elite    127.2 · median    -60.0 · years  41.2 · road 0.39 · starved  1755 · nobles  -5.5 · read 46.4 · walls  5.7 · fell 93.4% (mother 32.0%) · prince  6.9% · king  3.1% · crowned  1.7% (median year 73) · 4.8s
try  4 · gen   61 · best     99.5 · elite     41.3 · median    -39.1 · years  44.4 · road 0.37 · starved  1050 · nobles  -5.4 · read 78.3 · walls  7.2 · fell 92.1% (mother 33.6%) · prince  6.9% · king  0.3% · crowned  0.0% · 4.8s
try  5 · gen   61 · best     98.0 · elite     36.8 · median    -39.2 · years  51.0 · road 0.40 · starved  1172 · nobles -10.5 · read 73.8 · walls  6.9 · fell 84.2% (mother 31.7%) · prince  1.6% · king  0.2% · crowned  0.0% (median year 85) · 4.8s
try  6 · gen   61 · best    141.0 · elite     52.4 · median    -39.3 · years  42.3 · road 0.38 · starved  1212 · nobles  -6.4 · read 74.3 · walls  5.5 · fell 96.9% (mother 34.8%) · prince 11.1% · king  2.3% · crowned  0.0% · 4.8s
try  7 · gen   61 · best    259.6 · elite     80.7 · median    -36.8 · years  36.8 · road 0.38 · starved  1087 · nobles  -6.8 · read 77.3 · walls  4.4 · fell 96.9% (mother 34.7%) · prince 10.6% · king  3.8% · crowned  0.2% (median year 52) · 4.8s
try  8 · gen   61 · best     93.6 · elite     23.2 · median    -45.9 · years  72.4 · road 0.51 · starved  2019 · nobles -14.6 · read 241.3 · walls  8.9 · fell 58.7% (mother 20.2%) · prince  0.0% · king  0.0% · crowned  0.0% · 4.8s
try  1 · gen   62 · best    147.6 · elite     54.8 · median    -41.6 · years  44.8 · road 0.37 · starved  1069 · nobles  -4.2 · read 74.7 · walls  7.2 · fell 91.6% (mother 27.4%) · prince  7.3% · king  0.6% · crowned  0.0% (median year 95) · 5.9s
try  2 · gen   62 · best    857.4 · elite    334.7 · median     -8.3 · years  34.8 · road 0.39 · starved   814 · nobles  -3.1 · read 28.1 · walls  6.7 · fell 91.7% (mother 25.0%) · prince 13.2% · king  9.8% · crowned  7.2% (median year 56) · 5.9s
try  3 · gen   62 · best    317.4 · elite    134.0 · median    -59.8 · years  41.3 · road 0.40 · starved  1781 · nobles  -5.5 · read 46.9 · walls  5.9 · fell 93.2% (mother 33.0%) · prince  6.7% · king  3.5% · crowned  2.0% (median year 74) · 5.9s
try  4 · gen   62 · best    190.8 · elite     45.5 · median    -41.6 · years  42.8 · road 0.37 · starved  1029 · nobles  -5.1 · read 75.8 · walls  7.0 · fell 92.2% (mother 32.8%) · prince  6.9% · king  0.5% · crowned  0.0% · 5.9s
try  5 · gen   62 · best    116.3 · elite     36.7 · median    -39.9 · years  52.2 · road 0.40 · starved  1209 · nobles -11.0 · read 76.6 · walls  7.2 · fell 83.5% (mother 29.9%) · prince  1.5% · king  0.2% · crowned  0.0% (median year 76) · 5.9s
try  6 · gen   62 · best    117.6 · elite     41.9 · median    -44.1 · years  40.6 · road 0.38 · starved  1194 · nobles  -6.6 · read 71.4 · walls  5.6 · fell 97.6% (mother 42.0%) · prince  9.5% · king  2.0% · crowned  0.0% · 5.9s
try  7 · gen   62 · best    265.3 · elite     84.8 · median    -36.1 · years  36.2 · road 0.38 · starved  1026 · nobles  -7.0 · read 73.9 · walls  4.3 · fell 97.2% (mother 35.2%) · prince 10.8% · king  3.8% · crowned  0.2% (median year 58) · 5.9s
try  8 · gen   62 · best     78.3 · elite     20.2 · median    -43.8 · years  72.8 · road 0.52 · starved  2056 · nobles -14.8 · read 240.6 · walls  8.9 · fell 61.6% (mother 22.2%) · prince  0.0% · king  0.0% · crowned  0.0% · 5.9s
try  1 · gen   63 · best    196.0 · elite     50.5 · median    -39.0 · years  44.5 · road 0.37 · starved  1042 · nobles  -4.2 · read 71.0 · walls  7.2 · fell 92.3% (mother 26.5%) · prince  7.3% · king  1.0% · crowned  0.0% (median year 91) · 4.8s
try  2 · gen   63 · best    618.3 · elite    332.5 · median    -12.1 · years  34.9 · road 0.39 · starved   841 · nobles  -3.3 · read 27.7 · walls  6.6 · fell 92.2% (mother 25.4%) · prince 13.1% · king  9.2% · crowned  6.7% (median year 55) · 4.8s
try  3 · gen   63 · best    496.3 · elite    139.5 · median    -59.4 · years  40.4 · road 0.39 · starved  1569 · nobles  -5.2 · read 46.6 · walls  5.8 · fell 93.2% (mother 33.8%) · prince  6.3% · king  3.1% · crowned  2.1% (median year 75) · 4.8s
try  4 · gen   63 · best    195.4 · elite     44.9 · median    -44.6 · years  41.8 · road 0.36 · starved  1022 · nobles  -5.1 · read 74.2 · walls  6.7 · fell 93.2% (mother 35.1%) · prince  7.1% · king  0.6% · crowned  0.0% · 4.8s
try  5 · gen   63 · best    213.0 · elite     43.4 · median    -37.6 · years  54.2 · road 0.41 · starved  1192 · nobles -11.7 · read 80.0 · walls  7.2 · fell 81.2% (mother 29.2%) · prince  1.2% · king  0.2% · crowned  0.0% (median year 75) · 4.8s
try  6 · gen   63 · best    118.7 · elite     40.9 · median    -41.9 · years  41.1 · road 0.38 · starved  1202 · nobles  -6.7 · read 72.1 · walls  5.6 · fell 97.4% (mother 41.0%) · prince 10.4% · king  2.2% · crowned  0.0% · 4.8s
try  7 · gen   63 · best    241.7 · elite     95.5 · median    -36.4 · years  35.9 · road 0.38 · starved  1020 · nobles  -6.8 · read 72.3 · walls  4.3 · fell 96.8% (mother 35.0%) · prince 11.2% · king  3.8% · crowned  0.3% (median year 56) · 4.8s
try  8 · gen   63 · best     70.3 · elite     20.8 · median    -42.0 · years  72.2 · road 0.52 · starved  2019 · nobles -14.7 · read 238.7 · walls  8.9 · fell 61.1% (mother 22.2%) · prince  0.0% · king  0.0% · crowned  0.0% · 4.8s
try  1 · gen   64 · best    182.3 · elite     55.6 · median    -38.1 · years  44.7 · road 0.37 · starved  1039 · nobles  -4.2 · read 67.8 · walls  7.2 · fell 91.5% (mother 25.8%) · prince  7.7% · king  0.8% · crowned  0.0% · 5.0s
try  2 · gen   64 · best    671.4 · elite    341.3 · median    -14.3 · years  34.5 · road 0.39 · starved   836 · nobles  -3.4 · read 26.3 · walls  6.4 · fell 92.0% (mother 25.4%) · prince 13.5% · king  9.7% · crowned  6.8% (median year 53) · 5.0s
try  3 · gen   64 · best    514.3 · elite    166.9 · median    -57.9 · years  40.1 · road 0.39 · starved  1502 · nobles  -4.9 · read 47.4 · walls  5.9 · fell 93.2% (mother 34.3%) · prince  7.1% · king  3.6% · crowned  2.6% (median year 73) · 5.0s
try  4 · gen   64 · best    179.7 · elite     43.1 · median    -45.4 · years  41.6 · road 0.36 · starved  1008 · nobles  -5.0 · read 73.8 · walls  6.6 · fell 92.9% (mother 34.4%) · prince  6.7% · king  0.5% · crowned  0.0% (median year 90) · 5.0s
try  5 · gen   64 · best    124.3 · elite     42.6 · median    -37.0 · years  55.9 · road 0.41 · starved  1204 · nobles -12.1 · read 83.2 · walls  7.2 · fell 79.4% (mother 26.0%) · prince  0.9% · king  0.2% · crowned  0.0% (median year 72) · 5.0s
try  6 · gen   64 · best    157.5 · elite     54.1 · median    -40.5 · years  41.2 · road 0.38 · starved  1172 · nobles  -6.7 · read 69.2 · walls  5.4 · fell 97.5% (mother 40.1%) · prince 10.8% · king  2.3% · crowned  0.0% (median year 86) · 5.0s
try  7 · gen   64 · best    241.5 · elite     82.0 · median    -31.9 · years  36.0 · road 0.38 · starved  1019 · nobles  -7.0 · read 71.4 · walls  4.3 · fell 97.1% (mother 35.8%) · prince 11.3% · king  4.2% · crowned  0.2% (median year 56) · 5.0s
try  8 · gen   64 · best     71.5 · elite     24.9 · median    -40.0 · years  74.3 · road 0.52 · starved  2063 · nobles -14.9 · read 245.1 · walls  8.9 · fell 56.9% (mother 20.5%) · prince  0.0% · king  0.0% · crowned  0.0% · 5.0s
try  1 · gen   65 · best    140.9 · elite     49.5 · median    -38.4 · years  44.6 · road 0.37 · starved  1026 · nobles  -4.1 · read 66.1 · walls  7.2 · fell 91.6% (mother 26.0%) · prince  7.2% · king  0.9% · crowned  0.0% · 5.9s
try  2 · gen   65 · best    583.5 · elite    325.7 · median     -8.3 · years  35.0 · road 0.39 · starved   844 · nobles  -3.4 · read 28.1 · walls  6.4 · fell 92.4% (mother 25.5%) · prince 13.2% · king  9.9% · crowned  6.6% (median year 55) · 5.9s
try  3 · gen   65 · best    422.8 · elite    160.9 · median    -57.1 · years  39.1 · road 0.39 · starved  1622 · nobles  -4.6 · read 45.7 · walls  5.8 · fell 93.8% (mother 34.7%) · prince  7.0% · king  4.0% · crowned  2.7% (median year 70) · 5.9s
try  4 · gen   65 · best    136.6 · elite     44.2 · median    -42.3 · years  42.0 · road 0.36 · starved   997 · nobles  -5.0 · read 74.3 · walls  6.5 · fell 92.8% (mother 30.7%) · prince  6.9% · king  0.5% · crowned  0.0% (median year 86) · 5.9s
try  5 · gen   65 · best    133.1 · elite     44.7 · median    -35.4 · years  57.7 · road 0.42 · starved  1251 · nobles -12.5 · read 89.2 · walls  7.2 · fell 77.5% (mother 24.2%) · prince  0.9% · king  0.3% · crowned  0.1% (median year 71) · 5.9s
try  6 · gen   65 · best    174.2 · elite     49.1 · median    -44.2 · years  40.9 · road 0.38 · starved  1163 · nobles  -6.7 · read 67.4 · walls  5.3 · fell 97.2% (mother 42.1%) · prince  9.7% · king  1.9% · crowned  0.0% (median year 59) · 5.9s
try  7 · gen   65 · best    278.8 · elite     87.4 · median    -36.7 · years  35.8 · road 0.38 · starved  1052 · nobles  -7.3 · read 72.9 · walls  4.4 · fell 97.7% (mother 37.8%) · prince 11.6% · king  4.0% · crowned  0.2% (median year 44) · 5.9s
try  8 · gen   65 · best     67.0 · elite     25.2 · median    -41.8 · years  73.8 · road 0.52 · starved  2051 · nobles -14.7 · read 242.1 · walls  8.9 · fell 56.5% (mother 18.8%) · prince  0.0% · king  0.0% · crowned  0.0% · 5.9s
try  1 · gen   66 · best    215.8 · elite     57.3 · median    -39.0 · years  44.6 · road 0.37 · starved  1017 · nobles  -4.1 · read 64.0 · walls  7.0 · fell 91.2% (mother 23.2%) · prince  7.5% · king  0.9% · crowned  0.1% (median year 78) · 4.8s
try  2 · gen   66 · best    846.4 · elite    333.9 · median    -11.6 · years  35.4 · road 0.39 · starved   841 · nobles  -3.4 · read 30.0 · walls  6.2 · fell 92.6% (mother 26.7%) · prince 14.1% · king  9.8% · crowned  6.5% (median year 55) · 4.8s
try  3 · gen   66 · best    584.1 · elite    186.5 · median    -55.0 · years  40.0 · road 0.40 · starved  1672 · nobles  -4.4 · read 47.1 · walls  5.9 · fell 93.4% (mother 32.3%) · prince  7.4% · king  4.3% · crowned  3.5% (median year 70) · 4.8s
try  4 · gen   66 · best    155.2 · elite     38.2 · median    -44.1 · years  42.0 · road 0.36 · starved  1040 · nobles  -4.9 · read 74.8 · walls  6.4 · fell 93.2% (mother 28.9%) · prince  7.3% · king  0.8% · crowned  0.0% (median year 83) · 4.8s
try  5 · gen   66 · best    398.0 · elite     56.1 · median    -32.3 · years  58.6 · road 0.42 · starved  1278 · nobles -12.8 · read 90.3 · walls  7.1 · fell 75.6% (mother 24.2%) · prince  1.3% · king  0.6% · crowned  0.2% (median year 77) · 4.8s
try  6 · gen   66 · best    130.5 · elite     52.6 · median    -38.8 · years  40.9 · road 0.38 · starved  1184 · nobles  -6.6 · read 65.9 · walls  5.2 · fell 97.0% (mother 41.1%) · prince 11.3% · king  2.3% · crowned  0.0% (median year 61) · 4.8s
try  7 · gen   66 · best    307.2 · elite    106.9 · median    -32.0 · years  35.7 · road 0.39 · starved  1030 · nobles  -7.2 · read 70.5 · walls  4.2 · fell 97.3% (mother 34.8%) · prince 12.9% · king  4.5% · crowned  0.3% (median year 50) · 4.8s
try  8 · gen   66 · best     78.1 · elite     24.9 · median    -43.1 · years  73.4 · road 0.52 · starved  2059 · nobles -14.9 · read 231.3 · walls  8.9 · fell 58.5% (mother 20.7%) · prince  0.0% · king  0.0% · crowned  0.0% · 4.8s
try  1 · gen   67 · best    279.0 · elite     60.2 · median    -33.8 · years  44.8 · road 0.37 · starved   992 · nobles  -4.2 · read 63.6 · walls  7.0 · fell 91.2% (mother 23.7%) · prince  7.8% · king  0.8% · crowned  0.0% (median year 85) · 4.8s
try  2 · gen   67 · best    591.1 · elite    341.9 · median    -10.7 · years  34.6 · road 0.39 · starved   816 · nobles  -3.6 · read 29.3 · walls  6.1 · fell 92.8% (mother 27.2%) · prince 14.8% · king 10.0% · crowned  6.5% (median year 54) · 4.8s
try  3 · gen   67 · best    473.6 · elite    184.5 · median    -53.4 · years  39.0 · road 0.40 · starved  1664 · nobles  -4.2 · read 45.1 · walls  5.8 · fell 93.6% (mother 32.5%) · prince  7.7% · king  4.7% · crowned  3.7% (median year 68) · 4.8s
try  4 · gen   67 · best    159.0 · elite     48.0 · median    -42.2 · years  43.3 · road 0.36 · starved  1023 · nobles  -4.9 · read 76.7 · walls  6.3 · fell 92.0% (mother 26.0%) · prince  7.1% · king  0.8% · crowned  0.0% (median year 90) · 4.8s
try  5 · gen   67 · best    390.5 · elite     94.2 · median    -35.0 · years  55.5 · road 0.42 · starved  1290 · nobles -11.7 · read 83.2 · walls  7.0 · fell 79.3% (mother 24.9%) · prince  3.4% · king  1.8% · crowned  0.6% (median year 73) · 4.8s
try  6 · gen   67 · best    144.3 · elite     51.7 · median    -40.0 · years  42.0 · road 0.39 · starved  1181 · nobles  -6.8 · read 66.5 · walls  5.3 · fell 95.7% (mother 41.1%) · prince 11.2% · king  1.8% · crowned  0.0% · 4.8s
try  7 · gen   67 · best    257.4 · elite    103.1 · median    -28.2 · years  35.9 · road 0.39 · starved  1016 · nobles  -7.3 · read 70.3 · walls  4.1 · fell 97.5% (mother 35.0%) · prince 13.0% · king  4.9% · crowned  0.4% (median year 54) · 4.8s
try  8 · gen   67 · best     80.8 · elite     21.9 · median    -40.3 · years  73.7 · road 0.53 · starved  2081 · nobles -15.0 · read 225.4 · walls  8.9 · fell 59.1% (mother 21.9%) · prince  0.0% · king  0.0% · crowned  0.0% · 4.8s
try  1 · gen   68 · best    247.0 · elite     70.3 · median    -34.0 · years  45.1 · road 0.38 · starved   982 · nobles  -4.1 · read 64.3 · walls  6.9 · fell 90.7% (mother 22.8%) · prince  8.1% · king  1.1% · crowned  0.1% (median year 81) · 5.8s
try  2 · gen   68 · best    671.4 · elite    353.9 · median      0.9 · years  34.9 · road 0.39 · starved   806 · nobles  -3.4 · read 29.2 · walls  6.2 · fell 92.2% (mother 25.5%) · prince 15.3% · king 10.7% · crowned  7.0% (median year 54) · 5.8s
try  3 · gen   68 · best    560.6 · elite    194.0 · median    -50.2 · years  38.5 · road 0.40 · starved  1502 · nobles  -4.1 · read 43.3 · walls  5.7 · fell 93.7% (mother 35.6%) · prince  7.1% · king  4.6% · crowned  3.5% (median year 69) · 5.8s
try  4 · gen   68 · best    140.7 · elite     44.7 · median    -45.0 · years  42.3 · road 0.36 · starved  1035 · nobles  -4.8 · read 75.2 · walls  6.4 · fell 92.8% (mother 28.3%) · prince  6.9% · king  0.9% · crowned  0.0% (median year 83) · 5.8s
try  5 · gen   68 · best    320.9 · elite    109.8 · median    -38.7 · years  45.2 · road 0.39 · starved  1184 · nobles  -8.3 · read 58.6 · walls  6.5 · fell 89.3% (mother 28.5%) · prince  6.3% · king  3.0% · crowned  1.0% (median year 74) · 5.8s
try  6 · gen   68 · best    159.0 · elite     64.2 · median    -34.8 · years  45.1 · road 0.39 · starved  1215 · nobles  -6.8 · read 70.6 · walls  5.6 · fell 93.8% (mother 34.9%) · prince 13.1% · king  1.9% · crowned  0.0% (median year 58) · 5.8s
try  7 · gen   68 · best    260.3 · elite     98.3 · median    -33.2 · years  35.1 · road 0.38 · starved  1037 · nobles  -7.4 · read 70.5 · walls  4.0 · fell 98.0% (mother 36.2%) · prince 12.8% · king  4.5% · crowned  0.2% (median year 51) · 5.8s
try  8 · gen   68 · best     70.1 · elite     18.7 · median    -47.1 · years  71.1 · road 0.52 · starved  2056 · nobles -14.5 · read 210.9 · walls  8.9 · fell 62.0% (mother 20.9%) · prince  0.0% · king  0.0% · crowned  0.0% · 5.8s
try  1 · gen   69 · best    164.6 · elite     59.1 · median    -35.2 · years  44.6 · road 0.37 · starved   983 · nobles  -4.0 · read 64.6 · walls  6.8 · fell 91.8% (mother 21.8%) · prince  6.8% · king  1.0% · crowned  0.0% (median year 85) · 4.7s
try  2 · gen   69 · best    649.7 · elite    356.2 · median     -5.4 · years  34.5 · road 0.39 · starved   823 · nobles  -3.8 · read 28.5 · walls  6.5 · fell 92.6% (mother 28.1%) · prince 15.4% · king 10.1% · crowned  6.5% (median year 54) · 4.7s
try  3 · gen   69 · best    468.6 · elite    185.9 · median    -52.0 · years  37.8 · road 0.40 · starved  1450 · nobles  -4.6 · read 41.6 · walls  5.6 · fell 94.0% (mother 37.8%) · prince  6.7% · king  4.0% · crowned  3.0% (median year 67) · 4.7s
try  4 · gen   69 · best    145.6 · elite     39.6 · median    -45.2 · years  41.6 · road 0.36 · starved  1036 · nobles  -4.8 · read 74.2 · walls  6.4 · fell 94.1% (mother 30.1%) · prince  7.2% · king  1.2% · crowned  0.1% (median year 84) · 4.7s
try  5 · gen   69 · best    407.4 · elite    158.3 · median    -39.8 · years  39.6 · road 0.38 · starved  1100 · nobles  -5.2 · read 43.4 · walls  6.1 · fell 92.2% (mother 31.1%) · prince  8.6% · king  4.5% · crowned  2.0% (median year 73) · 4.7s
try  6 · gen   69 · best    158.3 · elite     63.2 · median    -38.0 · years  45.5 · road 0.40 · starved  1246 · nobles  -7.2 · read 71.7 · walls  5.9 · fell 93.1% (mother 38.3%) · prince 11.4% · king  1.5% · crowned  0.0% (median year 84) · 4.7s
try  7 · gen   69 · best    302.5 · elite    113.4 · median    -30.0 · years  35.3 · road 0.39 · starved  1038 · nobles  -7.1 · read 68.6 · walls  3.9 · fell 97.9% (mother 35.5%) · prince 13.7% · king  5.4% · crowned  0.4% (median year 49) · 4.7s
try  8 · gen   69 · best     76.1 · elite     22.1 · median    -41.6 · years  74.2 · road 0.53 · starved  2139 · nobles -15.1 · read 216.2 · walls  8.9 · fell 56.4% (mother 20.2%) · prince  0.0% · king  0.0% · crowned  0.0% · 4.7s
try  1 · gen   70 · best    218.5 · elite     63.0 · median    -40.7 · years  44.1 · road 0.37 · starved   999 · nobles  -3.8 · read 63.8 · walls  6.6 · fell 92.2% (mother 22.0%) · prince  6.8% · king  1.1% · crowned  0.1% (median year 95) · 4.7s
try  2 · gen   70 · best    645.3 · elite    344.2 · median     -5.3 · years  34.5 · road 0.40 · starved   830 · nobles  -3.8 · read 28.1 · walls  6.7 · fell 92.5% (mother 28.0%) · prince 15.4% · king 10.8% · crowned  6.5% (median year 53) · 4.7s
try  3 · gen   70 · best    399.3 · elite    192.6 · median    -50.0 · years  37.7 · road 0.40 · starved  1440 · nobles  -4.3 · read 40.6 · walls  5.6 · fell 93.8% (mother 36.6%) · prince  6.7% · king  4.1% · crowned  3.3% (median year 67) · 4.7s
try  4 · gen   70 · best    157.2 · elite     48.3 · median    -41.9 · years  41.8 · road 0.36 · starved  1047 · nobles  -4.8 · read 74.3 · walls  6.6 · fell 93.8% (mother 32.6%) · prince  7.2% · king  1.3% · crowned  0.2% (median year 82) · 4.7s
try  5 · gen   70 · best    335.6 · elite    151.4 · median    -48.6 · years  37.3 · road 0.37 · starved  1141 · nobles  -4.2 · read 37.8 · walls  5.9 · fell 93.2% (mother 35.3%) · prince  8.0% · king  4.4% · crowned  2.2% (median year 76) · 4.7s
try  6 · gen   70 · best    222.8 · elite     57.9 · median    -36.0 · years  47.9 · road 0.41 · starved  1292 · nobles  -7.8 · read 76.7 · walls  6.2 · fell 91.8% (mother 36.9%) · prince 11.3% · king  1.4% · crowned  0.0% (median year 81) · 4.7s
try  7 · gen   70 · best    365.8 · elite    141.4 · median    -28.5 · years  35.5 · road 0.39 · starved  1023 · nobles  -7.0 · read 66.5 · walls  3.7 · fell 97.5% (mother 35.3%) · prince 13.9% · king  5.9% · crowned  0.7% (median year 49) · 4.7s
try  8 · gen   70 · best     63.4 · elite     19.9 · median    -46.3 · years  72.4 · road 0.52 · starved  2122 · nobles -14.7 · read 203.1 · walls  8.9 · fell 59.9% (mother 20.5%) · prince  0.0% · king  0.0% · crowned  0.0% · 4.7s
try  1 · gen   71 · best    218.6 · elite     72.6 · median    -35.8 · years  44.4 · road 0.37 · starved  1005 · nobles  -3.6 · read 62.5 · walls  6.5 · fell 91.9% (mother 21.3%) · prince  7.5% · king  1.2% · crowned  0.2% (median year 82) · 5.7s
try  2 · gen   71 · best    639.2 · elite    349.7 · median      0.8 · years  35.1 · road 0.40 · starved   912 · nobles  -4.1 · read 27.5 · walls  6.9 · fell 92.5% (mother 27.6%) · prince 16.5% · king 11.0% · crowned  6.6% (median year 53) · 5.7s
try  3 · gen   71 · best    415.4 · elite    181.8 · median    -52.5 · years  37.4 · road 0.40 · starved  1452 · nobles  -4.6 · read 40.0 · walls  5.6 · fell 94.2% (mother 38.8%) · prince  7.2% · king  4.4% · crowned  3.3% (median year 67) · 5.7s
try  4 · gen   71 · best    244.2 · elite     61.4 · median    -43.1 · years  41.4 · road 0.36 · starved  1061 · nobles  -4.8 · read 72.7 · walls  6.7 · fell 94.3% (mother 33.7%) · prince  7.7% · king  1.5% · crowned  0.3% (median year 86) · 5.7s
try  5 · gen   71 · best    417.5 · elite    169.5 · median    -45.3 · years  38.0 · road 0.37 · starved  1072 · nobles  -4.1 · read 37.9 · walls  5.8 · fell 92.6% (mother 30.5%) · prince  8.6% · king  4.6% · crowned  2.3% (median year 76) · 5.7s
try  6 · gen   71 · best    210.7 · elite     58.9 · median    -35.8 · years  48.3 · road 0.41 · starved  1260 · nobles  -7.7 · read 73.6 · walls  6.5 · fell 90.8% (mother 36.4%) · prince 10.9% · king  1.0% · crowned  0.0% (median year 54) · 5.7s
try  7 · gen   71 · best    403.4 · elite    134.2 · median    -27.2 · years  33.8 · road 0.38 · starved  1003 · nobles  -7.0 · read 63.1 · walls  3.6 · fell 97.9% (mother 37.9%) · prince 14.1% · king  5.7% · crowned  0.7% (median year 49) · 5.7s
try  8 · gen   71 · best     88.4 · elite     21.4 · median    -43.1 · years  74.3 · road 0.53 · starved  2151 · nobles -15.2 · read 209.8 · walls  9.0 · fell 57.9% (mother 21.0%) · prince  0.0% · king  0.0% · crowned  0.0% · 5.7s
try  1 · gen   72 · best    221.5 · elite     66.4 · median    -37.3 · years  44.1 · road 0.37 · starved   986 · nobles  -3.5 · read 61.2 · walls  6.5 · fell 92.1% (mother 21.4%) · prince  6.9% · king  0.9% · crowned  0.1% (median year 78) · 4.7s
try  2 · gen   72 · best    780.0 · elite    336.5 · median      4.0 · years  35.2 · road 0.41 · starved   862 · nobles  -4.4 · read 25.6 · walls  7.4 · fell 92.7% (mother 26.0%) · prince 16.2% · king 10.8% · crowned  6.3% (median year 54) · 4.7s
try  3 · gen   72 · best    553.9 · elite    214.2 · median    -47.7 · years  36.7 · road 0.41 · starved  1417 · nobles  -4.3 · read 41.1 · walls  5.6 · fell 94.2% (mother 38.3%) · prince  8.2% · king  4.8% · crowned  3.7% (median year 64) · 4.7s
try  4 · gen   72 · best    221.9 · elite     69.8 · median    -44.6 · years  41.1 · road 0.37 · starved  1063 · nobles  -4.7 · read 72.6 · walls  6.9 · fell 94.4% (mother 33.3%) · prince  7.4% · king  2.1% · crowned  0.4% (median year 89) · 4.7s
try  5 · gen   72 · best    541.4 · elite    196.6 · median    -44.0 · years  37.8 · road 0.37 · starved  1072 · nobles  -3.7 · read 37.7 · walls  5.9 · fell 92.5% (mother 32.7%) · prince  8.9% · king  5.2% · crowned  3.2% (median year 75) · 4.7s
try  6 · gen   72 · best    137.5 · elite     57.8 · median    -36.2 · years  48.8 · road 0.41 · starved  1317 · nobles  -8.0 · read 73.3 · walls  6.8 · fell 90.8% (mother 40.7%) · prince 11.0% · king  0.8% · crowned  0.0% · 4.7s
try  7 · gen   72 · best    331.3 · elite    157.3 · median    -24.5 · years  34.6 · road 0.39 · starved  1005 · nobles  -6.8 · read 63.7 · walls  3.7 · fell 97.2% (mother 37.5%) · prince 14.3% · king  6.2% · crowned  1.1% (median year 52) · 4.7s
try  8 · gen   72 · best     49.7 · elite     19.2 · median    -42.2 · years  73.3 · road 0.53 · starved  2105 · nobles -15.0 · read 206.2 · walls  9.0 · fell 58.5% (mother 21.2%) · prince  0.0% · king  0.0% · crowned  0.0% · 4.7s
try  1 · gen   73 · best    194.2 · elite     72.7 · median    -37.2 · years  43.6 · road 0.37 · starved   957 · nobles  -3.5 · read 60.5 · walls  6.5 · fell 92.3% (mother 21.2%) · prince  6.6% · king  1.2% · crowned  0.3% (median year 83) · 4.8s
try  2 · gen   73 · best    671.1 · elite    336.8 · median      0.2 · years  34.8 · road 0.41 · starved   816 · nobles  -4.2 · read 24.3 · walls  7.5 · fell 92.9% (mother 26.8%) · prince 15.8% · king 10.6% · crowned  6.4% (median year 53) · 4.8s
try  3 · gen   73 · best    495.1 · elite    204.9 · median    -51.2 · years  37.0 · road 0.40 · starved  1468 · nobles  -4.2 · read 42.1 · walls  5.6 · fell 94.2% (mother 36.9%) · prince  7.8% · king  4.6% · crowned  3.7% (median year 65) · 4.8s
try  4 · gen   73 · best    306.7 · elite     94.1 · median    -45.7 · years  41.3 · road 0.37 · starved  1074 · nobles  -4.4 · read 72.8 · walls  7.1 · fell 93.8% (mother 32.7%) · prince  7.7% · king  3.1% · crowned  0.9% (median year 85) · 4.8s
try  5 · gen   73 · best    410.5 · elite    189.2 · median    -42.5 · years  37.4 · road 0.37 · starved  1044 · nobles  -3.3 · read 37.6 · walls  5.8 · fell 92.8% (mother 29.8%) · prince  8.6% · king  4.9% · crowned  3.2% (median year 76) · 4.8s
try  6 · gen   73 · best    162.4 · elite     54.3 · median    -33.4 · years  48.9 · road 0.42 · starved  1326 · nobles  -7.9 · read 72.1 · walls  6.9 · fell 91.4% (mother 40.6%) · prince 11.8% · king  1.1% · crowned  0.0% · 4.8s
try  7 · gen   73 · best    376.0 · elite    147.3 · median    -24.8 · years  34.2 · road 0.39 · starved  1011 · nobles  -7.0 · read 61.1 · walls  4.1 · fell 97.7% (mother 40.8%) · prince 13.9% · king  6.0% · crowned  0.8% (median year 50) · 4.8s
try  8 · gen   73 · best     73.5 · elite     22.8 · median    -43.9 · years  72.2 · road 0.52 · starved  2074 · nobles -14.7 · read 202.9 · walls  9.0 · fell 61.0% (mother 22.3%) · prince  0.0% · king  0.0% · crowned  0.0% · 4.8s
try  1 · gen   74 · best    236.4 · elite     73.1 · median    -34.9 · years  42.9 · road 0.38 · starved   948 · nobles  -3.8 · read 58.2 · walls  6.3 · fell 92.4% (mother 24.9%) · prince  6.9% · king  1.3% · crowned  0.2% (median year 81) · 5.6s
try  2 · gen   74 · best    777.4 · elite    350.6 · median      2.4 · years  35.1 · road 0.41 · starved   824 · nobles  -4.3 · read 22.7 · walls  7.6 · fell 92.5% (mother 26.8%) · prince 16.6% · king 11.4% · crowned  6.4% (median year 53) · 5.6s
try  3 · gen   74 · best    556.7 · elite    205.7 · median    -44.3 · years  37.1 · road 0.41 · starved  1405 · nobles  -3.8 · read 42.0 · walls  5.7 · fell 93.4% (mother 36.6%) · prince  8.1% · king  4.9% · crowned  4.0% (median year 64) · 5.6s
try  4 · gen   74 · best    370.6 · elite    127.4 · median    -41.5 · years  41.5 · road 0.37 · starved  1031 · nobles  -4.1 · read 73.3 · walls  7.3 · fell 93.2% (mother 31.9%) · prince  8.0% · king  3.9% · crowned  1.5% (median year 84) · 5.6s
try  5 · gen   74 · best    696.4 · elite    210.1 · median    -40.1 · years  37.2 · road 0.37 · starved  1038 · nobles  -3.1 · read 36.3 · walls  5.9 · fell 92.9% (mother 26.1%) · prince  9.3% · king  5.7% · crowned  3.9% (median year 73) · 5.6s
try  6 · gen   74 · best    134.4 · elite     64.2 · median    -33.0 · years  49.1 · road 0.41 · starved  1287 · nobles  -7.7 · read 72.1 · walls  7.0 · fell 90.2% (mother 37.8%) · prince 12.2% · king  0.9% · crowned  0.0% · 5.6s
try  7 · gen   74 · best    397.9 · elite    146.9 · median    -24.9 · years  34.3 · road 0.39 · starved  1008 · nobles  -7.0 · read 59.0 · walls  4.3 · fell 97.6% (mother 40.8%) · prince 14.6% · king  5.9% · crowned  0.8% (median year 49) · 5.6s
try  8 · gen   74 · best     64.9 · elite     23.6 · median    -40.5 · years  73.9 · road 0.53 · starved  2104 · nobles -15.3 · read 208.6 · walls  9.1 · fell 60.5% (mother 22.7%) · prince  0.0% · king  0.0% · crowned  0.0% · 5.6s
try  1 · gen   75 · best    160.0 · elite     66.5 · median    -32.3 · years  43.7 · road 0.37 · starved   932 · nobles  -3.5 · read 60.2 · walls  6.2 · fell 91.9% (mother 22.1%) · prince  7.1% · king  1.1% · crowned  0.1% (median year 89) · 4.7s
try  2 · gen   75 · best    746.6 · elite    334.5 · median      4.7 · years  35.1 · road 0.41 · starved   778 · nobles  -4.0 · read 22.1 · walls  7.5 · fell 92.3% (mother 25.3%) · prince 15.6% · king 10.9% · crowned  6.5% (median year 54) · 4.7s
try  3 · gen   75 · best    480.0 · elite    200.1 · median    -51.8 · years  37.2 · road 0.41 · starved  1494 · nobles  -3.8 · read 43.5 · walls  5.7 · fell 93.8% (mother 33.5%) · prince  8.2% · king  5.2% · crowned  4.0% (median year 62) · 4.7s
try  4 · gen   75 · best    310.8 · elite    126.4 · median    -38.5 · years  41.7 · road 0.37 · starved  1063 · nobles  -4.0 · read 73.8 · walls  7.3 · fell 93.7% (mother 32.6%) · prince  8.2% · king  4.2% · crowned  1.5% (median year 82) · 4.7s
try  5 · gen   75 · best    700.1 · elite    210.0 · median    -38.3 · years  37.8 · road 0.37 · starved  1042 · nobles  -3.1 · read 37.4 · walls  6.0 · fell 92.1% (mother 23.9%) · prince  9.6% · king  6.2% · crowned  4.4% (median year 73) · 4.7s
try  6 · gen   75 · best    140.8 · elite     59.4 · median    -30.1 · years  49.3 · road 0.42 · starved  1279 · nobles  -7.9 · read 71.2 · walls  7.0 · fell 90.5% (mother 39.2%) · prince 12.2% · king  1.0% · crowned  0.0% (median year 66) · 4.7s
try  7 · gen   75 · best    461.2 · elite    158.3 · median    -26.8 · years  34.3 · road 0.39 · starved  1014 · nobles  -6.9 · read 57.2 · walls  4.5 · fell 97.6% (mother 40.2%) · prince 14.3% · king  6.2% · crowned  0.8% (median year 50) · 4.7s
try  8 · gen   75 · best     75.4 · elite     19.0 · median    -42.4 · years  72.2 · road 0.53 · starved  2060 · nobles -15.3 · read 203.9 · walls  9.0 · fell 63.7% (mother 22.3%) · prince  0.0% · king  0.0% · crowned  0.0% · 4.7s
try  1 · gen   76 · best    278.7 · elite     75.1 · median    -35.2 · years  43.5 · road 0.37 · starved   958 · nobles  -3.5 · read 60.1 · walls  6.3 · fell 91.5% (mother 22.6%) · prince  6.7% · king  1.3% · crowned  0.2% (median year 71) · 4.9s
try  2 · gen   76 · best    648.8 · elite    341.9 · median     13.4 · years  35.3 · road 0.42 · starved   805 · nobles  -4.0 · read 22.1 · walls  7.6 · fell 92.1% (mother 26.7%) · prince 17.3% · king 11.6% · crowned  6.7% (median year 53) · 4.9s
try  3 · gen   76 · best    435.6 · elite    214.0 · median    -49.4 · years  37.7 · road 0.41 · starved  1539 · nobles  -4.0 · read 43.7 · walls  5.8 · fell 93.2% (mother 33.2%) · prince  8.4% · king  5.1% · crowned  4.2% (median year 63) · 4.9s
try  4 · gen   76 · best    345.8 · elite    153.2 · median    -38.1 · years  41.4 · road 0.37 · starved  1059 · nobles  -3.7 · read 73.3 · walls  7.3 · fell 93.3% (mother 30.9%) · prince  8.3% · king  5.1% · crowned  2.4% (median year 81) · 4.9s
try  5 · gen   76 · best    541.3 · elite    244.9 · median    -43.2 · years  36.4 · road 0.37 · starved   987 · nobles  -3.1 · read 36.0 · walls  6.1 · fell 92.9% (mother 25.6%) · prince  8.7% · king  5.8% · crowned  4.6% (median year 73) · 4.9s
try  6 · gen   76 · best    143.0 · elite     63.0 · median    -32.7 · years  50.5 · road 0.42 · starved  1308 · nobles  -8.0 · read 75.4 · walls  7.1 · fell 89.8% (mother 38.7%) · prince 12.0% · king  0.7% · crowned  0.0% · 4.9s
try  7 · gen   76 · best    405.4 · elite    163.9 · median    -21.4 · years  34.9 · road 0.40 · starved  1062 · nobles  -6.9 · read 54.5 · walls  4.7 · fell 97.6% (mother 39.2%) · prince 16.1% · king  7.1% · crowned  0.9% (median year 53) · 4.9s
try  8 · gen   76 · best     75.7 · elite     23.8 · median    -39.1 · years  74.7 · road 0.53 · starved  2123 · nobles -15.5 · read 213.8 · walls  9.0 · fell 58.4% (mother 22.5%) · prince  0.0% · king  0.0% · crowned  0.0% · 4.9s
try  1 · gen   77 · best    205.6 · elite     75.0 · median    -37.2 · years  42.6 · road 0.37 · starved   968 · nobles  -3.7 · read 59.9 · walls  6.0 · fell 92.1% (mother 23.9%) · prince  7.8% · king  1.5% · crowned  0.3% (median year 80) · 5.6s
try  2 · gen   77 · best    670.8 · elite    357.1 · median      3.0 · years  35.2 · road 0.42 · starved   805 · nobles  -4.1 · read 20.8 · walls  7.6 · fell 92.5% (mother 26.2%) · prince 16.7% · king 11.1% · crowned  6.3% (median year 54) · 5.6s
try  3 · gen   77 · best    772.2 · elite    251.4 · median    -50.0 · years  37.4 · road 0.41 · starved  1540 · nobles  -3.8 · read 42.2 · walls  5.8 · fell 92.6% (mother 33.9%) · prince  9.8% · king  6.0% · crowned  5.1% (median year 63) · 5.6s
try  4 · gen   77 · best    353.4 · elite    171.6 · median    -35.8 · years  41.8 · road 0.37 · starved  1000 · nobles  -3.5 · read 74.1 · walls  7.3 · fell 92.8% (mother 28.9%) · prince  8.3% · king  5.4% · crowned  3.0% (median year 82) · 5.6s
try  5 · gen   77 · best    530.3 · elite    229.7 · median    -35.8 · years  37.2 · road 0.37 · starved   988 · nobles  -3.0 · read 36.9 · walls  6.3 · fell 92.5% (mother 24.1%) · prince  9.5% · king  6.4% · crowned  5.1% (median year 72) · 5.6s
try  6 · gen   77 · best    191.0 · elite     64.5 · median    -30.5 · years  51.5 · road 0.42 · starved  1322 · nobles  -8.1 · read 78.5 · walls  7.0 · fell 88.7% (mother 37.4%) · prince 12.7% · king  0.9% · crowned  0.0% · 5.6s
try  7 · gen   77 · best    433.2 · elite    205.1 · median    -16.1 · years  34.8 · road 0.40 · starved  1013 · nobles  -6.5 · read 53.5 · walls  4.6 · fell 96.7% (mother 36.0%) · prince 16.2% · king  7.6% · crowned  1.6% (median year 49) · 5.6s
try  8 · gen   77 · best     70.9 · elite     23.6 · median    -42.2 · years  73.8 · road 0.53 · starved  2108 · nobles -15.5 · read 211.4 · walls  9.0 · fell 58.9% (mother 20.3%) · prince  0.0% · king  0.0% · crowned  0.0% · 5.6s
try  1 · gen   78 · best    198.5 · elite     79.7 · median    -29.8 · years  43.4 · road 0.38 · starved   915 · nobles  -3.6 · read 60.0 · walls  6.0 · fell 91.4% (mother 21.5%) · prince  7.9% · king  1.5% · crowned  0.3% (median year 82) · 4.7s
try  2 · gen   78 · best    634.7 · elite    348.7 · median      6.9 · years  35.7 · road 0.42 · starved   795 · nobles  -3.8 · read 19.5 · walls  7.4 · fell 91.7% (mother 25.2%) · prince 16.4% · king 11.3% · crowned  6.9% (median year 57) · 4.7s
try  3 · gen   78 · best    570.5 · elite    233.1 · median    -44.5 · years  37.7 · road 0.41 · starved  1492 · nobles  -3.6 · read 41.5 · walls  5.9 · fell 92.4% (mother 34.1%) · prince 10.1% · king  5.7% · crowned  4.9% (median year 65) · 4.7s
try  4 · gen   78 · best    486.8 · elite    172.9 · median    -36.7 · years  42.5 · road 0.37 · starved  1050 · nobles  -3.5 · read 75.7 · walls  7.2 · fell 92.5% (mother 27.2%) · prince  8.8% · king  5.4% · crowned  2.9% (median year 79) · 4.7s
try  5 · gen   78 · best    576.1 · elite    253.5 · median    -33.3 · years  37.3 · road 0.37 · starved   976 · nobles  -2.8 · read 37.0 · walls  6.4 · fell 92.3% (mother 23.8%) · prince  9.7% · king  6.6% · crowned  5.3% (median year 72) · 4.7s
try  6 · gen   78 · best    193.2 · elite     65.9 · median    -26.7 · years  52.4 · road 0.43 · starved  1326 · nobles  -8.1 · read 83.0 · walls  6.9 · fell 87.9% (mother 36.5%) · prince 13.2% · king  0.9% · crowned  0.0% · 4.7s
try  7 · gen   78 · best    439.5 · elite    207.2 · median    -17.0 · years  34.4 · road 0.40 · starved  1012 · nobles  -6.2 · read 53.4 · walls  4.5 · fell 96.7% (mother 35.4%) · prince 16.7% · king  8.3% · crowned  1.9% (median year 51) · 4.7s
try  8 · gen   78 · best     73.4 · elite     20.6 · median    -40.7 · years  74.2 · road 0.53 · starved  2120 · nobles -15.6 · read 210.0 · walls  8.9 · fell 57.4% (mother 19.1%) · prince  0.0% · king  0.0% · crowned  0.0% · 4.7s
try  1 · gen   79 · best    334.5 · elite     94.5 · median    -33.6 · years  43.2 · road 0.38 · starved   933 · nobles  -3.6 · read 61.1 · walls  5.9 · fell 91.5% (mother 21.5%) · prince  8.3% · king  1.9% · crowned  0.3% (median year 78) · 4.9s
try  2 · gen   79 · best    787.7 · elite    348.6 · median     14.0 · years  35.3 · road 0.42 · starved   810 · nobles  -3.7 · read 16.7 · walls  7.2 · fell 92.0% (mother 26.8%) · prince 17.6% · king 11.6% · crowned  6.8% (median year 55) · 4.9s
try  3 · gen   79 · best    555.4 · elite    222.0 · median    -45.5 · years  38.0 · road 0.41 · starved  1533 · nobles  -3.4 · read 41.1 · walls  5.7 · fell 92.4% (mother 35.3%) · prince 10.2% · king  5.8% · crowned  4.7% (median year 66) · 4.9s
try  4 · gen   79 · best    511.7 · elite    193.9 · median    -40.2 · years  40.9 · road 0.37 · starved  1006 · nobles  -3.5 · read 72.5 · walls  7.0 · fell 93.0% (mother 30.7%) · prince  8.4% · king  5.9% · crowned  3.4% (median year 80) · 4.9s
try  5 · gen   79 · best    683.9 · elite    269.1 · median    -34.8 · years  37.0 · road 0.37 · starved   935 · nobles  -2.8 · read 35.6 · walls  6.4 · fell 91.9% (mother 20.9%) · prince  9.7% · king  7.0% · crowned  5.8% (median year 69) · 4.9s
try  6 · gen   79 · best    186.1 · elite     73.4 · median    -25.0 · years  52.4 · road 0.43 · starved  1263 · nobles  -7.8 · read 83.3 · walls  6.6 · fell 87.5% (mother 33.0%) · prince 13.8% · king  0.8% · crowned  0.0% · 4.9s
try  7 · gen   79 · best    508.3 · elite    241.0 · median    -10.3 · years  34.7 · road 0.40 · starved  1027 · nobles  -6.2 · read 51.9 · walls  4.5 · fell 95.9% (mother 38.3%) · prince 17.2% · king  9.3% · crowned  2.5% (median year 51) · 4.9s
try  8 · gen   79 · best     71.3 · elite     19.5 · median    -43.3 · years  72.5 · road 0.53 · starved  2096 · nobles -15.2 · read 200.1 · walls  8.9 · fell 60.7% (mother 21.2%) · prince  0.0% · king  0.0% · crowned  0.0% · 4.9s
try  1 · gen   80 · best    297.9 · elite    106.4 · median    -29.8 · years  43.4 · road 0.38 · starved   931 · nobles  -3.6 · read 61.1 · walls  5.6 · fell 91.4% (mother 22.4%) · prince  9.2% · king  2.2% · crowned  0.5% (median year 72) · 5.3s
try  2 · gen   80 · best    817.0 · elite    358.2 · median     11.7 · years  35.0 · road 0.41 · starved   767 · nobles  -3.4 · read 16.1 · walls  6.9 · fell 91.7% (mother 23.2%) · prince 17.0% · king 11.6% · crowned  7.1% (median year 55) · 5.3s
try  3 · gen   80 · best    608.4 · elite    237.9 · median    -46.5 · years  38.2 · road 0.41 · starved  1521 · nobles  -3.4 · read 41.7 · walls  5.7 · fell 92.0% (mother 33.5%) · prince 10.1% · king  5.7% · crowned  4.8% (median year 63) · 5.3s
try  4 · gen   80 · best    444.6 · elite    177.7 · median    -36.2 · years  41.6 · road 0.37 · starved   997 · nobles  -3.6 · read 74.6 · walls  7.1 · fell 92.3% (mother 31.5%) · prince  8.1% · king  5.5% · crowned  3.3% (median year 80) · 5.3s
try  5 · gen   80 · best    683.6 · elite    296.2 · median    -30.8 · years  36.9 · road 0.37 · starved   950 · nobles  -2.5 · read 35.0 · walls  6.1 · fell 91.8% (mother 20.0%) · prince 10.3% · king  7.8% · crowned  6.3% (median year 69) · 5.3s
try  6 · gen   80 · best    157.9 · elite     74.6 · median    -24.9 · years  53.6 · road 0.43 · starved  1306 · nobles  -8.1 · read 83.5 · walls  6.5 · fell 87.2% (mother 33.3%) · prince 13.9% · king  0.6% · crowned  0.0% · 5.3s
try  7 · gen   80 · best    439.7 · elite    231.2 · median    -14.2 · years  34.6 · road 0.40 · starved   990 · nobles  -6.1 · read 48.7 · walls  4.7 · fell 96.1% (mother 38.9%) · prince 16.6% · king  9.1% · crowned  2.3% (median year 50) · 5.3s
try  8 · gen   80 · best     61.3 · elite     20.2 · median    -40.0 · years  74.1 · road 0.53 · starved  2124 · nobles -15.6 · read 204.5 · walls  8.9 · fell 58.8% (mother 21.5%) · prince  0.0% · king  0.0% · crowned  0.0% · 5.3s
try  1 · gen   81 · best    335.9 · elite    102.5 · median    -28.8 · years  43.1 · road 0.38 · starved   919 · nobles  -3.7 · read 59.6 · walls  5.7 · fell 91.5% (mother 22.9%) · prince  9.0% · king  2.3% · crowned  0.4% (median year 76) · 4.7s
try  2 · gen   81 · best    754.0 · elite    375.9 · median      5.7 · years  35.2 · road 0.41 · starved   785 · nobles  -3.5 · read 16.8 · walls  6.8 · fell 91.7% (mother 24.6%) · prince 16.1% · king 11.2% · crowned  7.0% (median year 54) · 4.7s
try  3 · gen   81 · best    533.3 · elite    250.2 · median    -50.3 · years  38.4 · road 0.42 · starved  1665 · nobles  -3.5 · read 42.2 · walls  5.9 · fell 92.2% (mother 33.5%) · prince 10.4% · king  6.1% · crowned  5.1% (median year 64) · 4.7s
try  4 · gen   81 · best    391.5 · elite    185.3 · median    -34.2 · years  42.4 · road 0.37 · starved   987 · nobles  -3.5 · read 76.1 · walls  7.2 · fell 91.4% (mother 27.9%) · prince  8.4% · king  5.6% · crowned  3.5% (median year 79) · 4.7s
try  5 · gen   81 · best    582.5 · elite    287.7 · median    -32.3 · years  36.4 · road 0.37 · starved   907 · nobles  -2.6 · read 34.2 · walls  6.3 · fell 91.9% (mother 23.8%) · prince  9.8% · king  7.1% · crowned  5.9% (median year 67) · 4.7s
try  6 · gen   81 · best    215.9 · elite     78.6 · median    -20.5 · years  53.4 · road 0.44 · starved  1259 · nobles  -7.7 · read 81.5 · walls  6.5 · fell 87.4% (mother 31.9%) · prince 14.4% · king  0.9% · crowned  0.0% · 4.7s
try  7 · gen   81 · best    648.0 · elite    258.6 · median     -9.9 · years  34.1 · road 0.40 · starved   967 · nobles  -6.0 · read 46.7 · walls  4.5 · fell 95.2% (mother 39.6%) · prince 17.2% · king  9.5% · crowned  3.2% (median year 51) · 4.7s
try  8 · gen   81 · best     80.4 · elite     15.7 · median    -42.7 · years  73.6 · road 0.53 · starved  2130 · nobles -15.4 · read 202.2 · walls  8.8 · fell 57.7% (mother 19.4%) · prince  0.1% · king  0.0% · crowned  0.0% · 4.7s
try  1 · gen   82 · best    412.9 · elite    111.1 · median    -28.2 · years  42.7 · road 0.38 · starved   905 · nobles  -3.9 · read 58.5 · walls  5.8 · fell 91.8% (mother 23.9%) · prince  9.3% · king  2.4% · crowned  0.6% (median year 73) · 5.0s
try  2 · gen   82 · best    956.3 · elite    361.2 · median      4.5 · years  35.2 · road 0.41 · starved   770 · nobles  -3.4 · read 16.8 · walls  6.7 · fell 91.7% (mother 23.0%) · prince 15.8% · king 10.8% · crowned  7.1% (median year 56) · 5.0s
try  3 · gen   82 · best    863.9 · elite    279.2 · median    -47.3 · years  38.3 · road 0.42 · starved  1660 · nobles  -3.4 · read 41.4 · walls  5.8 · fell 91.9% (mother 31.0%) · prince 11.3% · king  6.8% · crowned  5.7% (median year 63) · 5.0s
try  4 · gen   82 · best    418.6 · elite    192.7 · median    -37.6 · years  41.4 · road 0.37 · starved   975 · nobles  -3.5 · read 74.5 · walls  7.0 · fell 92.3% (mother 29.1%) · prince  7.9% · king  5.6% · crowned  3.8% (median year 78) · 5.0s
try  5 · gen   82 · best    580.4 · elite    274.9 · median    -32.5 · years  36.6 · road 0.37 · starved   922 · nobles  -2.4 · read 34.1 · walls  6.3 · fell 91.9% (mother 24.2%) · prince  9.8% · king  7.3% · crowned  6.2% (median year 69) · 5.0s
try  6 · gen   82 · best    163.0 · elite     84.4 · median    -16.7 · years  53.1 · road 0.44 · starved  1211 · nobles  -7.7 · read 78.6 · walls  6.1 · fell 87.5% (mother 33.1%) · prince 14.8% · king  0.9% · crowned  0.0% · 5.0s
try  7 · gen   82 · best    649.7 · elite    282.4 · median     -8.9 · years  34.3 · road 0.40 · starved   939 · nobles  -5.6 · read 45.2 · walls  4.3 · fell 95.1% (mother 37.3%) · prince 18.2% · king 10.5% · crowned  3.5% (median year 48) · 5.0s
try  8 · gen   82 · best     73.8 · elite     21.6 · median    -41.8 · years  73.1 · road 0.53 · starved  2130 · nobles -15.3 · read 199.0 · walls  8.9 · fell 59.1% (mother 20.4%) · prince  0.6% · king  0.0% · crowned  0.0% · 5.0s
try  1 · gen   83 · best    369.9 · elite    124.3 · median    -26.8 · years  43.0 · road 0.38 · starved   909 · nobles  -3.9 · read 56.6 · walls  6.0 · fell 91.9% (mother 23.9%) · prince  9.9% · king  3.0% · crowned  0.8% (median year 76) · 5.2s
try  2 · gen   83 · best    644.0 · elite    345.9 · median      5.1 · years  35.5 · road 0.40 · starved   798 · nobles  -3.4 · read 16.6 · walls  6.3 · fell 92.0% (mother 22.1%) · prince 16.7% · king 11.6% · crowned  6.9% (median year 56) · 5.2s
try  3 · gen   83 · best    706.9 · elite    259.0 · median    -44.2 · years  37.8 · road 0.41 · starved  1703 · nobles  -3.4 · read 40.5 · walls  5.7 · fell 91.9% (mother 31.6%) · prince 11.4% · king  6.8% · crowned  5.6% (median year 63) · 5.2s
try  4 · gen   83 · best    475.2 · elite    192.3 · median    -34.8 · years  42.2 · road 0.37 · starved   963 · nobles  -3.6 · read 75.6 · walls  7.0 · fell 91.7% (mother 28.9%) · prince  8.3% · king  5.9% · crowned  3.9% (median year 81) · 5.2s
try  5 · gen   83 · best    624.8 · elite    317.6 · median    -25.4 · years  36.5 · road 0.37 · starved   858 · nobles  -2.1 · read 34.1 · walls  6.3 · fell 91.4% (mother 22.3%) · prince 10.3% · king  7.8% · crowned  6.8% (median year 64) · 5.2s
try  6 · gen   83 · best    166.5 · elite     89.0 · median    -13.9 · years  52.6 · road 0.44 · starved  1167 · nobles  -7.4 · read 76.7 · walls  6.0 · fell 86.8% (mother 32.2%) · prince 15.4% · king  1.0% · crowned  0.0% (median year 84) · 5.2s
try  7 · gen   83 · best    535.7 · elite    284.4 · median     -4.9 · years  34.0 · road 0.40 · starved   932 · nobles  -5.6 · read 44.0 · walls  4.2 · fell 95.0% (mother 39.3%) · prince 17.7% · king 10.5% · crowned  3.8% (median year 49) · 5.2s
try  8 · gen   83 · best     87.4 · elite     20.6 · median    -39.5 · years  74.9 · road 0.54 · starved  2155 · nobles -15.5 · read 201.2 · walls  8.9 · fell 55.0% (mother 17.6%) · prince  0.3% · king  0.0% · crowned  0.0% · 5.2s
try  1 · gen   84 · best    384.3 · elite    131.4 · median    -26.0 · years  43.1 · road 0.39 · starved   951 · nobles  -3.8 · read 55.6 · walls  6.0 · fell 91.8% (mother 23.8%) · prince 10.4% · king  3.7% · crowned  1.0% (median year 75) · 4.8s
try  2 · gen   84 · best    649.1 · elite    346.5 · median      7.9 · years  35.0 · road 0.40 · starved   788 · nobles  -3.3 · read 14.4 · walls  5.8 · fell 91.7% (mother 21.0%) · prince 16.0% · king 11.9% · crowned  6.9% (median year 56) · 4.8s
try  3 · gen   84 · best    701.6 · elite    284.0 · median    -44.0 · years  37.5 · road 0.42 · starved  1523 · nobles  -3.4 · read 40.1 · walls  5.9 · fell 92.1% (mother 33.6%) · prince 11.2% · king  6.7% · crowned  5.7% (median year 61) · 4.8s
try  4 · gen   84 · best    438.5 · elite    193.7 · median    -32.8 · years  41.5 · road 0.37 · starved   962 · nobles  -3.7 · read 74.2 · walls  6.9 · fell 92.3% (mother 29.2%) · prince  8.8% · king  6.2% · crowned  4.0% (median year 78) · 4.8s
try  5 · gen   84 · best    592.7 · elite    305.8 · median    -27.0 · years  36.7 · road 0.38 · starved   908 · nobles  -2.2 · read 34.5 · walls  6.4 · fell 91.2% (mother 22.8%) · prince 10.5% · king  8.0% · crowned  6.9% (median year 64) · 4.8s
try  6 · gen   84 · best    169.6 · elite     87.8 · median    -16.0 · years  52.5 · road 0.44 · starved  1180 · nobles  -7.3 · read 78.0 · walls  5.9 · fell 88.0% (mother 32.7%) · prince 16.2% · king  0.9% · crowned  0.0% · 4.8s
try  7 · gen   84 · best    675.7 · elite    302.3 · median      2.4 · years  34.4 · road 0.40 · starved   912 · nobles  -5.2 · read 45.3 · walls  4.0 · fell 93.9% (mother 35.5%) · prince 18.8% · king 11.6% · crowned  4.7% (median year 49) · 4.8s
try  8 · gen   84 · best     83.4 · elite     18.4 · median    -37.2 · years  74.5 · road 0.54 · starved  2169 · nobles -15.7 · read 194.4 · walls  8.9 · fell 58.3% (mother 20.5%) · prince  0.8% · king  0.0% · crowned  0.0% · 4.8s
try  1 · gen   85 · best    356.1 · elite    155.2 · median    -26.3 · years  42.1 · road 0.38 · starved   957 · nobles  -3.5 · read 55.3 · walls  5.6 · fell 91.8% (mother 23.4%) · prince 10.7% · king  4.3% · crowned  1.8% (median year 73) · 4.8s
try  2 · gen   85 · best    631.3 · elite    371.0 · median      3.9 · years  33.9 · road 0.39 · starved   766 · nobles  -2.9 · read 11.6 · walls  5.1 · fell 91.5% (mother 18.8%) · prince 15.8% · king 11.8% · crowned  7.4% (median year 54) · 4.8s
try  3 · gen   85 · best    598.3 · elite    280.4 · median    -42.3 · years  37.1 · road 0.41 · starved  1467 · nobles  -3.3 · read 39.7 · walls  5.7 · fell 91.8% (mother 32.4%) · prince 10.8% · king  7.0% · crowned  5.9% (median year 61) · 4.8s
try  4 · gen   85 · best    527.9 · elite    205.6 · median    -36.4 · years  42.1 · road 0.37 · starved   961 · nobles  -3.8 · read 75.0 · walls  6.6 · fell 91.4% (mother 27.6%) · prince  7.9% · king  5.8% · crowned  4.0% (median year 77) · 4.8s
try  5 · gen   85 · best    740.5 · elite    309.2 · median    -25.8 · years  36.5 · road 0.38 · starved   888 · nobles  -2.2 · read 34.8 · walls  6.3 · fell 91.5% (mother 21.6%) · prince 10.5% · king  8.0% · crowned  7.0% (median year 64) · 4.8s
try  6 · gen   85 · best    160.5 · elite     88.2 · median    -15.6 · years  52.2 · road 0.44 · starved  1185 · nobles  -7.3 · read 76.8 · walls  6.0 · fell 88.8% (mother 33.5%) · prince 15.9% · king  1.2% · crowned  0.0% · 4.8s
try  7 · gen   85 · best    610.7 · elite    320.4 · median      4.5 · years  34.3 · road 0.39 · starved   895 · nobles  -4.8 · read 44.8 · walls  4.0 · fell 93.3% (mother 34.3%) · prince 18.8% · king 12.1% · crowned  5.5% (median year 49) · 4.8s
try  8 · gen   85 · best     71.9 · elite     24.8 · median    -38.8 · years  73.4 · road 0.53 · starved  2114 · nobles -15.5 · read 190.0 · walls  8.9 · fell 57.8% (mother 18.2%) · prince  1.5% · king  0.0% · crowned  0.0% · 4.8s
try  1 · gen   86 · best    540.0 · elite    197.9 · median    -24.7 · years  41.9 · road 0.38 · starved  1019 · nobles  -3.2 · read 56.2 · walls  5.3 · fell 92.2% (mother 23.1%) · prince 11.7% · king  5.0% · crowned  2.6% (median year 70) · 4.9s
try  2 · gen   86 · best    598.8 · elite    347.0 · median     12.8 · years  33.9 · road 0.39 · starved   750 · nobles  -2.8 · read  9.9 · walls  4.8 · fell 91.0% (mother 18.3%) · prince 15.5% · king 11.7% · crowned  7.5% (median year 56) · 4.9s
try  3 · gen   86 · best    764.8 · elite    281.8 · median    -30.0 · years  36.9 · road 0.41 · starved  1367 · nobles  -2.8 · read 38.8 · walls  5.7 · fell 91.3% (mother 31.6%) · prince 11.5% · king  6.9% · crowned  6.2% (median year 64) · 4.9s
try  4 · gen   86 · best    530.0 · elite    199.6 · median    -32.7 · years  42.5 · road 0.37 · starved   964 · nobles  -3.6 · read 76.2 · walls  6.5 · fell 91.6% (mother 25.4%) · prince  8.6% · king  6.2% · crowned  4.1% (median year 79) · 4.9s
try  5 · gen   86 · best    605.6 · elite    299.7 · median    -23.7 · years  36.9 · road 0.38 · starved   898 · nobles  -1.8 · read 35.5 · walls  6.4 · fell 91.5% (mother 20.4%) · prince 10.6% · king  7.8% · crowned  6.8% (median year 64) · 4.9s
try  6 · gen   86 · best    198.8 · elite     87.8 · median    -15.7 · years  51.9 · road 0.43 · starved  1177 · nobles  -7.1 · read 76.9 · walls  5.8 · fell 88.9% (mother 31.7%) · prince 16.3% · king  1.2% · crowned  0.0% (median year 66) · 4.9s
try  7 · gen   86 · best    666.0 · elite    350.0 · median     10.1 · years  35.2 · road 0.39 · starved   852 · nobles  -4.2 · read 45.4 · walls  4.0 · fell 91.9% (mother 31.0%) · prince 18.3% · king 12.4% · crowned  6.7% (median year 50) · 4.9s
try  8 · gen   86 · best    108.8 · elite     26.5 · median    -39.3 · years  72.4 · road 0.53 · starved  2132 · nobles -15.0 · read 181.7 · walls  9.0 · fell 57.9% (mother 16.7%) · prince  3.0% · king  0.0% · crowned  0.0% · 4.9s
try  1 · gen   87 · best    506.8 · elite    204.4 · median    -29.8 · years  40.9 · road 0.38 · starved  1032 · nobles  -3.2 · read 53.7 · walls  5.2 · fell 92.3% (mother 23.1%) · prince 11.7% · king  5.4% · crowned  3.0% (median year 69) · 4.7s
try  2 · gen   87 · best    820.3 · elite    384.4 · median     10.0 · years  33.3 · road 0.38 · starved   745 · nobles  -2.8 · read  9.6 · walls  4.3 · fell 91.2% (mother 18.1%) · prince 16.0% · king 12.0% · crowned  7.7% (median year 54) · 4.7s
try  3 · gen   87 · best    578.6 · elite    294.8 · median    -30.9 · years  36.1 · road 0.41 · starved  1360 · nobles  -2.9 · read 38.1 · walls  5.7 · fell 91.5% (mother 30.0%) · prince 11.6% · king  6.9% · crowned  6.3% (median year 61) · 4.7s
try  4 · gen   87 · best    478.1 · elite    213.0 · median    -34.0 · years  41.7 · road 0.36 · starved   925 · nobles  -3.5 · read 74.5 · walls  6.3 · fell 91.4% (mother 25.5%) · prince  8.3% · king  6.1% · crowned  4.4% (median year 77) · 4.7s
try  5 · gen   87 · best    562.4 · elite    314.9 · median    -26.1 · years  36.3 · road 0.38 · starved   896 · nobles  -1.7 · read 35.2 · walls  6.3 · fell 91.8% (mother 21.9%) · prince 10.8% · king  7.4% · crowned  6.6% (median year 62) · 4.7s
try  6 · gen   87 · best    230.4 · elite     85.2 · median    -13.7 · years  51.9 · road 0.43 · starved  1193 · nobles  -6.9 · read 76.2 · walls  5.8 · fell 88.4% (mother 29.7%) · prince 16.8% · king  1.4% · crowned  0.0% · 4.7s
try  7 · gen   87 · best    710.4 · elite    367.8 · median      5.4 · years  34.8 · road 0.39 · starved   857 · nobles  -4.3 · read 43.8 · walls  4.0 · fell 91.9% (mother 32.6%) · prince 18.8% · king 12.9% · crowned  6.8% (median year 50) · 4.7s
try  8 · gen   87 · best     76.3 · elite     28.9 · median    -37.2 · years  71.9 · road 0.53 · starved  2073 · nobles -14.9 · read 180.2 · walls  9.0 · fell 59.7% (mother 17.5%) · prince  4.0% · king  0.0% · crowned  0.0% · 4.7s
try  1 · gen   88 · best    508.9 · elite    213.6 · median    -27.8 · years  41.5 · road 0.38 · starved  1068 · nobles  -3.1 · read 52.5 · walls  5.2 · fell 92.2% (mother 23.2%) · prince 12.1% · king  5.8% · crowned  3.0% (median year 67) · 4.8s
try  2 · gen   88 · best    955.7 · elite    392.5 · median      9.6 · years  32.8 · road 0.38 · starved   760 · nobles  -2.6 · read  8.3 · walls  3.8 · fell 90.9% (mother 17.5%) · prince 16.3% · king 12.2% · crowned  8.1% (median year 52) · 4.8s
try  3 · gen   88 · best    736.2 · elite    276.2 · median    -39.7 · years  35.3 · road 0.41 · starved  1365 · nobles  -3.0 · read 37.2 · walls  5.6 · fell 92.2% (mother 33.0%) · prince 10.8% · king  6.4% · crowned  5.6% (median year 64) · 4.8s
try  4 · gen   88 · best    364.5 · elite    194.7 · median    -35.5 · years  40.9 · road 0.36 · starved   918 · nobles  -3.5 · read 72.6 · walls  6.3 · fell 91.9% (mother 24.8%) · prince  8.4% · king  6.0% · crowned  4.0% (median year 76) · 4.8s
try  5 · gen   88 · best    577.3 · elite    298.4 · median    -25.3 · years  36.2 · road 0.38 · starved   881 · nobles  -1.5 · read 34.2 · walls  6.3 · fell 91.5% (mother 19.4%) · prince 10.5% · king  7.7% · crowned  6.9% (median year 63) · 4.8s
try  6 · gen   88 · best    186.7 · elite    101.5 · median    -13.0 · years  52.8 · road 0.44 · starved  1212 · nobles  -7.1 · read 76.1 · walls  6.1 · fell 88.2% (mother 31.8%) · prince 18.1% · king  1.9% · crowned  0.0% (median year 57) · 4.8s
try  7 · gen   88 · best    648.9 · elite    360.3 · median     15.1 · years  35.0 · road 0.40 · starved   850 · nobles  -4.1 · read 43.9 · walls  4.1 · fell 91.8% (mother 30.8%) · prince 18.6% · king 12.7% · crowned  6.9% (median year 49) · 4.8s
try  8 · gen   88 · best    100.8 · elite     31.9 · median    -33.1 · years  72.2 · road 0.53 · starved  2076 · nobles -14.9 · read 181.6 · walls  9.0 · fell 60.1% (mother 19.5%) · prince  4.8% · king  0.0% · crowned  0.0% · 4.8s
try  1 · gen   89 · best    425.5 · elite    210.1 · median    -31.4 · years  41.0 · road 0.38 · starved  1058 · nobles  -3.1 · read 51.5 · walls  5.3 · fell 92.4% (mother 24.9%) · prince 11.9% · king  5.7% · crowned  3.1% (median year 65) · 4.7s
try  2 · gen   89 · best    786.7 · elite    387.7 · median      3.4 · years  32.8 · road 0.37 · starved   748 · nobles  -2.8 · read  8.3 · walls  3.7 · fell 90.9% (mother 17.8%) · prince 15.7% · king 12.1% · crowned  8.1% (median year 53) · 4.7s
try  3 · gen   89 · best    566.7 · elite    271.9 · median    -32.2 · years  35.6 · road 0.41 · starved  1324 · nobles  -2.8 · read 37.6 · walls  5.5 · fell 91.2% (mother 33.2%) · prince 11.1% · king  6.4% · crowned  5.8% (median year 63) · 4.7s
try  4 · gen   89 · best    486.9 · elite    211.4 · median    -31.5 · years  41.1 · road 0.37 · starved   932 · nobles  -3.5 · read 73.0 · walls  6.3 · fell 91.9% (mother 25.9%) · prince  8.9% · king  6.3% · crowned  4.1% (median year 76) · 4.7s
try  5 · gen   89 · best    717.6 · elite    323.2 · median    -25.5 · years  36.8 · road 0.38 · starved   924 · nobles  -1.4 · read 34.1 · walls  6.3 · fell 91.2% (mother 17.9%) · prince 11.0% · king  8.1% · crowned  7.1% (median year 63) · 4.7s
try  6 · gen   89 · best    179.5 · elite     90.4 · median    -14.2 · years  52.1 · road 0.44 · starved  1171 · nobles  -7.0 · read 75.9 · walls  5.9 · fell 88.3% (mother 29.3%) · prince 16.9% · king  1.7% · crowned  0.0% · 4.7s
try  7 · gen   89 · best    646.9 · elite    387.8 · median      8.3 · years  34.2 · road 0.39 · starved   823 · nobles  -4.0 · read 43.1 · walls  4.1 · fell 91.6% (mother 30.4%) · prince 18.5% · king 12.9% · crowned  7.2% (median year 48) · 4.7s
try  8 · gen   89 · best    109.5 · elite     42.3 · median    -32.1 · years  69.8 · road 0.51 · starved  1950 · nobles -14.2 · read 172.0 · walls  9.0 · fell 63.2% (mother 17.7%) · prince  6.3% · king  0.1% · crowned  0.0% · 4.7s
try  1 · gen   90 · best    461.9 · elite    204.5 · median    -29.5 · years  40.8 · road 0.38 · starved  1115 · nobles  -3.3 · read 50.6 · walls  5.3 · fell 92.9% (mother 26.4%) · prince 12.8% · king  5.8% · crowned  3.1% (median year 64) · 5.0s
try  2 · gen   90 · best    757.1 · elite    392.1 · median      4.7 · years  32.4 · road 0.38 · starved   748 · nobles  -2.7 · read  8.5 · walls  3.9 · fell 91.4% (mother 17.8%) · prince 16.0% · king 12.1% · crowned  7.9% (median year 53) · 5.0s
try  3 · gen   90 · best    577.6 · elite    260.8 · median    -34.9 · years  34.6 · road 0.40 · starved  1191 · nobles  -3.0 · read 36.9 · walls  5.4 · fell 91.6% (mother 35.4%) · prince 10.4% · king  6.3% · crowned  5.8% (median year 66) · 5.0s
try  4 · gen   90 · best    476.6 · elite    210.2 · median    -34.4 · years  40.5 · road 0.37 · starved   921 · nobles  -3.3 · read 71.9 · walls  6.1 · fell 91.8% (mother 26.3%) · prince  9.0% · king  6.5% · crowned  4.6% (median year 75) · 5.0s
try  5 · gen   90 · best    553.5 · elite    301.5 · median    -24.9 · years  37.1 · road 0.38 · starved   899 · nobles  -1.3 · read 34.0 · walls  6.3 · fell 91.1% (mother 17.3%) · prince 11.0% · king  8.0% · crowned  7.0% (median year 62) · 5.0s
try  6 · gen   90 · best    185.7 · elite     88.7 · median     -9.7 · years  52.8 · road 0.44 · starved  1182 · nobles  -6.9 · read 75.9 · walls  5.9 · fell 88.0% (mother 28.9%) · prince 17.0% · king  1.6% · crowned  0.0% · 5.0s
try  7 · gen   90 · best    846.2 · elite    393.5 · median      7.6 · years  34.5 · road 0.39 · starved   828 · nobles  -3.9 · read 42.5 · walls  4.1 · fell 91.9% (mother 30.1%) · prince 18.1% · king 13.1% · crowned  7.0% (median year 50) · 5.0s
try  8 · gen   90 · best    208.4 · elite     70.2 · median    -24.6 · years  66.7 · road 0.50 · starved  1739 · nobles -12.7 · read 156.3 · walls  9.0 · fell 66.9% (mother 17.0%) · prince 11.1% · king  0.2% · crowned  0.0% · 5.0s
try  1 · gen   91 · best    439.6 · elite    199.1 · median    -27.5 · years  41.1 · road 0.39 · starved  1070 · nobles  -3.5 · read 50.5 · walls  5.5 · fell 93.4% (mother 30.5%) · prince 12.3% · king  5.1% · crowned  2.7% (median year 64) · 4.7s
try  2 · gen   91 · best    819.2 · elite    384.8 · median     11.8 · years  32.5 · road 0.38 · starved   709 · nobles  -2.4 · read  8.1 · walls  3.8 · fell 90.8% (mother 17.3%) · prince 15.9% · king 12.2% · crowned  8.3% (median year 53) · 4.7s
try  3 · gen   91 · best    684.7 · elite    268.0 · median    -34.8 · years  34.9 · road 0.41 · starved  1303 · nobles  -2.8 · read 38.2 · walls  5.6 · fell 92.1% (mother 33.0%) · prince 10.7% · king  6.8% · crowned  6.2% (median year 63) · 4.7s
try  4 · gen   91 · best    518.9 · elite    226.9 · median    -31.3 · years  40.1 · road 0.37 · starved   918 · nobles  -3.2 · read 70.1 · walls  6.1 · fell 91.6% (mother 26.8%) · prince  9.2% · king  6.8% · crowned  4.7% (median year 74) · 4.7s
try  5 · gen   91 · best    651.8 · elite    346.7 · median    -24.7 · years  36.6 · road 0.38 · starved   883 · nobles  -1.3 · read 33.2 · walls  6.1 · fell 91.1% (mother 18.0%) · prince 11.1% · king  8.1% · crowned  7.1% (median year 62) · 4.7s
try  6 · gen   91 · best    246.5 · elite     93.0 · median    -14.9 · years  52.1 · road 0.43 · starved  1204 · nobles  -7.0 · read 72.7 · walls  5.9 · fell 88.6% (mother 30.2%) · prince 16.1% · king  1.6% · crowned  0.1% (median year 55) · 4.7s
try  7 · gen   91 · best    719.5 · elite    397.2 · median     20.1 · years  33.9 · road 0.39 · starved   768 · nobles  -3.5 · read 41.5 · walls  4.0 · fell 91.0% (mother 30.8%) · prince 18.1% · king 13.3% · crowned  8.0% (median year 48) · 4.7s
try  8 · gen   91 · best    196.2 · elite     86.4 · median    -13.1 · years  64.4 · road 0.48 · starved  1495 · nobles -11.5 · read 144.7 · walls  9.0 · fell 70.9% (mother 17.9%) · prince 13.2% · king  0.4% · crowned  0.0% · 4.7s
try  1 · gen   92 · best    414.8 · elite    187.0 · median    -29.4 · years  40.6 · road 0.39 · starved  1063 · nobles  -3.6 · read 48.8 · walls  5.7 · fell 93.5% (mother 31.7%) · prince 11.5% · king  5.2% · crowned  2.6% (median year 65) · 4.5s
try  2 · gen   92 · best    788.2 · elite    409.8 · median      5.5 · years  32.3 · road 0.37 · starved   726 · nobles  -2.5 · read  8.4 · walls  3.6 · fell 90.9% (mother 17.6%) · prince 16.2% · king 12.3% · crowned  8.2% (median year 52) · 4.5s
try  3 · gen   92 · best    668.0 · elite    288.4 · median    -30.4 · years  34.4 · road 0.41 · starved  1141 · nobles  -2.8 · read 37.3 · walls  5.6 · fell 91.5% (mother 34.0%) · prince 11.1% · king  7.0% · crowned  6.4% (median year 62) · 4.5s
try  4 · gen   92 · best    618.2 · elite    231.9 · median    -31.0 · years  39.3 · road 0.37 · starved   917 · nobles  -3.3 · read 68.8 · walls  6.0 · fell 92.2% (mother 27.9%) · prince  9.2% · king  6.9% · crowned  4.8% (median year 71) · 4.5s
try  5 · gen   92 · best    582.1 · elite    311.2 · median    -25.7 · years  36.3 · road 0.37 · starved   876 · nobles  -1.3 · read 32.5 · walls  5.8 · fell 91.4% (mother 18.5%) · prince 10.9% · king  7.8% · crowned  7.1% (median year 63) · 4.5s
try  6 · gen   92 · best    173.9 · elite     89.2 · median    -11.2 · years  52.3 · road 0.44 · starved  1176 · nobles  -7.1 · read 72.8 · walls  6.1 · fell 88.8% (mother 29.6%) · prince 17.0% · king  1.7% · crowned  0.0% (median year 64) · 4.5s
try  7 · gen   92 · best    903.4 · elite    395.8 · median     14.0 · years  34.4 · road 0.39 · starved   787 · nobles  -3.7 · read 42.1 · walls  4.1 · fell 90.9% (mother 30.4%) · prince 18.0% · king 13.3% · crowned  8.0% (median year 47) · 4.5s
try  8 · gen   92 · best    194.1 · elite    100.1 · median     -4.0 · years  62.8 · road 0.47 · starved  1326 · nobles -10.2 · read 138.3 · walls  8.9 · fell 72.0% (mother 18.5%) · prince 15.2% · king  0.6% · crowned  0.0% · 4.5s
try  1 · gen   93 · best    429.0 · elite    201.7 · median    -26.3 · years  40.6 · road 0.39 · starved  1055 · nobles  -3.6 · read 48.4 · walls  5.8 · fell 93.2% (mother 31.5%) · prince 12.8% · king  5.6% · crowned  2.8% (median year 65) · 5.7s
try  2 · gen   93 · best    819.1 · elite    427.2 · median     22.6 · years  32.0 · road 0.37 · starved   695 · nobles  -2.0 · read  8.5 · walls  3.5 · fell 89.6% (mother 15.9%) · prince 16.5% · king 13.2% · crowned  9.5% (median year 51) · 5.7s
try  3 · gen   93 · best    597.9 · elite    294.4 · median    -29.6 · years  34.4 · road 0.41 · starved  1166 · nobles  -2.8 · read 38.2 · walls  5.6 · fell 91.5% (mother 32.0%) · prince 10.9% · king  6.8% · crowned  6.3% (median year 63) · 5.7s
try  4 · gen   93 · best    507.5 · elite    220.3 · median    -32.9 · years  38.8 · road 0.37 · starved   924 · nobles  -3.6 · read 67.4 · walls  6.0 · fell 92.5% (mother 29.9%) · prince  9.1% · king  6.6% · crowned  4.5% (median year 72) · 5.7s
try  5 · gen   93 · best    583.4 · elite    302.1 · median    -27.7 · years  35.8 · road 0.37 · starved   866 · nobles  -1.5 · read 31.9 · walls  5.5 · fell 92.0% (mother 18.0%) · prince 10.6% · king  7.5% · crowned  6.2% (median year 61) · 5.7s
try  6 · gen   93 · best    178.3 · elite     88.5 · median    -11.7 · years  52.7 · road 0.43 · starved  1159 · nobles  -6.9 · read 71.6 · walls  6.1 · fell 87.7% (mother 29.6%) · prince 15.6% · king  1.6% · crowned  0.0% · 5.7s
try  7 · gen   93 · best    700.3 · elite    397.1 · median      8.9 · years  33.8 · road 0.39 · starved   794 · nobles  -3.6 · read 41.7 · walls  4.0 · fell 91.1% (mother 30.7%) · prince 17.2% · king 12.6% · crowned  7.8% (median year 49) · 5.7s
try  8 · gen   93 · best    295.1 · elite    111.3 · median     -5.5 · years  61.9 · road 0.47 · starved  1275 · nobles  -9.3 · read 137.4 · walls  8.9 · fell 73.8% (mother 21.2%) · prince 16.5% · king  0.9% · crowned  0.0% (median year 86) · 5.7s
try  1 · gen   94 · best    547.4 · elite    181.2 · median    -30.0 · years  39.8 · road 0.39 · starved  1113 · nobles  -3.8 · read 48.6 · walls  5.6 · fell 94.3% (mother 33.4%) · prince 12.3% · king  5.0% · crowned  2.1% (median year 65) · 4.5s
try  2 · gen   94 · best    806.4 · elite    415.9 · median     25.0 · years  31.9 · road 0.37 · starved   712 · nobles  -2.0 · read  8.6 · walls  3.4 · fell 89.8% (mother 15.7%) · prince 17.0% · king 13.5% · crowned  9.6% (median year 52) · 4.5s
try  3 · gen   94 · best    611.2 · elite    269.4 · median    -32.7 · years  34.3 · road 0.41 · starved  1271 · nobles  -3.2 · read 38.8 · walls  5.5 · fell 91.8% (mother 32.2%) · prince 10.4% · king  6.8% · crowned  6.2% (median year 62) · 4.5s
try  4 · gen   94 · best    522.3 · elite    217.2 · median    -32.7 · years  38.9 · road 0.37 · starved   951 · nobles  -3.8 · read 66.1 · walls  6.3 · fell 92.6% (mother 29.2%) · prince  8.8% · king  6.3% · crowned  4.2% (median year 72) · 4.5s
try  5 · gen   94 · best    672.1 · elite    297.0 · median    -19.3 · years  36.1 · road 0.37 · starved   876 · nobles  -1.4 · read 31.9 · walls  5.3 · fell 91.8% (mother 19.1%) · prince 11.2% · king  7.7% · crowned  6.6% (median year 62) · 4.5s
try  6 · gen   94 · best    198.1 · elite     89.9 · median    -11.4 · years  53.9 · road 0.43 · starved  1166 · nobles  -7.1 · read 71.0 · walls  6.1 · fell 87.4% (mother 28.0%) · prince 15.8% · king  1.6% · crowned  0.0% · 4.5s
try  7 · gen   94 · best    805.8 · elite    435.4 · median     20.4 · years  33.8 · road 0.39 · starved   765 · nobles  -3.1 · read 42.2 · walls  3.9 · fell 90.4% (mother 26.9%) · prince 18.5% · king 13.6% · crowned  8.7% (median year 46) · 4.5s
try  8 · gen   94 · best    232.5 · elite    116.1 · median      3.1 · years  61.4 · road 0.47 · starved  1203 · nobles  -9.0 · read 136.6 · walls  8.9 · fell 74.1% (mother 21.3%) · prince 19.1% · king  1.2% · crowned  0.0% · 4.5s
try  1 · gen   95 · best    576.7 · elite    206.9 · median    -32.3 · years  39.7 · road 0.39 · starved  1120 · nobles  -3.7 · read 48.6 · walls  5.7 · fell 94.4% (mother 34.2%) · prince 12.4% · king  5.5% · crowned  2.7% (median year 63) · 4.5s
try  2 · gen   95 · best    772.8 · elite    438.9 · median     24.9 · years  31.8 · road 0.37 · starved   705 · nobles  -2.0 · read  8.5 · walls  3.6 · fell 89.6% (mother 15.6%) · prince 16.3% · king 12.8% · crowned  9.7% (median year 52) · 4.5s
try  3 · gen   95 · best    510.1 · elite    297.1 · median    -26.0 · years  34.2 · road 0.41 · starved  1125 · nobles  -2.9 · read 39.1 · walls  5.5 · fell 91.1% (mother 31.0%) · prince 11.4% · king  7.7% · crowned  7.0% (median year 61) · 4.5s
try  4 · gen   95 · best    490.1 · elite    221.2 · median    -37.2 · years  38.3 · road 0.37 · starved   943 · nobles  -3.9 · read 63.7 · walls  6.3 · fell 93.1% (mother 29.8%) · prince  8.6% · king  6.4% · crowned  4.3% (median year 70) · 4.5s
try  5 · gen   95 · best    546.8 · elite    294.0 · median    -24.6 · years  35.6 · road 0.37 · starved   880 · nobles  -1.2 · read 31.5 · walls  5.3 · fell 92.0% (mother 20.2%) · prince 11.0% · king  7.3% · crowned  6.3% (median year 61) · 4.5s
try  6 · gen   95 · best    216.5 · elite     91.3 · median    -16.5 · years  52.9 · road 0.43 · starved  1187 · nobles  -7.0 · read 67.8 · walls  5.9 · fell 88.0% (mother 28.4%) · prince 16.3% · king  1.7% · crowned  0.0% · 4.5s
try  7 · gen   95 · best    797.7 · elite    413.2 · median     25.1 · years  33.8 · road 0.38 · starved   714 · nobles  -2.9 · read 41.1 · walls  3.7 · fell 89.9% (mother 25.6%) · prince 18.1% · king 13.8% · crowned  9.0% (median year 46) · 4.5s
try  8 · gen   95 · best    231.6 · elite    119.6 · median      2.2 · years  59.9 · road 0.46 · starved  1171 · nobles  -8.5 · read 132.1 · walls  8.9 · fell 75.8% (mother 24.0%) · prince 19.3% · king  1.5% · crowned  0.1% (median year 78) · 4.5s
try  1 · gen   96 · best    527.2 · elite    213.7 · median    -30.4 · years  40.2 · road 0.38 · starved  1102 · nobles  -3.5 · read 48.4 · walls  5.6 · fell 93.5% (mother 31.1%) · prince 12.4% · king  5.7% · crowned  3.1% (median year 62) · 5.6s
try  2 · gen   96 · best    799.8 · elite    420.7 · median     19.0 · years  31.8 · road 0.36 · starved   692 · nobles  -1.9 · read  9.0 · walls  3.2 · fell 89.8% (mother 15.1%) · prince 16.0% · king 12.8% · crowned  9.4% (median year 53) · 5.6s
try  3 · gen   96 · best    630.8 · elite    309.3 · median    -26.1 · years  33.7 · road 0.41 · starved  1199 · nobles  -2.9 · read 38.1 · walls  5.5 · fell 91.7% (mother 32.7%) · prince 11.1% · king  7.2% · crowned  6.6% (median year 59) · 5.6s
try  4 · gen   96 · best    524.4 · elite    227.7 · median    -31.2 · years  38.3 · road 0.37 · starved   945 · nobles  -3.7 · read 61.7 · walls  6.2 · fell 92.8% (mother 28.9%) · prince  9.3% · king  7.0% · crowned  4.5% (median year 72) · 5.6s
try  5 · gen   96 · best    677.4 · elite    306.3 · median    -28.3 · years  35.4 · road 0.37 · starved   881 · nobles  -1.2 · read 31.4 · walls  5.3 · fell 92.0% (mother 18.4%) · prince 10.9% · king  7.6% · crowned  6.3% (median year 62) · 5.6s
try  6 · gen   96 · best    318.6 · elite     90.9 · median    -14.7 · years  52.8 · road 0.43 · starved  1183 · nobles  -6.6 · read 65.2 · walls  5.8 · fell 87.7% (mother 30.7%) · prince 16.9% · king  2.2% · crowned  0.0% (median year 76) · 5.6s
try  7 · gen   96 · best    888.8 · elite    431.5 · median     35.4 · years  34.1 · road 0.39 · starved   748 · nobles  -2.8 · read 41.0 · walls  3.7 · fell 89.8% (mother 26.1%) · prince 18.9% · king 14.3% · crowned  9.4% (median year 47) · 5.6s
try  8 · gen   96 · best    225.2 · elite    117.2 · median      3.8 · years  58.8 · road 0.46 · starved  1173 · nobles  -8.3 · read 129.7 · walls  8.8 · fell 77.9% (mother 25.8%) · prince 20.0% · king  1.8% · crowned  0.0% (median year 96) · 5.6s
try  1 · gen   97 · best    577.3 · elite    244.7 · median    -28.4 · years  39.4 · road 0.39 · starved  1060 · nobles  -3.4 · read 46.5 · walls  5.6 · fell 93.2% (mother 32.0%) · prince 12.3% · king  6.3% · crowned  3.8% (median year 61) · 4.5s
try  2 · gen   97 · best    758.5 · elite    401.5 · median     27.6 · years  32.0 · road 0.37 · starved   724 · nobles  -1.9 · read  9.7 · walls  3.5 · fell 89.5% (mother 15.5%) · prince 16.2% · king 13.1% · crowned  9.6% (median year 52) · 4.5s
try  3 · gen   97 · best    804.2 · elite    309.5 · median    -27.3 · years  34.0 · road 0.41 · starved  1136 · nobles  -3.1 · read 38.3 · walls  5.4 · fell 91.3% (mother 34.1%) · prince 11.2% · king  7.5% · crowned  6.8% (median year 59) · 4.5s
try  4 · gen   97 · best    667.0 · elite    228.8 · median    -34.4 · years  38.4 · road 0.38 · starved   986 · nobles  -3.9 · read 62.1 · walls  6.4 · fell 92.8% (mother 30.5%) · prince  8.8% · king  6.5% · crowned  4.3% (median year 69) · 4.5s
try  5 · gen   97 · best    545.0 · elite    301.2 · median    -24.7 · years  36.0 · road 0.37 · starved   888 · nobles  -1.3 · read 31.9 · walls  5.4 · fell 91.3% (mother 18.7%) · prince 11.0% · king  7.7% · crowned  6.7% (median year 61) · 4.5s
try  6 · gen   97 · best    201.5 · elite     99.3 · median    -10.4 · years  52.9 · road 0.43 · starved  1173 · nobles  -6.7 · read 63.3 · walls  5.7 · fell 87.9% (mother 30.9%) · prince 17.9% · king  2.2% · crowned  0.0% (median year 65) · 4.5s
try  7 · gen   97 · best    778.5 · elite    449.2 · median     42.3 · years  33.7 · road 0.39 · starved   737 · nobles  -2.7 · read 40.6 · walls  3.5 · fell 89.1% (mother 26.3%) · prince 20.2% · king 15.4% · crowned 10.1% (median year 46) · 4.5s
try  8 · gen   97 · best    233.8 · elite    123.2 · median      8.8 · years  58.6 · road 0.46 · starved  1165 · nobles  -8.2 · read 127.5 · walls  8.8 · fell 77.9% (mother 27.8%) · prince 21.2% · king  1.9% · crowned  0.1% (median year 89) · 4.5s
try  1 · gen   98 · best    566.7 · elite    259.0 · median    -27.2 · years  39.1 · road 0.39 · starved  1080 · nobles  -3.2 · read 46.1 · walls  5.6 · fell 93.3% (mother 30.2%) · prince 13.8% · king  6.7% · crowned  3.8% (median year 56) · 4.6s
try  2 · gen   98 · best    759.3 · elite    417.0 · median     25.5 · years  31.6 · road 0.37 · starved   712 · nobles  -1.8 · read  9.2 · walls  3.5 · fell 89.4% (mother 15.5%) · prince 16.8% · king 13.4% · crowned  9.9% (median year 52) · 4.6s
try  3 · gen   98 · best    555.8 · elite    304.5 · median    -26.6 · years  33.4 · road 0.41 · starved  1077 · nobles  -3.3 · read 38.4 · walls  5.3 · fell 91.6% (mother 33.0%) · prince 10.9% · king  7.8% · crowned  7.0% (median year 59) · 4.6s
try  4 · gen   98 · best    521.3 · elite    220.6 · median    -35.7 · years  38.6 · road 0.38 · starved  1027 · nobles  -4.0 · read 60.7 · walls  6.5 · fell 93.1% (mother 29.4%) · prince  8.8% · king  6.3% · crowned  4.0% (median year 70) · 4.6s
try  5 · gen   98 · best    653.6 · elite    308.0 · median    -27.0 · years  36.2 · road 0.37 · starved   934 · nobles  -1.3 · read 32.6 · walls  5.4 · fell 91.9% (mother 18.9%) · prince 11.3% · king  7.8% · crowned  6.5% (median year 61) · 4.6s
try  6 · gen   98 · best    285.4 · elite    103.0 · median    -13.0 · years  53.1 · road 0.43 · starved  1168 · nobles  -6.4 · read 55.6 · walls  5.3 · fell 86.6% (mother 27.4%) · prince 17.3% · king  2.4% · crowned  0.0% (median year 94) · 4.6s
try  7 · gen   98 · best    665.5 · elite    427.9 · median     32.7 · years  33.0 · road 0.38 · starved   759 · nobles  -3.0 · read 39.7 · walls  3.4 · fell 90.4% (mother 27.6%) · prince 19.4% · king 14.4% · crowned  8.9% (median year 46) · 4.6s
try  8 · gen   98 · best    300.2 · elite    118.5 · median      4.8 · years  57.1 · road 0.46 · starved  1124 · nobles  -7.9 · read 125.0 · walls  8.9 · fell 79.2% (mother 29.0%) · prince 20.4% · king  2.0% · crowned  0.1% (median year 82) · 4.6s
try  1 · gen   99 · best    555.5 · elite    225.5 · median    -27.1 · years  37.6 · road 0.39 · starved  1103 · nobles  -3.9 · read 44.3 · walls  5.5 · fell 94.5% (mother 38.7%) · prince 13.6% · king  6.3% · crowned  3.0% (median year 56) · 5.2s
try  2 · gen   99 · best   1025.6 · elite    449.1 · median     38.5 · years  32.0 · road 0.37 · starved   715 · nobles  -1.7 · read  9.6 · walls  3.2 · fell 88.9% (mother 15.2%) · prince 17.6% · king 14.0% · crowned 10.2% (median year 52) · 5.2s
try  3 · gen   99 · best    555.6 · elite    318.2 · median    -22.6 · years  32.9 · road 0.41 · starved  1058 · nobles  -3.0 · read 37.9 · walls  5.0 · fell 91.1% (mother 32.5%) · prince 11.7% · king  7.8% · crowned  7.2% (median year 58) · 5.2s
try  4 · gen   99 · best    682.3 · elite    213.8 · median    -32.8 · years  39.3 · road 0.38 · starved   980 · nobles  -4.2 · read 58.9 · walls  6.6 · fell 93.3% (mother 28.4%) · prince  9.0% · king  6.1% · crowned  3.8% (median year 72) · 5.2s
try  5 · gen   99 · best    754.6 · elite    318.4 · median    -22.9 · years  35.8 · road 0.37 · starved   902 · nobles  -1.4 · read 32.0 · walls  5.3 · fell 91.5% (mother 18.2%) · prince 11.2% · king  8.0% · crowned  6.7% (median year 61) · 5.2s
try  6 · gen   99 · best    245.9 · elite     97.2 · median     -7.6 · years  52.8 · road 0.43 · starved  1122 · nobles  -6.2 · read 52.0 · walls  5.2 · fell 86.9% (mother 28.5%) · prince 17.9% · king  1.9% · crowned  0.0% (median year 73) · 5.2s
try  7 · gen   99 · best    721.4 · elite    440.9 · median     34.2 · years  32.8 · road 0.38 · starved   748 · nobles  -2.9 · read 38.6 · walls  3.4 · fell 90.0% (mother 27.4%) · prince 19.4% · king 14.7% · crowned  9.3% (median year 46) · 5.2s
try  8 · gen   99 · best    366.9 · elite    130.5 · median      7.6 · years  57.8 · road 0.45 · starved  1108 · nobles  -7.6 · read 126.6 · walls  8.8 · fell 78.2% (mother 28.0%) · prince 21.6% · king  2.0% · crowned  0.1% (median year 93) · 5.2s
try  1 · gen  100 · best    618.7 · elite    252.4 · median    -24.9 · years  38.6 · road 0.40 · starved  1131 · nobles  -4.2 · read 44.1 · walls  5.6 · fell 94.2% (mother 37.9%) · prince 15.4% · king  6.9% · crowned  3.2% (median year 53) · 4.4s
try  2 · gen  100 · best    989.0 · elite    440.3 · median     31.1 · years  31.8 · road 0.37 · starved   741 · nobles  -1.7 · read 10.0 · walls  3.0 · fell 88.9% (mother 15.6%) · prince 18.0% · king 14.3% · crowned 10.3% (median year 52) · 4.4s
try  3 · gen  100 · best    634.0 · elite    335.7 · median    -22.6 · years  31.9 · road 0.40 · starved  1076 · nobles  -2.7 · read 37.8 · walls  4.7 · fell 91.3% (mother 31.8%) · prince 11.6% · king  8.4% · crowned  7.4% (median year 56) · 4.4s
try  4 · gen  100 · best    514.9 · elite    230.7 · median    -28.4 · years  38.3 · road 0.38 · starved   954 · nobles  -3.8 · read 55.4 · walls  6.2 · fell 93.1% (mother 26.5%) · prince  9.2% · king  6.5% · crowned  4.2% (median year 66) · 4.4s
try  5 · gen  100 · best    612.3 · elite    317.9 · median    -26.2 · years  36.0 · road 0.37 · starved   914 · nobles  -1.4 · read 32.0 · walls  5.3 · fell 91.4% (mother 17.7%) · prince 11.7% · king  8.2% · crowned  6.7% (median year 60) · 4.4s
try  6 · gen  100 · best    262.5 · elite    102.6 · median     -8.7 · years  53.5 · road 0.43 · starved  1132 · nobles  -6.0 · read 50.9 · walls  5.2 · fell 86.4% (mother 26.5%) · prince 17.6% · king  2.6% · crowned  0.0% (median year 67) · 4.4s
try  7 · gen  100 · best    850.9 · elite    450.1 · median     33.5 · years  32.4 · road 0.38 · starved   795 · nobles  -2.8 · read 37.6 · walls  3.2 · fell 89.8% (mother 26.3%) · prince 19.9% · king 15.6% · crowned  9.5% (median year 46) · 4.4s
try  8 · gen  100 · best    349.9 · elite    129.6 · median      5.1 · years  57.1 · road 0.45 · starved  1074 · nobles  -7.4 · read 124.9 · walls  8.8 · fell 79.7% (mother 28.0%) · prince 20.4% · king  2.5% · crowned  0.1% (median year 75) · 4.4s
try  1 · gen  101 · best    613.4 · elite    238.6 · median    -25.2 · years  37.9 · road 0.40 · starved  1147 · nobles  -4.5 · read 43.4 · walls  5.4 · fell 94.1% (mother 39.3%) · prince 15.7% · king  6.6% · crowned  3.3% (median year 52) · 4.6s
try  2 · gen  101 · best    808.2 · elite    442.4 · median     55.9 · years  31.5 · road 0.37 · starved   759 · nobles  -1.7 · read 10.3 · walls  2.9 · fell 89.0% (mother 17.8%) · prince 19.0% · king 14.6% · crowned 10.6% (median year 51) · 4.6s
try  3 · gen  101 · best    765.7 · elite    328.4 · median    -30.7 · years  31.5 · road 0.40 · starved   962 · nobles  -2.7 · read 37.1 · walls  4.4 · fell 91.8% (mother 33.9%) · prince 11.1% · king  7.7% · crowned  7.0% (median year 56) · 4.6s
try  4 · gen  101 · best    546.4 · elite    210.0 · median    -32.0 · years  38.2 · road 0.38 · starved   977 · nobles  -4.1 · read 53.8 · walls  6.1 · fell 93.6% (mother 28.3%) · prince  9.0% · king  6.8% · crowned  4.0% (median year 65) · 4.6s
try  5 · gen  101 · best    628.0 · elite    293.2 · median    -23.4 · years  35.3 · road 0.37 · starved   879 · nobles  -1.5 · read 31.5 · walls  5.3 · fell 91.9% (mother 19.5%) · prince 11.2% · king  7.8% · crowned  6.7% (median year 60) · 4.6s
try  6 · gen  101 · best    204.1 · elite    103.6 · median     -5.1 · years  53.2 · road 0.43 · starved  1102 · nobles  -5.9 · read 49.3 · walls  5.3 · fell 85.9% (mother 24.9%) · prince 18.2% · king  2.5% · crowned  0.0% (median year 74) · 4.6s
try  7 · gen  101 · best    875.8 · elite    462.5 · median     36.4 · years  32.5 · road 0.38 · starved   786 · nobles  -3.0 · read 36.8 · walls  3.1 · fell 89.9% (mother 26.1%) · prince 20.4% · king 15.8% · crowned  9.5% (median year 46) · 4.6s
try  8 · gen  101 · best    252.4 · elite    128.2 · median      7.3 · years  57.3 · road 0.45 · starved  1075 · nobles  -7.2 · read 124.7 · walls  8.8 · fell 79.3% (mother 28.1%) · prince 20.6% · king  2.3% · crowned  0.1% (median year 78) · 4.6s
try  1 · gen  102 · best    601.5 · elite    265.2 · median    -15.8 · years  37.9 · road 0.40 · starved  1105 · nobles  -4.1 · read 42.9 · walls  5.3 · fell 93.4% (mother 37.0%) · prince 16.0% · king  7.9% · crowned  4.1% (median year 50) · 4.5s
try  2 · gen  102 · best    769.2 · elite    448.6 · median     66.5 · years  30.4 · road 0.36 · starved   706 · nobles  -1.5 · read  9.5 · walls  2.6 · fell 88.6% (mother 15.8%) · prince 17.7% · king 14.4% · crowned 11.1% (median year 51) · 4.5s
try  3 · gen  102 · best    783.7 · elite    315.7 · median    -23.2 · years  32.8 · road 0.40 · starved   998 · nobles  -2.4 · read 38.3 · walls  4.3 · fell 91.0% (mother 32.2%) · prince 11.7% · king  8.0% · crowned  7.2% (median year 56) · 4.5s
try  4 · gen  102 · best    481.7 · elite    223.9 · median    -32.8 · years  37.3 · road 0.38 · starved   965 · nobles  -4.0 · read 50.6 · walls  6.0 · fell 93.7% (mother 28.4%) · prince  8.9% · king  6.7% · crowned  4.3% (median year 65) · 4.5s
try  5 · gen  102 · best    564.3 · elite    306.0 · median    -17.3 · years  36.0 · road 0.38 · starved   877 · nobles  -1.3 · read 31.9 · walls  5.6 · fell 91.3% (mother 17.7%) · prince 12.1% · king  8.4% · crowned  6.8% (median year 61) · 4.5s
try  6 · gen  102 · best    197.5 · elite     96.6 · median    -11.7 · years  52.9 · road 0.43 · starved  1148 · nobles  -6.1 · read 50.2 · walls  5.1 · fell 86.7% (mother 26.3%) · prince 17.7% · king  2.4% · crowned  0.0% · 4.5s
try  7 · gen  102 · best    749.4 · elite    445.3 · median     40.8 · years  31.7 · road 0.38 · starved   748 · nobles  -3.0 · read 34.9 · walls  3.0 · fell 89.9% (mother 26.5%) · prince 20.3% · king 15.8% · crowned  9.5% (median year 45) · 4.5s
try  8 · gen  102 · best    306.0 · elite    131.8 · median     11.1 · years  57.2 · road 0.45 · starved  1045 · nobles  -6.9 · read 122.8 · walls  8.8 · fell 80.1% (mother 28.4%) · prince 20.5% · king  2.9% · crowned  0.1% (median year 77) · 4.5s
try  1 · gen  103 · best    587.3 · elite    247.4 · median    -23.3 · years  35.6 · road 0.40 · starved  1085 · nobles  -5.0 · read 39.4 · walls  4.9 · fell 94.9% (mother 44.0%) · prince 15.4% · king  7.3% · crowned  3.5% (median year 49) · 4.5s
try  2 · gen  103 · best    827.2 · elite    430.0 · median     91.8 · years  30.8 · road 0.37 · starved   712 · nobles  -1.6 · read 10.4 · walls  3.1 · fell 88.5% (mother 16.6%) · prince 18.3% · king 14.0% · crowned 10.9% (median year 49) · 4.5s
try  3 · gen  103 · best    606.9 · elite    349.5 · median    -20.4 · years  31.7 · road 0.39 · starved   977 · nobles  -2.3 · read 36.9 · walls  4.0 · fell 91.1% (mother 31.9%) · prince 11.4% · king  8.4% · crowned  7.7% (median year 56) · 4.5s
try  4 · gen  103 · best    559.6 · elite    236.4 · median    -33.6 · years  36.7 · road 0.38 · starved   979 · nobles  -4.0 · read 49.9 · walls  5.8 · fell 94.2% (mother 29.4%) · prince  9.0% · king  6.3% · crowned  3.7% (median year 64) · 4.5s
try  5 · gen  103 · best    835.8 · elite    336.0 · median    -19.5 · years  35.6 · road 0.37 · starved   859 · nobles  -1.1 · read 31.5 · walls  5.6 · fell 91.2% (mother 17.9%) · prince 12.2% · king  8.9% · crowned  7.1% (median year 60) · 4.5s
try  6 · gen  103 · best    171.5 · elite     91.8 · median     -7.4 · years  53.0 · road 0.43 · starved  1159 · nobles  -6.0 · read 48.9 · walls  5.2 · fell 86.4% (mother 27.2%) · prince 18.9% · king  2.3% · crowned  0.0% · 4.5s
try  7 · gen  103 · best    857.1 · elite    438.6 · median     52.2 · years  31.5 · road 0.38 · starved   773 · nobles  -2.8 · read 34.6 · walls  2.8 · fell 89.9% (mother 26.5%) · prince 21.5% · king 16.2% · crowned  9.5% (median year 44) · 4.5s
try  8 · gen  103 · best    270.2 · elite    139.4 · median      7.8 · years  55.8 · road 0.44 · starved  1021 · nobles  -6.6 · read 117.5 · walls  8.8 · fell 80.0% (mother 27.7%) · prince 20.7% · king  3.1% · crowned  0.2% (median year 82) · 4.5s
try  1 · gen  104 · best    463.2 · elite    250.6 · median    -18.7 · years  36.2 · road 0.40 · starved  1079 · nobles  -5.0 · read 40.6 · walls  4.9 · fell 94.8% (mother 42.1%) · prince 16.4% · king  7.7% · crowned  3.4% (median year 50) · 4.5s
try  2 · gen  104 · best    863.9 · elite    457.9 · median     94.3 · years  30.1 · road 0.36 · starved   710 · nobles  -1.0 · read 10.6 · walls  2.9 · fell 88.2% (mother 14.3%) · prince 17.2% · king 13.9% · crowned 11.3% (median year 48) · 4.5s
try  3 · gen  104 · best    630.6 · elite    352.2 · median    -28.7 · years  30.9 · road 0.39 · starved  1005 · nobles  -2.0 · read 34.3 · walls  3.8 · fell 91.3% (mother 32.0%) · prince 11.2% · king  8.5% · crowned  7.6% (median year 55) · 4.5s
try  4 · gen  104 · best    467.9 · elite    224.9 · median    -33.4 · years  37.5 · road 0.38 · starved   969 · nobles  -4.2 · read 48.9 · walls  5.6 · fell 94.0% (mother 28.8%) · prince  8.8% · king  6.4% · crowned  3.9% (median year 66) · 4.5s
try  5 · gen  104 · best    569.8 · elite    321.0 · median    -20.8 · years  35.9 · road 0.38 · starved   868 · nobles  -1.2 · read 31.8 · walls  5.7 · fell 91.0% (mother 18.2%) · prince 12.2% · king  8.5% · crowned  7.0% (median year 60) · 4.5s
try  6 · gen  104 · best    177.8 · elite     95.7 · median     -6.8 · years  52.7 · road 0.43 · starved  1151 · nobles  -6.2 · read 49.6 · walls  5.2 · fell 86.6% (mother 27.7%) · prince 18.2% · king  2.5% · crowned  0.0% (median year 61) · 4.5s
try  7 · gen  104 · best    851.2 · elite    445.8 · median     58.3 · years  31.1 · road 0.38 · starved   760 · nobles  -2.7 · read 33.5 · walls  2.8 · fell 89.3% (mother 27.8%) · prince 21.6% · king 16.5% · crowned 10.2% (median year 45) · 4.5s
try  8 · gen  104 · best    323.3 · elite    134.1 · median      9.9 · years  56.4 · road 0.44 · starved  1011 · nobles  -6.8 · read 118.0 · walls  8.8 · fell 80.4% (mother 26.2%) · prince 20.2% · king  3.4% · crowned  0.2% (median year 80) · 4.5s
try  1 · gen  105 · best    605.3 · elite    247.8 · median    -19.4 · years  35.7 · road 0.40 · starved  1092 · nobles  -5.1 · read 39.6 · walls  4.7 · fell 94.9% (mother 41.6%) · prince 16.9% · king  7.4% · crowned  3.5% (median year 48) · 4.3s
try  2 · gen  105 · best    799.9 · elite    465.6 · median     79.1 · years  30.4 · road 0.36 · starved   692 · nobles  -1.1 · read 10.2 · walls  2.6 · fell 88.1% (mother 14.4%) · prince 18.1% · king 14.4% · crowned 11.2% (median year 48) · 4.3s
try  3 · gen  105 · best    778.7 · elite    310.0 · median    -24.5 · years  31.1 · road 0.39 · starved   982 · nobles  -2.1 · read 34.2 · walls  3.7 · fell 92.2% (mother 34.5%) · prince 10.6% · king  7.5% · crowned  6.7% (median year 56) · 4.3s
try  4 · gen  105 · best    526.2 · elite    228.4 · median    -32.7 · years  36.6 · road 0.37 · starved   957 · nobles  -4.3 · read 46.8 · walls  5.4 · fell 94.2% (mother 30.5%) · prince  8.9% · king  6.2% · crowned  3.8% (median year 63) · 4.3s
try  5 · gen  105 · best    646.2 · elite    294.5 · median    -22.0 · years  36.1 · road 0.38 · starved   900 · nobles  -1.5 · read 31.8 · walls  5.9 · fell 91.3% (mother 18.0%) · prince 11.8% · king  8.2% · crowned  6.8% (median year 62) · 4.3s
try  6 · gen  105 · best    238.7 · elite     98.3 · median    -10.0 · years  52.8 · road 0.43 · starved  1180 · nobles  -6.1 · read 51.8 · walls  5.3 · fell 86.7% (mother 28.5%) · prince 18.4% · king  2.0% · crowned  0.0% (median year 78) · 4.3s
try  7 · gen  105 · best    879.6 · elite    462.8 · median     74.2 · years  30.9 · road 0.38 · starved   751 · nobles  -2.7 · read 33.8 · walls  2.7 · fell 88.9% (mother 27.0%) · prince 20.7% · king 16.4% · crowned 10.6% (median year 45) · 4.3s
try  8 · gen  105 · best    343.1 · elite    145.6 · median      9.2 · years  55.3 · road 0.44 · starved  1010 · nobles  -6.6 · read 112.7 · walls  8.8 · fell 81.6% (mother 27.8%) · prince 21.1% · king  3.6% · crowned  0.3% (median year 82) · 4.3s
try  1 · gen  106 · best    647.4 · elite    258.2 · median    -16.4 · years  36.4 · road 0.40 · starved  1082 · nobles  -4.9 · read 39.9 · walls  4.9 · fell 94.4% (mother 40.6%) · prince 16.7% · king  7.8% · crowned  3.7% (median year 51) · 5.4s
try  2 · gen  106 · best    812.9 · elite    456.0 · median     86.5 · years  30.4 · road 0.36 · starved   726 · nobles  -1.0 · read 10.1 · walls  2.6 · fell 88.1% (mother 14.8%) · prince 18.3% · king 14.5% · crowned 11.5% (median year 49) · 5.4s
try  3 · gen  106 · best    835.4 · elite    338.0 · median    -24.5 · years  31.0 · road 0.39 · starved  1048 · nobles  -1.8 · read 33.3 · walls  4.1 · fell 91.8% (mother 33.1%) · prince 10.6% · king  8.0% · crowned  7.3% (median year 55) · 5.4s
try  4 · gen  106 · best    472.3 · elite    226.3 · median    -31.5 · years  36.7 · road 0.38 · starved   947 · nobles  -4.1 · read 45.5 · walls  5.4 · fell 94.0% (mother 30.4%) · prince  9.3% · king  6.7% · crowned  4.1% (median year 65) · 5.4s
try  5 · gen  106 · best    616.1 · elite    324.4 · median    -17.5 · years  36.1 · road 0.38 · starved   858 · nobles  -1.2 · read 31.7 · walls  6.1 · fell 90.6% (mother 16.9%) · prince 12.2% · king  8.6% · crowned  7.3% (median year 60) · 5.4s
try  6 · gen  106 · best    204.4 · elite     98.4 · median     -9.1 · years  53.3 · road 0.43 · starved  1191 · nobles  -6.2 · read 51.4 · walls  5.4 · fell 86.2% (mother 26.0%) · prince 19.0% · king  2.1% · crowned  0.0% (median year 95) · 5.4s
try  7 · gen  106 · best    839.3 · elite    470.3 · median    103.2 · years  30.8 · road 0.38 · starved   717 · nobles  -2.3 · read 33.2 · walls  2.8 · fell 88.5% (mother 26.0%) · prince 21.3% · king 16.5% · crowned 11.1% (median year 45) · 5.4s
try  8 · gen  106 · best    284.8 · elite    148.2 · median      8.1 · years  54.8 · road 0.44 · starved  1023 · nobles  -6.6 · read 109.2 · walls  8.7 · fell 83.0% (mother 28.5%) · prince 20.6% · king  4.1% · crowned  0.3% (median year 81) · 5.4s
try  1 · gen  107 · best    561.9 · elite    246.9 · median    -17.1 · years  36.3 · road 0.40 · starved  1089 · nobles  -4.9 · read 40.5 · walls  4.8 · fell 94.6% (mother 39.3%) · prince 16.5% · king  7.6% · crowned  3.5% (median year 50) · 4.5s
try  2 · gen  107 · best    659.5 · elite    453.0 · median     64.8 · years  30.6 · road 0.36 · starved   716 · nobles  -1.2 · read 10.6 · walls  2.7 · fell 88.5% (mother 15.7%) · prince 18.0% · king 14.1% · crowned 10.9% (median year 49) · 4.5s
try  3 · gen  107 · best    770.3 · elite    338.5 · median    -27.5 · years  30.8 · road 0.39 · starved  1062 · nobles  -1.8 · read 33.9 · walls  4.2 · fell 91.7% (mother 33.7%) · prince 10.5% · king  8.1% · crowned  7.4% (median year 55) · 4.5s
try  4 · gen  107 · best    521.4 · elite    242.5 · median    -25.1 · years  36.7 · road 0.38 · starved   964 · nobles  -3.8 · read 45.8 · walls  5.3 · fell 93.2% (mother 28.9%) · prince  9.4% · king  7.0% · crowned  4.7% (median year 64) · 4.5s
try  5 · gen  107 · best    618.1 · elite    317.0 · median    -20.4 · years  36.6 · road 0.38 · starved   912 · nobles  -1.4 · read 32.5 · walls  6.5 · fell 91.1% (mother 18.7%) · prince 12.1% · king  8.5% · crowned  7.0% (median year 61) · 4.5s
try  6 · gen  107 · best    200.7 · elite     95.8 · median    -11.8 · years  53.2 · road 0.43 · starved  1181 · nobles  -6.3 · read 51.7 · walls  5.3 · fell 85.9% (mother 26.9%) · prince 19.0% · king  1.9% · crowned  0.0% · 4.5s
try  7 · gen  107 · best    891.9 · elite    491.0 · median    118.9 · years  30.8 · road 0.38 · starved   724 · nobles  -2.1 · read 32.9 · walls  2.7 · fell 88.2% (mother 26.7%) · prince 22.1% · king 17.1% · crowned 11.7% (median year 43) · 4.5s
try  8 · gen  107 · best    444.5 · elite    155.5 · median      4.3 · years  53.5 · road 0.43 · starved   996 · nobles  -6.1 · read 104.7 · walls  8.7 · fell 83.8% (mother 30.8%) · prince 20.0% · king  4.0% · crowned  0.6% (median year 76) · 4.5s
try  1 · gen  108 · best    725.6 · elite    264.2 · median    -19.5 · years  36.0 · road 0.40 · starved  1046 · nobles  -4.5 · read 40.3 · walls  4.8 · fell 93.9% (mother 40.1%) · prince 16.8% · king  7.8% · crowned  4.1% (median year 47) · 4.4s
try  2 · gen  108 · best    835.1 · elite    446.6 · median     73.0 · years  30.4 · road 0.36 · starved   720 · nobles  -1.2 · read 10.7 · walls  2.7 · fell 88.5% (mother 16.5%) · prince 18.0% · king 14.1% · crowned 10.8% (median year 49) · 4.4s
try  3 · gen  108 · best    739.3 · elite    351.0 · median    -17.5 · years  31.8 · road 0.39 · starved   980 · nobles  -1.6 · read 34.7 · walls  4.1 · fell 90.7% (mother 30.1%) · prince 11.1% · king  8.8% · crowned  8.1% (median year 55) · 4.4s
try  4 · gen  108 · best    561.8 · elite    257.1 · median    -26.2 · years  36.6 · road 0.38 · starved   914 · nobles  -3.6 · read 45.0 · walls  5.3 · fell 92.7% (mother 28.1%) · prince  9.9% · king  7.5% · crowned  5.2% (median year 64) · 4.4s
try  5 · gen  108 · best    593.8 · elite    333.4 · median     -9.7 · years  36.8 · road 0.38 · starved   932 · nobles  -1.1 · read 32.4 · walls  6.5 · fell 90.3% (mother 16.8%) · prince 13.2% · king  9.3% · crowned  7.7% (median year 60) · 4.4s
try  6 · gen  108 · best    176.1 · elite     98.1 · median     -4.5 · years  53.9 · road 0.44 · starved  1172 · nobles  -6.4 · read 50.3 · walls  5.3 · fell 84.9% (mother 27.2%) · prince 19.9% · king  1.9% · crowned  0.0% · 4.4s
try  7 · gen  108 · best    865.0 · elite    481.6 · median     83.1 · years  30.7 · road 0.38 · starved   721 · nobles  -2.4 · read 33.3 · walls  2.8 · fell 88.8% (mother 26.5%) · prince 20.7% · king 16.1% · crowned 10.8% (median year 44) · 4.4s
try  8 · gen  108 · best    376.2 · elite    160.7 · median      8.5 · years  52.2 · road 0.43 · starved   959 · nobles  -5.5 · read 99.1 · walls  8.7 · fell 84.3% (mother 33.6%) · prince 20.7% · king  4.5% · crowned  0.7% (median year 73) · 4.4s
try  1 · gen  109 · best    657.9 · elite    305.7 · median    -10.8 · years  36.8 · road 0.40 · starved  1106 · nobles  -4.3 · read 41.8 · walls  4.9 · fell 93.5% (mother 36.7%) · prince 18.1% · king  9.3% · crowned  4.3% (median year 48) · 5.4s
try  2 · gen  109 · best    871.8 · elite    450.9 · median     42.2 · years  30.6 · road 0.37 · starved   729 · nobles  -1.4 · read 11.6 · walls  3.0 · fell 89.0% (mother 17.0%) · prince 17.9% · king 13.6% · crowned 10.6% (median year 49) · 5.4s
try  3 · gen  109 · best    838.9 · elite    392.7 · median    -20.9 · years  31.7 · road 0.39 · starved  1104 · nobles  -1.4 · read 34.9 · walls  4.5 · fell 90.3% (mother 27.9%) · prince 11.5% · king  9.2% · crowned  8.4% (median year 54) · 5.4s
try  4 · gen  109 · best    556.5 · elite    252.2 · median    -23.4 · years  37.0 · road 0.38 · starved   865 · nobles  -3.7 · read 44.8 · walls  5.3 · fell 92.4% (mother 25.5%) · prince  9.4% · king  7.0% · crowned  4.7% (median year 64) · 5.4s
try  5 · gen  109 · best    555.2 · elite    312.9 · median    -16.4 · years  36.0 · road 0.38 · starved   907 · nobles  -1.4 · read 32.2 · walls  6.4 · fell 91.0% (mother 19.0%) · prince 12.5% · king  8.6% · crowned  7.0% (median year 59) · 5.4s
try  6 · gen  109 · best    198.5 · elite     96.0 · median     -4.8 · years  53.5 · road 0.44 · starved  1211 · nobles  -6.8 · read 48.9 · walls  5.3 · fell 86.3% (mother 30.5%) · prince 20.2% · king  1.9% · crowned  0.0% (median year 57) · 5.4s
try  7 · gen  109 · best    884.5 · elite    469.7 · median     94.4 · years  30.8 · road 0.38 · starved   736 · nobles  -2.7 · read 33.0 · walls  2.9 · fell 88.7% (mother 28.2%) · prince 21.3% · king 16.2% · crowned 10.8% (median year 43) · 5.4s
try  8 · gen  109 · best    370.2 · elite    172.0 · median      3.4 · years  51.6 · road 0.43 · starved  1025 · nobles  -5.6 · read 98.0 · walls  8.6 · fell 85.6% (mother 36.0%) · prince 20.4% · king  4.6% · crowned  1.0% (median year 73) · 5.4s
try  1 · gen  110 · best    694.6 · elite    284.1 · median    -17.8 · years  35.7 · road 0.40 · starved  1072 · nobles  -4.3 · read 39.8 · walls  5.1 · fell 94.1% (mother 38.9%) · prince 16.4% · king  8.3% · crowned  4.2% (median year 48) · 4.3s
try  2 · gen  110 · best    885.3 · elite    461.2 · median     59.2 · years  30.5 · road 0.37 · starved   707 · nobles  -1.2 · read 11.2 · walls  3.0 · fell 88.7% (mother 16.5%) · prince 18.2% · king 13.9% · crowned 10.9% (median year 49) · 4.3s
try  3 · gen  110 · best    739.7 · elite    375.2 · median    -18.2 · years  31.5 · road 0.39 · starved  1114 · nobles  -1.5 · read 35.0 · walls  4.7 · fell 90.7% (mother 29.8%) · prince 11.5% · king  8.9% · crowned  8.1% (median year 55) · 4.3s
try  4 · gen  110 · best    466.1 · elite    259.6 · median    -20.7 · years  36.6 · road 0.38 · starved   882 · nobles  -3.7 · read 43.7 · walls  5.2 · fell 93.0% (mother 27.3%) · prince  9.8% · king  7.5% · crowned  5.3% (median year 61) · 4.3s
try  5 · gen  110 · best    789.7 · elite    325.2 · median    -17.0 · years  36.7 · road 0.38 · starved   933 · nobles  -1.5 · read 33.3 · walls  6.7 · fell 90.6% (mother 18.5%) · prince 12.7% · king  8.9% · crowned  7.2% (median year 60) · 4.3s
try  6 · gen  110 · best    164.4 · elite     94.6 · median     -6.7 · years  53.6 · road 0.44 · starved  1213 · nobles  -6.8 · read 49.7 · walls  5.3 · fell 86.6% (mother 29.1%) · prince 20.1% · king  1.4% · crowned  0.0% (median year 93) · 4.3s
try  7 · gen  110 · best   1001.3 · elite    499.8 · median     89.8 · years  30.3 · road 0.38 · starved   731 · nobles  -2.6 · read 32.1 · walls  2.9 · fell 88.7% (mother 28.5%) · prince 20.8% · king 16.4% · crowned 11.0% (median year 43) · 4.3s
try  8 · gen  110 · best    453.0 · elite    163.2 · median      7.2 · years  51.8 · road 0.43 · starved  1030 · nobles  -5.7 · read 96.8 · walls  8.7 · fell 85.6% (mother 35.8%) · prince 19.9% · king  4.7% · crowned  1.0% (median year 75) · 4.3s
try  1 · gen  111 · best    675.5 · elite    289.9 · median    -12.0 · years  36.7 · road 0.40 · starved  1061 · nobles  -4.3 · read 40.7 · walls  5.1 · fell 93.3% (mother 36.7%) · prince 17.7% · king  8.9% · crowned  4.7% (median year 48) · 4.4s
try  2 · gen  111 · best    872.5 · elite    446.1 · median     81.2 · years  30.5 · road 0.37 · starved   727 · nobles  -1.4 · read 11.2 · walls  3.0 · fell 88.8% (mother 17.4%) · prince 18.1% · king 14.1% · crowned 10.8% (median year 48) · 4.4s
try  3 · gen  111 · best    611.4 · elite    366.0 · median    -24.8 · years  30.8 · road 0.39 · starved  1095 · nobles  -1.5 · read 34.4 · walls  4.5 · fell 90.9% (mother 29.1%) · prince 11.1% · king  8.7% · crowned  8.1% (median year 53) · 4.4s
try  4 · gen  111 · best    584.4 · elite    245.7 · median    -26.5 · years  36.1 · road 0.38 · starved   950 · nobles  -4.0 · read 42.6 · walls  5.2 · fell 93.2% (mother 30.0%) · prince  9.6% · king  7.2% · crowned  4.8% (median year 63) · 4.4s
try  5 · gen  111 · best    562.0 · elite    317.2 · median    -16.9 · years  36.6 · road 0.38 · starved   941 · nobles  -1.7 · read 33.0 · walls  6.6 · fell 90.8% (mother 18.0%) · prince 12.8% · king  9.0% · crowned  6.8% (median year 59) · 4.4s
try  6 · gen  111 · best    169.5 · elite    100.2 · median     -3.6 · years  54.0 · road 0.44 · starved  1257 · nobles  -7.0 · read 50.3 · walls  5.3 · fell 86.5% (mother 30.5%) · prince 21.6% · king  1.7% · crowned  0.0% (median year 88) · 4.4s
try  7 · gen  111 · best    894.9 · elite    463.3 · median     89.0 · years  30.6 · road 0.38 · starved   710 · nobles  -2.4 · read 32.5 · walls  3.1 · fell 88.6% (mother 27.0%) · prince 21.0% · king 16.4% · crowned 10.9% (median year 43) · 4.4s
try  8 · gen  111 · best    519.2 · elite    166.0 · median      5.4 · years  51.1 · road 0.42 · starved   972 · nobles  -5.2 · read 93.7 · walls  8.7 · fell 86.1% (mother 36.2%) · prince 19.1% · king  4.3% · crowned  1.1% (median year 77) · 4.4s
try  1 · gen  112 · best    624.9 · elite    305.9 · median    -11.6 · years  36.6 · road 0.40 · starved  1082 · nobles  -3.8 · read 41.4 · walls  4.9 · fell 92.9% (mother 34.6%) · prince 18.0% · king  9.4% · crowned  5.2% (median year 49) · 4.9s
try  2 · gen  112 · best    800.5 · elite    454.1 · median     69.5 · years  30.7 · road 0.37 · starved   738 · nobles  -1.3 · read 11.8 · walls  3.0 · fell 88.3% (mother 17.4%) · prince 18.8% · king 14.1% · crowned 11.0% (median year 49) · 4.9s
try  3 · gen  112 · best   1012.1 · elite    402.1 · median    -16.2 · years  31.9 · road 0.39 · starved  1211 · nobles  -1.2 · read 36.0 · walls  4.4 · fell 90.3% (mother 26.5%) · prince 12.6% · king 10.1% · crowned  9.0% (median year 53) · 4.9s
try  4 · gen  112 · best    537.8 · elite    252.2 · median    -25.2 · years  35.8 · road 0.38 · starved   855 · nobles  -3.8 · read 42.3 · walls  5.0 · fell 93.0% (mother 29.4%) · prince  9.6% · king  7.3% · crowned  4.9% (median year 62) · 4.9s
try  5 · gen  112 · best    570.1 · elite    316.7 · median    -11.1 · years  36.7 · road 0.38 · starved   910 · nobles  -1.6 · read 33.9 · walls  6.7 · fell 90.5% (mother 20.0%) · prince 12.5% · king  9.4% · crowned  7.3% (median year 60) · 4.9s
try  6 · gen  112 · best    244.4 · elite     98.1 · median     -5.8 · years  55.1 · road 0.44 · starved  1227 · nobles  -7.2 · read 54.3 · walls  5.4 · fell 85.7% (mother 30.1%) · prince 19.9% · king  1.1% · crowned  0.1% (median year 70) · 4.9s
try  7 · gen  112 · best    785.0 · elite    494.5 · median    119.1 · years  30.2 · road 0.38 · starved   705 · nobles  -1.9 · read 32.7 · walls  2.9 · fell 88.1% (mother 24.4%) · prince 21.8% · king 17.0% · crowned 11.7% (median year 43) · 4.9s
try  8 · gen  112 · best    536.0 · elite    186.8 · median      3.4 · years  51.1 · road 0.42 · starved   950 · nobles  -5.1 · read 92.1 · walls  8.7 · fell 85.8% (mother 35.5%) · prince 19.0% · king  5.0% · crowned  1.3% (median year 73) · 4.9s
try  1 · gen  113 · best    658.5 · elite    311.3 · median     -8.3 · years  36.7 · road 0.40 · starved  1084 · nobles  -3.7 · read 41.6 · walls  4.8 · fell 93.0% (mother 32.5%) · prince 18.1% · king  9.4% · crowned  5.0% (median year 49) · 4.3s
try  2 · gen  113 · best    807.6 · elite    459.7 · median     40.0 · years  30.6 · road 0.37 · starved   754 · nobles  -1.5 · read 12.1 · walls  2.9 · fell 88.7% (mother 19.1%) · prince 18.5% · king 14.5% · crowned 10.8% (median year 49) · 4.3s
try  3 · gen  113 · best    663.5 · elite    378.0 · median     -8.9 · years  31.1 · road 0.39 · starved  1001 · nobles  -1.3 · read 34.9 · walls  3.7 · fell 90.4% (mother 28.5%) · prince 12.1% · king  9.6% · crowned  8.9% (median year 51) · 4.3s
try  4 · gen  113 · best    410.8 · elite    241.9 · median    -26.2 · years  35.3 · road 0.38 · starved   836 · nobles  -4.0 · read 41.9 · walls  5.0 · fell 93.6% (mother 29.7%) · prince  9.4% · king  7.1% · crowned  4.9% (median year 63) · 4.3s
try  5 · gen  113 · best    715.4 · elite    328.3 · median    -12.3 · years  36.8 · road 0.39 · starved   918 · nobles  -1.6 · read 33.5 · walls  6.7 · fell 90.2% (mother 19.4%) · prince 13.0% · king  9.4% · crowned  7.4% (median year 59) · 4.3s
try  6 · gen  113 · best    213.8 · elite     99.8 · median     -7.1 · years  54.0 · road 0.44 · starved  1227 · nobles  -7.0 · read 51.2 · walls  5.3 · fell 86.7% (mother 29.9%) · prince 20.1% · king  1.5% · crowned  0.0% (median year 98) · 4.3s
try  7 · gen  113 · best    822.6 · elite    493.7 · median    133.8 · years  30.6 · road 0.38 · starved   718 · nobles  -1.8 · read 33.1 · walls  3.0 · fell 87.4% (mother 24.4%) · prince 21.8% · king 17.9% · crowned 12.3% (median year 43) · 4.3s
try  8 · gen  113 · best    394.9 · elite    191.1 · median      9.4 · years  50.9 · road 0.42 · starved   957 · nobles  -5.0 · read 91.7 · walls  8.8 · fell 86.2% (mother 34.4%) · prince 19.4% · king  5.2% · crowned  1.5% (median year 76) · 4.3s
try  1 · gen  114 · best    890.0 · elite    339.1 · median      3.7 · years  36.9 · road 0.40 · starved  1072 · nobles  -3.3 · read 41.7 · walls  4.8 · fell 91.8% (mother 30.4%) · prince 20.0% · king 10.9% · crowned  6.2% (median year 49) · 4.4s
try  2 · gen  114 · best    918.8 · elite    452.4 · median     56.0 · years  30.6 · road 0.36 · starved   756 · nobles  -1.4 · read 11.4 · walls  2.7 · fell 88.8% (mother 17.8%) · prince 18.4% · king 14.2% · crowned 10.6% (median year 49) · 4.4s
try  3 · gen  114 · best    654.8 · elite    404.2 · median    -12.9 · years  31.2 · road 0.38 · starved  1207 · nobles  -0.9 · read 34.9 · walls  3.5 · fell 90.3% (mother 25.9%) · prince 12.6% · king  9.8% · crowned  8.8% (median year 51) · 4.4s
try  4 · gen  114 · best    579.2 · elite    266.7 · median    -23.1 · years  35.5 · road 0.38 · starved   842 · nobles  -3.8 · read 41.5 · walls  4.9 · fell 93.1% (mother 31.6%) · prince 10.0% · king  7.4% · crowned  5.1% (median year 59) · 4.4s
try  5 · gen  114 · best    576.2 · elite    331.8 · median     -9.3 · years  36.9 · road 0.39 · starved   893 · nobles  -1.4 · read 33.6 · walls  6.7 · fell 89.8% (mother 18.7%) · prince 13.4% · king  9.6% · crowned  7.8% (median year 60) · 4.4s
try  6 · gen  114 · best    179.2 · elite     95.1 · median     -7.9 · years  54.1 · road 0.44 · starved  1257 · nobles  -7.0 · read 52.5 · walls  5.1 · fell 87.1% (mother 29.3%) · prince 20.5% · king  1.8% · crowned  0.0% (median year 87) · 4.4s
try  7 · gen  114 · best   1085.9 · elite    539.7 · median    126.4 · years  30.2 · road 0.38 · starved   711 · nobles  -1.6 · read 32.9 · walls  2.9 · fell 87.2% (mother 23.1%) · prince 21.6% · king 18.0% · crowned 12.4% (median year 42) · 4.4s
try  8 · gen  114 · best    394.3 · elite    203.2 · median      7.2 · years  50.1 · road 0.42 · starved   960 · nobles  -4.6 · read 90.6 · walls  8.8 · fell 86.6% (mother 35.4%) · prince 19.7% · king  5.8% · crowned  1.9% (median year 70) · 4.4s
try  1 · gen  115 · best    867.0 · elite    342.6 · median     -4.3 · years  36.0 · road 0.39 · starved  1055 · nobles  -3.7 · read 40.6 · walls  4.6 · fell 92.7% (mother 33.2%) · prince 18.9% · king 10.4% · crowned  5.5% (median year 47) · 4.2s
try  2 · gen  115 · best    786.7 · elite    457.0 · median     68.5 · years  30.4 · road 0.36 · starved   754 · nobles  -1.1 · read 10.6 · walls  2.6 · fell 88.4% (mother 18.0%) · prince 19.1% · king 14.6% · crowned 11.0% (median year 49) · 4.2s
try  3 · gen  115 · best    693.0 · elite    384.4 · median     -8.3 · years  31.1 · road 0.38 · starved  1345 · nobles  -0.7 · read 33.8 · walls  3.4 · fell 90.0% (mother 26.6%) · prince 12.6% · king 10.2% · crowned  9.3% (median year 51) · 4.2s
try  4 · gen  115 · best    573.0 · elite    259.2 · median    -21.2 · years  36.0 · road 0.38 · starved   823 · nobles  -3.7 · read 42.0 · walls  5.2 · fell 92.8% (mother 31.0%) · prince  9.9% · king  7.2% · crowned  4.9% (median year 61) · 4.2s
try  5 · gen  115 · best    654.3 · elite    319.0 · median    -12.8 · years  36.3 · road 0.38 · starved   888 · nobles  -1.4 · read 32.9 · walls  6.8 · fell 90.2% (mother 20.9%) · prince 12.9% · king  9.1% · crowned  7.6% (median year 61) · 4.2s
try  6 · gen  115 · best    199.3 · elite     96.9 · median     -5.3 · years  54.8 · road 0.43 · starved  1228 · nobles  -6.9 · read 52.5 · walls  5.0 · fell 86.5% (mother 30.0%) · prince 20.2% · king  2.0% · crowned  0.1% (median year 68) · 4.2s
try  7 · gen  115 · best    887.2 · elite    502.5 · median    132.5 · years  29.8 · road 0.38 · starved   712 · nobles  -1.3 · read 32.1 · walls  2.6 · fell 87.2% (mother 23.0%) · prince 21.6% · king 17.4% · crowned 12.8% (median year 43) · 4.2s
try  8 · gen  115 · best    454.2 · elite    196.8 · median      6.7 · years  49.3 · road 0.42 · starved   992 · nobles  -4.6 · read 89.6 · walls  8.8 · fell 87.1% (mother 38.2%) · prince 19.6% · king  5.9% · crowned  2.0% (median year 69) · 4.2s
try  1 · gen  116 · best    845.3 · elite    316.8 · median     -7.2 · years  34.8 · road 0.40 · starved  1015 · nobles  -4.3 · read 38.1 · walls  4.8 · fell 93.3% (mother 37.3%) · prince 17.9% · king 10.1% · crowned  5.5% (median year 48) · 5.2s
try  2 · gen  116 · best    817.6 · elite    478.8 · median    113.0 · years  30.7 · road 0.37 · starved   756 · nobles  -1.0 · read 10.6 · walls  2.6 · fell 87.7% (mother 18.9%) · prince 20.1% · king 15.6% · crowned 11.9% (median year 48) · 5.2s
try  3 · gen  116 · best    985.2 · elite    408.0 · median     -4.8 · years  31.2 · road 0.38 · starved  1232 · nobles  -0.8 · read 34.1 · walls  3.3 · fell 89.9% (mother 25.5%) · prince 13.1% · king 10.4% · crowned  9.5% (median year 51) · 5.2s
try  4 · gen  116 · best    415.0 · elite    244.3 · median    -23.0 · years  35.8 · road 0.38 · starved   859 · nobles  -3.8 · read 41.3 · walls  5.2 · fell 93.1% (mother 32.2%) · prince  9.9% · king  7.2% · crowned  4.8% (median year 62) · 5.2s
try  5 · gen  116 · best    624.1 · elite    346.8 · median    -12.3 · years  36.3 · road 0.38 · starved   882 · nobles  -1.4 · read 32.6 · walls  6.8 · fell 90.6% (mother 19.4%) · prince 13.1% · king  9.1% · crowned  7.4% (median year 59) · 5.2s
try  6 · gen  116 · best    210.4 · elite     97.6 · median     -3.7 · years  54.3 · road 0.44 · starved  1219 · nobles  -7.1 · read 52.8 · walls  5.1 · fell 87.3% (mother 32.0%) · prince 19.9% · king  1.9% · crowned  0.0% (median year 60) · 5.2s
try  7 · gen  116 · best   1070.5 · elite    542.3 · median    134.6 · years  29.8 · road 0.38 · starved   700 · nobles  -1.2 · read 32.5 · walls  2.6 · fell 87.0% (mother 23.7%) · prince 22.6% · king 18.1% · crowned 12.9% (median year 42) · 5.2s
try  8 · gen  116 · best    422.4 · elite    194.8 · median      0.5 · years  49.5 · road 0.42 · starved  1033 · nobles  -4.6 · read 90.1 · walls  8.8 · fell 87.8% (mother 39.1%) · prince 19.3% · king  5.3% · crowned  1.6% (median year 70) · 5.2s
try  1 · gen  117 · best    701.7 · elite    315.6 · median     -9.8 · years  34.4 · road 0.39 · starved   999 · nobles  -4.3 · read 37.3 · walls  4.7 · fell 93.2% (mother 38.4%) · prince 16.8% · king  9.7% · crowned  5.3% (median year 46) · 4.4s
try  2 · gen  117 · best    858.1 · elite    465.5 · median     66.1 · years  30.0 · road 0.36 · starved   753 · nobles  -1.3 · read 10.1 · walls  2.4 · fell 88.4% (mother 18.2%) · prince 19.2% · king 14.7% · crowned 11.1% (median year 47) · 4.4s
try  3 · gen  117 · best    802.8 · elite    428.1 · median     -7.0 · years  31.1 · road 0.38 · starved  1272 · nobles  -0.2 · read 33.9 · walls  3.3 · fell 89.7% (mother 24.1%) · prince 13.4% · king 10.5% · crowned  9.6% (median year 50) · 4.4s
try  4 · gen  117 · best    611.1 · elite    264.7 · median    -24.8 · years  35.7 · road 0.38 · starved   841 · nobles  -3.8 · read 41.4 · walls  5.1 · fell 92.7% (mother 33.5%) · prince  9.6% · king  7.2% · crowned  4.9% (median year 61) · 4.4s
try  5 · gen  117 · best    637.6 · elite    345.2 · median    -14.3 · years  37.2 · road 0.39 · starved   888 · nobles  -1.5 · read 32.9 · walls  6.8 · fell 90.0% (mother 19.4%) · prince 13.1% · king  9.1% · crowned  7.7% (median year 60) · 4.4s
try  6 · gen  117 · best    210.2 · elite     98.4 · median     -6.7 · years  54.4 · road 0.43 · starved  1246 · nobles  -7.1 · read 51.5 · walls  4.8 · fell 87.7% (mother 31.9%) · prince 19.4% · king  1.9% · crowned  0.1% (median year 68) · 4.4s
try  7 · gen  117 · best    903.5 · elite    530.2 · median    134.4 · years  29.9 · road 0.38 · starved   701 · nobles  -0.8 · read 32.6 · walls  2.7 · fell 86.3% (mother 22.9%) · prince 23.0% · king 18.3% · crowned 13.3% (median year 42) · 4.4s
try  8 · gen  117 · best    412.7 · elite    202.5 · median     -0.2 · years  47.9 · road 0.42 · starved  1030 · nobles  -4.5 · read 86.6 · walls  8.7 · fell 88.8% (mother 38.5%) · prince 18.9% · king  5.6% · crowned  1.8% (median year 71) · 4.4s
try  1 · gen  118 · best    672.9 · elite    342.3 · median     -7.0 · years  35.1 · road 0.40 · starved  1035 · nobles  -4.2 · read 38.1 · walls  4.8 · fell 92.8% (mother 36.0%) · prince 18.1% · king 10.4% · crowned  5.8% (median year 46) · 4.2s
try  2 · gen  118 · best    830.5 · elite    472.0 · median    106.1 · years  30.5 · road 0.36 · starved   756 · nobles  -0.9 · read 10.0 · walls  2.4 · fell 87.6% (mother 16.7%) · prince 20.0% · king 15.8% · crowned 12.0% (median year 48) · 4.2s
try  3 · gen  118 · best    865.1 · elite    451.8 · median     -5.3 · years  30.8 · road 0.38 · starved  1089 · nobles  -0.3 · read 33.6 · walls  3.2 · fell 89.4% (mother 23.2%) · prince 13.8% · king 11.2% · crowned 10.0% (median year 50) · 4.2s
try  4 · gen  118 · best    573.7 · elite    252.3 · median    -23.9 · years  35.8 · road 0.38 · starved   862 · nobles  -4.0 · read 40.9 · walls  5.2 · fell 93.2% (mother 33.2%) · prince 10.1% · king  7.5% · crowned  4.8% (median year 62) · 4.2s
try  5 · gen  118 · best    621.1 · elite    334.1 · median    -10.2 · years  36.5 · road 0.39 · starved   894 · nobles  -1.4 · read 31.8 · walls  6.9 · fell 90.2% (mother 19.5%) · prince 13.4% · king  9.5% · crowned  7.6% (median year 60) · 4.2s
try  6 · gen  118 · best    194.2 · elite    100.3 · median     -3.5 · years  54.5 · road 0.44 · starved  1275 · nobles  -6.9 · read 51.0 · walls  5.0 · fell 87.5% (mother 33.9%) · prince 21.9% · king  1.6% · crowned  0.0% · 4.2s
try  7 · gen  118 · best   1048.0 · elite    533.7 · median    147.3 · years  29.9 · road 0.38 · starved   675 · nobles  -0.8 · read 32.8 · walls  2.5 · fell 85.7% (mother 22.5%) · prince 23.1% · king 18.9% · crowned 13.9% (median year 42) · 4.2s
try  8 · gen  118 · best    510.3 · elite    224.7 · median      0.3 · years  47.8 · road 0.42 · starved  1027 · nobles  -4.2 · read 86.2 · walls  8.7 · fell 88.2% (mother 38.3%) · prince 18.6% · king  6.4% · crowned  2.6% (median year 66) · 4.2s
try  1 · gen  119 · best    656.8 · elite    308.6 · median     -3.6 · years  34.5 · road 0.39 · starved  1004 · nobles  -4.1 · read 36.6 · walls  4.6 · fell 93.0% (mother 36.5%) · prince 17.9% · king 10.6% · crowned  5.9% (median year 46) · 5.2s
try  2 · gen  119 · best    901.9 · elite    474.1 · median    111.7 · years  30.9 · road 0.37 · starved   803 · nobles  -0.9 · read  9.5 · walls  2.5 · fell 87.6% (mother 18.1%) · prince 20.1% · king 16.1% · crowned 12.1% (median year 48) · 5.2s
try  3 · gen  119 · best    776.4 · elite    417.1 · median     18.1 · years  31.4 · road 0.38 · starved  1100 · nobles  -0.2 · read 34.1 · walls  3.2 · fell 88.6% (mother 20.8%) · prince 13.8% · king 11.5% · crowned 10.5% (median year 50) · 5.2s
try  4 · gen  119 · best    577.8 · elite    258.5 · median    -28.3 · years  34.9 · road 0.38 · starved   938 · nobles  -4.1 · read 39.7 · walls  5.1 · fell 93.5% (mother 36.0%) · prince  9.7% · king  7.1% · crowned  4.8% (median year 61) · 5.2s
try  5 · gen  119 · best    729.0 · elite    336.2 · median     -2.3 · years  36.8 · road 0.39 · starved   869 · nobles  -1.3 · read 32.1 · walls  6.7 · fell 89.6% (mother 19.0%) · prince 13.9% · king  9.6% · crowned  8.0% (median year 58) · 5.2s
try  6 · gen  119 · best    186.5 · elite     95.5 · median     -3.8 · years  54.9 · road 0.44 · starved  1234 · nobles  -6.9 · read 52.5 · walls  5.1 · fell 87.0% (mother 30.5%) · prince 20.7% · king  1.9% · crowned  0.0% (median year 85) · 5.2s
try  7 · gen  119 · best    858.7 · elite    530.1 · median    145.2 · years  29.6 · road 0.38 · starved   691 · nobles  -1.0 · read 31.6 · walls  2.6 · fell 86.1% (mother 22.3%) · prince 23.4% · king 18.8% · crowned 13.5% (median year 42) · 5.2s
try  8 · gen  119 · best    396.7 · elite    229.7 · median      8.5 · years  49.0 · road 0.42 · starved  1006 · nobles  -4.2 · read 87.3 · walls  8.7 · fell 87.2% (mother 37.9%) · prince 18.9% · king  6.2% · crowned  2.5% (median year 68) · 5.2s
try  1 · gen  120 · best    654.7 · elite    352.7 · median     -3.9 · years  34.2 · road 0.39 · starved  1011 · nobles  -3.6 · read 36.5 · walls  4.5 · fell 92.4% (mother 34.0%) · prince 18.0% · king 10.7% · crowned  6.5% (median year 45) · 4.2s
try  2 · gen  120 · best    833.4 · elite    480.7 · median    111.3 · years  31.1 · road 0.37 · starved   791 · nobles  -1.0 · read  9.3 · walls  2.5 · fell 87.4% (mother 18.6%) · prince 20.9% · king 16.4% · crowned 12.2% (median year 48) · 4.2s
try  3 · gen  120 · best    822.8 · elite    423.8 · median      4.3 · years  31.1 · road 0.38 · starved  1135 · nobles  -0.6 · read 33.6 · walls  3.0 · fell 89.1% (mother 21.7%) · prince 14.0% · king 11.2% · crowned 10.2% (median year 50) · 4.2s
try  4 · gen  120 · best    644.9 · elite    266.4 · median    -28.6 · years  34.1 · road 0.38 · starved   913 · nobles  -4.2 · read 38.5 · walls  4.9 · fell 93.7% (mother 36.9%) · prince  9.8% · king  7.2% · crowned  4.8% (median year 57) · 4.2s
try  5 · gen  120 · best    786.1 · elite    353.5 · median    -14.4 · years  37.0 · road 0.39 · starved   924 · nobles  -1.6 · read 32.2 · walls  6.9 · fell 90.1% (mother 20.9%) · prince 13.4% · king  9.1% · crowned  7.4% (median year 59) · 4.2s
try  6 · gen  120 · best    200.8 · elite     97.3 · median     -6.4 · years  54.6 · road 0.44 · starved  1233 · nobles  -6.8 · read 52.5 · walls  5.2 · fell 86.8% (mother 30.1%) · prince 20.6% · king  1.4% · crowned  0.0% · 4.2s
try  7 · gen  120 · best    902.3 · elite    559.5 · median    141.3 · years  29.9 · road 0.38 · starved   711 · nobles  -0.8 · read 32.4 · walls  2.7 · fell 85.9% (mother 22.3%) · prince 24.1% · king 19.4% · crowned 13.9% (median year 42) · 4.2s
try  8 · gen  120 · best    417.2 · elite    231.3 · median      6.7 · years  47.0 · road 0.42 · starved  1000 · nobles  -3.9 · read 84.6 · walls  8.7 · fell 88.2% (mother 38.3%) · prince 18.9% · king  7.2% · crowned  3.3% (median year 68) · 4.2s
try  1 · gen  121 · best    662.3 · elite    356.6 · median      1.0 · years  34.2 · road 0.39 · starved   983 · nobles  -3.3 · read 36.6 · walls  4.3 · fell 92.0% (mother 35.2%) · prince 18.3% · king 11.0% · crowned  7.0% (median year 46) · 4.4s
try  2 · gen  121 · best    841.9 · elite    497.4 · median    122.2 · years  31.5 · road 0.37 · starved   729 · nobles  -0.3 · read 10.8 · walls  2.4 · fell 86.8% (mother 17.1%) · prince 20.5% · king 16.5% · crowned 12.9% (median year 48) · 4.4s
try  3 · gen  121 · best    821.3 · elite    448.7 · median      7.6 · years  31.0 · road 0.37 · starved  1042 · nobles  -0.3 · read 33.3 · walls  2.9 · fell 88.9% (mother 21.6%) · prince 14.4% · king 11.5% · crowned 10.4% (median year 50) · 4.4s
try  4 · gen  121 · best    678.3 · elite    264.2 · median    -26.7 · years  34.8 · road 0.38 · starved   890 · nobles  -4.0 · read 37.5 · walls  5.2 · fell 92.8% (mother 35.2%) · prince 10.6% · king  7.9% · crowned  5.3% (median year 60) · 4.4s
try  5 · gen  121 · best    602.4 · elite    327.7 · median    -18.4 · years  36.1 · road 0.39 · starved   890 · nobles  -1.7 · read 32.0 · walls  7.0 · fell 90.5% (mother 21.5%) · prince 12.7% · king  8.6% · crowned  7.3% (median year 58) · 4.4s
try  6 · gen  121 · best    173.0 · elite     94.6 · median     -7.3 · years  54.5 · road 0.44 · starved  1255 · nobles  -6.8 · read 54.8 · walls  5.2 · fell 86.6% (mother 31.3%) · prince 20.2% · king  1.6% · crowned  0.0% · 4.4s
try  7 · gen  121 · best    893.3 · elite    526.2 · median    145.1 · years  30.4 · road 0.38 · starved   714 · nobles  -0.9 · read 32.8 · walls  2.8 · fell 85.8% (mother 22.2%) · prince 23.8% · king 19.5% · crowned 13.8% (median year 43) · 4.4s
try  8 · gen  121 · best    436.0 · elite    231.3 · median      4.9 · years  47.5 · road 0.42 · starved  1030 · nobles  -4.0 · read 85.4 · walls  8.7 · fell 88.8% (mother 38.3%) · prince 18.8% · king  7.3% · crowned  3.1% (median year 67) · 4.4s
try  1 · gen  122 · best    705.3 · elite    377.0 · median      8.7 · years  34.4 · road 0.39 · starved   971 · nobles  -3.1 · read 36.8 · walls  4.4 · fell 91.7% (mother 32.5%) · prince 18.5% · king 11.8% · crowned  7.3% (median year 46) · 4.2s
try  2 · gen  122 · best    843.8 · elite    503.8 · median    128.8 · years  32.0 · road 0.37 · starved   771 · nobles  +0.0 · read 11.2 · walls  2.3 · fell 86.4% (mother 16.4%) · prince 20.5% · king 17.0% · crowned 13.3% (median year 50) · 4.2s
try  3 · gen  122 · best    802.6 · elite    409.7 · median      0.4 · years  30.6 · road 0.37 · starved  1092 · nobles  -1.0 · read 32.6 · walls  2.6 · fell 89.7% (mother 24.1%) · prince 13.6% · king 10.5% · crowned  9.4% (median year 50) · 4.2s
try  4 · gen  122 · best    494.5 · elite    245.3 · median    -23.5 · years  34.1 · road 0.38 · starved   868 · nobles  -4.1 · read 36.9 · walls  5.2 · fell 93.5% (mother 38.2%) · prince  9.9% · king  7.1% · crowned  4.7% (median year 62) · 4.2s
try  5 · gen  122 · best    600.0 · elite    357.2 · median     -2.4 · years  36.4 · road 0.39 · starved   873 · nobles  -1.1 · read 31.7 · walls  7.0 · fell 89.4% (mother 19.7%) · prince 13.4% · king  9.6% · crowned  8.3% (median year 58) · 4.2s
try  6 · gen  122 · best    200.4 · elite     98.8 · median     -5.8 · years  55.2 · road 0.44 · starved  1219 · nobles  -6.8 · read 56.9 · walls  5.1 · fell 85.7% (mother 30.2%) · prince 20.8% · king  1.4% · crowned  0.1% (median year 81) · 4.2s
try  7 · gen  122 · best   1065.3 · elite    568.5 · median    159.0 · years  30.1 · road 0.38 · starved   712 · nobles  -0.4 · read 32.7 · walls  2.8 · fell 84.7% (mother 21.1%) · prince 26.0% · king 21.7% · crowned 15.1% (median year 42) · 4.2s
try  8 · gen  122 · best    596.3 · elite    254.4 · median      5.7 · years  47.2 · road 0.42 · starved  1008 · nobles  -3.7 · read 85.8 · walls  8.7 · fell 88.6% (mother 37.8%) · prince 19.0% · king  7.8% · crowned  3.4% (median year 68) · 4.2s
try  1 · gen  123 · best    908.6 · elite    401.5 · median      3.7 · years  34.3 · road 0.40 · starved   978 · nobles  -3.0 · read 37.8 · walls  4.4 · fell 91.5% (mother 34.1%) · prince 19.0% · king 11.9% · crowned  7.4% (median year 45) · 4.9s
try  2 · gen  123 · best    813.8 · elite    494.9 · median    120.1 · years  31.9 · road 0.36 · starved   744 · nobles  +0.0 · read 11.7 · walls  2.3 · fell 87.0% (mother 17.7%) · prince 20.2% · king 16.3% · crowned 12.6% (median year 49) · 4.9s
try  3 · gen  123 · best    790.3 · elite    421.5 · median    -19.6 · years  29.8 · road 0.36 · starved  1285 · nobles  -1.1 · read 31.4 · walls  2.6 · fell 90.0% (mother 24.7%) · prince 13.1% · king 10.4% · crowned  9.4% (median year 50) · 4.9s
try  4 · gen  123 · best    595.2 · elite    282.0 · median    -21.3 · years  34.4 · road 0.38 · starved   817 · nobles  -3.8 · read 36.8 · walls  5.2 · fell 92.6% (mother 33.5%) · prince 10.3% · king  7.7% · crowned  5.5% (median year 60) · 4.9s
try  5 · gen  123 · best    626.8 · elite    348.9 · median    -14.6 · years  35.7 · road 0.39 · starved   869 · nobles  -1.5 · read 31.0 · walls  7.0 · fell 90.1% (mother 20.5%) · prince 13.0% · king  8.7% · crowned  7.3% (median year 57) · 4.9s
try  6 · gen  123 · best    216.3 · elite     96.9 · median     -5.0 · years  55.3 · road 0.44 · starved  1208 · nobles  -6.9 · read 58.6 · walls  5.3 · fell 85.8% (mother 31.1%) · prince 19.7% · king  1.6% · crowned  0.0% (median year 70) · 4.9s
try  7 · gen  123 · best    977.9 · elite    523.9 · median    141.7 · years  29.7 · road 0.38 · starved   718 · nobles  -0.7 · read 32.3 · walls  2.8 · fell 86.1% (mother 21.2%) · prince 23.8% · king 19.8% · crowned 13.6% (median year 41) · 4.9s
try  8 · gen  123 · best    482.5 · elite    240.3 · median      1.9 · years  47.4 · road 0.42 · starved  1043 · nobles  -4.1 · read 85.5 · walls  8.7 · fell 88.9% (mother 38.4%) · prince 18.6% · king  7.5% · crowned  3.0% (median year 69) · 4.9s
try  1 · gen  124 · best    879.2 · elite    431.5 · median     21.6 · years  34.4 · road 0.40 · starved   992 · nobles  -2.6 · read 38.2 · walls  4.3 · fell 90.6% (mother 31.5%) · prince 20.1% · king 12.8% · crowned  8.5% (median year 45) · 4.4s
try  2 · gen  124 · best    839.2 · elite    475.3 · median    124.4 · years  31.9 · road 0.36 · starved   784 · nobles  +0.4 · read 12.2 · walls  2.2 · fell 86.9% (mother 16.0%) · prince 19.7% · king 16.5% · crowned 12.8% (median year 50) · 4.4s
try  3 · gen  124 · best    771.3 · elite    381.0 · median    -13.9 · years  29.5 · road 0.36 · starved  1060 · nobles  -1.5 · read 31.2 · walls  2.6 · fell 90.6% (mother 26.3%) · prince 13.4% · king  9.8% · crowned  8.7% (median year 50) · 4.4s
try  4 · gen  124 · best    559.2 · elite    284.2 · median    -18.9 · years  34.8 · road 0.38 · starved   814 · nobles  -3.5 · read 37.2 · walls  5.1 · fell 92.1% (mother 31.2%) · prince 10.2% · king  8.1% · crowned  5.9% (median year 59) · 4.4s
try  5 · gen  124 · best    747.7 · elite    345.3 · median     -8.6 · years  36.0 · road 0.39 · starved   904 · nobles  -1.4 · read 31.1 · walls  7.0 · fell 89.7% (mother 21.8%) · prince 13.1% · king  9.0% · crowned  7.8% (median year 58) · 4.4s
try  6 · gen  124 · best    197.6 · elite     99.8 · median     -3.5 · years  54.7 · road 0.44 · starved  1233 · nobles  -6.9 · read 57.3 · walls  5.3 · fell 86.5% (mother 33.9%) · prince 20.1% · king  1.8% · crowned  0.1% (median year 77) · 4.4s
try  7 · gen  124 · best    956.1 · elite    540.2 · median    159.9 · years  30.1 · road 0.38 · starved   702 · nobles  -0.3 · read 33.2 · walls  3.0 · fell 85.2% (mother 20.9%) · prince 24.9% · king 20.9% · crowned 14.5% (median year 42) · 4.4s
try  8 · gen  124 · best    510.8 · elite    246.3 · median      8.6 · years  47.8 · road 0.42 · starved  1026 · nobles  -4.2 · read 86.6 · walls  8.7 · fell 88.4% (mother 37.2%) · prince 19.8% · king  8.5% · crowned  3.4% (median year 68) · 4.4s
try  1 · gen  125 · best    835.3 · elite    421.8 · median     20.4 · years  33.9 · road 0.39 · starved  1012 · nobles  -2.3 · read 37.5 · walls  4.2 · fell 90.7% (mother 29.8%) · prince 21.0% · king 13.9% · crowned  8.6% (median year 44) · 4.0s
try  2 · gen  125 · best    826.4 · elite    483.2 · median    131.0 · years  31.9 · road 0.36 · starved   775 · nobles  +0.6 · read 12.7 · walls  2.2 · fell 86.3% (mother 16.6%) · prince 20.5% · king 16.6% · crowned 13.4% (median year 50) · 4.0s
try  3 · gen  125 · best    727.8 · elite    413.0 · median    -13.1 · years  29.3 · road 0.36 · starved  1008 · nobles  -1.5 · read 31.0 · walls  2.7 · fell 90.3% (mother 25.6%) · prince 13.4% · king 10.2% · crowned  9.1% (median year 50) · 4.0s
try  4 · gen  125 · best    615.3 · elite    297.1 · median    -18.2 · years  34.5 · road 0.38 · starved   819 · nobles  -3.7 · read 36.7 · walls  5.0 · fell 92.6% (mother 33.0%) · prince 11.4% · king  8.5% · crowned  5.8% (median year 59) · 4.0s
try  5 · gen  125 · best    724.6 · elite    346.0 · median    -13.7 · years  35.3 · road 0.39 · starved   876 · nobles  -1.3 · read 30.2 · walls  6.9 · fell 90.5% (mother 22.8%) · prince 13.0% · king  8.8% · crowned  7.4% (median year 58) · 4.0s
try  6 · gen  125 · best    207.0 · elite     94.9 · median     -3.1 · years  55.5 · road 0.44 · starved  1228 · nobles  -6.8 · read 59.2 · walls  5.3 · fell 85.4% (mother 32.8%) · prince 19.4% · king  1.6% · crowned  0.2% (median year 73) · 4.0s
try  7 · gen  125 · best   1030.1 · elite    575.9 · median    154.9 · years  30.3 · road 0.38 · starved   719 · nobles  -0.2 · read 33.6 · walls  3.0 · fell 85.0% (mother 20.0%) · prince 25.5% · king 21.5% · crowned 14.7% (median year 41) · 4.0s
try  8 · gen  125 · best    463.0 · elite    239.3 · median      9.9 · years  47.4 · road 0.43 · starved  1006 · nobles  -4.2 · read 85.7 · walls  8.7 · fell 88.8% (mother 37.6%) · prince 19.3% · king  8.5% · crowned  3.4% (median year 66) · 4.0s
try  1 · gen  126 · best    655.9 · elite    410.8 · median     14.3 · years  33.5 · road 0.39 · starved  1021 · nobles  -2.5 · read 38.4 · walls  3.8 · fell 90.8% (mother 30.5%) · prince 20.5% · king 13.5% · crowned  8.4% (median year 43) · 5.2s
try  2 · gen  126 · best    837.9 · elite    500.8 · median    145.5 · years  32.2 · road 0.37 · starved   730 · nobles  +0.9 · read 14.1 · walls  2.2 · fell 85.9% (mother 16.1%) · prince 21.0% · king 17.2% · crowned 13.8% (median year 49) · 5.2s
try  3 · gen  126 · best    624.8 · elite    378.6 · median    -15.9 · years  29.1 · road 0.36 · starved   962 · nobles  -1.7 · read 30.1 · walls  2.7 · fell 90.7% (mother 27.4%) · prince 13.1% · king  9.6% · crowned  8.7% (median year 50) · 5.2s
try  4 · gen  126 · best    609.0 · elite    279.8 · median    -15.9 · years  34.6 · road 0.38 · starved   819 · nobles  -3.9 · read 37.4 · walls  4.9 · fell 92.7% (mother 33.0%) · prince 11.1% · king  8.1% · crowned  5.6% (median year 59) · 5.2s
try  5 · gen  126 · best    785.3 · elite    321.6 · median    -14.8 · years  35.3 · road 0.39 · starved   894 · nobles  -1.4 · read 30.2 · walls  6.9 · fell 90.5% (mother 22.1%) · prince 12.8% · king  9.0% · crowned  7.4% (median year 58) · 5.2s
try  6 · gen  126 · best    189.5 · elite     99.4 · median     -7.2 · years  55.6 · road 0.44 · starved  1285 · nobles  -7.0 · read 59.4 · walls  5.3 · fell 86.7% (mother 34.2%) · prince 19.7% · king  1.7% · crowned  0.1% (median year 89) · 5.2s
try  7 · gen  126 · best    947.4 · elite    566.8 · median    159.9 · years  30.0 · road 0.38 · starved   696 · nobles  -0.1 · read 34.4 · walls  3.0 · fell 84.8% (mother 20.4%) · prince 25.5% · king 21.5% · crowned 15.0% (median year 42) · 5.2s
try  8 · gen  126 · best    537.4 · elite    242.0 · median      1.9 · years  46.9 · road 0.43 · starved  1033 · nobles  -4.4 · read 85.4 · walls  8.7 · fell 88.9% (mother 37.1%) · prince 19.3% · king  7.9% · crowned  3.1% (median year 67) · 5.2s
try  1 · gen  127 · best    888.9 · elite    447.6 · median     14.0 · years  33.5 · road 0.39 · starved  1005 · nobles  -2.0 · read 38.7 · walls  3.7 · fell 90.2% (mother 29.9%) · prince 20.4% · king 13.6% · crowned  8.8% (median year 44) · 4.2s
try  2 · gen  127 · best    854.8 · elite    501.3 · median    129.5 · years  31.8 · road 0.37 · starved   764 · nobles  +0.3 · read 14.9 · walls  2.5 · fell 86.7% (mother 18.2%) · prince 20.7% · king 16.8% · crowned 12.9% (median year 49) · 4.2s
try  3 · gen  127 · best    828.1 · elite    403.2 · median    -13.6 · years  29.3 · road 0.36 · starved   874 · nobles  -1.4 · read 30.4 · walls  2.7 · fell 89.9% (mother 26.4%) · prince 13.2% · king 10.1% · crowned  9.1% (median year 50) · 4.2s
try  4 · gen  127 · best    601.0 · elite    291.1 · median    -18.3 · years  35.3 · road 0.38 · starved   835 · nobles  -3.7 · read 38.4 · walls  5.1 · fell 92.0% (mother 32.5%) · prince 11.5% · king  8.6% · crowned  6.0% (median year 60) · 4.2s
try  5 · gen  127 · best    617.6 · elite    340.7 · median     -3.2 · years  35.4 · road 0.39 · starved   873 · nobles  -1.1 · read 30.5 · walls  6.9 · fell 89.6% (mother 22.4%) · prince 13.1% · king  9.3% · crowned  7.9% (median year 57) · 4.2s
try  6 · gen  127 · best    222.3 · elite    102.5 · median     -8.8 · years  56.6 · road 0.44 · starved  1254 · nobles  -7.0 · read 61.5 · walls  5.2 · fell 85.2% (mother 31.3%) · prince 19.2% · king  1.6% · crowned  0.1% (median year 78) · 4.2s
try  7 · gen  127 · best   1091.7 · elite    577.5 · median    159.2 · years  30.3 · road 0.38 · starved   732 · nobles  +0.0 · read 35.2 · walls  3.1 · fell 84.5% (mother 20.6%) · prince 25.7% · king 22.0% · crowned 15.3% (median year 42) · 4.2s
try  8 · gen  127 · best    598.7 · elite    240.8 · median      9.3 · years  46.9 · road 0.42 · starved  1044 · nobles  -4.1 · read 85.3 · walls  8.7 · fell 89.5% (mother 36.8%) · prince 19.5% · king  8.8% · crowned  3.2% (median year 66) · 4.2s
try  1 · gen  128 · best   1049.9 · elite    436.1 · median     24.5 · years  33.3 · road 0.39 · starved  1016 · nobles  -2.2 · read 39.0 · walls  3.3 · fell 90.5% (mother 30.9%) · prince 20.7% · king 14.4% · crowned  8.8% (median year 42) · 4.3s
try  2 · gen  128 · best    897.8 · elite    498.8 · median    132.1 · years  31.7 · road 0.37 · starved   743 · nobles  +0.3 · read 15.5 · walls  2.4 · fell 86.3% (mother 17.5%) · prince 21.3% · king 17.3% · crowned 13.3% (median year 49) · 4.3s
try  3 · gen  128 · best    665.5 · elite    382.1 · median    -15.6 · years  28.8 · road 0.36 · starved   942 · nobles  -1.9 · read 29.9 · walls  2.9 · fell 90.6% (mother 27.4%) · prince 13.1% · king  9.9% · crowned  8.8% (median year 51) · 4.3s
try  4 · gen  128 · best    586.2 · elite    299.6 · median    -11.7 · years  35.2 · road 0.38 · starved   804 · nobles  -3.4 · read 38.4 · walls  5.0 · fell 91.8% (mother 29.7%) · prince 11.6% · king  9.1% · crowned  6.6% (median year 60) · 4.3s
try  5 · gen  128 · best    606.5 · elite    360.9 · median     -5.3 · years  35.7 · road 0.39 · starved   891 · nobles  -0.9 · read 30.9 · walls  6.7 · fell 89.7% (mother 22.6%) · prince 13.1% · king  9.7% · crowned  8.2% (median year 59) · 4.3s
try  6 · gen  128 · best    243.6 · elite    106.4 · median     -3.2 · years  57.4 · road 0.44 · starved  1259 · nobles  -6.7 · read 62.4 · walls  5.4 · fell 84.6% (mother 29.3%) · prince 20.2% · king  2.0% · crowned  0.1% (median year 89) · 4.3s
try  7 · gen  128 · best   1123.1 · elite    590.2 · median    160.1 · years  29.7 · road 0.38 · starved   670 · nobles  +0.1 · read 34.4 · walls  2.9 · fell 84.2% (mother 20.0%) · prince 25.0% · king 21.8% · crowned 15.5% (median year 42) · 4.3s
try  8 · gen  128 · best    791.5 · elite    240.1 · median      3.3 · years  46.5 · road 0.43 · starved  1063 · nobles  -4.3 · read 85.2 · walls  8.7 · fell 88.8% (mother 38.5%) · prince 18.8% · king  8.4% · crowned  3.5% (median year 66) · 4.3s
try  1 · gen  129 · best   1037.0 · elite    455.9 · median     17.3 · years  32.8 · road 0.38 · starved   996 · nobles  -2.3 · read 39.0 · walls  3.2 · fell 90.4% (mother 30.8%) · prince 19.8% · king 13.6% · crowned  8.7% (median year 41) · 4.1s
try  2 · gen  129 · best    864.6 · elite    486.7 · median    130.2 · years  31.6 · road 0.37 · starved   734 · nobles  -0.1 · read 16.4 · walls  2.5 · fell 86.9% (mother 18.7%) · prince 20.6% · king 16.8% · crowned 12.9% (median year 48) · 4.1s
try  3 · gen  129 · best    849.2 · elite    397.1 · median    -18.3 · years  29.2 · road 0.36 · starved   994 · nobles  -2.0 · read 30.1 · walls  2.9 · fell 90.3% (mother 28.0%) · prince 13.1% · king  9.9% · crowned  8.8% (median year 50) · 4.1s
try  4 · gen  129 · best    730.7 · elite    304.7 · median    -16.9 · years  35.0 · road 0.38 · starved   813 · nobles  -3.6 · read 36.8 · walls  4.8 · fell 91.7% (mother 30.8%) · prince 11.7% · king  8.4% · crowned  6.0% (median year 58) · 4.1s
try  5 · gen  129 · best    820.8 · elite    336.5 · median     -9.3 · years  34.5 · road 0.39 · starved   892 · nobles  -0.9 · read 30.0 · walls  6.5 · fell 90.2% (mother 24.9%) · prince 13.0% · king  9.1% · crowned  8.0% (median year 57) · 4.1s
try  6 · gen  129 · best    221.2 · elite    102.1 · median    -11.0 · years  56.6 · road 0.44 · starved  1323 · nobles  -6.8 · read 60.5 · walls  5.4 · fell 84.8% (mother 30.3%) · prince 19.6% · king  1.9% · crowned  0.2% (median year 78) · 4.1s
try  7 · gen  129 · best   1034.8 · elite    588.7 · median    164.9 · years  29.7 · road 0.38 · starved   699 · nobles  +0.2 · read 34.2 · walls  2.9 · fell 84.1% (mother 20.2%) · prince 25.4% · king 22.1% · crowned 15.7% (median year 42) · 4.1s
try  8 · gen  129 · best    646.6 · elite    272.4 · median      6.4 · years  46.3 · road 0.42 · starved  1031 · nobles  -3.8 · read 85.2 · walls  8.7 · fell 88.3% (mother 39.3%) · prince 19.3% · king  9.4% · crowned  4.0% (median year 65) · 4.1s
try  1 · gen  130 · best   1069.1 · elite    420.7 · median      9.6 · years  31.7 · road 0.38 · starved   995 · nobles  -2.9 · read 36.9 · walls  3.3 · fell 91.2% (mother 33.2%) · prince 18.9% · king 13.2% · crowned  8.2% (median year 41) · 4.3s
try  2 · gen  130 · best    853.8 · elite    508.1 · median    142.3 · years  31.6 · road 0.37 · starved   696 · nobles  +0.4 · read 18.2 · walls  2.4 · fell 86.0% (mother 18.2%) · prince 21.8% · king 17.5% · crowned 13.7% (median year 48) · 4.3s
try  3 · gen  130 · best    834.3 · elite    373.9 · median    -16.7 · years  28.7 · road 0.35 · starved   947 · nobles  -2.1 · read 29.0 · walls  2.5 · fell 90.8% (mother 28.0%) · prince 13.0% · king  9.5% · crowned  8.5% (median year 50) · 4.3s
try  4 · gen  130 · best    789.3 · elite    299.7 · median    -11.5 · years  35.2 · road 0.38 · starved   818 · nobles  -3.6 · read 36.5 · walls  4.8 · fell 91.7% (mother 28.9%) · prince 12.1% · king  9.0% · crowned  6.4% (median year 58) · 4.3s
try  5 · gen  130 · best    740.4 · elite    348.0 · median     -9.1 · years  35.1 · road 0.39 · starved   883 · nobles  -1.1 · read 30.3 · walls  6.7 · fell 90.2% (mother 23.2%) · prince 13.5% · king  8.6% · crowned  7.6% (median year 58) · 4.3s
try  6 · gen  130 · best    331.3 · elite    112.8 · median     -6.5 · years  57.4 · road 0.45 · starved  1404 · nobles  -6.8 · read 58.9 · walls  5.5 · fell 84.2% (mother 30.2%) · prince 19.8% · king  2.0% · crowned  0.2% (median year 78) · 4.3s
try  7 · gen  130 · best   1129.6 · elite    609.0 · median    162.5 · years  29.0 · road 0.38 · starved   683 · nobles  +0.3 · read 34.8 · walls  2.6 · fell 84.0% (mother 19.1%) · prince 24.8% · king 21.7% · crowned 15.6% (median year 41) · 4.3s
try  8 · gen  130 · best    510.7 · elite    261.4 · median      4.1 · years  45.6 · road 0.42 · starved  1069 · nobles  -4.2 · read 84.2 · walls  8.7 · fell 89.7% (mother 41.0%) · prince 18.6% · king  8.9% · crowned  3.5% (median year 64) · 4.3s
try  1 · gen  131 · best    803.0 · elite    410.2 · median      5.6 · years  31.7 · road 0.38 · starved   987 · nobles  -3.2 · read 36.0 · walls  3.4 · fell 91.4% (mother 34.0%) · prince 18.8% · king 12.8% · crowned  8.2% (median year 42) · 4.2s
try  2 · gen  131 · best   1100.6 · elite    545.6 · median    135.3 · years  31.6 · road 0.37 · starved   711 · nobles  +0.5 · read 20.2 · walls  2.4 · fell 85.9% (mother 18.3%) · prince 21.9% · king 17.8% · crowned 13.8% (median year 47) · 4.2s
try  3 · gen  131 · best    829.3 · elite    413.3 · median     -8.7 · years  29.0 · road 0.36 · starved   881 · nobles  -1.7 · read 29.6 · walls  2.7 · fell 90.0% (mother 25.1%) · prince 13.6% · king 10.4% · crowned  9.2% (median year 51) · 4.2s
try  4 · gen  131 · best    614.9 · elite    327.3 · median    -16.1 · years  34.0 · road 0.38 · starved   850 · nobles  -3.6 · read 35.3 · walls  4.6 · fell 92.1% (mother 28.8%) · prince 12.5% · king  9.4% · crowned  6.4% (median year 57) · 4.2s
try  5 · gen  131 · best    615.0 · elite    340.9 · median    -10.3 · years  34.9 · road 0.38 · starved   878 · nobles  -0.8 · read 30.3 · walls  6.4 · fell 89.7% (mother 22.8%) · prince 13.1% · king  9.0% · crowned  8.0% (median year 58) · 4.2s
try  6 · gen  131 · best    403.5 · elite    104.6 · median     -3.8 · years  57.2 · road 0.45 · starved  1322 · nobles  -6.6 · read 55.6 · walls  5.4 · fell 83.9% (mother 28.4%) · prince 20.8% · king  2.1% · crowned  0.2% (median year 70) · 4.2s
try  7 · gen  131 · best    920.0 · elite    595.4 · median    169.0 · years  28.9 · road 0.38 · starved   681 · nobles  +0.1 · read 35.5 · walls  2.5 · fell 83.6% (mother 20.3%) · prince 25.7% · king 22.2% · crowned 16.2% (median year 40) · 4.2s
try  8 · gen  131 · best    719.2 · elite    267.5 · median      5.8 · years  46.4 · road 0.43 · starved  1058 · nobles  -4.0 · read 85.4 · walls  8.7 · fell 88.7% (mother 37.8%) · prince 19.7% · king  9.5% · crowned  4.0% (median year 65) · 4.2s
try  1 · gen  132 · best    712.5 · elite    421.3 · median     17.8 · years  31.7 · road 0.38 · starved   995 · nobles  -3.4 · read 33.7 · walls  3.7 · fell 91.2% (mother 34.6%) · prince 19.1% · king 13.7% · crowned  8.4% (median year 42) · 4.1s
try  2 · gen  132 · best    716.5 · elite    495.2 · median    143.0 · years  31.8 · road 0.37 · starved   694 · nobles  +0.6 · read 21.7 · walls  2.5 · fell 86.1% (mother 17.8%) · prince 21.3% · king 17.5% · crowned 13.7% (median year 48) · 4.1s
try  3 · gen  132 · best    782.1 · elite    411.3 · median     -8.0 · years  29.1 · road 0.36 · starved   883 · nobles  -1.8 · read 30.0 · walls  2.6 · fell 89.8% (mother 25.5%) · prince 13.8% · king 10.8% · crowned  9.5% (median year 48) · 4.1s
try  4 · gen  132 · best    609.7 · elite    316.3 · median    -14.7 · years  33.3 · road 0.38 · starved   939 · nobles  -3.7 · read 34.0 · walls  4.7 · fell 92.3% (mother 30.5%) · prince 12.4% · king  9.5% · crowned  6.5% (median year 56) · 4.1s
try  5 · gen  132 · best    610.4 · elite    368.3 · median     -1.4 · years  35.4 · road 0.39 · starved   875 · nobles  -0.6 · read 31.3 · walls  6.7 · fell 88.8% (mother 22.0%) · prince 13.8% · king 10.0% · crowned  8.6% (median year 58) · 4.1s
try  6 · gen  132 · best    272.4 · elite    104.9 · median     -6.6 · years  57.9 · road 0.45 · starved  1348 · nobles  -6.6 · read 56.7 · walls  5.6 · fell 83.2% (mother 29.0%) · prince 20.0% · king  2.0% · crowned  0.2% (median year 86) · 4.1s
try  7 · gen  132 · best   1060.8 · elite    596.0 · median    165.8 · years  28.3 · road 0.38 · starved   695 · nobles  -0.1 · read 34.4 · walls  2.4 · fell 83.9% (mother 20.4%) · prince 26.0% · king 22.5% · crowned 15.9% (median year 40) · 4.1s
try  8 · gen  132 · best    472.0 · elite    253.4 · median      5.6 · years  46.1 · road 0.43 · starved  1059 · nobles  -4.2 · read 85.5 · walls  8.8 · fell 89.1% (mother 39.4%) · prince 19.2% · king  9.3% · crowned  4.1% (median year 65) · 4.1s
try  1 · gen  133 · best    946.6 · elite    419.5 · median     14.5 · years  31.7 · road 0.38 · starved  1008 · nobles  -3.4 · read 31.7 · walls  3.8 · fell 91.4% (mother 33.6%) · prince 19.3% · king 14.1% · crowned  8.2% (median year 41) · 5.1s
try  2 · gen  133 · best    878.9 · elite    511.6 · median    139.8 · years  31.9 · road 0.37 · starved   692 · nobles  +0.3 · read 22.7 · walls  2.4 · fell 85.9% (mother 18.6%) · prince 21.5% · king 17.8% · crowned 13.8% (median year 48) · 5.1s
try  3 · gen  133 · best    810.1 · elite    411.7 · median    -10.6 · years  28.8 · road 0.36 · starved   954 · nobles  -1.8 · read 30.2 · walls  2.6 · fell 90.1% (mother 26.4%) · prince 13.8% · king 10.6% · crowned  9.4% (median year 49) · 5.1s
try  4 · gen  133 · best    706.3 · elite    315.5 · median    -18.9 · years  33.6 · road 0.38 · starved   908 · nobles  -3.9 · read 33.6 · walls  4.8 · fell 92.5% (mother 30.2%) · prince 12.1% · king  9.1% · crowned  6.1% (median year 56) · 5.1s
try  5 · gen  133 · best    792.4 · elite    357.9 · median     -2.7 · years  35.1 · road 0.39 · starved   882 · nobles  -0.6 · read 31.4 · walls  6.7 · fell 89.2% (mother 22.1%) · prince 13.5% · king 10.0% · crowned  8.6% (median year 58) · 5.1s
try  6 · gen  133 · best    250.2 · elite    115.6 · median     -5.1 · years  59.1 · road 0.45 · starved  1339 · nobles  -6.0 · read 54.7 · walls  5.8 · fell 81.9% (mother 25.9%) · prince 20.7% · king  2.2% · crowned  0.2% (median year 88) · 5.1s
try  7 · gen  133 · best   1113.6 · elite    611.7 · median    167.7 · years  28.4 · road 0.38 · starved   694 · nobles  +0.1 · read 34.9 · walls  2.4 · fell 83.9% (mother 21.0%) · prince 25.8% · king 22.4% · crowned 16.0% (median year 40) · 5.1s
try  8 · gen  133 · best    529.8 · elite    271.7 · median     11.3 · years  47.4 · road 0.43 · starved  1074 · nobles  -4.0 · read 88.3 · walls  8.8 · fell 88.0% (mother 37.6%) · prince 20.2% · king 10.0% · crowned  4.7% (median year 65) · 5.1s
try  1 · gen  134 · best    663.7 · elite    413.9 · median     16.7 · years  31.3 · road 0.39 · starved   973 · nobles  -3.4 · read 29.5 · walls  3.8 · fell 91.2% (mother 35.7%) · prince 19.4% · king 13.9% · crowned  8.5% (median year 41) · 4.1s
try  2 · gen  134 · best    928.0 · elite    513.9 · median    101.5 · years  31.8 · road 0.37 · starved   735 · nobles  -0.0 · read 22.3 · walls  2.7 · fell 87.2% (mother 20.2%) · prince 21.6% · king 17.2% · crowned 12.6% (median year 48) · 4.1s
try  3 · gen  134 · best    803.3 · elite    396.1 · median     -2.4 · years  28.7 · road 0.35 · starved   909 · nobles  -1.9 · read 31.3 · walls  2.4 · fell 90.2% (mother 26.0%) · prince 13.7% · king 10.5% · crowned  9.3% (median year 50) · 4.1s
try  4 · gen  134 · best    800.2 · elite    305.9 · median    -18.1 · years  33.3 · road 0.38 · starved   905 · nobles  -3.9 · read 34.4 · walls  5.1 · fell 92.9% (mother 33.8%) · prince 12.0% · king  8.8% · crowned  6.0% (median year 57) · 4.1s
try  5 · gen  134 · best    762.8 · elite    374.3 · median     -7.0 · years  34.5 · road 0.38 · starved   869 · nobles  -0.6 · read 30.5 · walls  6.6 · fell 89.6% (mother 22.1%) · prince 13.1% · king 10.0% · crowned  8.7% (median year 57) · 4.1s
try  6 · gen  134 · best    313.6 · elite    113.4 · median     -3.8 · years  59.3 · road 0.45 · starved  1340 · nobles  -5.9 · read 53.5 · walls  5.9 · fell 81.3% (mother 24.2%) · prince 20.6% · king  1.9% · crowned  0.2% (median year 75) · 4.1s
try  7 · gen  134 · best   1016.6 · elite    641.8 · median    176.8 · years  28.2 · road 0.38 · starved   674 · nobles  +0.6 · read 33.3 · walls  2.3 · fell 82.1% (mother 20.0%) · prince 27.0% · king 23.8% · crowned 17.8% (median year 40) · 4.1s
try  8 · gen  134 · best    531.2 · elite    271.4 · median      7.3 · years  46.7 · road 0.43 · starved  1081 · nobles  -3.9 · read 85.9 · walls  8.7 · fell 88.9% (mother 39.1%) · prince 19.6% · king  9.7% · crowned  4.4% (median year 64) · 4.1s
try  1 · gen  135 · best    708.1 · elite    418.7 · median      9.0 · years  31.7 · road 0.38 · starved   991 · nobles  -3.6 · read 29.1 · walls  3.8 · fell 91.4% (mother 35.7%) · prince 19.2% · king 13.2% · crowned  8.1% (median year 42) · 4.2s
try  2 · gen  135 · best    834.7 · elite    509.1 · median    140.9 · years  31.9 · road 0.37 · starved   706 · nobles  +0.1 · read 21.8 · walls  2.6 · fell 86.2% (mother 18.8%) · prince 22.3% · king 17.9% · crowned 13.5% (median year 48) · 4.2s
try  3 · gen  135 · best   1012.9 · elite    400.2 · median     -8.6 · years  28.1 · road 0.35 · starved   794 · nobles  -1.8 · read 30.6 · walls  2.3 · fell 90.4% (mother 26.7%) · prince 13.2% · king 10.1% · crowned  9.1% (median year 50) · 4.2s
try  4 · gen  135 · best    567.8 · elite    319.8 · median    -18.7 · years  33.0 · road 0.38 · starved   956 · nobles  -3.9 · read 33.2 · walls  5.0 · fell 92.7% (mother 33.0%) · prince 12.6% · king  9.4% · crowned  6.4% (median year 56) · 4.2s
try  5 · gen  135 · best    734.0 · elite    381.9 · median     14.4 · years  34.5 · road 0.38 · starved   848 · nobles  -0.5 · read 30.8 · walls  6.4 · fell 88.8% (mother 22.7%) · prince 13.7% · king 10.7% · crowned  9.4% (median year 57) · 4.2s
try  6 · gen  135 · best    191.2 · elite    104.9 · median     -6.6 · years  61.4 · road 0.46 · starved  1363 · nobles  -6.1 · read 54.4 · walls  6.0 · fell 78.9% (mother 21.1%) · prince 20.2% · king  1.5% · crowned  0.0% (median year 85) · 4.2s
try  7 · gen  135 · best   1070.1 · elite    658.2 · median    189.9 · years  28.3 · road 0.38 · starved   677 · nobles  +0.9 · read 33.6 · walls  2.3 · fell 81.7% (mother 19.0%) · prince 27.7% · king 24.7% · crowned 18.3% (median year 39) · 4.2s
try  8 · gen  135 · best    538.4 · elite    276.2 · median      3.4 · years  46.8 · road 0.43 · starved  1098 · nobles  -3.7 · read 85.7 · walls  8.7 · fell 88.2% (mother 38.2%) · prince 19.5% · king  9.4% · crowned  4.5% (median year 63) · 4.2s
try  1 · gen  136 · best    770.2 · elite    438.8 · median     24.5 · years  31.3 · road 0.39 · starved   967 · nobles  -3.2 · read 25.0 · walls  3.7 · fell 90.9% (mother 35.4%) · prince 20.6% · king 14.4% · crowned  8.6% (median year 42) · 4.2s
try  2 · gen  136 · best    858.8 · elite    514.2 · median    143.1 · years  31.3 · road 0.37 · starved   708 · nobles  -0.0 · read 20.9 · walls  2.6 · fell 86.2% (mother 18.3%) · prince 21.4% · king 18.0% · crowned 13.6% (median year 48) · 4.2s
try  3 · gen  136 · best    861.4 · elite    403.9 · median    -15.0 · years  28.4 · road 0.36 · starved   869 · nobles  -2.1 · read 30.3 · walls  2.6 · fell 90.5% (mother 29.4%) · prince 13.1% · king 10.1% · crowned  8.9% (median year 50) · 4.2s
try  4 · gen  136 · best    539.5 · elite    316.4 · median    -17.9 · years  33.1 · road 0.38 · starved  1054 · nobles  -3.9 · read 32.4 · walls  5.1 · fell 92.6% (mother 32.7%) · prince 13.1% · king  9.7% · crowned  6.5% (median year 56) · 4.2s
try  5 · gen  136 · best    772.3 · elite    380.0 · median     -8.8 · years  34.4 · road 0.38 · starved   859 · nobles  -0.5 · read 31.1 · walls  6.3 · fell 89.4% (mother 22.7%) · prince 12.5% · king 10.2% · crowned  8.9% (median year 58) · 4.2s
try  6 · gen  136 · best    196.9 · elite    108.8 · median      6.1 · years  62.7 · road 0.47 · starved  1331 · nobles  -6.2 · read 54.9 · walls  6.3 · fell 79.5% (mother 23.0%) · prince 21.8% · king  1.5% · crowned  0.0% (median year 86) · 4.2s
try  7 · gen  136 · best   1262.9 · elite    669.1 · median    186.5 · years  28.3 · road 0.38 · starved   670 · nobles  +1.2 · read 33.6 · walls  2.2 · fell 80.7% (mother 18.0%) · prince 28.3% · king 25.2% · crowned 19.2% (median year 40) · 4.2s
try  8 · gen  136 · best    700.2 · elite    267.0 · median     11.9 · years  48.3 · road 0.43 · starved  1101 · nobles  -3.9 · read 88.0 · walls  8.8 · fell 87.6% (mother 34.6%) · prince 20.2% · king  9.6% · crowned  4.7% (median year 64) · 4.2s
try  1 · gen  137 · best    699.0 · elite    425.8 · median     40.3 · years  31.5 · road 0.39 · starved   945 · nobles  -3.0 · read 21.4 · walls  3.9 · fell 90.5% (mother 35.4%) · prince 20.1% · king 14.8% · crowned  9.1% (median year 42) · 4.3s
try  2 · gen  137 · best   1066.1 · elite    519.5 · median    126.3 · years  31.5 · road 0.37 · starved   738 · nobles  -0.5 · read 22.5 · walls  2.4 · fell 86.9% (mother 19.5%) · prince 21.2% · king 17.4% · crowned 12.9% (median year 48) · 4.3s
try  3 · gen  137 · best    834.2 · elite    420.4 · median     -4.4 · years  28.4 · road 0.36 · starved   852 · nobles  -2.0 · read 31.4 · walls  2.4 · fell 90.0% (mother 26.1%) · prince 13.5% · king 10.4% · crowned  9.4% (median year 49) · 4.3s
try  4 · gen  137 · best    593.5 · elite    345.2 · median     -7.6 · years  33.7 · road 0.38 · starved   914 · nobles  -3.4 · read 33.1 · walls  5.1 · fell 91.5% (mother 28.1%) · prince 13.7% · king 10.5% · crowned  7.5% (median year 56) · 4.3s
try  5 · gen  137 · best    742.0 · elite    398.6 · median      1.9 · years  33.8 · road 0.38 · starved   866 · nobles  +0.0 · read 30.0 · walls  6.1 · fell 88.6% (mother 22.0%) · prince 12.9% · king 10.5% · crowned  9.7% (median year 58) · 4.3s
try  6 · gen  137 · best    201.6 · elite    107.8 · median      3.6 · years  63.3 · road 0.47 · starved  1353 · nobles  -6.4 · read 56.0 · walls  6.1 · fell 79.2% (mother 22.3%) · prince 21.8% · king  1.5% · crowned  0.1% (median year 89) · 4.3s
try  7 · gen  137 · best   1275.2 · elite    709.2 · median    189.6 · years  28.2 · road 0.38 · starved   665 · nobles  +1.5 · read 32.9 · walls  2.2 · fell 79.9% (mother 17.1%) · prince 28.9% · king 26.1% · crowned 20.1% (median year 40) · 4.3s
try  8 · gen  137 · best    762.1 · elite    281.2 · median      9.3 · years  49.0 · road 0.43 · starved  1116 · nobles  -3.9 · read 88.5 · walls  8.8 · fell 87.3% (mother 33.8%) · prince 20.0% · king  9.9% · crowned  4.8% (median year 66) · 4.3s
try  1 · gen  138 · best   1046.8 · elite    463.0 · median     29.5 · years  31.2 · road 0.39 · starved   884 · nobles  -2.8 · read 18.4 · walls  3.9 · fell 89.9% (mother 34.8%) · prince 20.2% · king 14.8% · crowned  9.6% (median year 42) · 4.2s
try  2 · gen  138 · best   1000.1 · elite    528.0 · median    129.5 · years  31.0 · road 0.37 · starved   727 · nobles  -0.5 · read 23.8 · walls  2.2 · fell 86.9% (mother 19.1%) · prince 21.6% · king 17.5% · crowned 12.9% (median year 48) · 4.2s
try  3 · gen  138 · best    827.2 · elite    405.8 · median    -11.4 · years  28.4 · road 0.36 · starved   809 · nobles  -2.0 · read 30.7 · walls  2.5 · fell 90.3% (mother 29.1%) · prince 13.4% · king 10.1% · crowned  9.1% (median year 49) · 4.2s
try  4 · gen  138 · best    689.1 · elite    335.8 · median     -1.0 · years  33.3 · road 0.38 · starved   918 · nobles  -3.4 · read 32.1 · walls  4.8 · fell 91.4% (mother 28.3%) · prince 13.5% · king 10.6% · crowned  7.4% (median year 53) · 4.2s
try  5 · gen  138 · best    774.9 · elite    384.7 · median    -11.9 · years  33.1 · road 0.37 · starved   855 · nobles  +0.2 · read 29.1 · walls  5.8 · fell 89.3% (mother 21.9%) · prince 12.3% · king 10.4% · crowned  9.4% (median year 58) · 4.2s
try  6 · gen  138 · best    191.7 · elite    112.1 · median      3.4 · years  65.0 · road 0.47 · starved  1369 · nobles  -6.7 · read 59.5 · walls  6.2 · fell 77.2% (mother 22.0%) · prince 20.9% · king  1.0% · crowned  0.1% (median year 83) · 4.2s
try  7 · gen  138 · best    973.3 · elite    643.6 · median    184.7 · years  27.9 · road 0.38 · starved   665 · nobles  +1.3 · read 32.4 · walls  2.3 · fell 80.9% (mother 17.3%) · prince 27.2% · king 24.4% · crowned 18.9% (median year 39) · 4.2s
try  8 · gen  138 · best    682.7 · elite    290.2 · median      1.9 · years  48.6 · road 0.43 · starved  1106 · nobles  -4.3 · read 87.8 · walls  8.8 · fell 87.9% (mother 34.8%) · prince 19.5% · king  9.3% · crowned  4.7% (median year 66) · 4.2s
try  1 · gen  139 · best    845.3 · elite    482.9 · median    105.4 · years  32.1 · road 0.39 · starved   860 · nobles  -2.3 · read 17.7 · walls  4.0 · fell 88.4% (mother 31.9%) · prince 21.4% · king 16.2% · crowned 11.0% (median year 43) · 4.2s
try  2 · gen  139 · best   1048.1 · elite    485.2 · median    136.1 · years  30.8 · road 0.37 · starved   733 · nobles  -0.7 · read 23.7 · walls  2.1 · fell 86.8% (mother 20.0%) · prince 21.5% · king 17.8% · crowned 13.0% (median year 47) · 4.2s
try  3 · gen  139 · best    659.8 · elite    378.1 · median    -12.5 · years  28.6 · road 0.36 · starved   805 · nobles  -2.4 · read 30.7 · walls  2.7 · fell 90.8% (mother 28.4%) · prince 13.0% · king  9.6% · crowned  8.6% (median year 50) · 4.2s
try  4 · gen  139 · best    660.4 · elite    334.9 · median    -13.2 · years  32.3 · road 0.38 · starved  1033 · nobles  -3.6 · read 31.0 · walls  4.6 · fell 92.2% (mother 30.5%) · prince 13.5% · king 10.2% · crowned  7.0% (median year 54) · 4.2s
try  5 · gen  139 · best    789.8 · elite    414.1 · median      5.9 · years  33.5 · road 0.37 · starved   861 · nobles  +1.0 · read 29.3 · walls  5.9 · fell 88.2% (mother 19.4%) · prince 13.4% · king 11.2% · crowned 10.3% (median year 60) · 4.2s
try  6 · gen  139 · best    202.1 · elite    107.3 · median      0.9 · years  66.0 · road 0.48 · starved  1429 · nobles  -7.3 · read 64.4 · walls  6.3 · fell 77.2% (mother 23.3%) · prince 19.9% · king  0.9% · crowned  0.0% · 4.2s
try  7 · gen  139 · best   1001.5 · elite    696.0 · median    196.2 · years  28.5 · road 0.38 · starved   697 · nobles  +1.9 · read 33.1 · walls  2.3 · fell 79.0% (mother 16.5%) · prince 29.3% · king 26.3% · crowned 20.8% (median year 40) · 4.2s
try  8 · gen  139 · best    544.5 · elite    274.9 · median      4.8 · years  48.4 · road 0.43 · starved  1084 · nobles  -4.1 · read 86.9 · walls  8.8 · fell 87.6% (mother 33.2%) · prince 18.2% · king  8.9% · crowned  4.7% (median year 65) · 4.2s
try  1 · gen  140 · best   1279.8 · elite    481.9 · median     63.1 · years  32.3 · road 0.39 · starved   865 · nobles  -2.3 · read 14.6 · walls  4.1 · fell 89.4% (mother 33.5%) · prince 22.1% · king 16.1% · crowned 10.2% (median year 43) · 5.2s
try  2 · gen  140 · best   1284.2 · elite    495.3 · median    130.8 · years  30.8 · road 0.37 · starved   789 · nobles  -0.6 · read 23.3 · walls  2.1 · fell 86.9% (mother 19.8%) · prince 21.2% · king 17.2% · crowned 12.9% (median year 47) · 5.2s
try  3 · gen  140 · best    815.1 · elite    389.2 · median    -17.3 · years  28.3 · road 0.36 · starved   936 · nobles  -2.6 · read 29.6 · walls  2.8 · fell 91.1% (mother 30.3%) · prince 13.4% · king  9.7% · crowned  8.4% (median year 48) · 5.2s
try  4 · gen  140 · best    825.5 · elite    394.2 · median      3.2 · years  32.8 · road 0.38 · starved   872 · nobles  -2.9 · read 29.9 · walls  4.5 · fell 90.6% (mother 28.4%) · prince 14.1% · king 11.7% · crowned  8.6% (median year 53) · 5.2s
try  5 · gen  140 · best    771.6 · elite    397.7 · median     17.4 · years  32.6 · road 0.37 · starved   812 · nobles  +1.5 · read 27.8 · walls  5.8 · fell 88.6% (mother 19.9%) · prince 12.9% · king 11.1% · crowned 10.2% (median year 58) · 5.2s
try  6 · gen  140 · best    233.4 · elite     98.5 · median      1.6 · years  67.4 · road 0.49 · starved  1491 · nobles  -7.8 · read 68.3 · walls  6.6 · fell 76.4% (mother 24.6%) · prince 20.9% · king  0.9% · crowned  0.0% (median year 81) · 5.2s
try  7 · gen  140 · best    992.7 · elite    666.3 · median    182.4 · years  27.9 · road 0.38 · starved   700 · nobles  +1.4 · read 32.3 · walls  2.2 · fell 80.4% (mother 17.1%) · prince 28.3% · king 25.7% · crowned 19.5% (median year 40) · 5.2s
try  8 · gen  140 · best    552.7 · elite    291.5 · median      1.7 · years  49.7 · road 0.43 · starved  1126 · nobles  -4.1 · read 88.2 · walls  8.8 · fell 87.8% (mother 31.9%) · prince 18.3% · king  9.2% · crowned  4.8% (median year 66) · 5.2s
try  1 · gen  141 · best    871.0 · elite    496.5 · median    118.8 · years  32.0 · road 0.40 · starved   806 · nobles  -1.6 · read 11.0 · walls  4.2 · fell 87.8% (mother 31.5%) · prince 22.2% · king 16.4% · crowned 11.6% (median year 43) · 4.1s
try  2 · gen  141 · best    863.7 · elite    509.4 · median    137.3 · years  31.1 · road 0.37 · starved   806 · nobles  -0.5 · read 23.8 · walls  2.0 · fell 86.6% (mother 20.0%) · prince 21.1% · king 17.5% · crowned 13.2% (median year 48) · 4.1s
try  3 · gen  141 · best    837.2 · elite    406.0 · median    -17.3 · years  28.5 · road 0.36 · starved   925 · nobles  -2.2 · read 28.8 · walls  2.7 · fell 90.5% (mother 27.6%) · prince 13.2% · king 10.2% · crowned  9.0% (median year 49) · 4.1s
try  4 · gen  141 · best    753.6 · elite    414.7 · median     20.3 · years  32.1 · road 0.38 · starved   770 · nobles  -2.2 · read 27.6 · walls  4.1 · fell 89.9% (mother 26.0%) · prince 15.5% · king 12.8% · crowned  9.5% (median year 51) · 4.1s
try  5 · gen  141 · best    808.3 · elite    409.0 · median     20.8 · years  33.0 · road 0.37 · starved   823 · nobles  +1.5 · read 28.5 · walls  5.7 · fell 88.1% (mother 20.4%) · prince 13.5% · king 11.6% · crowned 10.4% (median year 58) · 4.1s
try  6 · gen  141 · best    199.5 · elite    100.9 · median      4.0 · years  66.2 · road 0.48 · starved  1480 · nobles  -7.8 · read 69.0 · walls  6.7 · fell 77.8% (mother 27.3%) · prince 21.4% · king  0.9% · crowned  0.0% · 4.1s
try  7 · gen  141 · best   1016.1 · elite    674.9 · median    188.9 · years  27.9 · road 0.38 · starved   698 · nobles  +1.5 · read 32.4 · walls  2.2 · fell 79.9% (mother 16.7%) · prince 28.7% · king 25.7% · crowned 20.0% (median year 40) · 4.1s
try  8 · gen  141 · best    567.8 · elite    278.8 · median      3.5 · years  49.1 · road 0.43 · starved  1134 · nobles  -4.2 · read 88.3 · walls  8.7 · fell 88.3% (mother 32.5%) · prince 18.5% · king  9.4% · crowned  4.9% (median year 66) · 4.1s
try  1 · gen  142 · best    856.2 · elite    487.8 · median     76.3 · years  32.3 · road 0.39 · starved   822 · nobles  -2.0 · read 10.9 · walls  4.2 · fell 88.2% (mother 33.1%) · prince 21.7% · king 15.9% · crowned 11.0% (median year 43) · 4.2s
try  2 · gen  142 · best   1045.0 · elite    522.6 · median    133.4 · years  30.9 · road 0.37 · starved   837 · nobles  -0.5 · read 24.1 · walls  2.0 · fell 86.4% (mother 20.5%) · prince 21.2% · king 17.3% · crowned 13.4% (median year 47) · 4.2s
try  3 · gen  142 · best    890.0 · elite    406.0 · median    -13.1 · years  28.5 · road 0.36 · starved   913 · nobles  -2.1 · read 29.3 · walls  2.6 · fell 90.4% (mother 26.2%) · prince 13.8% · king 10.5% · crowned  9.1% (median year 49) · 4.2s
try  4 · gen  142 · best    651.5 · elite    406.9 · median      3.7 · years  32.1 · road 0.38 · starved   798 · nobles  -2.5 · read 27.0 · walls  4.0 · fell 90.4% (mother 25.2%) · prince 15.0% · king 12.0% · crowned  9.1% (median year 51) · 4.2s
try  5 · gen  142 · best    808.6 · elite    395.3 · median      3.3 · years  32.4 · road 0.37 · starved   825 · nobles  +1.3 · read 28.0 · walls  5.8 · fell 88.8% (mother 20.6%) · prince 13.0% · king 11.1% · crowned 10.0% (median year 57) · 4.2s
try  6 · gen  142 · best    222.3 · elite     93.9 · median     -0.3 · years  67.2 · road 0.48 · starved  1505 · nobles  -8.0 · read 70.7 · walls  6.7 · fell 76.9% (mother 28.4%) · prince 19.6% · king  0.5% · crowned  0.0% (median year 95) · 4.2s
try  7 · gen  142 · best   1093.4 · elite    657.4 · median    184.3 · years  27.6 · road 0.38 · starved   717 · nobles  +1.4 · read 32.4 · walls  2.2 · fell 80.6% (mother 17.3%) · prince 28.3% · king 25.4% · crowned 19.3% (median year 40) · 4.2s
try  8 · gen  142 · best    581.0 · elite    266.7 · median      0.6 · years  48.6 · road 0.43 · starved  1155 · nobles  -4.0 · read 87.5 · walls  8.7 · fell 88.4% (mother 35.6%) · prince 18.4% · king  8.9% · crowned  4.3% (median year 67) · 4.2s
try  1 · gen  143 · best    903.3 · elite    497.0 · median    113.1 · years  32.1 · road 0.40 · starved   785 · nobles  -1.5 · read  9.9 · walls  4.2 · fell 87.8% (mother 32.2%) · prince 22.5% · king 16.8% · crowned 11.5% (median year 43) · 4.2s
try  2 · gen  143 · best   1063.3 · elite    522.7 · median    131.8 · years  30.4 · road 0.37 · starved   767 · nobles  -0.5 · read 22.6 · walls  2.0 · fell 86.6% (mother 20.2%) · prince 21.1% · king 17.5% · crowned 13.3% (median year 47) · 4.2s
try  3 · gen  143 · best    846.6 · elite    424.1 · median    -10.3 · years  27.9 · road 0.35 · starved   809 · nobles  -2.0 · read 28.8 · walls  2.6 · fell 90.2% (mother 26.2%) · prince 14.1% · king 10.6% · crowned  9.4% (median year 49) · 4.2s
try  4 · gen  143 · best    652.8 · elite    387.9 · median     12.2 · years  32.0 · road 0.38 · starved   859 · nobles  -2.5 · read 26.5 · walls  4.2 · fell 90.5% (mother 26.7%) · prince 15.2% · king 12.0% · crowned  8.9% (median year 51) · 4.2s
try  5 · gen  143 · best    756.3 · elite    397.1 · median     13.0 · years  32.5 · road 0.37 · starved   824 · nobles  +1.2 · read 27.9 · walls  5.8 · fell 88.7% (mother 21.8%) · prince 13.2% · king 11.4% · crowned 10.4% (median year 58) · 4.2s
try  6 · gen  143 · best    183.0 · elite     97.2 · median      1.1 · years  69.7 · road 0.49 · starved  1544 · nobles  -8.5 · read 78.9 · walls  6.8 · fell 73.5% (mother 29.6%) · prince 20.6% · king  0.5% · crowned  0.0% · 4.2s
try  7 · gen  143 · best    949.8 · elite    645.2 · median    190.8 · years  27.7 · road 0.38 · starved   736 · nobles  +1.3 · read 32.4 · walls  2.2 · fell 80.9% (mother 18.8%) · prince 28.6% · king 25.1% · crowned 19.0% (median year 40) · 4.2s
try  8 · gen  143 · best    532.6 · elite    272.5 · median      4.5 · years  48.9 · road 0.43 · starved  1154 · nobles  -4.0 · read 89.1 · walls  8.6 · fell 87.7% (mother 33.6%) · prince 18.8% · king  9.4% · crowned  4.8% (median year 64) · 4.2s
try  1 · gen  144 · best    900.8 · elite    499.1 · median    116.2 · years  31.6 · road 0.40 · starved   810 · nobles  -1.4 · read  9.7 · walls  4.1 · fell 87.8% (mother 32.8%) · prince 22.5% · king 17.1% · crowned 11.7% (median year 43) · 4.3s
try  2 · gen  144 · best    859.4 · elite    504.4 · median    134.6 · years  30.4 · road 0.37 · starved   805 · nobles  -0.4 · read 22.5 · walls  1.9 · fell 86.6% (mother 20.3%) · prince 21.2% · king 17.1% · crowned 13.2% (median year 47) · 4.3s
try  3 · gen  144 · best    798.4 · elite    399.5 · median    -16.7 · years  28.3 · road 0.36 · starved   897 · nobles  -2.1 · read 29.6 · walls  2.7 · fell 90.4% (mother 25.6%) · prince 14.0% · king 10.4% · crowned  9.1% (median year 50) · 4.3s
try  4 · gen  144 · best    797.2 · elite    424.0 · median     18.1 · years  31.9 · road 0.38 · starved   835 · nobles  -2.4 · read 25.9 · walls  3.8 · fell 89.9% (mother 25.2%) · prince 15.9% · king 13.2% · crowned  9.5% (median year 50) · 4.3s
try  5 · gen  144 · best    889.4 · elite    404.1 · median    -11.6 · years  32.2 · road 0.37 · starved   829 · nobles  +0.7 · read 27.9 · walls  5.8 · fell 88.8% (mother 21.0%) · prince 12.5% · king 10.9% · crowned  9.8% (median year 57) · 4.3s
try  6 · gen  144 · best    174.7 · elite     96.7 · median     -0.6 · years  70.2 · road 0.48 · starved  1578 · nobles  -7.9 · read 80.8 · walls  7.1 · fell 72.8% (mother 27.5%) · prince 21.3% · king  0.6% · crowned  0.0% · 4.3s
try  7 · gen  144 · best   1075.4 · elite    635.7 · median    182.1 · years  27.7 · road 0.38 · starved   727 · nobles  +1.3 · read 31.9 · walls  2.1 · fell 81.1% (mother 18.8%) · prince 27.7% · king 24.3% · crowned 18.9% (median year 40) · 4.3s
try  8 · gen  144 · best    604.5 · elite    290.2 · median     -4.7 · years  48.7 · road 0.43 · starved  1183 · nobles  -4.3 · read 90.1 · walls  8.5 · fell 88.0% (mother 33.0%) · prince 17.5% · king  9.4% · crowned  4.8% (median year 64) · 4.3s
try  1 · gen  145 · best    949.1 · elite    511.1 · median    110.0 · years  31.3 · road 0.39 · starved   782 · nobles  -1.4 · read 10.2 · walls  3.8 · fell 87.9% (mother 32.2%) · prince 22.2% · king 16.4% · crowned 11.7% (median year 42) · 4.3s
try  2 · gen  145 · best   1016.4 · elite    482.7 · median    118.9 · years  29.7 · road 0.36 · starved   823 · nobles  -1.0 · read 21.5 · walls  1.8 · fell 87.7% (mother 21.3%) · prince 21.0% · king 16.8% · crowned 12.2% (median year 47) · 4.3s
try  3 · gen  145 · best    850.2 · elite    408.6 · median     -5.0 · years  28.4 · road 0.36 · starved   921 · nobles  -2.4 · read 29.9 · walls  2.9 · fell 90.3% (mother 25.4%) · prince 14.2% · king 10.7% · crowned  9.2% (median year 49) · 4.3s
try  4 · gen  145 · best    856.1 · elite    442.7 · median     14.4 · years  32.0 · road 0.38 · starved   768 · nobles  -2.3 · read 26.0 · walls  3.6 · fell 89.7% (mother 25.1%) · prince 16.3% · king 13.1% · crowned  9.6% (median year 50) · 4.3s
try  5 · gen  145 · best    653.2 · elite    385.0 · median      7.0 · years  32.7 · road 0.37 · starved   840 · nobles  +0.5 · read 28.3 · walls  6.0 · fell 88.5% (mother 19.1%) · prince 12.9% · king 11.0% · crowned 10.2% (median year 58) · 4.3s
try  6 · gen  145 · best    203.1 · elite     95.4 · median     -2.1 · years  71.0 · road 0.48 · starved  1600 · nobles  -7.8 · read 82.9 · walls  7.0 · fell 71.2% (mother 25.4%) · prince 21.4% · king  0.5% · crowned  0.0% · 4.3s
try  7 · gen  145 · best   1078.2 · elite    690.0 · median    184.4 · years  28.0 · road 0.38 · starved   726 · nobles  +1.7 · read 32.0 · walls  2.0 · fell 80.2% (mother 17.7%) · prince 28.0% · king 25.2% · crowned 19.6% (median year 40) · 4.3s
try  8 · gen  145 · best    586.1 · elite    274.5 · median     -3.6 · years  47.6 · road 0.43 · starved  1164 · nobles  -4.2 · read 88.2 · walls  8.4 · fell 88.2% (mother 33.6%) · prince 17.2% · king  9.4% · crowned  4.8% (median year 63) · 4.3s
try  1 · gen  146 · best    939.4 · elite    515.7 · median    132.6 · years  31.5 · road 0.39 · starved   806 · nobles  -1.2 · read  9.9 · walls  3.8 · fell 86.9% (mother 30.6%) · prince 23.0% · king 17.8% · crowned 12.4% (median year 43) · 4.1s
try  2 · gen  146 · best    906.3 · elite    492.6 · median    134.0 · years  29.6 · road 0.36 · starved   835 · nobles  -0.8 · read 20.9 · walls  1.7 · fell 87.0% (mother 19.6%) · prince 20.8% · king 17.6% · crowned 13.0% (median year 46) · 4.1s
try  3 · gen  146 · best    769.3 · elite    423.3 · median      1.9 · years  28.4 · road 0.36 · starved   853 · nobles  -2.2 · read 29.8 · walls  3.1 · fell 90.0% (mother 23.8%) · prince 14.8% · king 11.6% · crowned  9.8% (median year 48) · 4.1s
try  4 · gen  146 · best    651.8 · elite    413.1 · median     21.8 · years  31.4 · road 0.38 · starved   827 · nobles  -2.2 · read 26.0 · walls  3.7 · fell 89.9% (mother 27.0%) · prince 15.8% · king 12.9% · crowned  9.5% (median year 49) · 4.1s
try  5 · gen  146 · best    755.8 · elite    398.3 · median     43.6 · years  33.1 · road 0.38 · starved   851 · nobles  +1.1 · read 28.7 · walls  6.0 · fell 87.7% (mother 19.4%) · prince 13.9% · king 11.6% · crowned 10.9% (median year 58) · 4.1s
try  6 · gen  146 · best    212.2 · elite     95.0 · median     -1.9 · years  71.9 · road 0.48 · starved  1583 · nobles  -7.8 · read 87.8 · walls  7.1 · fell 69.0% (mother 23.7%) · prince 20.5% · king  0.5% · crowned  0.0% (median year 70) · 4.1s
try  7 · gen  146 · best   1168.0 · elite    670.2 · median    185.9 · years  27.6 · road 0.38 · starved   710 · nobles  +1.9 · read 31.8 · walls  1.9 · fell 79.7% (mother 17.2%) · prince 28.6% · king 25.5% · crowned 20.1% (median year 40) · 4.1s
try  8 · gen  146 · best    627.0 · elite    292.6 · median      1.7 · years  47.9 · road 0.43 · starved  1171 · nobles  -4.6 · read 87.6 · walls  8.3 · fell 87.3% (mother 31.5%) · prince 17.0% · king 10.4% · crowned  5.7% (median year 62) · 4.1s
try  1 · gen  147 · best    872.3 · elite    488.5 · median    115.1 · years  31.5 · road 0.39 · starved   818 · nobles  -1.2 · read 10.1 · walls  3.7 · fell 88.1% (mother 31.3%) · prince 23.1% · king 16.6% · crowned 11.3% (median year 42) · 5.2s
try  2 · gen  147 · best    782.7 · elite    475.5 · median    130.5 · years  29.9 · road 0.37 · starved   794 · nobles  -1.0 · read 20.8 · walls  1.9 · fell 86.8% (mother 20.7%) · prince 21.1% · king 17.9% · crowned 13.1% (median year 46) · 5.2s
try  3 · gen  147 · best    660.4 · elite    426.0 · median      3.0 · years  28.5 · road 0.37 · starved   856 · nobles  -2.2 · read 29.4 · walls  3.2 · fell 89.8% (mother 23.9%) · prince 14.6% · king 11.2% · crowned  9.7% (median year 48) · 5.2s
try  4 · gen  147 · best    824.6 · elite    408.5 · median     21.7 · years  31.3 · road 0.38 · starved   799 · nobles  -2.3 · read 25.5 · walls  3.4 · fell 90.3% (mother 26.5%) · prince 16.2% · king 12.8% · crowned  9.1% (median year 49) · 5.2s
try  5 · gen  147 · best    797.9 · elite    396.8 · median     -5.8 · years  32.6 · road 0.37 · starved   860 · nobles  +0.6 · read 27.6 · walls  6.1 · fell 89.0% (mother 20.2%) · prince 12.6% · king 10.5% · crowned  9.8% (median year 59) · 5.2s
try  6 · gen  147 · best    207.5 · elite     87.9 · median    -10.5 · years  72.0 · road 0.48 · starved  1634 · nobles  -7.9 · read 87.8 · walls  6.9 · fell 68.2% (mother 23.6%) · prince 17.8% · king  0.3% · crowned  0.0% (median year 61) · 5.2s
try  7 · gen  147 · best   1256.1 · elite    673.1 · median    191.5 · years  27.4 · road 0.37 · starved   703 · nobles  +2.0 · read 31.5 · walls  1.8 · fell 79.5% (mother 16.8%) · prince 28.3% · king 25.8% · crowned 20.4% (median year 39) · 5.2s
try  8 · gen  147 · best    773.3 · elite    329.0 · median      1.3 · years  47.4 · road 0.43 · starved  1174 · nobles  -4.7 · read 86.6 · walls  8.0 · fell 87.2% (mother 28.8%) · prince 17.6% · king 10.9% · crowned  6.5% (median year 61) · 5.2s
try  1 · gen  148 · best    954.5 · elite    528.3 · median    141.5 · years  30.6 · road 0.39 · starved   778 · nobles  -0.7 · read 10.8 · walls  3.6 · fell 86.8% (mother 31.3%) · prince 23.3% · king 17.9% · crowned 12.9% (median year 43) · 4.1s
try  2 · gen  148 · best    836.4 · elite    471.1 · median    129.6 · years  29.8 · road 0.37 · starved   768 · nobles  -1.2 · read 20.3 · walls  2.0 · fell 87.5% (mother 21.5%) · prince 20.5% · king 17.0% · crowned 12.4% (median year 47) · 4.1s
try  3 · gen  148 · best    944.0 · elite    432.7 · median      1.4 · years  28.5 · road 0.37 · starved   840 · nobles  -2.3 · read 29.5 · walls  3.4 · fell 90.0% (mother 25.5%) · prince 14.7% · king 11.2% · crowned  9.5% (median year 49) · 4.1s
try  4 · gen  148 · best    840.2 · elite    423.7 · median     20.9 · years  31.5 · road 0.38 · starved   838 · nobles  -2.3 · read 26.1 · walls  3.3 · fell 90.2% (mother 25.6%) · prince 16.4% · king 12.8% · crowned  9.3% (median year 49) · 4.1s
try  5 · gen  148 · best    921.5 · elite    403.4 · median     -1.7 · years  33.0 · road 0.37 · starved   838 · nobles  +1.0 · read 27.3 · walls  6.3 · fell 88.6% (mother 21.0%) · prince 13.0% · king 11.1% · crowned 10.2% (median year 61) · 4.1s
try  6 · gen  148 · best    201.8 · elite     81.8 · median     -9.3 · years  74.0 · road 0.47 · starved  1682 · nobles  -8.2 · read 91.3 · walls  7.0 · fell 64.0% (mother 22.8%) · prince 17.3% · king  0.4% · crowned  0.0% · 4.1s
try  7 · gen  148 · best    918.6 · elite    662.2 · median    189.2 · years  27.4 · road 0.37 · starved   700 · nobles  +2.0 · read 31.5 · walls  1.7 · fell 79.6% (mother 16.0%) · prince 28.4% · king 25.6% · crowned 20.4% (median year 39) · 4.1s
try  8 · gen  148 · best    719.0 · elite    305.9 · median      2.1 · years  46.8 · road 0.43 · starved  1235 · nobles  -4.5 · read 86.0 · walls  7.9 · fell 88.4% (mother 29.2%) · prince 17.7% · king 11.1% · crowned  6.4% (median year 60) · 4.1s
try  1 · gen  149 · best   1065.5 · elite    538.7 · median    130.7 · years  31.0 · road 0.39 · starved   837 · nobles  -0.8 · read 11.4 · walls  3.5 · fell 86.8% (mother 31.5%) · prince 24.6% · king 18.3% · crowned 12.7% (median year 42) · 4.3s
try  2 · gen  149 · best    871.2 · elite    521.7 · median    142.0 · years  29.8 · road 0.37 · starved   753 · nobles  -0.5 · read 19.8 · walls  2.0 · fell 86.4% (mother 21.7%) · prince 22.1% · king 18.2% · crowned 13.5% (median year 47) · 4.3s
try  3 · gen  149 · best    668.6 · elite    416.2 · median     -1.6 · years  28.9 · road 0.37 · starved   756 · nobles  -2.6 · read 29.1 · walls  3.6 · fell 90.3% (mother 27.2%) · prince 14.1% · king 11.0% · crowned  9.2% (median year 48) · 4.3s
try  4 · gen  149 · best    829.5 · elite    444.5 · median     34.0 · years  31.6 · road 0.38 · starved   740 · nobles  -2.1 · read 26.7 · walls  3.1 · fell 89.4% (mother 25.2%) · prince 16.4% · king 13.6% · crowned 10.2% (median year 49) · 4.3s
try  5 · gen  149 · best    615.7 · elite    372.0 · median      6.8 · years  33.5 · road 0.37 · starved   866 · nobles  +1.0 · read 27.6 · walls  6.5 · fell 88.7% (mother 18.4%) · prince 13.1% · king 10.8% · crowned 10.0% (median year 61) · 4.3s
try  6 · gen  149 · best    151.4 · elite     82.8 · median    -12.2 · years  74.7 · road 0.48 · starved  1707 · nobles  -8.3 · read 91.1 · walls  7.0 · fell 61.8% (mother 21.8%) · prince 16.4% · king  0.4% · crowned  0.0% · 4.3s
try  7 · gen  149 · best    927.1 · elite    646.3 · median    193.5 · years  27.5 · road 0.38 · starved   722 · nobles  +1.6 · read 31.0 · walls  1.9 · fell 80.0% (mother 17.7%) · prince 28.6% · king 25.7% · crowned 19.9% (median year 39) · 4.3s
try  8 · gen  149 · best    564.9 · elite    306.4 · median     -0.0 · years  46.2 · road 0.43 · starved  1200 · nobles  -4.3 · read 84.7 · walls  7.6 · fell 88.1% (mother 28.2%) · prince 17.5% · king 11.1% · crowned  6.4% (median year 59) · 4.3s
try  1 · gen  150 · best    919.9 · elite    549.3 · median    141.2 · years  30.7 · road 0.39 · starved   826 · nobles  -0.4 · read 10.8 · walls  3.4 · fell 86.4% (mother 29.5%) · prince 24.7% · king 18.7% · crowned 13.2% (median year 41) · 4.1s
try  2 · gen  150 · best    861.8 · elite    500.2 · median    152.3 · years  29.8 · road 0.37 · starved   689 · nobles  +0.1 · read 19.4 · walls  1.9 · fell 85.3% (mother 19.9%) · prince 22.2% · king 18.3% · crowned 14.5% (median year 47) · 4.1s
try  3 · gen  150 · best    827.3 · elite    446.5 · median     15.1 · years  28.3 · road 0.37 · starved   724 · nobles  -2.1 · read 28.5 · walls  3.4 · fell 89.9% (mother 26.5%) · prince 15.0% · king 11.5% · crowned  9.8% (median year 47) · 4.1s
try  4 · gen  150 · best    694.5 · elite    417.7 · median     22.0 · years  31.7 · road 0.37 · starved   864 · nobles  -1.9 · read 27.2 · walls  3.0 · fell 89.8% (mother 24.8%) · prince 16.2% · king 13.0% · crowned  9.7% (median year 49) · 4.1s
try  5 · gen  150 · best    591.0 · elite    376.9 · median     -2.0 · years  33.6 · road 0.37 · starved   880 · nobles  +1.0 · read 27.5 · walls  6.6 · fell 88.9% (mother 19.9%) · prince 12.9% · king 10.6% · crowned  9.8% (median year 62) · 4.1s
try  6 · gen  150 · best    163.1 · elite     83.5 · median     -4.4 · years  76.9 · road 0.49 · starved  1729 · nobles  -8.3 · read 90.7 · walls  7.1 · fell 58.3% (mother 20.8%) · prince 17.9% · king  0.4% · crowned  0.0% · 4.1s
try  7 · gen  150 · best   1125.6 · elite    666.7 · median    186.3 · years  27.4 · road 0.38 · starved   704 · nobles  +1.6 · read 30.4 · walls  1.9 · fell 80.3% (mother 17.4%) · prince 27.8% · king 25.1% · crowned 19.6% (median year 39) · 4.1s
try  8 · gen  150 · best    600.1 · elite    335.9 · median     10.3 · years  45.4 · road 0.43 · starved  1194 · nobles  -4.2 · read 82.7 · walls  7.2 · fell 88.0% (mother 28.0%) · prince 19.5% · king 12.3% · crowned  7.4% (median year 59) · 4.1s
try  1 · gen  151 · best    940.5 · elite    527.5 · median    134.4 · years  30.1 · road 0.39 · starved   828 · nobles  -1.1 · read 10.3 · walls  3.3 · fell 87.3% (mother 33.0%) · prince 23.8% · king 18.0% · crowned 12.4% (median year 41) · 4.4s
try  2 · gen  151 · best    983.9 · elite    528.9 · median    142.6 · years  29.5 · road 0.37 · starved   719 · nobles  -0.5 · read 18.9 · walls  1.9 · fell 86.0% (mother 21.0%) · prince 21.5% · king 18.2% · crowned 13.9% (median year 47) · 4.4s
try  3 · gen  151 · best    913.6 · elite    444.2 · median     79.0 · years  28.1 · road 0.37 · starved   711 · nobles  -1.6 · read 28.3 · walls  3.1 · fell 88.8% (mother 23.6%) · prince 15.9% · king 12.6% · crowned 10.7% (median year 46) · 4.4s
try  4 · gen  151 · best    911.4 · elite    467.5 · median     26.9 · years  31.3 · road 0.37 · starved   673 · nobles  -2.0 · read 25.9 · walls  2.8 · fell 89.6% (mother 25.0%) · prince 16.4% · king 13.4% · crowned 10.0% (median year 48) · 4.4s
try  5 · gen  151 · best    749.7 · elite    355.9 · median     -9.5 · years  33.1 · road 0.37 · starved   887 · nobles  +1.0 · read 27.0 · walls  6.6 · fell 89.4% (mother 21.7%) · prince 12.2% · king 10.1% · crowned  9.1% (median year 61) · 4.4s
try  6 · gen  151 · best    205.5 · elite     87.0 · median     -5.3 · years  77.8 · road 0.49 · starved  1745 · nobles  -8.6 · read 93.2 · walls  7.1 · fell 58.5% (mother 22.2%) · prince 16.8% · king  0.3% · crowned  0.0% · 4.4s
try  7 · gen  151 · best   1121.8 · elite    710.7 · median    186.2 · years  27.4 · road 0.38 · starved   680 · nobles  +2.2 · read 30.6 · walls  2.0 · fell 79.2% (mother 16.9%) · prince 28.3% · king 25.6% · crowned 20.7% (median year 39) · 4.4s
try  8 · gen  151 · best    736.1 · elite    334.7 · median      7.2 · years  44.4 · road 0.43 · starved  1176 · nobles  -4.4 · read 81.8 · walls  7.0 · fell 89.1% (mother 30.5%) · prince 18.1% · king 11.8% · crowned  7.1% (median year 58) · 4.4s
try  1 · gen  152 · best    899.7 · elite    526.0 · median    135.7 · years  29.4 · road 0.39 · starved   815 · nobles  -1.3 · read 10.6 · walls  3.2 · fell 87.3% (mother 32.2%) · prince 23.9% · king 18.1% · crowned 12.3% (median year 41) · 4.2s
try  2 · gen  152 · best    826.8 · elite    545.4 · median    135.6 · years  29.6 · road 0.37 · starved   668 · nobles  -0.6 · read 17.4 · walls  2.0 · fell 85.8% (mother 20.8%) · prince 21.3% · king 18.1% · crowned 14.1% (median year 48) · 4.2s
try  3 · gen  152 · best    898.1 · elite    474.1 · median     85.2 · years  28.3 · road 0.36 · starved   649 · nobles  -1.4 · read 28.3 · walls  2.8 · fell 88.3% (mother 22.5%) · prince 16.0% · king 12.8% · crowned 11.2% (median year 46) · 4.2s
try  4 · gen  152 · best    825.7 · elite    453.2 · median     39.2 · years  31.2 · road 0.37 · starved   654 · nobles  -1.8 · read 26.2 · walls  2.7 · fell 89.5% (mother 24.0%) · prince 16.6% · king 13.6% · crowned 10.0% (median year 47) · 4.2s
try  5 · gen  152 · best    736.6 · elite    369.9 · median    -11.7 · years  33.1 · road 0.37 · starved   877 · nobles  +0.7 · read 27.1 · walls  6.5 · fell 89.4% (mother 21.7%) · prince 12.3% · king  9.9% · crowned  9.0% (median year 62) · 4.2s
try  6 · gen  152 · best    191.0 · elite     80.8 · median    -10.7 · years  78.3 · road 0.48 · starved  1756 · nobles  -8.8 · read 95.5 · walls  6.5 · fell 56.3% (mother 19.6%) · prince 15.1% · king  0.3% · crowned  0.0% · 4.2s
try  7 · gen  152 · best   1155.0 · elite    690.3 · median    189.8 · years  27.2 · road 0.38 · starved   695 · nobles  +2.2 · read 30.4 · walls  1.9 · fell 79.6% (mother 16.5%) · prince 28.3% · king 25.2% · crowned 20.3% (median year 38) · 4.2s
try  8 · gen  152 · best    666.4 · elite    380.7 · median     13.6 · years  43.9 · road 0.42 · starved  1133 · nobles  -3.8 · read 81.2 · walls  6.8 · fell 87.9% (mother 28.5%) · prince 18.2% · king 12.7% · crowned  8.5% (median year 56) · 4.2s
try  1 · gen  153 · best    904.2 · elite    518.0 · median    151.4 · years  29.3 · road 0.39 · starved   803 · nobles  -0.8 · read 10.2 · walls  3.0 · fell 86.5% (mother 32.3%) · prince 24.2% · king 18.9% · crowned 13.1% (median year 39) · 4.1s
try  2 · gen  153 · best    840.8 · elite    543.6 · median    152.0 · years  29.9 · road 0.38 · starved   653 · nobles  -0.7 · read 16.9 · walls  2.4 · fell 84.9% (mother 21.0%) · prince 22.5% · king 19.1% · crowned 14.9% (median year 48) · 4.1s
try  3 · gen  153 · best   1037.9 · elite    464.8 · median    103.2 · years  27.9 · road 0.36 · starved   618 · nobles  -1.1 · read 27.9 · walls  2.6 · fell 88.4% (mother 23.0%) · prince 15.7% · king 12.5% · crowned 11.3% (median year 46) · 4.1s
try  4 · gen  153 · best   1044.1 · elite    453.9 · median     47.0 · years  31.3 · road 0.37 · starved   663 · nobles  -1.6 · read 24.7 · walls  2.7 · fell 89.1% (mother 23.1%) · prince 17.4% · king 14.3% · crowned 10.4% (median year 47) · 4.1s
try  5 · gen  153 · best    705.2 · elite    367.0 · median    -14.6 · years  33.0 · road 0.37 · starved   852 · nobles  +0.7 · read 27.0 · walls  6.5 · fell 89.2% (mother 20.8%) · prince 12.2% · king 10.0% · crowned  9.1% (median year 62) · 4.1s
try  6 · gen  153 · best    141.0 · elite     83.5 · median     -8.1 · years  79.6 · road 0.49 · starved  1780 · nobles  -9.3 · read 103.1 · walls  6.4 · fell 53.3% (mother 19.7%) · prince 14.1% · king  0.3% · crowned  0.0% · 4.1s
try  7 · gen  153 · best    949.5 · elite    675.3 · median    178.4 · years  27.0 · road 0.37 · starved   735 · nobles  +1.9 · read 30.3 · walls  1.9 · fell 80.6% (mother 16.8%) · prince 27.4% · king 24.4% · crowned 19.4% (median year 38) · 4.1s
try  8 · gen  153 · best    763.3 · elite    393.1 · median     22.9 · years  42.9 · road 0.42 · starved  1156 · nobles  -3.8 · read 79.5 · walls  6.3 · fell 88.2% (mother 28.7%) · prince 19.1% · king 13.4% · crowned  8.8% (median year 54) · 4.1s
try  1 · gen  154 · best    935.3 · elite    540.3 · median    137.6 · years  29.2 · road 0.39 · starved   820 · nobles  -1.2 · read  9.8 · walls  3.2 · fell 86.8% (mother 33.4%) · prince 24.6% · king 18.4% · crowned 12.8% (median year 40) · 5.2s
try  2 · gen  154 · best    859.9 · elite    537.8 · median    144.8 · years  29.9 · road 0.38 · starved   700 · nobles  -0.8 · read 16.5 · walls  2.5 · fell 85.2% (mother 21.9%) · prince 21.8% · king 18.6% · crowned 14.7% (median year 48) · 5.2s
try  3 · gen  154 · best    689.8 · elite    481.8 · median    118.3 · years  27.9 · road 0.36 · starved   610 · nobles  -1.1 · read 28.1 · walls  2.7 · fell 87.5% (mother 21.1%) · prince 16.7% · king 13.9% · crowned 12.2% (median year 45) · 5.2s
try  4 · gen  154 · best    871.8 · elite    491.2 · median     58.2 · years  30.8 · road 0.37 · starved   636 · nobles  -1.5 · read 23.5 · walls  2.6 · fell 88.7% (mother 23.3%) · prince 17.7% · king 14.7% · crowned 10.9% (median year 46) · 5.2s
try  5 · gen  154 · best    827.9 · elite    372.1 · median     -8.2 · years  32.3 · road 0.37 · starved   854 · nobles  +0.8 · read 26.3 · walls  6.5 · fell 89.3% (mother 21.6%) · prince 12.3% · king 10.4% · crowned  9.2% (median year 62) · 5.2s
try  6 · gen  154 · best    138.4 · elite     81.6 · median     -6.9 · years  81.0 · road 0.50 · starved  1817 · nobles  -9.9 · read 111.3 · walls  6.4 · fell 53.0% (mother 20.2%) · prince 13.3% · king  0.4% · crowned  0.0% · 5.2s
try  7 · gen  154 · best   1039.3 · elite    686.6 · median    183.3 · years  26.6 · road 0.37 · starved   717 · nobles  +2.2 · read 30.4 · walls  1.8 · fell 79.5% (mother 15.8%) · prince 28.0% · king 25.6% · crowned 20.5% (median year 37) · 5.2s
try  8 · gen  154 · best    818.5 · elite    409.7 · median     21.5 · years  41.6 · road 0.41 · starved  1148 · nobles  -3.8 · read 78.6 · walls  6.0 · fell 88.6% (mother 31.5%) · prince 19.1% · king 13.5% · crowned  9.3% (median year 52) · 5.2s
try  1 · gen  155 · best   1090.3 · elite    527.4 · median    145.7 · years  29.1 · road 0.39 · starved   815 · nobles  -1.3 · read  9.9 · walls  3.1 · fell 87.2% (mother 33.2%) · prince 23.8% · king 18.1% · crowned 12.6% (median year 39) · 4.1s
try  2 · gen  155 · best    904.5 · elite    553.6 · median    149.2 · years  29.6 · road 0.38 · starved   672 · nobles  -0.6 · read 15.5 · walls  2.6 · fell 84.9% (mother 21.5%) · prince 22.1% · king 19.1% · crowned 15.0% (median year 47) · 4.1s
try  3 · gen  155 · best    819.5 · elite    467.0 · median    125.2 · years  27.9 · road 0.36 · starved   599 · nobles  -1.0 · read 28.0 · walls  2.6 · fell 87.7% (mother 20.7%) · prince 16.9% · king 13.6% · crowned 12.0% (median year 44) · 4.1s
try  4 · gen  155 · best    846.9 · elite    473.4 · median     62.0 · years  30.3 · road 0.37 · starved   623 · nobles  -1.5 · read 22.1 · walls  2.6 · fell 88.7% (mother 22.8%) · prince 17.9% · king 14.7% · crowned 11.2% (median year 46) · 4.1s
try  5 · gen  155 · best    991.7 · elite    369.1 · median    -13.1 · years  32.6 · road 0.37 · starved   858 · nobles  +0.6 · read 26.8 · walls  6.4 · fell 89.4% (mother 21.6%) · prince 12.4% · king 10.1% · crowned  9.1% (median year 61) · 4.1s
try  6 · gen  155 · best    133.3 · elite     75.1 · median    -12.9 · years  79.6 · road 0.49 · starved  1817 · nobles -10.0 · read 109.5 · walls  6.4 · fell 53.5% (mother 20.9%) · prince 11.8% · king  0.2% · crowned  0.0% · 4.1s
try  7 · gen  155 · best    891.1 · elite    661.8 · median    186.2 · years  26.9 · road 0.37 · starved   757 · nobles  +1.7 · read 31.1 · walls  1.9 · fell 80.3% (mother 18.4%) · prince 28.1% · king 25.0% · crowned 19.7% (median year 39) · 4.1s
try  8 · gen  155 · best    699.8 · elite    408.2 · median     26.2 · years  41.4 · road 0.42 · starved  1152 · nobles  -4.1 · read 78.3 · walls  5.9 · fell 88.7% (mother 30.7%) · prince 19.5% · king 13.9% · crowned  9.2% (median year 52) · 4.1s
try  1 · gen  156 · best   1099.9 · elite    558.4 · median    140.5 · years  28.4 · road 0.38 · starved   774 · nobles  -1.2 · read  9.9 · walls  2.7 · fell 86.3% (mother 31.5%) · prince 24.6% · king 18.9% · crowned 13.5% (median year 40) · 4.1s
try  2 · gen  156 · best    909.4 · elite    521.7 · median    153.3 · years  29.3 · road 0.38 · starved   687 · nobles  -0.5 · read 14.6 · walls  2.7 · fell 84.5% (mother 22.5%) · prince 22.2% · king 18.9% · crowned 15.3% (median year 46) · 4.1s
try  3 · gen  156 · best    858.9 · elite    464.6 · median    125.5 · years  27.5 · road 0.36 · starved   578 · nobles  -1.3 · read 27.8 · walls  2.6 · fell 88.1% (mother 22.1%) · prince 16.6% · king 13.4% · crowned 11.6% (median year 44) · 4.1s
try  4 · gen  156 · best    786.8 · elite    460.9 · median    113.7 · years  30.5 · road 0.37 · starved   644 · nobles  -1.8 · read 20.7 · walls  2.6 · fell 88.7% (mother 24.4%) · prince 18.6% · king 15.3% · crowned 11.0% (median year 46) · 4.1s
try  5 · gen  156 · best    591.5 · elite    367.5 · median     -3.9 · years  31.8 · road 0.37 · starved   825 · nobles  +1.0 · read 26.0 · walls  6.4 · fell 89.5% (mother 24.5%) · prince 12.1% · king  9.9% · crowned  9.1% (median year 61) · 4.1s
try  6 · gen  156 · best    131.8 · elite     76.0 · median    -11.2 · years  80.2 · road 0.49 · starved  1827 · nobles -10.1 · read 108.9 · walls  6.4 · fell 53.0% (mother 21.3%) · prince 12.1% · king  0.2% · crowned  0.0% (median year 100) · 4.1s
try  7 · gen  156 · best   1101.6 · elite    688.2 · median    187.1 · years  26.6 · road 0.37 · starved   724 · nobles  +1.8 · read 31.3 · walls  1.9 · fell 80.1% (mother 17.8%) · prince 27.6% · king 24.7% · crowned 19.9% (median year 37) · 4.1s
try  8 · gen  156 · best    807.4 · elite    433.8 · median     16.1 · years  41.2 · road 0.41 · starved  1147 · nobles  -3.8 · read 77.3 · walls  5.7 · fell 89.1% (mother 32.5%) · prince 19.9% · king 13.6% · crowned  9.1% (median year 52) · 4.1s
try  1 · gen  157 · best    992.9 · elite    513.7 · median    139.6 · years  28.6 · road 0.38 · starved   807 · nobles  -1.3 · read 10.3 · walls  2.6 · fell 87.0% (mother 32.7%) · prince 24.1% · king 18.5% · crowned 12.8% (median year 39) · 3.9s
try  2 · gen  157 · best    914.9 · elite    554.0 · median    154.2 · years  28.7 · road 0.38 · starved   660 · nobles  -0.2 · read 13.6 · walls  2.8 · fell 84.2% (mother 21.3%) · prince 22.1% · king 19.3% · crowned 15.7% (median year 45) · 3.9s
try  3 · gen  157 · best   1086.6 · elite    464.1 · median    111.7 · years  27.5 · road 0.36 · starved   594 · nobles  -1.3 · read 27.7 · walls  2.4 · fell 88.1% (mother 23.3%) · prince 16.6% · king 13.4% · crowned 11.6% (median year 43) · 3.9s
try  4 · gen  157 · best    874.7 · elite    456.9 · median     53.0 · years  29.8 · road 0.37 · starved   694 · nobles  -2.0 · read 20.1 · walls  2.5 · fell 89.2% (mother 24.5%) · prince 18.7% · king 14.8% · crowned 10.6% (median year 45) · 3.9s
try  5 · gen  157 · best    637.2 · elite    351.1 · median    -10.7 · years  31.7 · road 0.37 · starved   823 · nobles  +0.8 · read 26.2 · walls  6.4 · fell 90.0% (mother 22.8%) · prince 12.0% · king  9.5% · crowned  8.7% (median year 59) · 3.9s
try  6 · gen  157 · best    173.9 · elite     68.6 · median    -13.4 · years  80.4 · road 0.49 · starved  1858 · nobles -10.5 · read 107.4 · walls  6.4 · fell 51.3% (mother 21.0%) · prince 11.2% · king  0.3% · crowned  0.0% · 3.9s
try  7 · gen  157 · best   1142.9 · elite    667.6 · median    186.4 · years  26.8 · road 0.38 · starved   740 · nobles  +1.6 · read 31.4 · walls  1.9 · fell 80.8% (mother 19.4%) · prince 27.9% · king 24.7% · crowned 19.2% (median year 38) · 3.9s
try  8 · gen  157 · best    859.9 · elite    432.1 · median     23.9 · years  41.0 · road 0.42 · starved  1129 · nobles  -3.9 · read 76.1 · walls  5.6 · fell 89.0% (mother 35.5%) · prince 20.5% · king 14.7% · crowned  9.2% (median year 52) · 3.9s
try  1 · gen  158 · best   1038.1 · elite    525.7 · median    139.8 · years  29.0 · road 0.38 · starved   812 · nobles  -1.3 · read 10.7 · walls  2.8 · fell 87.1% (mother 32.4%) · prince 24.2% · king 19.0% · crowned 12.7% (median year 40) · 4.9s
try  2 · gen  158 · best    880.3 · elite    560.7 · median    153.4 · years  28.6 · road 0.38 · starved   623 · nobles  +0.1 · read 12.6 · walls  2.6 · fell 84.1% (mother 19.2%) · prince 21.7% · king 19.2% · crowned 15.8% (median year 46) · 4.9s
try  3 · gen  158 · best    887.3 · elite    465.8 · median    131.4 · years  27.2 · road 0.35 · starved   567 · nobles  -0.9 · read 27.3 · walls  2.3 · fell 87.8% (mother 20.9%) · prince 16.9% · king 13.5% · crowned 12.0% (median year 43) · 4.9s
try  4 · gen  158 · best    894.1 · elite    467.3 · median    118.2 · years  29.9 · road 0.37 · starved   612 · nobles  -1.3 · read 20.2 · walls  2.4 · fell 88.3% (mother 23.6%) · prince 19.0% · king 15.6% · crowned 11.4% (median year 45) · 4.9s
try  5 · gen  158 · best    616.0 · elite    363.1 · median    -12.0 · years  32.5 · road 0.37 · starved   850 · nobles  +1.2 · read 26.6 · walls  6.3 · fell 89.7% (mother 22.4%) · prince 12.2% · king  9.8% · crowned  8.8% (median year 62) · 4.9s
try  6 · gen  158 · best    168.8 · elite     71.2 · median    -13.4 · years  79.7 · road 0.49 · starved  1829 · nobles -10.4 · read 102.2 · walls  6.1 · fell 52.6% (mother 23.5%) · prince 11.3% · king  0.2% · crowned  0.0% · 4.9s
try  7 · gen  158 · best   1045.7 · elite    658.8 · median    190.2 · years  26.6 · road 0.37 · starved   740 · nobles  +1.8 · read 31.6 · walls  1.8 · fell 80.4% (mother 18.6%) · prince 28.0% · king 24.5% · crowned 19.5% (median year 38) · 4.9s
try  8 · gen  158 · best   1000.7 · elite    445.6 · median     47.8 · years  40.7 · road 0.42 · starved  1144 · nobles  -3.8 · read 74.1 · walls  5.5 · fell 88.6% (mother 35.0%) · prince 21.2% · king 14.9% · crowned  9.8% (median year 49) · 4.9s
try  1 · gen  159 · best    917.6 · elite    546.8 · median    148.4 · years  28.8 · road 0.38 · starved   758 · nobles  -0.7 · read 11.2 · walls  2.8 · fell 85.7% (mother 29.8%) · prince 24.5% · king 19.4% · crowned 14.0% (median year 40) · 4.1s
try  2 · gen  159 · best    940.6 · elite    604.2 · median    160.0 · years  29.0 · road 0.38 · starved   703 · nobles  +0.5 · read 12.4 · walls  2.7 · fell 83.3% (mother 18.0%) · prince 23.0% · king 20.0% · crowned 16.6% (median year 45) · 4.1s
try  3 · gen  159 · best    817.5 · elite    488.0 · median    133.7 · years  26.8 · road 0.36 · starved   567 · nobles  -1.0 · read 27.4 · walls  2.3 · fell 87.5% (mother 20.7%) · prince 17.1% · king 13.9% · crowned 12.2% (median year 42) · 4.1s
try  4 · gen  159 · best    802.0 · elite    463.5 · median     81.9 · years  29.7 · road 0.36 · starved   615 · nobles  -1.8 · read 19.9 · walls  2.1 · fell 89.2% (mother 24.0%) · prince 18.0% · king 15.0% · crowned 10.6% (median year 46) · 4.1s
try  5 · gen  159 · best    774.6 · elite    353.7 · median    -10.0 · years  32.1 · road 0.37 · starved   838 · nobles  +1.2 · read 26.2 · walls  6.2 · fell 90.2% (mother 22.5%) · prince 12.2% · king  9.7% · crowned  8.5% (median year 62) · 4.1s
try  6 · gen  159 · best    152.0 · elite     66.1 · median    -13.3 · years  80.6 · road 0.49 · starved  1854 · nobles -10.7 · read 107.3 · walls  6.0 · fell 50.1% (mother 21.5%) · prince 10.1% · king  0.2% · crowned  0.0% · 4.1s
try  7 · gen  159 · best   1149.4 · elite    679.9 · median    180.6 · years  26.4 · road 0.37 · starved   740 · nobles  +2.1 · read 31.0 · walls  1.8 · fell 80.5% (mother 19.3%) · prince 27.4% · king 24.1% · crowned 19.5% (median year 38) · 4.1s
try  8 · gen  159 · best    639.8 · elite    428.5 · median     36.1 · years  41.2 · road 0.42 · starved  1153 · nobles  -4.1 · read 73.9 · walls  5.4 · fell 88.6% (mother 34.9%) · prince 21.7% · king 15.1% · crowned  9.9% (median year 51) · 4.1s
try  1 · gen  160 · best   1078.8 · elite    584.3 · median    144.2 · years  29.1 · road 0.39 · starved   791 · nobles  -1.1 · read 12.1 · walls  2.9 · fell 85.9% (mother 31.2%) · prince 24.7% · king 19.5% · crowned 13.9% (median year 39) · 4.0s
try  2 · gen  160 · best    901.6 · elite    545.5 · median    163.3 · years  29.5 · road 0.38 · starved   707 · nobles  +0.5 · read 12.4 · walls  2.6 · fell 83.5% (mother 19.9%) · prince 23.4% · king 20.2% · crowned 16.4% (median year 46) · 4.0s
try  3 · gen  160 · best   1093.5 · elite    488.1 · median    116.4 · years  27.2 · road 0.36 · starved   576 · nobles  -1.4 · read 27.4 · walls  2.5 · fell 87.7% (mother 23.8%) · prince 17.1% · king 13.8% · crowned 11.9% (median year 42) · 4.0s
try  4 · gen  160 · best    822.2 · elite    436.6 · median     63.4 · years  29.4 · road 0.36 · starved   627 · nobles  -1.9 · read 19.7 · walls  1.9 · fell 89.6% (mother 24.5%) · prince 18.3% · king 14.6% · crowned 10.3% (median year 46) · 4.0s
try  5 · gen  160 · best    774.9 · elite    367.6 · median    -16.9 · years  32.9 · road 0.37 · starved   851 · nobles  +1.0 · read 26.9 · walls  6.4 · fell 90.0% (mother 22.2%) · prince 12.2% · king  9.5% · crowned  8.4% (median year 62) · 4.0s
try  6 · gen  160 · best    152.5 · elite     68.8 · median    -14.1 · years  80.9 · road 0.49 · starved  1837 · nobles -10.7 · read 111.5 · walls  6.0 · fell 48.1% (mother 19.3%) · prince  9.2% · king  0.1% · crowned  0.0% (median year 63) · 4.0s
try  7 · gen  160 · best   1144.1 · elite    688.6 · median    186.6 · years  26.4 · road 0.37 · starved   710 · nobles  +2.2 · read 30.9 · walls  1.7 · fell 80.0% (mother 17.2%) · prince 28.4% · king 25.1% · crowned 20.0% (median year 37) · 4.0s
try  8 · gen  160 · best    820.4 · elite    463.1 · median     52.8 · years  40.8 · road 0.42 · starved  1160 · nobles  -4.2 · read 71.4 · walls  5.3 · fell 88.6% (mother 35.4%) · prince 22.8% · king 16.0% · crowned 10.4% (median year 50) · 4.0s
try  1 · gen  161 · best    922.1 · elite    561.9 · median    145.2 · years  28.7 · road 0.38 · starved   757 · nobles  -1.0 · read 12.7 · walls  2.9 · fell 86.1% (mother 31.4%) · prince 24.1% · king 19.0% · crowned 13.7% (median year 40) · 5.0s
try  2 · gen  161 · best   1019.0 · elite    563.3 · median    162.2 · years  29.5 · road 0.38 · starved   687 · nobles  +0.6 · read 12.5 · walls  2.6 · fell 83.2% (mother 19.4%) · prince 23.3% · king 20.1% · crowned 16.6% (median year 46) · 5.0s
try  3 · gen  161 · best   1167.9 · elite    528.7 · median    138.3 · years  27.5 · road 0.36 · starved   570 · nobles  -1.1 · read 27.8 · walls  2.5 · fell 86.7% (mother 21.8%) · prince 18.2% · king 15.1% · crowned 13.1% (median year 42) · 5.0s
try  4 · gen  161 · best    918.6 · elite    441.9 · median     27.7 · years  29.4 · road 0.36 · starved   676 · nobles  -2.7 · read 20.1 · walls  1.7 · fell 90.5% (mother 27.3%) · prince 18.5% · king 14.2% · crowned  9.4% (median year 46) · 5.0s
try  5 · gen  161 · best    554.2 · elite    346.3 · median    -14.9 · years  33.1 · road 0.37 · starved   848 · nobles  +0.9 · read 27.2 · walls  6.4 · fell 90.1% (mother 22.0%) · prince 12.2% · king  9.5% · crowned  8.2% (median year 64) · 5.0s
try  6 · gen  161 · best    114.8 · elite     65.1 · median    -13.9 · years  82.0 · road 0.50 · starved  1830 · nobles -11.4 · read 114.8 · walls  6.2 · fell 45.3% (mother 17.5%) · prince  6.6% · king  0.0% · crowned  0.0% · 5.0s
try  7 · gen  161 · best    921.0 · elite    685.5 · median    186.4 · years  26.0 · road 0.37 · starved   725 · nobles  +1.7 · read 30.2 · walls  1.8 · fell 80.3% (mother 17.5%) · prince 27.9% · king 25.1% · crowned 19.7% (median year 37) · 5.0s
try  8 · gen  161 · best    816.4 · elite    450.3 · median     43.1 · years  40.9 · road 0.43 · starved  1173 · nobles  -4.4 · read 70.0 · walls  5.5 · fell 89.2% (mother 36.2%) · prince 22.8% · king 16.0% · crowned  9.8% (median year 50) · 5.0s
try  1 · gen  162 · best    895.9 · elite    553.9 · median    147.8 · years  28.5 · road 0.38 · starved   778 · nobles  -1.3 · read 13.2 · walls  2.7 · fell 86.6% (mother 33.3%) · prince 24.2% · king 18.6% · crowned 13.3% (median year 38) · 4.0s
try  2 · gen  162 · best    934.0 · elite    586.9 · median    153.0 · years  29.6 · road 0.38 · starved   743 · nobles  +0.6 · read 13.7 · walls  2.5 · fell 83.8% (mother 20.3%) · prince 23.7% · king 20.2% · crowned 16.2% (median year 46) · 4.0s
try  3 · gen  162 · best    874.8 · elite    513.1 · median    135.3 · years  27.4 · road 0.37 · starved   571 · nobles  -1.6 · read 27.9 · walls  2.8 · fell 87.2% (mother 21.8%) · prince 17.5% · king 14.4% · crowned 12.6% (median year 42) · 4.0s
try  4 · gen  162 · best    858.7 · elite    451.4 · median     39.7 · years  29.3 · road 0.36 · starved   647 · nobles  -2.5 · read 19.3 · walls  1.7 · fell 90.2% (mother 26.2%) · prince 18.0% · king 14.6% · crowned  9.7% (median year 45) · 4.0s
try  5 · gen  162 · best    793.0 · elite    369.7 · median    -14.7 · years  32.5 · road 0.37 · starved   873 · nobles  +1.1 · read 26.9 · walls  6.2 · fell 89.7% (mother 22.4%) · prince 12.0% · king  9.6% · crowned  8.7% (median year 61) · 4.0s
try  6 · gen  162 · best    115.3 · elite     60.7 · median    -13.3 · years  81.0 · road 0.50 · starved  1859 · nobles -11.6 · read 109.8 · walls  6.2 · fell 47.8% (mother 19.9%) · prince  6.2% · king  0.1% · crowned  0.0% · 4.0s
try  7 · gen  162 · best   1133.5 · elite    681.1 · median    188.4 · years  25.8 · road 0.37 · starved   735 · nobles  +2.0 · read 29.9 · walls  1.6 · fell 80.4% (mother 17.6%) · prince 28.5% · king 25.4% · crowned 19.5% (median year 37) · 4.0s
try  8 · gen  162 · best   1013.2 · elite    451.8 · median     60.2 · years  41.0 · road 0.43 · starved  1193 · nobles  -4.1 · read 69.9 · walls  5.3 · fell 88.4% (mother 35.7%) · prince 23.1% · king 16.8% · crowned 10.3% (median year 49) · 4.0s
try  1 · gen  163 · best   1093.6 · elite    544.1 · median    137.1 · years  27.7 · road 0.38 · starved   779 · nobles  -1.4 · read 13.4 · walls  2.5 · fell 87.2% (mother 35.0%) · prince 22.9% · king 17.6% · crowned 12.7% (median year 39) · 4.1s
try  2 · gen  163 · best   1044.4 · elite    587.6 · median    159.5 · years  29.0 · road 0.37 · starved   695 · nobles  +0.8 · read 12.3 · walls  2.1 · fell 83.5% (mother 18.5%) · prince 23.0% · king 19.8% · crowned 16.4% (median year 45) · 4.1s
try  3 · gen  163 · best    884.1 · elite    499.2 · median    143.2 · years  27.6 · road 0.37 · starved   544 · nobles  -1.5 · read 27.8 · walls  2.8 · fell 86.8% (mother 20.2%) · prince 18.0% · king 14.9% · crowned 12.9% (median year 41) · 4.1s
try  4 · gen  163 · best    811.9 · elite    437.3 · median     39.1 · years  29.4 · road 0.36 · starved   662 · nobles  -2.7 · read 19.0 · walls  1.7 · fell 90.3% (mother 26.3%) · prince 18.8% · king 14.5% · crowned  9.5% (median year 45) · 4.1s
try  5 · gen  163 · best    707.5 · elite    380.5 · median    -11.6 · years  32.4 · road 0.37 · starved   854 · nobles  +0.8 · read 27.0 · walls  6.2 · fell 89.6% (mother 21.5%) · prince 12.6% · king 10.1% · crowned  9.1% (median year 60) · 4.1s
try  6 · gen  163 · best    140.0 · elite     62.3 · median    -14.0 · years  82.3 · road 0.51 · starved  1893 · nobles -12.3 · read 113.6 · walls  6.2 · fell 44.9% (mother 19.9%) · prince  5.8% · king  0.1% · crowned  0.0% · 4.1s
try  7 · gen  163 · best   1070.8 · elite    658.6 · median    190.0 · years  25.8 · road 0.37 · starved   735 · nobles  +1.9 · read 29.7 · walls  1.5 · fell 80.4% (mother 17.7%) · prince 28.2% · king 25.1% · crowned 19.5% (median year 36) · 4.1s
try  8 · gen  163 · best    786.2 · elite    453.9 · median     46.6 · years  40.7 · road 0.43 · starved  1189 · nobles  -4.6 · read 68.5 · walls  5.2 · fell 88.8% (mother 36.8%) · prince 23.0% · king 16.4% · crowned 10.1% (median year 49) · 4.1s
try  1 · gen  164 · best   1103.0 · elite    546.0 · median    155.0 · years  28.5 · road 0.38 · starved   786 · nobles  -1.1 · read 14.3 · walls  2.5 · fell 86.4% (mother 34.0%) · prince 24.8% · king 19.0% · crowned 13.4% (median year 38) · 4.1s
try  2 · gen  164 · best    882.7 · elite    567.0 · median    146.2 · years  28.9 · road 0.37 · starved   751 · nobles  +0.8 · read 11.7 · walls  1.7 · fell 84.5% (mother 19.4%) · prince 22.5% · king 18.9% · crowned 15.4% (median year 46) · 4.1s
try  3 · gen  164 · best    849.6 · elite    521.3 · median    149.1 · years  27.5 · road 0.37 · starved   524 · nobles  -1.2 · read 28.4 · walls  2.8 · fell 86.2% (mother 18.6%) · prince 18.1% · king 15.6% · crowned 13.4% (median year 42) · 4.1s
try  4 · gen  164 · best    817.0 · elite    446.0 · median     49.2 · years  29.2 · road 0.35 · starved   643 · nobles  -2.3 · read 18.6 · walls  1.5 · fell 90.0% (mother 25.1%) · prince 18.7% · king 14.7% · crowned  9.9% (median year 45) · 4.1s
try  5 · gen  164 · best    594.6 · elite    356.9 · median    -16.5 · years  32.5 · road 0.37 · starved   874 · nobles  +0.8 · read 27.1 · walls  6.2 · fell 90.0% (mother 23.8%) · prince 12.2% · king  9.5% · crowned  8.5% (median year 63) · 4.1s
try  6 · gen  164 · best    116.1 · elite     57.6 · median    -13.6 · years  81.6 · road 0.52 · starved  1921 · nobles -12.5 · read 112.2 · walls  6.3 · fell 48.7% (mother 23.3%) · prince  6.0% · king  0.2% · crowned  0.0% · 4.1s
try  7 · gen  164 · best    930.2 · elite    653.3 · median    186.2 · years  25.4 · road 0.37 · starved   742 · nobles  +1.8 · read 29.4 · walls  1.4 · fell 81.1% (mother 19.3%) · prince 27.7% · king 24.2% · crowned 18.9% (median year 35) · 4.1s
try  8 · gen  164 · best    813.1 · elite    421.3 · median     66.6 · years  40.5 · road 0.42 · starved  1192 · nobles  -4.2 · read 66.7 · walls  5.0 · fell 88.6% (mother 36.8%) · prince 23.9% · king 17.0% · crowned 10.2% (median year 48) · 4.1s
try  1 · gen  165 · best    997.9 · elite    523.6 · median    160.8 · years  27.8 · road 0.38 · starved   796 · nobles  -1.0 · read 13.9 · walls  2.3 · fell 86.2% (mother 33.0%) · prince 25.0% · king 19.1% · crowned 13.7% (median year 38) · 5.0s
try  2 · gen  165 · best    890.3 · elite    545.6 · median    143.6 · years  28.4 · road 0.36 · starved   762 · nobles  +0.5 · read 11.7 · walls  1.5 · fell 84.9% (mother 18.3%) · prince 21.6% · king 18.7% · crowned 15.1% (median year 44) · 5.0s
try  3 · gen  165 · best   1048.7 · elite    532.9 · median    142.7 · years  27.3 · road 0.37 · starved   530 · nobles  -1.2 · read 28.7 · walls  2.7 · fell 86.3% (mother 18.6%) · prince 17.7% · king 15.1% · crowned 13.3% (median year 42) · 5.0s
try  4 · gen  165 · best    885.1 · elite    437.7 · median     35.1 · years  29.2 · road 0.36 · starved   650 · nobles  -2.8 · read 17.9 · walls  1.6 · fell 90.3% (mother 27.0%) · prince 18.6% · king 14.4% · crowned  9.4% (median year 46) · 5.0s
try  5 · gen  165 · best    775.0 · elite    378.3 · median    -11.3 · years  32.4 · road 0.37 · starved   831 · nobles  +1.0 · read 27.2 · walls  6.1 · fell 89.5% (mother 23.8%) · prince 12.4% · king 10.2% · crowned  9.1% (median year 62) · 5.0s
try  6 · gen  165 · best    136.0 · elite     62.6 · median    -15.7 · years  80.4 · road 0.51 · starved  1919 · nobles -12.3 · read 110.3 · walls  6.2 · fell 52.3% (mother 24.6%) · prince  7.2% · king  0.2% · crowned  0.0% · 5.0s
try  7 · gen  165 · best   1046.5 · elite    682.7 · median    181.1 · years  25.4 · road 0.36 · starved   743 · nobles  +2.2 · read 28.8 · walls  1.3 · fell 81.0% (mother 18.7%) · prince 27.5% · king 23.8% · crowned 19.0% (median year 37) · 5.0s
try  8 · gen  165 · best    866.1 · elite    484.3 · median     51.3 · years  40.9 · road 0.42 · starved  1195 · nobles  -3.7 · read 67.6 · walls  5.1 · fell 88.2% (mother 36.1%) · prince 24.7% · king 17.9% · crowned 10.4% (median year 48) · 5.0s
try  1 · gen  166 · best    940.3 · elite    595.4 · median    152.4 · years  28.6 · road 0.38 · starved   794 · nobles  -0.3 · read 14.5 · walls  2.2 · fell 85.2% (mother 30.8%) · prince 25.6% · king 19.7% · crowned 14.5% (median year 38) · 4.0s
try  2 · gen  166 · best    918.5 · elite    571.6 · median    138.5 · years  28.4 · road 0.36 · starved   776 · nobles  +0.9 · read 11.1 · walls  1.3 · fell 85.1% (mother 19.4%) · prince 21.2% · king 18.2% · crowned 14.8% (median year 44) · 4.0s
try  3 · gen  166 · best    927.4 · elite    538.8 · median    143.5 · years  27.7 · road 0.37 · starved   527 · nobles  -1.5 · read 28.8 · walls  2.6 · fell 86.2% (mother 18.3%) · prince 18.4% · king 15.8% · crowned 13.5% (median year 42) · 4.0s
try  4 · gen  166 · best    675.2 · elite    427.0 · median     36.7 · years  29.1 · road 0.36 · starved   667 · nobles  -3.0 · read 17.3 · walls  1.6 · fell 90.6% (mother 27.5%) · prince 18.6% · king 14.5% · crowned  9.3% (median year 45) · 4.0s
try  5 · gen  166 · best    639.6 · elite    363.0 · median    -13.5 · years  31.7 · road 0.36 · starved   842 · nobles  +0.7 · read 26.8 · walls  5.9 · fell 89.9% (mother 24.0%) · prince 12.3% · king  9.7% · crowned  8.7% (median year 61) · 4.0s
try  6 · gen  166 · best    147.6 · elite     61.6 · median    -16.4 · years  80.9 · road 0.51 · starved  1910 · nobles -12.0 · read 111.3 · walls  6.1 · fell 50.1% (mother 23.2%) · prince  7.1% · king  0.2% · crowned  0.0% · 4.0s
try  7 · gen  166 · best   1133.3 · elite    647.1 · median    183.5 · years  25.4 · road 0.37 · starved   751 · nobles  +1.6 · read 28.7 · walls  1.4 · fell 81.7% (mother 19.9%) · prince 26.9% · king 23.5% · crowned 18.3% (median year 35) · 4.0s
try  8 · gen  166 · best    867.6 · elite    473.8 · median     53.9 · years  40.9 · road 0.42 · starved  1234 · nobles  -3.6 · read 66.8 · walls  5.0 · fell 88.2% (mother 35.5%) · prince 24.3% · king 17.1% · crowned 10.5% (median year 47) · 4.0s
try  1 · gen  167 · best    905.8 · elite    550.2 · median    149.5 · years  28.5 · road 0.38 · starved   802 · nobles  -0.4 · read 14.0 · walls  2.1 · fell 85.9% (mother 30.9%) · prince 26.1% · king 20.1% · crowned 14.1% (median year 39) · 4.1s
try  2 · gen  167 · best   1049.1 · elite    529.0 · median    145.3 · years  28.2 · road 0.36 · starved   762 · nobles  +1.5 · read  8.9 · walls  1.1 · fell 84.7% (mother 19.0%) · prince 21.2% · king 18.2% · crowned 15.3% (median year 45) · 4.1s
try  3 · gen  167 · best    885.5 · elite    555.3 · median    150.3 · years  27.7 · road 0.37 · starved   496 · nobles  -1.0 · read 29.3 · walls  2.6 · fell 85.2% (mother 14.9%) · prince 18.4% · king 16.3% · crowned 14.4% (median year 42) · 4.1s
try  4 · gen  167 · best    815.5 · elite    466.2 · median     49.5 · years  29.1 · road 0.36 · starved   668 · nobles  -2.4 · read 17.3 · walls  1.6 · fell 89.6% (mother 25.8%) · prince 19.9% · king 15.8% · crowned 10.2% (median year 44) · 4.1s
try  5 · gen  167 · best    646.7 · elite    366.6 · median    -14.1 · years  31.7 · road 0.36 · starved   820 · nobles  +0.8 · read 27.1 · walls  5.7 · fell 89.5% (mother 23.3%) · prince 12.4% · king  9.8% · crowned  8.9% (median year 62) · 4.1s
try  6 · gen  167 · best    125.9 · elite     60.7 · median    -14.5 · years  81.2 · road 0.51 · starved  1920 · nobles -12.2 · read 114.4 · walls  6.1 · fell 50.4% (mother 24.0%) · prince  6.2% · king  0.2% · crowned  0.0% · 4.1s
try  7 · gen  167 · best   1152.3 · elite    698.0 · median    185.9 · years  24.8 · road 0.37 · starved   731 · nobles  +2.0 · read 28.5 · walls  1.4 · fell 80.9% (mother 18.3%) · prince 27.4% · king 24.2% · crowned 19.1% (median year 34) · 4.1s
try  8 · gen  167 · best   1008.9 · elite    473.9 · median     77.3 · years  41.3 · road 0.42 · starved  1225 · nobles  -3.0 · read 66.6 · walls  4.8 · fell 87.8% (mother 34.1%) · prince 25.8% · king 18.4% · crowned 11.1% (median year 48) · 4.1s
try  1 · gen  168 · best    887.1 · elite    551.9 · median    153.8 · years  28.5 · road 0.37 · starved   824 · nobles  -0.6 · read 13.7 · walls  2.1 · fell 85.7% (mother 30.3%) · prince 25.6% · king 19.6% · crowned 14.0% (median year 38) · 3.9s
try  2 · gen  168 · best    874.3 · elite    555.2 · median    146.4 · years  28.0 · road 0.36 · starved   780 · nobles  +1.2 · read  8.7 · walls  1.0 · fell 84.6% (mother 19.3%) · prince 20.7% · king 18.4% · crowned 15.3% (median year 44) · 3.9s
try  3 · gen  168 · best   1061.2 · elite    515.4 · median    152.6 · years  27.4 · road 0.36 · starved   525 · nobles  -1.6 · read 28.3 · walls  2.5 · fell 86.3% (mother 17.4%) · prince 18.5% · king 15.6% · crowned 13.5% (median year 42) · 3.9s
try  4 · gen  168 · best    864.2 · elite    459.3 · median     54.4 · years  28.8 · road 0.36 · starved   673 · nobles  -2.3 · read 17.2 · walls  1.6 · fell 89.9% (mother 26.1%) · prince 19.4% · king 15.4% · crowned 10.0% (median year 44) · 3.9s
try  5 · gen  168 · best    786.5 · elite    371.4 · median    -18.0 · years  30.3 · road 0.36 · starved   820 · nobles  +0.5 · read 25.2 · walls  5.2 · fell 90.0% (mother 27.1%) · prince 12.1% · king  9.5% · crowned  8.7% (median year 61) · 3.9s
try  6 · gen  168 · best    123.3 · elite     57.5 · median    -17.0 · years  79.5 · road 0.51 · starved  1863 · nobles -11.4 · read 111.0 · walls  5.9 · fell 51.2% (mother 22.5%) · prince  6.5% · king  0.1% · crowned  0.0% · 3.9s
try  7 · gen  168 · best    999.5 · elite    691.1 · median    196.2 · years  25.2 · road 0.37 · starved   709 · nobles  +2.6 · read 29.2 · walls  1.4 · fell 79.7% (mother 16.4%) · prince 27.7% · king 24.5% · crowned 20.3% (median year 35) · 3.9s
try  8 · gen  168 · best    763.1 · elite    488.1 · median    104.7 · years  40.9 · road 0.42 · starved  1206 · nobles  -2.8 · read 64.5 · walls  4.7 · fell 87.1% (mother 35.2%) · prince 26.8% · king 19.0% · crowned 11.8% (median year 47) · 3.9s
try  1 · gen  169 · best   1222.1 · elite    593.0 · median    155.6 · years  28.5 · road 0.37 · starved   814 · nobles  +0.3 · read 13.5 · walls  1.9 · fell 85.3% (mother 28.5%) · prince 25.5% · king 19.6% · crowned 14.5% (median year 39) · 4.1s
try  2 · gen  169 · best   1058.6 · elite    549.4 · median    148.7 · years  28.3 · road 0.36 · starved   766 · nobles  +0.9 · read  8.5 · walls  1.1 · fell 84.5% (mother 18.7%) · prince 21.8% · king 18.6% · crowned 15.5% (median year 45) · 4.1s
try  3 · gen  169 · best   1064.7 · elite    528.5 · median    151.1 · years  27.5 · road 0.37 · starved   567 · nobles  -1.7 · read 28.8 · walls  2.4 · fell 86.1% (mother 19.1%) · prince 19.2% · king 16.3% · crowned 13.7% (median year 42) · 4.1s
try  4 · gen  169 · best    656.2 · elite    440.5 · median     62.6 · years  28.9 · road 0.36 · starved   688 · nobles  -2.2 · read 17.9 · walls  1.6 · fell 89.7% (mother 26.3%) · prince 19.0% · king 14.9% · crowned 10.2% (median year 45) · 4.1s
try  5 · gen  169 · best    692.0 · elite    377.5 · median    -18.8 · years  30.5 · road 0.35 · starved   805 · nobles  +1.0 · read 25.4 · walls  5.1 · fell 90.0% (mother 25.5%) · prince 12.1% · king  9.4% · crowned  8.8% (median year 62) · 4.1s
try  6 · gen  169 · best    143.3 · elite     68.7 · median    -15.7 · years  79.9 · road 0.50 · starved  1879 · nobles -11.2 · read 110.1 · walls  5.9 · fell 53.0% (mother 23.9%) · prince  8.9% · king  0.2% · crowned  0.0% · 4.1s
try  7 · gen  169 · best   1375.7 · elite    705.1 · median    190.5 · years  25.5 · road 0.37 · starved   696 · nobles  +3.0 · read 29.9 · walls  1.5 · fell 79.2% (mother 16.3%) · prince 27.8% · king 24.8% · crowned 20.8% (median year 35) · 4.1s
try  8 · gen  169 · best   1126.1 · elite    497.3 · median     81.4 · years  41.2 · road 0.42 · starved  1255 · nobles  -3.1 · read 64.8 · walls  4.6 · fell 87.6% (mother 34.9%) · prince 26.5% · king 18.6% · crowned 11.1% (median year 47) · 4.1s
try  1 · gen  170 · best   1156.9 · elite    572.5 · median    157.2 · years  28.2 · road 0.37 · starved   812 · nobles  +0.6 · read 14.5 · walls  1.8 · fell 85.1% (mother 27.8%) · prince 25.6% · king 19.9% · crowned 14.8% (median year 39) · 4.1s
try  2 · gen  170 · best   1080.7 · elite    567.8 · median    147.1 · years  28.0 · road 0.36 · starved   778 · nobles  +1.3 · read  8.7 · walls  1.0 · fell 84.3% (mother 18.8%) · prince 22.4% · king 19.0% · crowned 15.6% (median year 45) · 4.1s
try  3 · gen  170 · best   1201.5 · elite    539.7 · median    145.4 · years  27.5 · road 0.36 · starved   573 · nobles  -1.5 · read 28.7 · walls  2.2 · fell 86.0% (mother 17.6%) · prince 19.5% · king 15.8% · crowned 13.6% (median year 41) · 4.1s
try  4 · gen  170 · best   1022.9 · elite    475.9 · median     85.7 · years  29.2 · road 0.36 · starved   664 · nobles  -1.9 · read 17.7 · walls  1.7 · fell 89.1% (mother 25.5%) · prince 19.6% · king 15.9% · crowned 10.9% (median year 45) · 4.1s
try  5 · gen  170 · best    723.6 · elite    356.3 · median    -15.8 · years  30.3 · road 0.35 · starved   781 · nobles  +0.9 · read 25.6 · walls  5.0 · fell 89.9% (mother 25.5%) · prince 12.2% · king  9.7% · crowned  8.9% (median year 63) · 4.1s
try  6 · gen  170 · best    116.6 · elite     66.4 · median    -14.7 · years  80.5 · road 0.50 · starved  1858 · nobles -11.3 · read 115.1 · walls  5.9 · fell 51.0% (mother 22.8%) · prince 10.0% · king  0.2% · crowned  0.0% · 4.1s
try  7 · gen  170 · best   1111.4 · elite    702.2 · median    200.6 · years  25.5 · road 0.37 · starved   695 · nobles  +3.1 · read 29.5 · walls  1.6 · fell 79.1% (mother 15.3%) · prince 27.8% · king 25.0% · crowned 20.9% (median year 36) · 4.1s
try  8 · gen  170 · best    855.7 · elite    456.6 · median     77.5 · years  41.5 · road 0.42 · starved  1275 · nobles  -3.2 · read 65.5 · walls  4.4 · fell 88.2% (mother 36.3%) · prince 27.9% · king 18.4% · crowned 10.6% (median year 48) · 4.1s
try  1 · gen  171 · best   1131.7 · elite    560.0 · median    160.7 · years  28.2 · road 0.36 · starved   815 · nobles  +0.3 · read 14.8 · walls  1.5 · fell 85.1% (mother 27.3%) · prince 25.8% · king 19.7% · crowned 14.8% (median year 38) · 3.9s
try  2 · gen  171 · best    925.9 · elite    577.2 · median    149.9 · years  27.8 · road 0.36 · starved   770 · nobles  +1.8 · read  9.4 · walls  1.1 · fell 83.6% (mother 18.0%) · prince 23.0% · king 19.9% · crowned 16.4% (median year 44) · 3.9s
try  3 · gen  171 · best   1042.5 · elite    518.9 · median    143.9 · years  27.2 · road 0.36 · starved   566 · nobles  -1.6 · read 29.0 · walls  2.2 · fell 86.3% (mother 18.0%) · prince 19.3% · king 15.7% · crowned 13.4% (median year 42) · 3.9s
try  4 · gen  171 · best    865.2 · elite    461.1 · median     62.4 · years  29.0 · road 0.35 · starved   670 · nobles  -1.9 · read 18.6 · walls  1.5 · fell 89.4% (mother 25.5%) · prince 19.1% · king 15.0% · crowned 10.5% (median year 44) · 3.9s
try  5 · gen  171 · best    717.5 · elite    373.7 · median    -16.2 · years  30.7 · road 0.36 · starved   803 · nobles  +0.7 · read 27.0 · walls  5.1 · fell 89.3% (mother 25.0%) · prince 12.6% · king 10.1% · crowned  9.1% (median year 62) · 3.9s
try  6 · gen  171 · best    158.7 · elite     71.1 · median    -15.7 · years  79.3 · road 0.49 · starved  1849 · nobles -10.4 · read 111.4 · walls  5.8 · fell 54.2% (mother 24.0%) · prince 11.2% · king  0.3% · crowned  0.0% · 3.9s
try  7 · gen  171 · best   1137.2 · elite    683.7 · median    197.4 · years  25.7 · road 0.37 · starved   728 · nobles  +3.4 · read 30.0 · walls  1.7 · fell 78.9% (mother 15.4%) · prince 28.5% · king 24.9% · crowned 21.1% (median year 37) · 3.9s
try  8 · gen  171 · best    788.6 · elite    451.0 · median     78.5 · years  42.5 · road 0.43 · starved  1333 · nobles  -3.3 · read 67.0 · walls  4.5 · fell 88.4% (mother 36.1%) · prince 28.9% · king 18.4% · crowned 10.1% (median year 50) · 3.9s
try  1 · gen  172 · best   1111.9 · elite    560.0 · median    157.9 · years  27.9 · road 0.36 · starved   806 · nobles  -0.0 · read 14.2 · walls  1.5 · fell 85.4% (mother 29.4%) · prince 25.1% · king 19.2% · crowned 14.4% (median year 38) · 5.0s
try  2 · gen  172 · best    878.9 · elite    554.6 · median    150.0 · years  27.0 · road 0.35 · starved   768 · nobles  +2.0 · read  9.5 · walls  1.0 · fell 83.5% (mother 17.4%) · prince 22.2% · king 19.4% · crowned 16.5% (median year 43) · 5.0s
try  3 · gen  172 · best    923.5 · elite    531.0 · median    134.6 · years  27.5 · road 0.36 · starved   601 · nobles  -1.7 · read 28.7 · walls  2.1 · fell 86.6% (mother 17.7%) · prince 19.0% · king 15.8% · crowned 13.2% (median year 43) · 5.0s
try  4 · gen  172 · best    804.1 · elite    473.0 · median     59.0 · years  29.3 · road 0.36 · starved   699 · nobles  -1.9 · read 18.5 · walls  1.6 · fell 89.3% (mother 26.8%) · prince 20.1% · king 15.9% · crowned 10.6% (median year 44) · 5.0s
try  5 · gen  172 · best    799.0 · elite    378.7 · median     -3.1 · years  31.5 · road 0.36 · starved   786 · nobles  +1.0 · read 27.5 · walls  5.3 · fell 89.1% (mother 22.5%) · prince 12.6% · king 10.3% · crowned  9.2% (median year 63) · 5.0s
try  6 · gen  172 · best    176.4 · elite     76.6 · median     -8.1 · years  80.6 · road 0.50 · starved  1854 · nobles -10.6 · read 113.6 · walls  5.9 · fell 51.8% (mother 22.7%) · prince 12.6% · king  0.4% · crowned  0.0% · 5.0s
try  7 · gen  172 · best   1085.9 · elite    711.7 · median    194.2 · years  25.6 · road 0.37 · starved   729 · nobles  +3.7 · read 30.1 · walls  1.6 · fell 79.5% (mother 14.7%) · prince 27.8% · king 24.2% · crowned 20.5% (median year 37) · 5.0s
try  8 · gen  172 · best    864.5 · elite    453.3 · median     71.8 · years  42.8 · road 0.44 · starved  1338 · nobles  -3.7 · read 65.6 · walls  4.7 · fell 88.1% (mother 38.0%) · prince 29.1% · king 18.7% · crowned 10.2% (median year 49) · 5.0s
try  1 · gen  173 · best   1069.0 · elite    553.4 · median    154.7 · years  27.7 · road 0.36 · starved   772 · nobles  +0.0 · read 13.9 · walls  1.4 · fell 85.3% (mother 27.9%) · prince 25.2% · king 19.8% · crowned 14.4% (median year 37) · 3.9s
try  2 · gen  173 · best   1043.2 · elite    595.2 · median    146.9 · years  27.4 · road 0.35 · starved   812 · nobles  +2.3 · read 10.0 · walls  0.9 · fell 83.4% (mother 17.6%) · prince 22.8% · king 20.1% · crowned 16.5% (median year 44) · 3.9s
try  3 · gen  173 · best   1043.5 · elite    535.3 · median    145.2 · years  27.5 · road 0.36 · starved   574 · nobles  -1.6 · read 28.6 · walls  2.2 · fell 85.8% (mother 17.7%) · prince 20.2% · king 16.5% · crowned 13.9% (median year 42) · 3.9s
try  4 · gen  173 · best    883.2 · elite    472.5 · median     71.6 · years  28.7 · road 0.36 · starved   697 · nobles  -1.9 · read 18.1 · walls  1.6 · fell 89.4% (mother 25.6%) · prince 20.3% · king 15.6% · crowned 10.6% (median year 43) · 3.9s
try  5 · gen  173 · best    765.4 · elite    349.2 · median     -9.4 · years  31.7 · road 0.35 · starved   782 · nobles  +1.1 · read 27.6 · walls  5.2 · fell 89.6% (mother 23.8%) · prince 12.3% · king  9.7% · crowned  8.7% (median year 64) · 3.9s
try  6 · gen  173 · best    124.2 · elite     71.0 · median    -14.1 · years  78.1 · road 0.49 · starved  1798 · nobles  -9.8 · read 107.3 · walls  5.8 · fell 53.6% (mother 22.5%) · prince 12.8% · king  0.3% · crowned  0.0% · 3.9s
try  7 · gen  173 · best   1107.0 · elite    692.5 · median    188.1 · years  25.9 · road 0.37 · starved   757 · nobles  +3.7 · read 30.2 · walls  1.6 · fell 79.5% (mother 15.6%) · prince 27.1% · king 23.7% · crowned 20.5% (median year 37) · 3.9s
try  8 · gen  173 · best    760.5 · elite    455.8 · median     51.1 · years  43.4 · road 0.44 · starved  1383 · nobles  -3.8 · read 66.6 · walls  4.8 · fell 88.4% (mother 40.5%) · prince 29.1% · king 17.8% · crowned  9.8% (median year 50) · 3.9s
try  1 · gen  174 · best    874.4 · elite    562.3 · median    159.1 · years  27.5 · road 0.36 · starved   783 · nobles  +0.1 · read 12.7 · walls  1.3 · fell 85.6% (mother 27.6%) · prince 24.9% · king 19.5% · crowned 14.3% (median year 37) · 4.1s
try  2 · gen  174 · best    876.2 · elite    630.5 · median    154.3 · years  27.0 · road 0.35 · starved   774 · nobles  +2.5 · read 10.3 · walls  0.9 · fell 83.1% (mother 17.8%) · prince 22.9% · king 20.0% · crowned 16.9% (median year 43) · 4.1s
try  3 · gen  174 · best    961.8 · elite    508.6 · median    152.5 · years  27.8 · road 0.36 · starved   603 · nobles  -1.4 · read 29.2 · walls  2.2 · fell 86.1% (mother 17.9%) · prince 19.6% · king 16.0% · crowned 13.6% (median year 42) · 4.1s
try  4 · gen  174 · best    892.6 · elite    481.0 · median     76.0 · years  28.8 · road 0.36 · starved   670 · nobles  -1.7 · read 19.2 · walls  1.5 · fell 89.2% (mother 25.7%) · prince 19.9% · king 16.0% · crowned 10.8% (median year 44) · 4.1s
try  5 · gen  174 · best    613.1 · elite    360.5 · median    -16.3 · years  31.6 · road 0.35 · starved   797 · nobles  +1.2 · read 27.9 · walls  5.2 · fell 89.9% (mother 24.9%) · prince 12.5% · king  9.6% · crowned  8.6% (median year 63) · 4.1s
try  6 · gen  174 · best    149.4 · elite     73.0 · median    -11.3 · years  78.6 · road 0.49 · starved  1823 · nobles  -9.7 · read 107.6 · walls  5.8 · fell 53.7% (mother 22.6%) · prince 14.3% · king  0.2% · crowned  0.0% · 4.1s
try  7 · gen  174 · best    949.3 · elite    690.9 · median    180.5 · years  25.9 · road 0.37 · starved   766 · nobles  +3.7 · read 30.6 · walls  1.6 · fell 80.0% (mother 15.3%) · prince 26.5% · king 23.5% · crowned 20.0% (median year 39) · 4.1s
try  8 · gen  174 · best    871.2 · elite    439.4 · median     81.7 · years  43.5 · road 0.44 · starved  1400 · nobles  -4.0 · read 66.0 · walls  5.0 · fell 87.9% (mother 41.7%) · prince 30.3% · king 19.7% · crowned 10.4% (median year 51) · 4.1s
try  1 · gen  175 · best   1070.7 · elite    547.8 · median    146.2 · years  27.4 · road 0.36 · starved   785 · nobles  +0.0 · read 12.8 · walls  1.2 · fell 86.3% (mother 28.0%) · prince 24.2% · king 19.0% · crowned 13.5% (median year 37) · 4.0s
try  2 · gen  175 · best   1039.2 · elite    626.1 · median    156.3 · years  26.8 · road 0.35 · starved   775 · nobles  +2.6 · read 10.5 · walls  0.8 · fell 82.5% (mother 16.7%) · prince 22.9% · king 20.4% · crowned 17.5% (median year 43) · 4.0s
try  3 · gen  175 · best   1090.1 · elite    549.2 · median    148.9 · years  27.7 · road 0.37 · starved   575 · nobles  -1.1 · read 29.1 · walls  2.3 · fell 85.5% (mother 17.0%) · prince 19.9% · king 16.4% · crowned 14.1% (median year 42) · 4.0s
try  4 · gen  175 · best    859.7 · elite    503.2 · median    109.1 · years  28.8 · road 0.36 · starved   671 · nobles  -1.7 · read 20.2 · walls  1.5 · fell 88.7% (mother 26.0%) · prince 20.9% · king 16.6% · crowned 11.3% (median year 43) · 4.0s
try  5 · gen  175 · best    765.5 · elite    384.0 · median    -10.9 · years  31.6 · road 0.35 · starved   785 · nobles  +1.2 · read 28.0 · walls  5.1 · fell 89.4% (mother 23.5%) · prince 12.7% · king  9.7% · crowned  8.8% (median year 62) · 4.0s
try  6 · gen  175 · best    142.0 · elite     77.8 · median     -8.8 · years  78.8 · road 0.49 · starved  1810 · nobles  -9.1 · read 107.5 · walls  5.7 · fell 52.3% (mother 20.2%) · prince 16.5% · king  0.5% · crowned  0.0% · 4.0s
try  7 · gen  175 · best   1149.4 · elite    697.8 · median    183.3 · years  25.9 · road 0.37 · starved   731 · nobles  +3.9 · read 30.6 · walls  1.5 · fell 79.8% (mother 14.6%) · prince 26.7% · king 23.7% · crowned 20.2% (median year 39) · 4.0s
try  8 · gen  175 · best    762.4 · elite    411.2 · median     56.7 · years  44.3 · road 0.45 · starved  1471 · nobles  -4.6 · read 65.3 · walls  5.0 · fell 89.4% (mother 44.8%) · prince 31.0% · king 18.8% · crowned  9.1% (median year 52) · 4.0s
try  1 · gen  176 · best    919.2 · elite    560.6 · median    154.9 · years  27.3 · road 0.36 · starved   756 · nobles  +0.1 · read 12.9 · walls  1.2 · fell 85.8% (mother 26.7%) · prince 24.2% · king 19.1% · crowned 14.0% (median year 37) · 5.0s
try  2 · gen  176 · best   1083.0 · elite    640.3 · median    157.2 · years  27.0 · road 0.36 · starved   794 · nobles  +2.6 · read 11.2 · walls  0.9 · fell 81.7% (mother 18.3%) · prince 24.9% · king 21.5% · crowned 18.3% (median year 42) · 5.0s
try  3 · gen  176 · best   1036.0 · elite    527.6 · median    149.6 · years  28.1 · road 0.36 · starved   555 · nobles  -1.1 · read 29.0 · walls  2.2 · fell 85.8% (mother 15.9%) · prince 20.0% · king 15.9% · crowned 13.9% (median year 43) · 5.0s
try  4 · gen  176 · best    762.5 · elite    503.2 · median    113.7 · years  28.5 · road 0.36 · starved   658 · nobles  -1.8 · read 20.3 · walls  1.6 · fell 88.2% (mother 26.0%) · prince 20.1% · king 16.7% · crowned 11.7% (median year 44) · 5.0s
try  5 · gen  176 · best    756.3 · elite    338.8 · median    -14.0 · years  30.9 · road 0.35 · starved   755 · nobles  +1.2 · read 27.5 · walls  5.0 · fell 90.0% (mother 25.1%) · prince 12.3% · king  9.3% · crowned  8.5% (median year 64) · 5.0s
try  6 · gen  176 · best    184.7 · elite     80.3 · median     -6.6 · years  78.1 · road 0.50 · starved  1844 · nobles  -8.7 · read 102.4 · walls  5.7 · fell 57.5% (mother 23.1%) · prince 20.2% · king  0.9% · crowned  0.0% · 5.0s
try  7 · gen  176 · best   1296.1 · elite    700.9 · median    181.6 · years  26.2 · road 0.37 · starved   746 · nobles  +3.6 · read 30.7 · walls  1.5 · fell 80.3% (mother 14.9%) · prince 26.5% · king 23.4% · crowned 19.7% (median year 39) · 5.0s
try  8 · gen  176 · best    756.6 · elite    432.8 · median     77.8 · years  44.2 · road 0.45 · starved  1482 · nobles  -4.4 · read 64.8 · walls  5.0 · fell 88.3% (mother 45.9%) · prince 32.1% · king 19.9% · crowned 10.0% (median year 51) · 5.0s
try  1 · gen  177 · best   1158.6 · elite    573.4 · median    153.0 · years  27.6 · road 0.36 · starved   800 · nobles  +0.1 · read 12.5 · walls  1.3 · fell 85.8% (mother 27.7%) · prince 25.2% · king 19.0% · crowned 14.0% (median year 37) · 3.9s
try  2 · gen  177 · best   1084.1 · elite    611.9 · median    164.5 · years  26.8 · road 0.36 · starved   798 · nobles  +2.8 · read 11.1 · walls  0.9 · fell 82.2% (mother 18.2%) · prince 24.4% · king 21.1% · crowned 17.7% (median year 42) · 3.9s
try  3 · gen  177 · best    921.0 · elite    548.7 · median    150.3 · years  27.3 · road 0.36 · starved   547 · nobles  -1.4 · read 28.0 · walls  2.0 · fell 86.0% (mother 16.7%) · prince 19.8% · king 15.9% · crowned 13.7% (median year 42) · 3.9s
try  4 · gen  177 · best    856.6 · elite    504.8 · median    128.0 · years  29.1 · road 0.36 · starved   657 · nobles  -1.2 · read 21.5 · walls  1.7 · fell 87.8% (mother 24.5%) · prince 21.1% · king 17.4% · crowned 12.1% (median year 44) · 3.9s
try  5 · gen  177 · best    765.1 · elite    346.6 · median    -16.8 · years  30.8 · road 0.35 · starved   809 · nobles  +0.8 · read 27.6 · walls  5.1 · fell 90.1% (mother 26.9%) · prince 12.2% · king  9.3% · crowned  8.4% (median year 63) · 3.9s
try  6 · gen  177 · best    165.8 · elite     83.1 · median    -10.0 · years  77.4 · road 0.49 · starved  1823 · nobles  -8.4 · read 100.9 · walls  5.7 · fell 57.0% (mother 22.2%) · prince 20.6% · king  0.6% · crowned  0.0% · 3.9s
try  7 · gen  177 · best   1121.6 · elite    694.1 · median    185.0 · years  26.3 · road 0.38 · starved   753 · nobles  +3.8 · read 30.3 · walls  1.5 · fell 80.0% (mother 13.9%) · prince 26.7% · king 23.4% · crowned 20.0% (median year 39) · 3.9s
try  8 · gen  177 · best    773.0 · elite    448.5 · median     70.5 · years  44.3 · road 0.46 · starved  1505 · nobles  -4.8 · read 66.2 · walls  5.1 · fell 88.8% (mother 45.4%) · prince 32.0% · king 20.9% · crowned  9.9% (median year 52) · 3.9s
try  1 · gen  178 · best    959.9 · elite    561.9 · median    157.1 · years  27.3 · road 0.36 · starved   783 · nobles  -0.1 · read 13.3 · walls  1.3 · fell 86.0% (mother 28.2%) · prince 24.7% · king 19.1% · crowned 13.9% (median year 37) · 4.0s
try  2 · gen  178 · best   1124.2 · elite    609.1 · median    162.1 · years  26.8 · road 0.36 · starved   754 · nobles  +2.2 · read 11.6 · walls  0.9 · fell 82.5% (mother 18.2%) · prince 23.9% · king 20.8% · crowned 17.5% (median year 42) · 4.0s
try  3 · gen  178 · best    885.4 · elite    511.3 · median    144.0 · years  27.1 · road 0.36 · starved   603 · nobles  -1.4 · read 28.0 · walls  1.9 · fell 86.3% (mother 18.4%) · prince 19.4% · king 15.7% · crowned 13.3% (median year 42) · 4.0s
try  4 · gen  178 · best    933.9 · elite    501.0 · median    150.5 · years  28.9 · road 0.36 · starved   627 · nobles  -1.0 · read 22.6 · walls  1.7 · fell 86.9% (mother 23.6%) · prince 22.0% · king 18.2% · crowned 13.0% (median year 45) · 4.0s
try  5 · gen  178 · best    615.3 · elite    352.6 · median    -14.1 · years  30.8 · road 0.35 · starved   789 · nobles  +1.2 · read 28.0 · walls  5.2 · fell 89.8% (mother 26.5%) · prince 12.5% · king  9.7% · crowned  8.9% (median year 63) · 4.0s
try  6 · gen  178 · best    181.5 · elite     84.5 · median     -6.2 · years  78.0 · road 0.49 · starved  1846 · nobles  -8.4 · read 102.1 · walls  5.5 · fell 57.7% (mother 23.1%) · prince 21.9% · king  0.8% · crowned  0.0% · 4.0s
try  7 · gen  178 · best    904.1 · elite    628.6 · median    185.7 · years  26.5 · road 0.38 · starved   800 · nobles  +4.1 · read 29.5 · walls  1.6 · fell 81.1% (mother 14.9%) · prince 26.0% · king 21.9% · crowned 18.9% (median year 40) · 4.0s
try  8 · gen  178 · best    825.7 · elite    454.2 · median     90.5 · years  43.0 · road 0.45 · starved  1485 · nobles  -4.3 · read 64.6 · walls  5.0 · fell 87.9% (mother 46.6%) · prince 31.8% · king 21.0% · crowned 10.9% (median year 51) · 4.0s
try  1 · gen  179 · best    937.6 · elite    568.9 · median    156.4 · years  27.0 · road 0.36 · starved   773 · nobles  -0.5 · read 12.5 · walls  1.3 · fell 85.9% (mother 28.1%) · prince 24.7% · king 19.3% · crowned 14.0% (median year 36) · 3.9s
try  2 · gen  179 · best    920.5 · elite    606.1 · median    166.0 · years  27.1 · road 0.36 · starved   779 · nobles  +1.8 · read 11.9 · walls  1.0 · fell 81.8% (mother 19.1%) · prince 25.6% · king 22.1% · crowned 18.1% (median year 43) · 3.9s
try  3 · gen  179 · best    881.0 · elite    527.3 · median    136.7 · years  26.6 · road 0.36 · starved   648 · nobles  -1.5 · read 27.2 · walls  1.8 · fell 86.4% (mother 18.0%) · prince 19.8% · king 15.7% · crowned 13.5% (median year 40) · 3.9s
try  4 · gen  179 · best   1112.1 · elite    511.8 · median    146.6 · years  28.9 · road 0.36 · starved   662 · nobles  -1.2 · read 23.6 · walls  1.8 · fell 87.2% (mother 24.4%) · prince 22.5% · king 18.2% · crowned 12.8% (median year 43) · 3.9s
try  5 · gen  179 · best    695.9 · elite    362.1 · median    -19.2 · years  30.9 · road 0.35 · starved   789 · nobles  +1.2 · read 28.7 · walls  5.3 · fell 90.0% (mother 24.8%) · prince 12.2% · king  9.5% · crowned  8.6% (median year 64) · 3.9s
try  6 · gen  179 · best    141.5 · elite     79.0 · median    -10.2 · years  77.0 · road 0.49 · starved  1855 · nobles  -8.3 · read 98.8 · walls  5.2 · fell 58.8% (mother 23.1%) · prince 20.8% · king  0.8% · crowned  0.0% (median year 94) · 3.9s
try  7 · gen  179 · best   1040.9 · elite    666.3 · median    186.5 · years  26.6 · road 0.38 · starved   759 · nobles  +4.2 · read 29.3 · walls  1.6 · fell 80.6% (mother 14.0%) · prince 26.3% · king 22.5% · crowned 19.4% (median year 41) · 3.9s
try  8 · gen  179 · best    829.2 · elite    447.2 · median     78.8 · years  43.2 · road 0.45 · starved  1540 · nobles  -4.6 · read 64.3 · walls  4.9 · fell 88.3% (mother 48.5%) · prince 31.1% · king 20.7% · crowned 10.7% (median year 51) · 3.9s
try  1 · gen  180 · best    897.6 · elite    540.8 · median    163.9 · years  26.9 · road 0.36 · starved   738 · nobles  +0.1 · read 12.2 · walls  1.3 · fell 85.7% (mother 27.8%) · prince 24.2% · king 19.0% · crowned 14.2% (median year 37) · 4.5s
try  2 · gen  180 · best   1040.1 · elite    625.2 · median    166.5 · years  26.7 · road 0.36 · starved   730 · nobles  +2.0 · read 12.2 · walls  1.0 · fell 81.4% (mother 17.8%) · prince 25.3% · king 22.3% · crowned 18.5% (median year 42) · 4.5s
try  3 · gen  180 · best    887.7 · elite    541.6 · median    150.8 · years  26.7 · road 0.36 · starved   603 · nobles  -1.1 · read 27.2 · walls  1.8 · fell 85.7% (mother 18.0%) · prince 19.6% · king 16.4% · crowned 14.0% (median year 40) · 4.5s
try  4 · gen  180 · best    863.5 · elite    539.3 · median    139.9 · years  29.0 · road 0.36 · starved   642 · nobles  -1.2 · read 24.1 · walls  1.7 · fell 87.2% (mother 23.5%) · prince 22.2% · king 18.2% · crowned 12.8% (median year 43) · 4.5s
try  5 · gen  180 · best    588.0 · elite    341.7 · median    -18.7 · years  30.8 · road 0.35 · starved   800 · nobles  +0.6 · read 28.7 · walls  5.0 · fell 90.3% (mother 26.2%) · prince 12.2% · king  9.2% · crowned  8.2% (median year 64) · 4.5s
try  6 · gen  180 · best    167.5 · elite     78.1 · median     -9.2 · years  77.2 · road 0.49 · starved  1864 · nobles  -8.2 · read 98.7 · walls  5.2 · fell 58.0% (mother 23.6%) · prince 21.0% · king  0.8% · crowned  0.0% · 4.5s
try  7 · gen  180 · best   1136.4 · elite    672.8 · median    181.9 · years  26.4 · road 0.38 · starved   761 · nobles  +4.3 · read 28.9 · walls  1.6 · fell 80.6% (mother 13.7%) · prince 26.1% · king 22.5% · crowned 19.4% (median year 40) · 4.5s
try  8 · gen  180 · best    784.9 · elite    466.0 · median     89.0 · years  43.7 · road 0.45 · starved  1563 · nobles  -4.4 · read 65.0 · walls  4.9 · fell 87.9% (mother 45.7%) · prince 32.4% · king 20.9% · crowned 11.0% (median year 51) · 4.5s
try  1 · gen  181 · best    918.0 · elite    552.9 · median    145.7 · years  26.5 · road 0.36 · starved   789 · nobles  -0.5 · read 12.3 · walls  1.4 · fell 86.8% (mother 31.6%) · prince 24.0% · king 18.5% · crowned 13.1% (median year 36) · 4.0s
try  2 · gen  181 · best   1119.4 · elite    652.9 · median    161.4 · years  26.5 · road 0.36 · starved   738 · nobles  +1.8 · read 11.9 · walls  0.9 · fell 81.7% (mother 18.5%) · prince 25.2% · king 22.0% · crowned 18.2% (median year 42) · 4.0s
try  3 · gen  181 · best    937.3 · elite    565.3 · median    156.3 · years  26.8 · road 0.36 · starved   600 · nobles  -0.6 · read 27.5 · walls  1.7 · fell 84.9% (mother 17.5%) · prince 19.7% · king 16.6% · crowned 14.7% (median year 40) · 4.0s
try  4 · gen  181 · best    881.7 · elite    510.2 · median    150.4 · years  28.9 · road 0.36 · starved   649 · nobles  -1.0 · read 25.4 · walls  1.7 · fell 86.7% (mother 23.5%) · prince 22.5% · king 18.3% · crowned 13.2% (median year 44) · 4.0s
try  5 · gen  181 · best    607.5 · elite    350.4 · median    -14.2 · years  31.0 · road 0.35 · starved   797 · nobles  +1.0 · read 29.3 · walls  5.0 · fell 90.2% (mother 24.6%) · prince 12.5% · king  9.4% · crowned  8.4% (median year 62) · 4.0s
try  6 · gen  181 · best    198.6 · elite     86.0 · median     -7.1 · years  77.5 · road 0.50 · starved  1892 · nobles  -8.0 · read 100.0 · walls  5.3 · fell 59.3% (mother 25.1%) · prince 21.9% · king  1.0% · crowned  0.0% · 4.0s
try  7 · gen  181 · best   1116.7 · elite    685.1 · median    178.9 · years  26.1 · road 0.38 · starved   774 · nobles  +4.6 · read 28.3 · walls  1.5 · fell 80.7% (mother 14.3%) · prince 25.9% · king 22.4% · crowned 19.2% (median year 39) · 4.0s
try  8 · gen  181 · best    853.7 · elite    452.2 · median     72.1 · years  43.2 · road 0.45 · starved  1604 · nobles  -4.8 · read 64.1 · walls  4.9 · fell 89.6% (mother 48.1%) · prince 31.9% · king 20.2% · crowned  9.8% (median year 50) · 4.0s
try  1 · gen  182 · best    932.6 · elite    575.1 · median    159.5 · years  26.5 · road 0.36 · starved   760 · nobles  -0.2 · read 12.1 · walls  1.3 · fell 85.8% (mother 28.9%) · prince 24.8% · king 18.9% · crowned 14.1% (median year 36) · 3.8s
try  2 · gen  182 · best   1290.1 · elite    640.5 · median    158.5 · years  26.4 · road 0.36 · starved   786 · nobles  +2.0 · read 11.8 · walls  1.0 · fell 82.0% (mother 18.0%) · prince 24.6% · king 21.8% · crowned 18.0% (median year 42) · 3.8s
try  3 · gen  182 · best    890.3 · elite    538.4 · median    144.0 · years  25.9 · road 0.35 · starved   569 · nobles  -1.1 · read 26.4 · walls  1.5 · fell 86.3% (mother 20.1%) · prince 19.1% · king 16.0% · crowned 13.4% (median year 40) · 3.8s
try  4 · gen  182 · best    880.5 · elite    536.1 · median    132.7 · years  28.4 · road 0.36 · starved   658 · nobles  -1.5 · read 24.9 · walls  1.7 · fell 87.3% (mother 24.4%) · prince 21.8% · king 17.7% · crowned 12.6% (median year 42) · 3.8s
try  5 · gen  182 · best    633.9 · elite    362.0 · median    -12.6 · years  31.0 · road 0.34 · starved   812 · nobles  +1.0 · read 28.4 · walls  4.7 · fell 89.8% (mother 24.1%) · prince 13.1% · king  9.4% · crowned  8.6% (median year 62) · 3.8s
try  6 · gen  182 · best    222.0 · elite     87.7 · median     -6.8 · years  76.4 · road 0.50 · starved  1883 · nobles  -7.9 · read 101.2 · walls  5.3 · fell 60.4% (mother 26.1%) · prince 23.7% · king  1.4% · crowned  0.0% (median year 65) · 3.8s
try  7 · gen  182 · best    906.3 · elite    697.3 · median    182.1 · years  25.8 · road 0.38 · starved   715 · nobles  +5.0 · read 27.9 · walls  1.5 · fell 80.3% (mother 12.7%) · prince 25.6% · king 22.6% · crowned 19.7% (median year 40) · 3.8s
try  8 · gen  182 · best    785.5 · elite    419.0 · median     64.9 · years  43.4 · road 0.45 · starved  1573 · nobles  -5.0 · read 63.4 · walls  4.9 · fell 89.8% (mother 49.0%) · prince 32.0% · king 19.1% · crowned  9.5% (median year 51) · 3.8s
try  1 · gen  183 · best   1057.5 · elite    557.7 · median    155.6 · years  26.2 · road 0.36 · starved   753 · nobles  -0.0 · read 11.3 · walls  1.3 · fell 86.0% (mother 27.6%) · prince 23.3% · king 18.4% · crowned 13.9% (median year 36) · 4.8s
try  2 · gen  183 · best   1109.8 · elite    616.4 · median    163.5 · years  25.8 · road 0.35 · starved   737 · nobles  +2.2 · read 12.2 · walls  0.9 · fell 81.6% (mother 16.2%) · prince 24.5% · king 21.7% · crowned 18.4% (median year 41) · 4.8s
try  3 · gen  183 · best    904.3 · elite    547.8 · median    148.8 · years  26.5 · road 0.35 · starved   586 · nobles  -0.8 · read 27.1 · walls  1.5 · fell 85.7% (mother 19.1%) · prince 19.4% · king 16.5% · crowned 14.2% (median year 41) · 4.8s
try  4 · gen  183 · best   1048.2 · elite    507.9 · median    152.0 · years  28.7 · road 0.36 · starved   653 · nobles  -1.1 · read 24.9 · walls  1.7 · fell 86.7% (mother 23.5%) · prince 22.2% · king 18.7% · crowned 13.3% (median year 43) · 4.8s
try  5 · gen  183 · best    914.3 · elite    373.9 · median    -16.2 · years  30.3 · road 0.33 · starved   756 · nobles  +0.9 · read 27.0 · walls  3.9 · fell 90.1% (mother 23.8%) · prince 13.0% · king  9.6% · crowned  8.6% (median year 63) · 4.8s
try  6 · gen  183 · best    180.3 · elite     91.1 · median     -6.7 · years  76.1 · road 0.50 · starved  1926 · nobles  -7.6 · read 106.3 · walls  5.2 · fell 64.0% (mother 28.7%) · prince 26.5% · king  2.1% · crowned  0.0% (median year 74) · 4.8s
try  7 · gen  183 · best   1097.9 · elite    690.7 · median    190.8 · years  25.7 · road 0.38 · starved   710 · nobles  +5.0 · read 27.4 · walls  1.5 · fell 80.1% (mother 13.3%) · prince 26.1% · king 22.8% · crowned 19.9% (median year 39) · 4.8s
try  8 · gen  183 · best    735.0 · elite    452.0 · median     77.9 · years  43.5 · road 0.45 · starved  1563 · nobles  -4.2 · read 63.0 · walls  5.1 · fell 88.7% (mother 48.5%) · prince 32.4% · king 20.9% · crowned 10.6% (median year 51) · 4.8s
try  1 · gen  184 · best    944.9 · elite    580.4 · median    154.6 · years  25.9 · road 0.35 · starved   756 · nobles  -0.1 · read 11.9 · walls  1.2 · fell 85.9% (mother 27.5%) · prince 23.9% · king 18.6% · crowned 14.1% (median year 36) · 3.9s
try  2 · gen  184 · best   1046.7 · elite    614.5 · median    161.2 · years  26.0 · road 0.35 · starved   799 · nobles  +2.2 · read 12.0 · walls  1.0 · fell 82.0% (mother 17.5%) · prince 24.8% · king 22.1% · crowned 18.0% (median year 42) · 3.9s
try  3 · gen  184 · best   1057.5 · elite    578.5 · median    154.8 · years  26.3 · road 0.35 · starved   524 · nobles  -0.4 · read 27.0 · walls  1.5 · fell 84.7% (mother 15.2%) · prince 19.7% · king 17.2% · crowned 15.1% (median year 41) · 3.9s
try  4 · gen  184 · best    895.3 · elite    553.6 · median    151.7 · years  28.3 · road 0.36 · starved   664 · nobles  -0.9 · read 24.7 · walls  1.7 · fell 86.2% (mother 24.0%) · prince 23.0% · king 19.0% · crowned 13.7% (median year 41) · 3.9s
try  5 · gen  184 · best    625.5 · elite    363.7 · median     -5.6 · years  30.5 · road 0.33 · starved   769 · nobles  +0.8 · read 27.0 · walls  3.9 · fell 89.9% (mother 23.7%) · prince 13.2% · king 10.2% · crowned  8.8% (median year 62) · 3.9s
try  6 · gen  184 · best    195.1 · elite     91.9 · median     -9.0 · years  75.5 · road 0.50 · starved  1947 · nobles  -7.4 · read 107.9 · walls  5.1 · fell 63.4% (mother 29.5%) · prince 25.8% · king  2.0% · crowned  0.0% (median year 85) · 3.9s
try  7 · gen  184 · best   1125.3 · elite    687.1 · median    183.8 · years  26.1 · road 0.38 · starved   715 · nobles  +4.9 · read 27.7 · walls  1.6 · fell 80.2% (mother 13.6%) · prince 25.9% · king 22.9% · crowned 19.8% (median year 40) · 3.9s
try  8 · gen  184 · best    838.7 · elite    449.6 · median     69.0 · years  43.7 · road 0.45 · starved  1583 · nobles  -4.4 · read 61.0 · walls  5.3 · fell 88.6% (mother 49.9%) · prince 32.0% · king 19.9% · crowned 10.3% (median year 51) · 3.9s
try  1 · gen  185 · best   1139.8 · elite    604.1 · median    158.8 · years  25.7 · road 0.35 · starved   723 · nobles  +0.4 · read 11.5 · walls  1.0 · fell 85.1% (mother 25.1%) · prince 24.1% · king 19.3% · crowned 14.9% (median year 35) · 3.9s
try  2 · gen  185 · best   1071.3 · elite    636.6 · median    161.4 · years  26.3 · road 0.36 · starved   767 · nobles  +2.3 · read 12.5 · walls  1.0 · fell 81.0% (mother 16.5%) · prince 25.6% · king 22.9% · crowned 18.9% (median year 42) · 3.9s
try  3 · gen  185 · best    876.9 · elite    544.9 · median    151.5 · years  26.2 · road 0.35 · starved   521 · nobles  -0.8 · read 27.0 · walls  1.5 · fell 85.4% (mother 16.5%) · prince 19.0% · king 16.5% · crowned 14.3% (median year 41) · 3.9s
try  4 · gen  185 · best    872.4 · elite    540.5 · median    154.7 · years  27.8 · road 0.36 · starved   636 · nobles  -0.7 · read 24.2 · walls  1.8 · fell 86.1% (mother 22.6%) · prince 22.4% · king 19.0% · crowned 13.9% (median year 41) · 3.9s
try  5 · gen  185 · best    831.5 · elite    363.4 · median     -9.5 · years  30.1 · road 0.33 · starved   762 · nobles  +0.8 · read 26.8 · walls  3.7 · fell 89.8% (mother 24.2%) · prince 12.8% · king 10.0% · crowned  8.9% (median year 61) · 3.9s
try  6 · gen  185 · best    172.1 · elite     87.0 · median     -5.9 · years  76.0 · road 0.51 · starved  1952 · nobles  -7.2 · read 114.4 · walls  5.1 · fell 62.3% (mother 29.3%) · prince 25.1% · king  2.3% · crowned  0.1% (median year 78) · 3.9s
try  7 · gen  185 · best   1092.0 · elite    656.7 · median    179.0 · years  25.7 · road 0.38 · starved   741 · nobles  +4.6 · read 27.3 · walls  1.6 · fell 80.7% (mother 13.4%) · prince 25.6% · king 22.2% · crowned 19.3% (median year 40) · 3.9s
try  8 · gen  185 · best    823.7 · elite    435.7 · median     69.6 · years  44.2 · road 0.46 · starved  1587 · nobles  -4.3 · read 59.6 · walls  5.2 · fell 88.9% (mother 50.9%) · prince 32.8% · king 19.4% · crowned 10.1% (median year 51) · 3.9s
try  1 · gen  186 · best    978.7 · elite    581.7 · median    162.2 · years  26.0 · road 0.35 · starved   757 · nobles  +0.1 · read 11.5 · walls  1.0 · fell 85.4% (mother 25.6%) · prince 24.2% · king 19.5% · crowned 14.5% (median year 35) · 3.8s
try  2 · gen  186 · best   1298.3 · elite    666.2 · median    158.0 · years  26.2 · road 0.35 · starved   781 · nobles  +2.2 · read 12.8 · walls  0.9 · fell 81.2% (mother 16.8%) · prince 25.7% · king 22.7% · crowned 18.8% (median year 42) · 3.8s
try  3 · gen  186 · best   1173.8 · elite    556.9 · median    156.6 · years  26.2 · road 0.35 · starved   562 · nobles  -0.5 · read 27.0 · walls  1.5 · fell 84.8% (mother 15.1%) · prince 20.0% · king 17.2% · crowned 14.9% (median year 41) · 3.8s
try  4 · gen  186 · best   1128.3 · elite    556.1 · median    160.7 · years  27.6 · road 0.36 · starved   651 · nobles  -0.8 · read 24.0 · walls  1.7 · fell 85.9% (mother 23.6%) · prince 22.4% · king 18.9% · crowned 14.1% (median year 40) · 3.8s
try  5 · gen  186 · best    835.5 · elite    330.0 · median     -9.3 · years  29.6 · road 0.33 · starved   833 · nobles  +0.9 · read 26.0 · walls  3.6 · fell 90.2% (mother 23.7%) · prince 12.7% · king  9.2% · crowned  8.4% (median year 61) · 3.8s
try  6 · gen  186 · best    159.5 · elite     84.2 · median     -5.1 · years  75.7 · road 0.51 · starved  1955 · nobles  -6.8 · read 115.9 · walls  5.0 · fell 62.5% (mother 30.1%) · prince 25.0% · king  2.7% · crowned  0.1% (median year 84) · 3.8s
try  7 · gen  186 · best   1140.1 · elite    670.9 · median    180.3 · years  25.8 · road 0.38 · starved   746 · nobles  +4.5 · read 27.5 · walls  1.6 · fell 80.9% (mother 14.6%) · prince 25.3% · king 22.0% · crowned 19.0% (median year 39) · 3.8s
try  8 · gen  186 · best    655.5 · elite    405.3 · median     54.2 · years  45.5 · road 0.46 · starved  1703 · nobles  -5.0 · read 60.2 · walls  5.5 · fell 89.7% (mother 52.4%) · prince 32.5% · king 18.6% · crowned  9.0% (median year 52) · 3.8s
try  1 · gen  187 · best    929.8 · elite    598.6 · median    166.9 · years  25.7 · road 0.35 · starved   734 · nobles  +0.2 · read 11.0 · walls  0.9 · fell 85.3% (mother 25.4%) · prince 24.5% · king 19.5% · crowned 14.6% (median year 35) · 4.8s
try  2 · gen  187 · best   1038.2 · elite    628.8 · median    167.1 · years  25.8 · road 0.35 · starved   766 · nobles  +2.5 · read 12.4 · walls  0.9 · fell 81.3% (mother 16.9%) · prince 24.9% · king 22.2% · crowned 18.6% (median year 41) · 4.8s
try  3 · gen  187 · best   1093.3 · elite    547.3 · median    161.6 · years  25.6 · road 0.35 · starved   513 · nobles  -0.4 · read 25.9 · walls  1.5 · fell 84.7% (mother 14.2%) · prince 19.1% · king 16.8% · crowned 14.9% (median year 40) · 4.8s
try  4 · gen  187 · best    919.0 · elite    577.8 · median    155.8 · years  27.6 · road 0.36 · starved   653 · nobles  -0.7 · read 23.8 · walls  1.7 · fell 86.0% (mother 23.0%) · prince 22.5% · king 18.6% · crowned 14.0% (median year 39) · 4.8s
try  5 · gen  187 · best    722.4 · elite    367.4 · median    -18.8 · years  29.6 · road 0.32 · starved   767 · nobles  +0.8 · read 26.4 · walls  3.4 · fell 90.2% (mother 23.9%) · prince 12.9% · king  9.4% · crowned  8.5% (median year 61) · 4.8s
try  6 · gen  187 · best    184.5 · elite     88.4 · median     -3.9 · years  76.3 · road 0.51 · starved  1966 · nobles  -6.7 · read 120.3 · walls  5.0 · fell 61.8% (mother 29.8%) · prince 26.2% · king  2.5% · crowned  0.0% (median year 67) · 4.8s
try  7 · gen  187 · best   1141.7 · elite    686.3 · median    181.5 · years  25.7 · road 0.38 · starved   698 · nobles  +4.6 · read 27.2 · walls  1.7 · fell 80.4% (mother 12.6%) · prince 25.0% · king 21.9% · crowned 19.6% (median year 40) · 4.8s
try  8 · gen  187 · best    790.1 · elite    395.5 · median     36.9 · years  46.8 · road 0.47 · starved  1748 · nobles  -5.0 · read 59.6 · walls  5.9 · fell 90.3% (mother 53.0%) · prince 32.8% · king 17.8% · crowned  8.3% (median year 54) · 4.8s
try  1 · gen  188 · best   1273.3 · elite    593.4 · median    159.6 · years  25.5 · road 0.35 · starved   720 · nobles  +0.4 · read 11.2 · walls  0.8 · fell 85.6% (mother 27.2%) · prince 23.1% · king 18.7% · crowned 14.4% (median year 35) · 3.8s
try  2 · gen  188 · best   1208.8 · elite    675.6 · median    161.0 · years  26.3 · road 0.36 · starved   782 · nobles  +2.7 · read 13.0 · walls  1.0 · fell 81.1% (mother 17.5%) · prince 25.6% · king 22.4% · crowned 18.9% (median year 41) · 3.8s
try  3 · gen  188 · best   1052.3 · elite    572.1 · median    155.4 · years  25.6 · road 0.35 · starved   574 · nobles  -0.5 · read 25.4 · walls  1.4 · fell 84.6% (mother 14.1%) · prince 20.0% · king 17.5% · crowned 15.1% (median year 39) · 3.8s
try  4 · gen  188 · best    916.0 · elite    552.7 · median    159.9 · years  27.3 · road 0.36 · starved   657 · nobles  -0.3 · read 23.8 · walls  1.6 · fell 85.7% (mother 21.8%) · prince 22.0% · king 18.8% · crowned 14.3% (median year 39) · 3.8s
try  5 · gen  188 · best    746.3 · elite    354.2 · median    -26.9 · years  28.9 · road 0.32 · starved   811 · nobles  +0.6 · read 25.4 · walls  2.7 · fell 90.7% (mother 23.9%) · prince 12.6% · king  9.2% · crowned  8.2% (median year 62) · 3.8s
try  6 · gen  188 · best    163.4 · elite     94.2 · median     -6.7 · years  76.8 · road 0.51 · starved  1930 · nobles  -6.3 · read 126.0 · walls  5.0 · fell 61.3% (mother 28.1%) · prince 25.4% · king  2.8% · crowned  0.1% (median year 90) · 3.8s
try  7 · gen  188 · best   1113.0 · elite    682.4 · median    180.4 · years  25.3 · road 0.37 · starved   707 · nobles  +4.8 · read 26.6 · walls  1.7 · fell 80.9% (mother 14.5%) · prince 24.9% · king 21.6% · crowned 19.1% (median year 40) · 3.8s
try  8 · gen  188 · best    617.3 · elite    361.2 · median     34.6 · years  48.0 · road 0.46 · starved  1771 · nobles  -4.9 · read 59.0 · walls  6.0 · fell 89.8% (mother 50.3%) · prince 32.6% · king 16.7% · crowned  8.2% (median year 57) · 3.8s
try  1 · gen  189 · best   1094.6 · elite    562.4 · median    157.4 · years  25.9 · road 0.35 · starved   766 · nobles  +0.4 · read 11.3 · walls  0.9 · fell 85.9% (mother 27.4%) · prince 24.1% · king 18.6% · crowned 14.0% (median year 35) · 4.0s
try  2 · gen  189 · best   1010.2 · elite    625.6 · median    162.0 · years  25.8 · road 0.35 · starved   723 · nobles  +2.5 · read 13.7 · walls  1.0 · fell 81.2% (mother 15.6%) · prince 24.8% · king 22.1% · crowned 18.7% (median year 42) · 4.0s
try  3 · gen  189 · best   1110.6 · elite    573.3 · median    161.2 · years  25.6 · road 0.35 · starved   551 · nobles  -0.4 · read 24.8 · walls  1.3 · fell 84.6% (mother 16.2%) · prince 20.2% · king 17.4% · crowned 15.1% (median year 39) · 4.0s
try  4 · gen  189 · best    905.3 · elite    555.7 · median    155.7 · years  27.3 · road 0.36 · starved   707 · nobles  +0.0 · read 23.8 · walls  1.6 · fell 86.0% (mother 23.4%) · prince 23.2% · king 19.0% · crowned 14.0% (median year 39) · 4.0s
try  5 · gen  189 · best    624.5 · elite    367.2 · median    -13.4 · years  28.7 · road 0.31 · starved   716 · nobles  +0.7 · read 25.3 · walls  2.6 · fell 90.2% (mother 24.5%) · prince 13.1% · king  9.7% · crowned  8.8% (median year 59) · 4.0s
try  6 · gen  189 · best    205.3 · elite     88.7 · median     -6.0 · years  76.0 · road 0.50 · starved  1940 · nobles  -6.1 · read 124.2 · walls  4.9 · fell 60.7% (mother 28.4%) · prince 23.8% · king  2.5% · crowned  0.1% (median year 72) · 4.0s
try  7 · gen  189 · best   1329.0 · elite    695.5 · median    177.4 · years  25.4 · road 0.38 · starved   703 · nobles  +4.9 · read 26.4 · walls  1.8 · fell 80.8% (mother 14.3%) · prince 25.1% · king 21.3% · crowned 19.1% (median year 39) · 4.0s
try  8 · gen  189 · best    832.7 · elite    380.4 · median     32.7 · years  47.9 · road 0.47 · starved  1813 · nobles  -5.1 · read 56.5 · walls  5.9 · fell 89.5% (mother 51.0%) · prince 32.2% · king 17.6% · crowned  8.6% (median year 57) · 4.0s
try  1 · gen  190 · best   1118.8 · elite    570.9 · median    163.1 · years  25.5 · road 0.35 · starved   767 · nobles  +0.4 · read 11.7 · walls  1.0 · fell 85.4% (mother 27.4%) · prince 24.1% · king 19.3% · crowned 14.5% (median year 35) · 3.8s
try  2 · gen  190 · best   1085.2 · elite    639.1 · median    168.3 · years  26.2 · road 0.36 · starved   735 · nobles  +2.6 · read 14.1 · walls  1.0 · fell 80.7% (mother 15.6%) · prince 25.5% · king 22.4% · crowned 19.3% (median year 42) · 3.8s
try  3 · gen  190 · best    921.7 · elite    571.2 · median    165.0 · years  25.0 · road 0.35 · starved   591 · nobles  -0.4 · read 23.9 · walls  1.2 · fell 84.8% (mother 16.6%) · prince 20.3% · king 17.5% · crowned 15.1% (median year 37) · 3.8s
try  4 · gen  190 · best   1095.7 · elite    589.5 · median    157.8 · years  27.4 · road 0.36 · starved   701 · nobles  +0.4 · read 23.5 · walls  1.5 · fell 85.4% (mother 22.5%) · prince 22.9% · king 18.9% · crowned 14.5% (median year 39) · 3.8s
try  5 · gen  190 · best    761.3 · elite    374.1 · median     -6.8 · years  29.2 · road 0.31 · starved   708 · nobles  +0.5 · read 24.9 · walls  2.3 · fell 89.5% (mother 21.1%) · prince 13.3% · king 10.6% · crowned  9.3% (median year 60) · 3.8s
try  6 · gen  190 · best    148.5 · elite     83.0 · median     -7.4 · years  76.4 · road 0.50 · starved  1931 · nobles  -6.0 · read 126.7 · walls  4.9 · fell 59.1% (mother 26.8%) · prince 23.4% · king  2.5% · crowned  0.0% (median year 87) · 3.8s
try  7 · gen  190 · best   1111.6 · elite    682.2 · median    191.6 · years  25.0 · road 0.38 · starved   698 · nobles  +4.7 · read 26.3 · walls  1.9 · fell 80.6% (mother 14.5%) · prince 25.4% · king 22.0% · crowned 19.4% (median year 39) · 3.8s
try  8 · gen  190 · best    707.7 · elite    397.1 · median     45.1 · years  47.4 · road 0.47 · starved  1800 · nobles  -4.8 · read 55.4 · walls  5.8 · fell 89.0% (mother 53.5%) · prince 32.8% · king 18.2% · crowned  9.3% (median year 58) · 3.8s
try  1 · gen  191 · best    949.3 · elite    587.4 · median    157.4 · years  25.2 · road 0.35 · starved   739 · nobles  -0.0 · read 11.7 · walls  1.0 · fell 85.5% (mother 27.7%) · prince 23.9% · king 18.9% · crowned 14.4% (median year 35) · 4.8s
try  2 · gen  191 · best   1103.4 · elite    652.0 · median    165.5 · years  25.9 · road 0.36 · starved   752 · nobles  +2.3 · read 15.1 · walls  1.1 · fell 81.2% (mother 17.7%) · prince 25.4% · king 22.2% · crowned 18.8% (median year 42) · 4.8s
try  3 · gen  191 · best    984.4 · elite    582.6 · median    164.5 · years  25.1 · road 0.35 · starved   535 · nobles  -0.4 · read 23.7 · walls  1.3 · fell 84.6% (mother 16.4%) · prince 20.5% · king 17.9% · crowned 15.3% (median year 37) · 4.8s
try  4 · gen  191 · best    929.0 · elite    584.4 · median    160.2 · years  27.0 · road 0.35 · starved   676 · nobles  +0.7 · read 23.7 · walls  1.4 · fell 85.1% (mother 22.9%) · prince 23.9% · king 19.6% · crowned 14.9% (median year 39) · 4.8s
try  5 · gen  191 · best    802.8 · elite    384.1 · median     -3.6 · years  29.1 · road 0.30 · starved   699 · nobles  +0.4 · read 25.1 · walls  1.7 · fell 89.4% (mother 20.1%) · prince 14.1% · king 11.2% · crowned  9.5% (median year 59) · 4.8s
try  6 · gen  191 · best    192.5 · elite     87.1 · median    -11.7 · years  75.9 · road 0.50 · starved  1935 · nobles  -5.9 · read 126.4 · walls  4.7 · fell 58.6% (mother 27.1%) · prince 22.4% · king  2.4% · crowned  0.0% · 4.8s
try  7 · gen  191 · best   1285.3 · elite    673.9 · median    184.8 · years  24.6 · road 0.38 · starved   682 · nobles  +5.0 · read 26.0 · walls  2.0 · fell 80.5% (mother 15.1%) · prince 25.4% · king 21.9% · crowned 19.5% (median year 39) · 4.8s
try  8 · gen  191 · best    767.0 · elite    408.2 · median     45.7 · years  47.3 · road 0.47 · starved  1797 · nobles  -4.8 · read 53.9 · walls  5.7 · fell 88.9% (mother 54.2%) · prince 32.7% · king 18.8% · crowned  9.5% (median year 58) · 4.8s
try  1 · gen  192 · best    930.9 · elite    585.1 · median    162.2 · years  25.1 · road 0.35 · starved   733 · nobles  +0.0 · read 11.3 · walls  1.1 · fell 85.9% (mother 27.6%) · prince 23.2% · king 18.8% · crowned 14.1% (median year 35) · 3.9s
try  2 · gen  192 · best   1048.4 · elite    638.5 · median    156.6 · years  25.5 · road 0.36 · starved   752 · nobles  +1.9 · read 16.0 · walls  1.0 · fell 81.8% (mother 18.0%) · prince 24.4% · king 21.6% · crowned 18.1% (median year 42) · 3.9s
try  3 · gen  192 · best    950.1 · elite    586.9 · median    162.1 · years  24.9 · road 0.35 · starved   554 · nobles  -0.7 · read 23.7 · walls  1.2 · fell 85.0% (mother 17.8%) · prince 20.5% · king 17.3% · crowned 14.9% (median year 36) · 3.9s
try  4 · gen  192 · best    937.4 · elite    556.3 · median    166.1 · years  27.2 · road 0.35 · starved   675 · nobles  +1.1 · read 24.1 · walls  1.3 · fell 85.1% (mother 21.7%) · prince 22.9% · king 18.9% · crowned 14.9% (median year 39) · 3.9s
try  5 · gen  192 · best    856.8 · elite    382.9 · median     -9.7 · years  28.9 · road 0.30 · starved   833 · nobles  +0.1 · read 25.3 · walls  1.5 · fell 89.4% (mother 20.4%) · prince 13.8% · king 10.6% · crowned  9.3% (median year 58) · 3.9s
try  6 · gen  192 · best    192.1 · elite     84.1 · median    -11.3 · years  76.6 · road 0.50 · starved  1974 · nobles  -6.4 · read 125.6 · walls  4.7 · fell 59.5% (mother 28.4%) · prince 23.1% · king  2.0% · crowned  0.1% (median year 94) · 3.9s
try  7 · gen  192 · best    921.1 · elite    650.1 · median    185.1 · years  24.2 · road 0.38 · starved   691 · nobles  +5.1 · read 25.5 · walls  2.1 · fell 81.3% (mother 17.4%) · prince 24.7% · king 20.9% · crowned 18.6% (median year 38) · 3.9s
try  8 · gen  192 · best    823.9 · elite    401.3 · median     61.7 · years  48.1 · road 0.47 · starved  1781 · nobles  -4.4 · read 54.2 · walls  5.8 · fell 87.9% (mother 52.3%) · prince 34.0% · king 19.5% · crowned 10.1% (median year 59) · 3.9s
try  1 · gen  193 · best    941.9 · elite    591.3 · median    160.4 · years  25.3 · road 0.35 · starved   742 · nobles  -0.1 · read 12.1 · walls  1.1 · fell 85.2% (mother 27.8%) · prince 24.0% · king 19.6% · crowned 14.7% (median year 35) · 3.8s
try  2 · gen  193 · best    889.7 · elite    641.4 · median    166.4 · years  25.5 · road 0.36 · starved   766 · nobles  +1.9 · read 16.5 · walls  1.0 · fell 81.8% (mother 18.3%) · prince 25.1% · king 22.0% · crowned 18.2% (median year 41) · 3.8s
try  3 · gen  193 · best    976.6 · elite    613.1 · median    165.6 · years  24.9 · road 0.35 · starved   538 · nobles  -0.1 · read 23.2 · walls  1.2 · fell 84.2% (mother 16.4%) · prince 21.1% · king 18.2% · crowned 15.7% (median year 36) · 3.8s
try  4 · gen  193 · best   1115.9 · elite    590.9 · median    170.2 · years  27.6 · road 0.36 · starved   689 · nobles  +1.1 · read 24.4 · walls  1.4 · fell 83.8% (mother 22.1%) · prince 24.6% · king 20.7% · crowned 16.2% (median year 39) · 3.8s
try  5 · gen  193 · best    782.2 · elite    410.7 · median    -11.5 · years  28.6 · road 0.30 · starved   715 · nobles  -0.1 · read 25.5 · walls  1.2 · fell 89.7% (mother 21.3%) · prince 13.9% · king 11.4% · crowned  9.3% (median year 60) · 3.8s
try  6 · gen  193 · best    185.2 · elite     85.8 · median    -14.3 · years  76.5 · road 0.49 · starved  1944 · nobles  -5.9 · read 125.1 · walls  4.5 · fell 57.8% (mother 26.7%) · prince 22.0% · king  2.0% · crowned  0.1% (median year 84) · 3.8s
try  7 · gen  193 · best    949.8 · elite    675.7 · median    187.8 · years  24.6 · road 0.38 · starved   675 · nobles  +5.0 · read 25.9 · walls  2.0 · fell 80.6% (mother 16.2%) · prince 25.3% · king 21.8% · crowned 19.4% (median year 38) · 3.8s
try  8 · gen  193 · best    779.1 · elite    402.3 · median     39.5 · years  48.3 · road 0.47 · starved  1793 · nobles  -4.4 · read 53.2 · walls  5.8 · fell 88.4% (mother 53.1%) · prince 33.6% · king 19.4% · crowned  9.6% (median year 60) · 3.8s
try  1 · gen  194 · best    918.4 · elite    576.1 · median    159.1 · years  25.5 · road 0.36 · starved   746 · nobles  -0.4 · read 12.9 · walls  1.2 · fell 85.4% (mother 28.2%) · prince 25.2% · king 20.2% · crowned 14.5% (median year 36) · 4.3s
try  2 · gen  194 · best    887.5 · elite    604.2 · median    160.6 · years  25.0 · road 0.35 · starved   733 · nobles  +1.5 · read 16.9 · walls  0.9 · fell 82.7% (mother 18.5%) · prince 23.9% · king 21.2% · crowned 17.3% (median year 41) · 4.3s
try  3 · gen  194 · best    938.2 · elite    583.8 · median    171.2 · years  24.8 · road 0.34 · starved   545 · nobles  +0.2 · read 22.6 · walls  1.1 · fell 83.9% (mother 15.4%) · prince 21.1% · king 18.5% · crowned 16.0% (median year 35) · 4.3s
try  4 · gen  194 · best   1059.0 · elite    610.7 · median    165.5 · years  26.9 · road 0.36 · starved   671 · nobles  +0.6 · read 23.4 · walls  1.3 · fell 84.9% (mother 22.8%) · prince 23.8% · king 19.6% · crowned 15.1% (median year 39) · 4.3s
try  5 · gen  194 · best    824.4 · elite    389.3 · median    -10.2 · years  28.2 · road 0.30 · starved   673 · nobles  -0.0 · read 25.2 · walls  1.0 · fell 89.6% (mother 22.3%) · prince 13.4% · king 10.8% · crowned  9.5% (median year 60) · 4.3s
try  6 · gen  194 · best    147.9 · elite     79.8 · median    -10.6 · years  77.6 · road 0.49 · starved  1951 · nobles  -6.3 · read 127.0 · walls  4.5 · fell 56.6% (mother 28.2%) · prince 21.8% · king  1.4% · crowned  0.0% · 4.3s
try  7 · gen  194 · best    909.6 · elite    686.7 · median    188.6 · years  24.7 · road 0.38 · starved   688 · nobles  +5.0 · read 25.8 · walls  2.1 · fell 81.1% (mother 15.8%) · prince 25.0% · king 21.2% · crowned 18.9% (median year 38) · 4.3s
try  8 · gen  194 · best    694.8 · elite    371.5 · median     46.9 · years  48.3 · road 0.46 · starved  1809 · nobles  -4.3 · read 53.8 · walls  5.9 · fell 88.3% (mother 52.2%) · prince 33.3% · king 19.1% · crowned  9.2% (median year 60) · 4.3s
try  1 · gen  195 · best   1045.1 · elite    565.6 · median    165.2 · years  25.7 · road 0.36 · starved   747 · nobles  +0.0 · read 13.1 · walls  1.3 · fell 85.1% (mother 25.8%) · prince 24.7% · king 19.9% · crowned 14.8% (median year 36) · 3.7s
try  2 · gen  195 · best    977.2 · elite    604.7 · median    156.9 · years  25.7 · road 0.35 · starved   800 · nobles  +1.4 · read 18.6 · walls  0.9 · fell 82.7% (mother 19.0%) · prince 24.7% · king 21.1% · crowned 17.3% (median year 43) · 3.7s
try  3 · gen  195 · best   1102.9 · elite    616.8 · median    171.2 · years  24.7 · road 0.34 · starved   505 · nobles  +0.2 · read 22.0 · walls  1.1 · fell 83.7% (mother 13.7%) · prince 20.9% · king 18.4% · crowned 16.2% (median year 36) · 3.7s
try  4 · gen  195 · best    885.2 · elite    586.9 · median    167.7 · years  27.4 · road 0.36 · starved   673 · nobles  +1.0 · read 24.0 · walls  1.3 · fell 84.2% (mother 22.5%) · prince 23.6% · king 20.0% · crowned 15.8% (median year 38) · 3.7s
try  5 · gen  195 · best    785.7 · elite    398.0 · median     -8.9 · years  28.0 · road 0.29 · starved   640 · nobles  -0.2 · read 24.2 · walls  1.1 · fell 89.3% (mother 21.5%) · prince 13.5% · king 11.2% · crowned  9.6% (median year 58) · 3.7s
try  6 · gen  195 · best    126.1 · elite     77.5 · median    -13.8 · years  77.0 · road 0.49 · starved  1922 · nobles  -6.3 · read 125.3 · walls  4.4 · fell 55.5% (mother 27.4%) · prince 19.7% · king  1.2% · crowned  0.0% (median year 94) · 3.7s
try  7 · gen  195 · best   1103.6 · elite    689.2 · median    192.0 · years  24.7 · road 0.38 · starved   684 · nobles  +5.7 · read 25.5 · walls  2.1 · fell 79.7% (mother 14.3%) · prince 26.0% · king 22.6% · crowned 20.3% (median year 38) · 3.7s
try  8 · gen  195 · best    648.0 · elite    377.1 · median     45.4 · years  48.7 · road 0.46 · starved  1842 · nobles  -3.7 · read 54.8 · walls  5.9 · fell 88.3% (mother 53.1%) · prince 33.3% · king 18.8% · crowned  9.4% (median year 63) · 3.7s
try  1 · gen  196 · best    916.7 · elite    572.6 · median    155.4 · years  25.1 · road 0.36 · starved   735 · nobles  -0.6 · read 13.2 · walls  1.3 · fell 85.8% (mother 28.6%) · prince 24.8% · king 19.5% · crowned 14.1% (median year 36) · 3.9s
try  2 · gen  196 · best    924.1 · elite    615.6 · median    159.0 · years  25.9 · road 0.36 · starved   790 · nobles  +1.6 · read 19.3 · walls  0.8 · fell 82.2% (mother 18.0%) · prince 24.9% · king 21.8% · crowned 17.8% (median year 43) · 3.9s
try  3 · gen  196 · best   1125.2 · elite    584.2 · median    161.6 · years  24.2 · road 0.34 · starved   529 · nobles  -0.2 · read 21.4 · walls  1.2 · fell 84.8% (mother 16.5%) · prince 20.6% · king 17.6% · crowned 15.2% (median year 35) · 3.9s
try  4 · gen  196 · best    927.3 · elite    605.1 · median    169.2 · years  27.1 · road 0.35 · starved   615 · nobles  +1.3 · read 24.0 · walls  1.2 · fell 84.1% (mother 21.4%) · prince 23.6% · king 19.9% · crowned 15.9% (median year 39) · 3.9s
try  5 · gen  196 · best    708.4 · elite    391.0 · median     -4.0 · years  28.1 · road 0.29 · starved   642 · nobles  -0.1 · read 24.2 · walls  1.1 · fell 89.2% (mother 20.9%) · prince 13.4% · king 11.2% · crowned  9.8% (median year 59) · 3.9s
try  6 · gen  196 · best    139.1 · elite     80.9 · median     -7.3 · years  78.2 · road 0.49 · starved  1920 · nobles  -6.2 · read 127.7 · walls  4.4 · fell 53.7% (mother 27.2%) · prince 20.5% · king  1.3% · crowned  0.0% (median year 53) · 3.9s
try  7 · gen  196 · best   1148.6 · elite    694.4 · median    181.3 · years  23.9 · road 0.38 · starved   708 · nobles  +5.1 · read 24.6 · walls  2.0 · fell 80.8% (mother 16.0%) · prince 25.2% · king 21.6% · crowned 19.2% (median year 38) · 3.9s
try  8 · gen  196 · best    706.2 · elite    369.5 · median     41.3 · years  48.3 · road 0.46 · starved  1790 · nobles  -3.5 · read 55.2 · walls  5.8 · fell 87.9% (mother 52.1%) · prince 31.9% · king 18.4% · crowned  9.4% (median year 64) · 3.9s
try  1 · gen  197 · best   1163.2 · elite    589.0 · median    160.4 · years  25.0 · road 0.36 · starved   732 · nobles  -0.7 · read 12.9 · walls  1.3 · fell 85.8% (mother 28.3%) · prince 24.3% · king 19.8% · crowned 14.2% (median year 35) · 3.8s
try  2 · gen  197 · best   1101.3 · elite    612.3 · median    157.5 · years  25.5 · road 0.35 · starved   812 · nobles  +1.6 · read 18.2 · walls  0.8 · fell 82.4% (mother 19.0%) · prince 25.1% · king 21.9% · crowned 17.5% (median year 42) · 3.8s
try  3 · gen  197 · best    916.3 · elite    588.1 · median    169.4 · years  24.9 · road 0.35 · starved   557 · nobles  +0.2 · read 22.1 · walls  1.3 · fell 84.1% (mother 15.8%) · prince 21.2% · king 18.0% · crowned 15.8% (median year 36) · 3.8s
try  4 · gen  197 · best    900.3 · elite    590.7 · median    174.4 · years  27.3 · road 0.35 · starved   642 · nobles  +1.4 · read 24.1 · walls  1.1 · fell 83.6% (mother 20.6%) · prince 24.2% · king 20.5% · crowned 16.4% (median year 39) · 3.8s
try  5 · gen  197 · best    760.3 · elite    391.1 · median     -9.9 · years  27.6 · road 0.29 · starved   603 · nobles  -0.3 · read 23.1 · walls  1.0 · fell 89.4% (mother 22.1%) · prince 13.4% · king 11.0% · crowned  9.6% (median year 58) · 3.8s
try  6 · gen  197 · best    214.8 · elite     81.8 · median    -13.3 · years  76.8 · road 0.48 · starved  1889 · nobles  -6.1 · read 124.5 · walls  4.3 · fell 54.8% (mother 25.8%) · prince 18.9% · king  1.0% · crowned  0.0% (median year 79) · 3.8s
try  7 · gen  197 · best   1118.9 · elite    695.1 · median    178.3 · years  24.3 · road 0.38 · starved   674 · nobles  +5.4 · read 24.9 · walls  2.0 · fell 80.5% (mother 14.5%) · prince 24.9% · king 21.2% · crowned 19.5% (median year 39) · 3.8s
try  8 · gen  197 · best    612.1 · elite    360.8 · median     34.7 · years  49.0 · road 0.46 · starved  1815 · nobles  -3.9 · read 55.8 · walls  5.8 · fell 88.5% (mother 52.8%) · prince 32.2% · king 17.9% · crowned  9.1% (median year 64) · 3.8s
try  1 · gen  198 · best    950.0 · elite    611.4 · median    162.1 · years  25.1 · road 0.36 · starved   733 · nobles  -1.0 · read 12.3 · walls  1.4 · fell 85.2% (mother 29.9%) · prince 25.5% · king 20.5% · crowned 14.7% (median year 34) · 4.9s
try  2 · gen  198 · best   1117.0 · elite    600.5 · median    153.7 · years  24.9 · road 0.35 · starved   777 · nobles  +1.3 · read 18.0 · walls  0.7 · fell 82.9% (mother 18.1%) · prince 23.8% · king 21.2% · crowned 17.1% (median year 42) · 4.9s
try  3 · gen  198 · best   1154.0 · elite    589.1 · median    169.7 · years  24.8 · road 0.35 · starved   560 · nobles  +0.3 · read 21.7 · walls  1.4 · fell 84.3% (mother 15.8%) · prince 21.1% · king 17.8% · crowned 15.7% (median year 35) · 4.9s
try  4 · gen  198 · best   1096.9 · elite    593.7 · median    169.0 · years  27.5 · road 0.36 · starved   651 · nobles  +1.5 · read 24.4 · walls  1.1 · fell 84.0% (mother 21.4%) · prince 24.0% · king 19.9% · crowned 16.0% (median year 39) · 4.9s
try  5 · gen  198 · best    859.4 · elite    427.9 · median      3.6 · years  28.0 · road 0.29 · starved   648 · nobles  +0.0 · read 23.4 · walls  1.1 · fell 88.6% (mother 21.1%) · prince 13.7% · king 11.6% · crowned 10.4% (median year 58) · 4.9s
try  6 · gen  198 · best    129.2 · elite     80.8 · median    -11.4 · years  78.2 · road 0.49 · starved  1927 · nobles  -6.4 · read 127.1 · walls  4.4 · fell 54.3% (mother 27.0%) · prince 20.2% · king  1.3% · crowned  0.0% · 4.9s
try  7 · gen  198 · best   1120.7 · elite    707.4 · median    184.3 · years  23.8 · road 0.38 · starved   681 · nobles  +5.1 · read 24.3 · walls  2.0 · fell 80.0% (mother 16.9%) · prince 25.4% · king 22.0% · crowned 20.0% (median year 37) · 4.9s
try  8 · gen  198 · best    770.0 · elite    382.7 · median     46.3 · years  49.7 · road 0.46 · starved  1848 · nobles  -3.6 · read 56.6 · walls  5.8 · fell 87.6% (mother 51.6%) · prince 32.6% · king 19.3% · crowned  9.9% (median year 64) · 4.9s
try  1 · gen  199 · best    938.1 · elite    600.0 · median    170.9 · years  24.8 · road 0.36 · starved   707 · nobles  -0.7 · read 11.6 · walls  1.3 · fell 84.8% (mother 27.2%) · prince 25.2% · king 21.1% · crowned 15.1% (median year 34) · 3.8s
try  2 · gen  199 · best   1041.1 · elite    632.6 · median    154.8 · years  24.7 · road 0.35 · starved   761 · nobles  +1.6 · read 17.0 · walls  0.7 · fell 82.1% (mother 17.9%) · prince 24.9% · king 22.0% · crowned 17.9% (median year 41) · 3.8s
try  3 · gen  199 · best    940.2 · elite    597.3 · median    165.2 · years  24.5 · road 0.34 · starved   557 · nobles  +0.2 · read 21.7 · walls  1.3 · fell 84.6% (mother 16.5%) · prince 21.1% · king 17.6% · crowned 15.3% (median year 35) · 3.8s
try  4 · gen  199 · best   1104.4 · elite    595.4 · median    171.1 · years  26.9 · road 0.35 · starved   625 · nobles  +1.6 · read 23.4 · walls  1.0 · fell 83.5% (mother 20.2%) · prince 24.4% · king 20.1% · crowned 16.5% (median year 39) · 3.8s
try  5 · gen  199 · best    800.5 · elite    407.0 · median     30.0 · years  27.4 · road 0.29 · starved   599 · nobles  +0.4 · read 22.8 · walls  1.0 · fell 88.8% (mother 22.5%) · prince 13.8% · king 11.6% · crowned 10.6% (median year 57) · 3.8s
try  6 · gen  199 · best    224.6 · elite     84.8 · median    -10.1 · years  78.3 · road 0.48 · starved  1905 · nobles  -5.9 · read 128.5 · walls  4.4 · fell 51.8% (mother 24.1%) · prince 18.5% · king  1.2% · crowned  0.0% (median year 73) · 3.8s
try  7 · gen  199 · best   1110.6 · elite    691.5 · median    189.6 · years  23.5 · road 0.38 · starved   688 · nobles  +4.5 · read 24.1 · walls  1.9 · fell 80.2% (mother 16.5%) · prince 25.0% · king 21.8% · crowned 19.7% (median year 37) · 3.8s
try  8 · gen  199 · best    706.4 · elite    371.5 · median     51.1 · years  49.3 · road 0.46 · starved  1863 · nobles  -3.4 · read 56.7 · walls  5.9 · fell 87.6% (mother 52.4%) · prince 33.0% · king 19.3% · crowned 10.2% (median year 64) · 3.8s
try  1 · gen  200 · best   1283.6 · elite    623.0 · median    171.6 · years  24.9 · road 0.36 · starved   697 · nobles  -0.6 · read 11.8 · walls  1.3 · fell 84.1% (mother 26.9%) · prince 25.9% · king 21.8% · crowned 15.9% (median year 36) · 3.9s
try  2 · gen  200 · best    996.6 · elite    640.3 · median    164.0 · years  24.6 · road 0.35 · starved   733 · nobles  +2.0 · read 16.0 · walls  0.7 · fell 81.4% (mother 17.4%) · prince 25.1% · king 22.3% · crowned 18.6% (median year 41) · 3.9s
try  3 · gen  200 · best   1178.2 · elite    599.6 · median    167.2 · years  24.4 · road 0.34 · starved   507 · nobles  +0.7 · read 21.8 · walls  1.3 · fell 84.0% (mother 14.9%) · prince 20.8% · king 18.0% · crowned 15.9% (median year 36) · 3.9s
try  4 · gen  200 · best    977.8 · elite    607.8 · median    171.6 · years  27.2 · road 0.35 · starved   651 · nobles  +1.8 · read 23.8 · walls  1.1 · fell 83.6% (mother 20.3%) · prince 24.9% · king 20.7% · crowned 16.4% (median year 40) · 3.9s
try  5 · gen  200 · best    817.7 · elite    400.6 · median     -7.5 · years  26.9 · road 0.29 · starved   615 · nobles  +0.5 · read 22.6 · walls  1.1 · fell 89.4% (mother 23.6%) · prince 12.9% · king 10.9% · crowned 10.0% (median year 57) · 3.9s
try  6 · gen  200 · best    210.5 · elite     75.8 · median    -14.3 · years  78.6 · road 0.48 · starved  1932 · nobles  -6.0 · read 129.0 · walls  4.2 · fell 51.0% (mother 24.6%) · prince 16.7% · king  1.1% · crowned  0.0% (median year 69) · 3.9s
try  7 · gen  200 · best   1146.7 · elite    706.7 · median    193.3 · years  23.8 · road 0.39 · starved   675 · nobles  +4.8 · read 24.4 · walls  2.0 · fell 79.6% (mother 14.3%) · prince 26.0% · king 22.8% · crowned 20.4% (median year 37) · 3.9s
try  8 · gen  200 · best    745.7 · elite    423.8 · median     77.5 · years  50.3 · road 0.47 · starved  1857 · nobles  -2.8 · read 57.0 · walls  6.1 · fell 85.8% (mother 52.4%) · prince 34.7% · king 20.2% · crowned 11.5% (median year 63) · 3.9s
try  1 · gen  201 · best   1129.9 · elite    656.0 · median    181.9 · years  24.9 · road 0.36 · starved   674 · nobles  +0.2 · read 10.9 · walls  1.2 · fell 82.8% (mother 24.8%) · prince 27.7% · king 23.4% · crowned 17.2% (median year 35) · 3.8s
try  2 · gen  201 · best   1057.6 · elite    663.4 · median    167.1 · years  25.1 · road 0.36 · starved   740 · nobles  +2.3 · read 16.4 · walls  0.7 · fell 80.6% (mother 16.7%) · prince 25.7% · king 23.0% · crowned 19.4% (median year 40) · 3.8s
try  3 · gen  201 · best    913.2 · elite    588.6 · median    168.3 · years  24.6 · road 0.34 · starved   539 · nobles  +0.7 · read 21.9 · walls  1.3 · fell 83.9% (mother 15.1%) · prince 21.1% · king 18.2% · crowned 16.0% (median year 36) · 3.8s
try  4 · gen  201 · best   1099.3 · elite    621.0 · median    170.3 · years  27.2 · road 0.36 · starved   632 · nobles  +1.6 · read 23.9 · walls  1.1 · fell 83.0% (mother 20.4%) · prince 24.9% · king 20.7% · crowned 16.9% (median year 39) · 3.8s
try  5 · gen  201 · best    771.1 · elite    420.8 · median     -0.6 · years  26.8 · road 0.29 · starved   622 · nobles  +0.6 · read 22.3 · walls  1.1 · fell 89.0% (mother 23.2%) · prince 13.5% · king 11.6% · crowned 10.4% (median year 56) · 3.8s
try  6 · gen  201 · best    133.7 · elite     72.2 · median    -15.8 · years  77.1 · road 0.48 · starved  1918 · nobles  -6.2 · read 125.4 · walls  4.2 · fell 53.4% (mother 25.1%) · prince 16.4% · king  1.0% · crowned  0.0% (median year 71) · 3.8s
try  7 · gen  201 · best    939.5 · elite    692.4 · median    198.8 · years  23.7 · road 0.39 · starved   680 · nobles  +4.3 · read 24.3 · walls  2.0 · fell 79.9% (mother 15.3%) · prince 25.5% · king 22.7% · crowned 20.1% (median year 36) · 3.8s
try  8 · gen  201 · best    748.9 · elite    426.2 · median     75.5 · years  49.1 · road 0.46 · starved  1844 · nobles  -2.6 · read 56.2 · walls  5.8 · fell 86.0% (mother 52.1%) · prince 35.1% · king 20.2% · crowned 11.7% (median year 62) · 3.8s
try  1 · gen  202 · best   1144.5 · elite    607.9 · median    175.4 · years  25.0 · road 0.36 · starved   708 · nobles  -0.4 · read 10.4 · walls  1.1 · fell 83.7% (mother 27.4%) · prince 27.6% · king 22.7% · crowned 16.3% (median year 36) · 4.9s
try  2 · gen  202 · best   1099.4 · elite    650.9 · median    166.9 · years  24.2 · road 0.35 · starved   717 · nobles  +2.0 · read 16.3 · walls  0.7 · fell 81.3% (mother 16.8%) · prince 25.0% · king 22.2% · crowned 18.6% (median year 40) · 4.9s
try  3 · gen  202 · best    950.8 · elite    583.3 · median    169.9 · years  24.7 · road 0.34 · starved   506 · nobles  +0.9 · read 22.0 · walls  1.3 · fell 84.0% (mother 13.9%) · prince 20.8% · king 18.3% · crowned 15.9% (median year 36) · 4.9s
try  4 · gen  202 · best   1127.1 · elite    590.5 · median    173.9 · years  26.9 · road 0.36 · starved   628 · nobles  +1.3 · read 23.6 · walls  1.1 · fell 83.9% (mother 20.6%) · prince 23.9% · king 20.2% · crowned 16.1% (median year 39) · 4.9s
try  5 · gen  202 · best    746.1 · elite    424.3 · median     35.1 · years  27.5 · road 0.29 · starved   637 · nobles  +0.7 · read 22.6 · walls  1.1 · fell 88.2% (mother 21.4%) · prince 14.1% · king 12.1% · crowned 11.1% (median year 57) · 4.9s
try  6 · gen  202 · best    158.2 · elite     73.1 · median    -16.9 · years  76.7 · road 0.47 · starved  1903 · nobles  -6.1 · read 124.5 · walls  4.1 · fell 52.2% (mother 24.2%) · prince 15.2% · king  1.0% · crowned  0.1% (median year 60) · 4.9s
try  7 · gen  202 · best   1161.1 · elite    690.0 · median    192.9 · years  23.7 · road 0.39 · starved   636 · nobles  +4.3 · read 24.2 · walls  1.9 · fell 80.2% (mother 13.2%) · prince 25.1% · king 22.0% · crowned 19.8% (median year 37) · 4.9s
try  8 · gen  202 · best    795.2 · elite    443.9 · median     72.2 · years  49.0 · road 0.46 · starved  1891 · nobles  -2.8 · read 56.3 · walls  5.7 · fell 86.2% (mother 52.7%) · prince 34.3% · king 20.6% · crowned 11.7% (median year 60) · 4.9s
try  1 · gen  203 · best   1112.1 · elite    633.9 · median    172.2 · years  24.6 · road 0.36 · starved   698 · nobles  -0.3 · read 10.0 · walls  1.1 · fell 83.9% (mother 26.7%) · prince 26.7% · king 22.0% · crowned 16.1% (median year 35) · 3.8s
try  2 · gen  203 · best   1050.3 · elite    657.1 · median    172.3 · years  24.8 · road 0.36 · starved   723 · nobles  +2.7 · read 17.0 · walls  0.8 · fell 80.6% (mother 16.6%) · prince 25.8% · king 22.7% · crowned 19.4% (median year 41) · 3.8s
try  3 · gen  203 · best    952.7 · elite    615.2 · median    172.2 · years  24.9 · road 0.34 · starved   516 · nobles  +0.9 · read 22.1 · walls  1.3 · fell 83.6% (mother 15.1%) · prince 21.6% · king 18.6% · crowned 16.3% (median year 36) · 3.8s
try  4 · gen  203 · best    897.8 · elite    642.0 · median    171.4 · years  27.0 · road 0.36 · starved   624 · nobles  +1.4 · read 23.5 · walls  1.1 · fell 83.3% (mother 20.5%) · prince 24.3% · king 20.9% · crowned 16.7% (median year 39) · 3.8s
try  5 · gen  203 · best    639.9 · elite    422.8 · median     15.7 · years  27.7 · road 0.29 · starved   656 · nobles  +0.6 · read 22.9 · walls  1.0 · fell 88.5% (mother 21.4%) · prince 13.7% · king 11.8% · crowned 10.6% (median year 58) · 3.8s
try  6 · gen  203 · best    233.5 · elite     78.8 · median    -14.3 · years  77.0 · road 0.47 · starved  1903 · nobles  -6.3 · read 124.4 · walls  4.1 · fell 51.8% (mother 24.2%) · prince 14.6% · king  1.2% · crowned  0.1% (median year 71) · 3.8s
try  7 · gen  203 · best   1166.7 · elite    676.8 · median    193.2 · years  23.5 · road 0.39 · starved   636 · nobles  +4.5 · read 24.1 · walls  1.9 · fell 80.3% (mother 14.4%) · prince 24.7% · king 22.1% · crowned 19.6% (median year 37) · 3.8s
try  8 · gen  203 · best    799.1 · elite    448.0 · median     91.8 · years  46.4 · road 0.45 · starved  1793 · nobles  -2.0 · read 53.2 · walls  5.4 · fell 86.5% (mother 51.2%) · prince 34.3% · king 20.9% · crowned 12.2% (median year 59) · 3.8s
try  1 · gen  204 · best   1097.3 · elite    603.4 · median    177.5 · years  24.3 · road 0.35 · starved   690 · nobles  -0.3 · read 10.3 · walls  1.0 · fell 84.2% (mother 27.1%) · prince 26.6% · king 21.9% · crowned 15.8% (median year 35) · 3.9s
try  2 · gen  204 · best   1127.6 · elite    678.1 · median    168.4 · years  24.6 · road 0.36 · starved   708 · nobles  +2.7 · read 17.7 · walls  0.8 · fell 80.6% (mother 16.5%) · prince 25.2% · king 22.3% · crowned 19.4% (median year 40) · 3.9s
try  3 · gen  204 · best   1026.3 · elite    605.5 · median    173.7 · years  25.1 · road 0.35 · starved   543 · nobles  +0.8 · read 22.3 · walls  1.3 · fell 83.5% (mother 15.1%) · prince 22.2% · king 19.3% · crowned 16.4% (median year 36) · 3.9s
try  4 · gen  204 · best   1146.4 · elite    597.4 · median    171.2 · years  27.1 · road 0.36 · starved   621 · nobles  +1.3 · read 24.1 · walls  1.1 · fell 83.6% (mother 20.5%) · prince 24.3% · king 20.6% · crowned 16.4% (median year 39) · 3.9s
try  5 · gen  204 · best    831.6 · elite    444.4 · median      9.9 · years  27.0 · road 0.29 · starved   605 · nobles  +0.6 · read 22.3 · walls  0.9 · fell 88.5% (mother 21.4%) · prince 13.7% · king 11.9% · crowned 10.8% (median year 56) · 3.9s
try  6 · gen  204 · best    248.0 · elite     89.2 · median    -12.9 · years  77.5 · road 0.48 · starved  1936 · nobles  -6.4 · read 125.6 · walls  4.2 · fell 53.7% (mother 26.6%) · prince 18.4% · king  1.5% · crowned  0.2% (median year 74) · 3.9s
try  7 · gen  204 · best   1042.3 · elite    677.7 · median    192.8 · years  23.7 · road 0.39 · starved   614 · nobles  +4.7 · read 24.5 · walls  1.9 · fell 80.2% (mother 13.1%) · prince 24.8% · king 22.0% · crowned 19.8% (median year 37) · 3.9s
try  8 · gen  204 · best    770.0 · elite    452.1 · median     85.5 · years  47.0 · road 0.46 · starved  1830 · nobles  -2.3 · read 53.5 · walls  5.5 · fell 86.6% (mother 50.0%) · prince 35.0% · king 20.4% · crowned 12.1% (median year 57) · 3.9s
try  1 · gen  205 · best   1336.4 · elite    643.1 · median    167.2 · years  24.4 · road 0.35 · starved   694 · nobles  -0.3 · read 10.5 · walls  1.0 · fell 84.1% (mother 27.2%) · prince 26.4% · king 21.7% · crowned 15.9% (median year 36) · 3.7s
try  2 · gen  205 · best    894.8 · elite    659.8 · median    169.7 · years  24.6 · road 0.36 · starved   705 · nobles  +2.8 · read 19.4 · walls  0.8 · fell 80.1% (mother 17.6%) · prince 25.4% · king 23.1% · crowned 19.9% (median year 41) · 3.7s
try  3 · gen  205 · best    942.5 · elite    591.5 · median    174.5 · years  25.0 · road 0.35 · starved   528 · nobles  +0.6 · read 22.0 · walls  1.4 · fell 83.2% (mother 14.3%) · prince 22.1% · king 19.2% · crowned 16.7% (median year 36) · 3.7s
try  4 · gen  205 · best    974.4 · elite    603.5 · median    176.3 · years  26.8 · road 0.36 · starved   646 · nobles  +1.5 · read 23.3 · walls  1.0 · fell 83.8% (mother 21.2%) · prince 25.0% · king 21.1% · crowned 16.2% (median year 39) · 3.7s
try  5 · gen  205 · best    750.2 · elite    433.3 · median     25.9 · years  27.0 · road 0.29 · starved   661 · nobles  +0.5 · read 22.3 · walls  0.7 · fell 88.6% (mother 21.2%) · prince 14.2% · king 12.1% · crowned 10.9% (median year 55) · 3.7s
try  6 · gen  205 · best    333.8 · elite     94.2 · median     -6.8 · years  75.9 · road 0.48 · starved  1953 · nobles  -6.2 · read 120.8 · walls  4.1 · fell 55.8% (mother 26.8%) · prince 20.2% · king  2.3% · crowned  0.3% (median year 70) · 3.7s
try  7 · gen  205 · best   1101.4 · elite    701.8 · median    194.8 · years  23.6 · road 0.39 · starved   618 · nobles  +4.6 · read 24.8 · walls  1.9 · fell 79.5% (mother 13.0%) · prince 25.0% · king 22.5% · crowned 20.5% (median year 37) · 3.7s
try  8 · gen  205 · best    941.9 · elite    447.4 · median     79.2 · years  47.1 · road 0.45 · starved  1817 · nobles  -2.1 · read 53.4 · walls  5.2 · fell 86.2% (mother 50.4%) · prince 34.0% · king 20.1% · crowned 12.2% (median year 59) · 3.7s
try  1 · gen  206 · best   1100.3 · elite    632.8 · median    174.9 · years  24.1 · road 0.35 · starved   694 · nobles  -0.5 · read 11.1 · walls  1.0 · fell 83.6% (mother 26.9%) · prince 26.2% · king 22.0% · crowned 16.4% (median year 35) · 4.5s
try  2 · gen  206 · best   1060.0 · elite    667.4 · median    171.4 · years  24.6 · road 0.36 · starved   663 · nobles  +3.2 · read 20.2 · walls  0.8 · fell 79.5% (mother 15.2%) · prince 25.8% · king 23.2% · crowned 20.5% (median year 41) · 4.5s
try  3 · gen  206 · best    913.1 · elite    605.2 · median    169.6 · years  25.2 · road 0.35 · starved   545 · nobles  +0.1 · read 22.2 · walls  1.5 · fell 83.5% (mother 15.3%) · prince 21.7% · king 19.0% · crowned 16.4% (median year 36) · 4.5s
try  4 · gen  206 · best    959.3 · elite    614.3 · median    176.4 · years  26.5 · road 0.36 · starved   614 · nobles  +1.2 · read 22.3 · walls  1.0 · fell 83.9% (mother 21.2%) · prince 24.8% · king 20.7% · crowned 16.1% (median year 38) · 4.5s
try  5 · gen  206 · best    840.7 · elite    434.8 · median     60.1 · years  26.8 · road 0.29 · starved   619 · nobles  +0.9 · read 21.5 · walls  0.5 · fell 88.1% (mother 20.7%) · prince 14.9% · king 12.6% · crowned 11.3% (median year 53) · 4.5s
try  6 · gen  206 · best    375.9 · elite    132.8 · median     -4.0 · years  76.0 · road 0.49 · starved  2012 · nobles  -6.6 · read 120.8 · walls  4.1 · fell 58.1% (mother 29.9%) · prince 22.2% · king  3.3% · crowned  0.8% (median year 64) · 4.5s
try  7 · gen  206 · best   1124.7 · elite    705.2 · median    189.4 · years  23.4 · road 0.39 · starved   636 · nobles  +4.3 · read 24.5 · walls  1.9 · fell 80.5% (mother 14.4%) · prince 24.1% · king 21.3% · crowned 19.5% (median year 36) · 4.5s
try  8 · gen  206 · best    932.9 · elite    423.8 · median     68.9 · years  47.1 · road 0.45 · starved  1855 · nobles  -2.6 · read 53.7 · walls  5.2 · fell 87.6% (mother 52.6%) · prince 34.5% · king 19.7% · crowned 11.2% (median year 58) · 4.5s
try  1 · gen  207 · best    990.8 · elite    665.3 · median    178.1 · years  24.4 · road 0.36 · starved   689 · nobles  +0.1 · read 11.9 · walls  1.2 · fell 83.0% (mother 25.5%) · prince 27.2% · king 22.6% · crowned 17.0% (median year 36) · 3.8s
try  2 · gen  207 · best   1066.8 · elite    699.1 · median    179.1 · years  24.6 · road 0.36 · starved   659 · nobles  +3.7 · read 21.5 · walls  0.9 · fell 78.7% (mother 15.1%) · prince 26.3% · king 24.3% · crowned 21.3% (median year 41) · 3.8s
try  3 · gen  207 · best    969.2 · elite    601.6 · median    174.3 · years  25.0 · road 0.35 · starved   538 · nobles  +0.1 · read 22.2 · walls  1.6 · fell 83.7% (mother 15.6%) · prince 21.7% · king 19.1% · crowned 16.2% (median year 37) · 3.8s
try  4 · gen  207 · best    893.7 · elite    593.6 · median    167.7 · years  26.1 · road 0.36 · starved   649 · nobles  +0.5 · read 21.7 · walls  1.1 · fell 85.1% (mother 22.5%) · prince 23.5% · king 19.1% · crowned 14.9% (median year 38) · 3.8s
try  5 · gen  207 · best    801.9 · elite    430.3 · median     65.7 · years  26.8 · road 0.29 · starved   638 · nobles  +0.7 · read 21.3 · walls  0.5 · fell 88.1% (mother 21.6%) · prince 14.8% · king 12.7% · crowned 11.2% (median year 53) · 3.8s
try  6 · gen  207 · best    432.3 · elite    190.2 · median     -8.5 · years  69.5 · road 0.49 · starved  2157 · nobles  -6.6 · read 105.3 · walls  4.1 · fell 71.3% (mother 38.2%) · prince 27.0% · king  7.4% · crowned  1.9% (median year 60) · 3.8s
try  7 · gen  207 · best    918.5 · elite    671.4 · median    187.7 · years  23.7 · road 0.38 · starved   627 · nobles  +4.9 · read 24.9 · walls  1.8 · fell 80.4% (mother 12.7%) · prince 23.8% · king 21.4% · crowned 19.6% (median year 37) · 3.8s
try  8 · gen  207 · best    675.8 · elite    388.9 · median     58.1 · years  46.8 · road 0.45 · starved  1835 · nobles  -2.4 · read 52.8 · walls  5.1 · fell 87.8% (mother 53.9%) · prince 33.0% · king 18.3% · crowned 10.5% (median year 59) · 3.8s
try  1 · gen  208 · best    932.4 · elite    648.4 · median    176.5 · years  24.7 · road 0.36 · starved   712 · nobles  +0.4 · read 12.0 · walls  1.2 · fell 82.8% (mother 25.1%) · prince 26.8% · king 22.3% · crowned 17.2% (median year 37) · 3.6s
try  2 · gen  208 · best   1041.1 · elite    687.2 · median    188.4 · years  24.5 · road 0.37 · starved   673 · nobles  +3.9 · read 22.2 · walls  0.9 · fell 78.4% (mother 14.6%) · prince 26.6% · king 24.5% · crowned 21.6% (median year 40) · 3.6s
try  3 · gen  208 · best    891.5 · elite    642.6 · median    167.1 · years  25.2 · road 0.35 · starved   521 · nobles  -0.1 · read 22.5 · walls  1.7 · fell 82.9% (mother 15.2%) · prince 22.3% · king 19.6% · crowned 17.0% (median year 37) · 3.6s
try  4 · gen  208 · best   1066.8 · elite    576.8 · median    175.0 · years  26.0 · road 0.36 · starved   655 · nobles  +0.5 · read 21.2 · walls  1.1 · fell 84.3% (mother 21.3%) · prince 24.5% · king 20.3% · crowned 15.6% (median year 38) · 3.6s
try  5 · gen  208 · best    828.5 · elite    448.7 · median    104.7 · years  26.4 · road 0.29 · starved   609 · nobles  +1.3 · read 21.0 · walls  0.5 · fell 87.6% (mother 21.5%) · prince 14.9% · king 13.1% · crowned 12.0% (median year 53) · 3.6s
try  6 · gen  208 · best    587.9 · elite    259.2 · median     -9.9 · years  61.7 · road 0.47 · starved  2331 · nobles  -5.5 · read 92.4 · walls  4.0 · fell 83.2% (mother 46.7%) · prince 29.9% · king 13.8% · crowned  4.3% (median year 61) · 3.6s
try  7 · gen  208 · best   1103.1 · elite    691.1 · median    187.8 · years  23.2 · road 0.38 · starved   597 · nobles  +5.0 · read 24.5 · walls  1.9 · fell 80.4% (mother 13.0%) · prince 23.8% · king 21.4% · crowned 19.5% (median year 37) · 3.6s
try  8 · gen  208 · best    767.4 · elite    408.1 · median     51.1 · years  46.9 · road 0.45 · starved  1877 · nobles  -2.7 · read 52.7 · walls  5.2 · fell 88.1% (mother 53.7%) · prince 32.9% · king 19.0% · crowned 10.6% (median year 59) · 3.6s
try  1 · gen  209 · best   1120.4 · elite    675.7 · median    185.2 · years  25.4 · road 0.36 · starved   713 · nobles  +1.3 · read 12.2 · walls  1.2 · fell 81.4% (mother 22.8%) · prince 28.5% · king 23.9% · crowned 18.5% (median year 37) · 3.9s
try  2 · gen  209 · best   1018.5 · elite    680.5 · median    182.4 · years  24.0 · road 0.36 · starved   623 · nobles  +4.0 · read 21.5 · walls  0.9 · fell 79.0% (mother 14.8%) · prince 25.9% · king 23.8% · crowned 21.0% (median year 39) · 3.9s
try  3 · gen  209 · best    911.0 · elite    620.8 · median    168.4 · years  24.9 · road 0.35 · starved   513 · nobles  -0.2 · read 22.1 · walls  1.7 · fell 83.4% (mother 15.7%) · prince 21.8% · king 19.1% · crowned 16.5% (median year 37) · 3.9s
try  4 · gen  209 · best   1057.1 · elite    574.3 · median    179.7 · years  26.4 · road 0.37 · starved   650 · nobles  +0.6 · read 21.1 · walls  1.2 · fell 84.2% (mother 22.2%) · prince 24.4% · king 20.1% · crowned 15.9% (median year 38) · 3.9s
try  5 · gen  209 · best    815.4 · elite    460.5 · median     96.7 · years  26.3 · road 0.28 · starved   584 · nobles  +1.5 · read 21.0 · walls  0.5 · fell 87.6% (mother 21.5%) · prince 14.8% · king 12.9% · crowned 12.0% (median year 53) · 3.9s
try  6 · gen  209 · best    824.8 · elite    257.9 · median     -4.6 · years  61.7 · road 0.47 · starved  2422 · nobles  -5.0 · read 94.4 · walls  3.9 · fell 84.4% (mother 47.8%) · prince 31.2% · king 15.2% · crowned  4.8% (median year 62) · 3.9s
try  7 · gen  209 · best   1293.9 · elite    690.2 · median    194.6 · years  23.5 · road 0.38 · starved   579 · nobles  +5.2 · read 24.9 · walls  2.0 · fell 79.4% (mother 11.2%) · prince 24.7% · king 22.1% · crowned 20.6% (median year 37) · 3.9s
try  8 · gen  209 · best    738.9 · elite    441.0 · median     66.1 · years  47.1 · road 0.46 · starved  1856 · nobles  -2.5 · read 53.2 · walls  5.3 · fell 86.9% (mother 53.8%) · prince 33.8% · king 18.9% · crowned 11.3% (median year 59) · 3.9s
try  1 · gen  210 · best   1037.2 · elite    679.6 · median    179.9 · years  25.3 · road 0.36 · starved   721 · nobles  +1.4 · read 12.3 · walls  1.2 · fell 82.1% (mother 23.0%) · prince 27.5% · king 22.8% · crowned 17.9% (median year 37) · 3.8s
try  2 · gen  210 · best   1086.9 · elite    688.4 · median    178.7 · years  23.9 · road 0.37 · starved   634 · nobles  +3.3 · read 21.4 · walls  0.9 · fell 79.2% (mother 15.1%) · prince 25.6% · king 23.8% · crowned 20.8% (median year 39) · 3.8s
try  3 · gen  210 · best    928.8 · elite    595.4 · median    166.0 · years  25.0 · road 0.35 · starved   569 · nobles  -0.5 · read 22.1 · walls  1.7 · fell 84.0% (mother 17.2%) · prince 21.8% · king 18.8% · crowned 15.9% (median year 36) · 3.8s
try  4 · gen  210 · best    907.1 · elite    644.8 · median    178.0 · years  26.4 · road 0.36 · starved   631 · nobles  +1.0 · read 20.9 · walls  1.2 · fell 83.7% (mother 21.2%) · prince 24.7% · king 20.9% · crowned 16.2% (median year 38) · 3.8s
try  5 · gen  210 · best    968.1 · elite    463.5 · median     97.8 · years  26.8 · road 0.29 · starved   592 · nobles  +1.3 · read 21.0 · walls  0.5 · fell 87.1% (mother 21.1%) · prince 15.6% · king 13.6% · crowned 12.1% (median year 53) · 3.8s
try  6 · gen  210 · best    749.5 · elite    270.3 · median    -10.6 · years  61.9 · road 0.48 · starved  2520 · nobles  -5.0 · read 94.1 · walls  4.0 · fell 84.7% (mother 47.7%) · prince 30.9% · king 14.7% · crowned  4.6% (median year 62) · 3.8s
try  7 · gen  210 · best   1115.1 · elite    721.3 · median    188.8 · years  23.7 · road 0.39 · starved   593 · nobles  +5.3 · read 25.3 · walls  2.1 · fell 79.7% (mother 12.9%) · prince 24.5% · king 22.0% · crowned 20.3% (median year 38) · 3.8s
try  8 · gen  210 · best    770.7 · elite    402.4 · median     60.6 · years  47.1 · road 0.45 · starved  1889 · nobles  -2.9 · read 54.1 · walls  5.2 · fell 87.6% (mother 54.4%) · prince 32.8% · king 19.3% · crowned 10.7% (median year 59) · 3.8s
try  1 · gen  211 · best   1150.9 · elite    663.8 · median    184.3 · years  25.8 · road 0.36 · starved   733 · nobles  +1.5 · read 13.0 · walls  1.1 · fell 81.6% (mother 23.4%) · prince 28.6% · king 23.4% · crowned 18.3% (median year 37) · 3.7s
try  2 · gen  211 · best   1171.8 · elite    724.1 · median    188.9 · years  23.6 · road 0.37 · starved   621 · nobles  +3.5 · read 20.7 · walls  1.0 · fell 78.6% (mother 15.7%) · prince 26.4% · king 24.4% · crowned 21.4% (median year 38) · 3.7s
try  3 · gen  211 · best   1149.4 · elite    596.4 · median    169.1 · years  24.8 · road 0.35 · starved   539 · nobles  +0.0 · read 21.7 · walls  1.8 · fell 83.4% (mother 17.1%) · prince 22.5% · king 19.5% · crowned 16.5% (median year 36) · 3.7s
try  4 · gen  211 · best   1146.5 · elite    642.0 · median    176.2 · years  26.6 · road 0.36 · starved   595 · nobles  +1.8 · read 21.2 · walls  1.0 · fell 82.7% (mother 19.8%) · prince 25.3% · king 21.4% · crowned 17.3% (median year 40) · 3.7s
try  5 · gen  211 · best    865.3 · elite    446.1 · median     88.2 · years  26.6 · road 0.29 · starved   623 · nobles  +0.9 · read 21.1 · walls  0.6 · fell 87.7% (mother 24.0%) · prince 15.1% · king 13.0% · crowned 11.7% (median year 54) · 3.7s
try  6 · gen  211 · best    550.7 · elite    295.0 · median     -3.9 · years  61.5 · road 0.48 · starved  2581 · nobles  -4.4 · read 94.3 · walls  3.9 · fell 84.6% (mother 46.9%) · prince 31.4% · king 16.2% · crowned  5.9% (median year 63) · 3.7s
try  7 · gen  211 · best   1035.2 · elite    702.7 · median    199.2 · years  23.4 · road 0.39 · starved   580 · nobles  +5.2 · read 25.1 · walls  2.1 · fell 79.2% (mother 12.6%) · prince 24.7% · king 22.5% · crowned 20.8% (median year 37) · 3.7s
try  8 · gen  211 · best    716.4 · elite    432.2 · median     59.4 · years  47.7 · road 0.46 · starved  1944 · nobles  -2.6 · read 54.5 · walls  5.5 · fell 87.4% (mother 55.2%) · prince 33.8% · king 19.9% · crowned 11.3% (median year 58) · 3.7s
try  1 · gen  212 · best    982.2 · elite    689.1 · median    182.5 · years  25.5 · road 0.36 · starved   712 · nobles  +1.5 · read 12.8 · walls  1.2 · fell 81.5% (mother 23.5%) · prince 28.1% · king 23.3% · crowned 18.5% (median year 37) · 3.6s
try  2 · gen  212 · best   1305.4 · elite    744.8 · median    194.0 · years  23.4 · road 0.37 · starved   614 · nobles  +3.9 · read 20.6 · walls  1.0 · fell 77.9% (mother 15.2%) · prince 26.7% · king 24.6% · crowned 22.1% (median year 37) · 3.6s
try  3 · gen  212 · best    953.7 · elite    603.6 · median    164.5 · years  24.7 · road 0.35 · starved   558 · nobles  -0.6 · read 21.7 · walls  1.8 · fell 84.2% (mother 18.6%) · prince 21.5% · king 19.0% · crowned 15.8% (median year 37) · 3.6s
try  4 · gen  212 · best    899.2 · elite    646.8 · median    185.8 · years  26.5 · road 0.36 · starved   609 · nobles  +2.0 · read 20.0 · walls  1.0 · fell 82.1% (mother 19.3%) · prince 25.7% · king 21.6% · crowned 17.9% (median year 39) · 3.6s
try  5 · gen  212 · best    817.5 · elite    438.0 · median    109.3 · years  27.1 · road 0.29 · starved   614 · nobles  +0.7 · read 21.7 · walls  0.6 · fell 86.7% (mother 22.8%) · prince 15.9% · king 14.1% · crowned 12.3% (median year 53) · 3.6s
try  6 · gen  212 · best    649.7 · elite    321.6 · median     -3.6 · years  60.4 · road 0.47 · starved  2526 · nobles  -3.8 · read 92.0 · walls  3.9 · fell 85.0% (mother 46.0%) · prince 32.3% · king 16.9% · crowned  6.7% (median year 62) · 3.6s
try  7 · gen  212 · best    925.9 · elite    668.4 · median    193.4 · years  23.1 · road 0.39 · starved   607 · nobles  +4.6 · read 24.6 · walls  2.1 · fell 80.0% (mother 13.7%) · prince 24.2% · king 22.0% · crowned 20.0% (median year 36) · 3.6s
try  8 · gen  212 · best    731.9 · elite    439.5 · median     81.3 · years  46.9 · road 0.46 · starved  1921 · nobles  -2.4 · read 53.6 · walls  5.4 · fell 87.1% (mother 53.8%) · prince 34.6% · king 21.0% · crowned 11.8% (median year 58) · 3.6s
try  1 · gen  213 · best    952.7 · elite    660.6 · median    185.4 · years  25.5 · road 0.36 · starved   739 · nobles  +1.7 · read 11.7 · walls  1.1 · fell 81.5% (mother 24.2%) · prince 28.6% · king 23.2% · crowned 18.5% (median year 38) · 4.0s
try  2 · gen  213 · best    933.1 · elite    716.7 · median    195.6 · years  23.2 · road 0.37 · starved   602 · nobles  +4.2 · read 20.8 · walls  1.1 · fell 77.6% (mother 15.2%) · prince 27.0% · king 25.0% · crowned 22.5% (median year 37) · 4.0s
try  3 · gen  213 · best   1043.3 · elite    577.7 · median    166.9 · years  24.6 · road 0.35 · starved   565 · nobles  -0.8 · read 21.7 · walls  1.7 · fell 84.2% (mother 18.7%) · prince 21.7% · king 18.6% · crowned 15.6% (median year 37) · 4.0s
try  4 · gen  213 · best   1069.6 · elite    660.9 · median    175.2 · years  26.3 · road 0.36 · starved   640 · nobles  +1.9 · read 19.6 · walls  1.0 · fell 82.8% (mother 19.9%) · prince 24.9% · king 21.0% · crowned 17.1% (median year 38) · 4.0s
try  5 · gen  213 · best    806.8 · elite    454.3 · median     88.4 · years  26.7 · road 0.28 · starved   622 · nobles  +0.5 · read 21.3 · walls  0.5 · fell 87.5% (mother 23.9%) · prince 15.8% · king 13.5% · crowned 12.0% (median year 53) · 4.0s
try  6 · gen  213 · best    681.1 · elite    338.1 · median      6.4 · years  60.4 · road 0.48 · starved  2584 · nobles  -3.5 · read 92.6 · walls  3.9 · fell 85.2% (mother 47.8%) · prince 33.2% · king 18.5% · crowned  7.7% (median year 62) · 4.0s
try  7 · gen  213 · best   1117.5 · elite    691.8 · median    188.0 · years  23.3 · road 0.38 · starved   613 · nobles  +5.1 · read 25.0 · walls  2.1 · fell 79.9% (mother 13.9%) · prince 24.2% · king 21.8% · crowned 20.1% (median year 37) · 4.0s
try  8 · gen  213 · best    806.1 · elite    440.2 · median     75.3 · years  46.1 · road 0.46 · starved  1966 · nobles  -2.0 · read 52.7 · walls  5.4 · fell 86.9% (mother 55.1%) · prince 35.5% · king 20.6% · crowned 11.9% (median year 56) · 4.0s
try  1 · gen  214 · best   1102.9 · elite    649.3 · median    184.0 · years  25.9 · road 0.36 · starved   738 · nobles  +1.9 · read 12.3 · walls  1.2 · fell 81.8% (mother 24.2%) · prince 28.8% · king 23.1% · crowned 18.2% (median year 38) · 3.8s
try  2 · gen  214 · best   1139.7 · elite    732.1 · median    199.9 · years  23.0 · road 0.38 · starved   652 · nobles  +4.3 · read 21.0 · walls  1.2 · fell 77.4% (mother 15.3%) · prince 27.7% · king 25.3% · crowned 22.6% (median year 36) · 3.8s
try  3 · gen  214 · best   1084.5 · elite    602.3 · median    173.5 · years  25.0 · road 0.35 · starved   588 · nobles  -0.9 · read 21.9 · walls  1.8 · fell 83.5% (mother 16.5%) · prince 22.6% · king 19.6% · crowned 16.3% (median year 37) · 3.8s
try  4 · gen  214 · best   1097.3 · elite    629.5 · median    182.2 · years  26.2 · road 0.36 · starved   611 · nobles  +2.1 · read 18.9 · walls  1.1 · fell 82.1% (mother 19.0%) · prince 25.0% · king 20.9% · crowned 17.9% (median year 39) · 3.8s
try  5 · gen  214 · best    835.4 · elite    472.5 · median     84.0 · years  26.7 · road 0.28 · starved   587 · nobles  +0.2 · read 21.4 · walls  0.5 · fell 87.3% (mother 24.2%) · prince 15.2% · king 13.4% · crowned 11.9% (median year 54) · 3.8s
try  6 · gen  214 · best    720.1 · elite    374.6 · median     19.8 · years  58.3 · road 0.47 · starved  2487 · nobles  -2.7 · read 89.4 · walls  3.8 · fell 85.0% (mother 45.5%) · prince 32.6% · king 19.0% · crowned  9.3% (median year 62) · 3.8s
try  7 · gen  214 · best   1135.8 · elite    704.5 · median    193.3 · years  23.3 · road 0.38 · starved   606 · nobles  +5.5 · read 24.7 · walls  2.0 · fell 79.3% (mother 13.6%) · prince 24.4% · king 22.3% · crowned 20.7% (median year 37) · 3.8s
try  8 · gen  214 · best    697.5 · elite    448.3 · median     79.9 · years  45.9 · road 0.46 · starved  1900 · nobles  -2.0 · read 52.6 · walls  5.4 · fell 86.5% (mother 54.6%) · prince 34.2% · king 20.2% · crowned 12.4% (median year 57) · 3.8s
try  1 · gen  215 · best   1141.5 · elite    655.8 · median    185.6 · years  25.3 · road 0.36 · starved   713 · nobles  +1.9 · read 11.1 · walls  1.2 · fell 81.6% (mother 24.4%) · prince 28.0% · king 23.1% · crowned 18.3% (median year 38) · 3.7s
try  2 · gen  215 · best   1137.4 · elite    746.2 · median    200.4 · years  23.0 · road 0.38 · starved   648 · nobles  +4.6 · read 20.9 · walls  1.2 · fell 76.8% (mother 14.9%) · prince 28.3% · king 26.2% · crowned 23.2% (median year 36) · 3.7s
try  3 · gen  215 · best    973.6 · elite    610.7 · median    168.5 · years  25.1 · road 0.35 · starved   554 · nobles  -0.9 · read 21.7 · walls  1.9 · fell 83.3% (mother 16.6%) · prince 22.6% · king 19.7% · crowned 16.5% (median year 37) · 3.7s
try  4 · gen  215 · best   1394.8 · elite    644.1 · median    184.1 · years  26.5 · road 0.37 · starved   655 · nobles  +2.4 · read 18.8 · walls  1.3 · fell 81.8% (mother 19.2%) · prince 25.8% · king 21.6% · crowned 18.2% (median year 39) · 3.7s
try  5 · gen  215 · best   1082.9 · elite    464.0 · median     95.8 · years  27.2 · road 0.28 · starved   631 · nobles  +0.4 · read 21.6 · walls  0.6 · fell 87.2% (mother 25.0%) · prince 16.2% · king 14.1% · crowned 12.0% (median year 54) · 3.7s
try  6 · gen  215 · best    732.1 · elite    371.0 · median     23.0 · years  57.9 · road 0.47 · starved  2556 · nobles  -2.2 · read 88.8 · walls  3.9 · fell 84.6% (mother 45.2%) · prince 33.1% · king 19.5% · crowned  9.5% (median year 62) · 3.7s
try  7 · gen  215 · best   1176.4 · elite    721.9 · median    190.9 · years  23.3 · road 0.38 · starved   629 · nobles  +5.3 · read 24.6 · walls  2.0 · fell 79.4% (mother 14.5%) · prince 25.1% · king 22.5% · crowned 20.6% (median year 37) · 3.7s
try  8 · gen  215 · best    895.9 · elite    463.7 · median    101.3 · years  45.7 · road 0.46 · starved  1929 · nobles  -1.9 · read 52.6 · walls  5.5 · fell 85.9% (mother 54.8%) · prince 36.5% · king 22.0% · crowned 13.0% (median year 55) · 3.7s
try  1 · gen  216 · best   1129.9 · elite    665.5 · median    180.7 · years  25.1 · road 0.36 · starved   698 · nobles  +1.5 · read 11.1 · walls  1.2 · fell 81.8% (mother 25.4%) · prince 27.9% · king 23.1% · crowned 18.2% (median year 37) · 3.6s
try  2 · gen  216 · best   1337.3 · elite    728.0 · median    190.5 · years  22.8 · road 0.37 · starved   671 · nobles  +4.4 · read 20.8 · walls  1.2 · fell 77.8% (mother 15.5%) · prince 27.4% · king 25.2% · crowned 22.2% (median year 35) · 3.6s
try  3 · gen  216 · best   1120.0 · elite    582.9 · median    170.6 · years  25.2 · road 0.36 · starved   578 · nobles  -1.0 · read 21.7 · walls  2.1 · fell 83.4% (mother 17.5%) · prince 22.6% · king 19.5% · crowned 16.4% (median year 37) · 3.6s
try  4 · gen  216 · best   1135.4 · elite    692.1 · median    187.0 · years  26.2 · road 0.37 · starved   596 · nobles  +3.1 · read 18.4 · walls  1.2 · fell 80.9% (mother 17.4%) · prince 26.2% · king 21.9% · crowned 19.0% (median year 38) · 3.6s
try  5 · gen  216 · best    799.6 · elite    449.8 · median     99.7 · years  27.2 · road 0.28 · starved   612 · nobles  +0.0 · read 21.5 · walls  0.5 · fell 86.9% (mother 24.7%) · prince 15.8% · king 13.6% · crowned 12.1% (median year 54) · 3.6s
try  6 · gen  216 · best    711.0 · elite    384.4 · median     37.9 · years  58.5 · road 0.47 · starved  2542 · nobles  -1.5 · read 89.7 · walls  3.9 · fell 83.7% (mother 45.1%) · prince 34.0% · king 20.8% · crowned 10.2% (median year 62) · 3.6s
try  7 · gen  216 · best   1095.7 · elite    689.7 · median    192.5 · years  23.4 · road 0.39 · starved   623 · nobles  +5.5 · read 24.7 · walls  2.0 · fell 79.1% (mother 13.6%) · prince 24.9% · king 22.4% · crowned 20.9% (median year 37) · 3.6s
try  8 · gen  216 · best   1004.4 · elite    492.3 · median    107.6 · years  44.5 · road 0.46 · starved  1915 · nobles  -1.8 · read 52.2 · walls  5.4 · fell 85.7% (mother 54.7%) · prince 36.5% · king 23.2% · crowned 13.6% (median year 55) · 3.6s
try  1 · gen  217 · best   1105.0 · elite    712.8 · median    187.7 · years  24.9 · road 0.36 · starved   670 · nobles  +1.7 · read 10.2 · walls  1.3 · fell 80.9% (mother 24.2%) · prince 28.2% · king 23.9% · crowned 19.1% (median year 36) · 4.3s
try  2 · gen  217 · best   1335.8 · elite    726.7 · median    205.9 · years  22.8 · road 0.37 · starved   661 · nobles  +4.7 · read 20.5 · walls  1.2 · fell 76.9% (mother 15.1%) · prince 28.0% · king 25.9% · crowned 23.0% (median year 36) · 4.3s
try  3 · gen  217 · best    939.2 · elite    631.5 · median    170.3 · years  25.2 · road 0.36 · starved   576 · nobles  -1.0 · read 21.7 · walls  2.3 · fell 83.4% (mother 17.1%) · prince 23.0% · king 19.7% · crowned 16.4% (median year 37) · 4.3s
try  4 · gen  217 · best   1124.0 · elite    686.4 · median    187.4 · years  25.8 · road 0.37 · starved   628 · nobles  +2.7 · read 17.6 · walls  1.3 · fell 81.5% (mother 18.6%) · prince 26.2% · king 21.6% · crowned 18.4% (median year 37) · 4.3s
try  5 · gen  217 · best    829.5 · elite    456.7 · median     83.9 · years  27.3 · road 0.28 · starved   605 · nobles  +0.2 · read 21.7 · walls  0.6 · fell 87.2% (mother 24.1%) · prince 16.0% · king 14.1% · crowned 11.9% (median year 55) · 4.3s
try  6 · gen  217 · best    789.2 · elite    392.8 · median     36.0 · years  56.2 · road 0.46 · starved  2417 · nobles  -1.3 · read 85.7 · walls  3.8 · fell 84.6% (mother 44.0%) · prince 32.2% · king 19.6% · crowned 10.5% (median year 62) · 4.3s
try  7 · gen  217 · best   1122.0 · elite    701.4 · median    192.5 · years  23.3 · road 0.39 · starved   634 · nobles  +4.8 · read 24.6 · walls  1.9 · fell 79.7% (mother 13.4%) · prince 24.8% · king 21.9% · crowned 20.3% (median year 37) · 4.3s
try  8 · gen  217 · best    826.9 · elite    473.4 · median    102.5 · years  43.0 · road 0.46 · starved  1881 · nobles  -2.0 · read 50.4 · walls  5.4 · fell 85.9% (mother 53.7%) · prince 35.2% · king 23.4% · crowned 13.4% (median year 52) · 4.3s
try  1 · gen  218 · best   1174.3 · elite    732.4 · median    195.9 · years  24.4 · road 0.36 · starved   628 · nobles  +1.8 · read  9.1 · walls  1.2 · fell 79.8% (mother 22.6%) · prince 28.7% · king 24.5% · crowned 20.2% (median year 35) · 3.6s
try  2 · gen  218 · best   1102.2 · elite    739.8 · median    193.9 · years  22.4 · road 0.38 · starved   685 · nobles  +4.0 · read 20.3 · walls  1.3 · fell 77.8% (mother 16.6%) · prince 27.1% · king 25.1% · crowned 22.2% (median year 35) · 3.6s
try  3 · gen  218 · best    928.4 · elite    617.2 · median    168.7 · years  25.0 · road 0.36 · starved   584 · nobles  -0.9 · read 21.6 · walls  2.3 · fell 83.8% (mother 18.2%) · prince 22.8% · king 19.5% · crowned 16.0% (median year 36) · 3.6s
try  4 · gen  218 · best    949.9 · elite    671.7 · median    188.3 · years  25.7 · road 0.37 · starved   643 · nobles  +2.7 · read 17.2 · walls  1.2 · fell 81.4% (mother 18.5%) · prince 26.0% · king 21.8% · crowned 18.6% (median year 37) · 3.6s
try  5 · gen  218 · best    831.5 · elite    444.5 · median    105.7 · years  27.2 · road 0.28 · starved   591 · nobles  +0.2 · read 21.4 · walls  0.6 · fell 86.6% (mother 24.7%) · prince 16.5% · king 14.0% · crowned 12.3% (median year 54) · 3.6s
try  6 · gen  218 · best    701.8 · elite    399.5 · median     12.5 · years  56.1 · road 0.46 · starved  2479 · nobles  -1.0 · read 85.3 · walls  3.7 · fell 85.1% (mother 46.7%) · prince 33.5% · king 20.2% · crowned 10.2% (median year 62) · 3.6s
try  7 · gen  218 · best   1119.3 · elite    709.9 · median    198.7 · years  23.5 · road 0.39 · starved   631 · nobles  +5.3 · read 24.8 · walls  2.0 · fell 79.2% (mother 14.1%) · prince 24.9% · king 22.5% · crowned 20.8% (median year 37) · 3.6s
try  8 · gen  218 · best    883.1 · elite    494.7 · median    120.6 · years  44.1 · road 0.47 · starved  1920 · nobles  -2.4 · read 51.7 · walls  5.5 · fell 85.2% (mother 56.0%) · prince 38.8% · king 24.0% · crowned 14.1% (median year 52) · 3.6s
try  1 · gen  219 · best   1171.1 · elite    730.4 · median    210.0 · years  23.8 · road 0.36 · starved   577 · nobles  +1.9 · read  8.2 · walls  1.2 · fell 78.7% (mother 20.3%) · prince 30.0% · king 26.0% · crowned 21.2% (median year 34) · 3.6s
try  2 · gen  219 · best   1125.5 · elite    738.3 · median    209.6 · years  22.5 · road 0.38 · starved   681 · nobles  +4.3 · read 21.0 · walls  1.4 · fell 76.4% (mother 16.1%) · prince 28.3% · king 26.5% · crowned 23.6% (median year 35) · 3.6s
try  3 · gen  219 · best   1094.2 · elite    633.1 · median    163.9 · years  24.9 · road 0.36 · starved   552 · nobles  -0.8 · read 21.6 · walls  2.3 · fell 83.8% (mother 18.2%) · prince 22.5% · king 19.1% · crowned 16.0% (median year 37) · 3.6s
try  4 · gen  219 · best   1120.8 · elite    681.4 · median    190.9 · years  25.4 · road 0.37 · starved   637 · nobles  +3.0 · read 17.0 · walls  1.3 · fell 80.4% (mother 17.1%) · prince 26.4% · king 22.2% · crowned 19.5% (median year 37) · 3.6s
try  5 · gen  219 · best    653.3 · elite    438.8 · median    115.7 · years  27.0 · road 0.28 · starved   587 · nobles  -0.0 · read 21.1 · walls  0.7 · fell 86.5% (mother 23.7%) · prince 16.0% · king 13.9% · crowned 12.5% (median year 53) · 3.6s
try  6 · gen  219 · best    904.7 · elite    405.5 · median     38.5 · years  56.9 · road 0.46 · starved  2490 · nobles  -0.8 · read 86.0 · walls  3.7 · fell 84.5% (mother 48.6%) · prince 33.8% · king 20.9% · crowned 10.9% (median year 63) · 3.6s
try  7 · gen  219 · best   1147.3 · elite    700.4 · median    192.9 · years  23.3 · road 0.39 · starved   645 · nobles  +5.0 · read 24.5 · walls  1.9 · fell 79.4% (mother 14.1%) · prince 25.2% · king 22.2% · crowned 20.5% (median year 36) · 3.6s
try  8 · gen  219 · best    718.2 · elite    476.7 · median    118.0 · years  43.3 · road 0.46 · starved  1860 · nobles  -2.0 · read 51.2 · walls  5.3 · fell 85.6% (mother 55.8%) · prince 37.8% · king 24.4% · crowned 13.9% (median year 52) · 3.6s
try  1 · gen  220 · best   1160.8 · elite    739.1 · median    208.0 · years  23.5 · road 0.36 · starved   565 · nobles  +1.7 · read  7.7 · walls  1.1 · fell 79.3% (mother 20.8%) · prince 28.8% · king 25.4% · crowned 20.7% (median year 34) · 3.5s
try  2 · gen  220 · best   1115.3 · elite    747.0 · median    202.6 · years  22.3 · road 0.38 · starved   706 · nobles  +3.6 · read 21.2 · walls  1.4 · fell 77.1% (mother 15.9%) · prince 28.1% · king 26.0% · crowned 23.0% (median year 35) · 3.5s
try  3 · gen  220 · best   1160.5 · elite    583.1 · median    168.4 · years  24.8 · road 0.36 · starved   560 · nobles  -0.8 · read 21.6 · walls  2.3 · fell 84.2% (mother 17.9%) · prince 22.0% · king 19.0% · crowned 15.6% (median year 36) · 3.5s
try  4 · gen  220 · best   1137.8 · elite    686.8 · median    193.0 · years  25.8 · road 0.37 · starved   667 · nobles  +3.2 · read 17.6 · walls  1.3 · fell 80.2% (mother 17.1%) · prince 27.3% · king 22.7% · crowned 19.9% (median year 36) · 3.5s
try  5 · gen  220 · best    807.0 · elite    449.8 · median    104.3 · years  27.2 · road 0.28 · starved   593 · nobles  +0.0 · read 20.7 · walls  0.7 · fell 86.5% (mother 25.5%) · prince 16.1% · king 13.9% · crowned 12.4% (median year 55) · 3.5s
try  6 · gen  220 · best    730.6 · elite    416.7 · median     43.6 · years  56.3 · road 0.45 · starved  2451 · nobles  -0.5 · read 86.9 · walls  3.7 · fell 83.3% (mother 46.9%) · prince 34.9% · king 21.0% · crowned 11.8% (median year 62) · 3.5s
try  7 · gen  220 · best   1356.6 · elite    689.7 · median    198.5 · years  23.6 · road 0.38 · starved   680 · nobles  +4.9 · read 24.8 · walls  1.8 · fell 79.4% (mother 15.1%) · prince 25.5% · king 22.6% · crowned 20.5% (median year 37) · 3.5s
try  8 · gen  220 · best    909.4 · elite    509.9 · median    128.7 · years  42.0 · road 0.46 · starved  1824 · nobles  -1.6 · read 50.8 · walls  5.1 · fell 84.5% (mother 56.5%) · prince 37.7% · king 24.8% · crowned 14.9% (median year 51) · 3.5s
try  1 · gen  221 · best   1070.8 · elite    754.0 · median    212.5 · years  23.5 · road 0.37 · starved   564 · nobles  +1.8 · read  7.5 · walls  1.2 · fell 78.3% (mother 19.8%) · prince 30.5% · king 26.0% · crowned 21.7% (median year 33) · 4.3s
try  2 · gen  221 · best   1169.4 · elite    765.9 · median    209.4 · years  22.0 · road 0.38 · starved   703 · nobles  +4.0 · read 20.9 · walls  1.4 · fell 76.8% (mother 15.3%) · prince 28.2% · king 26.3% · crowned 23.2% (median year 34) · 4.3s
try  3 · gen  221 · best    954.2 · elite    581.1 · median    174.9 · years  24.5 · road 0.36 · starved   560 · nobles  -1.0 · read 21.6 · walls  2.3 · fell 84.3% (mother 19.4%) · prince 22.2% · king 19.1% · crowned 15.6% (median year 35) · 4.3s
try  4 · gen  221 · best   1035.3 · elite    679.1 · median    188.9 · years  25.7 · road 0.37 · starved   658 · nobles  +3.0 · read 17.8 · walls  1.3 · fell 80.8% (mother 17.8%) · prince 26.7% · king 22.4% · crowned 19.2% (median year 37) · 4.3s
try  5 · gen  221 · best    839.7 · elite    458.1 · median     56.9 · years  26.5 · road 0.28 · starved   620 · nobles  -0.2 · read 20.2 · walls  0.8 · fell 87.4% (mother 27.6%) · prince 15.6% · king 13.2% · crowned 11.8% (median year 55) · 4.3s
try  6 · gen  221 · best    666.8 · elite    388.9 · median     46.2 · years  57.8 · road 0.46 · starved  2521 · nobles  -0.6 · read 90.7 · walls  3.8 · fell 83.7% (mother 48.3%) · prince 35.1% · king 20.8% · crowned 11.1% (median year 64) · 4.3s
try  7 · gen  221 · best   1153.4 · elite    713.1 · median    198.7 · years  23.3 · road 0.38 · starved   680 · nobles  +4.7 · read 24.5 · walls  1.8 · fell 78.6% (mother 15.3%) · prince 25.4% · king 23.0% · crowned 21.4% (median year 36) · 4.3s
try  8 · gen  221 · best   1027.1 · elite    557.8 · median    122.1 · years  42.1 · road 0.46 · starved  1822 · nobles  -1.5 · read 51.3 · walls  5.1 · fell 84.6% (mother 57.5%) · prince 38.8% · king 24.9% · crowned 14.9% (median year 50) · 4.3s
try  1 · gen  222 · best    971.3 · elite    717.2 · median    214.9 · years  23.2 · road 0.36 · starved   578 · nobles  +1.5 · read  7.3 · walls  1.2 · fell 79.1% (mother 21.7%) · prince 30.0% · king 26.1% · crowned 20.9% (median year 33) · 3.6s
try  2 · gen  222 · best   1149.1 · elite    746.9 · median    202.7 · years  22.0 · road 0.38 · starved   674 · nobles  +3.8 · read 20.6 · walls  1.3 · fell 76.9% (mother 14.5%) · prince 27.7% · king 25.9% · crowned 23.1% (median year 34) · 3.6s
try  3 · gen  222 · best    912.0 · elite    602.0 · median    165.7 · years  24.5 · road 0.36 · starved   547 · nobles  -0.9 · read 21.4 · walls  2.3 · fell 84.4% (mother 18.6%) · prince 22.1% · king 18.7% · crowned 15.4% (median year 37) · 3.6s
try  4 · gen  222 · best   1069.4 · elite    671.0 · median    186.4 · years  25.4 · road 0.37 · starved   651 · nobles  +2.8 · read 17.3 · walls  1.2 · fell 81.1% (mother 17.7%) · prince 25.9% · king 21.9% · crowned 18.9% (median year 36) · 3.6s
try  5 · gen  222 · best    906.0 · elite    460.8 · median    108.2 · years  27.0 · road 0.28 · starved   591 · nobles  +0.4 · read 20.6 · walls  0.8 · fell 86.6% (mother 25.4%) · prince 16.0% · king 13.8% · crowned 12.5% (median year 54) · 3.6s
try  6 · gen  222 · best    672.5 · elite    402.0 · median     34.1 · years  55.1 · road 0.45 · starved  2499 · nobles  -0.2 · read 86.7 · walls  3.7 · fell 84.5% (mother 47.1%) · prince 33.9% · king 20.4% · crowned 10.8% (median year 62) · 3.6s
try  7 · gen  222 · best   1348.5 · elite    730.5 · median    186.6 · years  23.0 · road 0.38 · starved   689 · nobles  +4.6 · read 24.4 · walls  1.8 · fell 79.1% (mother 16.3%) · prince 25.0% · king 22.8% · crowned 20.9% (median year 36) · 3.6s
try  8 · gen  222 · best    931.7 · elite    528.2 · median    118.6 · years  42.7 · road 0.46 · starved  1886 · nobles  -1.6 · read 53.4 · walls  4.9 · fell 85.0% (mother 57.0%) · prince 39.1% · king 25.1% · crowned 14.3% (median year 52) · 3.6s
try  1 · gen  223 · best   1124.5 · elite    740.1 · median    208.9 · years  23.1 · road 0.37 · starved   583 · nobles  +1.5 · read  7.2 · walls  1.3 · fell 78.9% (mother 20.6%) · prince 29.5% · king 25.8% · crowned 21.1% (median year 33) · 3.6s
try  2 · gen  223 · best   1157.9 · elite    774.9 · median    213.3 · years  21.9 · road 0.39 · starved   676 · nobles  +3.7 · read 21.3 · walls  1.5 · fell 76.1% (mother 14.3%) · prince 29.1% · king 27.0% · crowned 23.9% (median year 34) · 3.6s
try  3 · gen  223 · best   1174.9 · elite    595.2 · median    170.1 · years  24.0 · road 0.36 · starved   530 · nobles  -1.0 · read 21.1 · walls  2.3 · fell 84.0% (mother 17.8%) · prince 21.5% · king 19.0% · crowned 15.8% (median year 36) · 3.6s
try  4 · gen  223 · best   1166.8 · elite    709.2 · median    193.5 · years  25.9 · road 0.37 · starved   636 · nobles  +3.4 · read 17.5 · walls  1.3 · fell 80.5% (mother 17.4%) · prince 27.2% · king 22.9% · crowned 19.5% (median year 37) · 3.6s
try  5 · gen  223 · best    818.8 · elite    497.8 · median    105.8 · years  27.4 · road 0.28 · starved   596 · nobles  +0.3 · read 20.8 · walls  0.8 · fell 85.8% (mother 25.2%) · prince 16.7% · king 14.7% · crowned 13.2% (median year 55) · 3.6s
try  6 · gen  223 · best    821.8 · elite    407.6 · median     62.7 · years  55.9 · road 0.45 · starved  2493 · nobles  +0.1 · read 89.2 · walls  3.7 · fell 83.9% (mother 46.7%) · prince 34.9% · king 21.2% · crowned 12.3% (median year 62) · 3.6s
try  7 · gen  223 · best   1210.5 · elite    724.1 · median    189.5 · years  22.3 · road 0.39 · starved   675 · nobles  +4.1 · read 24.0 · walls  1.8 · fell 79.7% (mother 17.4%) · prince 24.4% · king 21.9% · crowned 20.2% (median year 35) · 3.6s
try  8 · gen  223 · best    847.5 · elite    542.5 · median    121.3 · years  42.9 · road 0.47 · starved  1900 · nobles  -1.9 · read 53.8 · walls  4.9 · fell 84.8% (mother 56.3%) · prince 39.0% · king 24.7% · crowned 14.4% (median year 51) · 3.6s
try  1 · gen  224 · best   1170.0 · elite    721.8 · median    207.3 · years  23.3 · road 0.37 · starved   597 · nobles  +1.1 · read  7.5 · walls  1.4 · fell 79.9% (mother 21.3%) · prince 29.4% · king 25.5% · crowned 20.1% (median year 33) · 3.5s
try  2 · gen  224 · best   1149.7 · elite    731.9 · median    240.3 · years  21.9 · road 0.39 · starved   676 · nobles  +3.8 · read 21.5 · walls  1.5 · fell 76.1% (mother 14.8%) · prince 29.6% · king 27.2% · crowned 23.9% (median year 34) · 3.5s
try  3 · gen  224 · best   1038.5 · elite    597.1 · median    172.1 · years  23.7 · road 0.35 · starved   516 · nobles  -0.7 · read 20.8 · walls  2.2 · fell 84.3% (mother 18.5%) · prince 21.5% · king 18.6% · crowned 15.6% (median year 35) · 3.5s
try  4 · gen  224 · best   1126.8 · elite    691.3 · median    199.0 · years  25.5 · road 0.37 · starved   624 · nobles  +3.3 · read 17.0 · walls  1.4 · fell 80.0% (mother 17.6%) · prince 27.1% · king 23.4% · crowned 20.0% (median year 36) · 3.5s
try  5 · gen  224 · best    707.8 · elite    447.3 · median    115.6 · years  28.3 · road 0.29 · starved   637 · nobles  +0.5 · read 21.4 · walls  0.8 · fell 85.1% (mother 25.9%) · prince 17.7% · king 15.3% · crowned 13.5% (median year 56) · 3.5s
try  6 · gen  224 · best    707.9 · elite    390.6 · median     43.6 · years  56.7 · road 0.45 · starved  2523 · nobles  +0.2 · read 89.9 · walls  3.7 · fell 83.6% (mother 47.5%) · prince 34.8% · king 20.1% · crowned 11.3% (median year 63) · 3.5s
try  7 · gen  224 · best   1105.6 · elite    706.3 · median    188.8 · years  22.5 · road 0.39 · starved   714 · nobles  +3.5 · read 24.3 · walls  1.9 · fell 80.1% (mother 18.0%) · prince 24.0% · king 22.0% · crowned 19.9% (median year 35) · 3.5s
try  8 · gen  224 · best    842.3 · elite    563.6 · median    133.3 · years  42.2 · road 0.47 · starved  1886 · nobles  -1.3 · read 54.2 · walls  4.6 · fell 83.7% (mother 56.6%) · prince 39.4% · king 26.6% · crowned 15.9% (median year 50) · 3.5s
try  1 · gen  225 · best   1336.3 · elite    736.9 · median    200.6 · years  23.4 · road 0.37 · starved   603 · nobles  +1.2 · read  7.4 · walls  1.5 · fell 79.7% (mother 21.6%) · prince 29.3% · king 25.3% · crowned 20.3% (median year 33) · 4.4s
try  2 · gen  225 · best   1169.3 · elite    761.4 · median    210.5 · years  22.1 · road 0.39 · starved   672 · nobles  +3.6 · read 21.9 · walls  1.5 · fell 76.4% (mother 14.9%) · prince 29.1% · king 26.9% · crowned 23.6% (median year 33) · 4.4s
try  3 · gen  225 · best    983.0 · elite    615.0 · median    176.2 · years  24.0 · road 0.36 · starved   528 · nobles  -0.9 · read 21.1 · walls  2.3 · fell 83.9% (mother 19.0%) · prince 21.8% · king 18.9% · crowned 15.9% (median year 35) · 4.4s
try  4 · gen  225 · best   1105.0 · elite    734.9 · median    199.1 · years  25.4 · road 0.37 · starved   609 · nobles  +3.9 · read 17.3 · walls  1.4 · fell 78.9% (mother 16.5%) · prince 27.9% · king 24.1% · crowned 21.0% (median year 36) · 4.4s
try  5 · gen  225 · best    829.7 · elite    478.8 · median    108.4 · years  28.4 · road 0.29 · starved   886 · nobles  +0.5 · read 21.5 · walls  0.7 · fell 85.5% (mother 24.9%) · prince 17.8% · king 15.6% · crowned 13.5% (median year 56) · 4.4s
try  6 · gen  225 · best    998.0 · elite    398.8 · median     43.6 · years  55.4 · road 0.44 · starved  2503 · nobles  +0.2 · read 86.9 · walls  3.7 · fell 84.3% (mother 48.1%) · prince 34.1% · king 20.3% · crowned 11.3% (median year 63) · 4.4s
try  7 · gen  225 · best   1115.5 · elite    684.1 · median    190.1 · years  22.2 · road 0.39 · starved   683 · nobles  +3.8 · read 24.0 · walls  2.0 · fell 80.1% (mother 17.6%) · prince 23.9% · king 21.7% · crowned 19.9% (median year 36) · 4.4s
try  8 · gen  225 · best    849.2 · elite    510.0 · median    123.8 · years  42.1 · road 0.46 · starved  1956 · nobles  -1.0 · read 55.1 · walls  4.4 · fell 85.0% (mother 58.2%) · prince 39.0% · king 25.2% · crowned 14.6% (median year 52) · 4.4s
try  1 · gen  226 · best   1014.1 · elite    705.0 · median    208.8 · years  23.3 · road 0.37 · starved   609 · nobles  +1.2 · read  7.4 · walls  1.6 · fell 79.8% (mother 23.0%) · prince 29.4% · king 25.4% · crowned 20.2% (median year 33) · 3.4s
try  2 · gen  226 · best   1387.7 · elite    820.2 · median    249.9 · years  22.5 · road 0.39 · starved   654 · nobles  +3.7 · read 23.5 · walls  1.6 · fell 75.0% (mother 12.9%) · prince 31.1% · king 28.7% · crowned 25.0% (median year 34) · 3.4s
try  3 · gen  226 · best   1083.5 · elite    619.5 · median    173.4 · years  23.7 · road 0.36 · starved   526 · nobles  -0.8 · read 20.7 · walls  2.4 · fell 83.7% (mother 19.6%) · prince 22.1% · king 18.9% · crowned 16.1% (median year 35) · 3.4s
try  4 · gen  226 · best   1217.4 · elite    736.1 · median    197.8 · years  24.8 · road 0.38 · starved   617 · nobles  +3.3 · read 17.0 · walls  1.3 · fell 79.3% (mother 17.8%) · prince 28.0% · king 24.0% · crowned 20.6% (median year 35) · 3.4s
try  5 · gen  226 · best   1054.2 · elite    456.1 · median    107.7 · years  28.0 · road 0.29 · starved   653 · nobles  +0.5 · read 21.3 · walls  0.8 · fell 86.1% (mother 25.3%) · prince 17.4% · king 15.0% · crowned 12.9% (median year 56) · 3.4s
try  6 · gen  226 · best    746.1 · elite    417.9 · median     41.1 · years  54.2 · road 0.44 · starved  2595 · nobles  +0.6 · read 83.2 · walls  3.7 · fell 84.1% (mother 49.6%) · prince 34.3% · king 21.4% · crowned 12.2% (median year 61) · 3.4s
try  7 · gen  226 · best   1053.3 · elite    697.1 · median    190.0 · years  22.7 · road 0.39 · starved   700 · nobles  +4.0 · read 24.4 · walls  2.0 · fell 79.7% (mother 16.8%) · prince 24.4% · king 21.9% · crowned 20.3% (median year 36) · 3.4s
try  8 · gen  226 · best   1086.7 · elite    527.7 · median    127.8 · years  43.3 · road 0.47 · starved  1988 · nobles  -1.0 · read 56.9 · walls  4.5 · fell 84.0% (mother 58.1%) · prince 40.5% · king 25.9% · crowned 15.5% (median year 52) · 3.4s
try  1 · gen  227 · best   1164.6 · elite    749.5 · median    210.0 · years  23.5 · road 0.37 · starved   594 · nobles  +1.6 · read  7.5 · walls  1.5 · fell 78.9% (mother 21.0%) · prince 29.9% · king 25.7% · crowned 21.1% (median year 34) · 3.5s
try  2 · gen  227 · best   1115.1 · elite    770.2 · median    253.3 · years  22.3 · road 0.39 · starved   668 · nobles  +3.5 · read 24.1 · walls  1.7 · fell 75.2% (mother 14.5%) · prince 30.3% · king 28.4% · crowned 24.8% (median year 33) · 3.5s
try  3 · gen  227 · best    962.9 · elite    615.2 · median    182.4 · years  24.2 · road 0.36 · starved   531 · nobles  -0.3 · read 21.1 · walls  2.4 · fell 82.8% (mother 18.9%) · prince 23.0% · king 20.2% · crowned 17.0% (median year 36) · 3.5s
try  4 · gen  227 · best   1109.2 · elite    713.5 · median    199.1 · years  24.7 · road 0.38 · starved   642 · nobles  +3.6 · read 16.8 · walls  1.3 · fell 79.8% (mother 17.7%) · prince 27.9% · king 23.6% · crowned 20.1% (median year 35) · 3.5s
try  5 · gen  227 · best    871.7 · elite    473.7 · median    117.1 · years  27.9 · road 0.28 · starved   631 · nobles  +0.5 · read 21.5 · walls  0.8 · fell 85.6% (mother 24.3%) · prince 17.2% · king 15.1% · crowned 13.4% (median year 54) · 3.5s
try  6 · gen  227 · best    703.8 · elite    405.4 · median     61.4 · years  52.9 · road 0.44 · starved  2459 · nobles  +1.0 · read 81.1 · walls  3.7 · fell 83.9% (mother 47.1%) · prince 33.9% · king 21.4% · crowned 12.9% (median year 61) · 3.5s
try  7 · gen  227 · best   1209.9 · elite    720.6 · median    197.9 · years  22.7 · road 0.39 · starved   709 · nobles  +4.1 · read 24.8 · walls  2.0 · fell 78.9% (mother 16.9%) · prince 25.4% · king 22.6% · crowned 21.1% (median year 35) · 3.5s
try  8 · gen  227 · best   1245.7 · elite    535.0 · median    134.7 · years  42.6 · road 0.47 · starved  1989 · nobles  -1.0 · read 56.6 · walls  4.5 · fell 83.7% (mother 56.7%) · prince 39.8% · king 26.4% · crowned 15.6% (median year 51) · 3.5s
try  1 · gen  228 · best   1208.3 · elite    761.0 · median    211.0 · years  23.7 · road 0.37 · starved   597 · nobles  +2.0 · read  7.7 · walls  1.5 · fell 78.4% (mother 20.6%) · prince 30.6% · king 26.1% · crowned 21.6% (median year 33) · 3.4s
try  2 · gen  228 · best   1155.7 · elite    800.2 · median    224.9 · years  21.8 · road 0.39 · starved   646 · nobles  +3.5 · read 23.6 · walls  1.6 · fell 75.3% (mother 13.5%) · prince 30.4% · king 28.0% · crowned 24.7% (median year 33) · 3.4s
try  3 · gen  228 · best    937.5 · elite    617.1 · median    180.4 · years  24.0 · road 0.36 · starved   506 · nobles  -0.7 · read 20.8 · walls  2.4 · fell 83.0% (mother 18.8%) · prince 22.5% · king 20.0% · crowned 16.9% (median year 35) · 3.4s
try  4 · gen  228 · best   1137.3 · elite    712.0 · median    209.3 · years  24.3 · road 0.38 · starved   606 · nobles  +3.8 · read 16.1 · walls  1.3 · fell 79.0% (mother 17.5%) · prince 28.0% · king 23.7% · crowned 21.0% (median year 34) · 3.4s
try  5 · gen  228 · best    761.2 · elite    469.9 · median    116.6 · years  27.5 · road 0.29 · starved   626 · nobles  +0.7 · read 21.5 · walls  0.8 · fell 85.5% (mother 24.3%) · prince 18.1% · king 15.4% · crowned 13.6% (median year 54) · 3.4s
try  6 · gen  228 · best    830.7 · elite    468.3 · median     90.4 · years  52.4 · road 0.44 · starved  2415 · nobles  +1.8 · read 79.5 · walls  3.8 · fell 82.9% (mother 46.3%) · prince 36.8% · king 24.0% · crowned 14.7% (median year 59) · 3.4s
try  7 · gen  228 · best   1128.7 · elite    723.5 · median    188.5 · years  22.6 · road 0.40 · starved   722 · nobles  +3.9 · read 24.6 · walls  2.0 · fell 79.0% (mother 16.3%) · prince 25.3% · king 22.7% · crowned 21.0% (median year 35) · 3.4s
try  8 · gen  228 · best    805.0 · elite    553.3 · median    149.4 · years  42.5 · road 0.47 · starved  1960 · nobles  -0.3 · read 56.9 · walls  4.4 · fell 82.3% (mother 56.3%) · prince 42.5% · king 28.4% · crowned 17.2% (median year 51) · 3.4s
try  1 · gen  229 · best   1368.8 · elite    723.1 · median    216.2 · years  24.0 · road 0.37 · starved   614 · nobles  +2.0 · read  7.6 · walls  1.5 · fell 78.9% (mother 20.5%) · prince 30.8% · king 25.9% · crowned 21.1% (median year 34) · 4.3s
try  2 · gen  229 · best   1125.4 · elite    781.3 · median    293.9 · years  21.8 · road 0.39 · starved   640 · nobles  +3.9 · read 23.8 · walls  1.7 · fell 74.0% (mother 13.1%) · prince 31.3% · king 29.0% · crowned 26.0% (median year 33) · 4.3s
try  3 · gen  229 · best   1087.0 · elite    642.0 · median    179.4 · years  23.7 · road 0.36 · starved   499 · nobles  -0.7 · read 20.5 · walls  2.4 · fell 82.7% (mother 18.4%) · prince 22.7% · king 20.5% · crowned 17.2% (median year 35) · 4.3s
try  4 · gen  229 · best   1279.9 · elite    724.2 · median    204.4 · years  23.8 · road 0.38 · starved   621 · nobles  +3.8 · read 16.2 · walls  1.2 · fell 79.1% (mother 17.3%) · prince 28.2% · king 24.0% · crowned 20.9% (median year 34) · 4.3s
try  5 · gen  229 · best    834.4 · elite    468.7 · median    104.1 · years  27.8 · road 0.29 · starved   656 · nobles  +0.5 · read 21.7 · walls  0.8 · fell 85.9% (mother 24.8%) · prince 17.5% · king 14.8% · crowned 13.2% (median year 56) · 4.3s
try  6 · gen  229 · best    763.2 · elite    468.9 · median     81.2 · years  50.5 · road 0.43 · starved  2523 · nobles  +1.8 · read 75.7 · walls  3.6 · fell 83.5% (mother 46.6%) · prince 35.7% · king 23.1% · crowned 14.6% (median year 57) · 4.3s
try  7 · gen  229 · best   1041.0 · elite    681.2 · median    198.6 · years  22.5 · road 0.39 · starved   696 · nobles  +3.5 · read 24.8 · walls  2.0 · fell 79.1% (mother 16.1%) · prince 24.9% · king 22.7% · crowned 20.9% (median year 35) · 4.3s
try  8 · gen  229 · best    950.2 · elite    589.9 · median    143.0 · years  42.3 · road 0.47 · starved  1977 · nobles  -0.3 · read 56.9 · walls  4.3 · fell 82.3% (mother 57.6%) · prince 42.8% · king 28.8% · crowned 17.1% (median year 51) · 4.3s
try  1 · gen  230 · best   1236.2 · elite    757.1 · median    216.5 · years  24.0 · road 0.37 · starved   604 · nobles  +2.5 · read  7.8 · walls  1.5 · fell 78.3% (mother 19.6%) · prince 30.9% · king 26.3% · crowned 21.6% (median year 34) · 3.4s
try  2 · gen  230 · best   1347.7 · elite    807.6 · median    250.5 · years  22.0 · road 0.39 · starved   633 · nobles  +3.7 · read 24.1 · walls  1.7 · fell 74.3% (mother 13.1%) · prince 30.6% · king 28.8% · crowned 25.7% (median year 32) · 3.4s
try  3 · gen  230 · best    941.7 · elite    602.9 · median    183.2 · years  23.6 · road 0.37 · starved   519 · nobles  -0.9 · read 20.4 · walls  2.6 · fell 82.9% (mother 18.2%) · prince 23.1% · king 20.2% · crowned 16.9% (median year 35) · 3.4s
try  4 · gen  230 · best   1157.4 · elite    729.3 · median    203.8 · years  23.9 · road 0.38 · starved   611 · nobles  +4.1 · read 16.8 · walls  1.2 · fell 78.8% (mother 17.0%) · prince 27.9% · king 23.9% · crowned 21.2% (median year 34) · 3.4s
try  5 · gen  230 · best   1009.4 · elite    491.1 · median    108.1 · years  28.1 · road 0.29 · starved   622 · nobles  +0.5 · read 21.7 · walls  0.8 · fell 85.5% (mother 23.6%) · prince 17.7% · king 15.3% · crowned 13.5% (median year 57) · 3.4s
try  6 · gen  230 · best    776.6 · elite    462.3 · median     83.1 · years  50.4 · road 0.43 · starved  2555 · nobles  +2.0 · read 74.5 · walls  3.5 · fell 83.3% (mother 45.6%) · prince 35.7% · king 23.2% · crowned 14.5% (median year 58) · 3.4s
try  7 · gen  230 · best   1181.0 · elite    740.5 · median    200.8 · years  22.6 · road 0.39 · starved   657 · nobles  +4.5 · read 24.9 · walls  2.0 · fell 78.2% (mother 14.0%) · prince 26.4% · king 23.6% · crowned 21.8% (median year 35) · 3.4s
try  8 · gen  230 · best    877.1 · elite    545.6 · median    135.2 · years  43.2 · road 0.47 · starved  2021 · nobles  -0.9 · read 57.1 · walls  4.3 · fell 82.9% (mother 57.2%) · prince 41.9% · king 26.9% · crowned 16.3% (median year 52) · 3.4s
try  1 · gen  231 · best   1214.4 · elite    740.5 · median    221.8 · years  23.6 · road 0.37 · starved   584 · nobles  +3.0 · read  7.8 · walls  1.4 · fell 77.9% (mother 18.8%) · prince 30.8% · king 26.3% · crowned 22.1% (median year 33) · 3.6s
try  2 · gen  231 · best   1377.3 · elite    773.3 · median    237.7 · years  22.1 · road 0.39 · starved   607 · nobles  +3.7 · read 24.2 · walls  1.7 · fell 74.5% (mother 13.4%) · prince 30.5% · king 28.6% · crowned 25.5% (median year 33) · 3.6s
try  3 · gen  231 · best   1099.9 · elite    612.7 · median    185.2 · years  23.9 · road 0.37 · starved   488 · nobles  -0.5 · read 20.7 · walls  2.6 · fell 82.2% (mother 17.1%) · prince 23.2% · king 20.4% · crowned 17.5% (median year 35) · 3.6s
try  4 · gen  231 · best    985.8 · elite    714.1 · median    207.2 · years  24.1 · road 0.38 · starved   630 · nobles  +4.2 · read 16.9 · walls  1.1 · fell 78.6% (mother 16.8%) · prince 28.9% · king 24.4% · crowned 21.4% (median year 34) · 3.6s
try  5 · gen  231 · best    837.5 · elite    460.4 · median    114.6 · years  28.2 · road 0.29 · starved   623 · nobles  +0.6 · read 22.0 · walls  0.8 · fell 85.6% (mother 23.2%) · prince 17.9% · king 15.5% · crowned 13.6% (median year 56) · 3.6s
try  6 · gen  231 · best   1070.2 · elite    499.5 · median     98.2 · years  50.5 · road 0.43 · starved  2372 · nobles  +2.3 · read 74.7 · walls  3.5 · fell 81.7% (mother 43.2%) · prince 36.4% · king 24.3% · crowned 15.7% (median year 58) · 3.6s
try  7 · gen  231 · best   1386.1 · elite    740.6 · median    204.4 · years  22.9 · road 0.39 · starved   660 · nobles  +4.7 · read 25.6 · walls  2.1 · fell 78.1% (mother 14.9%) · prince 26.5% · king 23.7% · crowned 21.9% (median year 35) · 3.6s
try  8 · gen  231 · best    984.5 · elite    586.4 · median    153.9 · years  44.6 · road 0.48 · starved  2023 · nobles  -0.5 · read 59.1 · walls  4.4 · fell 81.8% (mother 56.4%) · prince 45.1% · king 30.0% · crowned 17.5% (median year 52) · 3.6s
try  1 · gen  232 · best   1164.6 · elite    749.8 · median    214.9 · years  23.8 · road 0.37 · starved   547 · nobles  +3.0 · read  7.9 · walls  1.4 · fell 78.1% (mother 18.9%) · prince 29.9% · king 25.8% · crowned 21.9% (median year 33) · 3.4s
try  2 · gen  232 · best   1213.0 · elite    812.7 · median    228.7 · years  21.4 · road 0.40 · starved   633 · nobles  +3.3 · read 23.4 · walls  1.8 · fell 75.6% (mother 14.9%) · prince 29.9% · king 27.8% · crowned 24.4% (median year 32) · 3.4s
try  3 · gen  232 · best   1027.6 · elite    633.7 · median    184.3 · years  24.1 · road 0.37 · starved   521 · nobles  -0.6 · read 20.9 · walls  2.6 · fell 82.2% (mother 18.2%) · prince 23.8% · king 20.7% · crowned 17.5% (median year 36) · 3.4s
try  4 · gen  232 · best   1150.5 · elite    737.0 · median    205.9 · years  23.9 · road 0.38 · starved   632 · nobles  +3.8 · read 17.2 · walls  1.2 · fell 77.9% (mother 15.7%) · prince 28.9% · king 24.8% · crowned 22.1% (median year 35) · 3.4s
try  5 · gen  232 · best    808.4 · elite    463.8 · median    110.1 · years  28.5 · road 0.29 · starved   732 · nobles  +0.5 · read 22.0 · walls  0.7 · fell 85.8% (mother 24.7%) · prince 18.2% · king 15.4% · crowned 13.2% (median year 58) · 3.4s
try  6 · gen  232 · best    843.4 · elite    477.5 · median    109.3 · years  48.9 · road 0.42 · starved  2282 · nobles  +2.5 · read 71.3 · walls  3.4 · fell 82.2% (mother 42.6%) · prince 36.3% · king 24.9% · crowned 15.9% (median year 56) · 3.4s
try  7 · gen  232 · best   1155.4 · elite    736.6 · median    202.8 · years  22.7 · road 0.40 · starved   682 · nobles  +4.4 · read 25.5 · walls  2.2 · fell 78.7% (mother 13.6%) · prince 25.6% · king 23.3% · crowned 21.3% (median year 35) · 3.4s
try  8 · gen  232 · best    996.0 · elite    585.2 · median    159.7 · years  44.8 · road 0.48 · starved  2009 · nobles  -0.1 · read 59.1 · walls  4.3 · fell 81.0% (mother 54.5%) · prince 44.5% · king 29.6% · crowned 18.3% (median year 53) · 3.4s
try  1 · gen  233 · best   1126.3 · elite    747.4 · median    213.6 · years  23.5 · road 0.36 · starved   534 · nobles  +2.9 · read  7.8 · walls  1.2 · fell 78.3% (mother 18.0%) · prince 29.4% · king 25.8% · crowned 21.7% (median year 33) · 4.2s
try  2 · gen  233 · best   1151.5 · elite    785.1 · median    244.0 · years  21.5 · road 0.40 · starved   633 · nobles  +3.2 · read 23.5 · walls  1.8 · fell 75.1% (mother 15.9%) · prince 30.0% · king 28.0% · crowned 24.9% (median year 32) · 4.2s
try  3 · gen  233 · best   1358.7 · elite    625.5 · median    178.8 · years  23.9 · road 0.37 · starved   519 · nobles  -0.9 · read 20.7 · walls  2.6 · fell 82.9% (mother 18.9%) · prince 22.9% · king 20.1% · crowned 16.8% (median year 35) · 4.2s
try  4 · gen  233 · best   1137.0 · elite    732.9 · median    212.7 · years  24.1 · road 0.38 · starved   619 · nobles  +3.9 · read 17.3 · walls  1.1 · fell 78.1% (mother 15.9%) · prince 29.5% · king 25.0% · crowned 21.9% (median year 34) · 4.2s
try  5 · gen  233 · best    827.9 · elite    468.2 · median    109.0 · years  27.9 · road 0.29 · starved   673 · nobles  +0.5 · read 21.6 · walls  0.8 · fell 85.6% (mother 25.3%) · prince 18.1% · king 15.5% · crowned 13.6% (median year 56) · 4.2s
try  6 · gen  233 · best    812.2 · elite    492.2 · median    100.1 · years  49.2 · road 0.43 · starved  2311 · nobles  +2.2 · read 71.3 · walls  3.5 · fell 82.3% (mother 44.7%) · prince 37.3% · king 24.1% · crowned 15.9% (median year 55) · 4.2s
try  7 · gen  233 · best   1146.7 · elite    720.2 · median    196.6 · years  22.8 · road 0.40 · starved   673 · nobles  +3.8 · read 25.9 · walls  2.3 · fell 78.8% (mother 14.8%) · prince 25.5% · king 23.2% · crowned 21.1% (median year 35) · 4.2s
try  8 · gen  233 · best    965.6 · elite    553.2 · median    156.2 · years  44.3 · road 0.47 · starved  2007 · nobles  -0.0 · read 58.1 · walls  4.1 · fell 81.2% (mother 52.4%) · prince 42.6% · king 28.6% · crowned 18.0% (median year 52) · 4.2s
try  1 · gen  234 · best   1160.4 · elite    755.5 · median    216.0 · years  23.5 · road 0.36 · starved   514 · nobles  +3.4 · read  7.0 · walls  1.2 · fell 77.4% (mother 18.1%) · prince 29.6% · king 26.2% · crowned 22.6% (median year 34) · 3.5s
try  2 · gen  234 · best   1383.8 · elite    796.7 · median    230.0 · years  21.5 · road 0.40 · starved   627 · nobles  +3.1 · read 24.3 · walls  1.9 · fell 75.4% (mother 16.4%) · prince 29.7% · king 27.8% · crowned 24.6% (median year 31) · 3.5s
try  3 · gen  234 · best    977.2 · elite    635.0 · median    178.5 · years  23.7 · road 0.37 · starved   512 · nobles  -1.1 · read 20.7 · walls  2.8 · fell 83.0% (mother 18.4%) · prince 22.3% · king 19.6% · crowned 16.9% (median year 35) · 3.5s
try  4 · gen  234 · best   1226.8 · elite    718.7 · median    206.4 · years  23.8 · road 0.38 · starved   607 · nobles  +3.7 · read 17.0 · walls  1.0 · fell 78.6% (mother 16.7%) · prince 29.1% · king 24.5% · crowned 21.4% (median year 34) · 3.5s
try  5 · gen  234 · best   1031.5 · elite    460.2 · median    104.2 · years  28.5 · road 0.29 · starved  1116 · nobles  +0.6 · read 21.4 · walls  0.8 · fell 85.7% (mother 24.8%) · prince 18.0% · king 15.3% · crowned 13.1% (median year 57) · 3.5s
try  6 · gen  234 · best    927.1 · elite    483.7 · median     96.1 · years  49.3 · road 0.43 · starved  2294 · nobles  +1.7 · read 70.7 · walls  3.4 · fell 83.1% (mother 46.5%) · prince 36.7% · king 23.6% · crowned 14.6% (median year 57) · 3.5s
try  7 · gen  234 · best   1170.7 · elite    733.5 · median    198.8 · years  22.8 · road 0.40 · starved   638 · nobles  +4.2 · read 25.9 · walls  2.3 · fell 78.4% (mother 12.6%) · prince 25.4% · king 23.0% · crowned 21.6% (median year 35) · 3.5s
try  8 · gen  234 · best    943.2 · elite    567.8 · median    156.1 · years  45.7 · road 0.48 · starved  2048 · nobles  +0.2 · read 59.6 · walls  4.2 · fell 80.2% (mother 52.4%) · prince 43.6% · king 30.0% · crowned 18.8% (median year 55) · 3.5s
try  1 · gen  235 · best   1175.8 · elite    733.9 · median    214.1 · years  23.9 · road 0.36 · starved   567 · nobles  +3.1 · read  7.0 · walls  1.2 · fell 78.0% (mother 18.5%) · prince 30.0% · king 26.0% · crowned 22.0% (median year 33) · 3.5s
try  2 · gen  235 · best   1413.0 · elite    803.9 · median    232.8 · years  21.3 · road 0.40 · starved   619 · nobles  +3.1 · read 24.4 · walls  1.9 · fell 75.5% (mother 16.1%) · prince 29.9% · king 27.5% · crowned 24.5% (median year 32) · 3.5s
try  3 · gen  235 · best   1155.2 · elite    654.3 · median    183.8 · years  23.8 · road 0.37 · starved   499 · nobles  -0.7 · read 20.6 · walls  2.9 · fell 82.4% (mother 18.7%) · prince 22.8% · king 20.4% · crowned 17.4% (median year 35) · 3.5s
try  4 · gen  235 · best   1154.5 · elite    773.8 · median    218.7 · years  24.2 · road 0.38 · starved   613 · nobles  +4.1 · read 16.8 · walls  1.0 · fell 77.1% (mother 15.2%) · prince 29.9% · king 25.7% · crowned 22.9% (median year 35) · 3.5s
try  5 · gen  235 · best    806.9 · elite    467.5 · median     94.9 · years  28.6 · road 0.29 · starved   669 · nobles  +0.5 · read 22.0 · walls  0.8 · fell 85.8% (mother 24.4%) · prince 18.2% · king 15.5% · crowned 12.9% (median year 57) · 3.5s
try  6 · gen  235 · best    921.0 · elite    517.5 · median    114.7 · years  49.3 · road 0.43 · starved  2271 · nobles  +2.0 · read 69.5 · walls  3.4 · fell 81.5% (mother 45.4%) · prince 38.3% · king 26.2% · crowned 16.8% (median year 55) · 3.5s
try  7 · gen  235 · best   1122.5 · elite    725.4 · median    204.1 · years  23.3 · road 0.40 · starved   701 · nobles  +4.3 · read 26.4 · walls  2.3 · fell 78.1% (mother 14.2%) · prince 26.5% · king 23.5% · crowned 21.9% (median year 34) · 3.5s
try  8 · gen  235 · best    924.6 · elite    578.5 · median    159.3 · years  44.0 · road 0.46 · starved  1991 · nobles  +1.2 · read 56.2 · walls  4.0 · fell 79.6% (mother 52.6%) · prince 41.5% · king 29.5% · crowned 19.2% (median year 55) · 3.5s
try  1 · gen  236 · best   1370.8 · elite    758.1 · median    229.2 · years  23.5 · road 0.37 · starved   562 · nobles  +3.0 · read  7.1 · walls  1.3 · fell 77.4% (mother 18.6%) · prince 30.5% · king 26.7% · crowned 22.6% (median year 33) · 3.4s
try  2 · gen  236 · best   1176.4 · elite    728.9 · median    236.9 · years  21.4 · road 0.40 · starved   618 · nobles  +2.7 · read 25.0 · walls  1.9 · fell 76.1% (mother 17.2%) · prince 29.3% · king 27.3% · crowned 23.9% (median year 31) · 3.4s
try  3 · gen  236 · best   1173.1 · elite    683.1 · median    184.8 · years  23.9 · road 0.37 · starved   479 · nobles  -0.4 · read 20.4 · walls  2.8 · fell 82.0% (mother 16.2%) · prince 23.2% · king 20.8% · crowned 17.9% (median year 34) · 3.4s
try  4 · gen  236 · best   1111.2 · elite    729.1 · median    208.7 · years  23.6 · road 0.38 · starved   604 · nobles  +3.9 · read 15.9 · walls  1.0 · fell 78.0% (mother 15.9%) · prince 29.3% · king 25.1% · crowned 22.0% (median year 34) · 3.4s
try  5 · gen  236 · best    961.8 · elite    477.8 · median    112.1 · years  28.7 · road 0.29 · starved   641 · nobles  +0.9 · read 22.7 · walls  1.0 · fell 85.3% (mother 24.9%) · prince 18.1% · king 15.4% · crowned 13.6% (median year 58) · 3.4s
try  6 · gen  236 · best    959.4 · elite    489.9 · median    105.8 · years  48.8 · road 0.43 · starved  2317 · nobles  +1.8 · read 69.6 · walls  3.3 · fell 82.9% (mother 46.7%) · prince 37.8% · king 24.9% · crowned 15.8% (median year 56) · 3.4s
try  7 · gen  236 · best   1162.9 · elite    709.1 · median    210.2 · years  23.5 · road 0.40 · starved   684 · nobles  +4.1 · read 27.1 · walls  2.3 · fell 78.5% (mother 14.9%) · prince 27.0% · king 23.6% · crowned 21.5% (median year 34) · 3.4s
try  8 · gen  236 · best    976.0 · elite    577.5 · median    164.6 · years  43.4 · road 0.46 · starved  1962 · nobles  +1.2 · read 55.9 · walls  3.9 · fell 79.2% (mother 51.9%) · prince 42.0% · king 30.2% · crowned 20.0% (median year 53) · 3.4s
try  1 · gen  237 · best   1186.0 · elite    765.3 · median    225.2 · years  22.9 · road 0.37 · starved   556 · nobles  +2.7 · read  6.5 · walls  1.3 · fell 77.8% (mother 19.0%) · prince 30.1% · king 26.5% · crowned 22.2% (median year 32) · 4.0s
try  2 · gen  237 · best   1227.8 · elite    771.1 · median    228.3 · years  21.0 · road 0.40 · starved   605 · nobles  +3.3 · read 24.4 · walls  1.9 · fell 75.5% (mother 17.1%) · prince 29.3% · king 27.2% · crowned 24.5% (median year 31) · 4.0s
try  3 · gen  237 · best   1106.0 · elite    650.8 · median    182.8 · years  23.9 · road 0.37 · starved   492 · nobles  -0.6 · read 20.3 · walls  2.7 · fell 82.3% (mother 17.4%) · prince 23.1% · king 20.5% · crowned 17.6% (median year 35) · 4.0s
try  4 · gen  237 · best   1351.6 · elite    717.6 · median    215.2 · years  23.8 · road 0.38 · starved   616 · nobles  +3.5 · read 16.2 · walls  0.9 · fell 78.3% (mother 16.7%) · prince 29.3% · king 24.9% · crowned 21.6% (median year 34) · 4.0s
try  5 · gen  237 · best    777.5 · elite    473.0 · median    108.5 · years  29.1 · road 0.29 · starved   657 · nobles  +1.2 · read 23.3 · walls  1.0 · fell 84.9% (mother 23.0%) · prince 18.6% · king 15.6% · crowned 13.7% (median year 59) · 4.0s
try  6 · gen  237 · best    901.2 · elite    533.1 · median    115.9 · years  48.7 · road 0.43 · starved  2237 · nobles  +2.1 · read 67.8 · walls  3.2 · fell 81.1% (mother 45.8%) · prince 38.3% · king 26.7% · crowned 17.2% (median year 56) · 4.0s
try  7 · gen  237 · best   1018.5 · elite    724.9 · median    202.6 · years  23.0 · road 0.41 · starved   671 · nobles  +3.8 · read 26.7 · walls  2.5 · fell 78.7% (mother 15.3%) · prince 26.1% · king 23.5% · crowned 21.3% (median year 33) · 4.0s
try  8 · gen  237 · best    951.3 · elite    597.4 · median    158.9 · years  43.0 · road 0.46 · starved  1982 · nobles  +1.4 · read 55.9 · walls  3.8 · fell 79.7% (mother 52.2%) · prince 40.3% · king 29.6% · crowned 19.5% (median year 53) · 4.0s
try  1 · gen  238 · best   1189.9 · elite    739.7 · median    224.6 · years  22.8 · road 0.37 · starved   556 · nobles  +2.7 · read  6.0 · walls  1.2 · fell 77.8% (mother 19.3%) · prince 30.2% · king 26.4% · crowned 22.1% (median year 32) · 3.3s
try  2 · gen  238 · best   1180.6 · elite    803.6 · median    231.6 · years  21.2 · road 0.40 · starved   605 · nobles  +2.9 · read 24.6 · walls  1.9 · fell 75.4% (mother 17.4%) · prince 29.3% · king 27.2% · crowned 24.6% (median year 32) · 3.3s
try  3 · gen  238 · best   1125.3 · elite    647.7 · median    190.2 · years  24.1 · road 0.37 · starved   490 · nobles  -0.3 · read 20.6 · walls  2.6 · fell 81.5% (mother 15.6%) · prince 23.6% · king 21.1% · crowned 18.4% (median year 35) · 3.3s
try  4 · gen  238 · best   1191.6 · elite    726.0 · median    212.9 · years  24.0 · road 0.38 · starved   578 · nobles  +3.3 · read 15.8 · walls  0.9 · fell 78.0% (mother 16.5%) · prince 29.3% · king 24.8% · crowned 21.9% (median year 35) · 3.3s
try  5 · gen  238 · best    816.4 · elite    475.7 · median    106.4 · years  28.8 · road 0.29 · starved   651 · nobles  +1.1 · read 22.4 · walls  0.9 · fell 85.1% (mother 24.4%) · prince 18.6% · king 15.8% · crowned 13.7% (median year 58) · 3.3s
try  6 · gen  238 · best    761.2 · elite    513.2 · median    119.2 · years  47.3 · road 0.43 · starved  2174 · nobles  +2.0 · read 64.2 · walls  3.1 · fell 81.8% (mother 48.0%) · prince 37.3% · king 25.9% · crowned 16.7% (median year 55) · 3.3s
try  7 · gen  238 · best   1114.6 · elite    729.9 · median    207.9 · years  22.7 · road 0.41 · starved   675 · nobles  +3.9 · read 26.9 · walls  2.4 · fell 78.7% (mother 16.3%) · prince 26.3% · king 23.4% · crowned 21.3% (median year 33) · 3.3s
try  8 · gen  238 · best   1057.7 · elite    618.2 · median    162.2 · years  39.9 · road 0.44 · starved  1897 · nobles  +1.9 · read 51.5 · walls  3.5 · fell 79.7% (mother 51.3%) · prince 41.9% · king 28.8% · crowned 19.7% (median year 51) · 3.3s
try  1 · gen  239 · best   1219.9 · elite    782.1 · median    213.5 · years  23.0 · road 0.37 · starved   567 · nobles  +2.7 · read  6.4 · walls  1.2 · fell 77.7% (mother 19.2%) · prince 30.4% · king 26.5% · crowned 22.3% (median year 33) · 3.4s
try  2 · gen  239 · best   1145.2 · elite    783.7 · median    239.1 · years  21.3 · road 0.40 · starved   589 · nobles  +3.2 · read 25.1 · walls  2.0 · fell 75.0% (mother 15.9%) · prince 30.1% · king 27.7% · crowned 25.0% (median year 31) · 3.4s
try  3 · gen  239 · best   1166.5 · elite    707.2 · median    189.0 · years  23.5 · road 0.37 · starved   479 · nobles  -0.1 · read 20.2 · walls  2.7 · fell 81.3% (mother 15.2%) · prince 23.8% · king 21.3% · crowned 18.6% (median year 33) · 3.4s
try  4 · gen  239 · best   1320.1 · elite    746.5 · median    217.3 · years  24.2 · road 0.37 · starved   561 · nobles  +3.7 · read 15.6 · walls  0.8 · fell 77.3% (mother 15.0%) · prince 29.1% · king 25.4% · crowned 22.7% (median year 35) · 3.4s
try  5 · gen  239 · best    811.1 · elite    477.2 · median    103.8 · years  29.0 · road 0.29 · starved   712 · nobles  +1.0 · read 22.2 · walls  0.8 · fell 85.4% (mother 25.6%) · prince 18.6% · king 15.6% · crowned 13.4% (median year 59) · 3.4s
try  6 · gen  239 · best   1174.1 · elite    537.6 · median    139.0 · years  47.6 · road 0.44 · starved  2130 · nobles  +2.4 · read 62.6 · walls  3.2 · fell 79.9% (mother 46.6%) · prince 39.0% · king 28.0% · crowned 18.6% (median year 54) · 3.4s
try  7 · gen  239 · best   1198.4 · elite    732.8 · median    203.8 · years  22.4 · road 0.41 · starved   694 · nobles  +3.7 · read 26.8 · walls  2.5 · fell 78.8% (mother 17.5%) · prince 26.2% · king 23.3% · crowned 21.1% (median year 32) · 3.4s
try  8 · gen  239 · best   1016.1 · elite    671.4 · median    179.6 · years  39.1 · road 0.45 · starved  1865 · nobles  +2.7 · read 51.2 · walls  3.5 · fell 78.6% (mother 49.8%) · prince 44.5% · king 31.0% · crowned 20.8% (median year 47) · 3.4s
try  1 · gen  240 · best   1161.6 · elite    751.1 · median    219.8 · years  22.9 · road 0.37 · starved   560 · nobles  +2.8 · read  6.2 · walls  1.2 · fell 77.3% (mother 18.8%) · prince 30.2% · king 26.8% · crowned 22.7% (median year 33) · 3.3s
try  2 · gen  240 · best   1220.9 · elite    793.8 · median    230.0 · years  21.3 · road 0.40 · starved   609 · nobles  +2.8 · read 25.6 · walls  2.0 · fell 75.8% (mother 17.8%) · prince 29.5% · king 26.9% · crowned 24.2% (median year 31) · 3.3s
try  3 · gen  240 · best   1131.5 · elite    671.7 · median    195.2 · years  23.6 · road 0.37 · starved   500 · nobles  -0.2 · read 20.5 · walls  2.8 · fell 81.1% (mother 17.6%) · prince 24.2% · king 21.8% · crowned 18.9% (median year 34) · 3.3s
try  4 · gen  240 · best   1168.8 · elite    768.3 · median    206.1 · years  24.3 · road 0.37 · starved   549 · nobles  +3.8 · read 15.1 · walls  0.8 · fell 77.1% (mother 15.3%) · prince 29.2% · king 25.3% · crowned 22.8% (median year 35) · 3.3s
try  5 · gen  240 · best    882.6 · elite    472.3 · median     96.1 · years  29.5 · road 0.29 · starved   673 · nobles  +1.0 · read 22.9 · walls  0.8 · fell 85.4% (mother 24.4%) · prince 18.8% · king 15.6% · crowned 13.1% (median year 59) · 3.3s
try  6 · gen  240 · best    866.6 · elite    552.8 · median    138.2 · years  48.4 · road 0.44 · starved  2140 · nobles  +2.5 · read 61.4 · walls  3.1 · fell 80.3% (mother 47.8%) · prince 39.0% · king 28.3% · crowned 18.2% (median year 56) · 3.3s
try  7 · gen  240 · best   1133.1 · elite    724.4 · median    210.3 · years  22.7 · road 0.41 · starved   692 · nobles  +4.1 · read 27.4 · walls  2.5 · fell 78.7% (mother 17.8%) · prince 27.1% · king 23.6% · crowned 21.2% (median year 33) · 3.3s
try  8 · gen  240 · best   1059.9 · elite    694.2 · median    201.2 · years  36.8 · road 0.44 · starved  1750 · nobles  +2.7 · read 48.4 · walls  3.3 · fell 78.5% (mother 49.4%) · prince 43.4% · king 30.5% · crowned 21.1% (median year 43) · 3.3s
try  1 · gen  241 · best   1153.7 · elite    748.6 · median    224.4 · years  23.3 · road 0.37 · starved   573 · nobles  +2.6 · read  6.3 · walls  1.2 · fell 77.9% (mother 19.1%) · prince 29.8% · king 26.4% · crowned 22.1% (median year 33) · 3.3s
try  2 · gen  241 · best   1348.1 · elite    772.1 · median    226.3 · years  21.4 · road 0.40 · starved   619 · nobles  +3.1 · read 25.3 · walls  1.9 · fell 76.0% (mother 17.6%) · prince 29.5% · king 26.6% · crowned 24.0% (median year 32) · 3.3s
try  3 · gen  241 · best   1204.3 · elite    680.2 · median    196.0 · years  23.7 · road 0.37 · starved   484 · nobles  +0.0 · read 20.5 · walls  2.9 · fell 81.0% (mother 16.5%) · prince 24.3% · king 21.9% · crowned 18.9% (median year 33) · 3.3s
try  4 · gen  241 · best   1117.2 · elite    727.3 · median    210.0 · years  24.3 · road 0.37 · starved   561 · nobles  +3.7 · read 15.5 · walls  0.8 · fell 77.8% (mother 16.0%) · prince 29.1% · king 25.2% · crowned 22.1% (median year 35) · 3.3s
try  5 · gen  241 · best    825.0 · elite    470.6 · median    113.8 · years  29.1 · road 0.29 · starved   641 · nobles  +1.1 · read 22.4 · walls  0.8 · fell 85.1% (mother 24.2%) · prince 18.6% · king 15.8% · crowned 13.6% (median year 58) · 3.3s
try  6 · gen  241 · best    937.9 · elite    526.8 · median    111.0 · years  46.9 · road 0.43 · starved  2146 · nobles  +2.3 · read 56.5 · walls  3.0 · fell 81.5% (mother 49.4%) · prince 36.2% · king 27.2% · crowned 17.1% (median year 57) · 3.3s
try  7 · gen  241 · best   1143.0 · elite    732.6 · median    209.6 · years  22.6 · road 0.41 · starved   721 · nobles  +4.1 · read 27.2 · walls  2.5 · fell 78.2% (mother 16.8%) · prince 26.9% · king 24.1% · crowned 21.8% (median year 32) · 3.3s
try  8 · gen  241 · best   1120.4 · elite    698.5 · median    206.3 · years  36.5 · road 0.46 · starved  1737 · nobles  +2.1 · read 48.4 · walls  3.4 · fell 78.8% (mother 48.4%) · prince 44.8% · king 31.8% · crowned 21.0% (median year 40) · 3.3s
try  1 · gen  242 · best   1166.4 · elite    755.2 · median    221.9 · years  22.9 · road 0.37 · starved   568 · nobles  +2.3 · read  6.4 · walls  1.2 · fell 77.9% (mother 18.9%) · prince 29.9% · king 26.5% · crowned 22.1% (median year 33) · 3.4s
try  2 · gen  242 · best   1159.9 · elite    806.0 · median    218.9 · years  21.4 · road 0.40 · starved   584 · nobles  +3.6 · read 25.4 · walls  1.9 · fell 75.1% (mother 15.3%) · prince 30.2% · king 27.6% · crowned 25.0% (median year 32) · 3.4s
try  3 · gen  242 · best    958.5 · elite    673.7 · median    192.1 · years  23.3 · road 0.37 · starved   486 · nobles  -0.2 · read 20.2 · walls  2.9 · fell 81.1% (mother 16.0%) · prince 23.8% · king 21.5% · crowned 18.8% (median year 33) · 3.4s
try  4 · gen  242 · best   1071.6 · elite    723.1 · median    212.0 · years  23.7 · road 0.37 · starved   549 · nobles  +3.6 · read 14.9 · walls  0.8 · fell 78.2% (mother 16.5%) · prince 28.4% · king 24.5% · crowned 21.8% (median year 34) · 3.4s
try  5 · gen  242 · best    781.7 · elite    464.2 · median    120.5 · years  29.2 · road 0.29 · starved   888 · nobles  +1.1 · read 22.5 · walls  0.7 · fell 84.7% (mother 23.8%) · prince 18.9% · king 16.1% · crowned 14.0% (median year 57) · 3.4s
try  6 · gen  242 · best   1052.2 · elite    559.2 · median    143.2 · years  48.1 · road 0.44 · starved  2108 · nobles  +2.7 · read 59.6 · walls  3.1 · fell 79.6% (mother 49.0%) · prince 39.4% · king 29.3% · crowned 19.1% (median year 56) · 3.4s
try  7 · gen  242 · best   1151.1 · elite    729.4 · median    206.4 · years  22.6 · road 0.41 · starved   701 · nobles  +4.3 · read 26.8 · walls  2.5 · fell 78.7% (mother 16.2%) · prince 26.3% · king 23.5% · crowned 21.4% (median year 32) · 3.4s
try  8 · gen  242 · best   1128.6 · elite    681.1 · median    216.7 · years  34.8 · road 0.45 · starved  1652 · nobles  +1.9 · read 46.6 · walls  3.3 · fell 78.9% (mother 48.0%) · prince 44.4% · king 30.8% · crowned 20.9% (median year 38) · 3.4s
try  1 · gen  243 · best   1149.2 · elite    740.6 · median    229.5 · years  23.0 · road 0.37 · starved   583 · nobles  +2.6 · read  6.7 · walls  1.2 · fell 77.7% (mother 19.7%) · prince 30.6% · king 26.9% · crowned 22.3% (median year 32) · 3.3s
try  2 · gen  243 · best   1165.1 · elite    784.2 · median    264.6 · years  21.7 · road 0.40 · starved   588 · nobles  +3.1 · read 25.8 · walls  1.9 · fell 74.8% (mother 16.4%) · prince 30.2% · king 27.8% · crowned 25.2% (median year 32) · 3.3s
try  3 · gen  243 · best   1117.7 · elite    672.8 · median    191.2 · years  23.0 · road 0.37 · starved   506 · nobles  -0.5 · read 19.9 · walls  2.7 · fell 81.4% (mother 17.0%) · prince 24.0% · king 21.5% · crowned 18.5% (median year 33) · 3.3s
try  4 · gen  243 · best   1348.5 · elite    732.4 · median    203.1 · years  23.3 · road 0.37 · starved   558 · nobles  +3.1 · read 15.2 · walls  0.8 · fell 78.8% (mother 17.0%) · prince 27.9% · king 23.9% · crowned 21.1% (median year 34) · 3.3s
try  5 · gen  243 · best    861.2 · elite    490.0 · median    122.8 · years  28.8 · road 0.29 · starved   651 · nobles  +1.0 · read 22.5 · walls  0.6 · fell 84.6% (mother 22.7%) · prince 19.0% · king 16.2% · crowned 14.2% (median year 56) · 3.3s
try  6 · gen  243 · best    869.1 · elite    560.0 · median    153.4 · years  49.1 · road 0.44 · starved  2134 · nobles  +2.9 · read 61.2 · walls  3.1 · fell 78.3% (mother 47.7%) · prince 40.3% · king 30.0% · crowned 20.2% (median year 56) · 3.3s
try  7 · gen  243 · best   1197.6 · elite    720.9 · median    211.1 · years  22.8 · road 0.41 · starved   675 · nobles  +4.6 · read 27.1 · walls  2.5 · fell 78.0% (mother 15.8%) · prince 27.1% · king 24.6% · crowned 22.0% (median year 33) · 3.3s
try  8 · gen  243 · best   1098.4 · elite    664.5 · median    182.4 · years  35.7 · road 0.45 · starved  1767 · nobles  +1.2 · read 48.7 · walls  3.3 · fell 80.3% (mother 50.7%) · prince 43.6% · king 30.5% · crowned 19.4% (median year 40) · 3.3s
try  1 · gen  244 · best   1171.1 · elite    755.6 · median    231.4 · years  22.8 · road 0.37 · starved   544 · nobles  +2.7 · read  7.3 · walls  1.2 · fell 77.9% (mother 18.5%) · prince 30.3% · king 26.6% · crowned 22.1% (median year 33) · 3.3s
try  2 · gen  244 · best   1155.1 · elite    767.5 · median    249.5 · years  21.6 · road 0.40 · starved   594 · nobles  +3.0 · read 25.5 · walls  1.9 · fell 75.1% (mother 15.9%) · prince 30.0% · king 27.6% · crowned 24.9% (median year 32) · 3.3s
try  3 · gen  244 · best   1024.3 · elite    649.8 · median    184.6 · years  23.1 · road 0.38 · starved   546 · nobles  -0.8 · read 20.1 · walls  2.9 · fell 82.4% (mother 19.6%) · prince 24.1% · king 20.6% · crowned 17.6% (median year 33) · 3.3s
try  4 · gen  244 · best   1079.5 · elite    738.9 · median    215.3 · years  23.4 · road 0.37 · starved   574 · nobles  +3.7 · read 14.6 · walls  0.8 · fell 77.6% (mother 16.9%) · prince 29.1% · king 24.9% · crowned 22.4% (median year 34) · 3.3s
try  5 · gen  244 · best    833.9 · elite    476.8 · median    115.0 · years  29.6 · road 0.28 · starved   709 · nobles  +1.0 · read 23.0 · walls  0.6 · fell 85.0% (mother 22.8%) · prince 19.0% · king 16.1% · crowned 13.9% (median year 57) · 3.3s
try  6 · gen  244 · best    920.0 · elite    552.7 · median    137.9 · years  48.1 · road 0.44 · starved  2109 · nobles  +2.8 · read 59.0 · walls  2.9 · fell 79.5% (mother 46.6%) · prince 38.2% · king 29.0% · crowned 19.2% (median year 57) · 3.3s
try  7 · gen  244 · best   1166.9 · elite    742.1 · median    207.2 · years  22.8 · road 0.41 · starved   658 · nobles  +4.3 · read 27.1 · walls  2.5 · fell 78.2% (mother 16.5%) · prince 27.2% · king 24.6% · crowned 21.9% (median year 33) · 3.3s
try  8 · gen  244 · best   1100.0 · elite    678.1 · median    215.7 · years  35.0 · road 0.45 · starved  1740 · nobles  +1.7 · read 47.7 · walls  3.3 · fell 78.9% (mother 51.0%) · prince 44.0% · king 31.4% · crowned 20.9% (median year 39) · 3.3s
try  1 · gen  245 · best   1183.0 · elite    775.2 · median    225.0 · years  22.6 · road 0.36 · starved   512 · nobles  +2.6 · read  8.3 · walls  1.2 · fell 77.1% (mother 18.5%) · prince 30.1% · king 26.8% · crowned 22.9% (median year 32) · 3.3s
try  2 · gen  245 · best   1226.2 · elite    818.0 · median    277.4 · years  21.6 · road 0.40 · starved   567 · nobles  +3.3 · read 25.5 · walls  1.9 · fell 74.1% (mother 13.2%) · prince 30.7% · king 28.6% · crowned 25.9% (median year 32) · 3.3s
try  3 · gen  245 · best   1157.5 · elite    684.2 · median    193.1 · years  23.3 · road 0.38 · starved   521 · nobles  -0.5 · read 20.3 · walls  3.0 · fell 81.7% (mother 18.0%) · prince 23.9% · king 21.1% · crowned 18.3% (median year 33) · 3.3s
try  4 · gen  245 · best   1322.4 · elite    727.6 · median    204.5 · years  23.1 · road 0.37 · starved   580 · nobles  +3.3 · read 13.6 · walls  0.8 · fell 78.6% (mother 17.6%) · prince 28.2% · king 24.1% · crowned 21.4% (median year 34) · 3.3s
try  5 · gen  245 · best    826.1 · elite    448.5 · median    109.6 · years  29.3 · road 0.29 · starved   697 · nobles  +0.8 · read 22.3 · walls  0.6 · fell 85.1% (mother 24.4%) · prince 19.0% · king 15.8% · crowned 13.4% (median year 57) · 3.3s
try  6 · gen  245 · best    943.9 · elite    534.8 · median    141.3 · years  48.0 · road 0.43 · starved  2127 · nobles  +3.2 · read 56.1 · walls  2.9 · fell 79.1% (mother 47.6%) · prince 38.5% · king 28.5% · crowned 19.6% (median year 58) · 3.3s
try  7 · gen  245 · best   1172.4 · elite    753.9 · median    215.6 · years  23.6 · road 0.41 · starved   653 · nobles  +4.8 · read 28.1 · walls  2.5 · fell 77.6% (mother 15.5%) · prince 27.6% · king 24.9% · crowned 22.4% (median year 33) · 3.3s
try  8 · gen  245 · best   1064.4 · elite    709.1 · median    220.4 · years  34.0 · road 0.45 · starved  1693 · nobles  +1.8 · read 46.8 · walls  3.4 · fell 77.8% (mother 49.2%) · prince 44.7% · king 32.6% · crowned 22.1% (median year 38) · 3.3s
try  1 · gen  246 · best   1200.3 · elite    780.4 · median    212.3 · years  22.4 · road 0.36 · starved   504 · nobles  +2.4 · read  8.4 · walls  1.1 · fell 77.7% (mother 18.1%) · prince 29.4% · king 26.1% · crowned 22.3% (median year 32) · 3.9s
try  2 · gen  246 · best   1208.4 · elite    812.0 · median    244.2 · years  21.4 · road 0.40 · starved   570 · nobles  +2.7 · read 25.0 · walls  1.9 · fell 74.9% (mother 15.4%) · prince 30.5% · king 27.9% · crowned 25.1% (median year 32) · 3.9s
try  3 · gen  246 · best   1186.8 · elite    683.5 · median    192.7 · years  22.8 · road 0.37 · starved   498 · nobles  -0.4 · read 20.0 · walls  2.8 · fell 81.6% (mother 17.6%) · prince 23.7% · king 21.2% · crowned 18.4% (median year 32) · 3.9s
try  4 · gen  246 · best   1154.6 · elite    766.3 · median    223.4 · years  23.5 · road 0.37 · starved   538 · nobles  +4.3 · read 13.4 · walls  0.8 · fell 76.8% (mother 14.4%) · prince 29.2% · king 25.6% · crowned 23.1% (median year 34) · 3.9s
try  5 · gen  246 · best    965.4 · elite    459.6 · median    113.9 · years  29.2 · road 0.29 · starved   668 · nobles  +0.8 · read 22.6 · walls  0.6 · fell 84.8% (mother 22.6%) · prince 18.6% · king 15.7% · crowned 13.6% (median year 57) · 3.9s
try  6 · gen  246 · best    990.4 · elite    563.6 · median    141.3 · years  47.6 · road 0.43 · starved  2099 · nobles  +3.3 · read 56.0 · walls  2.8 · fell 78.8% (mother 50.5%) · prince 39.0% · king 29.4% · crowned 19.6% (median year 58) · 3.9s
try  7 · gen  246 · best   1151.0 · elite    743.4 · median    218.1 · years  23.6 · road 0.40 · starved   686 · nobles  +5.2 · read 27.7 · walls  2.5 · fell 77.8% (mother 14.9%) · prince 27.9% · king 24.9% · crowned 22.2% (median year 34) · 3.9s
try  8 · gen  246 · best    972.0 · elite    664.5 · median    176.1 · years  33.3 · road 0.44 · starved  1747 · nobles  +1.3 · read 46.5 · walls  3.4 · fell 80.6% (mother 53.9%) · prince 41.2% · king 29.6% · crowned 19.3% (median year 39) · 3.9s
try  1 · gen  247 · best   1160.6 · elite    767.1 · median    225.5 · years  22.5 · road 0.36 · starved   493 · nobles  +2.8 · read  7.4 · walls  1.1 · fell 77.1% (mother 17.6%) · prince 30.1% · king 27.1% · crowned 22.9% (median year 32) · 3.2s
try  2 · gen  247 · best   1148.0 · elite    808.8 · median    251.2 · years  21.4 · road 0.40 · starved   570 · nobles  +2.8 · read 25.3 · walls  2.0 · fell 74.3% (mother 14.7%) · prince 30.9% · king 28.4% · crowned 25.6% (median year 31) · 3.2s
try  3 · gen  247 · best    921.8 · elite    617.9 · median    190.5 · years  22.5 · road 0.37 · starved   500 · nobles  -0.8 · read 19.9 · walls  2.7 · fell 82.4% (mother 17.9%) · prince 23.0% · king 20.4% · crowned 17.6% (median year 32) · 3.2s
try  4 · gen  247 · best   1115.1 · elite    738.4 · median    213.8 · years  23.2 · road 0.37 · starved   549 · nobles  +4.0 · read 12.6 · walls  0.8 · fell 77.0% (mother 15.3%) · prince 29.1% · king 25.7% · crowned 23.0% (median year 34) · 3.2s
try  5 · gen  247 · best    957.6 · elite    480.1 · median    118.3 · years  28.7 · road 0.28 · starved   683 · nobles  +1.3 · read 22.2 · walls  0.6 · fell 85.3% (mother 24.0%) · prince 19.0% · king 15.9% · crowned 13.5% (median year 57) · 3.2s
try  6 · gen  247 · best    797.3 · elite    584.4 · median    148.3 · years  48.7 · road 0.44 · starved  2105 · nobles  +3.1 · read 59.7 · walls  2.9 · fell 77.8% (mother 50.0%) · prince 40.5% · king 30.5% · crowned 20.4% (median year 58) · 3.2s
try  7 · gen  247 · best   1043.0 · elite    716.2 · median    218.5 · years  23.0 · road 0.40 · starved   605 · nobles  +5.0 · read 27.1 · walls  2.5 · fell 77.8% (mother 14.6%) · prince 26.8% · king 24.3% · crowned 22.2% (median year 33) · 3.2s
try  8 · gen  247 · best   1021.1 · elite    691.7 · median    210.3 · years  32.9 · road 0.44 · starved  1699 · nobles  +1.8 · read 45.5 · walls  3.3 · fell 78.6% (mother 51.8%) · prince 42.2% · king 31.8% · crowned 21.4% (median year 38) · 3.2s
try  1 · gen  248 · best   1182.8 · elite    797.1 · median    237.6 · years  22.7 · road 0.37 · starved   477 · nobles  +3.1 · read  7.5 · walls  1.1 · fell 75.9% (mother 16.8%) · prince 31.0% · king 28.1% · crowned 24.1% (median year 32) · 3.4s
try  2 · gen  248 · best   1185.5 · elite    794.7 · median    277.3 · years  21.6 · road 0.41 · starved   570 · nobles  +3.3 · read 25.2 · walls  2.1 · fell 74.1% (mother 14.5%) · prince 31.3% · king 28.3% · crowned 25.9% (median year 32) · 3.4s
try  3 · gen  248 · best   1145.9 · elite    645.8 · median    190.0 · years  22.6 · road 0.37 · starved   518 · nobles  -0.8 · read 19.8 · walls  2.4 · fell 82.4% (mother 19.0%) · prince 23.1% · king 20.1% · crowned 17.5% (median year 32) · 3.4s
try  4 · gen  248 · best   1365.1 · elite    766.0 · median    207.3 · years  23.2 · road 0.37 · starved   571 · nobles  +4.5 · read 12.0 · walls  0.8 · fell 77.3% (mother 16.0%) · prince 29.1% · king 25.2% · crowned 22.7% (median year 34) · 3.4s
try  5 · gen  248 · best    909.2 · elite    473.3 · median    106.7 · years  28.6 · road 0.28 · starved   682 · nobles  +1.1 · read 22.1 · walls  0.6 · fell 85.4% (mother 23.0%) · prince 18.5% · king 15.6% · crowned 13.5% (median year 56) · 3.4s
try  6 · gen  248 · best    892.1 · elite    556.1 · median    150.8 · years  49.1 · road 0.44 · starved  2058 · nobles  +3.2 · read 61.4 · walls  2.8 · fell 77.4% (mother 47.2%) · prince 40.5% · king 30.6% · crowned 20.6% (median year 58) · 3.4s
try  7 · gen  248 · best   1157.8 · elite    749.5 · median    215.4 · years  23.2 · road 0.40 · starved   645 · nobles  +4.9 · read 27.0 · walls  2.5 · fell 77.8% (mother 15.6%) · prince 27.2% · king 24.6% · crowned 22.2% (median year 33) · 3.4s
try  8 · gen  248 · best   1097.9 · elite    698.1 · median    209.7 · years  32.9 · road 0.44 · starved  1690 · nobles  +1.6 · read 45.1 · walls  3.2 · fell 79.1% (mother 52.4%) · prince 43.0% · king 31.8% · crowned 20.8% (median year 38) · 3.4s
try  1 · gen  249 · best   1189.3 · elite    789.7 · median    232.8 · years  22.8 · road 0.37 · starved   477 · nobles  +3.1 · read  7.7 · walls  1.2 · fell 76.3% (mother 17.4%) · prince 30.9% · king 27.7% · crowned 23.7% (median year 32) · 3.3s
try  2 · gen  249 · best   1339.8 · elite    801.2 · median    242.4 · years  21.3 · road 0.41 · starved   580 · nobles  +3.0 · read 24.6 · walls  2.0 · fell 75.2% (mother 15.1%) · prince 30.7% · king 27.7% · crowned 24.8% (median year 31) · 3.3s
try  3 · gen  249 · best   1191.9 · elite    654.7 · median    189.9 · years  22.5 · road 0.37 · starved   516 · nobles  -0.6 · read 19.9 · walls  2.5 · fell 81.9% (mother 17.8%) · prince 23.2% · king 20.5% · crowned 18.1% (median year 32) · 3.3s
try  4 · gen  249 · best   1178.4 · elite    753.2 · median    215.6 · years  23.5 · road 0.37 · starved   595 · nobles  +4.8 · read 11.7 · walls  0.9 · fell 77.0% (mother 15.6%) · prince 29.6% · king 25.5% · crowned 23.0% (median year 34) · 3.3s
try  5 · gen  249 · best    845.5 · elite    446.3 · median    115.1 · years  27.5 · road 0.28 · starved   674 · nobles  +1.1 · read 21.4 · walls  0.6 · fell 85.8% (mother 23.5%) · prince 18.1% · king 15.0% · crowned 13.2% (median year 55) · 3.3s
try  6 · gen  249 · best    913.0 · elite    563.5 · median    152.7 · years  47.9 · road 0.43 · starved  2060 · nobles  +3.6 · read 60.0 · walls  2.7 · fell 77.3% (mother 47.2%) · prince 40.4% · king 31.3% · crowned 21.0% (median year 59) · 3.3s
try  7 · gen  249 · best   1366.9 · elite    751.5 · median    207.4 · years  23.3 · road 0.40 · starved   674 · nobles  +5.1 · read 26.7 · walls  2.5 · fell 78.4% (mother 16.4%) · prince 27.4% · king 24.4% · crowned 21.6% (median year 33) · 3.3s
try  8 · gen  249 · best   1082.3 · elite    728.5 · median    212.5 · years  33.1 · road 0.44 · starved  1667 · nobles  +1.8 · read 45.1 · walls  3.2 · fell 77.9% (mother 50.0%) · prince 44.3% · king 32.5% · crowned 21.9% (median year 37) · 3.3s
try  1 · gen  250 · best   1174.4 · elite    790.9 · median    242.7 · years  22.3 · road 0.37 · starved   471 · nobles  +2.7 · read  7.2 · walls  1.2 · fell 76.0% (mother 18.5%) · prince 31.5% · king 27.9% · crowned 24.0% (median year 31) · 4.2s
try  2 · gen  250 · best   1109.8 · elite    764.6 · median    249.6 · years  21.1 · road 0.40 · starved   551 · nobles  +3.1 · read 23.9 · walls  1.9 · fell 75.3% (mother 16.4%) · prince 29.8% · king 27.0% · crowned 24.7% (median year 32) · 4.2s
try  3 · gen  250 · best    943.7 · elite    670.2 · median    187.0 · years  22.5 · road 0.37 · starved   508 · nobles  -0.4 · read 19.9 · walls  2.6 · fell 81.9% (mother 18.4%) · prince 23.2% · king 20.7% · crowned 18.0% (median year 32) · 4.2s
try  4 · gen  250 · best   1203.1 · elite    749.5 · median    222.1 · years  23.1 · road 0.37 · starved   589 · nobles  +4.3 · read 11.1 · walls  0.9 · fell 77.6% (mother 16.3%) · prince 29.0% · king 25.1% · crowned 22.4% (median year 34) · 4.2s
try  5 · gen  250 · best    986.7 · elite    487.7 · median    105.1 · years  27.6 · road 0.28 · starved   650 · nobles  +1.0 · read 21.5 · walls  0.5 · fell 85.9% (mother 22.5%) · prince 18.0% · king 15.2% · crowned 13.1% (median year 55) · 4.2s
try  6 · gen  250 · best    917.2 · elite    550.1 · median    141.4 · years  50.4 · road 0.44 · starved  2125 · nobles  +3.3 · read 63.1 · walls  2.7 · fell 77.1% (mother 48.3%) · prince 40.0% · king 29.1% · crowned 19.9% (median year 61) · 4.2s
try  7 · gen  250 · best   1163.3 · elite    751.3 · median    208.7 · years  23.2 · road 0.40 · starved   631 · nobles  +5.5 · read 26.6 · walls  2.5 · fell 78.2% (mother 15.4%) · prince 26.8% · king 24.1% · crowned 21.8% (median year 33) · 4.2s
try  8 · gen  250 · best   1150.9 · elite    687.3 · median    218.9 · years  33.4 · road 0.45 · starved  1640 · nobles  +1.6 · read 44.5 · walls  3.3 · fell 78.6% (mother 50.9%) · prince 45.3% · king 32.2% · crowned 21.2% (median year 37) · 4.2s
try  1 · gen  251 · best   1193.9 · elite    771.8 · median    246.8 · years  22.0 · road 0.37 · starved   452 · nobles  +2.7 · read  6.8 · walls  1.2 · fell 76.3% (mother 18.9%) · prince 30.8% · king 27.7% · crowned 23.7% (median year 31) · 3.2s
try  2 · gen  251 · best   1204.5 · elite    799.0 · median    242.3 · years  21.0 · road 0.40 · starved   551 · nobles  +3.2 · read 23.9 · walls  1.9 · fell 74.7% (mother 16.4%) · prince 30.0% · king 27.3% · crowned 25.3% (median year 32) · 3.2s
try  3 · gen  251 · best   1196.3 · elite    633.8 · median    193.8 · years  22.9 · road 0.38 · starved   528 · nobles  -0.5 · read 20.1 · walls  3.0 · fell 82.0% (mother 20.2%) · prince 24.2% · king 21.0% · crowned 17.9% (median year 32) · 3.2s
try  4 · gen  251 · best   1079.1 · elite    700.9 · median    211.5 · years  23.3 · road 0.37 · starved   587 · nobles  +4.3 · read 10.6 · walls  0.9 · fell 78.3% (mother 16.3%) · prince 28.2% · king 24.3% · crowned 21.7% (median year 34) · 3.2s
try  5 · gen  251 · best    862.7 · elite    474.6 · median    110.2 · years  27.5 · road 0.28 · starved   668 · nobles  +0.9 · read 21.2 · walls  0.6 · fell 85.8% (mother 24.2%) · prince 18.3% · king 15.4% · crowned 13.3% (median year 54) · 3.2s
try  6 · gen  251 · best    873.7 · elite    544.6 · median    130.8 · years  49.3 · road 0.43 · starved  2114 · nobles  +3.3 · read 60.9 · walls  2.6 · fell 77.9% (mother 48.3%) · prince 39.9% · king 28.9% · crowned 19.3% (median year 60) · 3.2s
try  7 · gen  251 · best   1175.2 · elite    733.0 · median    212.7 · years  23.1 · road 0.40 · starved   683 · nobles  +5.2 · read 26.1 · walls  2.5 · fell 78.1% (mother 15.4%) · prince 26.9% · king 24.4% · crowned 21.9% (median year 33) · 3.2s
try  8 · gen  251 · best   1157.1 · elite    732.4 · median    224.3 · years  32.2 · road 0.44 · starved  1603 · nobles  +2.0 · read 42.4 · walls  3.2 · fell 78.0% (mother 50.4%) · prince 44.2% · king 32.2% · crowned 22.0% (median year 37) · 3.2s
try  1 · gen  252 · best   1169.5 · elite    752.7 · median    236.2 · years  22.0 · road 0.37 · starved   478 · nobles  +2.7 · read  7.1 · walls  1.2 · fell 76.7% (mother 19.9%) · prince 30.6% · king 27.4% · crowned 23.3% (median year 31) · 3.3s
try  2 · gen  252 · best   1212.6 · elite    836.0 · median    257.6 · years  21.4 · road 0.40 · starved   582 · nobles  +3.5 · read 24.7 · walls  1.9 · fell 74.0% (mother 15.3%) · prince 31.3% · king 28.5% · crowned 26.0% (median year 31) · 3.3s
try  3 · gen  252 · best   1168.4 · elite    687.3 · median    187.5 · years  22.6 · road 0.38 · starved   503 · nobles  -0.1 · read 19.9 · walls  2.9 · fell 81.7% (mother 18.9%) · prince 23.9% · king 20.9% · crowned 18.2% (median year 32) · 3.3s
try  4 · gen  252 · best   1183.0 · elite    756.5 · median    213.0 · years  22.8 · road 0.37 · starved   558 · nobles  +4.3 · read  9.7 · walls  0.9 · fell 77.5% (mother 15.5%) · prince 29.1% · king 25.0% · crowned 22.5% (median year 34) · 3.3s
try  5 · gen  252 · best    950.7 · elite    519.1 · median    117.6 · years  28.0 · road 0.29 · starved   768 · nobles  +1.3 · read 21.5 · walls  0.7 · fell 85.0% (mother 23.7%) · prince 19.1% · king 16.4% · crowned 14.1% (median year 55) · 3.3s
try  6 · gen  252 · best    851.1 · elite    568.8 · median    158.6 · years  50.0 · road 0.43 · starved  2074 · nobles  +3.7 · read 62.4 · walls  2.7 · fell 76.2% (mother 47.4%) · prince 40.9% · king 30.9% · crowned 21.2% (median year 61) · 3.3s
try  7 · gen  252 · best   1177.8 · elite    741.9 · median    213.5 · years  23.1 · road 0.41 · starved   679 · nobles  +5.3 · read 26.6 · walls  2.6 · fell 78.5% (mother 17.4%) · prince 26.8% · king 24.3% · crowned 21.5% (median year 32) · 3.3s
try  8 · gen  252 · best   1326.8 · elite    735.0 · median    221.6 · years  32.0 · road 0.44 · starved  1567 · nobles  +2.1 · read 42.1 · walls  3.2 · fell 77.9% (mother 50.3%) · prince 44.0% · king 33.1% · crowned 22.0% (median year 37) · 3.3s
try  1 · gen  253 · best   1184.4 · elite    791.8 · median    247.1 · years  22.3 · road 0.37 · starved   494 · nobles  +2.9 · read  6.7 · walls  1.3 · fell 76.3% (mother 19.4%) · prince 31.8% · king 28.0% · crowned 23.7% (median year 31) · 3.4s
try  2 · gen  253 · best   1163.3 · elite    802.7 · median    287.0 · years  21.1 · road 0.40 · starved   564 · nobles  +3.7 · read 24.9 · walls  1.9 · fell 74.0% (mother 15.9%) · prince 31.8% · king 28.7% · crowned 26.0% (median year 31) · 3.4s
try  3 · gen  253 · best   1171.8 · elite    669.5 · median    191.1 · years  22.4 · road 0.37 · starved   530 · nobles  -0.2 · read 20.0 · walls  2.7 · fell 81.6% (mother 19.5%) · prince 23.7% · king 21.4% · crowned 18.3% (median year 32) · 3.4s
try  4 · gen  253 · best   1132.2 · elite    766.6 · median    211.6 · years  22.6 · road 0.37 · starved   554 · nobles  +4.2 · read  9.9 · walls  0.9 · fell 76.5% (mother 16.5%) · prince 29.4% · king 25.8% · crowned 23.5% (median year 33) · 3.4s
try  5 · gen  253 · best    818.2 · elite    479.3 · median    116.1 · years  27.2 · road 0.28 · starved   627 · nobles  +1.2 · read 21.5 · walls  0.8 · fell 85.8% (mother 24.8%) · prince 17.9% · king 15.4% · crowned 13.7% (median year 53) · 3.4s
try  6 · gen  253 · best    907.4 · elite    564.2 · median    140.8 · years  49.6 · road 0.43 · starved  2131 · nobles  +3.6 · read 61.2 · walls  2.7 · fell 77.1% (mother 46.9%) · prince 40.4% · king 29.9% · crowned 20.8% (median year 61) · 3.4s
try  7 · gen  253 · best   1381.7 · elite    764.7 · median    204.5 · years  22.9 · road 0.40 · starved   628 · nobles  +5.2 · read 25.8 · walls  2.5 · fell 78.2% (mother 16.8%) · prince 27.6% · king 24.3% · crowned 21.8% (median year 32) · 3.4s
try  8 · gen  253 · best   1069.3 · elite    725.9 · median    247.1 · years  32.1 · road 0.45 · starved  1560 · nobles  +2.2 · read 41.8 · walls  3.2 · fell 76.8% (mother 50.5%) · prince 43.8% · king 33.6% · crowned 23.0% (median year 36) · 3.4s
try  1 · gen  254 · best   1395.9 · elite    792.9 · median    233.5 · years  22.5 · road 0.37 · starved   500 · nobles  +3.1 · read  6.6 · walls  1.2 · fell 76.3% (mother 18.4%) · prince 31.2% · king 27.8% · crowned 23.7% (median year 32) · 4.1s
try  2 · gen  254 · best   1204.7 · elite    806.6 · median    260.5 · years  21.1 · road 0.40 · starved   566 · nobles  +3.8 · read 25.1 · walls  1.9 · fell 74.1% (mother 15.2%) · prince 30.9% · king 28.1% · crowned 25.9% (median year 32) · 4.1s
try  3 · gen  254 · best   1140.4 · elite    662.7 · median    186.2 · years  22.1 · road 0.38 · starved   548 · nobles  -0.5 · read 19.8 · walls  2.8 · fell 82.2% (mother 20.7%) · prince 23.3% · king 21.0% · crowned 17.8% (median year 31) · 4.1s
try  4 · gen  254 · best   1158.4 · elite    753.5 · median    215.8 · years  22.6 · road 0.37 · starved   565 · nobles  +4.0 · read 10.5 · walls  1.0 · fell 76.9% (mother 16.9%) · prince 29.0% · king 25.6% · crowned 23.0% (median year 34) · 4.1s
try  5 · gen  254 · best    826.9 · elite    475.4 · median    119.7 · years  27.4 · road 0.29 · starved   664 · nobles  +1.0 · read 21.8 · walls  0.7 · fell 85.3% (mother 25.2%) · prince 18.3% · king 15.6% · crowned 13.9% (median year 53) · 4.1s
try  6 · gen  254 · best    900.4 · elite    561.1 · median    139.9 · years  48.8 · road 0.43 · starved  2081 · nobles  +4.2 · read 60.9 · walls  2.6 · fell 76.8% (mother 48.5%) · prince 39.5% · king 30.1% · crowned 21.2% (median year 61) · 4.1s
try  7 · gen  254 · best   1123.1 · elite    746.9 · median    212.5 · years  22.8 · road 0.40 · starved   641 · nobles  +5.6 · read 25.5 · walls  2.6 · fell 77.8% (mother 16.3%) · prince 27.5% · king 24.5% · crowned 22.2% (median year 33) · 4.1s
try  8 · gen  254 · best   1201.7 · elite    756.5 · median    250.9 · years  31.8 · road 0.44 · starved  1484 · nobles  +2.5 · read 39.9 · walls  3.2 · fell 75.5% (mother 47.3%) · prince 43.6% · king 34.2% · crowned 24.2% (median year 36) · 4.1s
try  1 · gen  255 · best   1162.5 · elite    767.2 · median    231.3 · years  22.3 · road 0.37 · starved   518 · nobles  +2.8 · read  6.8 · walls  1.2 · fell 77.0% (mother 19.4%) · prince 30.6% · king 26.9% · crowned 23.0% (median year 31) · 3.1s
try  2 · gen  255 · best   1200.2 · elite    837.6 · median    316.4 · years  21.0 · road 0.40 · starved   556 · nobles  +4.0 · read 25.9 · walls  1.9 · fell 72.9% (mother 16.3%) · prince 32.0% · king 29.4% · crowned 27.1% (median year 30) · 3.1s
try  3 · gen  255 · best    947.1 · elite    641.9 · median    195.6 · years  22.1 · road 0.37 · starved   534 · nobles  -0.3 · read 20.1 · walls  2.8 · fell 81.8% (mother 20.1%) · prince 23.8% · king 21.1% · crowned 18.2% (median year 31) · 3.1s
try  4 · gen  255 · best   1190.1 · elite    744.2 · median    216.9 · years  22.3 · road 0.38 · starved   553 · nobles  +4.0 · read 10.3 · walls  1.0 · fell 76.9% (mother 17.4%) · prince 28.6% · king 25.2% · crowned 23.0% (median year 33) · 3.1s
try  5 · gen  255 · best    859.8 · elite    494.1 · median    116.7 · years  26.9 · road 0.28 · starved   616 · nobles  +1.3 · read 21.8 · walls  0.7 · fell 85.3% (mother 23.8%) · prince 17.7% · king 15.4% · crowned 14.0% (median year 52) · 3.1s
try  6 · gen  255 · best    873.9 · elite    549.9 · median    138.7 · years  49.1 · road 0.43 · starved  2083 · nobles  +3.9 · read 61.4 · walls  2.6 · fell 77.1% (mother 48.2%) · prince 40.5% · king 30.2% · crowned 20.7% (median year 61) · 3.1s
try  7 · gen  255 · best   1167.8 · elite    749.5 · median    208.5 · years  22.9 · road 0.40 · starved   668 · nobles  +5.4 · read 25.4 · walls  2.5 · fell 78.1% (mother 17.2%) · prince 27.2% · king 24.3% · crowned 22.0% (median year 33) · 3.1s
try  8 · gen  255 · best   1269.7 · elite    752.2 · median    262.6 · years  31.7 · road 0.44 · starved  1461 · nobles  +2.7 · read 39.3 · walls  3.2 · fell 75.4% (mother 47.3%) · prince 44.7% · king 34.7% · crowned 24.4% (median year 36) · 3.1s
try  1 · gen  256 · best   1143.7 · elite    756.6 · median    240.1 · years  21.7 · road 0.37 · starved   522 · nobles  +2.4 · read  7.3 · walls  1.2 · fell 77.3% (mother 20.9%) · prince 30.4% · king 27.3% · crowned 22.7% (median year 30) · 3.3s
try  2 · gen  256 · best   1409.1 · elite    830.8 · median    309.7 · years  20.7 · road 0.40 · starved   538 · nobles  +3.8 · read 25.8 · walls  1.8 · fell 73.9% (mother 14.7%) · prince 30.8% · king 28.2% · crowned 26.1% (median year 30) · 3.3s
try  3 · gen  256 · best   1217.4 · elite    640.3 · median    186.6 · years  22.4 · road 0.37 · starved   556 · nobles  -0.5 · read 20.7 · walls  2.7 · fell 82.6% (mother 20.2%) · prince 23.3% · king 20.2% · crowned 17.4% (median year 32) · 3.3s
try  4 · gen  256 · best   1112.5 · elite    750.7 · median    215.3 · years  22.2 · road 0.38 · starved   581 · nobles  +3.8 · read 10.5 · walls  1.1 · fell 77.0% (mother 18.0%) · prince 29.0% · king 25.4% · crowned 23.0% (median year 33) · 3.3s
try  5 · gen  256 · best   1010.6 · elite    464.4 · median    117.8 · years  27.0 · road 0.28 · starved   614 · nobles  +1.3 · read 21.1 · walls  0.7 · fell 85.2% (mother 24.5%) · prince 17.5% · king 15.0% · crowned 14.0% (median year 52) · 3.3s
try  6 · gen  256 · best    824.5 · elite    568.5 · median    150.2 · years  49.2 · road 0.43 · starved  2111 · nobles  +4.4 · read 63.2 · walls  2.7 · fell 76.5% (mother 49.0%) · prince 41.0% · king 30.9% · crowned 21.7% (median year 60) · 3.3s
try  7 · gen  256 · best   1149.2 · elite    757.3 · median    217.1 · years  22.8 · road 0.41 · starved   714 · nobles  +5.2 · read 25.0 · walls  2.6 · fell 77.6% (mother 16.6%) · prince 27.7% · king 24.9% · crowned 22.4% (median year 32) · 3.3s
try  8 · gen  256 · best   1083.3 · elite    770.1 · median    251.8 · years  32.0 · road 0.44 · starved  1512 · nobles  +2.8 · read 39.1 · walls  3.2 · fell 75.4% (mother 47.0%) · prince 44.5% · king 34.3% · crowned 24.4% (median year 35) · 3.3s
try  1 · gen  257 · best   1259.5 · elite    770.4 · median    231.1 · years  22.2 · road 0.37 · starved   535 · nobles  +2.6 · read  7.5 · walls  1.2 · fell 77.4% (mother 20.5%) · prince 30.3% · king 26.9% · crowned 22.6% (median year 31) · 3.1s
try  2 · gen  257 · best   1359.9 · elite    819.9 · median    333.2 · years  20.9 · road 0.40 · starved   549 · nobles  +4.1 · read 25.3 · walls  1.8 · fell 73.2% (mother 14.8%) · prince 31.6% · king 28.9% · crowned 26.8% (median year 30) · 3.1s
try  3 · gen  257 · best   1165.1 · elite    641.1 · median    189.7 · years  22.6 · road 0.37 · starved   532 · nobles  -0.3 · read 20.9 · walls  2.7 · fell 81.9% (mother 19.8%) · prince 24.1% · king 21.0% · crowned 18.0% (median year 33) · 3.1s
try  4 · gen  257 · best    979.9 · elite    705.7 · median    200.9 · years  22.3 · road 0.38 · starved   598 · nobles  +3.4 · read 11.3 · walls  1.1 · fell 78.4% (mother 18.6%) · prince 28.4% · king 24.5% · crowned 21.6% (median year 34) · 3.1s
try  5 · gen  257 · best    673.5 · elite    475.5 · median    123.9 · years  26.7 · road 0.28 · starved   742 · nobles  +0.9 · read 21.0 · walls  0.7 · fell 85.2% (mother 25.3%) · prince 17.5% · king 15.2% · crowned 14.0% (median year 51) · 3.1s
try  6 · gen  257 · best    885.6 · elite    566.8 · median    149.3 · years  48.3 · road 0.43 · starved  2124 · nobles  +4.8 · read 59.8 · walls  2.6 · fell 77.1% (mother 49.1%) · prince 40.5% · king 29.9% · crowned 21.4% (median year 60) · 3.1s
try  7 · gen  257 · best   1121.3 · elite    761.5 · median    218.1 · years  22.6 · road 0.41 · starved   729 · nobles  +5.3 · read 25.1 · walls  2.5 · fell 77.7% (mother 17.5%) · prince 28.1% · king 25.0% · crowned 22.3% (median year 32) · 3.1s
try  8 · gen  257 · best   1311.3 · elite    797.3 · median    273.5 · years  31.7 · road 0.45 · starved  1468 · nobles  +2.9 · read 38.6 · walls  3.2 · fell 74.5% (mother 45.4%) · prince 44.3% · king 35.1% · crowned 25.3% (median year 34) · 3.1s
try  1 · gen  258 · best   1406.6 · elite    770.3 · median    227.2 · years  21.7 · road 0.37 · starved   536 · nobles  +2.5 · read  8.1 · walls  1.2 · fell 76.9% (mother 20.4%) · prince 30.7% · king 26.8% · crowned 23.0% (median year 31) · 3.2s
try  2 · gen  258 · best   1388.6 · elite    817.7 · median    281.2 · years  21.0 · road 0.40 · starved   558 · nobles  +3.7 · read 25.4 · walls  1.8 · fell 73.5% (mother 15.4%) · prince 31.5% · king 28.9% · crowned 26.5% (median year 30) · 3.2s
try  3 · gen  258 · best   1116.0 · elite    650.9 · median    193.4 · years  22.6 · road 0.37 · starved   526 · nobles  -0.3 · read 21.1 · walls  2.6 · fell 81.9% (mother 18.7%) · prince 24.3% · king 21.3% · crowned 18.1% (median year 32) · 3.2s
try  4 · gen  258 · best   1077.2 · elite    744.9 · median    209.7 · years  22.7 · road 0.38 · starved   581 · nobles  +4.0 · read 11.4 · walls  1.1 · fell 77.2% (mother 16.2%) · prince 28.6% · king 25.3% · crowned 22.8% (median year 35) · 3.2s
try  5 · gen  258 · best    853.6 · elite    506.5 · median    123.9 · years  26.1 · road 0.28 · starved   619 · nobles  +1.2 · read 20.2 · walls  0.7 · fell 84.8% (mother 24.0%) · prince 17.8% · king 15.6% · crowned 14.5% (median year 51) · 3.2s
try  6 · gen  258 · best   1017.5 · elite    565.1 · median    141.9 · years  49.2 · road 0.43 · starved  2182 · nobles  +5.2 · read 60.7 · walls  2.6 · fell 77.3% (mother 50.3%) · prince 41.6% · king 29.7% · crowned 20.8% (median year 60) · 3.2s
try  7 · gen  258 · best   1151.2 · elite    756.7 · median    210.1 · years  22.7 · road 0.41 · starved   728 · nobles  +4.9 · read 25.2 · walls  2.4 · fell 78.2% (mother 18.8%) · prince 27.8% · king 24.6% · crowned 21.9% (median year 33) · 3.2s
try  8 · gen  258 · best   1314.9 · elite    761.9 · median    291.0 · years  30.9 · road 0.45 · starved  1476 · nobles  +2.9 · read 37.7 · walls  3.1 · fell 74.9% (mother 46.8%) · prince 45.5% · king 35.2% · crowned 25.0% (median year 34) · 3.2s
try  1 · gen  259 · best   1382.3 · elite    796.1 · median    229.7 · years  21.9 · road 0.37 · starved   545 · nobles  +2.7 · read  8.5 · walls  1.2 · fell 77.0% (mother 20.2%) · prince 31.0% · king 27.2% · crowned 23.0% (median year 31) · 3.3s
try  2 · gen  259 · best   1376.3 · elite    785.2 · median    259.5 · years  20.7 · road 0.39 · starved   555 · nobles  +3.1 · read 25.1 · walls  1.7 · fell 74.7% (mother 15.5%) · prince 29.9% · king 27.1% · crowned 25.3% (median year 30) · 3.3s
try  3 · gen  259 · best   1117.8 · elite    666.4 · median    187.3 · years  22.4 · road 0.37 · starved   534 · nobles  -0.4 · read 21.0 · walls  2.4 · fell 82.3% (mother 18.9%) · prince 24.1% · king 20.8% · crowned 17.6% (median year 32) · 3.3s
try  4 · gen  259 · best   1364.4 · elite    761.4 · median    204.1 · years  22.5 · road 0.38 · starved   584 · nobles  +3.6 · read 11.5 · walls  1.1 · fell 77.9% (mother 17.4%) · prince 28.3% · king 24.2% · crowned 22.1% (median year 34) · 3.3s
try  5 · gen  259 · best    950.9 · elite    498.2 · median    128.6 · years  26.5 · road 0.29 · starved   672 · nobles  +1.2 · read 20.3 · walls  0.7 · fell 84.5% (mother 24.4%) · prince 18.4% · king 16.1% · crowned 14.9% (median year 51) · 3.3s
try  6 · gen  259 · best    932.4 · elite    549.7 · median    143.7 · years  48.4 · road 0.42 · starved  2185 · nobles  +5.5 · read 58.0 · walls  2.6 · fell 77.4% (mother 49.5%) · prince 40.2% · king 29.4% · crowned 21.0% (median year 61) · 3.3s
try  7 · gen  259 · best   1381.8 · elite    745.4 · median    208.3 · years  22.6 · road 0.40 · starved   696 · nobles  +5.0 · read 24.9 · walls  2.3 · fell 78.6% (mother 17.2%) · prince 27.5% · king 24.3% · crowned 21.4% (median year 33) · 3.3s
try  8 · gen  259 · best   1321.8 · elite    806.3 · median    277.4 · years  30.3 · road 0.44 · starved  1439 · nobles  +3.1 · read 37.5 · walls  3.0 · fell 74.7% (mother 45.5%) · prince 44.9% · king 34.9% · crowned 25.3% (median year 33) · 3.3s
try  1 · gen  260 · best   1186.4 · elite    776.8 · median    235.1 · years  21.8 · road 0.37 · starved   564 · nobles  +2.7 · read  8.5 · walls  1.2 · fell 76.4% (mother 19.7%) · prince 31.9% · king 27.9% · crowned 23.6% (median year 31) · 3.1s
try  2 · gen  260 · best   1339.4 · elite    822.0 · median    238.3 · years  20.6 · road 0.40 · starved   565 · nobles  +2.9 · read 25.1 · walls  1.8 · fell 74.5% (mother 16.8%) · prince 30.7% · king 27.6% · crowned 25.5% (median year 30) · 3.1s
try  3 · gen  260 · best    944.5 · elite    683.3 · median    187.8 · years  22.3 · road 0.37 · starved   523 · nobles  +0.0 · read 21.2 · walls  2.5 · fell 81.5% (mother 17.8%) · prince 24.4% · king 21.3% · crowned 18.5% (median year 32) · 3.1s
try  4 · gen  260 · best   1385.9 · elite    727.4 · median    220.8 · years  22.7 · road 0.38 · starved   594 · nobles  +4.4 · read 12.1 · walls  1.1 · fell 77.0% (mother 16.5%) · prince 28.9% · king 24.8% · crowned 23.0% (median year 35) · 3.1s
try  5 · gen  260 · best    839.1 · elite    507.7 · median    120.8 · years  25.5 · road 0.28 · starved   630 · nobles  +1.1 · read 19.3 · walls  0.7 · fell 85.2% (mother 24.8%) · prince 18.1% · king 15.7% · crowned 14.4% (median year 51) · 3.1s
try  6 · gen  260 · best    879.9 · elite    549.8 · median    138.9 · years  50.2 · road 0.43 · starved  2234 · nobles  +5.1 · read 59.9 · walls  2.6 · fell 77.4% (mother 50.2%) · prince 42.2% · king 29.1% · crowned 20.8% (median year 61) · 3.1s
try  7 · gen  260 · best   1150.2 · elite    748.9 · median    204.9 · years  22.8 · road 0.40 · starved   726 · nobles  +5.8 · read 25.1 · walls  2.3 · fell 77.8% (mother 16.4%) · prince 28.0% · king 24.5% · crowned 22.2% (median year 32) · 3.1s
try  8 · gen  260 · best   1360.1 · elite    801.0 · median    308.7 · years  30.6 · road 0.45 · starved  1469 · nobles  +3.5 · read 38.1 · walls  3.1 · fell 73.2% (mother 47.1%) · prince 46.2% · king 36.6% · crowned 26.6% (median year 33) · 3.1s
try  1 · gen  261 · best   1198.0 · elite    787.3 · median    244.4 · years  22.1 · road 0.37 · starved   565 · nobles  +2.7 · read  7.5 · walls  1.1 · fell 76.3% (mother 20.1%) · prince 31.9% · king 28.0% · crowned 23.7% (median year 31) · 3.1s
try  2 · gen  261 · best   1189.9 · elite    810.0 · median    252.0 · years  20.2 · road 0.40 · starved   548 · nobles  +2.8 · read 24.8 · walls  1.8 · fell 74.2% (mother 16.7%) · prince 30.4% · king 28.1% · crowned 25.8% (median year 29) · 3.1s
try  3 · gen  261 · best    970.2 · elite    677.1 · median    192.3 · years  22.3 · road 0.37 · starved   558 · nobles  -0.4 · read 21.3 · walls  2.4 · fell 81.7% (mother 19.2%) · prince 24.9% · king 21.6% · crowned 18.2% (median year 32) · 3.1s
try  4 · gen  261 · best   1182.1 · elite    717.8 · median    205.2 · years  23.1 · road 0.38 · starved   630 · nobles  +4.4 · read 13.2 · walls  1.1 · fell 78.0% (mother 17.5%) · prince 29.0% · king 24.2% · crowned 21.9% (median year 35) · 3.1s
try  5 · gen  261 · best    956.5 · elite    512.0 · median    123.7 · years  25.2 · road 0.28 · starved   626 · nobles  +1.1 · read 19.3 · walls  0.6 · fell 85.2% (mother 25.1%) · prince 17.8% · king 15.5% · crowned 14.3% (median year 50) · 3.1s
try  6 · gen  261 · best    960.6 · elite    561.6 · median    144.5 · years  49.8 · road 0.43 · starved  2161 · nobles  +5.2 · read 57.9 · walls  2.5 · fell 76.8% (mother 47.1%) · prince 41.8% · king 29.0% · crowned 21.1% (median year 61) · 3.1s
try  7 · gen  261 · best   1169.1 · elite    735.2 · median    211.6 · years  23.0 · road 0.40 · starved   754 · nobles  +5.3 · read 25.2 · walls  2.3 · fell 78.0% (mother 17.4%) · prince 28.1% · king 24.7% · crowned 22.0% (median year 32) · 3.1s
try  8 · gen  261 · best   1185.5 · elite    819.8 · median    275.9 · years  29.7 · road 0.44 · starved  1450 · nobles  +3.5 · read 37.9 · walls  3.0 · fell 74.3% (mother 45.6%) · prince 45.4% · king 35.4% · crowned 25.7% (median year 33) · 3.1s
try  1 · gen  262 · best   1186.4 · elite    772.6 · median    227.6 · years  21.8 · road 0.37 · starved   566 · nobles  +2.6 · read  8.0 · walls  1.1 · fell 77.4% (mother 20.3%) · prince 30.9% · king 27.0% · crowned 22.6% (median year 31) · 3.2s
try  2 · gen  262 · best   1461.8 · elite    851.9 · median    301.5 · years  20.3 · road 0.40 · starved   550 · nobles  +3.0 · read 24.5 · walls  1.7 · fell 73.3% (mother 15.4%) · prince 31.3% · king 28.9% · crowned 26.7% (median year 29) · 3.2s
try  3 · gen  262 · best   1151.2 · elite    710.2 · median    196.5 · years  22.5 · road 0.37 · starved   579 · nobles  +0.0 · read 21.4 · walls  2.4 · fell 80.6% (mother 18.7%) · prince 26.1% · king 22.6% · crowned 19.4% (median year 32) · 3.2s
try  4 · gen  262 · best   1235.6 · elite    750.4 · median    202.7 · years  22.6 · road 0.38 · starved   592 · nobles  +4.2 · read 12.9 · walls  1.1 · fell 77.4% (mother 16.4%) · prince 28.8% · king 24.4% · crowned 22.5% (median year 34) · 3.2s
try  5 · gen  262 · best    873.2 · elite    486.8 · median    132.8 · years  25.2 · road 0.29 · starved   656 · nobles  +1.6 · read 19.2 · walls  0.6 · fell 84.7% (mother 25.5%) · prince 18.0% · king 16.0% · crowned 14.9% (median year 49) · 3.2s
try  6 · gen  262 · best    856.3 · elite    578.3 · median    150.2 · years  49.7 · road 0.43 · starved  2172 · nobles  +5.4 · read 54.9 · walls  2.4 · fell 76.1% (mother 47.2%) · prince 42.1% · king 30.6% · crowned 22.5% (median year 62) · 3.2s
try  7 · gen  262 · best   1160.1 · elite    733.0 · median    202.8 · years  22.8 · road 0.40 · starved   724 · nobles  +5.7 · read 24.8 · walls  2.2 · fell 78.2% (mother 15.9%) · prince 27.4% · king 24.0% · crowned 21.8% (median year 33) · 3.2s
try  8 · gen  262 · best   1318.7 · elite    819.6 · median    281.4 · years  29.7 · road 0.45 · starved  1471 · nobles  +3.6 · read 38.0 · walls  3.0 · fell 74.3% (mother 45.9%) · prince 46.3% · king 36.2% · crowned 25.7% (median year 33) · 3.2s
try  1 · gen  263 · best   1162.3 · elite    780.0 · median    236.7 · years  22.0 · road 0.37 · starved   559 · nobles  +2.7 · read  7.8 · walls  1.1 · fell 76.9% (mother 19.5%) · prince 31.3% · king 27.5% · crowned 23.0% (median year 31) · 3.8s
try  2 · gen  263 · best   1184.2 · elite    813.9 · median    288.5 · years  20.3 · road 0.40 · starved   545 · nobles  +2.8 · read 23.9 · walls  1.7 · fell 73.8% (mother 16.1%) · prince 30.6% · king 28.5% · crowned 26.2% (median year 29) · 3.8s
try  3 · gen  263 · best   1128.1 · elite    711.8 · median    192.1 · years  22.6 · road 0.37 · starved   568 · nobles  +0.2 · read 21.8 · walls  2.5 · fell 80.5% (mother 16.8%) · prince 25.8% · king 22.4% · crowned 19.4% (median year 33) · 3.8s
try  4 · gen  263 · best   1057.0 · elite    735.0 · median    208.2 · years  23.1 · road 0.38 · starved   615 · nobles  +4.3 · read 13.6 · walls  1.1 · fell 77.5% (mother 17.1%) · prince 28.9% · king 24.7% · crowned 22.5% (median year 35) · 3.8s
try  5 · gen  263 · best   1015.1 · elite    542.9 · median    124.4 · years  24.9 · road 0.28 · starved   651 · nobles  +1.2 · read 19.2 · walls  0.6 · fell 84.2% (mother 24.5%) · prince 17.9% · king 16.1% · crowned 15.3% (median year 49) · 3.8s
try  6 · gen  263 · best    906.0 · elite    589.1 · median    165.7 · years  49.8 · road 0.43 · starved  2126 · nobles  +5.5 · read 52.4 · walls  2.4 · fell 75.2% (mother 47.3%) · prince 43.3% · king 31.4% · crowned 23.1% (median year 61) · 3.8s
try  7 · gen  263 · best   1165.8 · elite    744.5 · median    206.0 · years  22.5 · road 0.40 · starved   741 · nobles  +5.5 · read 24.9 · walls  2.2 · fell 78.3% (mother 16.4%) · prince 27.3% · king 24.2% · crowned 21.7% (median year 33) · 3.8s
try  8 · gen  263 · best   1163.1 · elite    816.1 · median    332.4 · years  30.0 · road 0.45 · starved  1431 · nobles  +3.8 · read 38.5 · walls  3.1 · fell 72.8% (mother 44.2%) · prince 47.1% · king 36.5% · crowned 27.1% (median year 32) · 3.8s
try  1 · gen  264 · best   1191.8 · elite    801.5 · median    240.5 · years  22.2 · road 0.37 · starved   544 · nobles  +2.9 · read  8.1 · walls  1.1 · fell 76.4% (mother 19.9%) · prince 31.4% · king 27.6% · crowned 23.6% (median year 31) · 3.1s
try  2 · gen  264 · best   1388.4 · elite    834.7 · median    340.5 · years  20.8 · road 0.40 · starved   545 · nobles  +3.0 · read 23.7 · walls  1.7 · fell 73.3% (mother 15.6%) · prince 31.5% · king 29.0% · crowned 26.7% (median year 30) · 3.1s
try  3 · gen  264 · best   1156.4 · elite    707.6 · median    196.4 · years  22.8 · road 0.37 · starved   552 · nobles  +0.8 · read 21.7 · walls  2.4 · fell 80.3% (mother 16.0%) · prince 26.0% · king 22.5% · crowned 19.7% (median year 33) · 3.1s
try  4 · gen  264 · best    978.8 · elite    730.4 · median    199.2 · years  22.9 · road 0.38 · starved   625 · nobles  +3.7 · read 12.6 · walls  1.1 · fell 78.2% (mother 17.9%) · prince 28.4% · king 24.1% · crowned 21.8% (median year 35) · 3.1s
try  5 · gen  264 · best    869.2 · elite    514.1 · median    120.7 · years  25.0 · road 0.28 · starved   635 · nobles  +0.7 · read 19.4 · walls  0.6 · fell 85.2% (mother 24.8%) · prince 17.4% · king 15.1% · crowned 14.2% (median year 50) · 3.1s
try  6 · gen  264 · best   1115.3 · elite    607.6 · median    163.4 · years  48.2 · road 0.43 · starved  2062 · nobles  +5.7 · read 47.8 · walls  2.3 · fell 75.2% (mother 45.7%) · prince 41.5% · king 31.4% · crowned 23.6% (median year 60) · 3.1s
try  7 · gen  264 · best   1159.5 · elite    736.3 · median    211.6 · years  22.9 · road 0.40 · starved   743 · nobles  +5.5 · read 25.4 · walls  2.3 · fell 77.9% (mother 17.9%) · prince 28.0% · king 24.6% · crowned 22.1% (median year 33) · 3.1s
try  8 · gen  264 · best   1317.2 · elite    804.4 · median    293.6 · years  29.9 · road 0.46 · starved  1551 · nobles  +3.5 · read 38.2 · walls  3.2 · fell 74.1% (mother 48.0%) · prince 48.1% · king 36.1% · crowned 25.9% (median year 33) · 3.1s
try  1 · gen  265 · best   1135.7 · elite    769.4 · median    233.2 · years  22.0 · road 0.37 · starved   536 · nobles  +3.0 · read  8.2 · walls  1.1 · fell 76.6% (mother 19.4%) · prince 30.9% · king 27.4% · crowned 23.4% (median year 31) · 3.2s
try  2 · gen  265 · best   1238.7 · elite    808.9 · median    284.9 · years  20.1 · road 0.40 · starved   532 · nobles  +2.5 · read 22.7 · walls  1.7 · fell 73.8% (mother 16.3%) · prince 30.6% · king 28.3% · crowned 26.2% (median year 29) · 3.2s
try  3 · gen  265 · best   1080.3 · elite    695.0 · median    203.4 · years  22.7 · road 0.37 · starved   563 · nobles  +0.7 · read 22.0 · walls  2.4 · fell 80.3% (mother 15.8%) · prince 26.1% · king 22.8% · crowned 19.6% (median year 33) · 3.2s
try  4 · gen  265 · best   1110.2 · elite    715.0 · median    203.7 · years  22.7 · road 0.38 · starved   607 · nobles  +3.4 · read 12.9 · walls  1.1 · fell 78.0% (mother 17.9%) · prince 28.6% · king 24.3% · crowned 21.9% (median year 35) · 3.2s
try  5 · gen  265 · best    878.5 · elite    522.4 · median    126.1 · years  24.9 · road 0.28 · starved   644 · nobles  +0.8 · read 19.8 · walls  0.5 · fell 84.6% (mother 24.7%) · prince 18.3% · king 16.2% · crowned 14.9% (median year 49) · 3.2s
try  6 · gen  265 · best   1058.2 · elite    612.3 · median    181.7 · years  47.5 · road 0.42 · starved  2003 · nobles  +6.0 · read 44.8 · walls  2.3 · fell 74.2% (mother 46.3%) · prince 41.5% · king 32.2% · crowned 24.6% (median year 60) · 3.2s
try  7 · gen  265 · best   1140.8 · elite    764.8 · median    214.9 · years  23.0 · road 0.40 · starved   714 · nobles  +5.9 · read 25.4 · walls  2.4 · fell 77.1% (mother 16.3%) · prince 28.2% · king 25.0% · crowned 22.9% (median year 34) · 3.2s
try  8 · gen  265 · best   1182.5 · elite    810.2 · median    298.3 · years  30.0 · road 0.46 · starved  1541 · nobles  +3.7 · read 38.4 · walls  3.1 · fell 73.9% (mother 48.7%) · prince 48.4% · king 36.6% · crowned 26.1% (median year 33) · 3.2s
try  1 · gen  266 · best   1151.6 · elite    768.6 · median    236.1 · years  21.8 · road 0.37 · starved   520 · nobles  +2.8 · read  7.9 · walls  1.1 · fell 76.9% (mother 19.5%) · prince 30.4% · king 27.1% · crowned 23.0% (median year 31) · 3.0s
try  2 · gen  266 · best   1377.4 · elite    813.3 · median    371.5 · years  20.1 · road 0.40 · starved   529 · nobles  +2.7 · read 22.3 · walls  1.6 · fell 72.9% (mother 15.8%) · prince 31.8% · king 29.5% · crowned 27.1% (median year 29) · 3.0s
try  3 · gen  266 · best   1116.1 · elite    689.4 · median    196.9 · years  22.6 · road 0.37 · starved   550 · nobles  +0.9 · read 22.0 · walls  2.3 · fell 80.2% (mother 15.8%) · prince 26.1% · king 22.6% · crowned 19.7% (median year 33) · 3.0s
try  4 · gen  266 · best   1302.1 · elite    734.3 · median    202.8 · years  23.1 · road 0.37 · starved   598 · nobles  +3.4 · read 12.9 · walls  1.1 · fell 78.0% (mother 18.0%) · prince 28.6% · king 24.8% · crowned 22.0% (median year 36) · 3.0s
try  5 · gen  266 · best   1085.8 · elite    522.0 · median    124.1 · years  24.1 · road 0.28 · starved   610 · nobles  +0.4 · read 19.1 · walls  0.5 · fell 85.0% (mother 24.5%) · prince 17.4% · king 15.6% · crowned 14.6% (median year 49) · 3.0s
try  6 · gen  266 · best   1045.5 · elite    629.3 · median    191.7 · years  47.1 · road 0.42 · starved  1995 · nobles  +6.0 · read 43.5 · walls  2.3 · fell 73.6% (mother 44.5%) · prince 42.5% · king 33.4% · crowned 25.3% (median year 59) · 3.0s
try  7 · gen  266 · best   1191.3 · elite    759.1 · median    232.3 · years  23.2 · road 0.41 · starved   765 · nobles  +6.0 · read 25.6 · walls  2.6 · fell 76.5% (mother 16.3%) · prince 29.6% · king 26.1% · crowned 23.5% (median year 33) · 3.0s
try  8 · gen  266 · best   1156.6 · elite    789.6 · median    300.5 · years  29.5 · road 0.45 · starved  1516 · nobles  +3.9 · read 37.8 · walls  3.0 · fell 74.0% (mother 48.6%) · prince 45.6% · king 35.9% · crowned 26.0% (median year 33) · 3.0s
try  1 · gen  267 · best   1390.6 · elite    768.4 · median    231.1 · years  21.8 · road 0.37 · starved   547 · nobles  +2.6 · read  7.4 · walls  1.0 · fell 76.8% (mother 19.7%) · prince 30.7% · king 27.2% · crowned 23.2% (median year 31) · 3.9s
try  2 · gen  267 · best   1131.7 · elite    821.1 · median    296.7 · years  20.4 · road 0.40 · starved   528 · nobles  +2.7 · read 21.7 · walls  1.5 · fell 73.1% (mother 14.0%) · prince 31.4% · king 29.2% · crowned 26.9% (median year 29) · 3.9s
try  3 · gen  267 · best   1160.3 · elite    704.7 · median    196.3 · years  22.4 · road 0.37 · starved   531 · nobles  +1.0 · read 21.7 · walls  2.2 · fell 79.9% (mother 15.6%) · prince 26.0% · king 22.6% · crowned 20.1% (median year 32) · 3.9s
try  4 · gen  267 · best   1105.2 · elite    708.4 · median    197.9 · years  23.1 · road 0.38 · starved   614 · nobles  +3.2 · read 12.7 · walls  1.1 · fell 78.2% (mother 18.1%) · prince 28.8% · king 24.2% · crowned 21.7% (median year 36) · 3.9s
try  5 · gen  267 · best   1017.3 · elite    489.6 · median    127.8 · years  24.3 · road 0.28 · starved   628 · nobles  +0.3 · read 19.7 · walls  0.5 · fell 85.1% (mother 25.3%) · prince 17.5% · king 15.5% · crowned 14.5% (median year 50) · 3.9s
try  6 · gen  267 · best    888.9 · elite    639.9 · median    201.9 · years  48.0 · road 0.43 · starved  1952 · nobles  +5.8 · read 44.5 · walls  2.3 · fell 72.8% (mother 41.0%) · prince 42.5% · king 33.5% · crowned 25.5% (median year 59) · 3.9s
try  7 · gen  267 · best   1342.3 · elite    747.1 · median    227.5 · years  22.9 · road 0.41 · starved   710 · nobles  +5.1 · read 25.7 · walls  2.6 · fell 77.1% (mother 17.9%) · prince 28.9% · king 25.4% · crowned 22.9% (median year 33) · 3.9s
try  8 · gen  267 · best   1173.6 · elite    816.7 · median    340.7 · years  29.5 · road 0.45 · starved  1451 · nobles  +3.9 · read 37.8 · walls  3.0 · fell 72.8% (mother 45.3%) · prince 47.3% · king 37.7% · crowned 27.1% (median year 32) · 3.9s
try  1 · gen  268 · best   1188.9 · elite    764.3 · median    228.0 · years  21.5 · road 0.37 · starved   513 · nobles  +2.6 · read  7.1 · walls  1.0 · fell 77.0% (mother 19.9%) · prince 30.2% · king 27.1% · crowned 23.0% (median year 31) · 3.1s
try  2 · gen  268 · best   1369.8 · elite    808.3 · median    374.1 · years  20.6 · road 0.40 · starved   525 · nobles  +2.8 · read 21.7 · walls  1.6 · fell 72.1% (mother 13.5%) · prince 32.2% · king 30.1% · crowned 27.9% (median year 29) · 3.1s
try  3 · gen  268 · best   1219.7 · elite    686.2 · median    195.8 · years  22.3 · road 0.37 · starved   558 · nobles  +1.0 · read 21.3 · walls  2.2 · fell 80.3% (mother 17.5%) · prince 26.0% · king 22.6% · crowned 19.7% (median year 33) · 3.1s
try  4 · gen  268 · best    939.0 · elite    703.5 · median    202.7 · years  22.9 · road 0.37 · starved   579 · nobles  +2.7 · read 12.2 · walls  1.0 · fell 78.2% (mother 17.6%) · prince 27.8% · king 24.2% · crowned 21.7% (median year 36) · 3.1s
try  5 · gen  268 · best    842.8 · elite    489.9 · median    128.1 · years  23.9 · road 0.28 · starved   611 · nobles  +0.2 · read 19.4 · walls  0.5 · fell 85.0% (mother 25.1%) · prince 17.5% · king 15.6% · crowned 14.4% (median year 49) · 3.1s
try  6 · gen  268 · best    897.1 · elite    627.3 · median    188.1 · years  47.5 · road 0.43 · starved  1966 · nobles  +5.5 · read 44.1 · walls  2.3 · fell 73.5% (mother 42.9%) · prince 42.6% · king 33.5% · crowned 25.0% (median year 59) · 3.1s
try  7 · gen  268 · best   1211.8 · elite    773.3 · median    215.3 · years  22.9 · road 0.41 · starved   714 · nobles  +5.0 · read 25.8 · walls  2.5 · fell 77.2% (mother 17.5%) · prince 29.0% · king 25.5% · crowned 22.8% (median year 33) · 3.1s
try  8 · gen  268 · best   1383.7 · elite    849.7 · median    348.0 · years  29.4 · road 0.46 · starved  1426 · nobles  +4.4 · read 37.8 · walls  3.1 · fell 72.2% (mother 45.8%) · prince 47.6% · king 37.7% · crowned 27.7% (median year 32) · 3.1s
try  1 · gen  269 · best   1178.8 · elite    784.6 · median    234.5 · years  21.9 · road 0.37 · starved   518 · nobles  +2.9 · read  7.7 · walls  1.1 · fell 76.2% (mother 19.8%) · prince 30.7% · king 27.4% · crowned 23.8% (median year 31) · 3.2s
try  2 · gen  269 · best   1406.0 · elite    823.4 · median    350.8 · years  20.2 · road 0.40 · starved   537 · nobles  +2.5 · read 22.1 · walls  1.6 · fell 73.1% (mother 15.9%) · prince 31.8% · king 29.8% · crowned 26.9% (median year 28) · 3.2s
try  3 · gen  269 · best   1164.1 · elite    682.0 · median    195.8 · years  22.5 · road 0.37 · starved   555 · nobles  +0.8 · read 21.7 · walls  2.2 · fell 80.4% (mother 16.2%) · prince 25.8% · king 22.6% · crowned 19.6% (median year 32) · 3.2s
try  4 · gen  269 · best   1284.6 · elite    730.9 · median    208.7 · years  23.0 · road 0.37 · starved   573 · nobles  +2.9 · read 12.2 · walls  1.0 · fell 77.4% (mother 18.0%) · prince 28.7% · king 24.8% · crowned 22.5% (median year 35) · 3.2s
try  5 · gen  269 · best    814.1 · elite    509.0 · median    127.0 · years  24.6 · road 0.28 · starved   623 · nobles  +0.3 · read 20.4 · walls  0.4 · fell 84.9% (mother 24.0%) · prince 17.6% · king 15.9% · crowned 14.6% (median year 50) · 3.2s
try  6 · gen  269 · best    960.6 · elite    643.4 · median    197.3 · years  47.6 · road 0.43 · starved  1973 · nobles  +5.5 · read 45.1 · walls  2.3 · fell 73.3% (mother 40.5%) · prince 42.0% · king 33.3% · crowned 25.3% (median year 59) · 3.2s
try  7 · gen  269 · best   1200.5 · elite    742.9 · median    228.3 · years  22.9 · road 0.41 · starved   674 · nobles  +5.0 · read 26.0 · walls  2.4 · fell 76.8% (mother 17.1%) · prince 29.5% · king 25.7% · crowned 23.2% (median year 33) · 3.2s
try  8 · gen  269 · best   1371.7 · elite    855.6 · median    325.6 · years  29.7 · road 0.46 · starved  1424 · nobles  +4.4 · read 37.8 · walls  3.1 · fell 72.1% (mother 45.5%) · prince 47.8% · king 37.5% · crowned 27.7% (median year 33) · 3.2s
try  1 · gen  270 · best   1170.6 · elite    812.6 · median    260.1 · years  21.8 · road 0.37 · starved   503 · nobles  +2.9 · read  8.2 · walls  1.2 · fell 75.3% (mother 19.0%) · prince 31.5% · king 28.4% · crowned 24.7% (median year 30) · 3.1s
try  2 · gen  270 · best   1165.2 · elite    824.1 · median    364.1 · years  20.2 · road 0.40 · starved   539 · nobles  +2.2 · read 21.6 · walls  1.5 · fell 73.2% (mother 14.7%) · prince 31.3% · king 29.4% · crowned 26.8% (median year 28) · 3.1s
try  3 · gen  270 · best   1058.9 · elite    706.5 · median    197.1 · years  22.5 · road 0.37 · starved   585 · nobles  +0.6 · read 21.4 · walls  2.1 · fell 80.5% (mother 17.9%) · prince 26.3% · king 22.7% · crowned 19.5% (median year 33) · 3.1s
try  4 · gen  270 · best   1168.7 · elite    718.3 · median    209.1 · years  23.1 · road 0.37 · starved   583 · nobles  +2.9 · read 12.4 · walls  1.0 · fell 77.6% (mother 18.4%) · prince 28.9% · king 25.0% · crowned 22.4% (median year 35) · 3.1s
try  5 · gen  270 · best    852.9 · elite    488.3 · median    123.6 · years  24.7 · road 0.28 · starved   630 · nobles  +0.0 · read 20.4 · walls  0.5 · fell 84.9% (mother 25.2%) · prince 17.7% · king 15.7% · crowned 14.4% (median year 51) · 3.1s
try  6 · gen  270 · best    972.5 · elite    602.9 · median    185.0 · years  48.1 · road 0.43 · starved  2027 · nobles  +5.4 · read 47.7 · walls  2.4 · fell 74.3% (mother 42.9%) · prince 42.7% · king 32.5% · crowned 24.1% (median year 60) · 3.1s
try  7 · gen  270 · best   1156.5 · elite    746.2 · median    212.1 · years  22.7 · road 0.40 · starved   695 · nobles  +5.0 · read 25.9 · walls  2.3 · fell 77.5% (mother 16.9%) · prince 28.5% · king 25.2% · crowned 22.5% (median year 33) · 3.1s
try  8 · gen  270 · best   1190.9 · elite    810.4 · median    355.3 · years  29.6 · road 0.46 · starved  1401 · nobles  +4.6 · read 37.1 · walls  3.2 · fell 71.7% (mother 44.4%) · prince 47.4% · king 37.3% · crowned 28.0% (median year 32) · 3.1s
try  1 · gen  271 · best   1358.9 · elite    782.5 · median    231.5 · years  21.8 · road 0.37 · starved   509 · nobles  +2.5 · read  7.8 · walls  1.1 · fell 76.6% (mother 18.7%) · prince 30.3% · king 27.0% · crowned 23.4% (median year 31) · 3.1s
try  2 · gen  271 · best   1242.1 · elite    816.0 · median    326.9 · years  20.4 · road 0.41 · starved   551 · nobles  +2.0 · read 21.9 · walls  1.7 · fell 73.6% (mother 16.6%) · prince 31.5% · king 29.5% · crowned 26.5% (median year 28) · 3.1s
try  3 · gen  271 · best   1181.2 · elite    692.4 · median    191.2 · years  22.1 · road 0.37 · starved   610 · nobles  +0.4 · read 21.2 · walls  2.1 · fell 81.5% (mother 19.2%) · prince 25.7% · king 22.1% · crowned 18.4% (median year 32) · 3.1s
try  4 · gen  271 · best   1097.0 · elite    733.3 · median    201.0 · years  23.4 · road 0.37 · starved   571 · nobles  +2.9 · read 12.9 · walls  1.0 · fell 77.8% (mother 17.4%) · prince 28.3% · king 24.5% · crowned 22.2% (median year 37) · 3.1s
try  5 · gen  271 · best    989.4 · elite    504.6 · median    132.6 · years  24.9 · road 0.29 · starved   624 · nobles  +0.2 · read 20.2 · walls  0.5 · fell 84.4% (mother 24.1%) · prince 18.4% · king 16.3% · crowned 15.1% (median year 50) · 3.1s
try  6 · gen  271 · best   1097.1 · elite    617.8 · median    177.9 · years  49.5 · road 0.44 · starved  2037 · nobles  +5.6 · read 49.3 · walls  2.5 · fell 74.1% (mother 41.2%) · prince 43.1% · king 32.6% · crowned 24.4% (median year 60) · 3.1s
try  7 · gen  271 · best   1150.5 · elite    748.9 · median    218.6 · years  22.9 · road 0.41 · starved   680 · nobles  +5.4 · read 26.5 · walls  2.3 · fell 76.8% (mother 15.8%) · prince 28.6% · king 25.6% · crowned 23.2% (median year 33) · 3.1s
try  8 · gen  271 · best   1164.7 · elite    841.0 · median    355.1 · years  29.8 · road 0.46 · starved  1367 · nobles  +4.8 · read 37.5 · walls  3.1 · fell 71.2% (mother 43.7%) · prince 47.8% · king 37.9% · crowned 28.6% (median year 32) · 3.1s
try  1 · gen  272 · best   1157.5 · elite    771.8 · median    241.5 · years  21.6 · road 0.37 · starved   498 · nobles  +2.8 · read  8.2 · walls  1.1 · fell 76.4% (mother 19.7%) · prince 30.6% · king 27.6% · crowned 23.6% (median year 30) · 3.2s
try  2 · gen  272 · best   1180.1 · elite    813.8 · median    291.5 · years  20.3 · road 0.40 · starved   538 · nobles  +2.2 · read 21.7 · walls  1.6 · fell 73.9% (mother 15.0%) · prince 30.8% · king 28.9% · crowned 26.1% (median year 29) · 3.2s
try  3 · gen  272 · best   1313.8 · elite    706.8 · median    197.3 · years  22.4 · road 0.37 · starved   583 · nobles  +0.5 · read 21.3 · walls  2.2 · fell 80.4% (mother 17.2%) · prince 26.4% · king 22.9% · crowned 19.5% (median year 33) · 3.2s
try  4 · gen  272 · best    945.3 · elite    709.2 · median    199.4 · years  23.2 · road 0.37 · starved   559 · nobles  +2.7 · read 12.4 · walls  1.0 · fell 78.0% (mother 18.2%) · prince 28.3% · king 24.5% · crowned 21.9% (median year 36) · 3.2s
try  5 · gen  272 · best   1036.6 · elite    502.3 · median    124.7 · years  25.2 · road 0.28 · starved   630 · nobles  +0.3 · read 20.4 · walls  0.5 · fell 84.5% (mother 23.6%) · prince 18.5% · king 16.2% · crowned 14.7% (median year 52) · 3.2s
try  6 · gen  272 · best    972.7 · elite    599.6 · median    201.7 · years  48.9 · road 0.43 · starved  2005 · nobles  +5.6 · read 48.8 · walls  2.4 · fell 73.4% (mother 41.3%) · prince 42.5% · king 33.2% · crowned 24.9% (median year 59) · 3.2s
try  7 · gen  272 · best   1171.5 · elite    729.7 · median    217.3 · years  22.8 · road 0.40 · starved   688 · nobles  +4.6 · read 26.1 · walls  2.2 · fell 77.6% (mother 17.7%) · prince 28.0% · king 25.1% · crowned 22.4% (median year 34) · 3.2s
try  8 · gen  272 · best   1323.0 · elite    862.2 · median    351.0 · years  29.4 · road 0.46 · starved  1363 · nobles  +4.5 · read 37.9 · walls  3.1 · fell 71.4% (mother 44.3%) · prince 47.5% · king 37.7% · crowned 28.5% (median year 32) · 3.2s
try  1 · gen  273 · best   1174.1 · elite    772.0 · median    245.6 · years  21.9 · road 0.37 · starved   501 · nobles  +3.2 · read  8.0 · walls  1.1 · fell 75.7% (mother 18.5%) · prince 31.1% · king 27.9% · crowned 24.3% (median year 31) · 3.0s
try  2 · gen  273 · best   1173.2 · elite    793.0 · median    345.4 · years  20.5 · road 0.40 · starved   529 · nobles  +2.4 · read 21.2 · walls  1.6 · fell 73.6% (mother 14.4%) · prince 30.8% · king 28.9% · crowned 26.4% (median year 30) · 3.0s
try  3 · gen  273 · best   1003.5 · elite    688.1 · median    197.1 · years  22.7 · road 0.37 · starved   593 · nobles  +0.1 · read 21.7 · walls  2.2 · fell 80.9% (mother 19.1%) · prince 26.4% · king 22.5% · crowned 19.0% (median year 33) · 3.0s
try  4 · gen  273 · best   1142.5 · elite    728.7 · median    199.3 · years  22.7 · road 0.36 · starved   530 · nobles  +2.8 · read 12.1 · walls  0.9 · fell 78.3% (mother 18.0%) · prince 27.0% · king 23.8% · crowned 21.7% (median year 36) · 3.0s
try  5 · gen  273 · best    793.3 · elite    502.7 · median    132.0 · years  25.4 · road 0.29 · starved   603 · nobles  +0.4 · read 20.8 · walls  0.5 · fell 83.9% (mother 23.5%) · prince 18.9% · king 17.0% · crowned 15.5% (median year 51) · 3.0s
try  6 · gen  273 · best   1148.3 · elite    633.2 · median    196.7 · years  47.9 · road 0.43 · starved  1998 · nobles  +6.1 · read 47.5 · walls  2.4 · fell 73.1% (mother 41.5%) · prince 41.7% · king 33.6% · crowned 25.7% (median year 58) · 3.0s
try  7 · gen  273 · best   1109.1 · elite    733.6 · median    217.8 · years  22.7 · road 0.40 · starved   727 · nobles  +5.3 · read 26.4 · walls  2.3 · fell 77.3% (mother 16.8%) · prince 28.6% · king 25.5% · crowned 22.7% (median year 34) · 3.0s
try  8 · gen  273 · best   1338.7 · elite    827.3 · median    364.0 · years  29.5 · road 0.46 · starved  1376 · nobles  +4.5 · read 38.2 · walls  3.1 · fell 71.4% (mother 44.0%) · prince 47.9% · king 37.4% · crowned 28.5% (median year 32) · 3.0s
try  1 · gen  274 · best   1167.5 · elite    806.2 · median    252.8 · years  21.9 · road 0.37 · starved   579 · nobles  +3.0 · read  7.9 · walls  1.1 · fell 76.0% (mother 18.3%) · prince 31.5% · king 27.8% · crowned 24.0% (median year 31) · 3.2s
try  2 · gen  274 · best   1424.0 · elite    827.5 · median    296.1 · years  20.3 · road 0.40 · starved   523 · nobles  +2.9 · read 21.2 · walls  1.6 · fell 73.3% (mother 13.4%) · prince 31.3% · king 29.2% · crowned 26.6% (median year 29) · 3.2s
try  3 · gen  274 · best   1156.4 · elite    694.4 · median    195.8 · years  22.4 · road 0.37 · starved   598 · nobles  -0.2 · read 21.5 · walls  2.2 · fell 80.9% (mother 18.6%) · prince 26.3% · king 22.9% · crowned 19.1% (median year 32) · 3.2s
try  4 · gen  274 · best   1151.9 · elite    717.5 · median    199.1 · years  23.0 · road 0.37 · starved   539 · nobles  +2.9 · read 11.9 · walls  1.0 · fell 77.7% (mother 18.0%) · prince 27.6% · king 24.6% · crowned 22.3% (median year 36) · 3.2s
try  5 · gen  274 · best    968.7 · elite    516.4 · median    128.5 · years  25.3 · road 0.29 · starved   633 · nobles  +0.1 · read 20.8 · walls  0.5 · fell 83.8% (mother 24.5%) · prince 18.9% · king 16.9% · crowned 15.4% (median year 51) · 3.2s
try  6 · gen  274 · best    885.0 · elite    618.7 · median    209.3 · years  47.8 · road 0.43 · starved  1985 · nobles  +5.8 · read 47.1 · walls  2.3 · fell 73.1% (mother 41.2%) · prince 41.5% · king 33.8% · crowned 25.6% (median year 58) · 3.2s
try  7 · gen  274 · best   1166.4 · elite    755.7 · median    209.3 · years  22.9 · road 0.40 · starved   702 · nobles  +4.9 · read 26.4 · walls  2.2 · fell 77.7% (mother 16.5%) · prince 28.4% · king 25.4% · crowned 22.3% (median year 34) · 3.2s
try  8 · gen  274 · best   1153.7 · elite    845.3 · median    360.5 · years  29.5 · road 0.47 · starved  1399 · nobles  +4.2 · read 38.2 · walls  3.2 · fell 71.3% (mother 46.3%) · prince 49.0% · king 39.3% · crowned 28.5% (median year 33) · 3.2s
try  1 · gen  275 · best   1376.5 · elite    782.1 · median    237.3 · years  21.9 · road 0.37 · starved   493 · nobles  +2.9 · read  8.3 · walls  1.0 · fell 76.3% (mother 17.2%) · prince 30.4% · king 27.3% · crowned 23.7% (median year 31) · 3.1s
try  2 · gen  275 · best   1373.3 · elite    842.9 · median    358.8 · years  20.4 · road 0.40 · starved   553 · nobles  +2.6 · read 21.0 · walls  1.6 · fell 73.2% (mother 14.2%) · prince 31.9% · king 29.8% · crowned 26.8% (median year 29) · 3.1s
try  3 · gen  275 · best    954.5 · elite    675.8 · median    194.1 · years  22.4 · road 0.37 · starved   591 · nobles  -0.0 · read 21.3 · walls  2.1 · fell 80.5% (mother 17.3%) · prince 26.2% · king 22.9% · crowned 19.4% (median year 33) · 3.1s
try  4 · gen  275 · best   1181.2 · elite    706.3 · median    206.3 · years  23.5 · road 0.37 · starved   539 · nobles  +3.2 · read 11.1 · walls  1.0 · fell 77.7% (mother 18.2%) · prince 28.1% · king 25.0% · crowned 22.3% (median year 37) · 3.1s
try  5 · gen  275 · best    963.3 · elite    508.7 · median    129.1 · years  25.0 · road 0.29 · starved   619 · nobles  +0.4 · read 20.6 · walls  0.5 · fell 84.2% (mother 24.1%) · prince 18.7% · king 16.5% · crowned 15.2% (median year 51) · 3.1s
try  6 · gen  275 · best    994.1 · elite    644.7 · median    202.3 · years  47.4 · road 0.43 · starved  1970 · nobles  +5.9 · read 45.8 · walls  2.3 · fell 73.0% (mother 41.9%) · prince 41.6% · king 33.8% · crowned 25.8% (median year 58) · 3.1s
try  7 · gen  275 · best   1338.9 · elite    741.1 · median    211.3 · years  22.8 · road 0.40 · starved   699 · nobles  +4.9 · read 26.1 · walls  2.2 · fell 77.7% (mother 17.5%) · prince 28.2% · king 25.4% · crowned 22.4% (median year 33) · 3.1s
try  8 · gen  275 · best   1176.1 · elite    842.5 · median    360.6 · years  30.0 · road 0.47 · starved  1460 · nobles  +4.2 · read 38.8 · walls  3.3 · fell 71.7% (mother 47.3%) · prince 48.3% · king 38.0% · crowned 28.2% (median year 33) · 3.1s
try  1 · gen  276 · best   1182.6 · elite    779.1 · median    236.8 · years  21.6 · road 0.37 · starved   522 · nobles  +2.7 · read  8.0 · walls  1.1 · fell 76.4% (mother 20.0%) · prince 31.2% · king 27.6% · crowned 23.6% (median year 31) · 4.2s
try  2 · gen  276 · best   1380.7 · elite    796.5 · median    364.6 · years  20.3 · road 0.40 · starved   542 · nobles  +3.1 · read 20.6 · walls  1.5 · fell 73.3% (mother 14.4%) · prince 31.5% · king 29.7% · crowned 26.7% (median year 29) · 4.2s
try  3 · gen  276 · best   1110.0 · elite    665.9 · median    192.0 · years  22.6 · road 0.37 · starved   618 · nobles  -0.2 · read 21.4 · walls  2.1 · fell 81.0% (mother 18.6%) · prince 26.6% · king 22.8% · crowned 18.9% (median year 33) · 4.2s
try  4 · gen  276 · best   1125.6 · elite    711.7 · median    203.0 · years  23.1 · road 0.36 · starved   548 · nobles  +3.1 · read 10.5 · walls  0.9 · fell 77.9% (mother 18.4%) · prince 27.5% · king 24.4% · crowned 22.0% (median year 37) · 4.2s
try  5 · gen  276 · best    882.3 · elite    506.7 · median    126.8 · years  25.2 · road 0.29 · starved   623 · nobles  -0.1 · read 21.4 · walls  0.5 · fell 84.3% (mother 24.4%) · prince 18.3% · king 16.5% · crowned 15.0% (median year 52) · 4.2s
try  6 · gen  276 · best    931.6 · elite    630.1 · median    206.4 · years  48.3 · road 0.44 · starved  1990 · nobles  +6.2 · read 46.8 · walls  2.2 · fell 73.0% (mother 41.9%) · prince 42.6% · king 34.2% · crowned 25.8% (median year 57) · 4.2s
try  7 · gen  276 · best   1106.2 · elite    756.9 · median    208.4 · years  22.5 · road 0.40 · starved   697 · nobles  +4.7 · read 26.1 · walls  2.1 · fell 77.9% (mother 16.9%) · prince 27.1% · king 24.6% · crowned 22.0% (median year 34) · 4.2s
try  8 · gen  276 · best   1207.0 · elite    843.8 · median    342.3 · years  29.6 · road 0.46 · starved  1456 · nobles  +4.5 · read 38.0 · walls  3.3 · fell 71.6% (mother 47.5%) · prince 48.4% · king 38.4% · crowned 28.3% (median year 33) · 4.2s
try  1 · gen  277 · best   1379.8 · elite    777.3 · median    238.9 · years  21.7 · road 0.37 · starved   488 · nobles  +2.9 · read  7.5 · walls  1.0 · fell 76.6% (mother 17.8%) · prince 30.7% · king 26.6% · crowned 23.5% (median year 31) · 3.0s
try  2 · gen  277 · best   1360.8 · elite    803.7 · median    262.9 · years  20.3 · road 0.40 · starved   536 · nobles  +2.7 · read 20.1 · walls  1.5 · fell 74.0% (mother 14.9%) · prince 30.8% · king 28.6% · crowned 26.0% (median year 29) · 3.0s
try  3 · gen  277 · best    968.1 · elite    677.5 · median    192.8 · years  22.7 · road 0.37 · starved   611 · nobles  -0.3 · read 21.6 · walls  2.0 · fell 80.7% (mother 18.4%) · prince 26.6% · king 23.1% · crowned 19.2% (median year 34) · 3.0s
try  4 · gen  277 · best   1356.5 · elite    698.2 · median    195.8 · years  23.0 · road 0.36 · starved   559 · nobles  +2.6 · read 10.8 · walls  1.0 · fell 78.6% (mother 18.7%) · prince 27.1% · king 24.0% · crowned 21.4% (median year 37) · 3.0s
try  5 · gen  277 · best    880.9 · elite    528.9 · median    126.8 · years  25.3 · road 0.29 · starved   592 · nobles  +0.1 · read 21.6 · walls  0.5 · fell 83.4% (mother 22.6%) · prince 19.0% · king 17.3% · crowned 15.8% (median year 52) · 3.0s
try  6 · gen  277 · best   1059.8 · elite    661.0 · median    211.1 · years  48.2 · road 0.43 · starved  1992 · nobles  +6.1 · read 47.3 · walls  2.3 · fell 72.6% (mother 42.3%) · prince 43.2% · king 34.9% · crowned 26.0% (median year 58) · 3.0s
try  7 · gen  277 · best   1134.8 · elite    734.3 · median    212.9 · years  22.8 · road 0.40 · starved   708 · nobles  +5.5 · read 26.6 · walls  2.1 · fell 77.7% (mother 16.6%) · prince 27.8% · king 25.1% · crowned 22.3% (median year 34) · 3.0s
try  8 · gen  277 · best   1349.9 · elite    842.6 · median    351.7 · years  30.0 · road 0.47 · starved  1454 · nobles  +4.4 · read 38.2 · walls  3.4 · fell 71.7% (mother 48.2%) · prince 49.4% · king 38.2% · crowned 28.1% (median year 34) · 3.0s
try  1 · gen  278 · best   1141.0 · elite    748.6 · median    239.7 · years  21.7 · road 0.37 · starved   489 · nobles  +3.0 · read  7.5 · walls  1.0 · fell 76.3% (mother 17.9%) · prince 30.2% · king 27.1% · crowned 23.7% (median year 31) · 3.2s
try  2 · gen  278 · best   1176.7 · elite    818.9 · median    367.0 · years  20.5 · road 0.40 · starved   534 · nobles  +2.5 · read 20.4 · walls  1.5 · fell 73.4% (mother 13.8%) · prince 31.2% · king 29.6% · crowned 26.6% (median year 29) · 3.2s
try  3 · gen  278 · best   1070.6 · elite    667.3 · median    197.6 · years  22.4 · road 0.37 · starved   617 · nobles  -0.3 · read 21.3 · walls  1.9 · fell 80.7% (mother 19.4%) · prince 27.0% · king 23.2% · crowned 19.2% (median year 32) · 3.2s
try  4 · gen  278 · best   1059.8 · elite    709.8 · median    200.7 · years  23.4 · road 0.37 · starved   583 · nobles  +2.9 · read 10.8 · walls  1.0 · fell 78.6% (mother 20.8%) · prince 28.0% · king 24.2% · crowned 21.4% (median year 37) · 3.2s
try  5 · gen  278 · best    861.8 · elite    533.1 · median    137.4 · years  26.0 · road 0.29 · starved   598 · nobles  +0.5 · read 23.1 · walls  0.5 · fell 82.8% (mother 22.2%) · prince 19.9% · king 18.0% · crowned 16.4% (median year 51) · 3.2s
try  6 · gen  278 · best   1153.9 · elite    654.2 · median    198.3 · years  48.7 · road 0.44 · starved  2001 · nobles  +5.9 · read 48.1 · walls  2.3 · fell 73.3% (mother 43.9%) · prince 43.1% · king 34.4% · crowned 25.2% (median year 58) · 3.2s
try  7 · gen  278 · best   1331.7 · elite    777.3 · median    212.8 · years  22.4 · road 0.40 · starved   713 · nobles  +5.3 · read 25.5 · walls  2.1 · fell 77.2% (mother 17.2%) · prince 28.8% · king 26.1% · crowned 22.8% (median year 33) · 3.2s
try  8 · gen  278 · best   1226.2 · elite    850.2 · median    347.5 · years  29.6 · road 0.47 · starved  1463 · nobles  +4.2 · read 37.5 · walls  3.4 · fell 72.2% (mother 48.3%) · prince 49.2% · king 38.8% · crowned 27.8% (median year 33) · 3.2s
try  1 · gen  279 · best   1175.4 · elite    756.4 · median    224.0 · years  21.5 · road 0.37 · starved   475 · nobles  +2.9 · read  8.0 · walls  1.0 · fell 76.8% (mother 17.5%) · prince 29.7% · king 26.4% · crowned 23.2% (median year 31) · 3.1s
try  2 · gen  279 · best   1244.9 · elite    814.1 · median    352.1 · years  20.4 · road 0.40 · starved   517 · nobles  +2.8 · read 20.5 · walls  1.4 · fell 72.9% (mother 13.4%) · prince 31.7% · king 29.9% · crowned 27.1% (median year 29) · 3.1s
try  3 · gen  279 · best   1059.2 · elite    676.1 · median    192.6 · years  22.7 · road 0.37 · starved   618 · nobles  -0.2 · read 21.7 · walls  2.1 · fell 80.9% (mother 18.8%) · prince 27.1% · king 23.7% · crowned 19.1% (median year 33) · 3.1s
try  4 · gen  279 · best   1147.8 · elite    738.2 · median    198.0 · years  23.6 · road 0.37 · starved   574 · nobles  +2.8 · read 10.1 · walls  1.1 · fell 77.9% (mother 19.1%) · prince 28.5% · king 24.8% · crowned 22.0% (median year 37) · 3.1s
try  5 · gen  279 · best   1010.2 · elite    523.5 · median    130.4 · years  26.2 · road 0.29 · starved   611 · nobles  +0.7 · read 23.6 · walls  0.4 · fell 82.7% (mother 22.3%) · prince 19.9% · king 18.0% · crowned 16.4% (median year 52) · 3.1s
try  6 · gen  279 · best   1051.8 · elite    595.8 · median    185.4 · years  48.3 · road 0.43 · starved  2023 · nobles  +6.0 · read 46.5 · walls  2.3 · fell 73.8% (mother 45.8%) · prince 41.8% · king 33.1% · crowned 24.8% (median year 60) · 3.1s
try  7 · gen  279 · best   1004.1 · elite    729.8 · median    214.5 · years  22.8 · road 0.40 · starved   731 · nobles  +4.6 · read 26.1 · walls  2.1 · fell 78.0% (mother 17.9%) · prince 28.1% · king 25.2% · crowned 22.0% (median year 33) · 3.1s
try  8 · gen  279 · best   1192.2 · elite    862.0 · median    349.6 · years  29.2 · road 0.47 · starved  1446 · nobles  +4.3 · read 36.9 · walls  3.4 · fell 71.5% (mother 48.5%) · prince 49.1% · king 38.1% · crowned 28.4% (median year 33) · 3.1s
try  1 · gen  280 · best   1406.4 · elite    813.1 · median    234.9 · years  21.9 · road 0.37 · starved   490 · nobles  +2.9 · read  8.4 · walls  1.1 · fell 76.0% (mother 18.9%) · prince 31.4% · king 27.7% · crowned 24.0% (median year 31) · 3.6s
try  2 · gen  280 · best   1232.4 · elite    831.2 · median    354.4 · years  20.9 · road 0.39 · starved   514 · nobles  +3.1 · read 20.4 · walls  1.4 · fell 72.8% (mother 12.4%) · prince 32.2% · king 30.5% · crowned 27.2% (median year 30) · 3.6s
try  3 · gen  280 · best   1094.1 · elite    699.8 · median    191.8 · years  22.7 · road 0.37 · starved   592 · nobles  -0.4 · read 22.0 · walls  2.1 · fell 80.6% (mother 17.8%) · prince 26.3% · king 23.1% · crowned 19.4% (median year 33) · 3.6s
try  4 · gen  280 · best   1133.8 · elite    709.0 · median    199.0 · years  23.1 · road 0.37 · starved   577 · nobles  +2.6 · read 10.1 · walls  1.1 · fell 78.3% (mother 20.0%) · prince 27.3% · king 24.0% · crowned 21.7% (median year 37) · 3.6s
try  5 · gen  280 · best   1048.7 · elite    506.7 · median    130.7 · years  26.0 · road 0.29 · starved   617 · nobles  +0.6 · read 23.4 · walls  0.4 · fell 83.3% (mother 24.2%) · prince 19.4% · king 17.4% · crowned 15.7% (median year 53) · 3.6s
try  6 · gen  280 · best    932.0 · elite    613.3 · median    183.3 · years  48.7 · road 0.43 · starved  2083 · nobles  +6.2 · read 46.0 · walls  2.3 · fell 74.0% (mother 48.2%) · prince 41.7% · king 32.6% · crowned 24.6% (median year 60) · 3.6s
try  7 · gen  280 · best   1164.8 · elite    776.3 · median    223.3 · years  23.4 · road 0.41 · starved   720 · nobles  +5.2 · read 26.5 · walls  2.2 · fell 76.6% (mother 17.9%) · prince 29.8% · king 26.5% · crowned 23.5% (median year 34) · 3.6s
try  8 · gen  280 · best   1156.0 · elite    831.2 · median    345.1 · years  29.9 · road 0.47 · starved  1475 · nobles  +4.3 · read 37.6 · walls  3.5 · fell 72.1% (mother 49.0%) · prince 50.3% · king 38.3% · crowned 27.8% (median year 34) · 3.6s
try  1 · gen  281 · best   1140.0 · elite    785.0 · median    237.8 · years  21.8 · road 0.37 · starved   480 · nobles  +2.8 · read  8.3 · walls  1.0 · fell 76.4% (mother 17.3%) · prince 30.5% · king 27.2% · crowned 23.6% (median year 32) · 3.2s
try  2 · gen  281 · best   1278.2 · elite    861.1 · median    374.8 · years  20.7 · road 0.39 · starved   524 · nobles  +3.2 · read 19.9 · walls  1.4 · fell 72.3% (mother 12.5%) · prince 32.4% · king 30.4% · crowned 27.7% (median year 30) · 3.2s
try  3 · gen  281 · best   1142.8 · elite    718.9 · median    197.7 · years  22.5 · road 0.37 · starved   593 · nobles  -0.2 · read 21.8 · walls  2.0 · fell 80.4% (mother 18.2%) · prince 27.2% · king 23.6% · crowned 19.5% (median year 33) · 3.2s
try  4 · gen  281 · best   1123.5 · elite    718.0 · median    194.3 · years  23.4 · road 0.37 · starved   587 · nobles  +2.8 · read 10.2 · walls  1.1 · fell 78.1% (mother 20.3%) · prince 27.8% · king 24.2% · crowned 21.8% (median year 36) · 3.2s
try  5 · gen  281 · best    854.1 · elite    520.3 · median    130.5 · years  26.1 · road 0.29 · starved   616 · nobles  +0.6 · read 23.6 · walls  0.4 · fell 83.2% (mother 23.3%) · prince 20.0% · king 17.5% · crowned 15.9% (median year 52) · 3.2s
try  6 · gen  281 · best    951.2 · elite    604.8 · median    200.3 · years  49.3 · road 0.44 · starved  2081 · nobles  +6.4 · read 46.7 · walls  2.3 · fell 73.2% (mother 48.1%) · prince 41.8% · king 33.2% · crowned 25.2% (median year 61) · 3.2s
try  7 · gen  281 · best   1237.0 · elite    785.2 · median    234.1 · years  23.3 · road 0.41 · starved   730 · nobles  +5.5 · read 26.3 · walls  2.4 · fell 76.5% (mother 18.2%) · prince 30.5% · king 26.8% · crowned 23.5% (median year 33) · 3.2s
try  8 · gen  281 · best   1163.9 · elite    829.1 · median    329.1 · years  30.3 · road 0.47 · starved  1505 · nobles  +4.2 · read 38.4 · walls  3.5 · fell 72.5% (mother 50.3%) · prince 50.1% · king 37.6% · crowned 27.5% (median year 34) · 3.2s
try  1 · gen  282 · best   1182.5 · elite    801.9 · median    225.2 · years  22.0 · road 0.37 · starved   501 · nobles  +2.6 · read  8.2 · walls  1.0 · fell 76.9% (mother 18.0%) · prince 30.3% · king 26.6% · crowned 23.1% (median year 32) · 3.0s
try  2 · gen  282 · best   1202.9 · elite    830.7 · median    352.2 · years  20.3 · road 0.39 · starved   510 · nobles  +3.0 · read 19.5 · walls  1.5 · fell 73.3% (mother 13.9%) · prince 31.1% · king 29.7% · crowned 26.7% (median year 29) · 3.0s
try  3 · gen  282 · best   1424.3 · elite    683.3 · median    190.9 · years  22.3 · road 0.37 · starved   580 · nobles  -0.1 · read 21.7 · walls  2.0 · fell 81.0% (mother 18.3%) · prince 26.2% · king 23.0% · crowned 19.0% (median year 33) · 3.0s
try  4 · gen  282 · best   1145.7 · elite    713.5 · median    201.0 · years  22.9 · road 0.37 · starved   553 · nobles  +2.6 · read 10.0 · walls  1.1 · fell 78.3% (mother 19.5%) · prince 27.1% · king 24.2% · crowned 21.6% (median year 37) · 3.0s
try  5 · gen  282 · best    841.6 · elite    521.2 · median    126.3 · years  26.9 · road 0.29 · starved   631 · nobles  +0.5 · read 24.1 · walls  0.4 · fell 82.7% (mother 22.4%) · prince 20.2% · king 18.2% · crowned 16.0% (median year 54) · 3.0s
try  6 · gen  282 · best    956.0 · elite    611.2 · median    187.6 · years  49.1 · road 0.44 · starved  2088 · nobles  +6.1 · read 47.3 · walls  2.4 · fell 73.8% (mother 47.7%) · prince 43.1% · king 33.7% · crowned 25.2% (median year 62) · 3.0s
try  7 · gen  282 · best   1322.2 · elite    765.2 · median    239.4 · years  23.4 · road 0.41 · starved   720 · nobles  +5.3 · read 26.4 · walls  2.5 · fell 76.6% (mother 18.4%) · prince 30.6% · king 26.6% · crowned 23.4% (median year 33) · 3.0s
try  8 · gen  282 · best   1330.7 · elite    811.7 · median    335.1 · years  29.9 · road 0.48 · starved  1540 · nobles  +4.1 · read 38.0 · walls  3.6 · fell 72.9% (mother 52.0%) · prince 50.2% · king 37.6% · crowned 27.1% (median year 34) · 3.0s
try  1 · gen  283 · best   1167.4 · elite    775.4 · median    233.8 · years  21.7 · road 0.37 · starved   483 · nobles  +2.9 · read  9.0 · walls  1.0 · fell 76.4% (mother 17.2%) · prince 30.6% · king 27.2% · crowned 23.6% (median year 31) · 3.1s
try  2 · gen  283 · best   1202.4 · elite    831.9 · median    369.6 · years  20.6 · road 0.39 · starved   512 · nobles  +3.3 · read 20.1 · walls  1.5 · fell 72.6% (mother 12.4%) · prince 32.4% · king 30.5% · crowned 27.4% (median year 29) · 3.1s
try  3 · gen  283 · best   1120.0 · elite    650.6 · median    190.7 · years  22.3 · road 0.37 · starved   629 · nobles  -0.5 · read 22.0 · walls  1.9 · fell 81.4% (mother 20.4%) · prince 26.6% · king 22.6% · crowned 18.5% (median year 33) · 3.1s
try  4 · gen  283 · best   1135.4 · elite    714.2 · median    191.6 · years  22.9 · road 0.37 · starved   571 · nobles  +1.8 · read 10.1 · walls  1.1 · fell 78.7% (mother 21.7%) · prince 26.7% · king 23.9% · crowned 21.2% (median year 37) · 3.1s
try  5 · gen  283 · best    873.6 · elite    551.5 · median    136.0 · years  27.2 · road 0.29 · starved   629 · nobles  +1.0 · read 24.9 · walls  0.4 · fell 82.1% (mother 20.9%) · prince 21.3% · king 19.2% · crowned 16.7% (median year 53) · 3.1s
try  6 · gen  283 · best    921.9 · elite    626.3 · median    203.0 · years  48.9 · road 0.44 · starved  2082 · nobles  +5.9 · read 46.7 · walls  2.4 · fell 73.6% (mother 47.0%) · prince 42.4% · king 34.5% · crowned 25.2% (median year 60) · 3.1s
try  7 · gen  283 · best   1154.8 · elite    738.8 · median    218.3 · years  23.0 · road 0.41 · starved   715 · nobles  +5.2 · read 26.3 · walls  2.3 · fell 76.8% (mother 18.3%) · prince 29.6% · king 26.1% · crowned 23.2% (median year 33) · 3.1s
try  8 · gen  283 · best   1125.5 · elite    830.3 · median    341.3 · years  29.4 · road 0.47 · starved  1510 · nobles  +4.5 · read 37.0 · walls  3.6 · fell 72.4% (mother 51.4%) · prince 49.5% · king 36.8% · crowned 27.5% (median year 34) · 3.1s
try  1 · gen  284 · best   1188.3 · elite    780.0 · median    238.1 · years  21.8 · road 0.37 · starved   498 · nobles  +2.8 · read  9.3 · walls  1.1 · fell 76.3% (mother 18.6%) · prince 31.0% · king 27.3% · crowned 23.7% (median year 31) · 3.1s
try  2 · gen  284 · best   1440.2 · elite    858.9 · median    343.0 · years  20.4 · road 0.39 · starved   500 · nobles  +3.2 · read 19.4 · walls  1.5 · fell 72.8% (mother 13.4%) · prince 31.4% · king 29.6% · crowned 27.2% (median year 29) · 3.1s
try  3 · gen  284 · best   1148.2 · elite    661.8 · median    189.5 · years  22.0 · road 0.37 · starved   632 · nobles  -0.8 · read 21.9 · walls  2.0 · fell 81.6% (mother 22.2%) · prince 26.2% · king 22.4% · crowned 18.4% (median year 34) · 3.1s
try  4 · gen  284 · best   1157.5 · elite    740.9 · median    211.4 · years  23.2 · road 0.37 · starved   553 · nobles  +2.7 · read 10.3 · walls  1.1 · fell 77.4% (mother 19.2%) · prince 28.4% · king 25.3% · crowned 22.5% (median year 36) · 3.1s
try  5 · gen  284 · best    969.8 · elite    543.7 · median    137.1 · years  26.8 · road 0.29 · starved   603 · nobles  +1.2 · read 24.6 · walls  0.4 · fell 81.7% (mother 21.2%) · prince 21.1% · king 19.1% · crowned 17.2% (median year 52) · 3.1s
try  6 · gen  284 · best    896.6 · elite    626.3 · median    188.5 · years  50.2 · road 0.44 · starved  2087 · nobles  +5.8 · read 48.8 · walls  2.3 · fell 72.9% (mother 44.5%) · prince 42.7% · king 34.2% · crowned 25.6% (median year 61) · 3.1s
try  7 · gen  284 · best   1153.4 · elite    754.2 · median    241.1 · years  22.9 · road 0.41 · starved   724 · nobles  +5.0 · read 25.5 · walls  2.7 · fell 76.5% (mother 19.6%) · prince 30.0% · king 26.3% · crowned 23.5% (median year 33) · 3.1s
try  8 · gen  284 · best   1198.0 · elite    873.8 · median    348.6 · years  29.8 · road 0.48 · starved  1496 · nobles  +4.8 · read 37.8 · walls  3.6 · fell 71.5% (mother 50.2%) · prince 51.5% · king 38.0% · crowned 28.4% (median year 34) · 3.1s
try  1 · gen  285 · best   1369.9 · elite    800.7 · median    231.7 · years  22.0 · road 0.37 · starved   504 · nobles  +2.9 · read  9.4 · walls  1.1 · fell 76.8% (mother 18.9%) · prince 31.0% · king 26.7% · crowned 23.1% (median year 31) · 3.5s
try  2 · gen  285 · best   1317.8 · elite    814.3 · median    365.1 · years  20.2 · road 0.39 · starved   502 · nobles  +3.3 · read 19.8 · walls  1.5 · fell 72.8% (mother 12.0%) · prince 31.2% · king 29.8% · crowned 27.2% (median year 29) · 3.5s
try  3 · gen  285 · best    966.7 · elite    668.2 · median    186.3 · years  22.1 · road 0.37 · starved   629 · nobles  -0.5 · read 22.1 · walls  2.1 · fell 81.6% (mother 20.6%) · prince 26.0% · king 22.2% · crowned 18.3% (median year 33) · 3.5s
try  4 · gen  285 · best   1141.5 · elite    720.6 · median    198.6 · years  23.4 · road 0.37 · starved   551 · nobles  +2.5 · read 11.2 · walls  1.0 · fell 77.8% (mother 19.9%) · prince 27.9% · king 24.5% · crowned 22.1% (median year 37) · 3.5s
try  5 · gen  285 · best    824.8 · elite    518.8 · median    135.4 · years  27.0 · road 0.29 · starved   617 · nobles  +1.0 · read 24.4 · walls  0.5 · fell 82.3% (mother 21.2%) · prince 21.2% · king 18.9% · crowned 16.7% (median year 54) · 3.5s
try  6 · gen  285 · best   1080.8 · elite    619.3 · median    187.3 · years  49.6 · road 0.44 · starved  2096 · nobles  +5.9 · read 46.7 · walls  2.3 · fell 73.3% (mother 46.0%) · prince 41.6% · king 33.2% · crowned 25.0% (median year 61) · 3.5s
try  7 · gen  285 · best   1236.2 · elite    766.0 · median    214.8 · years  23.2 · road 0.41 · starved   723 · nobles  +4.7 · read 26.2 · walls  2.8 · fell 77.2% (mother 18.5%) · prince 29.7% · king 26.0% · crowned 22.8% (median year 33) · 3.5s
try  8 · gen  285 · best   1334.1 · elite    850.1 · median    355.4 · years  29.6 · road 0.47 · starved  1502 · nobles  +5.7 · read 37.6 · walls  3.7 · fell 70.8% (mother 50.0%) · prince 52.6% · king 38.3% · crowned 29.2% (median year 34) · 3.5s
try  1 · gen  286 · best   1187.5 · elite    765.4 · median    230.5 · years  21.7 · road 0.37 · starved   496 · nobles  +2.7 · read  9.1 · walls  1.1 · fell 77.1% (mother 18.0%) · prince 30.1% · king 26.5% · crowned 22.9% (median year 31) · 3.1s
try  2 · gen  286 · best   1378.8 · elite    828.0 · median    316.2 · years  20.4 · road 0.39 · starved   498 · nobles  +3.3 · read 20.3 · walls  1.6 · fell 73.1% (mother 14.8%) · prince 31.4% · king 29.5% · crowned 26.9% (median year 29) · 3.1s
try  3 · gen  286 · best   1154.4 · elite    673.0 · median    187.2 · years  22.2 · road 0.37 · starved   629 · nobles  -0.7 · read 22.5 · walls  2.1 · fell 81.5% (mother 20.7%) · prince 25.4% · king 22.2% · crowned 18.5% (median year 32) · 3.1s
try  4 · gen  286 · best   1185.4 · elite    754.8 · median    197.4 · years  23.4 · road 0.37 · starved   582 · nobles  +2.1 · read 10.8 · walls  1.1 · fell 78.0% (mother 20.5%) · prince 27.9% · king 25.0% · crowned 21.9% (median year 36) · 3.1s
try  5 · gen  286 · best    881.8 · elite    532.7 · median    137.3 · years  27.2 · road 0.29 · starved   599 · nobles  +1.0 · read 24.4 · walls  0.5 · fell 81.6% (mother 21.5%) · prince 21.2% · king 19.1% · crowned 17.3% (median year 53) · 3.1s
try  6 · gen  286 · best    954.3 · elite    596.0 · median    179.2 · years  51.2 · road 0.44 · starved  2127 · nobles  +6.1 · read 48.1 · walls  2.3 · fell 73.2% (mother 46.4%) · prince 42.5% · king 33.2% · crowned 24.9% (median year 61) · 3.1s
try  7 · gen  286 · best   1084.0 · elite    752.4 · median    223.0 · years  23.1 · road 0.41 · starved   763 · nobles  +4.1 · read 26.1 · walls  2.8 · fell 77.2% (mother 19.6%) · prince 29.9% · king 26.3% · crowned 22.8% (median year 32) · 3.1s
try  8 · gen  286 · best   1292.3 · elite    848.6 · median    365.4 · years  29.6 · road 0.48 · starved  1516 · nobles  +5.7 · read 36.8 · walls  3.7 · fell 71.0% (mother 51.0%) · prince 53.6% · king 38.5% · crowned 29.0% (median year 33) · 3.1s
try  1 · gen  287 · best   1222.9 · elite    755.6 · median    252.4 · years  22.0 · road 0.37 · starved   498 · nobles  +2.8 · read  9.8 · walls  1.1 · fell 76.3% (mother 17.8%) · prince 31.3% · king 27.1% · crowned 23.7% (median year 31) · 3.4s
try  2 · gen  287 · best   1166.6 · elite    823.8 · median    331.3 · years  20.3 · road 0.40 · starved   514 · nobles  +3.1 · read 20.0 · walls  1.6 · fell 73.3% (mother 15.2%) · prince 31.5% · king 29.3% · crowned 26.7% (median year 29) · 3.4s
try  3 · gen  287 · best    953.8 · elite    711.7 · median    197.3 · years  22.7 · road 0.37 · starved   608 · nobles  -0.1 · read 23.3 · walls  2.2 · fell 79.9% (mother 19.2%) · prince 27.0% · king 24.0% · crowned 20.1% (median year 33) · 3.4s
try  4 · gen  287 · best   1139.7 · elite    744.3 · median    216.6 · years  23.4 · road 0.37 · starved   544 · nobles  +2.9 · read 11.0 · walls  1.1 · fell 76.4% (mother 20.2%) · prince 29.5% · king 25.9% · crowned 23.5% (median year 36) · 3.4s
try  5 · gen  287 · best    870.6 · elite    570.3 · median    131.1 · years  27.5 · road 0.30 · starved   612 · nobles  +0.8 · read 24.7 · walls  0.5 · fell 81.5% (mother 22.0%) · prince 21.7% · king 19.5% · crowned 17.0% (median year 53) · 3.4s
try  6 · gen  287 · best    857.5 · elite    619.0 · median    172.4 · years  49.7 · road 0.43 · starved  2107 · nobles  +6.1 · read 45.4 · walls  2.3 · fell 73.8% (mother 46.1%) · prince 41.3% · king 32.2% · crowned 24.3% (median year 62) · 3.4s
try  7 · gen  287 · best   1159.6 · elite    767.3 · median    214.8 · years  23.3 · road 0.42 · starved   775 · nobles  +3.9 · read 26.4 · walls  2.8 · fell 77.5% (mother 20.4%) · prince 29.8% · king 26.5% · crowned 22.5% (median year 33) · 3.4s
try  8 · gen  287 · best   1448.6 · elite    879.3 · median    371.5 · years  29.7 · road 0.48 · starved  1490 · nobles  +5.7 · read 36.7 · walls  3.8 · fell 70.7% (mother 49.3%) · prince 54.0% · king 38.8% · crowned 29.3% (median year 33) · 3.4s
try  1 · gen  288 · best   1135.0 · elite    785.8 · median    233.1 · years  22.2 · road 0.37 · starved   500 · nobles  +2.9 · read 10.5 · walls  1.1 · fell 76.2% (mother 17.9%) · prince 31.3% · king 27.4% · crowned 23.8% (median year 32) · 3.1s
try  2 · gen  288 · best   1208.2 · elite    814.8 · median    356.7 · years  19.9 · road 0.40 · starved   509 · nobles  +3.3 · read 20.2 · walls  1.6 · fell 72.9% (mother 15.0%) · prince 31.4% · king 29.6% · crowned 27.1% (median year 29) · 3.1s
try  3 · gen  288 · best   1158.5 · elite    689.2 · median    191.8 · years  22.6 · road 0.37 · starved   620 · nobles  -0.1 · read 23.1 · walls  2.3 · fell 80.7% (mother 20.0%) · prince 26.4% · king 23.1% · crowned 19.2% (median year 33) · 3.1s
try  4 · gen  288 · best   1320.8 · elite    718.8 · median    201.9 · years  23.1 · road 0.37 · starved   542 · nobles  +2.5 · read 11.2 · walls  1.0 · fell 77.9% (mother 20.5%) · prince 28.1% · king 24.5% · crowned 22.1% (median year 36) · 3.1s
try  5 · gen  288 · best   1018.0 · elite    529.0 · median    133.9 · years  26.8 · road 0.29 · starved   609 · nobles  +0.6 · read 24.0 · walls  0.5 · fell 82.4% (mother 23.2%) · prince 20.9% · king 18.6% · crowned 16.2% (median year 53) · 3.1s
try  6 · gen  288 · best    931.9 · elite    614.9 · median    182.9 · years  50.8 · road 0.44 · starved  2155 · nobles  +6.2 · read 46.2 · walls  2.3 · fell 73.3% (mother 46.9%) · prince 43.0% · king 33.2% · crowned 24.7% (median year 61) · 3.1s
try  7 · gen  288 · best   1211.9 · elite    774.2 · median    223.2 · years  23.1 · road 0.42 · starved   760 · nobles  +3.2 · read 26.2 · walls  2.9 · fell 77.4% (mother 21.4%) · prince 29.7% · king 26.4% · crowned 22.6% (median year 32) · 3.1s
try  8 · gen  288 · best   1335.3 · elite    829.7 · median    359.1 · years  29.3 · road 0.47 · starved  1490 · nobles  +5.6 · read 35.8 · walls  3.8 · fell 71.0% (mother 49.6%) · prince 53.1% · king 37.4% · crowned 28.9% (median year 33) · 3.1s
try  1 · gen  289 · best   1171.2 · elite    775.5 · median    235.2 · years  22.1 · road 0.38 · starved   541 · nobles  +2.6 · read 10.9 · walls  1.2 · fell 76.4% (mother 18.9%) · prince 31.6% · king 27.5% · crowned 23.6% (median year 31) · 4.1s
try  2 · gen  289 · best   1185.4 · elite    840.8 · median    320.5 · years  20.0 · road 0.40 · starved   524 · nobles  +2.9 · read 20.6 · walls  1.5 · fell 73.8% (mother 16.2%) · prince 30.8% · king 28.6% · crowned 26.2% (median year 29) · 4.1s
try  3 · gen  289 · best   1128.4 · elite    679.6 · median    186.1 · years  22.5 · road 0.37 · starved   637 · nobles  -0.4 · read 23.4 · walls  2.2 · fell 81.2% (mother 21.3%) · prince 25.9% · king 22.8% · crowned 18.7% (median year 34) · 4.1s
try  4 · gen  289 · best   1157.0 · elite    739.3 · median    201.8 · years  23.0 · road 0.37 · starved   561 · nobles  +2.5 · read 10.9 · walls  1.0 · fell 77.4% (mother 20.7%) · prince 28.5% · king 25.2% · crowned 22.5% (median year 36) · 4.1s
try  5 · gen  289 · best    890.2 · elite    533.9 · median    131.0 · years  26.8 · road 0.29 · starved   611 · nobles  +0.9 · read 23.4 · walls  0.5 · fell 82.3% (mother 24.4%) · prince 21.2% · king 18.9% · crowned 16.6% (median year 53) · 4.1s
try  6 · gen  289 · best    962.4 · elite    604.1 · median    178.1 · years  49.6 · road 0.44 · starved  2131 · nobles  +6.1 · read 45.6 · walls  2.3 · fell 73.3% (mother 46.8%) · prince 41.3% · king 32.3% · crowned 25.1% (median year 62) · 4.1s
try  7 · gen  289 · best   1178.7 · elite    750.9 · median    218.4 · years  23.0 · road 0.42 · starved   757 · nobles  +2.9 · read 25.9 · walls  3.1 · fell 78.0% (mother 22.3%) · prince 29.5% · king 26.5% · crowned 22.0% (median year 32) · 4.1s
try  8 · gen  289 · best   1226.4 · elite    841.4 · median    375.8 · years  30.1 · road 0.48 · starved  1510 · nobles  +5.9 · read 36.6 · walls  3.9 · fell 70.5% (mother 48.7%) · prince 55.5% · king 38.8% · crowned 29.4% (median year 33) · 4.1s
try  1 · gen  290 · best   1217.3 · elite    752.1 · median    246.4 · years  21.8 · road 0.37 · starved   496 · nobles  +2.8 · read  9.9 · walls  1.1 · fell 76.4% (mother 18.0%) · prince 30.9% · king 27.3% · crowned 23.6% (median year 31) · 3.1s
try  2 · gen  290 · best   1188.0 · elite    842.0 · median    357.5 · years  20.3 · road 0.40 · starved   523 · nobles  +3.3 · read 20.3 · walls  1.5 · fell 73.0% (mother 14.6%) · prince 31.5% · king 29.5% · crowned 27.0% (median year 29) · 3.1s
try  3 · gen  290 · best   1143.2 · elite    683.2 · median    187.0 · years  22.3 · road 0.37 · starved   643 · nobles  -0.6 · read 23.3 · walls  2.3 · fell 81.7% (mother 22.4%) · prince 25.1% · king 21.5% · crowned 18.2% (median year 33) · 3.1s
try  4 · gen  290 · best   1080.0 · elite    737.2 · median    201.9 · years  23.6 · road 0.37 · starved   568 · nobles  +2.6 · read 10.9 · walls  1.0 · fell 77.9% (mother 20.9%) · prince 28.5% · king 25.1% · crowned 22.0% (median year 36) · 3.1s
try  5 · gen  290 · best    913.6 · elite    550.5 · median    134.1 · years  27.3 · road 0.30 · starved   601 · nobles  +1.2 · read 23.0 · walls  0.6 · fell 81.0% (mother 23.4%) · prince 22.0% · king 19.5% · crowned 17.2% (median year 54) · 3.1s
try  6 · gen  290 · best    961.3 · elite    608.6 · median    163.1 · years  50.9 · road 0.44 · starved  2141 · nobles  +6.2 · read 46.4 · walls  2.4 · fell 73.1% (mother 46.3%) · prince 42.3% · king 32.5% · crowned 24.5% (median year 62) · 3.1s
try  7 · gen  290 · best   1169.2 · elite    762.0 · median    241.8 · years  23.7 · road 0.43 · starved   754 · nobles  +3.4 · read 26.9 · walls  3.1 · fell 76.6% (mother 19.5%) · prince 30.9% · king 27.7% · crowned 23.4% (median year 33) · 3.1s
try  8 · gen  290 · best   1289.6 · elite    858.7 · median    379.3 · years  29.8 · road 0.48 · starved  1511 · nobles  +5.7 · read 36.0 · walls  3.8 · fell 70.4% (mother 50.5%) · prince 53.9% · king 38.9% · crowned 29.5% (median year 33) · 3.1s
try  1 · gen  291 · best   1400.3 · elite    780.8 · median    229.0 · years  21.6 · road 0.37 · starved   514 · nobles  +2.6 · read 10.9 · walls  1.1 · fell 77.2% (mother 19.4%) · prince 30.8% · king 26.6% · crowned 22.9% (median year 31) · 3.2s
try  2 · gen  291 · best   1159.8 · elite    811.2 · median    373.0 · years  20.4 · road 0.40 · starved   529 · nobles  +3.4 · read 19.6 · walls  1.4 · fell 72.4% (mother 13.5%) · prince 32.0% · king 30.0% · crowned 27.6% (median year 29) · 3.2s
try  3 · gen  291 · best   1081.5 · elite    669.6 · median    190.5 · years  22.3 · road 0.37 · starved   623 · nobles  -0.4 · read 23.2 · walls  2.2 · fell 81.5% (mother 21.1%) · prince 25.4% · king 22.1% · crowned 18.5% (median year 33) · 3.2s
try  4 · gen  291 · best   1184.1 · elite    745.2 · median    203.3 · years  23.5 · road 0.37 · starved   547 · nobles  +3.0 · read 10.3 · walls  1.0 · fell 77.4% (mother 19.1%) · prince 28.7% · king 25.4% · crowned 22.5% (median year 37) · 3.2s
try  5 · gen  291 · best    984.0 · elite    528.6 · median    129.6 · years  27.5 · road 0.30 · starved   618 · nobles  +0.7 · read 23.2 · walls  0.6 · fell 81.9% (mother 24.4%) · prince 21.6% · king 19.0% · crowned 16.4% (median year 54) · 3.2s
try  6 · gen  291 · best    935.0 · elite    610.7 · median    200.4 · years  48.8 · road 0.44 · starved  2117 · nobles  +6.5 · read 44.3 · walls  2.4 · fell 72.4% (mother 44.8%) · prince 41.7% · king 32.8% · crowned 25.6% (median year 59) · 3.2s
try  7 · gen  291 · best   1116.8 · elite    773.3 · median    238.2 · years  23.5 · road 0.42 · starved   741 · nobles  +3.3 · read 26.7 · walls  3.0 · fell 76.2% (mother 20.5%) · prince 31.7% · king 28.0% · crowned 23.8% (median year 33) · 3.2s
try  8 · gen  291 · best   1151.5 · elite    852.0 · median    368.7 · years  29.0 · road 0.48 · starved  1465 · nobles  +5.4 · read 35.4 · walls  3.8 · fell 70.4% (mother 49.1%) · prince 53.7% · king 38.9% · crowned 29.5% (median year 33) · 3.2s
try  1 · gen  292 · best   1189.8 · elite    804.2 · median    238.8 · years  21.7 · road 0.37 · starved   490 · nobles  +2.9 · read 12.1 · walls  1.1 · fell 76.1% (mother 19.0%) · prince 31.5% · king 27.7% · crowned 23.9% (median year 31) · 3.1s
try  2 · gen  292 · best   1204.4 · elite    833.2 · median    287.3 · years  20.7 · road 0.40 · starved   547 · nobles  +3.0 · read 19.4 · walls  1.4 · fell 73.1% (mother 14.1%) · prince 31.0% · king 28.8% · crowned 26.9% (median year 29) · 3.1s
try  3 · gen  292 · best   1103.6 · elite    700.7 · median    190.6 · years  22.1 · road 0.37 · starved   601 · nobles  -0.1 · read 23.3 · walls  2.1 · fell 80.6% (mother 20.7%) · prince 25.7% · king 22.6% · crowned 19.4% (median year 32) · 3.1s
try  4 · gen  292 · best   1151.1 · elite    725.8 · median    211.5 · years  23.1 · road 0.37 · starved   521 · nobles  +2.9 · read 10.4 · walls  0.9 · fell 76.6% (mother 18.4%) · prince 28.7% · king 26.0% · crowned 23.4% (median year 36) · 3.1s
try  5 · gen  292 · best    859.0 · elite    541.1 · median    133.9 · years  28.0 · road 0.30 · starved   617 · nobles  +0.8 · read 23.6 · walls  0.6 · fell 81.6% (mother 23.3%) · prince 21.6% · king 19.0% · crowned 16.6% (median year 55) · 3.1s
try  6 · gen  292 · best   1095.6 · elite    614.2 · median    184.3 · years  48.5 · road 0.44 · starved  2117 · nobles  +5.9 · read 44.8 · walls  2.4 · fell 74.0% (mother 45.1%) · prince 42.6% · king 32.3% · crowned 23.9% (median year 58) · 3.1s
try  7 · gen  292 · best   1212.3 · elite    804.5 · median    227.3 · years  23.5 · road 0.42 · starved   761 · nobles  +3.3 · read 26.2 · walls  3.0 · fell 76.7% (mother 20.5%) · prince 31.2% · king 27.6% · crowned 23.3% (median year 33) · 3.1s
try  8 · gen  292 · best   1152.1 · elite    883.8 · median    385.4 · years  29.8 · road 0.48 · starved  1476 · nobles  +5.2 · read 36.1 · walls  3.9 · fell 70.1% (mother 48.7%) · prince 54.4% · king 39.4% · crowned 29.8% (median year 33) · 3.1s
try  1 · gen  293 · best   1232.7 · elite    792.5 · median    235.8 · years  21.9 · road 0.37 · starved   512 · nobles  +2.5 · read 12.4 · walls  1.1 · fell 76.8% (mother 18.8%) · prince 31.2% · king 27.2% · crowned 23.2% (median year 31) · 3.9s
try  2 · gen  293 · best   1406.2 · elite    838.6 · median    252.1 · years  20.4 · road 0.40 · starved   563 · nobles  +2.8 · read 18.7 · walls  1.3 · fell 73.9% (mother 14.2%) · prince 31.1% · king 28.9% · crowned 26.1% (median year 30) · 3.9s
try  3 · gen  293 · best   1155.2 · elite    688.5 · median    187.3 · years  22.3 · road 0.36 · starved   622 · nobles  -0.0 · read 23.2 · walls  2.0 · fell 80.9% (mother 19.5%) · prince 25.5% · king 22.6% · crowned 19.1% (median year 33) · 3.9s
try  4 · gen  293 · best   1184.4 · elite    732.7 · median    199.4 · years  23.1 · road 0.37 · starved   563 · nobles  +2.4 · read 10.4 · walls  0.9 · fell 78.1% (mother 20.4%) · prince 28.5% · king 24.8% · crowned 21.9% (median year 36) · 3.9s
try  5 · gen  293 · best    996.5 · elite    516.2 · median    132.8 · years  28.5 · road 0.30 · starved   621 · nobles  +0.8 · read 23.7 · walls  0.6 · fell 81.4% (mother 22.0%) · prince 22.1% · king 19.2% · crowned 16.6% (median year 56) · 3.9s
try  6 · gen  293 · best   1024.1 · elite    658.6 · median    236.5 · years  46.6 · road 0.44 · starved  2019 · nobles  +7.0 · read 44.5 · walls  2.4 · fell 71.8% (mother 41.9%) · prince 43.5% · king 35.0% · crowned 27.2% (median year 56) · 3.9s
try  7 · gen  293 · best   1177.2 · elite    740.4 · median    244.4 · years  23.5 · road 0.42 · starved   738 · nobles  +3.6 · read 26.3 · walls  3.0 · fell 76.6% (mother 19.6%) · prince 31.1% · king 27.6% · crowned 23.5% (median year 33) · 3.9s
try  8 · gen  293 · best   1343.6 · elite    896.5 · median    384.0 · years  29.4 · road 0.49 · starved  1450 · nobles  +4.9 · read 35.5 · walls  3.8 · fell 70.3% (mother 48.7%) · prince 53.4% · king 39.2% · crowned 29.6% (median year 31) · 3.9s
try  1 · gen  294 · best   1157.4 · elite    805.5 · median    256.8 · years  21.8 · road 0.38 · starved   512 · nobles  +3.2 · read 11.7 · walls  1.1 · fell 75.6% (mother 18.9%) · prince 33.0% · king 28.6% · crowned 24.5% (median year 31) · 3.1s
try  2 · gen  294 · best   1156.9 · elite    793.0 · median    278.6 · years  20.5 · road 0.40 · starved   560 · nobles  +2.4 · read 18.5 · walls  1.2 · fell 74.6% (mother 15.2%) · prince 30.5% · king 27.9% · crowned 25.4% (median year 30) · 3.1s
try  3 · gen  294 · best   1109.3 · elite    688.4 · median    193.3 · years  22.7 · road 0.36 · starved   660 · nobles  +0.2 · read 23.5 · walls  2.0 · fell 80.4% (mother 18.9%) · prince 26.4% · king 23.1% · crowned 19.6% (median year 33) · 3.1s
try  4 · gen  294 · best   1279.3 · elite    751.0 · median    214.4 · years  23.2 · road 0.37 · starved   515 · nobles  +2.9 · read 10.2 · walls  0.9 · fell 76.6% (mother 18.5%) · prince 28.6% · king 26.0% · crowned 23.4% (median year 36) · 3.1s
try  5 · gen  294 · best    984.1 · elite    588.2 · median    133.5 · years  28.5 · road 0.30 · starved   593 · nobles  +1.2 · read 23.8 · walls  0.6 · fell 80.4% (mother 21.3%) · prince 22.9% · king 20.2% · crowned 17.7% (median year 55) · 3.1s
try  6 · gen  294 · best    993.9 · elite    660.8 · median    232.6 · years  46.5 · road 0.44 · starved  2000 · nobles  +6.7 · read 45.8 · walls  2.4 · fell 72.0% (mother 42.3%) · prince 42.9% · king 34.0% · crowned 26.8% (median year 55) · 3.1s
try  7 · gen  294 · best   1199.4 · elite    796.5 · median    218.5 · years  23.8 · road 0.42 · starved   738 · nobles  +3.6 · read 26.9 · walls  3.1 · fell 76.6% (mother 18.8%) · prince 30.2% · king 26.7% · crowned 23.4% (median year 34) · 3.1s
try  8 · gen  294 · best   1208.6 · elite    878.4 · median    385.7 · years  29.7 · road 0.49 · starved  1495 · nobles  +4.6 · read 35.9 · walls  3.8 · fell 70.6% (mother 49.4%) · prince 53.8% · king 40.1% · crowned 29.4% (median year 32) · 3.1s
try  1 · gen  295 · best   1174.9 · elite    746.5 · median    237.2 · years  21.8 · road 0.37 · starved   532 · nobles  +2.5 · read 10.6 · walls  1.1 · fell 76.5% (mother 18.7%) · prince 31.3% · king 27.4% · crowned 23.5% (median year 31) · 3.2s
try  2 · gen  295 · best   1127.2 · elite    776.5 · median    263.4 · years  20.8 · road 0.39 · starved   562 · nobles  +2.6 · read 17.7 · walls  1.1 · fell 74.3% (mother 13.7%) · prince 30.0% · king 27.7% · crowned 25.7% (median year 31) · 3.2s
try  3 · gen  295 · best   1160.2 · elite    694.0 · median    194.7 · years  22.4 · road 0.36 · starved   660 · nobles  +0.2 · read 23.5 · walls  1.9 · fell 80.3% (mother 19.6%) · prince 26.4% · king 23.2% · crowned 19.6% (median year 33) · 3.2s
try  4 · gen  295 · best   1178.6 · elite    767.6 · median    211.8 · years  23.5 · road 0.36 · starved   511 · nobles  +3.3 · read 10.1 · walls  0.9 · fell 76.7% (mother 17.0%) · prince 28.9% · king 25.8% · crowned 23.2% (median year 36) · 3.2s
try  5 · gen  295 · best    930.8 · elite    543.9 · median    139.2 · years  28.2 · road 0.30 · starved   592 · nobles  +1.2 · read 23.4 · walls  0.6 · fell 80.1% (mother 23.1%) · prince 22.8% · king 20.3% · crowned 18.0% (median year 55) · 3.2s
try  6 · gen  295 · best    987.2 · elite    632.2 · median    222.2 · years  46.9 · road 0.44 · starved  1978 · nobles  +6.6 · read 46.6 · walls  2.4 · fell 72.8% (mother 42.1%) · prince 43.9% · king 33.7% · crowned 26.0% (median year 56) · 3.2s
try  7 · gen  295 · best   1312.1 · elite    761.8 · median    237.9 · years  23.9 · road 0.42 · starved   775 · nobles  +3.7 · read 26.9 · walls  3.0 · fell 76.2% (mother 20.1%) · prince 31.7% · king 28.3% · crowned 23.8% (median year 34) · 3.2s
try  8 · gen  295 · best   1354.0 · elite    870.5 · median    373.0 · years  29.2 · road 0.49 · starved  1478 · nobles  +4.6 · read 34.9 · walls  3.6 · fell 70.8% (mother 50.0%) · prince 52.0% · king 40.0% · crowned 29.2% (median year 32) · 3.2s
try  1 · gen  296 · best   1194.5 · elite    787.2 · median    235.5 · years  21.9 · road 0.37 · starved   523 · nobles  +2.4 · read 10.4 · walls  1.1 · fell 76.5% (mother 18.1%) · prince 31.7% · king 27.5% · crowned 23.5% (median year 31) · 3.1s
try  2 · gen  296 · best   1239.2 · elite    802.2 · median    274.0 · years  20.8 · road 0.40 · starved   595 · nobles  +3.1 · read 17.4 · walls  1.1 · fell 74.2% (mother 12.4%) · prince 30.8% · king 28.5% · crowned 25.8% (median year 31) · 3.1s
try  3 · gen  296 · best   1142.7 · elite    715.9 · median    189.3 · years  22.1 · road 0.36 · starved   666 · nobles  +0.3 · read 23.9 · walls  1.9 · fell 80.6% (mother 20.9%) · prince 26.1% · king 22.9% · crowned 19.4% (median year 33) · 3.1s
try  4 · gen  296 · best   1165.2 · elite    781.5 · median    225.5 · years  23.2 · road 0.36 · starved   513 · nobles  +3.7 · read  9.1 · walls  0.9 · fell 75.3% (mother 17.2%) · prince 30.2% · king 27.0% · crowned 24.7% (median year 36) · 3.1s
try  5 · gen  296 · best   1164.3 · elite    571.7 · median    139.6 · years  28.5 · road 0.30 · starved   601 · nobles  +0.9 · read 23.5 · walls  0.6 · fell 80.0% (mother 22.0%) · prince 23.1% · king 20.6% · crowned 18.1% (median year 56) · 3.1s
try  6 · gen  296 · best   1075.8 · elite    666.0 · median    239.7 · years  45.1 · road 0.43 · starved  1921 · nobles  +6.6 · read 44.9 · walls  2.5 · fell 71.9% (mother 40.1%) · prince 42.8% · king 34.2% · crowned 26.9% (median year 53) · 3.1s
try  7 · gen  296 · best   1311.6 · elite    781.1 · median    250.8 · years  24.1 · road 0.42 · starved   764 · nobles  +3.4 · read 26.8 · walls  3.1 · fell 75.9% (mother 19.2%) · prince 32.4% · king 28.5% · crowned 24.1% (median year 34) · 3.1s
try  8 · gen  296 · best   1214.4 · elite    875.2 · median    382.7 · years  28.7 · road 0.48 · starved  1480 · nobles  +4.8 · read 34.4 · walls  3.5 · fell 70.3% (mother 50.3%) · prince 52.1% · king 40.1% · crowned 29.6% (median year 32) · 3.1s
try  1 · gen  297 · best   1176.4 · elite    794.2 · median    242.8 · years  22.0 · road 0.38 · starved   546 · nobles  +2.5 · read  9.9 · walls  1.2 · fell 75.9% (mother 18.7%) · prince 32.1% · king 28.5% · crowned 24.0% (median year 31) · 3.1s
try  2 · gen  297 · best   1179.6 · elite    820.7 · median    267.6 · years  21.1 · road 0.40 · starved   595 · nobles  +2.9 · read 17.2 · walls  1.1 · fell 74.3% (mother 13.2%) · prince 30.6% · king 28.3% · crowned 25.7% (median year 31) · 3.1s
try  3 · gen  297 · best   1168.9 · elite    707.0 · median    186.9 · years  22.0 · road 0.36 · starved   632 · nobles  +0.5 · read 23.7 · walls  1.8 · fell 80.5% (mother 20.1%) · prince 25.5% · king 22.5% · crowned 19.5% (median year 33) · 3.1s
try  4 · gen  297 · best   1229.0 · elite    764.7 · median    227.9 · years  22.7 · road 0.36 · starved   538 · nobles  +3.5 · read  9.2 · walls  0.8 · fell 75.8% (mother 17.6%) · prince 29.6% · king 27.0% · crowned 24.2% (median year 35) · 3.1s
try  5 · gen  297 · best    819.0 · elite    540.0 · median    138.5 · years  28.5 · road 0.30 · starved   623 · nobles  +0.9 · read 24.1 · walls  0.6 · fell 80.3% (mother 22.9%) · prince 23.4% · king 20.7% · crowned 17.9% (median year 56) · 3.1s
try  6 · gen  297 · best   1105.4 · elite    710.7 · median    232.8 · years  43.5 · road 0.43 · starved  1864 · nobles  +6.6 · read 43.7 · walls  2.5 · fell 72.5% (mother 38.5%) · prince 42.1% · king 33.4% · crowned 26.7% (median year 51) · 3.1s
try  7 · gen  297 · best   1162.1 · elite    774.2 · median    226.9 · years  24.1 · road 0.42 · starved   767 · nobles  +3.5 · read 26.9 · walls  3.0 · fell 76.7% (mother 18.8%) · prince 31.4% · king 28.1% · crowned 23.4% (median year 34) · 3.1s
try  8 · gen  297 · best   1264.1 · elite    855.5 · median    367.5 · years  29.1 · road 0.49 · starved  1520 · nobles  +4.6 · read 34.7 · walls  3.5 · fell 71.3% (mother 52.0%) · prince 52.2% · king 39.3% · crowned 28.7% (median year 32) · 3.1s
try  1 · gen  298 · best   1397.9 · elite    777.9 · median    242.5 · years  21.7 · road 0.37 · starved   516 · nobles  +2.6 · read  9.1 · walls  1.1 · fell 76.3% (mother 19.1%) · prince 31.2% · king 27.6% · crowned 23.7% (median year 31) · 3.2s
try  2 · gen  298 · best   1175.8 · elite    813.0 · median    240.7 · years  20.6 · road 0.40 · starved   613 · nobles  +2.6 · read 16.9 · walls  1.1 · fell 74.9% (mother 13.1%) · prince 30.2% · king 27.7% · crowned 25.1% (median year 30) · 3.2s
try  3 · gen  298 · best   1181.5 · elite    693.4 · median    188.0 · years  22.4 · road 0.36 · starved   628 · nobles  +0.5 · read 24.7 · walls  1.8 · fell 80.4% (mother 19.8%) · prince 25.9% · king 22.4% · crowned 19.5% (median year 34) · 3.2s
try  4 · gen  298 · best   1103.2 · elite    764.6 · median    225.6 · years  22.9 · road 0.37 · starved   524 · nobles  +3.2 · read  9.9 · walls  0.9 · fell 76.0% (mother 18.1%) · prince 29.2% · king 26.9% · crowned 24.0% (median year 35) · 3.2s
try  5 · gen  298 · best   1031.0 · elite    571.9 · median    134.7 · years  28.5 · road 0.30 · starved   614 · nobles  +1.2 · read 24.1 · walls  0.7 · fell 80.4% (mother 22.9%) · prince 23.0% · king 20.2% · crowned 18.0% (median year 56) · 3.2s
try  6 · gen  298 · best   1080.6 · elite    703.5 · median    263.5 · years  42.7 · road 0.43 · starved  1855 · nobles  +6.5 · read 43.9 · walls  2.6 · fell 72.1% (mother 37.8%) · prince 41.8% · king 34.3% · crowned 27.3% (median year 50) · 3.2s
try  7 · gen  298 · best   1161.8 · elite    803.3 · median    261.9 · years  24.1 · road 0.43 · starved   743 · nobles  +3.4 · read 27.0 · walls  2.9 · fell 75.2% (mother 19.3%) · prince 32.8% · king 29.3% · crowned 24.7% (median year 34) · 3.2s
try  8 · gen  298 · best   1223.5 · elite    873.5 · median    376.7 · years  28.6 · road 0.48 · starved  1470 · nobles  +5.0 · read 34.1 · walls  3.5 · fell 70.0% (mother 49.2%) · prince 52.9% · king 40.2% · crowned 30.0% (median year 31) · 3.2s
try  1 · gen  299 · best   1201.2 · elite    764.1 · median    246.8 · years  22.1 · road 0.37 · starved   530 · nobles  +2.4 · read  9.0 · walls  1.2 · fell 76.4% (mother 19.8%) · prince 32.0% · king 28.1% · crowned 23.6% (median year 31) · 3.0s
try  2 · gen  299 · best   1143.4 · elite    798.5 · median    235.0 · years  20.6 · road 0.40 · starved   608 · nobles  +2.5 · read 16.9 · walls  1.1 · fell 74.6% (mother 14.7%) · prince 30.3% · king 27.9% · crowned 25.4% (median year 30) · 3.0s
try  3 · gen  299 · best   1197.5 · elite    705.9 · median    193.6 · years  22.3 · road 0.36 · starved   598 · nobles  +0.7 · read 24.8 · walls  1.8 · fell 80.0% (mother 18.2%) · prince 26.2% · king 23.0% · crowned 20.0% (median year 34) · 3.0s
try  4 · gen  299 · best   1123.7 · elite    772.5 · median    210.9 · years  22.5 · road 0.36 · starved   512 · nobles  +3.2 · read 10.2 · walls  0.9 · fell 76.2% (mother 17.7%) · prince 29.4% · king 26.7% · crowned 23.8% (median year 35) · 3.0s
try  5 · gen  299 · best   1042.1 · elite    554.8 · median    140.2 · years  28.9 · road 0.30 · starved   631 · nobles  +1.3 · read 24.0 · walls  0.7 · fell 79.7% (mother 22.5%) · prince 24.2% · king 21.2% · crowned 18.4% (median year 56) · 3.0s
try  6 · gen  299 · best   1175.3 · elite    745.3 · median    240.5 · years  42.2 · road 0.44 · starved  1878 · nobles  +6.8 · read 43.2 · walls  2.6 · fell 71.8% (mother 38.1%) · prince 42.9% · king 34.9% · crowned 27.6% (median year 48) · 3.0s
try  7 · gen  299 · best   1206.9 · elite    765.5 · median    241.4 · years  24.4 · road 0.42 · starved   783 · nobles  +3.3 · read 26.9 · walls  3.0 · fell 76.1% (mother 19.0%) · prince 31.5% · king 28.1% · crowned 23.9% (median year 34) · 3.0s
try  8 · gen  299 · best   1382.5 · elite    921.0 · median    384.7 · years  28.4 · road 0.49 · starved  1438 · nobles  +4.7 · read 33.7 · walls  3.4 · fell 70.1% (mother 49.0%) · prince 54.2% · king 40.8% · crowned 29.9% (median year 30) · 3.0s
