War · reads Reads { told: true, recall: true } · hidden 32 · genome 15781 · population 1000 (first 10000) · elite 100 breeding at 0.3 · tables 32 · hall 0 · rank 40 · letters None · longest 100 years · 8 trials · NVIDIA GeForce RTX 3090
try  1 · gen    0 · best     14.4 · elite    -11.0 · median   -102.2 · years  24.0 · road 0.22 · starved  1487 · nobles  -1.6 · read 56.3 · walls  1.9 · fell 99.7% (mother 99.5%) · prince  0.0% · king  0.0% · crowned  0.0% · 15.7s
try  2 · gen    0 · best     40.2 · elite    -12.9 · median   -103.4 · years  24.0 · road 0.22 · starved  1486 · nobles  -1.6 · read 56.2 · walls  1.8 · fell 99.7% (mother 99.5%) · prince  0.0% · king  0.0% · crowned  0.0% · 15.7s
try  3 · gen    0 · best      7.7 · elite    -15.3 · median   -102.7 · years  24.0 · road 0.22 · starved  1486 · nobles  -1.6 · read 56.3 · walls  1.9 · fell 99.7% (mother 99.5%) · prince  0.0% · king  0.0% · crowned  0.0% · 15.7s
try  4 · gen    0 · best     20.2 · elite    -10.2 · median   -103.0 · years  24.0 · road 0.22 · starved  1487 · nobles  -1.6 · read 56.2 · walls  1.9 · fell 99.7% (mother 99.5%) · prince  0.0% · king  0.0% · crowned  0.0% · 15.7s
try  5 · gen    0 · best     21.3 · elite    -13.3 · median   -102.7 · years  23.7 · road 0.22 · starved  1477 · nobles  -1.6 · read 56.0 · walls  1.8 · fell 99.7% (mother 99.5%) · prince  0.0% · king  0.0% · crowned  0.0% · 15.7s
try  6 · gen    0 · best     18.2 · elite    -11.5 · median   -102.9 · years  24.1 · road 0.22 · starved  1485 · nobles  -1.6 · read 56.3 · walls  1.9 · fell 99.7% (mother 99.5%) · prince  0.0% · king  0.0% · crowned  0.0% · 15.6s
try  7 · gen    0 · best     14.2 · elite    -12.7 · median   -102.6 · years  23.8 · road 0.22 · starved  1478 · nobles  -1.6 · read 56.4 · walls  1.9 · fell 99.7% (mother 99.5%) · prince  0.0% · king  0.0% · crowned  0.0% · 15.7s
try  8 · gen    0 · best     12.0 · elite    -11.7 · median   -102.8 · years  23.9 · road 0.22 · starved  1484 · nobles  -1.5 · read 56.3 · walls  1.9 · fell 99.7% (mother 99.5%) · prince  0.0% · king  0.0% · crowned  0.0% · 15.7s
try  1 · gen    1 · best     18.6 · elite    -23.9 · median   -102.0 · years  61.1 · road 0.28 · starved  2378 · nobles  -4.1 · read 153.4 · walls  4.4 · fell 88.2% (mother 79.8%) · prince  0.0% · king  0.0% · crowned  0.0% · 3.7s
try  2 · gen    1 · best     17.8 · elite    -26.2 · median    -99.7 · years  60.4 · road 0.27 · starved  2348 · nobles  -3.7 · read 152.3 · walls  3.2 · fell 87.2% (mother 76.4%) · prince  0.0% · king  0.0% · crowned  0.0% · 3.7s
try  3 · gen    1 · best      1.7 · elite    -32.6 · median   -101.3 · years  57.5 · road 0.27 · starved  2355 · nobles  -4.0 · read 142.7 · walls  4.0 · fell 90.1% (mother 81.7%) · prince  0.0% · king  0.0% · crowned  0.0% · 3.7s
try  4 · gen    1 · best     31.3 · elite    -28.0 · median    -98.6 · years  60.1 · road 0.28 · starved  2339 · nobles  -3.9 · read 154.3 · walls  4.2 · fell 89.1% (mother 78.1%) · prince  0.0% · king  0.0% · crowned  0.0% · 3.7s
try  5 · gen    1 · best     -2.0 · elite    -36.1 · median   -100.1 · years  56.4 · road 0.28 · starved  2319 · nobles  -4.0 · read 139.5 · walls  4.1 · fell 92.9% (mother 84.5%) · prince  0.0% · king  0.0% · crowned  0.0% · 3.7s
try  6 · gen    1 · best     15.4 · elite    -27.7 · median   -100.4 · years  58.9 · road 0.26 · starved  2325 · nobles  -3.7 · read 150.1 · walls  3.9 · fell 88.7% (mother 79.9%) · prince  0.0% · king  0.0% · crowned  0.0% · 3.7s
try  7 · gen    1 · best     12.7 · elite    -29.7 · median   -101.8 · years  57.8 · road 0.27 · starved  2330 · nobles  -3.9 · read 154.1 · walls  3.7 · fell 89.0% (mother 79.2%) · prince  0.0% · king  0.0% · crowned  0.0% · 3.7s
try  8 · gen    1 · best     28.2 · elite    -28.2 · median    -99.3 · years  60.7 · road 0.27 · starved  2359 · nobles  -4.0 · read 154.4 · walls  3.9 · fell 87.5% (mother 78.5%) · prince  0.0% · king  0.0% · crowned  0.0% · 3.6s
try  1 · gen    2 · best     33.7 · elite    -24.5 · median    -94.2 · years  72.3 · road 0.25 · starved  2385 · nobles  -3.7 · read 190.1 · walls  4.3 · fell 66.7% (mother 46.3%) · prince  0.0% · king  0.0% · crowned  0.0% · 3.3s
try  2 · gen    2 · best      8.3 · elite    -27.9 · median    -94.7 · years  72.0 · road 0.22 · starved  2314 · nobles  -2.1 · read 192.2 · walls  3.1 · fell 62.8% (mother 41.6%) · prince  0.0% · king  0.0% · crowned  0.0% · 3.3s
try  3 · gen    2 · best      9.2 · elite    -29.3 · median    -92.4 · years  68.6 · road 0.25 · starved  2312 · nobles  -3.9 · read 172.6 · walls  4.3 · fell 71.2% (mother 56.8%) · prince  0.0% · king  0.0% · crowned  0.0% · 3.3s
try  4 · gen    2 · best     17.4 · elite    -27.9 · median    -95.3 · years  68.3 · road 0.26 · starved  2316 · nobles  -4.6 · read 185.8 · walls  4.1 · fell 73.2% (mother 49.0%) · prince  0.0% · king  0.0% · crowned  0.0% · 3.3s
try  5 · gen    2 · best     -4.2 · elite    -33.5 · median    -95.3 · years  65.1 · road 0.26 · starved  2306 · nobles  -3.7 · read 169.3 · walls  4.2 · fell 80.2% (mother 62.6%) · prince  0.0% · king  0.0% · crowned  0.0% · 3.2s
try  6 · gen    2 · best     21.3 · elite    -20.9 · median    -92.0 · years  70.0 · road 0.24 · starved  2288 · nobles  -2.9 · read 191.3 · walls  4.5 · fell 67.9% (mother 48.4%) · prince  0.0% · king  0.0% · crowned  0.0% · 3.3s
try  7 · gen    2 · best     17.1 · elite    -22.7 · median    -93.8 · years  70.7 · road 0.24 · starved  2341 · nobles  -3.7 · read 191.8 · walls  3.6 · fell 67.6% (mother 47.2%) · prince  0.0% · king  0.0% · crowned  0.0% · 3.3s
try  8 · gen    2 · best     38.3 · elite    -23.7 · median    -94.2 · years  70.0 · road 0.25 · starved  2347 · nobles  -3.9 · read 184.7 · walls  4.0 · fell 70.6% (mother 52.6%) · prince  0.0% · king  0.0% · crowned  0.0% · 3.3s
try  1 · gen    3 · best     52.6 · elite    -20.9 · median    -92.3 · years  72.5 · road 0.25 · starved  2339 · nobles  -4.4 · read 195.9 · walls  4.0 · fell 65.1% (mother 36.3%) · prince  0.0% · king  0.0% · crowned  0.0% · 3.0s
try  2 · gen    3 · best      5.3 · elite    -29.7 · median    -91.6 · years  70.3 · road 0.22 · starved  2265 · nobles  -2.3 · read 186.5 · walls  3.0 · fell 65.0% (mother 40.2%) · prince  0.0% · king  0.0% · crowned  0.0% · 3.0s
try  3 · gen    3 · best     25.7 · elite    -22.7 · median    -88.1 · years  72.6 · road 0.25 · starved  2275 · nobles  -3.4 · read 180.0 · walls  4.5 · fell 63.4% (mother 42.5%) · prince  0.0% · king  0.0% · crowned  0.0% · 3.0s
try  4 · gen    3 · best     13.5 · elite    -28.5 · median    -92.7 · years  67.3 · road 0.24 · starved  2248 · nobles  -4.5 · read 189.6 · walls  3.9 · fell 70.6% (mother 38.3%) · prince  0.0% · king  0.0% · crowned  0.0% · 3.0s
try  5 · gen    3 · best      4.0 · elite    -28.9 · median    -92.0 · years  65.4 · road 0.25 · starved  2221 · nobles  -3.5 · read 169.1 · walls  4.1 · fell 73.3% (mother 46.2%) · prince  0.0% · king  0.0% · crowned  0.0% · 3.0s
try  6 · gen    3 · best     19.8 · elite    -20.8 · median    -84.4 · years  69.5 · road 0.25 · starved  2196 · nobles  -2.7 · read 194.6 · walls  4.9 · fell 64.1% (mother 38.4%) · prince  0.0% · king  0.0% · crowned  0.0% · 2.9s
try  7 · gen    3 · best     22.4 · elite    -15.9 · median    -86.7 · years  72.1 · road 0.26 · starved  2285 · nobles  -4.9 · read 193.3 · walls  3.9 · fell 66.6% (mother 39.6%) · prince  0.0% · king  0.0% · crowned  0.0% · 3.0s
try  8 · gen    3 · best     50.1 · elite    -20.3 · median    -85.7 · years  69.5 · road 0.27 · starved  2279 · nobles  -5.3 · read 176.6 · walls  4.1 · fell 67.5% (mother 41.2%) · prince  0.0% · king  0.0% · crowned  0.0% · 3.0s
try  1 · gen    4 · best     39.1 · elite    -20.7 · median    -87.4 · years  69.6 · road 0.27 · starved  2283 · nobles  -5.6 · read 175.2 · walls  4.3 · fell 71.2% (mother 33.9%) · prince  0.0% · king  0.0% · crowned  0.0% · 2.7s
try  2 · gen    4 · best     38.7 · elite    -28.1 · median    -91.1 · years  69.1 · road 0.23 · starved  2217 · nobles  -2.5 · read 172.4 · walls  2.8 · fell 68.0% (mother 34.6%) · prince  0.0% · king  0.0% · crowned  0.0% · 2.7s
try  3 · gen    4 · best     13.3 · elite    -18.4 · median    -84.1 · years  73.3 · road 0.26 · starved  2283 · nobles  -3.9 · read 175.8 · walls  4.9 · fell 63.8% (mother 39.3%) · prince  0.0% · king  0.0% · crowned  0.0% · 2.7s
try  4 · gen    4 · best     19.9 · elite    -21.7 · median    -87.9 · years  66.5 · road 0.26 · starved  2243 · nobles  -5.1 · read 183.1 · walls  3.9 · fell 72.2% (mother 36.6%) · prince  0.0% · king  0.0% · crowned  0.0% · 2.7s
try  5 · gen    4 · best     29.2 · elite    -26.1 · median    -89.8 · years  64.9 · road 0.25 · starved  2193 · nobles  -3.8 · read 170.4 · walls  4.5 · fell 73.9% (mother 41.3%) · prince  0.0% · king  0.0% · crowned  0.0% · 2.7s
try  6 · gen    4 · best     32.0 · elite    -19.4 · median    -84.7 · years  69.8 · road 0.25 · starved  2188 · nobles  -3.3 · read 205.1 · walls  4.8 · fell 65.4% (mother 35.3%) · prince  0.0% · king  0.0% · crowned  0.0% · 2.7s
try  7 · gen    4 · best     23.9 · elite    -14.1 · median    -80.9 · years  70.2 · road 0.28 · starved  2232 · nobles  -5.9 · read 183.2 · walls  4.4 · fell 69.8% (mother 38.4%) · prince  0.0% · king  0.0% · crowned  0.0% · 2.7s
try  8 · gen    4 · best     37.2 · elite    -16.3 · median    -86.3 · years  66.5 · road 0.27 · starved  2219 · nobles  -5.8 · read 163.7 · walls  4.4 · fell 72.0% (mother 39.9%) · prince  0.0% · king  0.0% · crowned  0.0% · 2.7s
try  1 · gen    5 · best     34.3 · elite    -15.3 · median    -81.9 · years  67.1 · road 0.29 · starved  2209 · nobles  -6.1 · read 159.2 · walls  4.5 · fell 74.0% (mother 34.5%) · prince  0.0% · king  0.0% · crowned  0.0% · 2.7s
try  2 · gen    5 · best      6.9 · elite    -27.9 · median    -90.2 · years  67.5 · road 0.24 · starved  2225 · nobles  -3.2 · read 162.6 · walls  3.0 · fell 72.4% (mother 38.8%) · prince  0.0% · king  0.0% · crowned  0.0% · 2.7s
try  3 · gen    5 · best     36.7 · elite    -17.3 · median    -79.7 · years  71.5 · road 0.28 · starved  2245 · nobles  -4.3 · read 166.6 · walls  4.8 · fell 68.2% (mother 38.5%) · prince  0.0% · king  0.0% · crowned  0.0% · 2.7s
try  4 · gen    5 · best     40.2 · elite    -21.4 · median    -85.5 · years  64.0 · road 0.27 · starved  2154 · nobles  -5.8 · read 164.3 · walls  4.6 · fell 75.0% (mother 41.0%) · prince  0.0% · king  0.0% · crowned  0.0% · 2.7s
try  5 · gen    5 · best     10.4 · elite    -26.8 · median    -86.8 · years  63.2 · road 0.26 · starved  2151 · nobles  -4.0 · read 160.8 · walls  4.7 · fell 74.5% (mother 38.4%) · prince  0.0% · king  0.0% · crowned  0.0% · 2.7s
try  6 · gen    5 · best     47.8 · elite    -13.5 · median    -81.8 · years  68.0 · road 0.25 · starved  2112 · nobles  -4.0 · read 189.4 · walls  4.7 · fell 65.0% (mother 33.4%) · prince  0.0% · king  0.0% · crowned  0.0% · 2.7s
try  7 · gen    5 · best     30.4 · elite    -11.7 · median    -76.6 · years  71.2 · road 0.29 · starved  2207 · nobles  -6.2 · read 178.2 · walls  5.0 · fell 66.0% (mother 32.3%) · prince  0.0% · king  0.0% · crowned  0.0% · 2.7s
try  8 · gen    5 · best     59.8 · elite    -11.4 · median    -86.8 · years  64.2 · road 0.27 · starved  2162 · nobles  -4.6 · read 152.7 · walls  4.0 · fell 72.4% (mother 34.9%) · prince  0.0% · king  0.0% · crowned  0.0% · 2.7s
try  1 · gen    6 · best     28.7 · elite    -15.2 · median    -79.2 · years  65.3 · road 0.29 · starved  2136 · nobles  -6.3 · read 148.3 · walls  4.6 · fell 75.3% (mother 32.5%) · prince  0.0% · king  0.0% · crowned  0.0% · 2.6s
try  2 · gen    6 · best      6.7 · elite    -25.9 · median    -89.6 · years  68.6 · road 0.24 · starved  2246 · nobles  -3.1 · read 160.9 · walls  3.7 · fell 67.7% (mother 33.9%) · prince  0.0% · king  0.0% · crowned  0.0% · 2.6s
try  3 · gen    6 · best     24.2 · elite    -16.6 · median    -79.9 · years  67.0 · road 0.29 · starved  2209 · nobles  -4.2 · read 151.9 · walls  5.1 · fell 74.5% (mother 40.1%) · prince  0.0% · king  0.0% · crowned  0.0% · 2.6s
try  4 · gen    6 · best     21.7 · elite    -16.3 · median    -82.8 · years  63.8 · road 0.28 · starved  2119 · nobles  -6.7 · read 159.5 · walls  5.2 · fell 74.4% (mother 38.6%) · prince  0.0% · king  0.0% · crowned  0.0% · 2.6s
try  5 · gen    6 · best     40.7 · elite    -21.6 · median    -86.9 · years  62.4 · road 0.27 · starved  2133 · nobles  -4.5 · read 155.5 · walls  4.6 · fell 76.1% (mother 36.6%) · prince  0.0% · king  0.0% · crowned  0.0% · 2.6s
try  6 · gen    6 · best     54.3 · elite    -10.0 · median    -78.6 · years  66.7 · road 0.27 · starved  2078 · nobles  -4.8 · read 181.0 · walls  4.9 · fell 67.7% (mother 31.7%) · prince  0.0% · king  0.0% · crowned  0.0% · 2.6s
try  7 · gen    6 · best     18.9 · elite     -9.9 · median    -74.7 · years  69.7 · road 0.30 · starved  2189 · nobles  -7.6 · read 164.8 · walls  5.0 · fell 68.8% (mother 33.5%) · prince  0.0% · king  0.0% · crowned  0.0% · 2.6s
try  8 · gen    6 · best     33.3 · elite    -14.0 · median    -84.4 · years  62.8 · road 0.26 · starved  2105 · nobles  -4.1 · read 143.7 · walls  3.1 · fell 75.7% (mother 34.1%) · prince  0.1% · king  0.0% · crowned  0.0% · 2.6s
try  1 · gen    7 · best     37.1 · elite    -14.3 · median    -79.4 · years  62.4 · road 0.29 · starved  2080 · nobles  -6.4 · read 133.6 · walls  4.9 · fell 76.8% (mother 36.0%) · prince  0.0% · king  0.0% · crowned  0.0% · 2.7s
try  2 · gen    7 · best     27.1 · elite    -27.4 · median    -86.2 · years  66.3 · road 0.26 · starved  2209 · nobles  -3.9 · read 147.3 · walls  3.8 · fell 71.0% (mother 34.9%) · prince  0.0% · king  0.0% · crowned  0.0% · 2.7s
try  3 · gen    7 · best     21.0 · elite    -14.9 · median    -78.7 · years  64.6 · road 0.29 · starved  2125 · nobles  -4.4 · read 141.9 · walls  4.9 · fell 76.3% (mother 37.2%) · prince  0.0% · king  0.0% · crowned  0.0% · 2.7s
try  4 · gen    7 · best     34.3 · elite     -9.7 · median    -79.8 · years  63.3 · road 0.29 · starved  2068 · nobles  -7.2 · read 147.1 · walls  5.1 · fell 72.4% (mother 32.5%) · prince  0.0% · king  0.0% · crowned  0.0% · 2.7s
try  5 · gen    7 · best     10.5 · elite    -22.0 · median    -81.5 · years  59.5 · road 0.29 · starved  2075 · nobles  -4.5 · read 139.8 · walls  5.0 · fell 79.0% (mother 42.2%) · prince  0.0% · king  0.0% · crowned  0.0% · 2.7s
try  6 · gen    7 · best     54.5 · elite      1.7 · median    -79.1 · years  66.3 · road 0.28 · starved  2029 · nobles  -5.4 · read 172.7 · walls  5.1 · fell 67.9% (mother 29.7%) · prince  0.0% · king  0.0% · crowned  0.0% · 2.7s
try  7 · gen    7 · best     41.0 · elite     -4.9 · median    -73.0 · years  71.2 · road 0.31 · starved  2161 · nobles  -8.5 · read 167.0 · walls  5.2 · fell 64.2% (mother 28.8%) · prince  0.0% · king  0.0% · crowned  0.0% · 2.7s
try  8 · gen    7 · best     72.7 · elite    -13.2 · median    -83.4 · years  60.6 · road 0.26 · starved  2059 · nobles  -4.1 · read 134.5 · walls  2.4 · fell 80.5% (mother 33.2%) · prince  0.2% · king  0.0% · crowned  0.0% · 2.7s
try  1 · gen    8 · best     42.1 · elite     -7.8 · median    -73.1 · years  63.1 · road 0.31 · starved  2072 · nobles  -8.2 · read 128.2 · walls  5.7 · fell 76.0% (mother 33.6%) · prince  0.1% · king  0.0% · crowned  0.0% · 2.8s
try  2 · gen    8 · best     19.9 · elite    -25.9 · median    -87.9 · years  65.0 · road 0.26 · starved  2170 · nobles  -4.5 · read 146.1 · walls  3.8 · fell 73.1% (mother 34.8%) · prince  0.0% · king  0.0% · crowned  0.0% · 2.7s
try  3 · gen    8 · best     39.3 · elite    -13.7 · median    -78.2 · years  63.3 · road 0.28 · starved  2061 · nobles  -4.9 · read 146.6 · walls  5.0 · fell 75.6% (mother 34.4%) · prince  0.0% · king  0.0% · crowned  0.0% · 2.8s
try  4 · gen    8 · best     52.9 · elite     -8.7 · median    -80.2 · years  61.3 · road 0.29 · starved  2028 · nobles  -7.5 · read 139.0 · walls  4.6 · fell 75.0% (mother 31.3%) · prince  0.0% · king  0.0% · crowned  0.0% · 2.8s
try  5 · gen    8 · best     21.2 · elite    -17.7 · median    -76.5 · years  58.7 · road 0.30 · starved  2045 · nobles  -5.2 · read 133.5 · walls  5.1 · fell 80.6% (mother 40.9%) · prince  0.0% · king  0.0% · crowned  0.0% · 2.8s
try  6 · gen    8 · best     68.1 · elite      4.2 · median    -68.5 · years  67.8 · road 0.29 · starved  1971 · nobles  -4.4 · read 186.0 · walls  6.0 · fell 64.7% (mother 30.0%) · prince  0.0% · king  0.0% · crowned  0.0% · 2.8s
try  7 · gen    8 · best     48.9 · elite     -0.0 · median    -69.9 · years  69.0 · road 0.31 · starved  2108 · nobles  -9.2 · read 152.0 · walls  5.5 · fell 65.4% (mother 29.6%) · prince  0.2% · king  0.0% · crowned  0.0% · 2.8s
try  8 · gen    8 · best     53.9 · elite     -9.1 · median    -79.9 · years  58.9 · road 0.27 · starved  1985 · nobles  -4.6 · read 122.8 · walls  2.3 · fell 81.6% (mother 32.2%) · prince  0.5% · king  0.0% · crowned  0.0% · 2.8s
try  1 · gen    9 · best     45.7 · elite     -2.8 · median    -69.8 · years  63.8 · road 0.32 · starved  2049 · nobles  -9.1 · read 134.1 · walls  5.9 · fell 73.5% (mother 31.1%) · prince  0.1% · king  0.0% · crowned  0.0% · 2.7s
try  2 · gen    9 · best     48.9 · elite    -19.8 · median    -84.7 · years  63.1 · road 0.27 · starved  2118 · nobles  -4.9 · read 148.3 · walls  3.9 · fell 74.1% (mother 35.5%) · prince  0.0% · king  0.0% · crowned  0.0% · 2.7s
try  3 · gen    9 · best     36.9 · elite    -14.5 · median    -79.7 · years  63.8 · road 0.28 · starved  2045 · nobles  -4.9 · read 150.5 · walls  5.4 · fell 73.3% (mother 30.1%) · prince  0.0% · king  0.0% · crowned  0.0% · 2.8s
try  4 · gen    9 · best     32.7 · elite     -7.6 · median    -75.4 · years  58.5 · road 0.29 · starved  1944 · nobles  -7.4 · read 131.1 · walls  4.9 · fell 75.6% (mother 30.5%) · prince  0.0% · king  0.0% · crowned  0.0% · 2.7s
try  5 · gen    9 · best     36.9 · elite    -17.1 · median    -78.4 · years  60.7 · road 0.29 · starved  2044 · nobles  -5.1 · read 142.9 · walls  5.0 · fell 77.3% (mother 33.5%) · prince  0.0% · king  0.0% · crowned  0.0% · 2.8s
try  6 · gen    9 · best     65.8 · elite     13.4 · median    -60.1 · years  69.0 · road 0.31 · starved  1915 · nobles  -4.2 · read 194.1 · walls  7.3 · fell 63.1% (mother 29.3%) · prince  0.0% · king  0.0% · crowned  0.0% · 2.7s
try  7 · gen    9 · best     46.9 · elite      5.0 · median    -61.5 · years  69.1 · road 0.33 · starved  2080 · nobles -10.2 · read 152.2 · walls  6.1 · fell 65.8% (mother 28.2%) · prince  0.4% · king  0.0% · crowned  0.0% · 2.7s
try  8 · gen    9 · best     65.8 · elite     -2.7 · median    -75.9 · years  57.9 · road 0.28 · starved  1937 · nobles  -5.2 · read 114.8 · walls  2.1 · fell 82.1% (mother 32.0%) · prince  1.3% · king  0.0% · crowned  0.0% · 2.7s
try  1 · gen   10 · best     45.7 · elite      4.1 · median    -65.1 · years  65.1 · road 0.34 · starved  2023 · nobles -10.3 · read 146.0 · walls  6.3 · fell 70.5% (mother 30.2%) · prince  0.0% · king  0.0% · crowned  0.0% · 2.7s
try  2 · gen   10 · best     22.3 · elite    -14.2 · median    -79.4 · years  64.3 · road 0.28 · starved  2076 · nobles  -5.6 · read 161.2 · walls  3.9 · fell 71.9% (mother 31.8%) · prince  0.0% · king  0.0% · crowned  0.0% · 2.7s
try  3 · gen   10 · best     41.0 · elite    -10.4 · median    -77.2 · years  62.1 · road 0.27 · starved  1970 · nobles  -4.4 · read 153.2 · walls  4.8 · fell 73.8% (mother 32.1%) · prince  0.2% · king  0.0% · crowned  0.0% · 2.7s
try  4 · gen   10 · best     54.5 · elite     -4.1 · median    -75.0 · years  59.4 · road 0.30 · starved  1925 · nobles  -7.4 · read 139.6 · walls  4.7 · fell 74.2% (mother 28.7%) · prince  0.0% · king  0.0% · crowned  0.0% · 2.7s
try  5 · gen   10 · best     31.6 · elite    -13.8 · median    -77.9 · years  60.7 · road 0.28 · starved  2004 · nobles  -4.8 · read 148.0 · walls  4.7 · fell 75.4% (mother 32.5%) · prince  0.1% · king  0.0% · crowned  0.0% · 2.7s
try  6 · gen   10 · best     61.2 · elite     19.4 · median    -58.9 · years  69.9 · road 0.32 · starved  1914 · nobles  -5.5 · read 191.4 · walls  7.5 · fell 61.4% (mother 26.8%) · prince  0.0% · king  0.0% · crowned  0.0% · 2.7s
try  7 · gen   10 · best     61.7 · elite     12.7 · median    -57.3 · years  68.5 · road 0.34 · starved  2011 · nobles  -9.4 · read 155.7 · walls  6.7 · fell 66.3% (mother 27.2%) · prince  0.8% · king  0.0% · crowned  0.0% · 2.7s
try  8 · gen   10 · best    116.9 · elite     13.0 · median    -71.4 · years  55.9 · road 0.30 · starved  1891 · nobles  -5.3 · read 104.2 · walls  2.3 · fell 84.3% (mother 32.4%) · prince  2.8% · king  0.2% · crowned  0.0% · 2.7s
try  1 · gen   11 · best     67.5 · elite      9.1 · median    -60.9 · years  66.8 · road 0.35 · starved  1988 · nobles -11.6 · read 151.5 · walls  5.9 · fell 66.9% (mother 29.5%) · prince  0.1% · king  0.0% · crowned  0.0% · 2.8s
try  2 · gen   11 · best     54.7 · elite     -2.3 · median    -75.0 · years  66.2 · road 0.29 · starved  2026 · nobles  -6.0 · read 174.8 · walls  4.3 · fell 69.7% (mother 28.8%) · prince  0.1% · king  0.0% · crowned  0.0% · 2.8s
try  3 · gen   11 · best     48.8 · elite     -7.9 · median    -71.7 · years  61.2 · road 0.27 · starved  1907 · nobles  -4.3 · read 146.1 · walls  4.5 · fell 74.7% (mother 31.9%) · prince  0.4% · king  0.0% · crowned  0.0% · 2.8s
try  4 · gen   11 · best     37.9 · elite     -4.4 · median    -73.0 · years  59.9 · road 0.30 · starved  1932 · nobles  -6.8 · read 138.2 · walls  4.9 · fell 74.6% (mother 27.3%) · prince  0.0% · king  0.0% · crowned  0.0% · 2.8s
try  5 · gen   11 · best     23.9 · elite    -11.2 · median    -74.1 · years  62.8 · road 0.29 · starved  2015 · nobles  -4.6 · read 154.1 · walls  4.8 · fell 71.4% (mother 29.3%) · prince  0.1% · king  0.0% · crowned  0.0% · 2.8s
try  6 · gen   11 · best     70.2 · elite     19.1 · median    -55.9 · years  69.8 · road 0.33 · starved  1883 · nobles  -6.4 · read 194.8 · walls  7.6 · fell 62.6% (mother 24.4%) · prince  0.0% · king  0.0% · crowned  0.0% · 2.8s
try  7 · gen   11 · best     96.2 · elite     15.7 · median    -51.2 · years  70.1 · road 0.35 · starved  1979 · nobles  -9.6 · read 164.2 · walls  6.9 · fell 65.3% (mother 26.2%) · prince  1.2% · king  0.1% · crowned  0.0% · 2.8s
try  8 · gen   11 · best     93.3 · elite     18.5 · median    -66.0 · years  52.9 · road 0.31 · starved  1833 · nobles  -5.6 · read 93.6 · walls  2.4 · fell 86.6% (mother 31.1%) · prince  4.0% · king  0.2% · crowned  0.0% · 2.8s
try  1 · gen   12 · best     66.1 · elite     18.0 · median    -58.6 · years  68.0 · road 0.35 · starved  1975 · nobles -11.7 · read 162.2 · walls  5.4 · fell 65.5% (mother 24.9%) · prince  0.1% · king  0.0% · crowned  0.0% · 2.9s
try  2 · gen   12 · best     57.3 · elite     -0.2 · median    -69.8 · years  65.0 · road 0.29 · starved  1975 · nobles  -6.8 · read 170.5 · walls  4.2 · fell 69.7% (mother 29.1%) · prince  0.2% · king  0.0% · crowned  0.0% · 2.9s
try  3 · gen   12 · best     42.6 · elite     -5.1 · median    -67.8 · years  60.4 · road 0.28 · starved  1869 · nobles  -4.5 · read 139.9 · walls  4.2 · fell 75.8% (mother 33.4%) · prince  0.8% · king  0.0% · crowned  0.0% · 2.9s
try  4 · gen   12 · best     40.8 · elite      0.9 · median    -67.5 · years  61.4 · road 0.32 · starved  1937 · nobles  -6.9 · read 137.1 · walls  5.4 · fell 75.4% (mother 28.2%) · prince  0.0% · king  0.0% · crowned  0.0% · 2.9s
try  5 · gen   12 · best     52.4 · elite     -2.1 · median    -71.5 · years  61.2 · road 0.30 · starved  2001 · nobles  -5.6 · read 142.6 · walls  4.9 · fell 70.7% (mother 25.5%) · prince  0.1% · king  0.0% · crowned  0.0% · 2.9s
try  6 · gen   12 · best    100.7 · elite     19.6 · median    -50.4 · years  71.7 · road 0.34 · starved  1858 · nobles  -7.5 · read 194.9 · walls  7.6 · fell 58.5% (mother 25.6%) · prince  0.1% · king  0.0% · crowned  0.0% · 2.9s
try  7 · gen   12 · best     89.5 · elite     23.8 · median    -44.4 · years  68.8 · road 0.35 · starved  1878 · nobles  -9.3 · read 156.2 · walls  6.8 · fell 65.4% (mother 27.1%) · prince  1.6% · king  0.1% · crowned  0.0% (median year 80) · 2.9s
try  8 · gen   12 · best    106.6 · elite     20.6 · median    -62.2 · years  51.5 · road 0.31 · starved  1739 · nobles  -6.0 · read 93.7 · walls  2.5 · fell 88.1% (mother 31.8%) · prince  5.0% · king  0.3% · crowned  0.0% (median year 89) · 2.9s
try  1 · gen   13 · best     52.3 · elite     16.7 · median    -50.5 · years  67.5 · road 0.35 · starved  1890 · nobles -11.5 · read 162.5 · walls  5.2 · fell 65.6% (mother 26.8%) · prince  0.2% · king  0.0% · crowned  0.0% · 2.9s
try  2 · gen   13 · best    106.6 · elite      3.2 · median    -62.9 · years  64.0 · road 0.31 · starved  1931 · nobles  -7.4 · read 164.3 · walls  4.3 · fell 70.2% (mother 30.7%) · prince  0.2% · king  0.0% · crowned  0.0% · 2.9s
try  3 · gen   13 · best     40.1 · elite     -2.8 · median    -66.6 · years  62.2 · road 0.29 · starved  1905 · nobles  -4.6 · read 145.0 · walls  4.4 · fell 74.9% (mother 31.4%) · prince  1.1% · king  0.0% · crowned  0.0% · 2.9s
try  4 · gen   13 · best     61.5 · elite      2.8 · median    -62.2 · years  61.8 · road 0.32 · starved  1928 · nobles  -7.5 · read 132.1 · walls  5.6 · fell 73.5% (mother 27.2%) · prince  0.1% · king  0.0% · crowned  0.0% · 2.9s
try  5 · gen   13 · best     31.5 · elite     -4.8 · median    -70.4 · years  57.5 · road 0.32 · starved  1935 · nobles  -7.3 · read 120.8 · walls  5.0 · fell 73.4% (mother 23.3%) · prince  0.1% · king  0.0% · crowned  0.0% · 2.9s
try  6 · gen   13 · best     76.9 · elite     23.3 · median    -43.8 · years  71.8 · road 0.35 · starved  1815 · nobles  -8.0 · read 187.7 · walls  7.5 · fell 57.9% (mother 27.3%) · prince  0.3% · king  0.0% · crowned  0.0% · 2.9s
try  7 · gen   13 · best    110.2 · elite     40.3 · median    -39.0 · years  69.0 · road 0.35 · starved  1787 · nobles  -9.4 · read 153.3 · walls  6.6 · fell 65.4% (mother 27.5%) · prince  2.2% · king  0.2% · crowned  0.0% (median year 93) · 2.9s
try  8 · gen   13 · best    112.1 · elite     33.4 · median    -59.0 · years  51.9 · road 0.31 · starved  1713 · nobles  -6.3 · read 94.7 · walls  2.6 · fell 87.3% (mother 28.5%) · prince  6.3% · king  0.7% · crowned  0.1% (median year 90) · 2.9s
try  1 · gen   14 · best     97.6 · elite     26.4 · median    -46.2 · years  68.9 · road 0.36 · starved  1868 · nobles -12.5 · read 168.0 · walls  5.1 · fell 61.5% (mother 26.9%) · prince  0.2% · king  0.0% · crowned  0.0% · 2.9s
try  2 · gen   14 · best     65.2 · elite      8.4 · median    -58.3 · years  64.8 · road 0.33 · starved  1924 · nobles  -8.3 · read 168.9 · walls  4.5 · fell 70.6% (mother 33.3%) · prince  0.4% · king  0.0% · crowned  0.0% · 2.8s
try  3 · gen   14 · best     75.6 · elite      3.8 · median    -61.6 · years  62.9 · road 0.30 · starved  1887 · nobles  -4.9 · read 152.6 · walls  4.6 · fell 74.8% (mother 31.4%) · prince  1.4% · king  0.1% · crowned  0.0% · 2.9s
try  4 · gen   14 · best     80.5 · elite      8.7 · median    -54.9 · years  59.9 · road 0.34 · starved  1861 · nobles  -7.9 · read 114.4 · walls  5.9 · fell 74.0% (mother 28.1%) · prince  0.3% · king  0.0% · crowned  0.0% (median year 84) · 2.9s
try  5 · gen   14 · best     37.4 · elite     -3.7 · median    -65.7 · years  54.2 · road 0.33 · starved  1808 · nobles  -8.4 · read 104.6 · walls  5.0 · fell 76.4% (mother 24.3%) · prince  0.1% · king  0.0% · crowned  0.0% · 2.9s
try  6 · gen   14 · best     78.5 · elite     29.6 · median    -42.1 · years  71.7 · road 0.35 · starved  1794 · nobles  -8.2 · read 176.5 · walls  7.3 · fell 57.2% (mother 27.1%) · prince  0.5% · king  0.0% · crowned  0.0% · 2.9s
try  7 · gen   14 · best    105.1 · elite     53.4 · median    -30.5 · years  71.6 · road 0.36 · starved  1721 · nobles  -9.8 · read 140.2 · walls  6.7 · fell 61.5% (mother 25.1%) · prince  2.6% · king  0.3% · crowned  0.1% (median year 93) · 2.9s
try  8 · gen   14 · best    199.3 · elite     44.1 · median    -51.1 · years  51.3 · road 0.30 · starved  1605 · nobles  -6.1 · read 96.4 · walls  2.8 · fell 86.4% (mother 26.8%) · prince  7.6% · king  1.0% · crowned  0.2% (median year 87) · 2.8s
try  1 · gen   15 · best    114.7 · elite     38.5 · median    -41.4 · years  66.9 · road 0.37 · starved  1794 · nobles -12.8 · read 150.0 · walls  4.5 · fell 64.7% (mother 27.3%) · prince  0.2% · king  0.0% · crowned  0.0% (median year 94) · 2.9s
try  2 · gen   15 · best     98.4 · elite     21.0 · median    -47.9 · years  64.5 · road 0.35 · starved  1821 · nobles  -9.5 · read 165.8 · walls  4.7 · fell 71.9% (mother 35.5%) · prince  0.6% · king  0.0% · crowned  0.0% · 2.8s
try  3 · gen   15 · best     53.9 · elite     13.1 · median    -56.0 · years  62.1 · road 0.31 · starved  1906 · nobles  -5.4 · read 144.6 · walls  5.1 · fell 75.9% (mother 30.9%) · prince  2.0% · king  0.1% · crowned  0.0% (median year 81) · 2.8s
try  4 · gen   15 · best     72.5 · elite     13.8 · median    -52.8 · years  60.6 · road 0.33 · starved  1759 · nobles  -8.1 · read 123.6 · walls  5.9 · fell 74.4% (mother 26.2%) · prince  0.5% · king  0.0% · crowned  0.0% (median year 89) · 2.9s
try  5 · gen   15 · best     39.3 · elite      1.8 · median    -58.9 · years  50.7 · road 0.33 · starved  1644 · nobles  -8.5 · read 93.5 · walls  5.1 · fell 81.6% (mother 30.5%) · prince  0.2% · king  0.0% · crowned  0.0% · 2.9s
try  6 · gen   15 · best     92.0 · elite     34.0 · median    -36.9 · years  72.3 · road 0.37 · starved  1793 · nobles  -9.0 · read 172.9 · walls  7.2 · fell 56.7% (mother 26.5%) · prince  0.7% · king  0.0% · crowned  0.0% · 2.8s
try  7 · gen   15 · best    126.9 · elite     65.6 · median    -12.1 · years  74.7 · road 0.38 · starved  1580 · nobles -12.3 · read 125.8 · walls  7.0 · fell 55.6% (mother 28.9%) · prince  1.7% · king  0.2% · crowned  0.0% (median year 95) · 2.8s
try  8 · gen   15 · best    231.7 · elite     48.2 · median    -45.6 · years  50.7 · road 0.31 · starved  1540 · nobles  -5.6 · read 95.6 · walls  3.1 · fell 86.4% (mother 27.4%) · prince  8.5% · king  1.2% · crowned  0.3% (median year 83) · 2.9s
try  1 · gen   16 · best    183.3 · elite     47.9 · median    -31.7 · years  66.6 · road 0.37 · starved  1626 · nobles -13.4 · read 140.1 · walls  3.8 · fell 64.8% (mother 26.7%) · prince  0.4% · king  0.1% · crowned  0.0% (median year 75) · 2.9s
try  2 · gen   16 · best     92.0 · elite     26.7 · median    -41.7 · years  63.7 · road 0.35 · starved  1700 · nobles -10.0 · read 160.1 · walls  4.6 · fell 73.0% (mother 35.6%) · prince  0.5% · king  0.0% · crowned  0.0% · 2.9s
try  3 · gen   16 · best    116.3 · elite     17.3 · median    -52.6 · years  62.6 · road 0.32 · starved  1936 · nobles  -5.6 · read 136.1 · walls  5.2 · fell 74.3% (mother 30.6%) · prince  2.9% · king  0.2% · crowned  0.0% (median year 91) · 2.9s
try  4 · gen   16 · best    103.5 · elite     19.0 · median    -45.7 · years  60.4 · road 0.34 · starved  1674 · nobles  -7.6 · read 127.7 · walls  5.9 · fell 75.4% (mother 25.4%) · prince  0.7% · king  0.1% · crowned  0.0% (median year 87) · 2.9s
try  5 · gen   16 · best     59.2 · elite      6.8 · median    -54.8 · years  51.3 · road 0.33 · starved  1585 · nobles  -8.4 · read 100.8 · walls  5.0 · fell 80.9% (mother 28.3%) · prince  0.7% · king  0.0% · crowned  0.0% · 2.9s
try  6 · gen   16 · best    107.4 · elite     39.4 · median    -35.5 · years  71.1 · road 0.37 · starved  1760 · nobles  -9.6 · read 167.0 · walls  6.9 · fell 58.7% (mother 28.9%) · prince  1.0% · king  0.0% · crowned  0.0% · 2.9s
try  7 · gen   16 · best    159.0 · elite     68.7 · median     -1.2 · years  77.4 · road 0.40 · starved  1525 · nobles -13.3 · read 125.2 · walls  7.1 · fell 53.1% (mother 30.4%) · prince  0.7% · king  0.1% · crowned  0.0% (median year 85) · 2.9s
try  8 · gen   16 · best    331.1 · elite     61.0 · median    -39.7 · years  49.3 · road 0.32 · starved  1530 · nobles  -5.4 · read 90.7 · walls  3.5 · fell 88.6% (mother 28.5%) · prince 10.1% · king  1.7% · crowned  0.5% (median year 85) · 2.9s
try  1 · gen   17 · best    136.0 · elite     51.6 · median    -21.9 · years  66.2 · road 0.38 · starved  1514 · nobles -13.1 · read 134.2 · walls  3.5 · fell 65.5% (mother 25.4%) · prince  0.7% · king  0.2% · crowned  0.1% (median year 74) · 3.0s
try  2 · gen   17 · best     95.5 · elite     31.4 · median    -35.7 · years  64.1 · road 0.36 · starved  1626 · nobles -10.2 · read 160.7 · walls  4.6 · fell 71.7% (mother 34.4%) · prince  0.6% · king  0.0% · crowned  0.0% (median year 55) · 3.0s
try  3 · gen   17 · best    103.7 · elite     28.6 · median    -48.0 · years  61.7 · road 0.33 · starved  1804 · nobles  -6.0 · read 120.9 · walls  5.4 · fell 75.3% (mother 30.9%) · prince  3.8% · king  0.4% · crowned  0.0% (median year 86) · 3.0s
try  4 · gen   17 · best     71.4 · elite     23.6 · median    -41.8 · years  59.4 · road 0.33 · starved  1592 · nobles  -7.3 · read 120.1 · walls  6.0 · fell 75.1% (mother 26.1%) · prince  0.7% · king  0.1% · crowned  0.0% (median year 94) · 3.0s
try  5 · gen   17 · best     75.2 · elite     10.1 · median    -50.7 · years  53.0 · road 0.34 · starved  1583 · nobles  -8.5 · read 106.0 · walls  5.4 · fell 79.0% (mother 30.5%) · prince  1.4% · king  0.0% · crowned  0.0% · 3.0s
try  6 · gen   17 · best     78.5 · elite     40.6 · median    -27.1 · years  71.7 · road 0.38 · starved  1637 · nobles -10.1 · read 166.8 · walls  7.0 · fell 59.1% (mother 31.7%) · prince  1.2% · king  0.0% · crowned  0.0% (median year 100) · 3.0s
try  7 · gen   17 · best    156.6 · elite     72.7 · median      0.2 · years  78.6 · road 0.40 · starved  1503 · nobles -13.9 · read 123.7 · walls  7.1 · fell 50.2% (mother 29.5%) · prince  0.6% · king  0.1% · crowned  0.0% (median year 90) · 3.0s
try  8 · gen   17 · best    217.9 · elite     78.3 · median    -34.7 · years  47.6 · road 0.33 · starved  1459 · nobles  -5.3 · read 83.3 · walls  3.8 · fell 89.7% (mother 29.8%) · prince 10.4% · king  2.3% · crowned  0.8% (median year 82) · 3.0s
try  1 · gen   18 · best    188.6 · elite     62.8 · median    -16.3 · years  67.3 · road 0.38 · starved  1452 · nobles -12.9 · read 137.5 · walls  3.5 · fell 64.0% (mother 23.7%) · prince  0.5% · king  0.2% · crowned  0.1% (median year 71) · 2.8s
try  2 · gen   18 · best     88.7 · elite     39.4 · median    -27.7 · years  67.0 · road 0.36 · starved  1586 · nobles -10.8 · read 170.5 · walls  5.0 · fell 67.8% (mother 30.9%) · prince  0.7% · king  0.1% · crowned  0.0% (median year 61) · 2.8s
try  3 · gen   18 · best    140.9 · elite     33.9 · median    -40.6 · years  62.5 · road 0.34 · starved  1752 · nobles  -6.5 · read 126.0 · walls  5.1 · fell 74.4% (mother 28.5%) · prince  4.3% · king  0.5% · crowned  0.0% (median year 90) · 2.8s
try  4 · gen   18 · best     73.1 · elite     24.1 · median    -38.8 · years  60.2 · road 0.34 · starved  1531 · nobles  -7.6 · read 122.6 · walls  6.1 · fell 74.6% (mother 28.3%) · prince  0.6% · king  0.0% · crowned  0.0% (median year 84) · 2.8s
try  5 · gen   18 · best     59.1 · elite     11.9 · median    -45.2 · years  54.7 · road 0.35 · starved  1610 · nobles  -8.5 · read 111.2 · walls  6.2 · fell 76.5% (mother 32.9%) · prince  2.4% · king  0.0% · crowned  0.0% · 2.8s
try  6 · gen   18 · best     96.0 · elite     49.0 · median    -23.2 · years  73.1 · road 0.38 · starved  1567 · nobles -10.4 · read 167.1 · walls  6.9 · fell 55.2% (mother 28.7%) · prince  0.7% · king  0.0% · crowned  0.0% · 2.8s
try  7 · gen   18 · best    262.4 · elite     77.9 · median      5.0 · years  78.4 · road 0.41 · starved  1477 · nobles -14.0 · read 120.7 · walls  7.2 · fell 52.3% (mother 29.9%) · prince  1.5% · king  0.4% · crowned  0.1% (median year 83) · 2.8s
try  8 · gen   18 · best    217.4 · elite     80.6 · median    -29.9 · years  46.6 · road 0.34 · starved  1438 · nobles  -5.0 · read 79.4 · walls  4.2 · fell 89.9% (mother 29.5%) · prince 11.0% · king  2.7% · crowned  1.1% (median year 81) · 2.8s
try  1 · gen   19 · best    154.3 · elite     65.6 · median     -9.8 · years  67.5 · road 0.39 · starved  1439 · nobles -13.0 · read 141.5 · walls  4.2 · fell 62.9% (mother 26.4%) · prince  0.7% · king  0.3% · crowned  0.2% (median year 76) · 2.8s
try  2 · gen   19 · best    134.4 · elite     44.1 · median    -18.5 · years  70.6 · road 0.38 · starved  1561 · nobles -11.8 · read 181.0 · walls  5.7 · fell 63.6% (mother 28.0%) · prince  0.7% · king  0.0% · crowned  0.0% (median year 62) · 2.8s
try  3 · gen   19 · best    182.1 · elite     44.3 · median    -35.6 · years  62.9 · road 0.35 · starved  1709 · nobles  -6.9 · read 119.8 · walls  5.5 · fell 73.8% (mother 25.2%) · prince  5.0% · king  0.9% · crowned  0.1% (median year 85) · 2.8s
try  4 · gen   19 · best     82.4 · elite     29.3 · median    -34.0 · years  58.4 · road 0.34 · starved  1534 · nobles  -7.5 · read 115.5 · walls  6.2 · fell 77.2% (mother 30.4%) · prince  0.8% · king  0.0% · crowned  0.0% (median year 90) · 2.8s
try  5 · gen   19 · best     80.6 · elite     26.1 · median    -39.9 · years  56.8 · road 0.36 · starved  1603 · nobles  -8.6 · read 118.1 · walls  6.7 · fell 75.6% (mother 31.5%) · prince  3.8% · king  0.1% · crowned  0.0% · 2.8s
try  6 · gen   19 · best    137.9 · elite     60.0 · median    -15.5 · years  74.8 · road 0.39 · starved  1538 · nobles -11.0 · read 162.8 · walls  6.9 · fell 51.8% (mother 26.4%) · prince  0.7% · king  0.0% · crowned  0.0% (median year 85) · 2.8s
try  7 · gen   19 · best    120.6 · elite     80.1 · median     13.1 · years  80.1 · road 0.41 · starved  1387 · nobles -14.7 · read 126.6 · walls  6.9 · fell 49.1% (mother 26.9%) · prince  1.6% · king  0.4% · crowned  0.1% (median year 82) · 2.8s
try  8 · gen   19 · best    230.5 · elite     93.9 · median    -22.8 · years  45.4 · road 0.34 · starved  1415 · nobles  -4.9 · read 72.1 · walls  4.2 · fell 90.5% (mother 31.8%) · prince 12.3% · king  3.6% · crowned  1.7% (median year 80) · 2.8s
try  1 · gen   20 · best    145.8 · elite     70.8 · median     -2.6 · years  68.9 · road 0.39 · starved  1439 · nobles -12.9 · read 149.9 · walls  4.5 · fell 62.5% (mother 26.8%) · prince  1.0% · king  0.5% · crowned  0.3% (median year 73) · 3.0s
try  2 · gen   20 · best    112.8 · elite     51.9 · median    -15.1 · years  71.9 · road 0.39 · starved  1492 · nobles -12.1 · read 185.7 · walls  6.1 · fell 61.5% (mother 26.9%) · prince  0.4% · king  0.0% · crowned  0.0% · 3.0s
try  3 · gen   20 · best    212.3 · elite     40.3 · median    -28.9 · years  61.6 · road 0.35 · starved  1670 · nobles  -7.1 · read 114.1 · walls  5.8 · fell 76.0% (mother 24.9%) · prince  5.8% · king  1.0% · crowned  0.1% (median year 88) · 3.0s
try  4 · gen   20 · best     76.7 · elite     30.2 · median    -33.4 · years  58.1 · road 0.34 · starved  1447 · nobles  -6.9 · read 109.3 · walls  6.7 · fell 77.3% (mother 26.8%) · prince  0.7% · king  0.1% · crowned  0.0% (median year 93) · 3.0s
try  5 · gen   20 · best    102.2 · elite     30.4 · median    -32.6 · years  58.5 · road 0.38 · starved  1600 · nobles  -9.2 · read 122.3 · walls  7.1 · fell 74.7% (mother 34.6%) · prince  4.8% · king  0.1% · crowned  0.0% (median year 71) · 3.0s
try  6 · gen   20 · best    121.3 · elite     61.2 · median    -12.7 · years  73.8 · road 0.41 · starved  1518 · nobles -11.7 · read 155.4 · walls  6.2 · fell 54.7% (mother 29.9%) · prince  1.3% · king  0.0% · crowned  0.0% · 3.0s
try  7 · gen   20 · best    363.4 · elite    101.1 · median     18.5 · years  80.6 · road 0.41 · starved  1248 · nobles -15.5 · read 124.2 · walls  6.4 · fell 45.6% (mother 20.7%) · prince  1.0% · king  0.4% · crowned  0.2% (median year 68) · 3.0s
try  8 · gen   20 · best    402.3 · elite    126.1 · median    -17.1 · years  45.3 · road 0.34 · starved  1396 · nobles  -4.9 · read 63.6 · walls  4.4 · fell 89.8% (mother 29.6%) · prince 13.0% · king  4.6% · crowned  2.5% (median year 79) · 3.0s
try  1 · gen   21 · best    131.3 · elite     71.3 · median      0.2 · years  69.5 · road 0.40 · starved  1360 · nobles -13.4 · read 150.1 · walls  4.8 · fell 60.9% (mother 28.1%) · prince  0.7% · king  0.4% · crowned  0.2% (median year 74) · 2.9s
try  2 · gen   21 · best    108.3 · elite     58.5 · median     -8.8 · years  71.1 · road 0.39 · starved  1344 · nobles -12.2 · read 178.1 · walls  6.2 · fell 61.0% (mother 24.7%) · prince  0.2% · king  0.0% · crowned  0.0% · 2.9s
try  3 · gen   21 · best    123.2 · elite     48.0 · median    -27.2 · years  62.1 · road 0.36 · starved  1672 · nobles  -7.8 · read 111.5 · walls  5.8 · fell 76.9% (mother 25.8%) · prince  6.1% · king  1.2% · crowned  0.2% (median year 86) · 2.9s
try  4 · gen   21 · best     90.8 · elite     41.0 · median    -30.6 · years  57.8 · road 0.34 · starved  1395 · nobles  -7.3 · read 103.2 · walls  6.8 · fell 76.4% (mother 24.6%) · prince  0.8% · king  0.0% · crowned  0.0% (median year 78) · 2.9s
try  5 · gen   21 · best     93.8 · elite     40.1 · median    -28.1 · years  58.7 · road 0.38 · starved  1562 · nobles  -9.1 · read 118.6 · walls  7.2 · fell 75.5% (mother 34.4%) · prince  5.6% · king  0.2% · crowned  0.0% (median year 88) · 2.9s
try  6 · gen   21 · best    156.5 · elite     75.6 · median     -6.7 · years  74.0 · road 0.42 · starved  1534 · nobles -11.9 · read 158.7 · walls  6.4 · fell 55.3% (mother 28.8%) · prince  2.3% · king  0.1% · crowned  0.0% (median year 71) · 2.9s
try  7 · gen   21 · best    295.2 · elite     94.9 · median     21.2 · years  77.5 · road 0.41 · starved  1187 · nobles -14.6 · read 111.7 · walls  6.0 · fell 51.8% (mother 18.0%) · prince  2.3% · king  0.7% · crowned  0.2% (median year 73) · 2.9s
try  8 · gen   21 · best    456.4 · elite    159.8 · median     -8.0 · years  45.3 · road 0.34 · starved  1425 · nobles  -3.6 · read 63.8 · walls  4.8 · fell 88.8% (mother 30.9%) · prince 14.0% · king  6.3% · crowned  3.5% (median year 76) · 2.9s
try  1 · gen   22 · best    132.0 · elite     80.7 · median     -0.2 · years  70.7 · road 0.41 · starved  1370 · nobles -14.0 · read 149.2 · walls  5.2 · fell 61.3% (mother 22.7%) · prince  0.0% · king  0.0% · crowned  0.0% · 3.0s
try  2 · gen   22 · best    105.3 · elite     60.7 · median     -4.8 · years  71.6 · road 0.39 · starved  1317 · nobles -12.6 · read 177.6 · walls  6.5 · fell 60.5% (mother 24.0%) · prince  0.2% · king  0.0% · crowned  0.0% · 3.0s
try  3 · gen   22 · best    220.3 · elite     54.7 · median    -24.7 · years  61.2 · road 0.36 · starved  1665 · nobles  -7.8 · read 105.1 · walls  5.6 · fell 77.5% (mother 25.1%) · prince  6.5% · king  1.4% · crowned  0.2% (median year 83) · 3.0s
try  4 · gen   22 · best    107.1 · elite     41.3 · median    -23.0 · years  57.9 · road 0.35 · starved  1354 · nobles  -7.2 · read 103.6 · walls  7.0 · fell 77.7% (mother 24.6%) · prince  0.7% · king  0.0% · crowned  0.0% (median year 66) · 3.0s
try  5 · gen   22 · best    117.6 · elite     46.1 · median    -19.1 · years  60.7 · road 0.39 · starved  1544 · nobles  -9.2 · read 115.5 · walls  7.3 · fell 73.2% (mother 30.0%) · prince  8.4% · king  0.4% · crowned  0.0% (median year 92) · 3.0s
try  6 · gen   22 · best    129.4 · elite     80.4 · median     -0.7 · years  71.4 · road 0.42 · starved  1483 · nobles -11.2 · read 144.9 · walls  6.0 · fell 60.4% (mother 27.6%) · prince  4.1% · king  0.2% · crowned  0.0% (median year 82) · 3.0s
try  7 · gen   22 · best    428.2 · elite    108.5 · median     24.8 · years  76.7 · road 0.42 · starved  1141 · nobles -14.3 · read 110.0 · walls  6.3 · fell 53.6% (mother 19.3%) · prince  2.3% · king  0.9% · crowned  0.4% (median year 69) · 3.0s
try  8 · gen   22 · best    832.9 · elite    253.6 · median     12.1 · years  44.9 · road 0.36 · starved  1452 · nobles  -2.1 · read 60.8 · walls  4.7 · fell 87.3% (mother 29.4%) · prince 17.3% · king  9.5% · crowned  5.9% (median year 67) · 3.0s
try  1 · gen   23 · best    125.5 · elite     73.5 · median     -0.9 · years  65.3 · road 0.40 · starved  1264 · nobles -12.1 · read 125.7 · walls  4.7 · fell 67.5% (mother 17.1%) · prince  0.0% · king  0.0% · crowned  0.0% · 2.9s
try  2 · gen   23 · best    112.6 · elite     64.7 · median     -1.0 · years  71.6 · road 0.39 · starved  1275 · nobles -12.9 · read 174.3 · walls  6.3 · fell 60.3% (mother 24.0%) · prince  0.3% · king  0.0% · crowned  0.0% · 2.9s
try  3 · gen   23 · best    206.4 · elite     62.9 · median    -19.1 · years  61.2 · road 0.36 · starved  1584 · nobles  -8.0 · read 104.5 · walls  5.9 · fell 77.9% (mother 24.0%) · prince  7.0% · king  1.4% · crowned  0.3% (median year 85) · 2.9s
try  4 · gen   23 · best    113.6 · elite     48.4 · median    -16.1 · years  59.8 · road 0.36 · starved  1305 · nobles  -7.7 · read 108.2 · walls  7.0 · fell 76.6% (mother 23.4%) · prince  0.9% · king  0.0% · crowned  0.0% (median year 98) · 2.9s
try  5 · gen   23 · best     99.9 · elite     53.2 · median    -13.7 · years  62.5 · road 0.39 · starved  1509 · nobles  -9.4 · read 118.7 · walls  7.2 · fell 71.1% (mother 29.0%) · prince  8.9% · king  0.3% · crowned  0.0% (median year 92) · 2.9s
try  6 · gen   23 · best    176.1 · elite     75.4 · median     -0.7 · years  68.9 · road 0.42 · starved  1488 · nobles -10.5 · read 131.5 · walls  6.0 · fell 63.5% (mother 27.3%) · prince  5.4% · king  0.3% · crowned  0.0% (median year 77) · 2.8s
try  7 · gen   23 · best    303.5 · elite    119.7 · median     29.7 · years  74.2 · road 0.42 · starved  1236 · nobles -13.8 · read 103.4 · walls  6.6 · fell 56.2% (mother 20.8%) · prince  3.5% · king  1.7% · crowned  0.9% (median year 66) · 2.9s
try  8 · gen   23 · best    646.3 · elite    318.1 · median     33.8 · years  41.4 · road 0.36 · starved  1399 · nobles  -0.4 · read 52.9 · walls  4.2 · fell 84.5% (mother 31.8%) · prince 19.8% · king 11.5% · crowned  8.0% (median year 58) · 2.9s
try  1 · gen   24 · best    148.8 · elite     78.3 · median     -9.4 · years  60.7 · road 0.37 · starved  1236 · nobles -10.2 · read 107.1 · walls  3.8 · fell 71.5% (mother 14.4%) · prince  0.0% · king  0.0% · crowned  0.0% · 2.8s
try  2 · gen   24 · best    125.1 · elite     65.8 · median      0.2 · years  70.6 · road 0.39 · starved  1260 · nobles -12.8 · read 166.9 · walls  6.2 · fell 61.8% (mother 25.7%) · prince  0.4% · king  0.0% · crowned  0.0% · 2.8s
try  3 · gen   24 · best    212.2 · elite     67.1 · median    -16.7 · years  60.0 · road 0.37 · starved  1527 · nobles  -7.7 · read 95.9 · walls  6.1 · fell 79.0% (mother 30.0%) · prince  6.8% · king  1.6% · crowned  0.5% (median year 79) · 2.8s
try  4 · gen   24 · best    100.9 · elite     50.9 · median    -11.8 · years  59.1 · road 0.36 · starved  1264 · nobles  -7.7 · read 105.6 · walls  6.7 · fell 78.0% (mother 26.2%) · prince  1.1% · king  0.0% · crowned  0.0% (median year 100) · 2.8s
try  5 · gen   24 · best     97.4 · elite     55.6 · median     -9.9 · years  63.9 · road 0.40 · starved  1513 · nobles  -9.3 · read 123.5 · walls  7.4 · fell 70.6% (mother 27.6%) · prince 10.5% · king  0.3% · crowned  0.0% (median year 84) · 2.8s
try  6 · gen   24 · best    139.4 · elite     83.3 · median      5.2 · years  69.4 · road 0.43 · starved  1445 · nobles -10.7 · read 126.2 · walls  6.2 · fell 65.6% (mother 28.5%) · prince  5.7% · king  0.4% · crowned  0.0% (median year 80) · 2.9s
try  7 · gen   24 · best    326.2 · elite    124.5 · median     28.9 · years  67.0 · road 0.42 · starved  1400 · nobles -11.9 · read 89.4 · walls  6.7 · fell 65.0% (mother 24.6%) · prince  6.6% · king  3.6% · crowned  1.7% (median year 63) · 2.8s
try  8 · gen   24 · best    759.1 · elite    378.5 · median     77.3 · years  39.2 · road 0.39 · starved  1305 · nobles  +0.3 · read 47.7 · walls  3.7 · fell 78.4% (mother 29.6%) · prince 24.9% · king 15.2% · crowned 10.4% (median year 49) · 2.8s
try  1 · gen   25 · best    149.7 · elite     73.6 · median     -6.7 · years  58.7 · road 0.36 · starved  1132 · nobles  -9.2 · read 97.1 · walls  3.6 · fell 73.9% (mother 16.4%) · prince  0.1% · king  0.0% · crowned  0.0% · 2.7s
try  2 · gen   25 · best    104.0 · elite     67.1 · median      0.1 · years  69.7 · road 0.39 · starved  1268 · nobles -12.7 · read 161.0 · walls  6.3 · fell 62.9% (mother 26.1%) · prince  0.6% · king  0.0% · crowned  0.0% · 2.7s
try  3 · gen   25 · best    302.8 · elite     86.9 · median     -7.1 · years  60.1 · road 0.38 · starved  1619 · nobles  -7.8 · read 93.8 · walls  5.9 · fell 79.8% (mother 29.4%) · prince  9.2% · king  2.6% · crowned  1.1% (median year 75) · 2.7s
try  4 · gen   25 · best    130.9 · elite     57.3 · median     -7.9 · years  63.1 · road 0.37 · starved  1243 · nobles  -9.1 · read 113.1 · walls  6.8 · fell 73.5% (mother 23.6%) · prince  1.0% · king  0.0% · crowned  0.0% · 2.7s
try  5 · gen   25 · best    122.7 · elite     63.5 · median     -8.2 · years  64.0 · road 0.41 · starved  1523 · nobles  -9.6 · read 125.2 · walls  7.4 · fell 72.2% (mother 31.5%) · prince 10.6% · king  0.4% · crowned  0.0% (median year 75) · 2.7s
try  6 · gen   25 · best    173.0 · elite     90.3 · median     12.4 · years  70.4 · road 0.44 · starved  1378 · nobles -11.2 · read 127.7 · walls  6.3 · fell 64.6% (mother 31.0%) · prince  6.2% · king  0.3% · crowned  0.0% (median year 93) · 2.7s
try  7 · gen   25 · best    541.8 · elite    147.3 · median     18.5 · years  57.1 · road 0.40 · starved  1938 · nobles  -9.4 · read 73.2 · walls  6.0 · fell 76.5% (mother 33.6%) · prince  8.1% · king  4.6% · crowned  2.5% (median year 59) · 2.7s
try  8 · gen   25 · best    751.4 · elite    406.6 · median     82.7 · years  36.5 · road 0.38 · starved  1266 · nobles  +0.7 · read 41.6 · walls  3.5 · fell 77.9% (mother 29.1%) · prince 23.2% · king 15.6% · crowned 10.9% (median year 47) · 2.7s
try  1 · gen   26 · best    140.6 · elite     74.7 · median     -5.3 · years  58.2 · road 0.37 · starved  1087 · nobles  -9.3 · read 91.1 · walls  4.1 · fell 75.0% (mother 19.5%) · prince  0.1% · king  0.0% · crowned  0.0% · 2.7s
try  2 · gen   26 · best    137.8 · elite     67.5 · median      3.0 · years  69.2 · road 0.39 · starved  1192 · nobles -12.8 · read 154.7 · walls  6.7 · fell 61.8% (mother 25.4%) · prince  0.4% · king  0.0% · crowned  0.0% · 2.7s
try  3 · gen   26 · best    408.3 · elite    123.3 · median     -5.6 · years  53.8 · road 0.38 · starved  1835 · nobles  -5.7 · read 82.1 · walls  4.8 · fell 85.1% (mother 30.9%) · prince 13.6% · king  4.7% · crowned  2.1% (median year 69) · 2.7s
try  4 · gen   26 · best    116.0 · elite     63.8 · median     -1.7 · years  68.8 · road 0.37 · starved  1246 · nobles -10.5 · read 124.7 · walls  6.8 · fell 65.1% (mother 20.6%) · prince  0.6% · king  0.0% · crowned  0.0% · 2.7s
try  5 · gen   26 · best    177.0 · elite     63.2 · median     -0.8 · years  65.2 · road 0.41 · starved  1513 · nobles  -9.5 · read 127.6 · walls  7.2 · fell 71.5% (mother 27.5%) · prince 11.5% · king  0.7% · crowned  0.1% (median year 77) · 2.7s
try  6 · gen   26 · best    130.2 · elite     87.8 · median     14.8 · years  71.6 · road 0.44 · starved  1369 · nobles -11.5 · read 130.3 · walls  6.5 · fell 63.8% (mother 30.4%) · prince  5.6% · king  0.3% · crowned  0.0% (median year 79) · 2.7s
try  7 · gen   26 · best    543.7 · elite    168.2 · median     18.1 · years  51.7 · road 0.40 · starved  1859 · nobles  -7.7 · read 65.1 · walls  5.7 · fell 81.1% (mother 33.9%) · prince 10.6% · king  6.1% · crowned  3.6% (median year 58) · 2.7s
try  8 · gen   26 · best    618.7 · elite    386.6 · median     89.9 · years  34.1 · road 0.38 · starved  1227 · nobles  +0.7 · read 39.8 · walls  3.3 · fell 78.0% (mother 30.3%) · prince 23.2% · king 15.8% · crowned 11.1% (median year 44) · 2.7s
try  1 · gen   27 · best    127.5 · elite     69.0 · median     -5.5 · years  57.0 · road 0.38 · starved  1148 · nobles  -8.9 · read 80.1 · walls  4.2 · fell 75.5% (mother 18.3%) · prince  0.1% · king  0.0% · crowned  0.0% (median year 93) · 2.7s
try  2 · gen   27 · best    114.5 · elite     67.8 · median      6.4 · years  68.3 · road 0.39 · starved  1167 · nobles -12.8 · read 146.2 · walls  6.6 · fell 62.4% (mother 26.6%) · prince  0.5% · king  0.0% · crowned  0.0% · 2.7s
try  3 · gen   27 · best    454.7 · elite    209.3 · median     -1.3 · years  46.8 · road 0.38 · starved  1817 · nobles  -3.8 · read 66.4 · walls  3.5 · fell 87.9% (mother 34.9%) · prince 17.0% · king  7.7% · crowned  4.1% (median year 62) · 2.7s
try  4 · gen   27 · best    128.1 · elite     69.1 · median      0.8 · years  70.8 · road 0.38 · starved  1213 · nobles -11.1 · read 118.6 · walls  6.8 · fell 62.1% (mother 17.8%) · prince  0.5% · king  0.0% · crowned  0.0% · 2.7s
try  5 · gen   27 · best    175.9 · elite     75.5 · median      2.5 · years  64.4 · road 0.42 · starved  1536 · nobles -10.4 · read 124.8 · walls  7.1 · fell 73.5% (mother 29.5%) · prince 12.1% · king  1.2% · crowned  0.3% (median year 71) · 2.7s
try  6 · gen   27 · best    158.2 · elite     99.0 · median     25.0 · years  74.9 · road 0.45 · starved  1266 · nobles -12.5 · read 134.3 · walls  6.8 · fell 58.5% (mother 27.3%) · prince  4.0% · king  0.2% · crowned  0.0% (median year 82) · 2.7s
try  7 · gen   27 · best    358.6 · elite    169.0 · median     -3.4 · years  43.8 · road 0.38 · starved  1739 · nobles  -5.1 · read 51.8 · walls  4.7 · fell 88.5% (mother 41.3%) · prince 12.2% · king  6.8% · crowned  4.0% (median year 56) · 2.7s
try  8 · gen   27 · best    830.4 · elite    397.2 · median     88.7 · years  32.8 · road 0.37 · starved  1255 · nobles  +0.7 · read 37.2 · walls  3.4 · fell 77.5% (mother 29.0%) · prince 22.2% · king 15.7% · crowned 11.2% (median year 42) · 2.7s
try  1 · gen   28 · best    161.1 · elite     66.5 · median     -6.0 · years  57.0 · road 0.37 · starved  1114 · nobles  -8.8 · read 74.2 · walls  4.2 · fell 75.9% (mother 17.6%) · prince  0.0% · king  0.0% · crowned  0.0% · 2.8s
try  2 · gen   28 · best    138.9 · elite     72.7 · median      8.2 · years  68.7 · road 0.39 · starved  1139 · nobles -12.7 · read 143.5 · walls  6.9 · fell 61.3% (mother 25.2%) · prince  0.7% · king  0.0% · crowned  0.0% · 2.8s
try  3 · gen   28 · best    645.1 · elite    303.8 · median     22.5 · years  41.4 · road 0.38 · starved  1702 · nobles  -2.0 · read 54.2 · walls  2.1 · fell 86.7% (mother 30.3%) · prince 19.7% · king 12.1% · crowned  7.1% (median year 56) · 2.8s
try  4 · gen   28 · best    133.8 · elite     71.8 · median      4.7 · years  71.2 · road 0.38 · starved  1176 · nobles -11.5 · read 112.0 · walls  7.0 · fell 61.0% (mother 17.8%) · prince  0.2% · king  0.0% · crowned  0.0% · 2.8s
try  5 · gen   28 · best    340.9 · elite     85.2 · median      6.9 · years  61.2 · road 0.42 · starved  1578 · nobles  -9.8 · read 112.2 · walls  7.3 · fell 77.5% (mother 32.8%) · prince 13.1% · king  2.2% · crowned  0.6% (median year 66) · 2.8s
try  6 · gen   28 · best    230.5 · elite    110.1 · median     31.8 · years  78.0 · road 0.46 · starved  1101 · nobles -13.3 · read 142.7 · walls  7.0 · fell 53.3% (mother 23.8%) · prince  2.7% · king  0.3% · crowned  0.0% (median year 79) · 2.8s
try  7 · gen   28 · best    496.7 · elite    199.4 · median     -0.3 · years  41.4 · road 0.37 · starved  1751 · nobles  -4.4 · read 46.4 · walls  4.1 · fell 89.0% (mother 40.2%) · prince 13.4% · king  7.7% · crowned  4.8% (median year 55) · 2.8s
try  8 · gen   28 · best    765.4 · elite    411.3 · median     82.8 · years  31.9 · road 0.37 · starved  1189 · nobles  +0.7 · read 40.4 · walls  3.1 · fell 77.4% (mother 28.1%) · prince 22.5% · king 15.8% · crowned 11.3% (median year 41) · 2.8s
try  1 · gen   29 · best    101.3 · elite     60.5 · median     -6.5 · years  55.8 · road 0.37 · starved  1107 · nobles  -8.4 · read 66.5 · walls  4.4 · fell 77.2% (mother 21.9%) · prince  0.1% · king  0.0% · crowned  0.0% (median year 82) · 2.8s
try  2 · gen   29 · best    127.9 · elite     74.5 · median      8.9 · years  67.8 · road 0.40 · starved  1181 · nobles -12.7 · read 142.9 · walls  6.8 · fell 62.7% (mother 26.7%) · prince  0.9% · king  0.0% · crowned  0.0% · 2.8s
try  3 · gen   29 · best    687.3 · elite    306.9 · median     30.4 · years  39.4 · road 0.37 · starved  1559 · nobles  -0.9 · read 47.4 · walls  1.8 · fell 86.6% (mother 26.5%) · prince 18.6% · king 11.9% · crowned  7.8% (median year 55) · 2.8s
try  4 · gen   29 · best    137.1 · elite     81.6 · median     11.4 · years  75.7 · road 0.40 · starved  1217 · nobles -13.4 · read 123.9 · walls  7.3 · fell 55.8% (mother 19.4%) · prince  0.2% · king  0.0% · crowned  0.0% (median year 98) · 2.8s
try  5 · gen   29 · best    244.7 · elite    107.5 · median     13.6 · years  57.4 · road 0.43 · starved  1559 · nobles  -9.1 · read 101.0 · walls  7.4 · fell 81.6% (mother 37.4%) · prince 15.3% · king  4.0% · crowned  1.3% (median year 64) · 2.8s
try  6 · gen   29 · best    180.9 · elite    116.5 · median     42.4 · years  79.9 · road 0.46 · starved   973 · nobles -13.5 · read 146.1 · walls  7.1 · fell 50.1% (mother 20.1%) · prince  2.4% · king  0.4% · crowned  0.1% (median year 86) · 2.8s
try  7 · gen   29 · best    501.2 · elite    215.3 · median     -3.7 · years  38.1 · road 0.35 · starved  1697 · nobles  -3.0 · read 44.4 · walls  3.2 · fell 91.8% (mother 40.7%) · prince 14.9% · king  8.4% · crowned  5.4% (median year 53) · 2.8s
try  8 · gen   29 · best    697.5 · elite    402.8 · median     80.1 · years  30.4 · road 0.37 · starved  1176 · nobles  +0.0 · read 37.7 · walls  3.0 · fell 78.1% (mother 32.2%) · prince 21.7% · king 15.4% · crowned 10.7% (median year 39) · 2.8s
try  1 · gen   30 · best    119.7 · elite     59.5 · median     -6.7 · years  56.7 · road 0.37 · starved  1097 · nobles  -8.0 · read 64.9 · walls  4.8 · fell 76.0% (mother 19.7%) · prince  0.0% · king  0.0% · crowned  0.0% · 2.7s
try  2 · gen   30 · best    108.9 · elite     65.4 · median      8.4 · years  65.9 · road 0.40 · starved  1142 · nobles -12.6 · read 131.3 · walls  6.9 · fell 65.0% (mother 30.2%) · prince  0.8% · king  0.0% · crowned  0.0% · 2.7s
try  3 · gen   30 · best    582.2 · elite    300.2 · median     35.5 · years  38.0 · road 0.36 · starved  1436 · nobles  -0.5 · read 46.6 · walls  1.6 · fell 86.8% (mother 24.4%) · prince 17.9% · king 11.7% · crowned  8.0% (median year 55) · 2.7s
try  4 · gen   30 · best    128.2 · elite     85.7 · median     16.2 · years  75.2 · road 0.40 · starved  1158 · nobles -13.5 · read 122.9 · walls  7.1 · fell 58.2% (mother 21.2%) · prince  0.2% · king  0.0% · crowned  0.0% · 2.7s
try  5 · gen   30 · best    334.4 · elite    147.0 · median     15.5 · years  51.0 · road 0.41 · starved  1468 · nobles  -6.0 · read 83.3 · walls  7.1 · fell 85.8% (mother 34.2%) · prince 18.0% · king  6.1% · crowned  2.4% (median year 65) · 2.7s
try  6 · gen   30 · best    191.0 · elite    115.2 · median     41.8 · years  77.8 · road 0.45 · starved   969 · nobles -13.6 · read 132.9 · walls  7.1 · fell 52.5% (mother 20.0%) · prince  3.0% · king  0.7% · crowned  0.1% (median year 82) · 2.7s
try  7 · gen   30 · best    444.8 · elite    225.4 · median      5.6 · years  37.3 · road 0.35 · starved  1653 · nobles  -2.3 · read 44.5 · walls  3.1 · fell 91.6% (mother 41.3%) · prince 15.9% · king  9.2% · crowned  5.9% (median year 53) · 2.7s
try  8 · gen   30 · best    736.6 · elite    417.4 · median     80.2 · years  28.8 · road 0.36 · starved  1115 · nobles  +0.1 · read 36.9 · walls  2.8 · fell 78.4% (mother 31.9%) · prince 21.5% · king 15.5% · crowned 11.0% (median year 37) · 2.7s
try  1 · gen   31 · best    105.2 · elite     61.2 · median     -8.3 · years  57.2 · road 0.37 · starved  1187 · nobles  -8.2 · read 67.2 · walls  5.1 · fell 77.0% (mother 22.1%) · prince  0.0% · king  0.0% · crowned  0.0% · 2.7s
try  2 · gen   31 · best    137.3 · elite     72.9 · median     11.1 · years  63.5 · road 0.41 · starved  1091 · nobles -12.4 · read 118.4 · walls  6.8 · fell 67.8% (mother 31.4%) · prince  0.7% · king  0.0% · crowned  0.0% · 2.7s
try  3 · gen   31 · best    611.0 · elite    265.6 · median     30.6 · years  37.6 · road 0.36 · starved  1504 · nobles  -0.4 · read 42.7 · walls  1.5 · fell 87.8% (mother 25.2%) · prince 16.9% · king 11.0% · crowned  7.5% (median year 55) · 2.7s
try  4 · gen   31 · best    143.9 · elite     90.3 · median     20.1 · years  75.6 · road 0.40 · starved  1174 · nobles -13.7 · read 120.6 · walls  6.7 · fell 56.1% (mother 18.0%) · prince  0.3% · king  0.0% · crowned  0.0% · 2.7s
try  5 · gen   31 · best    385.2 · elite    182.5 · median     16.5 · years  46.9 · road 0.40 · starved  1383 · nobles  -4.2 · read 77.5 · walls  6.7 · fell 87.8% (mother 36.7%) · prince 17.5% · king  7.3% · crowned  3.6% (median year 64) · 2.7s
try  6 · gen   31 · best    226.0 · elite    107.8 · median     40.6 · years  75.3 · road 0.46 · starved  1029 · nobles -12.7 · read 123.9 · walls  6.9 · fell 57.2% (mother 23.3%) · prince  4.3% · king  0.9% · crowned  0.2% (median year 83) · 2.7s
try  7 · gen   31 · best    683.6 · elite    228.3 · median      4.7 · years  36.6 · road 0.36 · starved  1795 · nobles  -2.5 · read 42.4 · walls  2.9 · fell 91.2% (mother 42.3%) · prince 16.3% · king  9.4% · crowned  6.2% (median year 51) · 2.7s
try  8 · gen   31 · best    854.1 · elite    438.1 · median     93.9 · years  28.1 · road 0.36 · starved  1081 · nobles  +0.2 · read 33.6 · walls  2.6 · fell 76.6% (mother 28.5%) · prince 21.0% · king 15.7% · crowned 11.6% (median year 36) · 2.7s
try  1 · gen   32 · best    110.1 · elite     59.7 · median     -6.9 · years  56.9 · road 0.37 · starved  1155 · nobles  -8.1 · read 58.1 · walls  5.2 · fell 76.9% (mother 20.6%) · prince  0.0% · king  0.0% · crowned  0.0% · 2.8s
try  2 · gen   32 · best    155.5 · elite     75.3 · median     11.9 · years  61.2 · road 0.41 · starved  1045 · nobles -11.7 · read 114.9 · walls  6.7 · fell 70.9% (mother 32.7%) · prince  1.1% · king  0.0% · crowned  0.0% · 2.8s
try  3 · gen   32 · best    661.9 · elite    274.8 · median     32.9 · years  37.2 · road 0.36 · starved  1518 · nobles  -0.6 · read 40.5 · walls  1.5 · fell 87.3% (mother 25.0%) · prince 17.3% · king 11.7% · crowned  7.7% (median year 55) · 2.8s
try  4 · gen   32 · best    141.4 · elite     95.5 · median     26.2 · years  80.1 · road 0.41 · starved  1042 · nobles -14.7 · read 128.0 · walls  6.3 · fell 49.9% (mother 17.9%) · prince  0.2% · king  0.0% · crowned  0.0% (median year 89) · 2.8s
try  5 · gen   32 · best    484.0 · elite    224.3 · median     28.5 · years  44.9 · road 0.40 · starved  1310 · nobles  -3.7 · read 76.3 · walls  5.7 · fell 88.4% (mother 31.9%) · prince 18.0% · king  9.0% · crowned  5.2% (median year 62) · 2.8s
try  6 · gen   32 · best    311.3 · elite    115.5 · median     38.1 · years  72.4 · road 0.46 · starved  1056 · nobles -12.0 · read 116.3 · walls  6.7 · fell 62.4% (mother 24.5%) · prince  6.3% · king  1.4% · crowned  0.5% (median year 79) · 2.8s
try  7 · gen   32 · best    880.5 · elite    250.4 · median     10.3 · years  35.7 · road 0.36 · starved  1630 · nobles  -2.5 · read 44.0 · walls  2.7 · fell 90.5% (mother 42.8%) · prince 16.4% · king  9.6% · crowned  6.5% (median year 49) · 2.8s
try  8 · gen   32 · best    741.8 · elite    400.1 · median     97.9 · years  26.8 · road 0.37 · starved  1075 · nobles  -0.0 · read 32.7 · walls  2.8 · fell 77.7% (mother 31.2%) · prince 20.8% · king 15.4% · crowned 11.2% (median year 34) · 2.8s
try  1 · gen   33 · best    108.6 · elite     56.1 · median     -9.2 · years  56.8 · road 0.38 · starved  1207 · nobles  -7.6 · read 55.9 · walls  5.5 · fell 78.0% (mother 22.3%) · prince  0.0% · king  0.0% · crowned  0.0% · 2.7s
try  2 · gen   33 · best    142.8 · elite     86.9 · median     19.2 · years  62.1 · road 0.41 · starved   977 · nobles -11.5 · read 119.5 · walls  6.7 · fell 69.9% (mother 29.7%) · prince  1.8% · king  0.1% · crowned  0.0% (median year 91) · 2.7s
try  3 · gen   33 · best    632.0 · elite    283.0 · median     31.0 · years  35.8 · road 0.35 · starved  1457 · nobles  -0.3 · read 37.4 · walls  1.3 · fell 87.4% (mother 25.1%) · prince 16.9% · king 11.5% · crowned  7.8% (median year 52) · 2.6s
try  4 · gen   33 · best    161.1 · elite     99.5 · median     33.0 · years  82.7 · road 0.41 · starved   908 · nobles -15.0 · read 129.1 · walls  6.3 · fell 45.1% (mother 15.9%) · prince  0.0% · king  0.0% · crowned  0.0% · 2.6s
try  5 · gen   33 · best    531.0 · elite    245.2 · median     38.3 · years  42.3 · road 0.39 · starved  1263 · nobles  -2.6 · read 71.2 · walls  5.1 · fell 88.4% (mother 32.3%) · prince 17.6% · king 10.1% · crowned  6.5% (median year 60) · 2.6s
try  6 · gen   33 · best    365.9 · elite    141.0 · median     38.1 · years  67.0 · road 0.46 · starved  1165 · nobles -10.0 · read 104.2 · walls  6.2 · fell 70.7% (mother 25.0%) · prince  9.8% · king  3.0% · crowned  1.1% (median year 73) · 2.7s
try  7 · gen   33 · best    588.2 · elite    255.5 · median     14.1 · years  34.5 · road 0.36 · starved  1667 · nobles  -2.6 · read 42.1 · walls  2.5 · fell 90.3% (mother 47.8%) · prince 16.6% · king  9.7% · crowned  6.5% (median year 47) · 2.6s
try  8 · gen   33 · best    643.7 · elite    406.8 · median    105.9 · years  25.8 · road 0.36 · starved  1019 · nobles  +0.4 · read 29.1 · walls  2.6 · fell 76.4% (mother 28.9%) · prince 20.7% · king 15.6% · crowned 11.9% (median year 34) · 2.7s
try  1 · gen   34 · best    132.7 · elite     54.2 · median     -9.4 · years  57.2 · road 0.37 · starved  1201 · nobles  -7.4 · read 53.8 · walls  5.6 · fell 77.2% (mother 21.7%) · prince  0.0% · king  0.0% · crowned  0.0% · 2.6s
try  2 · gen   34 · best    131.9 · elite     86.1 · median     22.4 · years  61.4 · road 0.41 · starved   964 · nobles -11.2 · read 118.5 · walls  6.9 · fell 71.0% (mother 29.8%) · prince  2.2% · king  0.1% · crowned  0.0% (median year 94) · 2.7s
try  3 · gen   34 · best    533.1 · elite    284.6 · median     36.8 · years  34.8 · road 0.35 · starved  1567 · nobles  +0.2 · read 31.8 · walls  1.4 · fell 87.6% (mother 25.5%) · prince 16.5% · king 11.5% · crowned  8.0% (median year 51) · 2.7s
try  4 · gen   34 · best    128.7 · elite     98.7 · median     38.1 · years  83.8 · road 0.41 · starved   883 · nobles -15.2 · read 128.0 · walls  6.4 · fell 43.2% (mother 13.0%) · prince  0.0% · king  0.0% · crowned  0.0% · 2.7s
try  5 · gen   34 · best    509.8 · elite    263.1 · median     52.6 · years  42.3 · road 0.39 · starved  1184 · nobles  -2.6 · read 71.7 · walls  4.2 · fell 87.4% (mother 30.5%) · prince 17.9% · king 10.8% · crowned  7.4% (median year 59) · 2.7s
try  6 · gen   34 · best    422.4 · elite    184.1 · median     34.8 · years  57.0 · road 0.45 · starved  1463 · nobles  -5.4 · read 77.2 · walls  5.4 · fell 82.7% (mother 26.0%) · prince 16.8% · king  5.6% · crowned  2.8% (median year 67) · 2.7s
try  7 · gen   34 · best    602.8 · elite    299.1 · median     31.3 · years  34.3 · road 0.36 · starved  1633 · nobles  -2.2 · read 40.3 · walls  2.4 · fell 88.4% (mother 41.6%) · prince 18.1% · king 10.6% · crowned  7.6% (median year 46) · 2.7s
try  8 · gen   34 · best    742.7 · elite    449.3 · median    100.2 · years  24.5 · road 0.36 · starved   984 · nobles  +0.8 · read 25.0 · walls  2.4 · fell 76.5% (mother 30.1%) · prince 20.3% · king 15.6% · crowned 12.4% (median year 33) · 2.7s
try  1 · gen   35 · best    179.1 · elite     55.8 · median     -8.2 · years  57.4 · road 0.37 · starved  1177 · nobles  -7.7 · read 52.9 · walls  5.2 · fell 77.3% (mother 20.3%) · prince  0.0% · king  0.0% · crowned  0.0% · 2.7s
try  2 · gen   35 · best    151.1 · elite     86.7 · median     23.5 · years  61.2 · road 0.41 · starved   979 · nobles -10.8 · read 117.9 · walls  7.1 · fell 71.2% (mother 30.3%) · prince  2.8% · king  0.0% · crowned  0.0% · 2.7s
try  3 · gen   35 · best    643.2 · elite    293.5 · median     45.4 · years  34.4 · road 0.35 · starved  1540 · nobles  +0.7 · read 30.9 · walls  1.3 · fell 86.8% (mother 26.5%) · prince 16.4% · king 11.8% · crowned  8.6% (median year 50) · 2.7s
try  4 · gen   35 · best    147.4 · elite    105.6 · median     42.1 · years  83.2 · road 0.42 · starved   841 · nobles -15.4 · read 115.8 · walls  6.3 · fell 44.0% (mother 13.0%) · prince  0.0% · king  0.0% · crowned  0.0% · 2.7s
try  5 · gen   35 · best    505.3 · elite    255.5 · median     41.6 · years  41.7 · road 0.39 · starved  1166 · nobles  -2.2 · read 66.7 · walls  4.0 · fell 88.6% (mother 29.5%) · prince 17.3% · king 10.1% · crowned  6.8% (median year 58) · 2.7s
try  6 · gen   35 · best    407.8 · elite    211.2 · median     30.4 · years  48.4 · road 0.45 · starved  1618 · nobles  -2.2 · read 57.9 · walls  4.8 · fell 88.7% (mother 30.0%) · prince 21.1% · king  7.1% · crowned  3.9% (median year 58) · 2.7s
try  7 · gen   35 · best    523.7 · elite    273.7 · median     35.0 · years  33.5 · road 0.37 · starved  1656 · nobles  -2.8 · read 36.1 · walls  2.3 · fell 88.9% (mother 44.2%) · prince 18.9% · king 10.7% · crowned  7.3% (median year 45) · 2.7s
try  8 · gen   35 · best    712.4 · elite    417.3 · median    103.0 · years  23.5 · road 0.36 · starved   995 · nobles  +0.7 · read 22.9 · walls  2.6 · fell 77.1% (mother 31.1%) · prince 20.0% · king 15.3% · crowned 12.3% (median year 32) · 2.7s
try  1 · gen   36 · best    112.8 · elite     53.2 · median     -9.2 · years  56.8 · road 0.36 · starved  1161 · nobles  -7.2 · read 53.5 · walls  4.9 · fell 77.5% (mother 20.1%) · prince  0.0% · king  0.0% · crowned  0.0% · 2.7s
try  2 · gen   36 · best    124.6 · elite     84.3 · median     25.4 · years  61.3 · road 0.41 · starved  1006 · nobles -10.5 · read 118.0 · walls  7.1 · fell 71.5% (mother 30.3%) · prince  2.8% · king  0.1% · crowned  0.0% (median year 92) · 2.7s
try  3 · gen   36 · best    614.8 · elite    300.8 · median     45.9 · years  33.6 · road 0.35 · starved  1357 · nobles  +0.5 · read 28.8 · walls  1.3 · fell 86.7% (mother 27.1%) · prince 16.2% · king 11.7% · crowned  8.8% (median year 50) · 2.7s
try  4 · gen   36 · best    170.6 · elite    103.2 · median     42.5 · years  84.2 · road 0.43 · starved   867 · nobles -15.9 · read 114.5 · walls  6.6 · fell 42.6% (mother 14.3%) · prince  0.0% · king  0.0% · crowned  0.0% · 2.7s
try  5 · gen   36 · best    585.5 · elite    256.7 · median     42.0 · years  40.1 · road 0.38 · starved  1150 · nobles  -1.5 · read 61.3 · walls  3.7 · fell 89.3% (mother 28.7%) · prince 16.2% · king  9.6% · crowned  6.8% (median year 59) · 2.7s
try  6 · gen   36 · best    375.9 · elite    198.3 · median     23.9 · years  44.2 · road 0.43 · starved  1595 · nobles  -0.2 · read 54.2 · walls  4.7 · fell 90.8% (mother 31.2%) · prince 20.5% · king  6.6% · crowned  4.0% (median year 55) · 2.7s
try  7 · gen   36 · best    577.7 · elite    285.3 · median     36.8 · years  32.7 · road 0.38 · starved  2004 · nobles  -2.9 · read 31.3 · walls  2.2 · fell 88.1% (mother 46.4%) · prince 19.9% · king 11.2% · crowned  7.7% (median year 43) · 2.7s
try  8 · gen   36 · best    856.2 · elite    432.4 · median    116.0 · years  22.5 · road 0.36 · starved   960 · nobles  +0.9 · read 20.6 · walls  2.5 · fell 77.0% (mother 31.5%) · prince 19.6% · king 15.5% · crowned 12.6% (median year 31) · 2.7s
try  1 · gen   37 · best    108.2 · elite     54.9 · median     -7.6 · years  56.8 · road 0.37 · starved  1184 · nobles  -7.4 · read 52.5 · walls  5.0 · fell 78.2% (mother 22.9%) · prince  0.0% · king  0.0% · crowned  0.0% · 2.6s
try  2 · gen   37 · best    103.5 · elite     78.8 · median     24.9 · years  60.1 · road 0.41 · starved  1011 · nobles -10.3 · read 114.1 · walls  7.3 · fell 71.7% (mother 33.6%) · prince  2.9% · king  0.1% · crowned  0.0% (median year 93) · 2.6s
try  3 · gen   37 · best    537.4 · elite    336.9 · median     58.7 · years  33.0 · road 0.35 · starved  1201 · nobles  +0.1 · read 27.2 · walls  1.2 · fell 85.3% (mother 25.3%) · prince 17.4% · king 13.1% · crowned  9.7% (median year 48) · 2.6s
try  4 · gen   37 · best    153.0 · elite    103.2 · median     43.2 · years  84.3 · road 0.43 · starved   921 · nobles -16.1 · read 112.4 · walls  6.9 · fell 43.1% (mother 16.7%) · prince  0.0% · king  0.0% · crowned  0.0% · 2.6s
try  5 · gen   37 · best    390.9 · elite    246.5 · median     45.2 · years  39.1 · road 0.38 · starved  1150 · nobles  -0.8 · read 58.3 · walls  3.5 · fell 89.1% (mother 27.4%) · prince 16.6% · king 10.0% · crowned  7.2% (median year 58) · 2.6s
try  6 · gen   37 · best    484.9 · elite    226.0 · median     24.1 · years  42.2 · road 0.42 · starved  1597 · nobles  +0.4 · read 51.4 · walls  4.6 · fell 90.3% (mother 34.6%) · prince 20.4% · king  7.0% · crowned  4.5% (median year 53) · 2.6s
try  7 · gen   37 · best    526.1 · elite    299.0 · median     45.3 · years  32.2 · road 0.38 · starved  1635 · nobles  -2.4 · read 28.1 · walls  2.2 · fell 87.4% (mother 42.0%) · prince 20.9% · king 11.9% · crowned  8.0% (median year 42) · 2.6s
try  8 · gen   37 · best    752.9 · elite    454.5 · median    114.7 · years  22.5 · road 0.36 · starved   948 · nobles  +1.5 · read 20.8 · walls  2.3 · fell 75.9% (mother 28.3%) · prince 20.5% · king 16.2% · crowned 13.2% (median year 31) · 2.6s
try  1 · gen   38 · best    101.1 · elite     54.8 · median     -7.1 · years  58.3 · road 0.38 · starved  1200 · nobles  -7.6 · read 56.5 · walls  5.3 · fell 78.1% (mother 24.6%) · prince  0.0% · king  0.0% · crowned  0.0% · 2.7s
try  2 · gen   38 · best    131.1 · elite     85.3 · median     25.7 · years  61.2 · road 0.42 · starved  1029 · nobles -10.6 · read 118.6 · walls  7.4 · fell 71.2% (mother 32.7%) · prince  3.3% · king  0.1% · crowned  0.0% · 2.7s
try  3 · gen   38 · best    585.5 · elite    327.2 · median     57.0 · years  32.4 · road 0.35 · starved  1136 · nobles  -0.2 · read 27.0 · walls  1.3 · fell 85.4% (mother 26.7%) · prince 17.8% · king 13.5% · crowned  9.7% (median year 48) · 2.7s
try  4 · gen   38 · best    151.5 · elite    103.7 · median     38.5 · years  84.9 · road 0.45 · starved  1176 · nobles -16.7 · read 111.8 · walls  7.3 · fell 42.8% (mother 20.7%) · prince  0.0% · king  0.0% · crowned  0.0% · 2.7s
try  5 · gen   38 · best    522.7 · elite    254.6 · median     41.6 · years  37.4 · road 0.37 · starved  1122 · nobles  -0.7 · read 55.4 · walls  3.3 · fell 89.5% (mother 29.8%) · prince 16.4% · king  9.9% · crowned  7.2% (median year 57) · 2.7s
try  6 · gen   38 · best    444.9 · elite    189.0 · median     17.5 · years  40.1 · road 0.41 · starved  1629 · nobles  +1.6 · read 48.7 · walls  4.2 · fell 91.4% (mother 37.8%) · prince 20.1% · king  6.1% · crowned  3.9% (median year 52) · 2.7s
try  7 · gen   38 · best    566.9 · elite    329.5 · median     70.1 · years  31.3 · road 0.38 · starved  1420 · nobles  -0.7 · read 22.9 · walls  2.2 · fell 85.3% (mother 38.8%) · prince 21.9% · king 12.8% · crowned  9.3% (median year 41) · 2.7s
try  8 · gen   38 · best    780.6 · elite    441.9 · median    112.5 · years  22.2 · road 0.36 · starved   915 · nobles  +0.5 · read 21.7 · walls  2.2 · fell 77.9% (mother 30.0%) · prince 19.6% · king 15.7% · crowned 12.6% (median year 30) · 2.7s
try  1 · gen   39 · best    112.0 · elite     56.6 · median     -2.4 · years  60.8 · road 0.39 · starved  1266 · nobles  -8.2 · read 56.6 · walls  6.0 · fell 77.3% (mother 28.3%) · prince  0.0% · king  0.0% · crowned  0.0% · 2.6s
try  2 · gen   39 · best    138.0 · elite     87.5 · median     26.0 · years  61.0 · road 0.42 · starved  1013 · nobles -10.6 · read 115.4 · walls  7.6 · fell 70.0% (mother 32.7%) · prince  2.9% · king  0.1% · crowned  0.0% (median year 89) · 2.6s
try  3 · gen   39 · best    631.1 · elite    341.8 · median     61.0 · years  31.6 · road 0.34 · starved  1092 · nobles  -0.3 · read 26.2 · walls  1.3 · fell 85.4% (mother 27.6%) · prince 18.0% · king 13.5% · crowned 10.0% (median year 47) · 2.6s
try  4 · gen   39 · best    163.0 · elite    110.3 · median     41.9 · years  86.6 · road 0.45 · starved  1113 · nobles -17.1 · read 113.6 · walls  7.4 · fell 40.1% (mother 20.2%) · prince  0.1% · king  0.0% · crowned  0.0% · 2.6s
try  5 · gen   39 · best    650.5 · elite    256.1 · median     46.5 · years  37.0 · road 0.37 · starved  1114 · nobles  -0.1 · read 55.1 · walls  3.4 · fell 89.3% (mother 28.6%) · prince 16.5% · king  9.9% · crowned  7.4% (median year 54) · 2.6s
try  6 · gen   39 · best    642.5 · elite    197.5 · median     15.1 · years  39.0 · road 0.40 · starved  1714 · nobles  +2.4 · read 48.3 · walls  3.8 · fell 91.7% (mother 39.7%) · prince 20.0% · king  6.2% · crowned  4.1% (median year 50) · 2.6s
try  7 · gen   39 · best    656.2 · elite    351.8 · median     69.3 · years  30.2 · road 0.38 · starved  1327 · nobles  -0.2 · read 20.8 · walls  2.3 · fell 84.6% (mother 37.9%) · prince 21.7% · king 13.2% · crowned  9.9% (median year 40) · 2.6s
try  8 · gen   39 · best    717.4 · elite    445.5 · median    113.1 · years  21.8 · road 0.36 · starved   887 · nobles  +0.1 · read 21.8 · walls  2.2 · fell 77.9% (mother 29.4%) · prince 20.2% · king 16.2% · crowned 12.5% (median year 30) · 2.6s
try  1 · gen   40 · best    102.2 · elite     62.6 · median     -0.2 · years  63.1 · road 0.40 · starved  1301 · nobles  -8.0 · read 56.5 · walls  6.7 · fell 76.5% (mother 27.2%) · prince  0.0% · king  0.0% · crowned  0.0% · 2.7s
try  2 · gen   40 · best    121.8 · elite     85.2 · median     28.3 · years  62.2 · road 0.42 · starved  1001 · nobles -11.1 · read 117.7 · walls  7.8 · fell 68.3% (mother 33.4%) · prince  2.4% · king  0.1% · crowned  0.0% (median year 78) · 2.7s
try  3 · gen   40 · best    597.9 · elite    322.0 · median     66.0 · years  30.5 · road 0.34 · starved  1052 · nobles  -0.8 · read 22.2 · walls  1.2 · fell 85.3% (mother 29.0%) · prince 17.9% · king 13.6% · crowned 10.0% (median year 46) · 2.7s
try  4 · gen   40 · best    158.6 · elite    112.9 · median     42.2 · years  86.6 · road 0.46 · starved  1115 · nobles -17.2 · read 105.0 · walls  7.1 · fell 39.8% (mother 19.5%) · prince  0.0% · king  0.0% · crowned  0.0% · 2.7s
try  5 · gen   40 · best    471.8 · elite    262.7 · median     39.3 · years  35.3 · road 0.36 · starved  1128 · nobles  +0.7 · read 53.8 · walls  3.0 · fell 89.9% (mother 30.9%) · prince 15.8% · king  9.4% · crowned  7.3% (median year 53) · 2.7s
try  6 · gen   40 · best    741.9 · elite    269.4 · median     30.6 · years  37.5 · road 0.40 · starved  1552 · nobles  +2.5 · read 44.8 · walls  3.8 · fell 89.0% (mother 38.7%) · prince 20.9% · king  8.1% · crowned  5.8% (median year 49) · 2.7s
try  7 · gen   40 · best    621.1 · elite    344.6 · median     61.8 · years  29.8 · road 0.37 · starved  1436 · nobles  +0.4 · read 21.1 · walls  2.0 · fell 85.7% (mother 39.0%) · prince 21.2% · king 12.5% · crowned  9.3% (median year 41) · 2.7s
try  8 · gen   40 · best    737.7 · elite    448.4 · median    106.8 · years  22.2 · road 0.37 · starved   908 · nobles  -0.4 · read 22.2 · walls  2.2 · fell 78.8% (mother 27.2%) · prince 20.7% · king 16.1% · crowned 12.1% (median year 30) · 2.7s
try  1 · gen   41 · best    121.6 · elite     63.0 · median     -0.2 · years  65.3 · road 0.40 · starved  1320 · nobles  -7.2 · read 64.6 · walls  7.2 · fell 74.8% (mother 24.2%) · prince  0.1% · king  0.0% · crowned  0.0% · 2.6s
try  2 · gen   41 · best    142.3 · elite     89.7 · median     29.9 · years  63.4 · road 0.43 · starved   968 · nobles -11.5 · read 118.7 · walls  7.9 · fell 66.8% (mother 31.7%) · prince  2.1% · king  0.1% · crowned  0.0% (median year 97) · 2.6s
try  3 · gen   41 · best    667.1 · elite    324.7 · median     70.0 · years  29.8 · road 0.34 · starved  1058 · nobles  -0.9 · read 21.0 · walls  1.2 · fell 85.2% (mother 29.1%) · prince 17.9% · king 13.9% · crowned 10.3% (median year 45) · 2.6s
try  4 · gen   41 · best    154.7 · elite    113.6 · median     46.6 · years  86.7 · road 0.47 · starved  1109 · nobles -17.0 · read 106.0 · walls  7.1 · fell 39.2% (mother 18.3%) · prince  0.1% · king  0.0% · crowned  0.0% · 2.6s
try  5 · gen   41 · best    425.0 · elite    259.7 · median     48.6 · years  34.2 · road 0.36 · starved  1095 · nobles  +1.2 · read 52.2 · walls  2.8 · fell 89.0% (mother 30.9%) · prince 15.9% · king 10.2% · crowned  7.9% (median year 50) · 2.6s
try  6 · gen   41 · best    502.9 · elite    268.1 · median     31.4 · years  35.7 · road 0.39 · starved  1579 · nobles  +4.3 · read 41.2 · walls  3.0 · fell 89.2% (mother 39.8%) · prince 21.3% · king  8.0% · crowned  6.1% (median year 47) · 2.6s
try  7 · gen   41 · best    819.5 · elite    355.2 · median     78.8 · years  30.0 · road 0.37 · starved  1289 · nobles  +1.8 · read 18.8 · walls  1.9 · fell 84.0% (mother 34.3%) · prince 22.2% · king 13.0% · crowned 10.2% (median year 40) · 2.6s
try  8 · gen   41 · best    704.9 · elite    459.1 · median    124.8 · years  21.6 · road 0.37 · starved   875 · nobles  -0.4 · read 20.2 · walls  2.1 · fell 76.0% (mother 25.3%) · prince 21.6% · king 17.3% · crowned 12.8% (median year 29) · 2.6s
try  1 · gen   42 · best    132.3 · elite     62.9 · median     -0.7 · years  65.1 · road 0.40 · starved  1331 · nobles  -6.3 · read 60.6 · walls  7.4 · fell 75.4% (mother 23.3%) · prince  0.0% · king  0.0% · crowned  0.0% · 2.7s
try  2 · gen   42 · best    160.2 · elite     91.2 · median     34.0 · years  65.5 · road 0.43 · starved   946 · nobles -12.2 · read 122.2 · walls  8.3 · fell 65.5% (mother 31.0%) · prince  1.8% · king  0.0% · crowned  0.0% (median year 87) · 2.7s
try  3 · gen   42 · best    555.9 · elite    333.6 · median     72.4 · years  29.5 · road 0.35 · starved  1108 · nobles  -1.2 · read 19.5 · walls  1.3 · fell 85.5% (mother 28.9%) · prince 18.1% · king 13.9% · crowned 10.2% (median year 44) · 2.7s
try  4 · gen   42 · best    159.5 · elite    112.6 · median     46.5 · years  86.3 · road 0.47 · starved  1113 · nobles -16.6 · read 106.8 · walls  7.2 · fell 41.3% (mother 20.4%) · prince  0.1% · king  0.0% · crowned  0.0% · 2.7s
try  5 · gen   42 · best    526.4 · elite    270.2 · median     48.7 · years  32.6 · road 0.35 · starved  1096 · nobles  +0.4 · read 49.3 · walls  2.6 · fell 88.7% (mother 32.8%) · prince 16.0% · king 10.8% · crowned  8.1% (median year 47) · 2.7s
try  6 · gen   42 · best    584.7 · elite    262.4 · median     40.4 · years  34.5 · road 0.38 · starved  1471 · nobles  +5.3 · read 37.8 · walls  2.6 · fell 88.8% (mother 38.7%) · prince 21.1% · king  8.5% · crowned  6.6% (median year 47) · 2.7s
try  7 · gen   42 · best    555.7 · elite    346.7 · median     73.6 · years  29.3 · road 0.36 · starved  1212 · nobles  +2.3 · read 18.0 · walls  1.8 · fell 84.9% (mother 35.4%) · prince 22.0% · king 12.7% · crowned  9.9% (median year 40) · 2.7s
try  8 · gen   42 · best    799.5 · elite    476.3 · median    121.8 · years  21.4 · road 0.38 · starved   875 · nobles  -0.8 · read 18.9 · walls  2.1 · fell 75.4% (mother 26.0%) · prince 22.3% · king 17.7% · crowned 12.7% (median year 28) · 2.7s
try  1 · gen   43 · best    111.3 · elite     65.4 · median      1.7 · years  65.2 · road 0.41 · starved  1371 · nobles  -6.4 · read 65.7 · walls  7.4 · fell 76.2% (mother 23.5%) · prince  0.1% · king  0.0% · crowned  0.0% · 2.6s
try  2 · gen   43 · best    150.6 · elite     93.4 · median     34.4 · years  65.7 · road 0.44 · starved   949 · nobles -12.5 · read 121.1 · walls  8.3 · fell 65.9% (mother 31.4%) · prince  2.5% · king  0.1% · crowned  0.0% (median year 94) · 2.6s
try  3 · gen   43 · best    664.2 · elite    346.2 · median     82.3 · years  29.3 · road 0.35 · starved  1013 · nobles  -0.6 · read 18.5 · walls  1.3 · fell 83.9% (mother 26.8%) · prince 18.6% · king 14.4% · crowned 11.2% (median year 43) · 2.6s
try  4 · gen   43 · best    152.2 · elite    114.4 · median     48.1 · years  85.6 · road 0.47 · starved  1117 · nobles -16.0 · read 105.1 · walls  7.3 · fell 43.3% (mother 19.3%) · prince  0.1% · king  0.0% · crowned  0.0% · 2.6s
try  5 · gen   43 · best    622.2 · elite    273.9 · median     54.6 · years  31.3 · road 0.35 · starved  1044 · nobles  +0.9 · read 47.5 · walls  2.6 · fell 88.9% (mother 35.0%) · prince 15.7% · king 11.0% · crowned  8.3% (median year 47) · 2.6s
try  6 · gen   43 · best    651.7 · elite    319.1 · median     49.8 · years  34.0 · road 0.38 · starved  1376 · nobles  +4.5 · read 37.7 · walls  2.4 · fell 87.3% (mother 35.6%) · prince 21.7% · king 10.0% · crowned  7.5% (median year 45) · 2.6s
try  7 · gen   43 · best    493.1 · elite    331.9 · median     79.0 · years  29.2 · road 0.36 · starved  1483 · nobles  +2.7 · read 17.0 · walls  1.6 · fell 84.8% (mother 35.7%) · prince 22.0% · king 12.6% · crowned  9.8% (median year 40) · 2.6s
try  8 · gen   43 · best    712.9 · elite    473.6 · median    140.3 · years  21.0 · road 0.37 · starved   799 · nobles  -0.3 · read 17.6 · walls  1.9 · fell 73.3% (mother 24.9%) · prince 22.8% · king 18.3% · crowned 13.2% (median year 28) · 2.6s
try  1 · gen   44 · best    106.8 · elite     61.5 · median      0.9 · years  64.9 · road 0.41 · starved  1418 · nobles  -6.2 · read 70.4 · walls  7.4 · fell 77.4% (mother 26.5%) · prince  0.2% · king  0.0% · crowned  0.0% · 2.6s
try  2 · gen   44 · best    132.6 · elite     88.2 · median     36.4 · years  66.1 · road 0.44 · starved   951 · nobles -12.7 · read 121.9 · walls  8.4 · fell 66.0% (mother 30.2%) · prince  2.5% · king  0.1% · crowned  0.0% · 2.6s
try  3 · gen   44 · best    631.3 · elite    340.1 · median     82.1 · years  29.2 · road 0.34 · starved  1017 · nobles  -0.6 · read 17.7 · walls  1.4 · fell 84.2% (mother 27.4%) · prince 18.2% · king 14.2% · crowned 11.0% (median year 43) · 2.6s
try  4 · gen   44 · best    191.1 · elite    113.0 · median     50.7 · years  84.7 · road 0.48 · starved  1361 · nobles -15.9 · read 94.4 · walls  7.2 · fell 46.0% (mother 21.9%) · prince  0.3% · king  0.0% · crowned  0.0% · 2.6s
try  5 · gen   44 · best    489.4 · elite    265.0 · median     61.1 · years  31.0 · road 0.35 · starved  1030 · nobles  +1.5 · read 47.8 · walls  2.7 · fell 88.6% (mother 36.1%) · prince 15.5% · king 11.0% · crowned  8.5% (median year 45) · 2.6s
try  6 · gen   44 · best    705.3 · elite    308.5 · median     66.3 · years  33.1 · road 0.37 · starved  1230 · nobles  +4.2 · read 33.2 · walls  2.0 · fell 86.2% (mother 32.6%) · prince 21.5% · king 11.1% · crowned  8.6% (median year 45) · 2.6s
try  7 · gen   44 · best    653.6 · elite    370.7 · median     77.9 · years  27.8 · road 0.36 · starved  1263 · nobles  +3.2 · read 15.8 · walls  1.6 · fell 83.8% (mother 37.7%) · prince 21.3% · king 13.2% · crowned 10.4% (median year 39) · 2.6s
try  8 · gen   44 · best    796.2 · elite    496.5 · median    133.6 · years  21.3 · road 0.37 · starved   805 · nobles  -0.4 · read 17.0 · walls  2.1 · fell 73.3% (mother 25.7%) · prince 22.8% · king 18.0% · crowned 13.1% (median year 28) · 2.6s
try  1 · gen   45 · best    126.8 · elite     66.6 · median      0.6 · years  65.1 · road 0.41 · starved  1463 · nobles  -7.8 · read 71.2 · walls  7.1 · fell 76.3% (mother 27.9%) · prince  0.4% · king  0.0% · crowned  0.0% · 2.6s
try  2 · gen   45 · best    147.6 · elite     93.9 · median     36.6 · years  66.7 · road 0.44 · starved   939 · nobles -12.7 · read 123.3 · walls  8.4 · fell 65.1% (mother 29.9%) · prince  2.4% · king  0.0% · crowned  0.0% (median year 100) · 2.6s
try  3 · gen   45 · best    582.8 · elite    330.9 · median     78.1 · years  29.6 · road 0.34 · starved  1063 · nobles  -0.4 · read 17.4 · walls  1.3 · fell 84.4% (mother 26.9%) · prince 18.0% · king 13.8% · crowned 10.5% (median year 43) · 2.6s
try  4 · gen   45 · best    163.4 · elite    116.1 · median     54.7 · years  84.2 · road 0.48 · starved  1209 · nobles -15.6 · read 92.4 · walls  7.0 · fell 45.6% (mother 19.5%) · prince  0.2% · king  0.0% · crowned  0.0% · 2.6s
try  5 · gen   45 · best    481.2 · elite    275.6 · median     57.0 · years  30.2 · road 0.35 · starved  1024 · nobles  +1.2 · read 46.8 · walls  2.8 · fell 88.4% (mother 38.4%) · prince 15.2% · king 10.8% · crowned  8.5% (median year 44) · 2.6s
try  6 · gen   45 · best    599.4 · elite    324.0 · median     69.2 · years  31.3 · road 0.36 · starved  1187 · nobles  +4.6 · read 28.0 · walls  1.8 · fell 86.5% (mother 34.6%) · prince 21.0% · king 11.5% · crowned  8.9% (median year 43) · 2.6s
try  7 · gen   45 · best    531.8 · elite    347.4 · median     89.2 · years  27.6 · road 0.36 · starved  1191 · nobles  +3.5 · read 15.8 · walls  1.6 · fell 84.0% (mother 38.8%) · prince 21.1% · king 13.2% · crowned 10.4% (median year 38) · 2.6s
try  8 · gen   45 · best    738.6 · elite    474.7 · median    141.3 · years  20.9 · road 0.37 · starved   782 · nobles  -0.1 · read 17.6 · walls  2.1 · fell 72.9% (mother 25.5%) · prince 22.6% · king 18.2% · crowned 13.4% (median year 27) · 2.6s
try  1 · gen   46 · best    131.9 · elite     70.4 · median      1.5 · years  66.4 · road 0.42 · starved  1522 · nobles  -8.9 · read 76.0 · walls  7.3 · fell 75.7% (mother 31.7%) · prince  0.7% · king  0.0% · crowned  0.0% (median year 100) · 2.7s
try  2 · gen   46 · best    151.3 · elite     96.9 · median     38.7 · years  66.3 · road 0.44 · starved   946 · nobles -12.7 · read 119.9 · walls  8.3 · fell 67.6% (mother 28.1%) · prince  3.2% · king  0.1% · crowned  0.0% (median year 94) · 2.7s
try  3 · gen   46 · best    633.4 · elite    355.0 · median     70.9 · years  29.4 · road 0.34 · starved  1069 · nobles  -0.6 · read 16.6 · walls  1.6 · fell 83.6% (mother 28.4%) · prince 18.5% · king 14.1% · crowned 10.9% (median year 43) · 2.7s
try  4 · gen   46 · best    184.3 · elite    121.6 · median     58.8 · years  84.6 · road 0.48 · starved   933 · nobles -15.9 · read 90.0 · walls  6.8 · fell 43.9% (mother 18.3%) · prince  0.2% · king  0.0% · crowned  0.0% · 2.7s
try  5 · gen   46 · best    547.5 · elite    277.5 · median     60.1 · years  29.2 · road 0.35 · starved  1082 · nobles  +1.2 · read 44.7 · walls  2.7 · fell 88.0% (mother 40.0%) · prince 16.2% · king 11.6% · crowned  8.7% (median year 42) · 2.7s
try  6 · gen   46 · best    737.5 · elite    314.0 · median     58.6 · years  30.0 · road 0.35 · starved  1181 · nobles  +5.5 · read 23.6 · walls  1.4 · fell 87.4% (mother 37.3%) · prince 19.6% · king 11.3% · crowned  8.5% (median year 43) · 2.7s
try  7 · gen   46 · best    664.0 · elite    373.1 · median     85.5 · years  27.1 · road 0.36 · starved  1277 · nobles  +4.1 · read 14.7 · walls  1.6 · fell 82.6% (mother 35.4%) · prince 21.4% · king 13.6% · crowned 10.8% (median year 37) · 2.7s
try  8 · gen   46 · best    758.6 · elite    448.8 · median    132.1 · years  20.5 · road 0.37 · starved   815 · nobles  +0.1 · read 18.6 · walls  2.1 · fell 74.2% (mother 27.0%) · prince 22.0% · king 17.3% · crowned 12.8% (median year 27) · 2.7s
try  1 · gen   47 · best    121.6 · elite     74.2 · median      4.1 · years  67.5 · road 0.43 · starved  1545 · nobles  -8.6 · read 75.5 · walls  7.2 · fell 74.2% (mother 29.7%) · prince  0.8% · king  0.1% · crowned  0.0% (median year 88) · 2.7s
try  2 · gen   47 · best    148.2 · elite     99.1 · median     41.8 · years  66.3 · road 0.45 · starved   902 · nobles -12.7 · read 115.2 · walls  8.3 · fell 67.0% (mother 27.9%) · prince  3.6% · king  0.1% · crowned  0.0% (median year 92) · 2.7s
try  3 · gen   47 · best    657.1 · elite    322.3 · median     82.6 · years  28.2 · road 0.34 · starved  1061 · nobles  -0.6 · read 16.5 · walls  1.6 · fell 83.7% (mother 31.4%) · prince 18.6% · king 14.2% · crowned 10.8% (median year 41) · 2.7s
try  4 · gen   47 · best    152.6 · elite    121.4 · median     59.1 · years  84.7 · road 0.49 · starved   913 · nobles -16.1 · read 93.6 · walls  6.5 · fell 43.5% (mother 17.9%) · prince  0.2% · king  0.0% · crowned  0.0% · 2.7s
try  5 · gen   47 · best    483.5 · elite    280.4 · median     58.5 · years  28.9 · road 0.34 · starved  1095 · nobles  +2.3 · read 44.9 · walls  2.8 · fell 88.2% (mother 39.8%) · prince 15.9% · king 11.3% · crowned  8.6% (median year 41) · 2.7s
try  6 · gen   47 · best    534.8 · elite    314.6 · median     62.0 · years  29.2 · road 0.35 · starved  1192 · nobles  +5.5 · read 20.6 · walls  1.3 · fell 86.9% (mother 37.1%) · prince 20.6% · king 11.9% · crowned  8.8% (median year 41) · 2.7s
try  7 · gen   47 · best    625.4 · elite    361.8 · median     85.8 · years  26.2 · road 0.36 · starved  1191 · nobles  +3.6 · read 14.1 · walls  1.8 · fell 83.5% (mother 38.2%) · prince 21.0% · king 13.3% · crowned 10.4% (median year 36) · 2.7s
try  8 · gen   47 · best    741.4 · elite    481.0 · median    130.0 · years  20.2 · road 0.37 · starved   803 · nobles  -0.3 · read 18.6 · walls  2.0 · fell 74.5% (mother 27.7%) · prince 23.0% · king 17.9% · crowned 12.6% (median year 27) · 2.7s
try  1 · gen   48 · best    123.0 · elite     68.7 · median      3.1 · years  66.8 · road 0.43 · starved  1562 · nobles  -7.6 · read 75.2 · walls  7.1 · fell 75.5% (mother 29.0%) · prince  1.0% · king  0.1% · crowned  0.0% (median year 96) · 2.5s
try  2 · gen   48 · best    132.2 · elite     95.0 · median     40.9 · years  64.8 · road 0.44 · starved   880 · nobles -12.4 · read 108.9 · walls  8.4 · fell 68.9% (mother 27.0%) · prince  3.5% · king  0.1% · crowned  0.0% (median year 86) · 2.5s
try  3 · gen   48 · best    586.6 · elite    321.2 · median     77.8 · years  28.3 · road 0.34 · starved  1090 · nobles  -0.4 · read 17.0 · walls  1.6 · fell 84.0% (mother 33.0%) · prince 18.5% · king 14.1% · crowned 10.7% (median year 41) · 2.5s
try  4 · gen   48 · best    165.0 · elite    122.5 · median     60.3 · years  85.6 · road 0.49 · starved   900 · nobles -16.4 · read 90.6 · walls  6.7 · fell 41.1% (mother 17.0%) · prince  0.1% · king  0.0% · crowned  0.0% · 2.5s
try  5 · gen   48 · best    460.8 · elite    273.0 · median     56.3 · years  29.0 · road 0.34 · starved  1160 · nobles  +2.5 · read 45.6 · walls  2.9 · fell 88.4% (mother 41.6%) · prince 15.7% · king 10.9% · crowned  8.5% (median year 41) · 2.5s
try  6 · gen   48 · best    660.2 · elite    319.6 · median     59.5 · years  28.9 · road 0.35 · starved  1239 · nobles  +6.0 · read 16.4 · walls  1.2 · fell 87.4% (mother 37.8%) · prince 20.2% · king 11.6% · crowned  8.6% (median year 41) · 2.5s
try  7 · gen   48 · best    532.6 · elite    353.8 · median     90.5 · years  25.7 · road 0.35 · starved  1341 · nobles  +4.6 · read 12.7 · walls  1.6 · fell 83.4% (mother 33.7%) · prince 20.7% · king 13.2% · crowned 10.4% (median year 36) · 2.5s
try  8 · gen   48 · best    832.1 · elite    498.3 · median    131.0 · years  19.9 · road 0.38 · starved   777 · nobles  -0.3 · read 19.5 · walls  2.0 · fell 74.2% (mother 25.7%) · prince 22.6% · king 17.7% · crowned 12.8% (median year 26) · 2.5s
try  1 · gen   49 · best    125.6 · elite     70.7 · median      0.2 · years  66.5 · road 0.43 · starved  1719 · nobles  -8.6 · read 75.4 · walls  7.2 · fell 75.9% (mother 31.0%) · prince  1.3% · king  0.1% · crowned  0.0% (median year 93) · 2.6s
try  2 · gen   49 · best    160.4 · elite     91.1 · median     36.5 · years  62.2 · road 0.44 · starved   905 · nobles -11.9 · read 97.9 · walls  8.4 · fell 71.5% (mother 27.6%) · prince  3.3% · king  0.0% · crowned  0.0% (median year 98) · 2.6s
try  3 · gen   49 · best    522.5 · elite    335.9 · median     89.9 · years  28.2 · road 0.34 · starved  1065 · nobles  -0.2 · read 16.9 · walls  1.5 · fell 82.7% (mother 31.2%) · prince 18.8% · king 14.4% · crowned 11.2% (median year 41) · 2.6s
try  4 · gen   49 · best    174.6 · elite    119.2 · median     63.2 · years  85.3 · road 0.49 · starved   979 · nobles -16.6 · read 83.4 · walls  6.6 · fell 41.9% (mother 18.7%) · prince  0.0% · king  0.0% · crowned  0.0% · 2.6s
try  5 · gen   49 · best    587.5 · elite    282.6 · median     49.9 · years  28.4 · road 0.34 · starved  1166 · nobles  +3.6 · read 44.7 · walls  2.6 · fell 88.2% (mother 40.5%) · prince 15.4% · king 10.9% · crowned  8.5% (median year 41) · 2.6s
try  6 · gen   49 · best    475.5 · elite    292.8 · median     60.3 · years  28.4 · road 0.35 · starved  1292 · nobles  +5.4 · read 17.0 · walls  1.2 · fell 87.6% (mother 38.4%) · prince 20.3% · king 11.7% · crowned  8.4% (median year 41) · 2.6s
try  7 · gen   49 · best    789.4 · elite    313.7 · median     73.7 · years  25.8 · road 0.34 · starved  1308 · nobles  +4.6 · read 11.5 · walls  1.7 · fell 85.3% (mother 35.8%) · prince 20.3% · king 12.5% · crowned  9.4% (median year 37) · 2.6s
try  8 · gen   49 · best    744.6 · elite    452.2 · median    136.8 · years  19.8 · road 0.38 · starved   784 · nobles  -0.8 · read 19.6 · walls  2.1 · fell 75.9% (mother 26.4%) · prince 22.2% · king 17.0% · crowned 12.3% (median year 26) · 2.6s
try  1 · gen   50 · best    123.9 · elite     72.8 · median     -0.2 · years  66.9 · road 0.44 · starved  1652 · nobles  -8.2 · read 78.0 · walls  7.2 · fell 74.9% (mother 31.9%) · prince  1.4% · king  0.1% · crowned  0.0% (median year 92) · 2.6s
try  2 · gen   50 · best    154.4 · elite     95.1 · median     38.3 · years  62.7 · road 0.44 · starved   919 · nobles -12.0 · read 99.3 · walls  8.4 · fell 71.2% (mother 26.4%) · prince  3.6% · king  0.0% · crowned  0.0% · 2.6s
try  3 · gen   50 · best    521.3 · elite    336.2 · median     77.8 · years  27.4 · road 0.34 · starved  1100 · nobles  -0.3 · read 16.1 · walls  1.5 · fell 83.9% (mother 34.2%) · prince 18.6% · king 14.1% · crowned 10.6% (median year 40) · 2.6s
try  4 · gen   50 · best    167.0 · elite    120.1 · median     59.7 · years  83.0 · road 0.49 · starved  1007 · nobles -16.3 · read 79.4 · walls  6.4 · fell 46.2% (mother 20.4%) · prince  0.1% · king  0.0% · crowned  0.0% · 2.6s
try  5 · gen   50 · best    538.5 · elite    273.2 · median     42.9 · years  28.1 · road 0.33 · starved  1214 · nobles  +3.8 · read 42.6 · walls  2.4 · fell 88.7% (mother 41.2%) · prince 15.0% · king 10.7% · crowned  8.2% (median year 40) · 2.6s
try  6 · gen   50 · best    566.8 · elite    304.6 · median     53.8 · years  27.5 · road 0.34 · starved  1240 · nobles  +5.7 · read 16.3 · walls  1.1 · fell 88.0% (mother 39.0%) · prince 19.4% · king 11.6% · crowned  8.4% (median year 40) · 2.6s
try  7 · gen   50 · best    483.1 · elite    309.7 · median     76.0 · years  26.2 · road 0.34 · starved  1229 · nobles  +4.9 · read 12.0 · walls  1.6 · fell 85.1% (mother 35.6%) · prince 19.8% · king 12.5% · crowned  9.5% (median year 37) · 2.6s
try  8 · gen   50 · best    794.1 · elite    437.1 · median    131.9 · years  20.0 · road 0.38 · starved   765 · nobles  -1.1 · read 19.6 · walls  2.1 · fell 76.6% (mother 25.0%) · prince 21.6% · king 16.7% · crowned 12.0% (median year 26) · 2.6s
try  1 · gen   51 · best    137.1 · elite     75.5 · median      3.6 · years  68.5 · road 0.45 · starved  1636 · nobles  -8.7 · read 85.7 · walls  7.2 · fell 73.4% (mother 32.0%) · prince  1.1% · king  0.1% · crowned  0.0% (median year 92) · 2.5s
try  2 · gen   51 · best    130.1 · elite     89.6 · median     32.9 · years  59.6 · road 0.44 · starved   925 · nobles -11.2 · read 86.3 · walls  8.4 · fell 74.1% (mother 27.6%) · prince  2.6% · king  0.1% · crowned  0.0% (median year 84) · 2.5s
try  3 · gen   51 · best    711.3 · elite    345.9 · median     75.6 · years  26.5 · road 0.34 · starved  1077 · nobles  +0.1 · read 15.7 · walls  1.5 · fell 83.4% (mother 32.5%) · prince 18.4% · king 14.3% · crowned 11.0% (median year 39) · 2.5s
try  4 · gen   51 · best    161.0 · elite    118.1 · median     58.2 · years  82.2 · road 0.49 · starved  1160 · nobles -16.0 · read 70.6 · walls  6.5 · fell 48.5% (mother 21.3%) · prince  0.2% · king  0.0% · crowned  0.0% · 2.5s
try  5 · gen   51 · best    542.5 · elite    292.4 · median     60.2 · years  27.5 · road 0.33 · starved  1097 · nobles  +4.4 · read 40.7 · walls  2.3 · fell 87.1% (mother 38.8%) · prince 16.2% · king 11.4% · crowned  9.2% (median year 40) · 2.5s
try  6 · gen   51 · best    507.7 · elite    264.9 · median     47.9 · years  26.8 · road 0.34 · starved  1324 · nobles  +6.6 · read 17.2 · walls  1.0 · fell 89.2% (mother 41.5%) · prince 17.9% · king 10.7% · crowned  7.7% (median year 39) · 2.5s
try  7 · gen   51 · best    559.6 · elite    303.2 · median     71.7 · years  25.9 · road 0.34 · starved  1278 · nobles  +4.9 · read 11.2 · walls  1.5 · fell 85.6% (mother 36.3%) · prince 19.2% · king 12.3% · crowned  9.2% (median year 37) · 2.5s
try  8 · gen   51 · best    695.9 · elite    423.3 · median    110.6 · years  19.4 · road 0.39 · starved   810 · nobles  -1.2 · read 18.0 · walls  2.2 · fell 78.6% (mother 28.0%) · prince 20.7% · king 15.8% · crowned 11.2% (median year 26) · 2.5s
try  1 · gen   52 · best    128.3 · elite     81.0 · median      2.1 · years  67.8 · road 0.45 · starved  1686 · nobles  -9.0 · read 83.3 · walls  7.0 · fell 73.6% (mother 32.5%) · prince  1.3% · king  0.1% · crowned  0.0% (median year 95) · 2.6s
try  2 · gen   52 · best    135.2 · elite     89.5 · median     33.9 · years  59.5 · road 0.43 · starved   914 · nobles -10.9 · read 84.0 · walls  8.2 · fell 74.5% (mother 26.7%) · prince  2.6% · king  0.1% · crowned  0.0% (median year 92) · 2.6s
try  3 · gen   52 · best    570.2 · elite    335.7 · median     71.4 · years  25.7 · road 0.33 · starved  1129 · nobles  +0.5 · read 15.0 · walls  1.5 · fell 84.5% (mother 34.6%) · prince 17.9% · king 13.6% · crowned 10.5% (median year 38) · 2.5s
try  4 · gen   52 · best    163.7 · elite    118.1 · median     57.1 · years  81.8 · road 0.50 · starved  1038 · nobles -16.0 · read 68.9 · walls  6.7 · fell 50.5% (mother 22.0%) · prince  0.3% · king  0.0% · crowned  0.0% · 2.6s
try  5 · gen   52 · best    483.3 · elite    285.0 · median     65.9 · years  27.2 · road 0.34 · starved  1068 · nobles  +3.7 · read 40.8 · walls  2.5 · fell 86.9% (mother 41.0%) · prince 16.7% · king 12.0% · crowned  9.3% (median year 39) · 2.6s
try  6 · gen   52 · best    701.2 · elite    273.5 · median     43.3 · years  26.8 · road 0.33 · starved  1282 · nobles  +5.9 · read 17.1 · walls  1.0 · fell 89.5% (mother 40.5%) · prince 17.6% · king 10.9% · crowned  7.6% (median year 39) · 2.6s
try  7 · gen   52 · best    536.3 · elite    330.1 · median     83.7 · years  25.1 · road 0.34 · starved  1165 · nobles  +4.5 · read 11.4 · walls  1.6 · fell 83.9% (mother 34.8%) · prince 19.8% · king 13.1% · crowned  9.9% (median year 35) · 2.5s
try  8 · gen   52 · best    687.5 · elite    420.8 · median    122.2 · years  19.6 · road 0.38 · starved   769 · nobles  -0.9 · read 17.3 · walls  2.4 · fell 77.3% (mother 27.6%) · prince 20.6% · king 15.7% · crowned 11.6% (median year 26) · 2.5s
try  1 · gen   53 · best    151.8 · elite     79.3 · median      5.8 · years  67.5 · road 0.45 · starved  1700 · nobles  -9.3 · read 79.8 · walls  6.7 · fell 75.0% (mother 34.3%) · prince  2.4% · king  0.3% · crowned  0.1% (median year 91) · 2.4s
try  2 · gen   53 · best    155.6 · elite     91.7 · median     34.9 · years  59.6 · road 0.43 · starved   930 · nobles -11.0 · read 80.9 · walls  8.2 · fell 74.2% (mother 27.2%) · prince  2.8% · king  0.2% · crowned  0.0% (median year 96) · 2.5s
try  3 · gen   53 · best    598.5 · elite    341.6 · median     72.6 · years  26.1 · road 0.33 · starved  1069 · nobles  +1.6 · read 14.4 · walls  1.5 · fell 84.0% (mother 33.8%) · prince 17.9% · king 13.7% · crowned 10.7% (median year 38) · 2.5s
try  4 · gen   53 · best    165.0 · elite    121.1 · median     56.9 · years  79.1 · road 0.49 · starved  1205 · nobles -15.3 · read 69.6 · walls  6.9 · fell 56.4% (mother 22.9%) · prince  0.5% · king  0.0% · crowned  0.0% · 2.5s
try  5 · gen   53 · best    721.5 · elite    331.8 · median     76.0 · years  26.8 · road 0.33 · starved  1014 · nobles  +3.2 · read 41.1 · walls  2.3 · fell 85.9% (mother 37.2%) · prince 17.8% · king 12.8% · crowned 10.0% (median year 37) · 2.5s
try  6 · gen   53 · best    534.6 · elite    294.5 · median     64.8 · years  25.9 · road 0.33 · starved  1224 · nobles  +5.8 · read 17.2 · walls  1.0 · fell 87.6% (mother 40.7%) · prince 18.8% · king 12.3% · crowned  8.6% (median year 37) · 2.5s
try  7 · gen   53 · best    532.8 · elite    327.5 · median     83.9 · years  24.7 · road 0.34 · starved  1118 · nobles  +4.8 · read 10.5 · walls  1.6 · fell 83.7% (mother 35.7%) · prince 19.4% · king 13.1% · crowned  9.9% (median year 34) · 2.5s
try  8 · gen   53 · best    681.0 · elite    386.8 · median    106.9 · years  19.5 · road 0.39 · starved   875 · nobles  -1.9 · read 17.6 · walls  2.4 · fell 80.0% (mother 30.0%) · prince 20.0% · king 14.8% · crowned 10.5% (median year 26) · 2.5s
try  1 · gen   54 · best    158.9 · elite     90.6 · median      5.0 · years  67.5 · road 0.45 · starved  1686 · nobles  -8.8 · read 77.4 · walls  6.6 · fell 74.7% (mother 35.1%) · prince  3.3% · king  0.5% · crowned  0.2% (median year 89) · 2.5s
try  2 · gen   54 · best    135.0 · elite     93.8 · median     34.9 · years  59.9 · road 0.43 · starved   955 · nobles -11.0 · read 83.4 · walls  8.1 · fell 74.5% (mother 29.1%) · prince  3.5% · king  0.1% · crowned  0.0% (median year 85) · 2.5s
try  3 · gen   54 · best    563.2 · elite    333.2 · median     79.9 · years  25.3 · road 0.33 · starved  1066 · nobles  +2.0 · read 13.2 · walls  1.4 · fell 83.9% (mother 35.3%) · prince 18.5% · king 14.2% · crowned 10.8% (median year 38) · 2.5s
try  4 · gen   54 · best    164.6 · elite    122.6 · median     60.6 · years  79.3 · road 0.49 · starved  1084 · nobles -15.3 · read 70.4 · walls  7.1 · fell 55.9% (mother 21.2%) · prince  0.5% · king  0.0% · crowned  0.0% · 2.5s
try  5 · gen   54 · best    551.6 · elite    340.8 · median     90.7 · years  26.5 · road 0.34 · starved   912 · nobles  +3.5 · read 40.3 · walls  2.2 · fell 84.4% (mother 36.7%) · prince 18.7% · king 13.2% · crowned 10.6% (median year 37) · 2.5s
try  6 · gen   54 · best    513.7 · elite    273.5 · median     56.6 · years  25.7 · road 0.33 · starved  1260 · nobles  +5.9 · read 17.5 · walls  1.0 · fell 88.3% (mother 41.8%) · prince 18.5% · king 12.0% · crowned  8.4% (median year 38) · 2.5s
try  7 · gen   54 · best    540.3 · elite    324.0 · median     74.3 · years  25.8 · road 0.33 · starved  1069 · nobles  +6.2 · read  9.8 · walls  1.6 · fell 84.1% (mother 35.0%) · prince 18.4% · king 12.5% · crowned  9.8% (median year 36) · 2.5s
try  8 · gen   54 · best    687.6 · elite    402.6 · median    102.6 · years  19.4 · road 0.38 · starved   851 · nobles  -1.6 · read 17.4 · walls  2.3 · fell 79.9% (mother 29.7%) · prince 19.9% · king 14.7% · crowned 10.6% (median year 26) · 2.5s
try  1 · gen   55 · best    193.6 · elite     85.6 · median      5.7 · years  66.8 · road 0.45 · starved  1685 · nobles  -8.1 · read 73.0 · walls  6.3 · fell 76.9% (mother 35.5%) · prince  3.4% · king  0.5% · crowned  0.2% (median year 91) · 2.4s
try  2 · gen   55 · best    135.2 · elite     97.1 · median     35.3 · years  61.4 · road 0.44 · starved   965 · nobles -11.6 · read 82.7 · walls  8.3 · fell 73.7% (mother 27.4%) · prince  4.1% · king  0.3% · crowned  0.1% (median year 91) · 2.5s
try  3 · gen   55 · best    636.0 · elite    331.9 · median     84.1 · years  25.6 · road 0.33 · starved  1062 · nobles  +1.4 · read 10.5 · walls  1.4 · fell 83.4% (mother 36.0%) · prince 18.9% · king 14.0% · crowned 10.6% (median year 37) · 2.5s
try  4 · gen   55 · best    163.7 · elite    122.6 · median     59.1 · years  79.2 · road 0.49 · starved  1045 · nobles -15.2 · read 71.4 · walls  7.2 · fell 55.7% (mother 19.1%) · prince  0.7% · king  0.0% · crowned  0.0% · 2.5s
try  5 · gen   55 · best    642.3 · elite    362.1 · median     94.0 · years  26.3 · road 0.34 · starved   869 · nobles  +3.3 · read 39.7 · walls  2.2 · fell 83.8% (mother 33.0%) · prince 19.4% · king 13.4% · crowned 11.0% (median year 36) · 2.5s
try  6 · gen   55 · best    470.8 · elite    301.6 · median     65.1 · years  25.4 · road 0.33 · starved  1174 · nobles  +5.5 · read 15.9 · walls  1.0 · fell 87.1% (mother 39.7%) · prince 19.2% · king 12.8% · crowned  9.2% (median year 37) · 2.5s
try  7 · gen   55 · best    646.9 · elite    360.8 · median     95.4 · years  23.9 · road 0.34 · starved   983 · nobles  +4.8 · read  9.2 · walls  1.8 · fell 82.1% (mother 35.3%) · prince 19.6% · king 14.2% · crowned 11.0% (median year 34) · 2.5s
try  8 · gen   55 · best    677.4 · elite    397.4 · median    109.6 · years  19.4 · road 0.38 · starved   856 · nobles  -1.0 · read 17.7 · walls  2.4 · fell 79.7% (mother 30.1%) · prince 20.3% · king 14.9% · crowned 10.8% (median year 26) · 2.5s
try  1 · gen   56 · best    236.7 · elite     90.2 · median      1.5 · years  65.4 · road 0.44 · starved  1715 · nobles  -7.7 · read 67.0 · walls  6.1 · fell 77.3% (mother 36.1%) · prince  3.9% · king  0.7% · crowned  0.4% (median year 88) · 2.5s
try  2 · gen   56 · best    148.9 · elite     89.8 · median     36.0 · years  61.5 · road 0.43 · starved   989 · nobles -11.6 · read 80.7 · walls  8.3 · fell 73.8% (mother 29.2%) · prince  4.1% · king  0.3% · crowned  0.0% (median year 84) · 2.5s
try  3 · gen   56 · best    617.1 · elite    342.4 · median     88.8 · years  24.7 · road 0.33 · starved  1098 · nobles  +2.3 · read 10.6 · walls  1.5 · fell 82.8% (mother 33.7%) · prince 18.8% · king 14.3% · crowned 11.0% (median year 36) · 2.5s
try  4 · gen   56 · best    173.1 · elite    124.1 · median     62.0 · years  78.7 · road 0.49 · starved   971 · nobles -15.1 · read 70.6 · walls  7.4 · fell 57.1% (mother 20.5%) · prince  1.0% · king  0.0% · crowned  0.0% · 2.5s
try  5 · gen   56 · best    570.0 · elite    370.0 · median     98.4 · years  26.5 · road 0.35 · starved   870 · nobles  +3.4 · read 36.9 · walls  2.3 · fell 83.8% (mother 30.1%) · prince 20.1% · king 13.3% · crowned 10.7% (median year 36) · 2.5s
try  6 · gen   56 · best    603.4 · elite    290.2 · median     66.8 · years  25.0 · road 0.34 · starved  1164 · nobles  +4.8 · read 16.1 · walls  1.0 · fell 87.2% (mother 40.5%) · prince 19.4% · king 12.9% · crowned  8.9% (median year 36) · 2.5s
try  7 · gen   56 · best    608.5 · elite    362.3 · median    101.4 · years  23.5 · road 0.34 · starved   915 · nobles  +4.9 · read  8.6 · walls  1.9 · fell 82.5% (mother 36.6%) · prince 19.2% · king 13.9% · crowned 11.0% (median year 34) · 2.5s
try  8 · gen   56 · best    758.9 · elite    376.0 · median     98.1 · years  19.4 · road 0.38 · starved   901 · nobles  -1.7 · read 17.6 · walls  2.5 · fell 81.3% (mother 32.7%) · prince 19.3% · king 14.3% · crowned 10.1% (median year 26) · 2.5s
try  1 · gen   57 · best    214.8 · elite     89.3 · median      0.8 · years  65.6 · road 0.44 · starved  1692 · nobles  -6.8 · read 64.6 · walls  6.3 · fell 76.2% (mother 35.4%) · prince  5.0% · king  0.7% · crowned  0.4% (median year 88) · 2.5s
try  2 · gen   57 · best    149.6 · elite    101.4 · median     36.5 · years  63.4 · road 0.44 · starved   996 · nobles -12.2 · read 78.1 · walls  8.2 · fell 72.1% (mother 29.1%) · prince  4.3% · king  0.2% · crowned  0.1% (median year 90) · 2.5s
try  3 · gen   57 · best    696.3 · elite    346.1 · median     86.6 · years  24.5 · road 0.33 · starved   996 · nobles  +2.4 · read  9.9 · walls  1.4 · fell 82.9% (mother 34.1%) · prince 18.7% · king 14.2% · crowned 11.1% (median year 36) · 2.5s
try  4 · gen   57 · best    168.5 · elite    125.5 · median     66.0 · years  79.7 · road 0.49 · starved  1073 · nobles -15.3 · read 71.4 · walls  7.4 · fell 56.2% (mother 21.0%) · prince  1.7% · king  0.0% · crowned  0.0% (median year 90) · 2.5s
try  5 · gen   57 · best    596.9 · elite    370.6 · median    104.4 · years  25.8 · road 0.34 · starved   811 · nobles  +3.9 · read 35.4 · walls  1.9 · fell 82.7% (mother 28.5%) · prince 20.3% · king 13.5% · crowned 11.0% (median year 34) · 2.5s
try  6 · gen   57 · best    574.3 · elite    298.0 · median     74.3 · years  24.8 · road 0.33 · starved  1110 · nobles  +5.1 · read 16.8 · walls  1.0 · fell 86.7% (mother 38.8%) · prince 19.4% · king 12.9% · crowned  9.3% (median year 36) · 2.6s
try  7 · gen   57 · best    763.2 · elite    371.0 · median    102.4 · years  23.4 · road 0.34 · starved   905 · nobles  +5.0 · read  6.9 · walls  2.1 · fell 82.2% (mother 35.9%) · prince 19.4% · king 14.0% · crowned 11.3% (median year 34) · 2.5s
try  8 · gen   57 · best    785.9 · elite    354.1 · median     90.5 · years  19.1 · road 0.38 · starved   898 · nobles  -2.4 · read 17.6 · walls  2.5 · fell 83.2% (mother 35.0%) · prince 18.7% · king 13.5% · crowned  9.4% (median year 27) · 2.5s
try  1 · gen   58 · best    229.8 · elite     96.7 · median      0.7 · years  65.0 · road 0.44 · starved  1747 · nobles  -6.7 · read 69.4 · walls  6.4 · fell 77.1% (mother 35.0%) · prince  5.0% · king  1.2% · crowned  0.6% (median year 87) · 2.4s
try  2 · gen   58 · best    150.5 · elite     99.0 · median     40.7 · years  63.8 · road 0.45 · starved  1008 · nobles -12.6 · read 71.3 · walls  8.2 · fell 72.3% (mother 28.8%) · prince  4.5% · king  0.4% · crowned  0.1% (median year 87) · 2.4s
try  3 · gen   58 · best    675.8 · elite    340.8 · median     87.7 · years  24.6 · road 0.33 · starved  1015 · nobles  +2.5 · read  8.6 · walls  1.3 · fell 82.5% (mother 36.3%) · prince 18.7% · king 14.3% · crowned 11.2% (median year 36) · 2.4s
try  4 · gen   58 · best    180.3 · elite    127.3 · median     64.0 · years  78.8 · road 0.49 · starved   979 · nobles -15.1 · read 71.1 · walls  7.4 · fell 58.6% (mother 22.4%) · prince  2.9% · king  0.0% · crowned  0.0% (median year 97) · 2.4s
try  5 · gen   58 · best    625.1 · elite    361.3 · median    104.5 · years  25.1 · road 0.35 · starved   797 · nobles  +3.5 · read 33.8 · walls  1.9 · fell 82.8% (mother 29.1%) · prince 20.5% · king 13.6% · crowned 11.0% (median year 33) · 2.4s
try  6 · gen   58 · best    552.7 · elite    308.3 · median     79.6 · years  24.9 · road 0.34 · starved  1118 · nobles  +5.1 · read 16.6 · walls  1.0 · fell 86.7% (mother 38.0%) · prince 20.1% · king 13.2% · crowned  9.5% (median year 37) · 2.4s
try  7 · gen   58 · best    674.3 · elite    395.3 · median    106.2 · years  24.2 · road 0.33 · starved   846 · nobles  +6.3 · read  5.0 · walls  1.9 · fell 81.5% (mother 31.7%) · prince 20.1% · king 14.7% · crowned 12.0% (median year 35) · 2.4s
try  8 · gen   58 · best    531.6 · elite    361.0 · median     97.7 · years  18.7 · road 0.38 · starved   859 · nobles  -2.6 · read 17.8 · walls  2.4 · fell 82.7% (mother 35.8%) · prince 19.0% · king 14.1% · crowned 10.0% (median year 27) · 2.4s
try  1 · gen   59 · best    211.6 · elite    100.8 · median      2.7 · years  62.1 · road 0.44 · starved  1703 · nobles  -6.0 · read 64.8 · walls  5.9 · fell 79.4% (mother 34.6%) · prince  4.3% · king  1.1% · crowned  0.6% (median year 85) · 2.5s
try  2 · gen   59 · best    307.8 · elite    105.8 · median     43.5 · years  64.6 · road 0.46 · starved   994 · nobles -12.9 · read 67.0 · walls  8.1 · fell 70.8% (mother 28.7%) · prince  4.2% · king  0.4% · crowned  0.2% (median year 78) · 2.5s
try  3 · gen   59 · best    603.5 · elite    353.1 · median     88.7 · years  25.2 · road 0.33 · starved  1036 · nobles  +1.9 · read  9.0 · walls  1.5 · fell 81.9% (mother 35.1%) · prince 19.2% · king 14.5% · crowned 11.3% (median year 36) · 2.5s
try  4 · gen   59 · best    162.9 · elite    124.3 · median     64.3 · years  79.2 · road 0.50 · starved   960 · nobles -15.1 · read 74.1 · walls  7.5 · fell 57.5% (mother 22.8%) · prince  3.8% · king  0.0% · crowned  0.0% (median year 72) · 2.5s
try  5 · gen   59 · best    700.0 · elite    378.1 · median    110.1 · years  24.9 · road 0.35 · starved   790 · nobles  +3.3 · read 31.0 · walls  1.9 · fell 82.2% (mother 27.3%) · prince 20.8% · king 13.7% · crowned 11.1% (median year 33) · 2.5s
try  6 · gen   59 · best    668.4 · elite    339.2 · median     91.4 · years  24.6 · road 0.34 · starved  1015 · nobles  +4.9 · read 16.6 · walls  1.0 · fell 84.6% (mother 37.0%) · prince 20.7% · king 14.3% · crowned 10.6% (median year 36) · 2.5s
try  7 · gen   59 · best    568.5 · elite    376.2 · median    118.1 · years  24.3 · road 0.33 · starved   816 · nobles  +7.1 · read  3.8 · walls  2.0 · fell 81.7% (mother 31.1%) · prince 19.6% · king 14.6% · crowned 12.3% (median year 36) · 2.5s
try  8 · gen   59 · best    594.3 · elite    358.9 · median    102.0 · years  18.6 · road 0.38 · starved   819 · nobles  -2.3 · read 17.7 · walls  2.3 · fell 81.6% (mother 34.1%) · prince 19.5% · king 14.6% · crowned 10.4% (median year 27) · 2.5s
try  1 · gen   60 · best    259.5 · elite    100.7 · median      3.1 · years  61.4 · road 0.44 · starved  1679 · nobles  -6.0 · read 62.4 · walls  5.5 · fell 80.9% (mother 35.0%) · prince  3.9% · king  1.1% · crowned  0.6% (median year 85) · 2.4s
try  2 · gen   60 · best    233.1 · elite    113.5 · median     45.4 · years  63.5 · road 0.46 · starved   991 · nobles -12.4 · read 63.2 · walls  8.1 · fell 72.7% (mother 30.4%) · prince  4.4% · king  0.8% · crowned  0.4% (median year 79) · 2.4s
try  3 · gen   60 · best    677.9 · elite    363.1 · median     94.5 · years  24.5 · road 0.33 · starved  1005 · nobles  +2.1 · read  9.7 · walls  1.6 · fell 81.1% (mother 32.5%) · prince 19.4% · king 14.8% · crowned 11.5% (median year 35) · 2.4s
try  4 · gen   60 · best    168.1 · elite    129.9 · median     69.3 · years  81.0 · road 0.50 · starved   824 · nobles -15.4 · read 71.9 · walls  7.5 · fell 54.0% (mother 20.2%) · prince  3.9% · king  0.0% · crowned  0.0% · 2.4s
try  5 · gen   60 · best    631.4 · elite    380.3 · median    107.0 · years  24.2 · road 0.35 · starved   804 · nobles  +3.4 · read 28.8 · walls  1.9 · fell 82.2% (mother 29.3%) · prince 21.0% · king 13.5% · crowned 10.8% (median year 32) · 2.4s
try  6 · gen   60 · best    680.6 · elite    336.2 · median     93.1 · years  24.4 · road 0.33 · starved  1090 · nobles  +5.4 · read 17.5 · walls  1.0 · fell 84.0% (mother 37.8%) · prince 20.3% · king 14.1% · crowned 10.7% (median year 35) · 2.4s
try  7 · gen   60 · best    573.9 · elite    386.2 · median    128.4 · years  23.5 · road 0.34 · starved   756 · nobles  +7.4 · read  3.6 · walls  2.3 · fell 80.1% (mother 31.1%) · prince 20.6% · king 15.4% · crowned 13.0% (median year 34) · 2.4s
try  8 · gen   60 · best    661.4 · elite    385.1 · median    102.7 · years  18.7 · road 0.37 · starved   819 · nobles  -2.0 · read 17.7 · walls  2.3 · fell 80.6% (mother 33.8%) · prince 19.7% · king 14.9% · crowned 10.6% (median year 27) · 2.4s
try  1 · gen   61 · best    223.5 · elite     97.8 · median      0.5 · years  59.5 · road 0.44 · starved  1740 · nobles  -4.8 · read 56.2 · walls  5.5 · fell 82.9% (mother 37.4%) · prince  3.8% · king  1.3% · crowned  0.6% (median year 85) · 2.5s
try  2 · gen   61 · best    227.9 · elite    114.5 · median     44.7 · years  61.5 · road 0.45 · starved  1055 · nobles -11.4 · read 62.5 · walls  8.0 · fell 75.7% (mother 31.7%) · prince  5.2% · king  1.5% · crowned  0.9% (median year 77) · 2.5s
try  3 · gen   61 · best    647.3 · elite    355.0 · median     90.8 · years  23.5 · road 0.33 · starved  1079 · nobles  +2.5 · read 10.7 · walls  1.5 · fell 81.9% (mother 33.2%) · prince 19.3% · king 14.3% · crowned 11.2% (median year 33) · 2.5s
try  4 · gen   61 · best    172.6 · elite    127.0 · median     64.5 · years  78.5 · road 0.50 · starved   973 · nobles -14.8 · read 64.0 · walls  7.4 · fell 59.3% (mother 23.0%) · prince  5.4% · king  0.0% · crowned  0.0% (median year 92) · 2.5s
try  5 · gen   61 · best    749.1 · elite    384.0 · median    111.6 · years  23.3 · road 0.35 · starved   765 · nobles  +3.4 · read 26.9 · walls  1.9 · fell 81.5% (mother 29.7%) · prince 20.8% · king 13.9% · crowned 11.3% (median year 31) · 2.5s
try  6 · gen   61 · best    597.9 · elite    363.5 · median     96.1 · years  23.7 · road 0.33 · starved   967 · nobles  +5.2 · read 18.0 · walls  0.9 · fell 83.2% (mother 36.5%) · prince 20.7% · king 14.6% · crowned 11.1% (median year 34) · 2.5s
try  7 · gen   61 · best    669.6 · elite    387.5 · median    136.9 · years  22.7 · road 0.34 · starved   737 · nobles  +7.4 · read  3.3 · walls  2.3 · fell 78.7% (mother 31.7%) · prince 20.8% · king 15.8% · crowned 13.3% (median year 33) · 2.5s
try  8 · gen   61 · best    629.8 · elite    391.9 · median    123.0 · years  18.5 · road 0.37 · starved   784 · nobles  -0.9 · read 17.4 · walls  2.2 · fell 79.1% (mother 32.4%) · prince 20.4% · king 15.5% · crowned 11.1% (median year 27) · 2.4s
try  1 · gen   62 · best    244.6 · elite    101.9 · median      2.9 · years  60.3 · road 0.44 · starved  1792 · nobles  -3.7 · read 55.0 · walls  6.0 · fell 81.3% (mother 36.7%) · prince  4.5% · king  1.6% · crowned  0.9% (median year 84) · 2.5s
try  2 · gen   62 · best    214.1 · elite    115.5 · median     42.6 · years  60.1 · road 0.44 · starved  1120 · nobles -10.2 · read 68.8 · walls  8.0 · fell 78.4% (mother 33.3%) · prince  6.3% · king  2.2% · crowned  1.2% (median year 77) · 2.5s
try  3 · gen   62 · best    705.3 · elite    361.2 · median     99.1 · years  22.7 · road 0.32 · starved  1012 · nobles  +3.4 · read 10.3 · walls  1.3 · fell 81.3% (mother 34.4%) · prince 19.1% · king 14.5% · crowned 11.5% (median year 33) · 2.5s
try  4 · gen   62 · best    222.8 · elite    132.1 · median     65.7 · years  78.3 · road 0.50 · starved   929 · nobles -14.6 · read 63.9 · walls  7.3 · fell 60.4% (mother 23.2%) · prince  6.8% · king  0.0% · crowned  0.0% (median year 93) · 2.5s
try  5 · gen   62 · best    686.7 · elite    408.3 · median    123.7 · years  23.2 · road 0.36 · starved   704 · nobles  +2.1 · read 26.5 · walls  2.0 · fell 79.6% (mother 26.9%) · prince 22.1% · king 15.1% · crowned 11.8% (median year 30) · 2.5s
try  6 · gen   62 · best    609.5 · elite    373.4 · median    101.6 · years  23.3 · road 0.33 · starved   988 · nobles  +4.9 · read 18.5 · walls  0.9 · fell 82.2% (mother 34.7%) · prince 21.3% · king 15.2% · crowned 11.4% (median year 32) · 2.5s
try  7 · gen   62 · best    641.5 · elite    395.5 · median    146.7 · years  22.4 · road 0.34 · starved   731 · nobles  +7.3 · read  2.9 · walls  2.4 · fell 77.8% (mother 30.3%) · prince 21.5% · king 16.3% · crowned 13.7% (median year 32) · 2.5s
try  8 · gen   62 · best    695.2 · elite    397.5 · median    119.2 · years  18.5 · road 0.37 · starved   758 · nobles  -0.6 · read 17.7 · walls  2.2 · fell 78.2% (mother 32.6%) · prince 20.6% · king 15.8% · crowned 11.5% (median year 26) · 2.4s
try  1 · gen   63 · best    245.8 · elite    114.7 · median      4.8 · years  59.4 · road 0.44 · starved  1733 · nobles  -3.2 · read 51.8 · walls  6.1 · fell 81.1% (mother 36.8%) · prince  5.1% · king  2.0% · crowned  1.1% (median year 82) · 2.4s
try  2 · gen   63 · best    306.9 · elite    116.5 · median     43.8 · years  59.7 · road 0.44 · starved  1183 · nobles -10.1 · read 64.4 · walls  7.9 · fell 78.9% (mother 32.6%) · prince  7.5% · king  2.4% · crowned  1.4% (median year 78) · 2.4s
try  3 · gen   63 · best    578.2 · elite    375.2 · median    108.5 · years  23.0 · road 0.32 · starved   995 · nobles  +4.3 · read 10.8 · walls  1.2 · fell 79.6% (mother 32.0%) · prince 19.5% · king 15.0% · crowned 12.3% (median year 32) · 2.4s
try  4 · gen   63 · best    186.5 · elite    133.2 · median     67.3 · years  78.4 · road 0.50 · starved   887 · nobles -14.5 · read 64.2 · walls  7.2 · fell 60.1% (mother 22.3%) · prince  7.6% · king  0.0% · crowned  0.0% · 2.4s
try  5 · gen   63 · best    689.2 · elite    437.5 · median    145.4 · years  22.4 · road 0.37 · starved   619 · nobles  +1.5 · read 25.2 · walls  2.0 · fell 76.6% (mother 24.5%) · prince 23.5% · king 16.1% · crowned 12.9% (median year 29) · 2.4s
try  6 · gen   63 · best    741.4 · elite    382.5 · median    117.4 · years  22.9 · road 0.33 · starved   865 · nobles  +5.2 · read 19.1 · walls  0.8 · fell 81.3% (mother 32.4%) · prince 21.5% · king 15.6% · crowned 11.8% (median year 32) · 2.4s
try  7 · gen   63 · best    743.1 · elite    407.8 · median    148.0 · years  22.1 · road 0.34 · starved   703 · nobles  +7.8 · read  3.1 · walls  2.3 · fell 77.9% (mother 30.2%) · prince 21.1% · king 16.4% · crowned 13.9% (median year 32) · 2.4s
try  8 · gen   63 · best    675.2 · elite    390.5 · median    114.9 · years  18.6 · road 0.37 · starved   785 · nobles  -1.1 · read 17.9 · walls  2.1 · fell 79.0% (mother 34.8%) · prince 20.6% · king 15.7% · crowned 11.0% (median year 26) · 2.4s
try  1 · gen   64 · best    366.6 · elite    122.5 · median      5.6 · years  58.7 · road 0.45 · starved  1743 · nobles  -3.2 · read 52.0 · walls  5.8 · fell 81.5% (mother 38.7%) · prince  5.0% · king  2.3% · crowned  1.4% (median year 78) · 2.4s
try  2 · gen   64 · best    321.4 · elite    126.3 · median     41.3 · years  57.0 · road 0.44 · starved  1167 · nobles  -9.1 · read 61.0 · walls  7.8 · fell 81.8% (mother 33.4%) · prince  8.2% · king  2.5% · crowned  1.5% (median year 76) · 2.4s
try  3 · gen   64 · best    691.2 · elite    373.5 · median    115.1 · years  22.2 · road 0.32 · starved   903 · nobles  +4.0 · read  9.4 · walls  1.1 · fell 79.5% (mother 33.4%) · prince 19.7% · king 15.1% · crowned 12.6% (median year 32) · 2.4s
try  4 · gen   64 · best    175.7 · elite    129.7 · median     62.4 · years  76.2 · road 0.50 · starved  1014 · nobles -14.3 · read 61.1 · walls  7.3 · fell 64.5% (mother 25.7%) · prince  8.7% · king  0.0% · crowned  0.0% · 2.4s
try  5 · gen   64 · best    725.1 · elite    437.7 · median    150.5 · years  21.7 · road 0.38 · starved   610 · nobles  +1.0 · read 24.0 · walls  2.1 · fell 76.0% (mother 25.0%) · prince 24.0% · king 16.3% · crowned 13.1% (median year 27) · 2.4s
try  6 · gen   64 · best    594.3 · elite    361.7 · median    116.5 · years  22.6 · road 0.34 · starved   898 · nobles  +4.6 · read 19.8 · walls  0.8 · fell 81.1% (mother 32.4%) · prince 22.2% · king 15.3% · crowned 11.6% (median year 31) · 2.4s
try  7 · gen   64 · best    610.6 · elite    399.1 · median    154.2 · years  21.7 · road 0.34 · starved   695 · nobles  +7.7 · read  3.1 · walls  2.1 · fell 77.7% (mother 30.2%) · prince 21.5% · king 16.5% · crowned 14.0% (median year 32) · 2.4s
try  8 · gen   64 · best    562.8 · elite    387.4 · median    119.3 · years  18.5 · road 0.37 · starved   780 · nobles  -0.7 · read 18.7 · walls  2.1 · fell 77.9% (mother 32.9%) · prince 21.0% · king 16.2% · crowned 11.4% (median year 27) · 2.4s
try  1 · gen   65 · best    231.2 · elite    126.9 · median      2.6 · years  59.5 · road 0.44 · starved  1788 · nobles  -2.1 · read 49.2 · walls  6.2 · fell 80.3% (mother 38.2%) · prince  7.0% · king  3.2% · crowned  1.7% (median year 77) · 2.4s
try  2 · gen   65 · best    270.8 · elite    128.2 · median     39.9 · years  55.7 · road 0.43 · starved  1222 · nobles  -8.2 · read 66.4 · walls  7.7 · fell 83.4% (mother 36.3%) · prince  9.1% · king  3.1% · crowned  1.9% (median year 76) · 2.4s
try  3 · gen   65 · best    636.0 · elite    382.9 · median    111.2 · years  21.7 · road 0.32 · starved   925 · nobles  +4.2 · read  9.0 · walls  1.1 · fell 79.3% (mother 35.6%) · prince 19.6% · king 15.3% · crowned 12.6% (median year 31) · 2.4s
try  4 · gen   65 · best    183.0 · elite    129.1 · median     61.2 · years  73.0 · road 0.49 · starved  1039 · nobles -13.6 · read 59.6 · walls  7.2 · fell 69.7% (mother 26.0%) · prince  8.8% · king  0.0% · crowned  0.0% · 2.4s
try  5 · gen   65 · best    621.4 · elite    413.7 · median    165.0 · years  21.3 · road 0.39 · starved   616 · nobles  +0.4 · read 22.7 · walls  2.1 · fell 75.0% (mother 27.0%) · prince 25.1% · king 17.2% · crowned 13.1% (median year 27) · 2.4s
try  6 · gen   65 · best    694.3 · elite    377.2 · median    122.9 · years  22.2 · road 0.34 · starved   874 · nobles  +4.3 · read 19.4 · walls  0.7 · fell 81.0% (mother 32.7%) · prince 22.6% · king 15.7% · crowned 11.8% (median year 31) · 2.4s
try  7 · gen   65 · best    592.9 · elite    386.6 · median    148.3 · years  21.8 · road 0.34 · starved   717 · nobles  +7.6 · read  3.4 · walls  2.0 · fell 78.2% (mother 30.1%) · prince 21.3% · king 16.3% · crowned 13.8% (median year 32) · 2.4s
try  8 · gen   65 · best    696.0 · elite    416.2 · median    130.4 · years  18.6 · road 0.37 · starved   776 · nobles  +0.1 · read 19.1 · walls  2.1 · fell 76.7% (mother 32.7%) · prince 21.7% · king 16.9% · crowned 12.2% (median year 27) · 2.4s
try  1 · gen   66 · best    312.0 · elite    138.6 · median     10.3 · years  58.5 · road 0.44 · starved  1718 · nobles  -1.6 · read 48.7 · walls  6.0 · fell 79.4% (mother 37.8%) · prince  7.6% · king  3.9% · crowned  2.3% (median year 75) · 2.4s
try  2 · gen   66 · best    236.9 · elite    131.7 · median     43.8 · years  55.9 · road 0.43 · starved  1248 · nobles  -7.7 · read 67.3 · walls  7.6 · fell 82.9% (mother 36.7%) · prince  9.1% · king  3.4% · crowned  2.3% (median year 75) · 2.5s
try  3 · gen   66 · best    568.5 · elite    379.9 · median    121.4 · years  21.4 · road 0.32 · starved   879 · nobles  +4.3 · read  9.2 · walls  1.1 · fell 78.1% (mother 33.3%) · prince 20.0% · king 15.9% · crowned 13.2% (median year 30) · 2.5s
try  4 · gen   66 · best    175.1 · elite    128.2 · median     55.5 · years  70.8 · road 0.49 · starved  1096 · nobles -13.7 · read 55.8 · walls  7.2 · fell 72.3% (mother 27.8%) · prince  8.2% · king  0.0% · crowned  0.0% · 2.4s
try  5 · gen   66 · best    665.3 · elite    412.5 · median    159.1 · years  20.8 · road 0.39 · starved   625 · nobles  +0.6 · read 20.9 · walls  2.0 · fell 75.6% (mother 28.0%) · prince 24.7% · king 16.7% · crowned 12.9% (median year 26) · 2.4s
try  6 · gen   66 · best    552.2 · elite    330.1 · median    121.5 · years  22.4 · road 0.34 · starved   895 · nobles  +4.3 · read 19.1 · walls  0.7 · fell 81.9% (mother 32.2%) · prince 22.3% · king 15.2% · crowned 11.5% (median year 32) · 2.4s
try  7 · gen   66 · best    599.9 · elite    369.7 · median    145.4 · years  22.3 · road 0.34 · starved   743 · nobles  +8.0 · read  3.7 · walls  2.0 · fell 78.9% (mother 30.3%) · prince 21.6% · king 15.9% · crowned 13.5% (median year 33) · 2.4s
try  8 · gen   66 · best    812.0 · elite    413.9 · median    132.9 · years  18.4 · road 0.36 · starved   755 · nobles  +0.4 · read 18.8 · walls  2.1 · fell 75.8% (mother 33.6%) · prince 21.4% · king 16.9% · crowned 12.4% (median year 27) · 2.4s
try  1 · gen   67 · best    480.9 · elite    154.7 · median      9.1 · years  56.8 · road 0.43 · starved  1734 · nobles  -0.1 · read 46.2 · walls  6.4 · fell 79.6% (mother 39.4%) · prince  9.1% · king  4.7% · crowned  3.0% (median year 73) · 2.4s
try  2 · gen   67 · best    397.8 · elite    152.3 · median     41.6 · years  53.5 · road 0.42 · starved  1305 · nobles  -6.8 · read 63.0 · walls  7.4 · fell 84.4% (mother 39.0%) · prince 11.0% · king  4.0% · crowned  2.7% (median year 72) · 2.4s
try  3 · gen   67 · best    592.6 · elite    375.8 · median    116.4 · years  21.1 · road 0.32 · starved   901 · nobles  +4.8 · read  9.2 · walls  1.1 · fell 78.9% (mother 33.9%) · prince 19.5% · king 15.4% · crowned 12.7% (median year 30) · 2.4s
try  4 · gen   67 · best    179.6 · elite    122.7 · median     53.2 · years  68.9 · road 0.48 · starved  1184 · nobles -13.1 · read 56.7 · walls  7.0 · fell 73.1% (mother 27.7%) · prince  7.9% · king  0.0% · crowned  0.0% · 2.4s
try  5 · gen   67 · best    634.0 · elite    412.5 · median    151.6 · years  20.5 · road 0.38 · starved   673 · nobles  +1.0 · read 18.9 · walls  2.0 · fell 76.6% (mother 30.7%) · prince 23.9% · king 16.5% · crowned 12.7% (median year 26) · 2.4s
try  6 · gen   67 · best    610.3 · elite    365.2 · median    115.5 · years  22.6 · road 0.34 · starved   899 · nobles  +4.3 · read 19.1 · walls  0.7 · fell 81.5% (mother 31.3%) · prince 22.3% · king 15.2% · crowned 11.6% (median year 32) · 2.4s
try  7 · gen   67 · best    793.3 · elite    384.9 · median    140.8 · years  22.3 · road 0.34 · starved   741 · nobles  +7.5 · read  3.8 · walls  1.9 · fell 78.2% (mother 30.5%) · prince 21.6% · king 16.2% · crowned 13.4% (median year 32) · 2.4s
try  8 · gen   67 · best    739.6 · elite    443.1 · median    150.2 · years  19.1 · road 0.37 · starved   710 · nobles  +0.8 · read 19.5 · walls  2.2 · fell 74.1% (mother 29.2%) · prince 22.6% · king 17.8% · crowned 13.1% (median year 27) · 2.4s
try  1 · gen   68 · best    448.4 · elite    158.0 · median     11.5 · years  56.3 · road 0.43 · starved  1910 · nobles  +2.0 · read 46.5 · walls  6.7 · fell 81.1% (mother 41.0%) · prince  9.3% · king  4.6% · crowned  3.1% (median year 72) · 2.4s
try  2 · gen   68 · best    381.0 · elite    179.0 · median     49.1 · years  51.9 · road 0.43 · starved  1331 · nobles  -6.1 · read 53.9 · walls  7.3 · fell 85.9% (mother 39.0%) · prince 13.7% · king  5.6% · crowned  3.9% (median year 70) · 2.4s
try  3 · gen   68 · best    649.8 · elite    370.5 · median    124.0 · years  21.1 · road 0.32 · starved   957 · nobles  +5.1 · read  9.7 · walls  1.1 · fell 78.7% (mother 32.7%) · prince 20.0% · king 15.7% · crowned 13.0% (median year 30) · 2.4s
try  4 · gen   68 · best    192.6 · elite    125.2 · median     46.6 · years  67.2 · road 0.47 · starved  1084 · nobles -12.6 · read 52.5 · walls  6.8 · fell 72.5% (mother 26.1%) · prince  5.0% · king  0.0% · crowned  0.0% (median year 100) · 2.4s
try  5 · gen   68 · best    591.1 · elite    404.9 · median    158.3 · years  20.6 · road 0.39 · starved   647 · nobles  +1.1 · read 18.4 · walls  2.1 · fell 75.9% (mother 29.0%) · prince 24.5% · king 16.6% · crowned 12.9% (median year 26) · 2.4s
try  6 · gen   68 · best    546.5 · elite    378.9 · median    121.7 · years  22.1 · road 0.34 · starved   852 · nobles  +5.0 · read 18.0 · walls  0.7 · fell 80.5% (mother 31.5%) · prince 22.3% · king 15.9% · crowned 12.3% (median year 31) · 2.4s
try  7 · gen   68 · best    609.9 · elite    395.1 · median    153.9 · years  21.8 · road 0.34 · starved   720 · nobles  +7.5 · read  4.2 · walls  2.0 · fell 76.5% (mother 29.4%) · prince 22.2% · king 16.6% · crowned 13.8% (median year 30) · 2.4s
try  8 · gen   68 · best    626.5 · elite    422.5 · median    142.2 · years  19.2 · road 0.37 · starved   722 · nobles  +0.8 · read 19.1 · walls  2.2 · fell 74.9% (mother 30.4%) · prince 22.4% · king 17.4% · crowned 13.0% (median year 27) · 2.4s
try  1 · gen   69 · best    276.9 · elite    145.9 · median     17.9 · years  55.7 · road 0.44 · starved  1810 · nobles  +2.7 · read 42.4 · walls  6.5 · fell 81.7% (mother 42.5%) · prince  8.1% · king  4.1% · crowned  2.7% (median year 70) · 2.4s
try  2 · gen   69 · best    360.9 · elite    207.4 · median     55.1 · years  46.7 · road 0.42 · starved  1418 · nobles  -4.2 · read 39.7 · walls  6.7 · fell 88.5% (mother 42.9%) · prince 17.2% · king  7.8% · crowned  5.5% (median year 65) · 2.4s
try  3 · gen   69 · best    657.1 · elite    392.5 · median    129.8 · years  21.0 · road 0.32 · starved   976 · nobles  +4.7 · read  9.8 · walls  1.2 · fell 77.8% (mother 31.9%) · prince 20.1% · king 16.2% · crowned 13.3% (median year 30) · 2.4s
try  4 · gen   69 · best    205.6 · elite    115.0 · median     43.2 · years  65.4 · road 0.46 · starved  1064 · nobles -12.2 · read 49.4 · walls  6.6 · fell 71.9% (mother 23.6%) · prince  3.0% · king  0.0% · crowned  0.0% (median year 93) · 2.4s
try  5 · gen   69 · best    597.1 · elite    415.9 · median    160.4 · years  20.5 · road 0.39 · starved   634 · nobles  +0.7 · read 18.0 · walls  2.0 · fell 75.0% (mother 28.0%) · prince 25.1% · king 16.9% · crowned 13.0% (median year 26) · 2.4s
try  6 · gen   69 · best    514.7 · elite    351.0 · median    120.5 · years  22.5 · road 0.34 · starved   864 · nobles  +5.1 · read 18.0 · walls  0.7 · fell 81.5% (mother 30.2%) · prince 21.8% · king 15.3% · crowned 12.0% (median year 33) · 2.4s
try  7 · gen   69 · best    557.1 · elite    395.2 · median    154.1 · years  21.6 · road 0.34 · starved   709 · nobles  +7.4 · read  3.9 · walls  1.9 · fell 75.4% (mother 29.4%) · prince 22.3% · king 16.8% · crowned 13.9% (median year 30) · 2.4s
try  8 · gen   69 · best    735.8 · elite    443.9 · median    151.4 · years  19.1 · road 0.38 · starved   734 · nobles  +1.1 · read 19.1 · walls  2.6 · fell 73.5% (mother 31.6%) · prince 23.5% · king 18.1% · crowned 13.3% (median year 27) · 2.4s
try  1 · gen   70 · best    375.7 · elite    158.7 · median     12.3 · years  56.4 · road 0.45 · starved  1740 · nobles  +2.2 · read 40.6 · walls  6.6 · fell 80.9% (mother 41.4%) · prince  8.3% · king  4.1% · crowned  2.7% (median year 69) · 2.5s
try  2 · gen   70 · best    418.8 · elite    233.5 · median     67.5 · years  43.2 · road 0.42 · starved  1372 · nobles  -2.5 · read 29.6 · walls  6.0 · fell 87.5% (mother 40.4%) · prince 18.1% · king  9.3% · crowned  7.0% (median year 60) · 2.5s
try  3 · gen   70 · best    589.2 · elite    388.0 · median    122.9 · years  21.1 · road 0.32 · starved   916 · nobles  +4.9 · read 10.1 · walls  1.3 · fell 78.2% (mother 32.5%) · prince 19.8% · king 15.6% · crowned 12.9% (median year 29) · 2.5s
try  4 · gen   70 · best    151.2 · elite    106.7 · median     39.0 · years  61.5 · road 0.45 · starved  1038 · nobles -10.7 · read 37.2 · walls  6.7 · fell 73.6% (mother 23.2%) · prince  1.8% · king  0.0% · crowned  0.0% · 2.4s
try  5 · gen   70 · best    770.6 · elite    410.5 · median    155.9 · years  20.1 · road 0.39 · starved   641 · nobles  +1.3 · read 16.2 · walls  1.9 · fell 74.9% (mother 29.1%) · prince 24.6% · king 17.0% · crowned 13.0% (median year 26) · 2.5s
try  6 · gen   70 · best    549.5 · elite    360.1 · median    129.7 · years  22.3 · road 0.34 · starved   837 · nobles  +5.3 · read 18.2 · walls  0.7 · fell 80.7% (mother 29.3%) · prince 22.2% · king 15.4% · crowned 12.3% (median year 32) · 2.5s
try  7 · gen   70 · best    589.8 · elite    397.9 · median    159.9 · years  21.3 · road 0.34 · starved   724 · nobles  +7.3 · read  3.5 · walls  1.8 · fell 74.6% (mother 31.1%) · prince 22.5% · king 17.2% · crowned 14.1% (median year 30) · 2.5s
try  8 · gen   70 · best    688.9 · elite    427.4 · median    160.5 · years  18.6 · road 0.38 · starved   726 · nobles  +1.5 · read 18.1 · walls  2.3 · fell 72.3% (mother 30.7%) · prince 23.4% · king 18.5% · crowned 13.7% (median year 26) · 2.4s
try  1 · gen   71 · best    261.9 · elite    148.3 · median     13.3 · years  55.6 · road 0.43 · starved  1719 · nobles  +4.0 · read 39.3 · walls  6.6 · fell 80.5% (mother 42.1%) · prince  8.9% · king  4.1% · crowned  2.7% (median year 72) · 2.4s
try  2 · gen   71 · best    440.2 · elite    260.1 · median     77.0 · years  40.9 · road 0.41 · starved  1304 · nobles  -1.3 · read 22.8 · walls  5.5 · fell 86.0% (mother 39.0%) · prince 18.6% · king 10.6% · crowned  8.3% (median year 57) · 2.5s
try  3 · gen   71 · best    671.6 · elite    387.9 · median    132.2 · years  20.7 · road 0.32 · starved   853 · nobles  +5.2 · read 10.7 · walls  1.2 · fell 77.2% (mother 32.0%) · prince 20.2% · king 16.2% · crowned 13.5% (median year 29) · 2.4s
try  4 · gen   71 · best    175.3 · elite    100.5 · median     34.5 · years  59.1 · road 0.44 · starved  1072 · nobles -10.1 · read 30.0 · walls  6.8 · fell 74.9% (mother 23.9%) · prince  1.7% · king  0.0% · crowned  0.0% · 2.5s
try  5 · gen   71 · best    666.5 · elite    420.4 · median    162.9 · years  20.0 · road 0.39 · starved   647 · nobles  +1.6 · read 16.0 · walls  1.9 · fell 74.8% (mother 27.9%) · prince 24.9% · king 17.0% · crowned 13.1% (median year 26) · 2.5s
try  6 · gen   71 · best    544.2 · elite    364.5 · median    127.5 · years  22.1 · road 0.34 · starved   864 · nobles  +4.9 · read 16.9 · walls  0.8 · fell 80.7% (mother 29.4%) · prince 22.6% · king 15.8% · crowned 12.4% (median year 32) · 2.5s
try  7 · gen   71 · best    581.3 · elite    412.4 · median    159.3 · years  20.9 · road 0.34 · starved   705 · nobles  +7.1 · read  3.8 · walls  1.8 · fell 73.1% (mother 30.3%) · prince 22.6% · king 17.6% · crowned 14.4% (median year 28) · 2.5s
try  8 · gen   71 · best    769.6 · elite    426.1 · median    157.2 · years  18.5 · road 0.37 · starved   732 · nobles  +1.5 · read 17.7 · walls  2.4 · fell 72.5% (mother 31.8%) · prince 23.2% · king 18.2% · crowned 13.7% (median year 27) · 2.5s
try  1 · gen   72 · best    361.4 · elite    152.7 · median     14.6 · years  53.5 · road 0.44 · starved  1665 · nobles  +6.4 · read 37.3 · walls  6.2 · fell 82.4% (mother 42.6%) · prince  7.4% · king  3.5% · crowned  2.3% (median year 70) · 2.4s
try  2 · gen   72 · best    371.5 · elite    240.9 · median     81.2 · years  39.8 · road 0.40 · starved  1292 · nobles  -0.6 · read 23.6 · walls  4.9 · fell 86.1% (mother 39.3%) · prince 18.4% · king 10.5% · crowned  8.2% (median year 56) · 2.4s
try  3 · gen   72 · best    582.1 · elite    371.9 · median    130.1 · years  20.7 · road 0.32 · starved   873 · nobles  +5.3 · read 11.0 · walls  1.2 · fell 77.6% (mother 32.2%) · prince 20.2% · king 16.2% · crowned 13.3% (median year 29) · 2.4s
try  4 · gen   72 · best    155.1 · elite     95.7 · median     33.7 · years  58.8 · road 0.44 · starved   964 · nobles -10.1 · read 31.7 · walls  7.0 · fell 74.9% (mother 23.3%) · prince  1.2% · king  0.0% · crowned  0.0% · 2.4s
try  5 · gen   72 · best    780.7 · elite    415.8 · median    165.9 · years  19.9 · road 0.38 · starved   630 · nobles  +1.8 · read 15.5 · walls  1.7 · fell 75.4% (mother 25.8%) · prince 24.2% · king 16.8% · crowned 13.3% (median year 26) · 2.4s
try  6 · gen   72 · best    565.7 · elite    362.0 · median    134.5 · years  22.2 · road 0.34 · starved   794 · nobles  +4.7 · read 18.1 · walls  0.8 · fell 79.9% (mother 27.9%) · prince 22.6% · king 16.0% · crowned 12.7% (median year 32) · 2.4s
try  7 · gen   72 · best    639.9 · elite    413.8 · median    171.0 · years  20.9 · road 0.34 · starved   664 · nobles  +7.2 · read  3.9 · walls  1.7 · fell 71.7% (mother 28.0%) · prince 23.5% · king 17.8% · crowned 14.7% (median year 28) · 2.4s
try  8 · gen   72 · best    648.0 · elite    427.2 · median    151.6 · years  18.5 · road 0.38 · starved   810 · nobles  +1.6 · read 17.4 · walls  2.4 · fell 73.2% (mother 32.3%) · prince 23.7% · king 18.5% · crowned 13.5% (median year 26) · 2.4s
try  1 · gen   73 · best    492.4 · elite    157.7 · median     18.7 · years  52.9 · road 0.44 · starved  1613 · nobles  +7.1 · read 39.0 · walls  6.1 · fell 83.0% (mother 41.5%) · prince  7.2% · king  3.6% · crowned  2.3% (median year 65) · 2.4s
try  2 · gen   73 · best    531.1 · elite    260.5 · median     79.4 · years  38.4 · road 0.39 · starved  1290 · nobles  +0.5 · read 24.0 · walls  4.8 · fell 86.0% (mother 38.5%) · prince 17.7% · king 10.6% · crowned  8.5% (median year 54) · 2.4s
try  3 · gen   73 · best    562.3 · elite    362.9 · median    124.8 · years  20.6 · road 0.33 · starved   910 · nobles  +4.9 · read 11.2 · walls  1.3 · fell 78.5% (mother 33.8%) · prince 20.4% · king 16.1% · crowned 13.0% (median year 29) · 2.4s
try  4 · gen   73 · best    151.8 · elite     95.1 · median     28.2 · years  57.2 · road 0.43 · starved  1035 · nobles  -9.9 · read 29.5 · walls  6.8 · fell 76.3% (mother 24.1%) · prince  1.8% · king  0.0% · crowned  0.0% · 2.4s
try  5 · gen   73 · best    645.3 · elite    424.9 · median    156.3 · years  19.9 · road 0.38 · starved   621 · nobles  +1.7 · read 15.1 · walls  1.6 · fell 76.3% (mother 26.9%) · prince 24.0% · king 16.6% · crowned 13.2% (median year 27) · 2.4s
try  6 · gen   73 · best    591.9 · elite    372.3 · median    145.6 · years  21.7 · road 0.34 · starved   745 · nobles  +4.8 · read 16.7 · walls  0.8 · fell 78.9% (mother 26.3%) · prince 23.0% · king 16.2% · crowned 13.1% (median year 31) · 2.4s
try  7 · gen   73 · best    759.9 · elite    431.2 · median    170.6 · years  20.6 · road 0.34 · starved   671 · nobles  +7.0 · read  4.0 · walls  1.6 · fell 71.7% (mother 28.6%) · prince 23.7% · king 18.0% · crowned 14.6% (median year 27) · 2.4s
try  8 · gen   73 · best    628.2 · elite    444.9 · median    153.6 · years  18.5 · road 0.38 · starved   738 · nobles  +1.7 · read 16.8 · walls  2.3 · fell 72.9% (mother 32.0%) · prince 24.0% · king 18.6% · crowned 13.6% (median year 26) · 2.4s
try  1 · gen   74 · best    379.7 · elite    151.1 · median     17.7 · years  52.3 · road 0.44 · starved  1705 · nobles  +6.1 · read 34.2 · walls  6.2 · fell 82.9% (mother 46.9%) · prince  9.3% · king  4.5% · crowned  2.8% (median year 68) · 2.4s
try  2 · gen   74 · best    438.7 · elite    263.9 · median     81.4 · years  36.3 · road 0.38 · starved  1212 · nobles  +1.6 · read 23.3 · walls  4.1 · fell 85.7% (mother 36.3%) · prince 17.5% · king 11.0% · crowned  8.8% (median year 51) · 2.4s
try  3 · gen   74 · best    696.4 · elite    385.7 · median    132.1 · years  20.6 · road 0.33 · starved   890 · nobles  +4.6 · read 11.3 · walls  1.3 · fell 78.0% (mother 33.8%) · prince 20.9% · king 16.3% · crowned 12.9% (median year 29) · 2.4s
try  4 · gen   74 · best    207.7 · elite    101.6 · median     33.6 · years  58.7 · road 0.43 · starved  1107 · nobles -10.4 · read 31.0 · walls  7.1 · fell 76.1% (mother 24.2%) · prince  2.6% · king  0.0% · crowned  0.0% · 2.4s
try  5 · gen   74 · best    685.0 · elite    410.7 · median    151.5 · years  19.7 · road 0.38 · starved   634 · nobles  +1.7 · read 15.6 · walls  1.5 · fell 77.5% (mother 24.5%) · prince 23.2% · king 16.6% · crowned 13.3% (median year 27) · 2.4s
try  6 · gen   74 · best    598.8 · elite    388.6 · median    142.5 · years  21.1 · road 0.34 · starved   722 · nobles  +5.0 · read 15.0 · walls  0.8 · fell 78.2% (mother 26.6%) · prince 23.2% · king 16.7% · crowned 13.4% (median year 30) · 2.4s
try  7 · gen   74 · best    632.6 · elite    437.4 · median    168.4 · years  20.3 · road 0.34 · starved   662 · nobles  +7.1 · read  4.1 · walls  1.6 · fell 71.2% (mother 29.0%) · prince 23.6% · king 17.9% · crowned 14.7% (median year 27) · 2.4s
try  8 · gen   74 · best    659.6 · elite    434.4 · median    167.1 · years  18.5 · road 0.37 · starved   702 · nobles  +1.9 · read 15.9 · walls  2.1 · fell 71.9% (mother 30.6%) · prince 24.0% · king 18.8% · crowned 14.1% (median year 26) · 2.4s
try  1 · gen   75 · best    406.5 · elite    185.4 · median     24.4 · years  51.0 · road 0.44 · starved  1716 · nobles  +5.1 · read 30.4 · walls  6.5 · fell 81.7% (mother 49.0%) · prince 11.6% · king  6.1% · crowned  4.0% (median year 66) · 2.4s
try  2 · gen   75 · best    412.1 · elite    281.4 · median     86.5 · years  34.9 · road 0.37 · starved  1112 · nobles  +2.5 · read 21.8 · walls  3.7 · fell 85.3% (mother 34.1%) · prince 17.3% · king 11.6% · crowned  9.5% (median year 51) · 2.4s
try  3 · gen   75 · best    651.3 · elite    387.2 · median    127.3 · years  20.7 · road 0.33 · starved   860 · nobles  +5.2 · read 10.8 · walls  1.3 · fell 77.2% (mother 30.5%) · prince 20.3% · king 16.0% · crowned 13.1% (median year 29) · 2.4s
try  4 · gen   75 · best    193.8 · elite     95.0 · median     31.5 · years  56.8 · road 0.43 · starved  1049 · nobles -10.2 · read 27.6 · walls  7.2 · fell 79.1% (mother 27.5%) · prince  3.5% · king  0.0% · crowned  0.0% · 2.4s
try  5 · gen   75 · best    637.3 · elite    412.5 · median    151.4 · years  19.3 · road 0.37 · starved   618 · nobles  +2.8 · read 14.2 · walls  1.2 · fell 78.3% (mother 24.8%) · prince 22.5% · king 16.2% · crowned 13.3% (median year 26) · 2.4s
try  6 · gen   75 · best    514.2 · elite    364.1 · median    145.4 · years  21.0 · road 0.34 · starved   760 · nobles  +5.0 · read 13.6 · walls  0.7 · fell 78.5% (mother 27.1%) · prince 22.8% · king 16.4% · crowned 13.1% (median year 30) · 2.4s
try  7 · gen   75 · best    613.0 · elite    410.0 · median    174.4 · years  20.3 · road 0.35 · starved   653 · nobles  +7.1 · read  4.4 · walls  1.6 · fell 71.9% (mother 28.6%) · prince 23.7% · king 17.7% · crowned 14.7% (median year 27) · 2.4s
try  8 · gen   75 · best    713.1 · elite    449.6 · median    171.4 · years  18.6 · road 0.38 · starved   690 · nobles  +2.3 · read 14.8 · walls  2.2 · fell 71.1% (mother 27.2%) · prince 24.2% · king 19.5% · crowned 14.4% (median year 26) · 2.4s
try  1 · gen   76 · best    508.3 · elite    232.0 · median     26.3 · years  48.7 · road 0.43 · starved  1747 · nobles  +2.0 · read 25.8 · walls  6.1 · fell 80.3% (mother 52.8%) · prince 16.4% · king  8.5% · crowned  5.4% (median year 66) · 2.4s
try  2 · gen   76 · best    429.7 · elite    278.5 · median     90.2 · years  32.8 · road 0.36 · starved  1069 · nobles  +3.8 · read 20.1 · walls  3.1 · fell 85.1% (mother 33.6%) · prince 17.0% · king 11.8% · crowned  9.9% (median year 49) · 2.4s
try  3 · gen   76 · best    635.5 · elite    388.2 · median    128.9 · years  20.6 · road 0.33 · starved   875 · nobles  +5.1 · read 10.6 · walls  1.4 · fell 76.9% (mother 31.4%) · prince 21.0% · king 16.5% · crowned 13.0% (median year 28) · 2.4s
try  4 · gen   76 · best    193.8 · elite     97.6 · median     30.1 · years  55.7 · road 0.43 · starved  1175 · nobles -10.1 · read 25.1 · walls  7.4 · fell 80.1% (mother 27.4%) · prince  3.5% · king  0.0% · crowned  0.0% (median year 79) · 2.4s
try  5 · gen   76 · best    651.2 · elite    395.3 · median    154.5 · years  19.5 · road 0.36 · starved   619 · nobles  +3.1 · read 14.5 · walls  1.1 · fell 78.8% (mother 24.3%) · prince 22.1% · king 16.0% · crowned 13.4% (median year 27) · 2.4s
try  6 · gen   76 · best    631.4 · elite    378.8 · median    147.0 · years  20.8 · road 0.34 · starved   760 · nobles  +5.4 · read 12.0 · walls  0.7 · fell 78.6% (mother 28.1%) · prince 22.8% · king 16.7% · crowned 13.2% (median year 30) · 2.4s
try  7 · gen   76 · best    618.2 · elite    404.3 · median    177.3 · years  20.2 · road 0.35 · starved   657 · nobles  +7.2 · read  4.5 · walls  1.6 · fell 71.5% (mother 28.5%) · prince 23.7% · king 17.6% · crowned 14.7% (median year 27) · 2.4s
try  8 · gen   76 · best    614.4 · elite    449.7 · median    178.5 · years  18.4 · road 0.37 · starved   662 · nobles  +3.1 · read 13.8 · walls  2.1 · fell 70.2% (mother 27.0%) · prince 23.9% · king 19.0% · crowned 14.6% (median year 26) · 2.4s
try  1 · gen   77 · best    516.0 · elite    282.6 · median     46.0 · years  42.0 · road 0.41 · starved  1607 · nobles  +0.7 · read 21.4 · walls  4.6 · fell 79.0% (mother 51.6%) · prince 21.6% · king 11.7% · crowned  7.5% (median year 55) · 2.5s
try  2 · gen   77 · best    465.1 · elite    289.5 · median     88.2 · years  32.0 · road 0.35 · starved  1034 · nobles  +4.2 · read 19.9 · walls  2.9 · fell 85.2% (mother 32.7%) · prince 17.1% · king 12.0% · crowned  9.8% (median year 48) · 2.5s
try  3 · gen   77 · best    733.9 · elite    370.6 · median    134.4 · years  20.3 · road 0.32 · starved   842 · nobles  +5.5 · read 10.3 · walls  1.3 · fell 77.0% (mother 31.4%) · prince 20.5% · king 16.2% · crowned 12.8% (median year 27) · 2.5s
try  4 · gen   77 · best    177.5 · elite     92.8 · median     30.1 · years  54.3 · road 0.42 · starved  1104 · nobles  -9.7 · read 20.7 · walls  7.4 · fell 81.8% (mother 28.5%) · prince  5.2% · king  0.0% · crowned  0.0% (median year 70) · 2.5s
try  5 · gen   77 · best    673.9 · elite    419.4 · median    149.6 · years  19.3 · road 0.36 · starved   615 · nobles  +3.7 · read 14.7 · walls  0.9 · fell 78.5% (mother 23.6%) · prince 22.0% · king 16.2% · crowned 13.5% (median year 27) · 2.5s
try  6 · gen   77 · best    627.5 · elite    370.9 · median    141.9 · years  21.1 · road 0.34 · starved   767 · nobles  +5.2 · read 12.2 · walls  0.7 · fell 79.2% (mother 27.3%) · prince 22.7% · king 16.6% · crowned 13.0% (median year 30) · 2.5s
try  7 · gen   77 · best    664.2 · elite    417.0 · median    169.4 · years  20.0 · road 0.35 · starved   666 · nobles  +7.2 · read  4.2 · walls  1.5 · fell 71.3% (mother 29.7%) · prince 23.6% · king 17.6% · crowned 14.7% (median year 27) · 2.5s
try  8 · gen   77 · best    672.4 · elite    431.5 · median    178.6 · years  18.2 · road 0.37 · starved   674 · nobles  +2.9 · read 12.6 · walls  2.1 · fell 71.2% (mother 28.8%) · prince 23.8% · king 18.9% · crowned 14.5% (median year 26) · 2.4s
try  1 · gen   78 · best    653.9 · elite    322.8 · median     67.6 · years  37.0 · road 0.40 · starved  1465 · nobles  +1.0 · read 20.8 · walls  3.4 · fell 80.2% (mother 50.4%) · prince 25.1% · king 13.1% · crowned  8.6% (median year 48) · 2.3s
try  2 · gen   78 · best    498.6 · elite    291.6 · median     91.9 · years  31.4 · road 0.34 · starved   996 · nobles  +5.1 · read 18.0 · walls  2.4 · fell 85.3% (mother 31.2%) · prince 16.6% · king 12.1% · crowned 10.1% (median year 48) · 2.3s
try  3 · gen   78 · best    535.5 · elite    379.6 · median    139.8 · years  20.2 · road 0.32 · starved   807 · nobles  +6.2 · read 11.0 · walls  1.4 · fell 76.7% (mother 30.8%) · prince 20.3% · king 16.2% · crowned 13.3% (median year 28) · 2.3s
try  4 · gen   78 · best    153.7 · elite     93.0 · median     28.4 · years  53.4 · road 0.41 · starved  1052 · nobles  -8.9 · read 17.9 · walls  7.2 · fell 81.0% (mother 28.1%) · prince  4.9% · king  0.0% · crowned  0.0% (median year 89) · 2.3s
try  5 · gen   78 · best    670.2 · elite    380.7 · median    141.2 · years  19.5 · road 0.36 · starved   694 · nobles  +3.8 · read 14.2 · walls  0.9 · fell 80.2% (mother 26.5%) · prince 21.6% · king 15.4% · crowned 12.7% (median year 27) · 2.2s
try  6 · gen   78 · best    622.6 · elite    378.8 · median    143.9 · years  21.3 · road 0.34 · starved   760 · nobles  +5.4 · read 13.6 · walls  0.7 · fell 78.4% (mother 25.0%) · prince 22.2% · king 16.4% · crowned 13.2% (median year 30) · 2.3s
try  7 · gen   78 · best    594.0 · elite    402.3 · median    170.7 · years  19.7 · road 0.35 · starved   674 · nobles  +7.3 · read  3.4 · walls  1.4 · fell 71.1% (mother 30.9%) · prince 23.7% · king 17.5% · crowned 14.7% (median year 26) · 2.3s
try  8 · gen   78 · best    667.8 · elite    454.6 · median    179.8 · years  17.8 · road 0.37 · starved   682 · nobles  +3.0 · read 10.7 · walls  2.1 · fell 70.0% (mother 29.9%) · prince 24.6% · king 19.5% · crowned 14.6% (median year 25) · 2.3s
try  1 · gen   79 · best    639.6 · elite    348.2 · median     86.1 · years  34.5 · road 0.40 · starved  1468 · nobles  +0.9 · read 20.1 · walls  3.1 · fell 79.2% (mother 49.1%) · prince 25.9% · king 14.9% · crowned  9.7% (median year 44) · 2.3s
try  2 · gen   79 · best    427.2 · elite    269.7 · median     84.9 · years  30.5 · road 0.33 · starved  1035 · nobles  +5.7 · read 16.2 · walls  2.2 · fell 86.2% (mother 32.1%) · prince 16.1% · king 11.7% · crowned  9.8% (median year 47) · 2.4s
try  3 · gen   79 · best    647.6 · elite    379.1 · median    133.6 · years  20.3 · road 0.32 · starved   828 · nobles  +6.0 · read 10.7 · walls  1.4 · fell 77.2% (mother 31.0%) · prince 20.5% · king 16.1% · crowned 13.1% (median year 28) · 2.3s
try  4 · gen   79 · best    173.0 · elite     93.8 · median     26.5 · years  53.5 · road 0.41 · starved  1064 · nobles  -8.6 · read 18.6 · walls  7.1 · fell 80.9% (mother 27.6%) · prince  5.1% · king  0.0% · crowned  0.0% (median year 75) · 2.3s
try  5 · gen   79 · best    666.3 · elite    385.7 · median    144.9 · years  19.5 · road 0.35 · starved   677 · nobles  +4.7 · read 14.0 · walls  0.9 · fell 79.7% (mother 26.2%) · prince 21.4% · king 15.4% · crowned 12.9% (median year 27) · 2.4s
try  6 · gen   79 · best    559.1 · elite    384.9 · median    153.1 · years  21.0 · road 0.34 · starved   711 · nobles  +5.1 · read 13.6 · walls  0.7 · fell 77.1% (mother 22.6%) · prince 22.8% · king 16.9% · crowned 13.6% (median year 29) · 2.4s
try  7 · gen   79 · best    605.5 · elite    405.4 · median    177.4 · years  19.9 · road 0.35 · starved   667 · nobles  +6.9 · read  3.4 · walls  1.3 · fell 70.7% (mother 29.4%) · prince 23.7% · king 17.8% · crowned 14.8% (median year 27) · 2.3s
try  8 · gen   79 · best    670.3 · elite    451.0 · median    180.7 · years  17.7 · road 0.37 · starved   691 · nobles  +3.5 · read 10.7 · walls  2.0 · fell 69.7% (mother 30.1%) · prince 24.2% · king 19.4% · crowned 14.8% (median year 25) · 2.4s
try  1 · gen   80 · best    609.9 · elite    374.9 · median     92.7 · years  31.8 · road 0.39 · starved  1621 · nobles  +1.9 · read 20.3 · walls  2.6 · fell 79.5% (mother 49.6%) · prince 27.1% · king 15.5% · crowned 10.2% (median year 41) · 2.4s
try  2 · gen   80 · best    472.9 · elite    256.5 · median     83.4 · years  30.1 · road 0.33 · starved  1039 · nobles  +6.4 · read 15.0 · walls  2.4 · fell 86.6% (mother 32.9%) · prince 15.1% · king 11.5% · crowned  9.6% (median year 48) · 2.4s
try  3 · gen   80 · best    721.1 · elite    378.4 · median    123.3 · years  20.2 · road 0.32 · starved   864 · nobles  +5.6 · read 10.8 · walls  1.4 · fell 77.7% (mother 32.7%) · prince 20.2% · king 15.8% · crowned 12.7% (median year 28) · 2.4s
try  4 · gen   80 · best    174.7 · elite     94.3 · median     27.1 · years  53.8 · road 0.41 · starved  1065 · nobles  -8.8 · read 19.1 · walls  6.8 · fell 79.8% (mother 27.8%) · prince  5.0% · king  0.0% · crowned  0.0% (median year 86) · 2.3s
try  5 · gen   80 · best    682.1 · elite    371.9 · median    147.1 · years  19.0 · road 0.35 · starved   659 · nobles  +5.4 · read 13.0 · walls  0.8 · fell 79.3% (mother 27.5%) · prince 21.4% · king 15.4% · crowned 13.0% (median year 26) · 2.4s
try  6 · gen   80 · best    659.4 · elite    374.9 · median    155.3 · years  20.6 · road 0.34 · starved   743 · nobles  +4.5 · read 12.9 · walls  0.8 · fell 76.7% (mother 24.8%) · prince 22.4% · king 17.1% · crowned 13.6% (median year 28) · 2.4s
try  7 · gen   80 · best    675.8 · elite    406.5 · median    170.8 · years  19.8 · road 0.35 · starved   671 · nobles  +6.8 · read  3.0 · walls  1.3 · fell 71.6% (mother 28.3%) · prince 23.5% · king 17.7% · crowned 14.6% (median year 26) · 2.3s
try  8 · gen   80 · best    646.4 · elite    447.4 · median    190.9 · years  17.6 · road 0.37 · starved   660 · nobles  +4.2 · read  9.8 · walls  2.1 · fell 68.0% (mother 29.4%) · prince 25.0% · king 20.0% · crowned 15.1% (median year 25) · 2.4s
try  1 · gen   81 · best    737.8 · elite    410.3 · median    121.4 · years  29.1 · road 0.39 · starved  1159 · nobles  +2.0 · read 17.3 · walls  2.7 · fell 76.1% (mother 45.1%) · prince 27.6% · king 16.8% · crowned 11.7% (median year 37) · 2.4s
try  2 · gen   81 · best    527.3 · elite    252.5 · median     69.1 · years  30.0 · road 0.32 · starved  1101 · nobles  +6.2 · read 14.4 · walls  2.3 · fell 87.3% (mother 34.8%) · prince 14.7% · king 11.0% · crowned  9.1% (median year 48) · 2.4s
try  3 · gen   81 · best    655.3 · elite    372.2 · median    138.7 · years  20.3 · road 0.32 · starved   828 · nobles  +5.7 · read 10.9 · walls  1.5 · fell 77.3% (mother 31.4%) · prince 20.8% · king 16.2% · crowned 13.2% (median year 28) · 2.4s
try  4 · gen   81 · best    152.4 · elite     94.8 · median     24.3 · years  52.2 · road 0.40 · starved  1107 · nobles  -8.2 · read 19.0 · walls  6.8 · fell 80.9% (mother 28.5%) · prince  5.2% · king  0.0% · crowned  0.0% · 2.4s
try  5 · gen   81 · best    716.2 · elite    376.4 · median    151.7 · years  19.2 · road 0.35 · starved   668 · nobles  +4.5 · read 13.5 · walls  0.9 · fell 79.7% (mother 26.1%) · prince 21.5% · king 15.3% · crowned 12.9% (median year 27) · 2.4s
try  6 · gen   81 · best    626.5 · elite    384.4 · median    158.5 · years  20.5 · road 0.34 · starved   744 · nobles  +4.8 · read 11.9 · walls  0.7 · fell 76.3% (mother 25.2%) · prince 23.0% · king 17.7% · crowned 13.7% (median year 28) · 2.4s
try  7 · gen   81 · best    761.2 · elite    415.8 · median    172.8 · years  19.6 · road 0.34 · starved   656 · nobles  +7.1 · read  2.8 · walls  1.3 · fell 71.2% (mother 28.2%) · prince 23.0% · king 17.7% · crowned 14.7% (median year 26) · 2.4s
try  8 · gen   81 · best    592.0 · elite    445.2 · median    191.0 · years  18.0 · road 0.37 · starved   661 · nobles  +4.6 · read  9.4 · walls  2.1 · fell 68.0% (mother 27.3%) · prince 25.3% · king 19.8% · crowned 15.1% (median year 24) · 2.4s
try  1 · gen   82 · best    684.0 · elite    410.4 · median    136.9 · years  27.5 · road 0.39 · starved  1175 · nobles  +2.1 · read 15.4 · walls  2.7 · fell 73.6% (mother 43.6%) · prince 28.3% · king 17.8% · crowned 12.4% (median year 35) · 2.4s
try  2 · gen   82 · best    437.9 · elite    242.0 · median     62.9 · years  30.6 · road 0.32 · starved  1170 · nobles  +6.6 · read 15.1 · walls  2.5 · fell 87.9% (mother 33.6%) · prince 14.7% · king 10.6% · crowned  8.7% (median year 49) · 2.4s
try  3 · gen   82 · best    629.7 · elite    391.4 · median    132.6 · years  20.3 · road 0.33 · starved   834 · nobles  +5.3 · read 11.2 · walls  1.5 · fell 77.2% (mother 31.3%) · prince 20.5% · king 16.0% · crowned 13.1% (median year 28) · 2.4s
try  4 · gen   82 · best    190.9 · elite     99.2 · median     27.0 · years  52.4 · road 0.40 · starved  1074 · nobles  -7.9 · read 19.8 · walls  6.9 · fell 80.8% (mother 28.6%) · prince  5.5% · king  0.0% · crowned  0.0% (median year 87) · 2.4s
try  5 · gen   82 · best    634.6 · elite    378.8 · median    148.5 · years  18.8 · road 0.35 · starved   642 · nobles  +4.2 · read 12.7 · walls  1.0 · fell 79.4% (mother 26.9%) · prince 20.9% · king 15.4% · crowned 13.1% (median year 26) · 2.4s
try  6 · gen   82 · best    599.3 · elite    386.2 · median    156.8 · years  20.4 · road 0.34 · starved   669 · nobles  +4.6 · read 12.5 · walls  0.7 · fell 75.0% (mother 24.4%) · prince 23.0% · king 17.8% · crowned 13.9% (median year 28) · 2.4s
try  7 · gen   82 · best    656.3 · elite    416.1 · median    171.9 · years  19.5 · road 0.35 · starved   641 · nobles  +7.2 · read  2.6 · walls  1.3 · fell 69.8% (mother 27.8%) · prince 23.6% · king 17.8% · crowned 14.7% (median year 25) · 2.4s
try  8 · gen   82 · best    634.2 · elite    448.0 · median    184.9 · years  17.9 · road 0.37 · starved   677 · nobles  +5.0 · read  9.3 · walls  2.2 · fell 67.7% (mother 29.0%) · prince 25.6% · king 19.9% · crowned 15.0% (median year 24) · 2.4s
try  1 · gen   83 · best    911.8 · elite    433.6 · median    147.9 · years  26.2 · road 0.40 · starved  1057 · nobles  +2.4 · read 13.2 · walls  2.6 · fell 71.3% (mother 43.1%) · prince 29.1% · king 18.2% · crowned 13.0% (median year 33) · 2.4s
try  2 · gen   83 · best    471.8 · elite    248.4 · median     67.1 · years  31.3 · road 0.33 · starved  1174 · nobles  +6.8 · read 15.3 · walls  2.9 · fell 87.3% (mother 34.7%) · prince 14.7% · king 11.1% · crowned  9.2% (median year 51) · 2.4s
try  3 · gen   83 · best    687.6 · elite    370.1 · median    131.4 · years  20.3 · road 0.33 · starved   872 · nobles  +5.6 · read 10.5 · walls  1.5 · fell 77.9% (mother 33.9%) · prince 20.9% · king 16.1% · crowned 12.8% (median year 27) · 2.4s
try  4 · gen   83 · best    183.1 · elite     98.4 · median     27.4 · years  51.2 · road 0.40 · starved  1110 · nobles  -7.2 · read 20.3 · walls  6.9 · fell 81.6% (mother 30.0%) · prince  6.4% · king  0.0% · crowned  0.0% · 2.4s
try  5 · gen   83 · best    537.1 · elite    378.7 · median    152.3 · years  18.6 · road 0.36 · starved   670 · nobles  +4.2 · read 12.6 · walls  1.0 · fell 78.8% (mother 28.0%) · prince 21.1% · king 15.6% · crowned 13.2% (median year 26) · 2.4s
try  6 · gen   83 · best    583.4 · elite    400.6 · median    161.6 · years  20.5 · road 0.34 · starved   683 · nobles  +4.4 · read 11.9 · walls  0.8 · fell 75.0% (mother 24.7%) · prince 22.9% · king 17.9% · crowned 14.2% (median year 28) · 2.4s
try  7 · gen   83 · best    588.3 · elite    411.8 · median    175.8 · years  19.5 · road 0.35 · starved   631 · nobles  +7.0 · read  2.4 · walls  1.4 · fell 69.7% (mother 26.7%) · prince 23.8% · king 17.8% · crowned 14.7% (median year 25) · 2.4s
try  8 · gen   83 · best    631.5 · elite    442.3 · median    187.8 · years  17.8 · road 0.37 · starved   685 · nobles  +5.0 · read  9.3 · walls  2.1 · fell 68.4% (mother 29.4%) · prince 25.3% · king 19.9% · crowned 14.9% (median year 24) · 2.4s
try  1 · gen   84 · best    741.3 · elite    456.7 · median    145.5 · years  25.4 · road 0.40 · starved  1054 · nobles  +2.1 · read 13.4 · walls  2.6 · fell 70.6% (mother 43.5%) · prince 29.7% · king 19.1% · crowned 13.3% (median year 32) · 2.4s
try  2 · gen   84 · best    373.8 · elite    243.4 · median     66.2 · years  31.7 · road 0.33 · starved  1152 · nobles  +7.0 · read 15.7 · walls  3.1 · fell 87.0% (mother 35.6%) · prince 14.7% · king 11.1% · crowned  9.2% (median year 52) · 2.4s
try  3 · gen   84 · best    606.5 · elite    398.0 · median    135.4 · years  20.6 · road 0.33 · starved   829 · nobles  +5.5 · read 11.5 · walls  1.6 · fell 76.9% (mother 32.1%) · prince 21.2% · king 16.5% · crowned 13.4% (median year 28) · 2.4s
try  4 · gen   84 · best    174.4 · elite     99.1 · median     29.1 · years  51.5 · road 0.40 · starved  1055 · nobles  -7.4 · read 18.9 · walls  6.9 · fell 80.6% (mother 28.7%) · prince  5.8% · king  0.0% · crowned  0.0% (median year 58) · 2.4s
try  5 · gen   84 · best    551.9 · elite    372.3 · median    145.3 · years  18.5 · road 0.36 · starved   654 · nobles  +3.6 · read 12.7 · walls  1.0 · fell 79.6% (mother 27.7%) · prince 20.8% · king 15.3% · crowned 13.2% (median year 26) · 2.4s
try  6 · gen   84 · best    700.1 · elite    402.2 · median    157.4 · years  20.4 · road 0.34 · starved   648 · nobles  +4.5 · read 11.5 · walls  0.8 · fell 75.1% (mother 24.8%) · prince 23.0% · king 17.7% · crowned 13.9% (median year 28) · 2.4s
try  7 · gen   84 · best    704.6 · elite    440.2 · median    182.2 · years  19.2 · road 0.35 · starved   561 · nobles  +6.9 · read  2.1 · walls  1.4 · fell 67.8% (mother 22.9%) · prince 24.5% · king 18.4% · crowned 15.2% (median year 24) · 2.4s
try  8 · gen   84 · best    627.5 · elite    442.4 · median    174.8 · years  17.4 · road 0.36 · starved   703 · nobles  +5.2 · read  8.7 · walls  2.1 · fell 69.4% (mother 33.5%) · prince 24.8% · king 19.2% · crowned 14.5% (median year 24) · 2.4s
try  1 · gen   85 · best    729.0 · elite    455.2 · median    163.4 · years  24.8 · road 0.40 · starved  1010 · nobles  +2.6 · read 11.9 · walls  2.6 · fell 67.6% (mother 41.4%) · prince 29.8% · king 19.4% · crowned 13.7% (median year 31) · 2.5s
try  2 · gen   85 · best    470.7 · elite    247.5 · median     69.4 · years  32.2 · road 0.33 · starved  1194 · nobles  +6.9 · read 14.9 · walls  3.2 · fell 86.7% (mother 35.0%) · prince 15.5% · king 11.5% · crowned  9.3% (median year 52) · 2.4s
try  3 · gen   85 · best    550.9 · elite    392.0 · median    139.7 · years  20.5 · road 0.33 · starved   830 · nobles  +5.5 · read 11.6 · walls  1.7 · fell 76.7% (mother 32.1%) · prince 21.7% · king 16.6% · crowned 13.4% (median year 28) · 2.5s
try  4 · gen   85 · best    152.6 · elite    102.3 · median     28.8 · years  50.7 · road 0.40 · starved  1008 · nobles  -7.0 · read 17.8 · walls  7.0 · fell 80.4% (mother 28.7%) · prince  5.9% · king  0.0% · crowned  0.0% · 2.4s
try  5 · gen   85 · best    613.3 · elite    385.1 · median    144.8 · years  18.8 · road 0.36 · starved   671 · nobles  +3.6 · read 12.5 · walls  1.0 · fell 80.5% (mother 27.9%) · prince 20.7% · king 15.4% · crowned 13.2% (median year 27) · 2.4s
try  6 · gen   85 · best    617.3 · elite    393.9 · median    158.3 · years  20.3 · road 0.34 · starved   645 · nobles  +5.1 · read 10.6 · walls  0.8 · fell 75.0% (mother 25.7%) · prince 22.9% · king 17.7% · crowned 13.8% (median year 27) · 2.4s
try  7 · gen   85 · best    559.9 · elite    426.0 · median    187.8 · years  19.0 · road 0.35 · starved   536 · nobles  +6.8 · read  2.3 · walls  1.5 · fell 67.3% (mother 22.1%) · prince 24.6% · king 19.0% · crowned 15.3% (median year 24) · 2.5s
try  8 · gen   85 · best    627.9 · elite    438.2 · median    190.7 · years  17.4 · road 0.37 · starved   662 · nobles  +4.9 · read  8.9 · walls  2.1 · fell 68.0% (mother 30.5%) · prince 25.1% · king 19.9% · crowned 15.1% (median year 24) · 2.5s
try  1 · gen   86 · best    695.6 · elite    458.5 · median    169.4 · years  23.8 · road 0.40 · starved   966 · nobles  +3.1 · read 10.6 · walls  2.7 · fell 65.3% (mother 39.5%) · prince 30.7% · king 19.9% · crowned 14.0% (median year 29) · 2.5s
try  2 · gen   86 · best    379.9 · elite    232.4 · median     59.2 · years  32.2 · road 0.33 · starved  1405 · nobles  +6.6 · read 14.2 · walls  3.6 · fell 87.2% (mother 37.6%) · prince 15.2% · king 11.2% · crowned  8.9% (median year 54) · 2.5s
try  3 · gen   86 · best    667.7 · elite    390.1 · median    136.1 · years  20.3 · road 0.34 · starved   846 · nobles  +5.4 · read 11.1 · walls  1.8 · fell 77.6% (mother 33.2%) · prince 21.5% · king 16.3% · crowned 13.2% (median year 28) · 2.5s
try  4 · gen   86 · best    151.7 · elite     90.8 · median     29.6 · years  49.9 · road 0.39 · starved  1052 · nobles  -6.3 · read 18.3 · walls  7.0 · fell 80.5% (mother 29.4%) · prince  5.7% · king  0.0% · crowned  0.0% · 2.5s
try  5 · gen   86 · best    535.2 · elite    378.5 · median    151.6 · years  18.6 · road 0.36 · starved   650 · nobles  +3.5 · read 12.0 · walls  1.0 · fell 79.8% (mother 26.3%) · prince 20.7% · king 15.6% · crowned 13.3% (median year 27) · 2.5s
try  6 · gen   86 · best    605.5 · elite    384.9 · median    165.4 · years  20.2 · road 0.34 · starved   660 · nobles  +5.6 · read  9.5 · walls  0.7 · fell 74.4% (mother 24.8%) · prince 23.0% · king 17.6% · crowned 14.1% (median year 27) · 2.6s
try  7 · gen   86 · best    707.0 · elite    421.3 · median    187.6 · years  18.8 · road 0.35 · starved   553 · nobles  +6.8 · read  2.1 · walls  1.4 · fell 67.7% (mother 23.0%) · prince 24.2% · king 18.6% · crowned 15.1% (median year 24) · 2.5s
try  8 · gen   86 · best    616.4 · elite    454.9 · median    183.6 · years  17.4 · road 0.36 · starved   655 · nobles  +5.1 · read  8.0 · walls  1.9 · fell 67.6% (mother 28.1%) · prince 25.5% · king 20.1% · crowned 15.1% (median year 24) · 2.6s
try  1 · gen   87 · best    677.4 · elite    457.0 · median    176.8 · years  23.1 · road 0.41 · starved   953 · nobles  +3.1 · read  9.6 · walls  2.7 · fell 64.4% (mother 39.7%) · prince 30.7% · king 20.3% · crowned 14.4% (median year 28) · 2.3s
try  2 · gen   87 · best    410.0 · elite    247.6 · median     67.5 · years  32.1 · road 0.33 · starved  1353 · nobles  +6.7 · read 13.7 · walls  3.7 · fell 85.9% (mother 36.9%) · prince 15.8% · king 12.0% · crowned  9.6% (median year 53) · 2.3s
try  3 · gen   87 · best    688.5 · elite    386.6 · median    139.5 · years  20.2 · road 0.34 · starved   838 · nobles  +5.1 · read 10.5 · walls  1.9 · fell 77.3% (mother 33.4%) · prince 21.4% · king 16.7% · crowned 13.3% (median year 28) · 2.2s
try  4 · gen   87 · best    138.6 · elite     94.6 · median     28.7 · years  49.6 · road 0.39 · starved  1050 · nobles  -5.9 · read 17.5 · walls  7.0 · fell 81.0% (mother 28.2%) · prince  5.7% · king  0.0% · crowned  0.0% · 2.3s
try  5 · gen   87 · best    610.7 · elite    372.5 · median    141.5 · years  18.8 · road 0.36 · starved   689 · nobles  +4.1 · read 11.8 · walls  1.1 · fell 80.5% (mother 28.0%) · prince 20.4% · king 15.1% · crowned 13.0% (median year 27) · 2.3s
try  6 · gen   87 · best    704.6 · elite    386.1 · median    166.1 · years  20.0 · road 0.34 · starved   619 · nobles  +5.9 · read 10.4 · walls  0.7 · fell 74.0% (mother 24.4%) · prince 22.3% · king 17.4% · crowned 14.3% (median year 27) · 2.3s
try  7 · gen   87 · best    706.7 · elite    421.5 · median    189.3 · years  18.9 · road 0.35 · starved   555 · nobles  +6.8 · read  2.2 · walls  1.5 · fell 67.8% (mother 22.9%) · prince 23.9% · king 18.5% · crowned 15.1% (median year 24) · 2.3s
try  8 · gen   87 · best    570.8 · elite    437.8 · median    184.1 · years  17.1 · road 0.36 · starved   675 · nobles  +4.7 · read  7.6 · walls  1.8 · fell 68.6% (mother 30.9%) · prince 25.3% · king 20.0% · crowned 14.8% (median year 23) · 2.3s
try  1 · gen   88 · best    805.7 · elite    475.2 · median    174.6 · years  22.2 · road 0.40 · starved  1031 · nobles  +3.6 · read  8.7 · walls  2.6 · fell 65.0% (mother 41.9%) · prince 30.5% · king 20.4% · crowned 14.4% (median year 28) · 2.9s
try  2 · gen   88 · best    402.2 · elite    252.4 · median     74.1 · years  32.4 · road 0.34 · starved  1256 · nobles  +6.5 · read 14.3 · walls  3.9 · fell 85.5% (mother 34.8%) · prince 15.9% · king 12.2% · crowned  9.8% (median year 52) · 2.9s
try  3 · gen   88 · best    646.6 · elite    398.2 · median    136.2 · years  20.0 · road 0.33 · starved   836 · nobles  +5.4 · read 10.0 · walls  1.8 · fell 77.7% (mother 34.2%) · prince 20.9% · king 16.3% · crowned 13.1% (median year 27) · 2.9s
try  4 · gen   88 · best    168.3 · elite     97.3 · median     25.6 · years  49.2 · road 0.39 · starved  1064 · nobles  -5.6 · read 16.5 · walls  7.1 · fell 81.4% (mother 29.6%) · prince  5.7% · king  0.0% · crowned  0.0% (median year 98) · 2.9s
try  5 · gen   88 · best    558.5 · elite    360.1 · median    145.1 · years  18.7 · road 0.36 · starved   697 · nobles  +3.7 · read 12.1 · walls  1.1 · fell 80.6% (mother 27.3%) · prince 20.5% · king 15.2% · crowned 12.9% (median year 27) · 2.9s
try  6 · gen   88 · best    603.4 · elite    389.4 · median    169.8 · years  19.8 · road 0.34 · starved   621 · nobles  +5.5 · read 10.2 · walls  0.7 · fell 74.1% (mother 24.7%) · prince 22.6% · king 17.5% · crowned 14.4% (median year 26) · 2.9s
try  7 · gen   88 · best    566.5 · elite    420.6 · median    182.8 · years  19.0 · road 0.35 · starved   562 · nobles  +6.9 · read  2.6 · walls  1.5 · fell 69.0% (mother 22.9%) · prince 23.5% · king 18.5% · crowned 15.0% (median year 24) · 2.9s
try  8 · gen   88 · best    619.8 · elite    447.1 · median    182.9 · years  17.3 · road 0.37 · starved   692 · nobles  +4.7 · read  7.6 · walls  1.9 · fell 68.1% (mother 30.1%) · prince 25.8% · king 19.9% · crowned 14.8% (median year 23) · 2.9s
try  1 · gen   89 · best    756.5 · elite    471.4 · median    176.6 · years  22.3 · road 0.40 · starved   958 · nobles  +3.6 · read  8.6 · walls  2.6 · fell 63.9% (mother 41.7%) · prince 30.9% · king 20.8% · crowned 14.5% (median year 28) · 2.9s
try  2 · gen   89 · best    482.8 · elite    253.4 · median     67.7 · years  32.4 · road 0.34 · starved  1222 · nobles  +6.2 · read 14.2 · walls  4.0 · fell 85.6% (mother 35.0%) · prince 15.9% · king 12.2% · crowned  9.7% (median year 52) · 2.9s
try  3 · gen   89 · best    512.4 · elite    377.2 · median    138.3 · years  20.0 · road 0.33 · starved   810 · nobles  +5.7 · read 10.1 · walls  1.6 · fell 77.3% (mother 32.4%) · prince 20.8% · king 16.3% · crowned 13.2% (median year 27) · 2.9s
try  4 · gen   89 · best    158.3 · elite     98.3 · median     26.2 · years  49.1 · road 0.39 · starved  1080 · nobles  -5.2 · read 19.1 · walls  7.1 · fell 82.4% (mother 29.2%) · prince  6.4% · king  0.0% · crowned  0.0% · 2.9s
try  5 · gen   89 · best    634.1 · elite    379.1 · median    140.1 · years  18.4 · road 0.35 · starved   687 · nobles  +4.1 · read 11.4 · walls  1.0 · fell 80.5% (mother 28.1%) · prince 19.9% · king 15.2% · crowned 13.0% (median year 27) · 2.9s
try  6 · gen   89 · best    588.2 · elite    397.2 · median    174.4 · years  19.6 · road 0.34 · starved   588 · nobles  +4.8 · read 10.4 · walls  0.7 · fell 73.2% (mother 23.5%) · prince 22.9% · king 18.1% · crowned 14.6% (median year 26) · 2.9s
try  7 · gen   89 · best    647.6 · elite    424.6 · median    181.8 · years  19.0 · road 0.35 · starved   589 · nobles  +7.1 · read  2.6 · walls  1.5 · fell 69.4% (mother 23.2%) · prince 23.7% · king 18.3% · crowned 14.7% (median year 24) · 2.9s
try  8 · gen   89 · best    785.0 · elite    452.7 · median    186.6 · years  17.2 · road 0.37 · starved   670 · nobles  +5.5 · read  7.4 · walls  1.9 · fell 67.8% (mother 30.0%) · prince 25.9% · king 19.8% · crowned 14.9% (median year 23) · 2.9s
try  1 · gen   90 · best    712.8 · elite    470.1 · median    184.1 · years  22.8 · road 0.41 · starved   968 · nobles  +3.2 · read  8.6 · walls  2.6 · fell 63.7% (mother 41.8%) · prince 31.9% · king 20.7% · crowned 14.3% (median year 28) · 2.3s
try  2 · gen   90 · best    421.9 · elite    261.1 · median     71.6 · years  32.7 · road 0.34 · starved  1198 · nobles  +6.5 · read 15.5 · walls  3.9 · fell 85.4% (mother 34.6%) · prince 15.8% · king 12.0% · crowned  9.8% (median year 53) · 2.3s
try  3 · gen   90 · best    674.1 · elite    380.0 · median    136.3 · years  19.6 · road 0.33 · starved   842 · nobles  +5.5 · read  9.6 · walls  1.6 · fell 78.7% (mother 36.6%) · prince 20.4% · king 16.0% · crowned 12.9% (median year 27) · 2.3s
try  4 · gen   90 · best    174.4 · elite     99.2 · median     26.6 · years  48.9 · road 0.38 · starved  1079 · nobles  -5.0 · read 19.9 · walls  7.0 · fell 82.0% (mother 28.3%) · prince  5.4% · king  0.0% · crowned  0.0% · 2.3s
try  5 · gen   90 · best    618.9 · elite    373.9 · median    139.4 · years  18.7 · road 0.35 · starved   694 · nobles  +4.0 · read 11.5 · walls  1.2 · fell 80.5% (mother 26.7%) · prince 20.1% · king 15.2% · crowned 13.1% (median year 27) · 2.3s
try  6 · gen   90 · best    802.9 · elite    398.9 · median    169.2 · years  19.5 · road 0.34 · starved   619 · nobles  +5.2 · read 10.5 · walls  0.7 · fell 73.4% (mother 25.4%) · prince 22.9% · king 17.9% · crowned 14.5% (median year 26) · 2.3s
try  7 · gen   90 · best    807.3 · elite    446.6 · median    187.3 · years  18.8 · road 0.35 · starved   550 · nobles  +7.1 · read  2.4 · walls  1.5 · fell 68.0% (mother 22.0%) · prince 23.7% · king 18.8% · crowned 15.3% (median year 24) · 2.3s
try  8 · gen   90 · best    721.6 · elite    438.3 · median    180.6 · years  17.7 · road 0.37 · starved   708 · nobles  +5.3 · read  7.4 · walls  2.1 · fell 69.4% (mother 30.0%) · prince 25.9% · king 19.3% · crowned 14.4% (median year 24) · 2.3s
try  1 · gen   91 · best    814.4 · elite    476.3 · median    196.2 · years  22.1 · road 0.41 · starved   951 · nobles  +3.7 · read  9.0 · walls  2.7 · fell 62.0% (mother 41.5%) · prince 33.0% · king 21.8% · crowned 15.0% (median year 27) · 2.3s
try  2 · gen   91 · best    397.9 · elite    251.0 · median     68.6 · years  33.2 · road 0.33 · starved  1191 · nobles  +6.8 · read 15.8 · walls  3.7 · fell 85.5% (mother 34.1%) · prince 15.9% · king 12.1% · crowned  9.8% (median year 55) · 2.3s
try  3 · gen   91 · best    717.0 · elite    370.4 · median    128.6 · years  20.1 · road 0.33 · starved   876 · nobles  +5.4 · read 10.4 · walls  1.7 · fell 78.5% (mother 36.7%) · prince 21.2% · king 16.2% · crowned 12.8% (median year 28) · 2.3s
try  4 · gen   91 · best    179.3 · elite     99.5 · median     28.3 · years  48.6 · road 0.38 · starved  1208 · nobles  -4.7 · read 18.7 · walls  7.0 · fell 82.2% (mother 27.7%) · prince  5.1% · king  0.0% · crowned  0.0% (median year 55) · 2.3s
try  5 · gen   91 · best    678.4 · elite    383.9 · median    148.7 · years  18.5 · road 0.36 · starved   652 · nobles  +4.3 · read 12.0 · walls  1.2 · fell 79.3% (mother 25.5%) · prince 20.4% · king 15.7% · crowned 13.6% (median year 27) · 2.3s
try  6 · gen   91 · best    619.6 · elite    405.3 · median    165.2 · years  19.2 · road 0.34 · starved   627 · nobles  +5.3 · read 10.2 · walls  0.8 · fell 73.7% (mother 25.5%) · prince 23.0% · king 17.6% · crowned 14.4% (median year 26) · 2.3s
try  7 · gen   91 · best    674.7 · elite    430.4 · median    188.7 · years  18.8 · road 0.35 · starved   563 · nobles  +7.6 · read  1.9 · walls  1.6 · fell 67.4% (mother 22.9%) · prince 23.2% · king 18.5% · crowned 15.4% (median year 24) · 2.3s
try  8 · gen   91 · best    713.3 · elite    432.9 · median    176.9 · years  17.2 · road 0.37 · starved   719 · nobles  +6.0 · read  7.0 · walls  2.2 · fell 69.9% (mother 32.6%) · prince 25.9% · king 19.1% · crowned 14.3% (median year 24) · 2.3s
try  1 · gen   92 · best    738.2 · elite    478.4 · median    189.1 · years  22.4 · road 0.42 · starved   943 · nobles  +3.3 · read  9.1 · walls  2.8 · fell 62.5% (mother 42.3%) · prince 32.8% · king 21.4% · crowned 14.8% (median year 27) · 2.2s
try  2 · gen   92 · best    443.0 · elite    249.2 · median     65.3 · years  33.5 · road 0.33 · starved  1272 · nobles  +6.7 · read 15.9 · walls  4.0 · fell 86.0% (mother 35.0%) · prince 15.6% · king 11.8% · crowned  9.5% (median year 56) · 2.2s
try  3 · gen   92 · best    544.0 · elite    388.6 · median    134.5 · years  20.1 · road 0.33 · starved   848 · nobles  +5.7 · read  9.8 · walls  1.7 · fell 78.2% (mother 35.2%) · prince 21.5% · king 16.4% · crowned 12.8% (median year 28) · 2.2s
try  4 · gen   92 · best    152.5 · elite    101.8 · median     30.4 · years  48.4 · road 0.38 · starved  1108 · nobles  -4.7 · read 18.6 · walls  6.9 · fell 81.8% (mother 27.0%) · prince  5.5% · king  0.0% · crowned  0.0% (median year 87) · 2.2s
try  5 · gen   92 · best    552.9 · elite    379.2 · median    152.7 · years  18.3 · road 0.36 · starved   633 · nobles  +4.5 · read 11.8 · walls  1.2 · fell 79.0% (mother 25.0%) · prince 20.5% · king 15.7% · crowned 13.8% (median year 27) · 2.2s
try  6 · gen   92 · best    560.5 · elite    393.2 · median    169.9 · years  19.4 · road 0.34 · starved   686 · nobles  +5.3 · read  9.9 · walls  0.8 · fell 74.0% (mother 26.8%) · prince 22.9% · king 17.8% · crowned 14.4% (median year 26) · 2.2s
try  7 · gen   92 · best    631.7 · elite    419.4 · median    198.7 · years  18.7 · road 0.35 · starved   556 · nobles  +7.7 · read  2.1 · walls  1.6 · fell 66.7% (mother 23.1%) · prince 23.8% · king 18.6% · crowned 15.4% (median year 24) · 2.2s
try  8 · gen   92 · best    686.4 · elite    452.6 · median    178.6 · years  17.5 · road 0.37 · starved   738 · nobles  +6.3 · read  7.0 · walls  2.3 · fell 69.9% (mother 31.1%) · prince 26.1% · king 19.2% · crowned 14.3% (median year 24) · 2.2s
try  1 · gen   93 · best    773.1 · elite    482.0 · median    195.0 · years  22.2 · road 0.42 · starved   911 · nobles  +3.4 · read  7.8 · walls  2.8 · fell 60.9% (mother 41.3%) · prince 33.5% · king 21.7% · crowned 14.9% (median year 27) · 2.1s
try  2 · gen   93 · best    352.3 · elite    227.6 · median     60.7 · years  33.9 · road 0.33 · starved  1301 · nobles  +6.6 · read 16.3 · walls  4.1 · fell 86.5% (mother 35.7%) · prince 15.3% · king 11.6% · crowned  9.2% (median year 57) · 2.1s
try  3 · gen   93 · best    533.4 · elite    379.1 · median    134.3 · years  19.7 · road 0.33 · starved   821 · nobles  +5.9 · read  9.7 · walls  1.6 · fell 77.7% (mother 34.6%) · prince 21.2% · king 16.4% · crowned 13.1% (median year 27) · 2.1s
try  4 · gen   93 · best    183.3 · elite    105.1 · median     30.6 · years  47.3 · road 0.38 · starved  1024 · nobles  -4.2 · read 18.0 · walls  6.9 · fell 83.3% (mother 26.9%) · prince  6.2% · king  0.0% · crowned  0.0% (median year 90) · 2.1s
try  5 · gen   93 · best    621.8 · elite    389.6 · median    165.7 · years  17.9 · road 0.36 · starved   622 · nobles  +4.4 · read 11.7 · walls  1.2 · fell 77.6% (mother 24.4%) · prince 20.6% · king 16.4% · crowned 14.1% (median year 26) · 2.1s
try  6 · gen   93 · best    569.8 · elite    407.0 · median    164.7 · years  19.4 · road 0.34 · starved   630 · nobles  +5.3 · read  9.9 · walls  0.8 · fell 74.2% (mother 25.4%) · prince 22.7% · king 17.5% · crowned 14.3% (median year 26) · 2.1s
try  7 · gen   93 · best    605.5 · elite    400.1 · median    183.6 · years  18.8 · road 0.35 · starved   596 · nobles  +7.2 · read  2.6 · walls  1.6 · fell 68.6% (mother 24.0%) · prince 23.4% · king 18.3% · crowned 15.1% (median year 24) · 2.1s
try  8 · gen   93 · best    670.3 · elite    466.9 · median    176.4 · years  17.3 · road 0.37 · starved   695 · nobles  +7.0 · read  6.8 · walls  2.3 · fell 69.0% (mother 29.8%) · prince 25.9% · king 19.3% · crowned 14.6% (median year 24) · 2.1s
try  1 · gen   94 · best    805.6 · elite    490.4 · median    202.1 · years  22.1 · road 0.43 · starved   901 · nobles  +3.1 · read  7.9 · walls  3.3 · fell 61.0% (mother 40.4%) · prince 34.3% · king 22.1% · crowned 15.0% (median year 27) · 2.2s
try  2 · gen   94 · best    373.7 · elite    216.1 · median     58.9 · years  34.5 · road 0.33 · starved  1278 · nobles  +6.6 · read 16.7 · walls  4.2 · fell 87.0% (mother 35.6%) · prince 14.7% · king 11.1% · crowned  8.9% (median year 58) · 2.2s
try  3 · gen   94 · best    570.5 · elite    365.2 · median    138.7 · years  20.2 · road 0.32 · starved   847 · nobles  +6.0 · read  9.3 · walls  1.5 · fell 78.2% (mother 31.9%) · prince 20.8% · king 16.3% · crowned 13.1% (median year 28) · 2.2s
try  4 · gen   94 · best    156.8 · elite     97.5 · median     27.6 · years  47.4 · road 0.38 · starved  1126 · nobles  -3.9 · read 18.1 · walls  6.9 · fell 84.0% (mother 28.3%) · prince  7.2% · king  0.0% · crowned  0.0% (median year 85) · 2.2s
try  5 · gen   94 · best    646.5 · elite    408.1 · median    159.7 · years  17.7 · road 0.36 · starved   575 · nobles  +4.4 · read 12.2 · walls  1.3 · fell 76.9% (mother 24.2%) · prince 21.0% · king 16.6% · crowned 14.3% (median year 25) · 2.2s
try  6 · gen   94 · best    678.1 · elite    389.3 · median    168.0 · years  19.3 · road 0.34 · starved   645 · nobles  +5.3 · read  9.4 · walls  0.8 · fell 74.3% (mother 25.6%) · prince 22.7% · king 17.8% · crowned 14.3% (median year 26) · 2.2s
try  7 · gen   94 · best    595.0 · elite    424.0 · median    184.9 · years  18.7 · road 0.36 · starved   590 · nobles  +6.8 · read  3.1 · walls  1.8 · fell 67.9% (mother 23.2%) · prince 23.8% · king 18.7% · crowned 15.2% (median year 24) · 2.2s
try  8 · gen   94 · best    755.1 · elite    454.0 · median    180.9 · years  17.3 · road 0.36 · starved   665 · nobles  +7.4 · read  6.6 · walls  2.2 · fell 68.9% (mother 28.3%) · prince 25.6% · king 19.1% · crowned 14.7% (median year 24) · 2.2s
try  1 · gen   95 · best    661.3 · elite    474.3 · median    200.6 · years  22.3 · road 0.43 · starved   931 · nobles  +2.7 · read  8.9 · walls  3.5 · fell 61.5% (mother 41.5%) · prince 34.5% · king 21.9% · crowned 14.8% (median year 27) · 2.3s
try  2 · gen   95 · best    433.8 · elite    219.9 · median     42.0 · years  35.0 · road 0.33 · starved  1334 · nobles  +6.7 · read 16.5 · walls  4.1 · fell 87.3% (mother 36.9%) · prince 14.5% · king 10.6% · crowned  8.5% (median year 59) · 2.3s
try  3 · gen   95 · best    575.1 · elite    360.3 · median    125.3 · years  20.1 · road 0.32 · starved   870 · nobles  +6.1 · read  9.8 · walls  1.5 · fell 80.0% (mother 33.4%) · prince 19.8% · king 15.3% · crowned 12.4% (median year 28) · 2.3s
try  4 · gen   95 · best    155.6 · elite    102.7 · median     28.5 · years  46.2 · road 0.38 · starved  1161 · nobles  -3.4 · read 19.5 · walls  6.9 · fell 85.0% (mother 30.6%) · prince  7.9% · king  0.1% · crowned  0.0% (median year 84) · 2.3s
try  5 · gen   95 · best    562.1 · elite    403.0 · median    160.5 · years  18.0 · road 0.36 · starved   604 · nobles  +3.9 · read 12.3 · walls  1.2 · fell 76.6% (mother 22.7%) · prince 20.9% · king 16.7% · crowned 14.3% (median year 25) · 2.3s
try  6 · gen   95 · best    551.3 · elite    389.9 · median    166.5 · years  19.4 · road 0.34 · starved   627 · nobles  +5.2 · read  9.9 · walls  0.8 · fell 74.2% (mother 24.7%) · prince 22.4% · king 17.6% · crowned 14.3% (median year 26) · 2.3s
try  7 · gen   95 · best    672.7 · elite    448.0 · median    176.8 · years  18.6 · road 0.36 · starved   581 · nobles  +6.9 · read  3.1 · walls  1.8 · fell 68.4% (mother 22.8%) · prince 23.6% · king 18.7% · crowned 15.1% (median year 24) · 2.3s
try  8 · gen   95 · best    628.7 · elite    440.7 · median    188.7 · years  17.3 · road 0.36 · starved   634 · nobles  +7.4 · read  6.9 · walls  2.2 · fell 67.6% (mother 25.9%) · prince 25.0% · king 19.4% · crowned 15.0% (median year 24) · 2.3s
try  1 · gen   96 · best    740.1 · elite    492.8 · median    205.3 · years  22.5 · road 0.44 · starved   952 · nobles  +2.8 · read  9.2 · walls  3.7 · fell 60.4% (mother 41.4%) · prince 35.5% · king 22.7% · crowned 15.0% (median year 27) · 2.3s
try  2 · gen   96 · best    388.8 · elite    229.2 · median     50.9 · years  35.3 · road 0.33 · starved  1457 · nobles  +6.1 · read 16.9 · walls  4.3 · fell 86.5% (mother 37.4%) · prince 15.3% · king 11.3% · crowned  9.1% (median year 58) · 2.3s
try  3 · gen   96 · best    743.3 · elite    371.0 · median    130.0 · years  20.2 · road 0.32 · starved   834 · nobles  +6.3 · read 10.0 · walls  1.5 · fell 79.2% (mother 31.8%) · prince 20.4% · king 15.9% · crowned 12.8% (median year 28) · 2.3s
try  4 · gen   96 · best    161.3 · elite    102.6 · median     30.6 · years  46.8 · road 0.38 · starved  1027 · nobles  -3.5 · read 19.7 · walls  6.8 · fell 83.9% (mother 28.3%) · prince  6.9% · king  0.0% · crowned  0.0% (median year 100) · 2.3s
try  5 · gen   96 · best    701.1 · elite    431.6 · median    178.8 · years  17.8 · road 0.36 · starved   527 · nobles  +4.4 · read 11.9 · walls  1.2 · fell 74.6% (mother 20.4%) · prince 21.5% · king 17.4% · crowned 15.0% (median year 24) · 2.3s
try  6 · gen   96 · best    569.4 · elite    384.5 · median    167.6 · years  19.5 · road 0.34 · starved   628 · nobles  +5.5 · read  9.9 · walls  0.8 · fell 74.6% (mother 25.4%) · prince 22.3% · king 17.3% · crowned 14.1% (median year 26) · 2.3s
try  7 · gen   96 · best    654.1 · elite    426.9 · median    186.6 · years  18.4 · road 0.35 · starved   591 · nobles  +7.0 · read  3.2 · walls  1.7 · fell 69.3% (mother 23.5%) · prince 23.4% · king 18.6% · crowned 15.1% (median year 24) · 2.2s
try  8 · gen   96 · best    761.1 · elite    443.0 · median    185.3 · years  16.9 · road 0.35 · starved   632 · nobles  +7.7 · read  6.6 · walls  2.1 · fell 68.0% (mother 25.8%) · prince 24.4% · king 19.4% · crowned 15.1% (median year 23) · 2.3s
try  1 · gen   97 · best    837.2 · elite    501.0 · median    193.7 · years  22.3 · road 0.44 · starved   982 · nobles  +2.8 · read  8.6 · walls  3.9 · fell 59.9% (mother 41.2%) · prince 35.2% · king 22.5% · crowned 14.8% (median year 27) · 2.2s
try  2 · gen   97 · best    436.1 · elite    218.8 · median     52.4 · years  35.7 · road 0.33 · starved  1413 · nobles  +6.4 · read 16.0 · walls  4.2 · fell 86.2% (mother 38.0%) · prince 15.4% · king 11.4% · crowned  8.9% (median year 58) · 2.2s
try  3 · gen   97 · best    633.1 · elite    377.8 · median    133.5 · years  20.1 · road 0.33 · starved   797 · nobles  +6.2 · read 10.3 · walls  1.5 · fell 78.2% (mother 30.6%) · prince 20.8% · king 16.3% · crowned 13.0% (median year 28) · 2.2s
try  4 · gen   97 · best    208.0 · elite    113.9 · median     34.2 · years  46.7 · road 0.38 · starved   980 · nobles  -3.4 · read 17.1 · walls  6.7 · fell 83.7% (mother 26.4%) · prince  7.5% · king  0.0% · crowned  0.0% · 2.2s
try  5 · gen   97 · best    651.2 · elite    400.6 · median    174.3 · years  17.8 · road 0.36 · starved   528 · nobles  +4.4 · read 11.9 · walls  1.3 · fell 74.8% (mother 21.6%) · prince 21.3% · king 17.4% · crowned 14.8% (median year 24) · 2.2s
try  6 · gen   97 · best    621.1 · elite    389.3 · median    153.8 · years  19.7 · road 0.33 · starved   649 · nobles  +5.7 · read 10.1 · walls  0.8 · fell 75.7% (mother 26.1%) · prince 21.7% · king 17.0% · crowned 13.9% (median year 27) · 2.2s
try  7 · gen   97 · best    589.7 · elite    422.2 · median    184.3 · years  18.3 · road 0.35 · starved   599 · nobles  +6.6 · read  3.4 · walls  1.6 · fell 68.8% (mother 23.7%) · prince 24.0% · king 19.0% · crowned 15.0% (median year 24) · 2.2s
try  8 · gen   97 · best    699.5 · elite    439.9 · median    182.7 · years  16.9 · road 0.35 · starved   630 · nobles  +7.8 · read  6.8 · walls  2.2 · fell 68.3% (mother 25.9%) · prince 23.9% · king 19.1% · crowned 15.0% (median year 23) · 2.2s
try  1 · gen   98 · best    769.3 · elite    526.1 · median    211.0 · years  21.8 · road 0.45 · starved   919 · nobles  +3.4 · read  8.3 · walls  4.0 · fell 56.1% (mother 37.4%) · prince 36.3% · king 23.4% · crowned 15.2% (median year 26) · 2.3s
try  2 · gen   98 · best    470.2 · elite    237.2 · median     51.6 · years  35.3 · road 0.33 · starved  1515 · nobles  +6.1 · read 14.6 · walls  4.1 · fell 85.7% (mother 39.8%) · prince 16.1% · king 11.6% · crowned  9.0% (median year 57) · 2.2s
try  3 · gen   98 · best    567.7 · elite    377.0 · median    138.1 · years  20.1 · road 0.33 · starved   795 · nobles  +6.6 · read 10.9 · walls  1.5 · fell 78.2% (mother 30.3%) · prince 20.8% · king 15.9% · crowned 12.9% (median year 28) · 2.3s
try  4 · gen   98 · best    177.7 · elite    110.8 · median     27.8 · years  45.4 · road 0.38 · starved  1051 · nobles  -3.0 · read 14.2 · walls  6.6 · fell 84.9% (mother 28.7%) · prince  8.0% · king  0.1% · crowned  0.0% (median year 87) · 2.3s
try  5 · gen   98 · best    657.3 · elite    403.2 · median    170.1 · years  17.7 · road 0.36 · starved   559 · nobles  +4.8 · read 11.3 · walls  1.2 · fell 75.0% (mother 22.1%) · prince 21.1% · king 16.8% · crowned 14.5% (median year 24) · 2.3s
try  6 · gen   98 · best    659.6 · elite    403.2 · median    157.9 · years  19.7 · road 0.34 · starved   663 · nobles  +5.4 · read 10.7 · walls  0.9 · fell 75.6% (mother 25.7%) · prince 21.4% · king 17.3% · crowned 14.1% (median year 27) · 2.3s
try  7 · gen   98 · best    620.1 · elite    414.1 · median    185.5 · years  18.1 · road 0.36 · starved   620 · nobles  +5.7 · read  3.6 · walls  1.5 · fell 69.3% (mother 25.5%) · prince 24.0% · king 19.0% · crowned 14.7% (median year 23) · 2.3s
try  8 · gen   98 · best    604.7 · elite    418.0 · median    189.7 · years  16.8 · road 0.35 · starved   646 · nobles  +8.0 · read  6.8 · walls  2.1 · fell 68.8% (mother 27.0%) · prince 23.8% · king 18.8% · crowned 14.8% (median year 23) · 2.3s
try  1 · gen   99 · best    769.7 · elite    531.0 · median    202.5 · years  21.1 · road 0.44 · starved   920 · nobles  +3.6 · read  7.8 · walls  3.9 · fell 56.1% (mother 38.3%) · prince 35.1% · king 22.9% · crowned 15.1% (median year 25) · 2.3s
try  2 · gen   99 · best    434.4 · elite    257.1 · median     66.6 · years  34.6 · road 0.33 · starved  1321 · nobles  +6.2 · read 12.4 · walls  4.2 · fell 83.9% (mother 38.0%) · prince 16.3% · king 12.3% · crowned  9.9% (median year 54) · 2.3s
try  3 · gen   99 · best    704.5 · elite    390.9 · median    134.8 · years  20.0 · road 0.33 · starved   774 · nobles  +6.5 · read 10.8 · walls  1.4 · fell 77.3% (mother 27.5%) · prince 21.1% · king 16.2% · crowned 13.1% (median year 27) · 2.3s
try  4 · gen   99 · best    155.6 · elite    104.5 · median     30.9 · years  45.0 · road 0.38 · starved  1121 · nobles  -3.1 · read 13.3 · walls  6.6 · fell 85.1% (mother 29.7%) · prince  8.3% · king  0.1% · crowned  0.0% (median year 88) · 2.2s
try  5 · gen   99 · best    668.1 · elite    425.9 · median    180.1 · years  17.9 · road 0.36 · starved   512 · nobles  +4.9 · read 10.9 · walls  1.3 · fell 74.4% (mother 19.9%) · prince 21.0% · king 17.0% · crowned 15.0% (median year 25) · 2.3s
try  6 · gen   99 · best    532.1 · elite    384.3 · median    156.3 · years  19.5 · road 0.34 · starved   701 · nobles  +5.1 · read 10.8 · walls  1.0 · fell 76.0% (mother 26.9%) · prince 21.6% · king 17.1% · crowned 13.9% (median year 27) · 2.3s
try  7 · gen   99 · best    650.0 · elite    418.2 · median    177.7 · years  18.0 · road 0.36 · starved   622 · nobles  +5.0 · read  3.8 · walls  1.5 · fell 69.7% (mother 27.1%) · prince 24.5% · king 19.1% · crowned 14.5% (median year 23) · 2.2s
try  8 · gen   99 · best    661.4 · elite    442.6 · median    177.4 · years  16.8 · road 0.35 · starved   628 · nobles  +8.3 · read  6.8 · walls  2.0 · fell 67.9% (mother 26.0%) · prince 24.0% · king 18.7% · crowned 15.0% (median year 23) · 2.3s
