War · hidden 64 · genome 31493 · population 1000 (first 10000) · elite 100 · tables 6 · hall 0 · rank 40 · letters None · longest 100 years · 8 trials · AMD Radeon RX 6750 XT (RADV NAVI22)
try  1 · gen    0 · best     23.8 · elite    -22.1 · median   -107.7 · years  17.3 · road 0.25 · starved  1190 · nobles  -1.7 · read 40.1 · walls  3.0 · fell 99.9% (mother 86.9%) · prince  0.0% · king  0.0% · crowned  0.0% · 48.2s
try  2 · gen    0 · best     11.0 · elite    -21.4 · median   -108.7 · years  17.1 · road 0.25 · starved  1183 · nobles  -1.6 · read 39.8 · walls  3.0 · fell 99.9% (mother 87.0%) · prince  0.0% · king  0.0% · crowned  0.0% · 48.2s
try  3 · gen    0 · best      8.7 · elite    -20.4 · median   -108.1 · years  17.1 · road 0.25 · starved  1182 · nobles  -1.6 · read 39.9 · walls  3.0 · fell 99.9% (mother 86.6%) · prince  0.0% · king  0.0% · crowned  0.0% · 48.2s
try  4 · gen    0 · best      2.8 · elite    -22.4 · median   -108.7 · years  17.1 · road 0.25 · starved  1187 · nobles  -1.6 · read 40.0 · walls  3.0 · fell 99.9% (mother 86.6%) · prince  0.0% · king  0.0% · crowned  0.0% · 48.2s
try  5 · gen    0 · best      0.0 · elite    -22.6 · median   -108.2 · years  16.9 · road 0.25 · starved  1174 · nobles  -1.5 · read 39.6 · walls  3.0 · fell 99.9% (mother 86.6%) · prince  0.0% · king  0.0% · crowned  0.0% · 48.2s
try  6 · gen    0 · best     11.0 · elite    -21.2 · median   -107.6 · years  17.1 · road 0.25 · starved  1183 · nobles  -1.6 · read 39.9 · walls  3.0 · fell 99.9% (mother 86.8%) · prince  0.0% · king  0.0% · crowned  0.0% · 48.2s
try  7 · gen    0 · best      4.5 · elite    -21.8 · median   -108.1 · years  17.1 · road 0.25 · starved  1185 · nobles  -1.6 · read 39.9 · walls  3.0 · fell 99.9% (mother 86.8%) · prince  0.0% · king  0.0% · crowned  0.0% · 48.2s
try  8 · gen    0 · best      2.7 · elite    -24.1 · median   -108.3 · years  17.2 · road 0.25 · starved  1182 · nobles  -1.6 · read 39.9 · walls  3.0 · fell 99.9% (mother 86.5%) · prince  0.0% · king  0.0% · crowned  0.0% · 48.2s
try  1 · gen    1 · best     -8.1 · elite    -48.3 · median   -108.1 · years  17.4 · road 0.26 · starved  1195 · nobles  -1.8 · read 39.1 · walls  3.1 · fell 99.9% (mother 86.9%) · prince  0.0% · king  0.0% · crowned  0.0% · 5.2s
try  2 · gen    1 · best     -5.8 · elite    -48.6 · median   -106.9 · years  17.6 · road 0.25 · starved  1199 · nobles  -1.7 · read 41.5 · walls  2.9 · fell 99.9% (mother 86.8%) · prince  0.0% · king  0.0% · crowned  0.0% · 5.2s
try  3 · gen    1 · best     -8.2 · elite    -50.8 · median   -109.5 · years  17.7 · road 0.26 · starved  1219 · nobles  -1.8 · read 41.8 · walls  3.2 · fell 99.9% (mother 86.3%) · prince  0.0% · king  0.0% · crowned  0.0% · 5.2s
try  4 · gen    1 · best    -14.3 · elite    -52.3 · median   -109.6 · years  17.5 · road 0.25 · starved  1197 · nobles  -1.5 · read 41.0 · walls  3.1 · fell 99.9% (mother 85.9%) · prince  0.0% · king  0.0% · crowned  0.0% · 5.2s
try  5 · gen    1 · best     -0.3 · elite    -50.7 · median   -109.7 · years  17.6 · road 0.25 · starved  1214 · nobles  -1.6 · read 41.6 · walls  3.1 · fell 99.9% (mother 86.5%) · prince  0.0% · king  0.0% · crowned  0.0% · 5.2s
try  6 · gen    1 · best    -17.1 · elite    -50.7 · median   -107.2 · years  18.3 · road 0.26 · starved  1221 · nobles  -1.6 · read 42.0 · walls  3.2 · fell 99.8% (mother 85.4%) · prince  0.0% · king  0.0% · crowned  0.0% · 5.2s
try  7 · gen    1 · best    -17.1 · elite    -48.4 · median   -108.8 · years  17.5 · road 0.26 · starved  1202 · nobles  -1.6 · read 41.3 · walls  3.2 · fell 99.9% (mother 86.5%) · prince  0.0% · king  0.0% · crowned  0.0% · 5.2s
try  8 · gen    1 · best     -1.7 · elite    -50.6 · median   -107.4 · years  17.3 · road 0.26 · starved  1186 · nobles  -1.7 · read 40.9 · walls  3.1 · fell 99.9% (mother 86.2%) · prince  0.0% · king  0.0% · crowned  0.0% · 5.2s
try  1 · gen    2 · best    -19.1 · elite    -50.5 · median   -105.0 · years  17.8 · road 0.26 · starved  1211 · nobles  -1.8 · read 40.3 · walls  3.3 · fell 99.8% (mother 85.7%) · prince  0.0% · king  0.0% · crowned  0.0% · 5.2s
try  2 · gen    2 · best    -14.6 · elite    -46.3 · median   -105.6 · years  17.2 · road 0.26 · starved  1172 · nobles  -1.5 · read 40.0 · walls  3.3 · fell 99.9% (mother 86.7%) · prince  0.0% · king  0.0% · crowned  0.0% · 5.2s
try  3 · gen    2 · best      8.1 · elite    -46.3 · median   -106.3 · years  17.6 · road 0.25 · starved  1182 · nobles  -1.6 · read 41.1 · walls  3.2 · fell 99.8% (mother 85.6%) · prince  0.0% · king  0.0% · crowned  0.0% · 5.2s
try  4 · gen    2 · best     -4.4 · elite    -50.3 · median   -108.2 · years  18.3 · road 0.26 · starved  1229 · nobles  -1.7 · read 42.9 · walls  3.3 · fell 99.9% (mother 85.2%) · prince  0.0% · king  0.0% · crowned  0.0% · 5.2s
try  5 · gen    2 · best      3.4 · elite    -47.7 · median   -107.3 · years  17.9 · road 0.26 · starved  1219 · nobles  -1.6 · read 41.6 · walls  3.2 · fell 99.8% (mother 86.0%) · prince  0.0% · king  0.0% · crowned  0.0% · 5.2s
try  6 · gen    2 · best    -12.4 · elite    -49.0 · median   -106.4 · years  18.2 · road 0.26 · starved  1224 · nobles  -1.6 · read 42.9 · walls  3.2 · fell 99.8% (mother 86.1%) · prince  0.0% · king  0.0% · crowned  0.0% · 5.2s
try  7 · gen    2 · best     -2.5 · elite    -48.2 · median   -107.8 · years  18.2 · road 0.26 · starved  1230 · nobles  -1.9 · read 42.0 · walls  3.3 · fell 99.9% (mother 85.7%) · prince  0.0% · king  0.0% · crowned  0.0% · 5.2s
try  8 · gen    2 · best      2.2 · elite    -50.6 · median   -107.0 · years  18.0 · road 0.26 · starved  1203 · nobles  -1.7 · read 42.3 · walls  3.1 · fell 99.9% (mother 84.3%) · prince  0.0% · king  0.0% · crowned  0.0% · 5.2s
try  1 · gen    3 · best      3.0 · elite    -48.7 · median   -105.9 · years  18.0 · road 0.26 · starved  1216 · nobles  -1.9 · read 41.2 · walls  3.1 · fell 99.9% (mother 85.8%) · prince  0.0% · king  0.0% · crowned  0.0% · 5.2s
try  2 · gen    3 · best      1.4 · elite    -47.2 · median   -105.5 · years  17.6 · road 0.26 · starved  1194 · nobles  -1.5 · read 41.9 · walls  3.3 · fell 99.9% (mother 85.9%) · prince  0.0% · king  0.0% · crowned  0.0% · 5.2s
try  3 · gen    3 · best     -3.8 · elite    -46.1 · median   -104.9 · years  18.1 · road 0.26 · starved  1208 · nobles  -1.7 · read 41.7 · walls  3.5 · fell 99.9% (mother 86.6%) · prince  0.0% · king  0.0% · crowned  0.0% · 5.2s
try  4 · gen    3 · best     -2.1 · elite    -47.8 · median   -107.4 · years  18.9 · road 0.26 · starved  1262 · nobles  -1.8 · read 44.1 · walls  3.3 · fell 99.9% (mother 85.8%) · prince  0.0% · king  0.0% · crowned  0.0% · 5.2s
try  5 · gen    3 · best    -12.1 · elite    -46.0 · median   -105.7 · years  18.2 · road 0.26 · starved  1207 · nobles  -1.5 · read 41.9 · walls  3.3 · fell 99.9% (mother 85.2%) · prince  0.0% · king  0.0% · crowned  0.0% · 5.2s
try  6 · gen    3 · best     -1.6 · elite    -49.1 · median   -108.3 · years  18.4 · road 0.26 · starved  1230 · nobles  -1.7 · read 43.0 · walls  3.1 · fell 99.9% (mother 85.3%) · prince  0.0% · king  0.0% · crowned  0.0% · 5.2s
try  7 · gen    3 · best    -13.4 · elite    -48.1 · median   -107.9 · years  18.4 · road 0.26 · starved  1237 · nobles  -1.9 · read 42.4 · walls  3.5 · fell 99.9% (mother 85.5%) · prince  0.0% · king  0.0% · crowned  0.0% · 5.2s
try  8 · gen    3 · best     -2.9 · elite    -48.4 · median   -108.6 · years  18.6 · road 0.26 · starved  1243 · nobles  -1.8 · read 42.9 · walls  3.2 · fell 99.9% (mother 84.4%) · prince  0.0% · king  0.0% · crowned  0.0% · 5.2s
try  1 · gen    4 · best     -8.4 · elite    -52.5 · median   -108.8 · years  19.2 · road 0.26 · starved  1249 · nobles  -2.0 · read 43.9 · walls  3.2 · fell 99.9% (mother 81.0%) · prince  0.0% · king  0.0% · crowned  0.0% · 5.3s
try  2 · gen    4 · best     13.0 · elite    -45.8 · median   -105.8 · years  18.1 · road 0.26 · starved  1212 · nobles  -1.7 · read 42.4 · walls  3.4 · fell 99.9% (mother 87.2%) · prince  0.0% · king  0.0% · crowned  0.0% · 5.3s
try  3 · gen    4 · best     -0.2 · elite    -48.4 · median   -106.3 · years  19.5 · road 0.26 · starved  1257 · nobles  -1.9 · read 45.0 · walls  3.5 · fell 99.8% (mother 84.8%) · prince  0.0% · king  0.0% · crowned  0.0% · 5.3s
try  4 · gen    4 · best    -10.5 · elite    -51.0 · median   -110.0 · years  18.9 · road 0.26 · starved  1240 · nobles  -1.7 · read 45.4 · walls  3.3 · fell 99.9% (mother 82.5%) · prince  0.0% · king  0.0% · crowned  0.0% · 5.3s
try  5 · gen    4 · best    -17.8 · elite    -49.1 · median   -105.0 · years  18.4 · road 0.26 · starved  1237 · nobles  -1.7 · read 42.5 · walls  3.2 · fell 99.9% (mother 84.8%) · prince  0.0% · king  0.0% · crowned  0.0% · 5.3s
try  6 · gen    4 · best      4.0 · elite    -46.1 · median   -106.1 · years  19.2 · road 0.26 · starved  1268 · nobles  -1.8 · read 44.9 · walls  3.3 · fell 99.9% (mother 85.8%) · prince  0.0% · king  0.0% · crowned  0.0% · 5.3s
try  7 · gen    4 · best    -11.7 · elite    -47.1 · median   -107.4 · years  18.5 · road 0.26 · starved  1231 · nobles  -1.8 · read 43.4 · walls  3.4 · fell 99.9% (mother 83.9%) · prince  0.0% · king  0.0% · crowned  0.0% · 5.3s
try  8 · gen    4 · best    -10.2 · elite    -49.7 · median   -107.0 · years  19.1 · road 0.27 · starved  1258 · nobles  -1.9 · read 43.5 · walls  3.4 · fell 99.8% (mother 83.8%) · prince  0.0% · king  0.0% · crowned  0.0% · 5.3s
try  1 · gen    5 · best    -11.9 · elite    -49.7 · median   -107.9 · years  19.2 · road 0.27 · starved  1249 · nobles  -2.0 · read 43.5 · walls  3.4 · fell 99.9% (mother 84.2%) · prince  0.0% · king  0.0% · crowned  0.0% · 5.2s
try  2 · gen    5 · best     -5.7 · elite    -45.8 · median   -104.9 · years  18.6 · road 0.26 · starved  1237 · nobles  -1.7 · read 44.8 · walls  3.5 · fell 99.9% (mother 86.8%) · prince  0.0% · king  0.0% · crowned  0.0% · 5.2s
try  3 · gen    5 · best     -3.4 · elite    -43.4 · median   -105.3 · years  19.5 · road 0.27 · starved  1254 · nobles  -2.0 · read 45.4 · walls  3.7 · fell 99.8% (mother 84.0%) · prince  0.0% · king  0.0% · crowned  0.0% · 5.2s
try  4 · gen    5 · best    -14.4 · elite    -48.7 · median   -106.9 · years  19.7 · road 0.27 · starved  1275 · nobles  -1.9 · read 45.9 · walls  3.4 · fell 99.7% (mother 82.4%) · prince  0.0% · king  0.0% · crowned  0.0% · 5.2s
try  5 · gen    5 · best      1.4 · elite    -48.0 · median   -107.7 · years  19.8 · road 0.26 · starved  1283 · nobles  -2.0 · read 44.8 · walls  3.2 · fell 99.8% (mother 84.5%) · prince  0.0% · king  0.0% · crowned  0.0% · 5.2s
try  6 · gen    5 · best      1.6 · elite    -47.3 · median   -105.6 · years  19.3 · road 0.26 · starved  1246 · nobles  -1.8 · read 45.5 · walls  3.2 · fell 99.8% (mother 84.7%) · prince  0.0% · king  0.0% · crowned  0.0% · 5.2s
try  7 · gen    5 · best     -6.8 · elite    -46.3 · median   -105.9 · years  19.4 · road 0.27 · starved  1258 · nobles  -1.9 · read 43.9 · walls  3.6 · fell 99.9% (mother 83.9%) · prince  0.0% · king  0.0% · crowned  0.0% · 5.2s
try  8 · gen    5 · best    -13.5 · elite    -49.5 · median   -107.2 · years  20.0 · road 0.27 · starved  1304 · nobles  -2.0 · read 46.0 · walls  3.7 · fell 99.9% (mother 84.1%) · prince  0.0% · king  0.0% · crowned  0.0% · 5.2s
try  1 · gen    6 · best     -6.8 · elite    -47.2 · median   -105.9 · years  19.4 · road 0.27 · starved  1267 · nobles  -2.0 · read 44.6 · walls  3.2 · fell 99.8% (mother 84.5%) · prince  0.0% · king  0.0% · crowned  0.0% · 5.3s
try  2 · gen    6 · best    -10.9 · elite    -49.1 · median   -105.4 · years  18.3 · road 0.26 · starved  1214 · nobles  -1.7 · read 43.5 · walls  3.5 · fell 99.9% (mother 84.5%) · prince  0.0% · king  0.0% · crowned  0.0% · 5.3s
try  3 · gen    6 · best    -21.9 · elite    -47.6 · median   -104.7 · years  20.0 · road 0.27 · starved  1271 · nobles  -2.1 · read 46.8 · walls  3.8 · fell 99.8% (mother 83.9%) · prince  0.0% · king  0.0% · crowned  0.0% · 5.3s
try  4 · gen    6 · best    -10.9 · elite    -49.6 · median   -106.3 · years  20.2 · road 0.27 · starved  1296 · nobles  -2.2 · read 46.8 · walls  3.5 · fell 99.8% (mother 82.6%) · prince  0.0% · king  0.0% · crowned  0.0% · 5.3s
try  5 · gen    6 · best    -10.6 · elite    -45.6 · median   -107.1 · years  19.9 · road 0.26 · starved  1258 · nobles  -1.9 · read 45.8 · walls  3.2 · fell 99.9% (mother 83.1%) · prince  0.0% · king  0.0% · crowned  0.0% · 5.3s
try  6 · gen    6 · best      9.1 · elite    -47.5 · median   -107.8 · years  20.2 · road 0.27 · starved  1302 · nobles  -1.9 · read 46.6 · walls  3.5 · fell 99.8% (mother 82.2%) · prince  0.0% · king  0.0% · crowned  0.0% · 5.3s
try  7 · gen    6 · best     -5.7 · elite    -50.3 · median   -104.6 · years  19.4 · road 0.27 · starved  1248 · nobles  -1.9 · read 43.6 · walls  3.4 · fell 99.9% (mother 82.4%) · prince  0.0% · king  0.0% · crowned  0.0% · 5.3s
try  8 · gen    6 · best      7.3 · elite    -47.1 · median   -105.3 · years  20.6 · road 0.28 · starved  1306 · nobles  -2.1 · read 46.2 · walls  3.7 · fell 99.9% (mother 83.7%) · prince  0.0% · king  0.0% · crowned  0.0% · 5.3s
try  1 · gen    7 · best     -5.6 · elite    -47.5 · median   -106.2 · years  20.8 · road 0.27 · starved  1313 · nobles  -2.1 · read 46.2 · walls  3.6 · fell 99.9% (mother 82.2%) · prince  0.0% · king  0.0% · crowned  0.0% · 5.2s
try  2 · gen    7 · best    -11.9 · elite    -47.8 · median   -107.9 · years  19.1 · road 0.27 · starved  1240 · nobles  -1.7 · read 45.2 · walls  3.6 · fell 99.9% (mother 84.1%) · prince  0.0% · king  0.0% · crowned  0.0% · 5.2s
try  3 · gen    7 · best      2.6 · elite    -45.8 · median   -106.2 · years  20.7 · road 0.27 · starved  1290 · nobles  -2.2 · read 48.1 · walls  3.8 · fell 99.7% (mother 80.8%) · prince  0.0% · king  0.0% · crowned  0.0% · 5.2s
try  4 · gen    7 · best     -9.8 · elite    -45.9 · median   -106.3 · years  20.5 · road 0.27 · starved  1298 · nobles  -2.0 · read 48.7 · walls  3.5 · fell 99.7% (mother 80.4%) · prince  0.0% · king  0.0% · crowned  0.0% · 5.2s
try  5 · gen    7 · best      3.1 · elite    -46.9 · median   -105.2 · years  19.5 · road 0.27 · starved  1256 · nobles  -1.9 · read 44.5 · walls  3.3 · fell 99.9% (mother 83.9%) · prince  0.0% · king  0.0% · crowned  0.0% · 5.2s
try  6 · gen    7 · best      7.2 · elite    -48.2 · median   -107.6 · years  21.0 · road 0.27 · starved  1311 · nobles  -1.9 · read 48.1 · walls  3.4 · fell 99.9% (mother 79.9%) · prince  0.0% · king  0.0% · crowned  0.0% · 5.2s
try  7 · gen    7 · best    -11.1 · elite    -47.4 · median   -104.9 · years  20.3 · road 0.27 · starved  1297 · nobles  -2.2 · read 45.5 · walls  3.8 · fell 99.9% (mother 83.3%) · prince  0.0% · king  0.0% · crowned  0.0% · 5.2s
try  8 · gen    7 · best      3.6 · elite    -47.0 · median   -106.9 · years  21.7 · road 0.28 · starved  1377 · nobles  -2.5 · read 48.7 · walls  4.0 · fell 99.9% (mother 81.7%) · prince  0.0% · king  0.0% · crowned  0.0% · 5.2s
try  1 · gen    8 · best     15.9 · elite    -49.3 · median   -106.9 · years  21.4 · road 0.28 · starved  1332 · nobles  -2.4 · read 48.1 · walls  3.8 · fell 99.9% (mother 80.1%) · prince  0.0% · king  0.0% · crowned  0.0% · 5.4s
try  2 · gen    8 · best      4.3 · elite    -47.1 · median   -102.4 · years  19.1 · road 0.27 · starved  1229 · nobles  -1.9 · read 45.0 · walls  3.7 · fell 99.9% (mother 84.6%) · prince  0.0% · king  0.0% · crowned  0.0% · 5.4s
try  3 · gen    8 · best    -11.9 · elite    -45.9 · median   -105.5 · years  21.2 · road 0.28 · starved  1327 · nobles  -2.1 · read 49.7 · walls  3.9 · fell 99.7% (mother 82.3%) · prince  0.0% · king  0.0% · crowned  0.0% · 5.4s
try  4 · gen    8 · best     -3.0 · elite    -46.3 · median   -105.7 · years  21.2 · road 0.28 · starved  1331 · nobles  -2.1 · read 49.6 · walls  3.7 · fell 99.9% (mother 82.9%) · prince  0.0% · king  0.0% · crowned  0.0% · 5.4s
try  5 · gen    8 · best      1.6 · elite    -50.3 · median   -105.5 · years  20.1 · road 0.27 · starved  1282 · nobles  -2.0 · read 45.1 · walls  3.3 · fell 99.8% (mother 82.8%) · prince  0.0% · king  0.0% · crowned  0.0% · 5.4s
try  6 · gen    8 · best     18.3 · elite    -43.8 · median   -108.6 · years  22.0 · road 0.27 · starved  1349 · nobles  -2.0 · read 48.7 · walls  3.5 · fell 99.7% (mother 80.5%) · prince  0.0% · king  0.0% · crowned  0.0% · 5.4s
try  7 · gen    8 · best    -15.6 · elite    -51.3 · median   -105.2 · years  20.8 · road 0.28 · starved  1316 · nobles  -2.3 · read 47.3 · walls  3.7 · fell 99.8% (mother 80.9%) · prince  0.0% · king  0.0% · crowned  0.0% · 5.4s
try  8 · gen    8 · best    -11.8 · elite    -44.4 · median   -104.9 · years  22.2 · road 0.29 · starved  1370 · nobles  -2.5 · read 50.8 · walls  4.1 · fell 99.9% (mother 80.2%) · prince  0.0% · king  0.0% · crowned  0.0% · 5.4s
try  1 · gen    9 · best      8.9 · elite    -46.5 · median   -107.7 · years  22.3 · road 0.28 · starved  1379 · nobles  -2.5 · read 50.3 · walls  3.8 · fell 99.8% (mother 80.5%) · prince  0.0% · king  0.0% · crowned  0.0% · 5.8s
try  2 · gen    9 · best     -6.1 · elite    -45.4 · median   -104.3 · years  20.8 · road 0.28 · starved  1315 · nobles  -2.2 · read 48.7 · walls  3.9 · fell 99.8% (mother 83.7%) · prince  0.0% · king  0.0% · crowned  0.0% · 5.8s
try  3 · gen    9 · best      1.9 · elite    -46.5 · median   -104.0 · years  21.0 · road 0.28 · starved  1307 · nobles  -2.1 · read 50.0 · walls  3.9 · fell 99.8% (mother 83.0%) · prince  0.0% · king  0.0% · crowned  0.0% · 5.8s
try  4 · gen    9 · best     -8.6 · elite    -46.9 · median   -108.1 · years  21.7 · road 0.28 · starved  1350 · nobles  -2.3 · read 51.1 · walls  3.8 · fell 99.8% (mother 80.5%) · prince  0.0% · king  0.0% · crowned  0.0% · 5.8s
try  5 · gen    9 · best     13.4 · elite    -45.1 · median   -106.0 · years  21.2 · road 0.27 · starved  1327 · nobles  -2.2 · read 48.0 · walls  3.5 · fell 99.8% (mother 83.9%) · prince  0.0% · king  0.0% · crowned  0.0% · 5.8s
try  6 · gen    9 · best      1.4 · elite    -45.1 · median   -106.6 · years  23.1 · road 0.28 · starved  1393 · nobles  -2.3 · read 51.7 · walls  3.7 · fell 99.8% (mother 78.8%) · prince  0.0% · king  0.0% · crowned  0.0% · 5.8s
try  7 · gen    9 · best     -1.2 · elite    -46.1 · median   -105.3 · years  21.3 · road 0.28 · starved  1335 · nobles  -2.4 · read 48.5 · walls  3.8 · fell 99.8% (mother 80.7%) · prince  0.0% · king  0.0% · crowned  0.0% · 5.8s
try  8 · gen    9 · best     -7.1 · elite    -46.8 · median   -104.9 · years  23.4 · road 0.29 · starved  1434 · nobles  -2.8 · read 54.4 · walls  4.3 · fell 99.8% (mother 79.7%) · prince  0.0% · king  0.0% · crowned  0.0% · 5.8s
try  1 · gen   10 · best     10.7 · elite    -46.4 · median   -108.0 · years  23.1 · road 0.28 · starved  1401 · nobles  -2.6 · read 53.6 · walls  3.8 · fell 99.8% (mother 78.6%) · prince  0.0% · king  0.0% · crowned  0.0% · 5.4s
try  2 · gen   10 · best      1.4 · elite    -44.8 · median   -106.5 · years  21.7 · road 0.28 · starved  1352 · nobles  -2.2 · read 50.0 · walls  3.9 · fell 99.9% (mother 81.9%) · prince  0.0% · king  0.0% · crowned  0.0% · 5.4s
try  3 · gen   10 · best     -8.6 · elite    -42.7 · median   -105.5 · years  22.0 · road 0.28 · starved  1331 · nobles  -2.3 · read 52.0 · walls  4.1 · fell 99.8% (mother 80.9%) · prince  0.0% · king  0.0% · crowned  0.0% · 5.4s
try  4 · gen   10 · best     13.6 · elite    -50.6 · median   -104.8 · years  22.2 · road 0.28 · starved  1361 · nobles  -2.2 · read 52.1 · walls  3.9 · fell 99.9% (mother 80.2%) · prince  0.0% · king  0.0% · crowned  0.0% · 5.4s
try  5 · gen   10 · best     -7.9 · elite    -46.6 · median   -106.8 · years  21.3 · road 0.28 · starved  1333 · nobles  -2.1 · read 48.3 · walls  3.6 · fell 99.8% (mother 81.9%) · prince  0.0% · king  0.0% · crowned  0.0% · 5.4s
try  6 · gen   10 · best     18.9 · elite    -42.3 · median   -107.1 · years  24.4 · road 0.28 · starved  1436 · nobles  -2.3 · read 53.5 · walls  3.8 · fell 99.6% (mother 78.4%) · prince  0.0% · king  0.0% · crowned  0.0% · 5.4s
try  7 · gen   10 · best     -5.4 · elite    -50.1 · median   -105.4 · years  22.1 · road 0.28 · starved  1365 · nobles  -2.7 · read 50.3 · walls  3.9 · fell 99.9% (mother 79.2%) · prince  0.0% · king  0.0% · crowned  0.0% · 5.4s
try  8 · gen   10 · best      2.8 · elite    -46.3 · median   -105.9 · years  24.2 · road 0.30 · starved  1463 · nobles  -2.8 · read 57.8 · walls  4.5 · fell 99.8% (mother 77.9%) · prince  0.0% · king  0.0% · crowned  0.0% · 5.4s
try  1 · gen   11 · best     14.7 · elite    -50.4 · median   -108.6 · years  24.8 · road 0.28 · starved  1465 · nobles  -2.7 · read 56.7 · walls  3.9 · fell 99.7% (mother 75.2%) · prince  0.0% · king  0.0% · crowned  0.0% · 5.4s
try  2 · gen   11 · best     -2.8 · elite    -43.2 · median   -104.6 · years  22.4 · road 0.28 · starved  1375 · nobles  -2.1 · read 51.9 · walls  3.9 · fell 99.8% (mother 81.8%) · prince  0.0% · king  0.0% · crowned  0.0% · 5.4s
try  3 · gen   11 · best      3.0 · elite    -47.5 · median   -106.1 · years  22.5 · road 0.28 · starved  1359 · nobles  -2.3 · read 53.6 · walls  4.2 · fell 99.8% (mother 79.6%) · prince  0.0% · king  0.0% · crowned  0.0% · 5.4s
try  4 · gen   11 · best     -4.7 · elite    -44.1 · median   -105.2 · years  23.8 · road 0.29 · starved  1432 · nobles  -2.5 · read 55.1 · walls  4.3 · fell 99.9% (mother 78.6%) · prince  0.0% · king  0.0% · crowned  0.0% · 5.4s
try  5 · gen   11 · best     -3.2 · elite    -43.8 · median   -108.9 · years  22.4 · road 0.28 · starved  1375 · nobles  -2.4 · read 51.1 · walls  3.6 · fell 99.7% (mother 79.1%) · prince  0.0% · king  0.0% · crowned  0.0% · 5.4s
try  6 · gen   11 · best     13.1 · elite    -46.6 · median   -106.5 · years  24.7 · road 0.28 · starved  1445 · nobles  -2.3 · read 53.6 · walls  3.9 · fell 99.7% (mother 75.8%) · prince  0.0% · king  0.0% · crowned  0.0% · 5.4s
try  7 · gen   11 · best     -1.6 · elite    -46.3 · median   -103.6 · years  23.6 · road 0.29 · starved  1427 · nobles  -2.9 · read 51.5 · walls  4.3 · fell 99.7% (mother 80.4%) · prince  0.0% · king  0.0% · crowned  0.0% · 5.4s
try  8 · gen   11 · best     -1.9 · elite    -44.6 · median   -105.3 · years  24.6 · road 0.30 · starved  1469 · nobles  -2.8 · read 57.6 · walls  4.5 · fell 99.9% (mother 76.9%) · prince  0.0% · king  0.0% · crowned  0.0% · 5.4s
try  1 · gen   12 · best     -6.2 · elite    -47.4 · median   -107.7 · years  25.3 · road 0.29 · starved  1487 · nobles  -2.8 · read 57.3 · walls  4.2 · fell 99.8% (mother 75.8%) · prince  0.0% · king  0.0% · crowned  0.0% · 5.5s
try  2 · gen   12 · best     -3.5 · elite    -44.5 · median   -105.3 · years  22.9 · road 0.29 · starved  1393 · nobles  -2.3 · read 53.3 · walls  3.9 · fell 99.8% (mother 81.7%) · prince  0.0% · king  0.0% · crowned  0.0% · 5.5s
try  3 · gen   12 · best      4.6 · elite    -44.3 · median   -103.2 · years  24.3 · road 0.29 · starved  1436 · nobles  -2.9 · read 55.9 · walls  4.5 · fell 99.7% (mother 78.4%) · prince  0.0% · king  0.0% · crowned  0.0% · 5.5s
try  4 · gen   12 · best      2.8 · elite    -46.7 · median   -107.4 · years  23.7 · road 0.29 · starved  1419 · nobles  -2.6 · read 55.1 · walls  4.1 · fell 99.8% (mother 76.9%) · prince  0.0% · king  0.0% · crowned  0.0% · 5.5s
try  5 · gen   12 · best     -6.1 · elite    -44.1 · median   -106.5 · years  22.9 · road 0.29 · starved  1386 · nobles  -2.5 · read 52.1 · walls  3.8 · fell 99.7% (mother 79.1%) · prince  0.0% · king  0.0% · crowned  0.0% · 5.5s
try  6 · gen   12 · best      3.3 · elite    -45.4 · median   -104.3 · years  26.8 · road 0.29 · starved  1526 · nobles  -2.7 · read 58.3 · walls  3.9 · fell 99.7% (mother 74.4%) · prince  0.0% · king  0.0% · crowned  0.0% · 5.5s
try  7 · gen   12 · best     -2.7 · elite    -45.0 · median   -105.5 · years  24.1 · road 0.29 · starved  1444 · nobles  -3.1 · read 53.0 · walls  4.2 · fell 99.8% (mother 78.4%) · prince  0.0% · king  0.0% · crowned  0.0% · 5.5s
try  8 · gen   12 · best     -0.7 · elite    -46.5 · median   -107.6 · years  26.6 · road 0.30 · starved  1526 · nobles  -2.9 · read 62.1 · walls  4.5 · fell 99.6% (mother 73.6%) · prince  0.0% · king  0.0% · crowned  0.0% · 5.5s
try  1 · gen   13 · best     -3.6 · elite    -46.0 · median   -108.7 · years  26.0 · road 0.29 · starved  1517 · nobles  -3.2 · read 59.5 · walls  4.0 · fell 99.6% (mother 74.6%) · prince  0.0% · king  0.0% · crowned  0.0% · 5.6s
try  2 · gen   13 · best      3.9 · elite    -43.0 · median   -107.1 · years  23.7 · road 0.29 · starved  1433 · nobles  -2.5 · read 54.0 · walls  4.0 · fell 99.8% (mother 77.8%) · prince  0.0% · king  0.0% · crowned  0.0% · 5.6s
try  3 · gen   13 · best     -9.6 · elite    -45.2 · median   -105.3 · years  25.1 · road 0.29 · starved  1459 · nobles  -2.8 · read 56.3 · walls  4.5 · fell 99.5% (mother 75.7%) · prince  0.0% · king  0.0% · crowned  0.0% · 5.6s
try  4 · gen   13 · best     22.0 · elite    -43.0 · median   -106.9 · years  25.7 · road 0.29 · starved  1484 · nobles  -3.0 · read 58.9 · walls  4.3 · fell 99.8% (mother 75.6%) · prince  0.0% · king  0.0% · crowned  0.0% · 5.6s
try  5 · gen   13 · best      2.5 · elite    -42.0 · median   -105.1 · years  23.9 · road 0.29 · starved  1431 · nobles  -2.7 · read 53.0 · walls  4.0 · fell 99.8% (mother 78.4%) · prince  0.0% · king  0.0% · crowned  0.0% · 5.6s
try  6 · gen   13 · best     -2.8 · elite    -45.1 · median   -105.8 · years  26.8 · road 0.29 · starved  1510 · nobles  -2.5 · read 58.2 · walls  4.1 · fell 99.4% (mother 73.3%) · prince  0.0% · king  0.0% · crowned  0.0% · 5.6s
try  7 · gen   13 · best      3.8 · elite    -42.9 · median   -105.1 · years  25.2 · road 0.29 · starved  1481 · nobles  -3.1 · read 54.9 · walls  4.3 · fell 99.7% (mother 78.7%) · prince  0.0% · king  0.0% · crowned  0.0% · 5.6s
try  8 · gen   13 · best     -9.6 · elite    -47.3 · median   -108.8 · years  26.2 · road 0.30 · starved  1535 · nobles  -2.9 · read 61.1 · walls  4.8 · fell 99.7% (mother 73.4%) · prince  0.0% · king  0.0% · crowned  0.0% · 5.6s
try  1 · gen   14 · best      9.7 · elite    -45.2 · median   -107.5 · years  27.4 · road 0.29 · starved  1566 · nobles  -3.4 · read 63.9 · walls  4.4 · fell 99.6% (mother 71.5%) · prince  0.0% · king  0.0% · crowned  0.0% · 5.6s
try  2 · gen   14 · best      2.7 · elite    -42.3 · median   -103.2 · years  25.4 · road 0.30 · starved  1484 · nobles  -2.8 · read 57.7 · walls  4.4 · fell 99.5% (mother 76.6%) · prince  0.0% · king  0.0% · crowned  0.0% · 5.6s
try  3 · gen   14 · best     -4.0 · elite    -41.2 · median   -103.1 · years  25.2 · road 0.29 · starved  1418 · nobles  -2.6 · read 56.8 · walls  4.4 · fell 99.6% (mother 76.0%) · prince  0.0% · king  0.0% · crowned  0.0% · 5.6s
try  4 · gen   14 · best     11.2 · elite    -44.7 · median   -104.1 · years  26.5 · road 0.29 · starved  1502 · nobles  -2.8 · read 61.0 · walls  4.3 · fell 99.7% (mother 75.2%) · prince  0.0% · king  0.0% · crowned  0.0% · 5.6s
try  5 · gen   14 · best     17.5 · elite    -43.2 · median   -106.6 · years  25.0 · road 0.29 · starved  1455 · nobles  -2.7 · read 56.1 · walls  4.1 · fell 99.6% (mother 77.1%) · prince  0.0% · king  0.0% · crowned  0.0% · 5.6s
try  6 · gen   14 · best     -1.0 · elite    -43.7 · median   -107.3 · years  29.4 · road 0.29 · starved  1592 · nobles  -2.6 · read 64.7 · walls  4.2 · fell 99.3% (mother 69.4%) · prince  0.0% · king  0.0% · crowned  0.0% · 5.6s
try  7 · gen   14 · best      5.5 · elite    -46.5 · median   -105.0 · years  25.7 · road 0.29 · starved  1475 · nobles  -3.3 · read 56.4 · walls  4.3 · fell 99.6% (mother 74.7%) · prince  0.0% · king  0.0% · crowned  0.0% · 5.6s
try  8 · gen   14 · best     30.1 · elite    -40.7 · median   -106.5 · years  28.4 · road 0.31 · starved  1622 · nobles  -3.3 · read 64.7 · walls  5.0 · fell 99.7% (mother 72.7%) · prince  0.0% · king  0.0% · crowned  0.0% · 5.6s
try  1 · gen   15 · best    -10.8 · elite    -48.7 · median   -108.3 · years  28.2 · road 0.30 · starved  1598 · nobles  -3.6 · read 65.5 · walls  4.3 · fell 99.3% (mother 70.4%) · prince  0.0% · king  0.0% · crowned  0.0% · 5.6s
try  2 · gen   15 · best      9.9 · elite    -42.3 · median   -107.0 · years  26.1 · road 0.29 · starved  1495 · nobles  -2.9 · read 59.6 · walls  4.3 · fell 99.5% (mother 75.1%) · prince  0.0% · king  0.0% · crowned  0.0% · 5.6s
try  3 · gen   15 · best      0.2 · elite    -43.1 · median   -104.9 · years  26.8 · road 0.30 · starved  1506 · nobles  -3.0 · read 62.1 · walls  4.5 · fell 99.5% (mother 72.5%) · prince  0.0% · king  0.0% · crowned  0.0% · 5.6s
try  4 · gen   15 · best      5.6 · elite    -44.0 · median   -105.8 · years  27.4 · road 0.30 · starved  1562 · nobles  -3.2 · read 63.0 · walls  4.6 · fell 99.6% (mother 71.4%) · prince  0.0% · king  0.0% · crowned  0.0% · 5.6s
try  5 · gen   15 · best     21.1 · elite    -38.0 · median   -105.7 · years  25.8 · road 0.29 · starved  1468 · nobles  -2.8 · read 57.3 · walls  4.3 · fell 99.7% (mother 75.4%) · prince  0.0% · king  0.0% · crowned  0.0% · 5.6s
try  6 · gen   15 · best     16.7 · elite    -44.5 · median   -108.1 · years  29.2 · road 0.29 · starved  1584 · nobles  -2.7 · read 63.3 · walls  4.3 · fell 99.2% (mother 68.7%) · prince  0.0% · king  0.0% · crowned  0.0% · 5.6s
try  7 · gen   15 · best     -1.7 · elite    -45.3 · median   -106.1 · years  26.2 · road 0.29 · starved  1516 · nobles  -3.4 · read 58.9 · walls  4.1 · fell 99.6% (mother 73.8%) · prince  0.0% · king  0.0% · crowned  0.0% · 5.6s
try  8 · gen   15 · best      1.0 · elite    -44.2 · median   -104.6 · years  28.8 · road 0.31 · starved  1613 · nobles  -3.4 · read 64.5 · walls  5.1 · fell 99.6% (mother 68.0%) · prince  0.0% · king  0.0% · crowned  0.0% · 5.6s
try  1 · gen   16 · best     19.2 · elite    -41.5 · median   -105.5 · years  30.0 · road 0.30 · starved  1638 · nobles  -3.5 · read 69.9 · walls  4.3 · fell 99.2% (mother 66.0%) · prince  0.0% · king  0.0% · crowned  0.0% · 5.7s
try  2 · gen   16 · best     18.9 · elite    -39.3 · median   -106.9 · years  27.2 · road 0.30 · starved  1507 · nobles  -2.9 · read 62.3 · walls  4.6 · fell 99.3% (mother 74.5%) · prince  0.0% · king  0.0% · crowned  0.0% · 5.7s
try  3 · gen   16 · best      8.5 · elite    -39.4 · median   -103.1 · years  28.0 · road 0.30 · starved  1542 · nobles  -3.2 · read 64.6 · walls  4.8 · fell 99.3% (mother 73.3%) · prince  0.0% · king  0.0% · crowned  0.0% · 5.7s
try  4 · gen   16 · best      1.6 · elite    -43.6 · median   -107.4 · years  28.7 · road 0.30 · starved  1598 · nobles  -3.2 · read 67.3 · walls  4.7 · fell 99.5% (mother 68.9%) · prince  0.0% · king  0.0% · crowned  0.0% · 5.7s
try  5 · gen   16 · best     -3.2 · elite    -42.2 · median   -105.3 · years  27.5 · road 0.30 · starved  1523 · nobles  -2.9 · read 61.8 · walls  4.6 · fell 99.4% (mother 71.8%) · prince  0.0% · king  0.0% · crowned  0.0% · 5.7s
try  6 · gen   16 · best      6.7 · elite    -43.4 · median   -106.4 · years  30.5 · road 0.30 · starved  1637 · nobles  -2.8 · read 66.4 · walls  4.4 · fell 99.3% (mother 68.9%) · prince  0.0% · king  0.0% · crowned  0.0% · 5.7s
try  7 · gen   16 · best     18.2 · elite    -45.5 · median   -104.9 · years  27.2 · road 0.30 · starved  1536 · nobles  -3.3 · read 61.0 · walls  4.5 · fell 99.4% (mother 72.2%) · prince  0.0% · king  0.0% · crowned  0.0% · 5.7s
try  8 · gen   16 · best      6.0 · elite    -42.1 · median   -105.4 · years  30.3 · road 0.31 · starved  1655 · nobles  -3.5 · read 69.7 · walls  5.3 · fell 99.3% (mother 66.6%) · prince  0.0% · king  0.0% · crowned  0.0% · 5.7s
try  1 · gen   17 · best     -9.0 · elite    -43.5 · median   -106.6 · years  30.3 · road 0.30 · starved  1649 · nobles  -3.4 · read 69.2 · walls  4.4 · fell 99.2% (mother 67.1%) · prince  0.0% · king  0.0% · crowned  0.0% · 5.7s
try  2 · gen   17 · best     -8.3 · elite    -42.8 · median   -106.1 · years  29.1 · road 0.30 · starved  1588 · nobles  -3.2 · read 66.3 · walls  4.5 · fell 99.1% (mother 71.3%) · prince  0.0% · king  0.0% · crowned  0.0% · 5.7s
try  3 · gen   17 · best      1.4 · elite    -40.4 · median   -107.5 · years  28.3 · road 0.30 · starved  1568 · nobles  -3.4 · read 67.4 · walls  4.6 · fell 99.6% (mother 70.3%) · prince  0.0% · king  0.0% · crowned  0.0% · 5.7s
try  4 · gen   17 · best     -9.7 · elite    -43.2 · median   -108.1 · years  29.1 · road 0.30 · starved  1624 · nobles  -3.3 · read 69.7 · walls  4.8 · fell 99.5% (mother 68.9%) · prince  0.0% · king  0.0% · crowned  0.0% · 5.7s
try  5 · gen   17 · best     -7.5 · elite    -41.0 · median   -105.1 · years  27.8 · road 0.30 · starved  1514 · nobles  -2.7 · read 62.0 · walls  4.6 · fell 99.4% (mother 73.0%) · prince  0.0% · king  0.0% · crowned  0.0% · 5.7s
try  6 · gen   17 · best      7.8 · elite    -37.1 · median   -107.5 · years  31.8 · road 0.30 · starved  1672 · nobles  -3.0 · read 68.2 · walls  4.6 · fell 98.7% (mother 65.5%) · prince  0.0% · king  0.0% · crowned  0.0% · 5.7s
try  7 · gen   17 · best     -4.2 · elite    -42.2 · median   -107.5 · years  27.1 · road 0.30 · starved  1526 · nobles  -3.1 · read 61.8 · walls  4.5 · fell 99.7% (mother 71.1%) · prince  0.0% · king  0.0% · crowned  0.0% · 5.7s
try  8 · gen   17 · best    -13.3 · elite    -44.1 · median   -107.1 · years  30.8 · road 0.31 · starved  1675 · nobles  -3.4 · read 70.7 · walls  5.1 · fell 99.4% (mother 64.0%) · prince  0.0% · king  0.0% · crowned  0.0% · 5.7s
try  1 · gen   18 · best     -7.6 · elite    -44.0 · median   -106.5 · years  32.1 · road 0.30 · starved  1713 · nobles  -4.0 · read 75.7 · walls  4.5 · fell 98.8% (mother 64.4%) · prince  0.0% · king  0.0% · crowned  0.0% · 5.9s
try  2 · gen   18 · best      7.3 · elite    -43.1 · median   -107.2 · years  29.1 · road 0.30 · starved  1596 · nobles  -3.2 · read 66.0 · walls  4.7 · fell 99.3% (mother 69.3%) · prince  0.0% · king  0.0% · crowned  0.0% · 5.9s
try  3 · gen   18 · best    -14.4 · elite    -43.9 · median   -104.9 · years  30.1 · road 0.30 · starved  1615 · nobles  -3.6 · read 69.1 · walls  4.7 · fell 99.2% (mother 66.7%) · prince  0.0% · king  0.0% · crowned  0.0% · 5.9s
try  4 · gen   18 · best     11.4 · elite    -41.7 · median   -105.5 · years  30.7 · road 0.30 · starved  1645 · nobles  -3.3 · read 72.3 · walls  4.9 · fell 99.4% (mother 66.6%) · prince  0.0% · king  0.0% · crowned  0.0% · 5.9s
try  5 · gen   18 · best      9.7 · elite    -45.3 · median   -105.8 · years  29.6 · road 0.30 · starved  1594 · nobles  -3.1 · read 65.8 · walls  4.8 · fell 99.4% (mother 69.1%) · prince  0.0% · king  0.0% · crowned  0.0% · 5.9s
try  6 · gen   18 · best     16.9 · elite    -45.2 · median   -106.0 · years  31.0 · road 0.30 · starved  1625 · nobles  -2.8 · read 67.5 · walls  4.6 · fell 98.8% (mother 63.7%) · prince  0.0% · king  0.0% · crowned  0.0% · 5.9s
try  7 · gen   18 · best      0.9 · elite    -41.8 · median   -106.1 · years  28.8 · road 0.30 · starved  1589 · nobles  -3.7 · read 65.2 · walls  4.6 · fell 99.3% (mother 69.1%) · prince  0.0% · king  0.0% · crowned  0.0% · 5.9s
try  8 · gen   18 · best     25.4 · elite    -42.2 · median   -107.3 · years  30.8 · road 0.31 · starved  1680 · nobles  -3.5 · read 69.3 · walls  4.8 · fell 99.1% (mother 63.8%) · prince  0.0% · king  0.0% · crowned  0.0% · 5.9s
try  1 · gen   19 · best     17.6 · elite    -44.6 · median   -106.7 · years  32.1 · road 0.30 · starved  1714 · nobles  -3.8 · read 74.6 · walls  4.7 · fell 98.8% (mother 63.7%) · prince  0.0% · king  0.0% · crowned  0.0% · 5.8s
try  2 · gen   19 · best      1.4 · elite    -39.0 · median   -104.8 · years  31.5 · road 0.30 · starved  1658 · nobles  -3.3 · read 70.2 · walls  4.7 · fell 99.0% (mother 68.5%) · prince  0.0% · king  0.0% · crowned  0.0% · 5.8s
try  3 · gen   19 · best     58.8 · elite    -39.3 · median   -102.5 · years  31.5 · road 0.31 · starved  1667 · nobles  -3.7 · read 70.2 · walls  4.8 · fell 98.8% (mother 67.7%) · prince  0.0% · king  0.0% · crowned  0.0% · 5.8s
try  4 · gen   19 · best      4.5 · elite    -40.7 · median   -106.1 · years  31.5 · road 0.31 · starved  1682 · nobles  -3.4 · read 73.5 · walls  5.2 · fell 99.1% (mother 63.9%) · prince  0.0% · king  0.0% · crowned  0.0% · 5.8s
try  5 · gen   19 · best     -4.9 · elite    -44.1 · median   -104.9 · years  30.4 · road 0.30 · starved  1609 · nobles  -3.3 · read 67.2 · walls  4.7 · fell 99.3% (mother 66.9%) · prince  0.0% · king  0.0% · crowned  0.0% · 5.8s
try  6 · gen   19 · best      3.2 · elite    -39.1 · median   -105.0 · years  32.7 · road 0.30 · starved  1661 · nobles  -3.3 · read 69.0 · walls  4.5 · fell 98.7% (mother 65.0%) · prince  0.0% · king  0.0% · crowned  0.0% · 5.8s
try  7 · gen   19 · best     11.8 · elite    -38.9 · median   -104.1 · years  29.9 · road 0.31 · starved  1625 · nobles  -3.9 · read 67.9 · walls  4.7 · fell 99.3% (mother 69.8%) · prince  0.0% · king  0.0% · crowned  0.0% · 5.8s
try  8 · gen   19 · best     22.5 · elite    -36.6 · median   -106.7 · years  33.3 · road 0.32 · starved  1725 · nobles  -3.7 · read 75.2 · walls  5.2 · fell 98.9% (mother 59.4%) · prince  0.0% · king  0.0% · crowned  0.0% · 5.8s
try  1 · gen   20 · best     43.7 · elite    -40.6 · median   -102.9 · years  32.3 · road 0.30 · starved  1695 · nobles  -4.0 · read 73.6 · walls  4.8 · fell 98.7% (mother 62.3%) · prince  0.0% · king  0.0% · crowned  0.0% · 5.8s
try  2 · gen   20 · best     25.2 · elite    -41.4 · median   -104.6 · years  32.2 · road 0.30 · starved  1659 · nobles  -3.6 · read 71.9 · walls  4.8 · fell 98.5% (mother 64.8%) · prince  0.0% · king  0.0% · crowned  0.0% · 5.8s
try  3 · gen   20 · best     11.0 · elite    -37.7 · median   -104.5 · years  32.7 · road 0.31 · starved  1661 · nobles  -3.7 · read 77.0 · walls  5.1 · fell 98.4% (mother 63.1%) · prince  0.0% · king  0.0% · crowned  0.0% · 5.8s
try  4 · gen   20 · best    -17.0 · elite    -46.5 · median   -106.9 · years  32.3 · road 0.31 · starved  1687 · nobles  -3.6 · read 76.8 · walls  5.2 · fell 99.2% (mother 58.8%) · prince  0.0% · king  0.0% · crowned  0.0% · 5.8s
try  5 · gen   20 · best     -3.8 · elite    -42.4 · median   -104.8 · years  31.9 · road 0.31 · starved  1666 · nobles  -3.5 · read 70.7 · walls  5.0 · fell 99.2% (mother 66.0%) · prince  0.0% · king  0.0% · crowned  0.0% · 5.8s
try  6 · gen   20 · best     27.1 · elite    -41.7 · median   -103.7 · years  32.5 · road 0.31 · starved  1656 · nobles  -3.0 · read 68.8 · walls  4.5 · fell 98.8% (mother 61.5%) · prince  0.0% · king  0.0% · crowned  0.0% · 5.8s
try  7 · gen   20 · best     10.8 · elite    -40.1 · median   -105.7 · years  31.3 · road 0.31 · starved  1677 · nobles  -3.9 · read 72.4 · walls  4.8 · fell 99.1% (mother 65.5%) · prince  0.0% · king  0.0% · crowned  0.0% · 5.8s
try  8 · gen   20 · best     -5.5 · elite    -42.6 · median   -104.1 · years  33.4 · road 0.31 · starved  1737 · nobles  -3.5 · read 75.8 · walls  5.3 · fell 98.5% (mother 60.4%) · prince  0.0% · king  0.0% · crowned  0.0% · 5.8s
try  1 · gen   21 · best     33.3 · elite    -41.0 · median   -107.2 · years  32.8 · road 0.30 · starved  1710 · nobles  -3.8 · read 75.8 · walls  5.1 · fell 98.2% (mother 60.6%) · prince  0.0% · king  0.0% · crowned  0.0% · 5.9s
try  2 · gen   21 · best     14.9 · elite    -38.0 · median   -107.4 · years  34.2 · road 0.31 · starved  1747 · nobles  -3.8 · read 78.3 · walls  4.8 · fell 98.3% (mother 60.6%) · prince  0.0% · king  0.0% · crowned  0.0% · 5.9s
try  3 · gen   21 · best     24.0 · elite    -39.6 · median   -101.8 · years  33.9 · road 0.31 · starved  1709 · nobles  -4.1 · read 78.2 · walls  5.3 · fell 98.4% (mother 61.8%) · prince  0.0% · king  0.0% · crowned  0.0% · 5.9s
try  4 · gen   21 · best     31.3 · elite    -41.5 · median   -105.9 · years  33.2 · road 0.31 · starved  1722 · nobles  -3.5 · read 78.3 · walls  5.4 · fell 99.0% (mother 61.5%) · prince  0.0% · king  0.0% · crowned  0.0% · 5.9s
try  5 · gen   21 · best     -2.5 · elite    -41.6 · median   -106.0 · years  33.2 · road 0.31 · starved  1688 · nobles  -3.5 · read 75.4 · walls  5.2 · fell 98.8% (mother 63.8%) · prince  0.0% · king  0.0% · crowned  0.0% · 5.9s
try  6 · gen   21 · best     -0.7 · elite    -41.7 · median   -102.6 · years  33.4 · road 0.30 · starved  1675 · nobles  -3.4 · read 70.3 · walls  4.3 · fell 98.7% (mother 60.3%) · prince  0.0% · king  0.0% · crowned  0.0% · 5.9s
try  7 · gen   21 · best     31.0 · elite    -39.4 · median   -104.0 · years  31.6 · road 0.31 · starved  1636 · nobles  -3.9 · read 72.2 · walls  5.0 · fell 99.0% (mother 64.2%) · prince  0.0% · king  0.0% · crowned  0.0% · 5.9s
try  8 · gen   21 · best    -11.1 · elite    -40.4 · median   -102.0 · years  34.7 · road 0.32 · starved  1770 · nobles  -4.1 · read 79.2 · walls  5.4 · fell 98.5% (mother 61.5%) · prince  0.0% · king  0.0% · crowned  0.0% · 5.9s
try  1 · gen   22 · best     -1.8 · elite    -42.8 · median   -104.5 · years  32.4 · road 0.31 · starved  1669 · nobles  -4.0 · read 73.9 · walls  5.3 · fell 98.9% (mother 63.0%) · prince  0.0% · king  0.0% · crowned  0.0% · 5.9s
try  2 · gen   22 · best      8.5 · elite    -38.2 · median   -103.9 · years  35.4 · road 0.31 · starved  1772 · nobles  -3.8 · read 77.6 · walls  4.8 · fell 97.8% (mother 60.8%) · prince  0.0% · king  0.0% · crowned  0.0% · 5.9s
try  3 · gen   22 · best      7.5 · elite    -37.8 · median   -103.2 · years  33.6 · road 0.31 · starved  1704 · nobles  -3.9 · read 76.7 · walls  5.1 · fell 98.3% (mother 60.7%) · prince  0.0% · king  0.0% · crowned  0.0% · 5.9s
try  4 · gen   22 · best     10.8 · elite    -38.6 · median   -101.6 · years  34.9 · road 0.32 · starved  1747 · nobles  -4.1 · read 81.1 · walls  5.3 · fell 98.8% (mother 60.0%) · prince  0.0% · king  0.0% · crowned  0.0% · 5.9s
try  5 · gen   22 · best     55.9 · elite    -36.8 · median   -104.0 · years  33.8 · road 0.31 · starved  1682 · nobles  -3.8 · read 75.1 · walls  5.3 · fell 98.7% (mother 60.9%) · prince  0.0% · king  0.0% · crowned  0.0% · 5.9s
try  6 · gen   22 · best     22.4 · elite    -38.7 · median   -102.7 · years  34.2 · road 0.31 · starved  1696 · nobles  -3.8 · read 72.5 · walls  4.7 · fell 98.6% (mother 59.6%) · prince  0.0% · king  0.0% · crowned  0.0% · 5.9s
try  7 · gen   22 · best      4.3 · elite    -37.3 · median   -101.5 · years  31.8 · road 0.31 · starved  1658 · nobles  -4.3 · read 72.7 · walls  5.1 · fell 99.1% (mother 64.0%) · prince  0.0% · king  0.0% · crowned  0.0% · 5.9s
try  8 · gen   22 · best     37.8 · elite    -32.4 · median   -102.5 · years  35.2 · road 0.32 · starved  1743 · nobles  -4.0 · read 79.3 · walls  5.4 · fell 98.0% (mother 59.1%) · prince  0.0% · king  0.0% · crowned  0.0% · 5.9s
try  1 · gen   23 · best     18.5 · elite    -38.5 · median   -104.1 · years  33.7 · road 0.31 · starved  1710 · nobles  -4.2 · read 76.9 · walls  5.2 · fell 98.6% (mother 61.7%) · prince  0.0% · king  0.0% · crowned  0.0% · 6.0s
try  2 · gen   23 · best     24.5 · elite    -37.0 · median   -104.5 · years  36.4 · road 0.31 · starved  1761 · nobles  -3.8 · read 81.0 · walls  5.0 · fell 97.1% (mother 55.7%) · prince  0.0% · king  0.0% · crowned  0.0% · 6.0s
try  3 · gen   23 · best     10.7 · elite    -37.9 · median   -102.9 · years  35.3 · road 0.31 · starved  1712 · nobles  -4.1 · read 81.9 · walls  5.4 · fell 97.7% (mother 58.2%) · prince  0.0% · king  0.0% · crowned  0.0% · 6.0s
try  4 · gen   23 · best     24.3 · elite    -38.7 · median   -102.5 · years  34.9 · road 0.32 · starved  1753 · nobles  -3.9 · read 80.3 · walls  5.4 · fell 98.6% (mother 60.2%) · prince  0.0% · king  0.0% · crowned  0.0% · 6.0s
try  5 · gen   23 · best     15.9 · elite    -36.9 · median   -101.7 · years  35.2 · road 0.31 · starved  1720 · nobles  -3.8 · read 80.9 · walls  5.5 · fell 98.8% (mother 59.9%) · prince  0.0% · king  0.0% · crowned  0.0% · 6.0s
try  6 · gen   23 · best     29.0 · elite    -37.8 · median   -103.3 · years  34.2 · road 0.31 · starved  1682 · nobles  -3.7 · read 73.3 · walls  4.8 · fell 98.6% (mother 58.2%) · prince  0.0% · king  0.0% · crowned  0.0% · 6.0s
try  7 · gen   23 · best      4.3 · elite    -32.9 · median   -104.6 · years  33.8 · road 0.32 · starved  1711 · nobles  -4.5 · read 76.1 · walls  5.4 · fell 98.9% (mother 62.2%) · prince  0.0% · king  0.0% · crowned  0.0% · 6.0s
try  8 · gen   23 · best     49.3 · elite    -35.0 · median   -106.6 · years  35.5 · road 0.32 · starved  1763 · nobles  -4.2 · read 81.6 · walls  5.3 · fell 98.2% (mother 55.2%) · prince  0.0% · king  0.0% · crowned  0.0% · 6.0s
try  1 · gen   24 · best      6.9 · elite    -39.7 · median   -102.3 · years  35.1 · road 0.31 · starved  1729 · nobles  -4.5 · read 78.6 · walls  5.4 · fell 98.3% (mother 58.6%) · prince  0.0% · king  0.0% · crowned  0.0% · 6.0s
try  2 · gen   24 · best     32.9 · elite    -33.1 · median   -106.4 · years  36.2 · road 0.31 · starved  1730 · nobles  -3.7 · read 79.0 · walls  5.2 · fell 96.2% (mother 59.0%) · prince  0.0% · king  0.0% · crowned  0.0% · 6.0s
try  3 · gen   24 · best     22.2 · elite    -37.3 · median   -103.3 · years  35.8 · road 0.31 · starved  1724 · nobles  -4.0 · read 85.3 · walls  5.5 · fell 97.7% (mother 58.5%) · prince  0.0% · king  0.0% · crowned  0.0% · 6.0s
try  4 · gen   24 · best     13.7 · elite    -41.6 · median   -103.4 · years  34.3 · road 0.32 · starved  1734 · nobles  -4.0 · read 80.0 · walls  5.3 · fell 98.8% (mother 58.2%) · prince  0.0% · king  0.0% · crowned  0.0% · 6.0s
try  5 · gen   24 · best     12.9 · elite    -35.8 · median   -103.6 · years  35.7 · road 0.32 · starved  1727 · nobles  -3.8 · read 82.0 · walls  5.5 · fell 98.2% (mother 57.7%) · prince  0.0% · king  0.0% · crowned  0.0% · 6.0s
try  6 · gen   24 · best      3.8 · elite    -37.7 · median   -102.0 · years  36.3 · road 0.32 · starved  1758 · nobles  -4.2 · read 75.1 · walls  5.1 · fell 98.1% (mother 56.8%) · prince  0.0% · king  0.0% · crowned  0.0% · 6.0s
try  7 · gen   24 · best     11.3 · elite    -34.8 · median   -104.8 · years  33.1 · road 0.32 · starved  1683 · nobles  -4.3 · read 75.0 · walls  5.3 · fell 98.6% (mother 59.3%) · prince  0.0% · king  0.0% · crowned  0.0% · 6.0s
try  8 · gen   24 · best     37.2 · elite    -32.7 · median   -102.9 · years  36.1 · road 0.32 · starved  1754 · nobles  -4.3 · read 82.3 · walls  5.5 · fell 97.7% (mother 56.4%) · prince  0.0% · king  0.0% · crowned  0.0% · 6.0s
try  1 · gen   25 · best     19.9 · elite    -38.4 · median   -105.1 · years  34.1 · road 0.31 · starved  1710 · nobles  -4.4 · read 75.9 · walls  5.4 · fell 98.1% (mother 55.8%) · prince  0.0% · king  0.0% · crowned  0.0% · 6.1s
try  2 · gen   25 · best     23.6 · elite    -34.7 · median   -104.3 · years  38.4 · road 0.31 · starved  1795 · nobles  -3.9 · read 84.2 · walls  5.0 · fell 95.9% (mother 54.4%) · prince  0.0% · king  0.0% · crowned  0.0% · 6.1s
try  3 · gen   25 · best     26.5 · elite    -37.2 · median   -102.1 · years  36.3 · road 0.31 · starved  1715 · nobles  -4.0 · read 87.3 · walls  5.6 · fell 97.7% (mother 56.4%) · prince  0.0% · king  0.0% · crowned  0.0% · 6.1s
try  4 · gen   25 · best     12.4 · elite    -39.3 · median   -104.4 · years  35.7 · road 0.32 · starved  1765 · nobles  -3.9 · read 82.9 · walls  5.4 · fell 98.3% (mother 57.5%) · prince  0.0% · king  0.0% · crowned  0.0% · 6.1s
try  5 · gen   25 · best     12.8 · elite    -37.0 · median    -98.3 · years  36.0 · road 0.32 · starved  1707 · nobles  -3.8 · read 79.7 · walls  5.6 · fell 98.1% (mother 59.0%) · prince  0.0% · king  0.0% · crowned  0.0% · 6.1s
try  6 · gen   25 · best     32.2 · elite    -33.2 · median   -101.8 · years  36.1 · road 0.31 · starved  1720 · nobles  -4.1 · read 75.0 · walls  5.1 · fell 97.8% (mother 57.2%) · prince  0.0% · king  0.0% · crowned  0.0% · 6.1s
try  7 · gen   25 · best     47.0 · elite    -35.6 · median   -101.2 · years  35.5 · road 0.32 · starved  1730 · nobles  -4.6 · read 80.7 · walls  5.6 · fell 97.5% (mother 54.8%) · prince  0.0% · king  0.0% · crowned  0.0% · 6.1s
try  8 · gen   25 · best      2.3 · elite    -36.9 · median   -103.6 · years  36.4 · road 0.32 · starved  1774 · nobles  -4.4 · read 81.9 · walls  5.4 · fell 97.9% (mother 56.0%) · prince  0.0% · king  0.0% · crowned  0.0% · 6.1s
try  1 · gen   26 · best     13.8 · elite    -36.8 · median   -102.5 · years  36.7 · road 0.32 · starved  1752 · nobles  -4.5 · read 80.9 · walls  5.5 · fell 97.4% (mother 52.9%) · prince  0.0% · king  0.0% · crowned  0.0% · 6.1s
try  2 · gen   26 · best     41.2 · elite    -30.8 · median   -103.6 · years  37.4 · road 0.31 · starved  1753 · nobles  -3.9 · read 82.4 · walls  5.1 · fell 95.8% (mother 54.9%) · prince  0.0% · king  0.0% · crowned  0.0% · 6.1s
try  3 · gen   26 · best     39.2 · elite    -30.3 · median   -101.9 · years  36.7 · road 0.31 · starved  1701 · nobles  -3.9 · read 86.3 · walls  5.6 · fell 96.5% (mother 55.8%) · prince  0.0% · king  0.0% · crowned  0.0% · 6.1s
try  4 · gen   26 · best     -5.1 · elite    -38.0 · median   -105.2 · years  36.7 · road 0.31 · starved  1775 · nobles  -3.8 · read 84.7 · walls  5.4 · fell 98.3% (mother 57.2%) · prince  0.0% · king  0.0% · crowned  0.0% · 6.1s
try  5 · gen   26 · best     10.0 · elite    -34.0 · median   -100.4 · years  37.7 · road 0.32 · starved  1744 · nobles  -3.8 · read 84.3 · walls  5.7 · fell 96.9% (mother 56.5%) · prince  0.0% · king  0.0% · crowned  0.0% · 6.1s
try  6 · gen   26 · best     13.3 · elite    -38.6 · median   -101.0 · years  36.2 · road 0.32 · starved  1721 · nobles  -4.3 · read 76.8 · walls  5.4 · fell 97.7% (mother 55.1%) · prince  0.0% · king  0.0% · crowned  0.0% · 6.1s
try  7 · gen   26 · best     47.5 · elite    -33.0 · median   -102.0 · years  35.7 · road 0.31 · starved  1744 · nobles  -4.4 · read 82.8 · walls  5.7 · fell 97.0% (mother 55.5%) · prince  0.0% · king  0.0% · crowned  0.0% · 6.1s
try  8 · gen   26 · best     17.0 · elite    -32.9 · median   -101.4 · years  36.9 · road 0.32 · starved  1758 · nobles  -4.3 · read 84.4 · walls  5.5 · fell 97.4% (mother 52.5%) · prince  0.1% · king  0.0% · crowned  0.0% · 6.1s
try  1 · gen   27 · best     20.6 · elite    -34.7 · median   -100.3 · years  36.2 · road 0.31 · starved  1714 · nobles  -4.3 · read 80.5 · walls  5.5 · fell 97.8% (mother 53.9%) · prince  0.0% · king  0.0% · crowned  0.0% · 6.1s
try  2 · gen   27 · best     24.0 · elite    -31.8 · median   -102.5 · years  38.6 · road 0.31 · starved  1755 · nobles  -4.1 · read 83.2 · walls  5.3 · fell 95.3% (mother 53.2%) · prince  0.0% · king  0.0% · crowned  0.0% · 6.1s
try  3 · gen   27 · best     20.7 · elite    -31.7 · median   -100.6 · years  38.4 · road 0.32 · starved  1752 · nobles  -4.4 · read 91.9 · walls  5.6 · fell 96.5% (mother 53.3%) · prince  0.0% · king  0.0% · crowned  0.0% · 6.1s
try  4 · gen   27 · best     29.1 · elite    -37.0 · median   -100.9 · years  38.1 · road 0.32 · starved  1780 · nobles  -4.2 · read 87.7 · walls  5.7 · fell 97.8% (mother 55.2%) · prince  0.0% · king  0.0% · crowned  0.0% · 6.1s
try  5 · gen   27 · best     16.7 · elite    -33.7 · median    -98.3 · years  39.5 · road 0.32 · starved  1789 · nobles  -4.2 · read 89.2 · walls  5.6 · fell 96.6% (mother 53.6%) · prince  0.0% · king  0.0% · crowned  0.0% · 6.1s
try  6 · gen   27 · best     26.5 · elite    -34.9 · median   -100.1 · years  36.9 · road 0.32 · starved  1731 · nobles  -4.6 · read 77.7 · walls  5.5 · fell 97.1% (mother 51.6%) · prince  0.0% · king  0.0% · crowned  0.0% · 6.1s
try  7 · gen   27 · best     23.7 · elite    -33.4 · median   -102.1 · years  36.9 · road 0.31 · starved  1737 · nobles  -4.6 · read 83.2 · walls  5.7 · fell 96.7% (mother 52.2%) · prince  0.0% · king  0.0% · crowned  0.0% · 6.1s
try  8 · gen   27 · best     32.7 · elite    -34.1 · median   -101.8 · years  37.7 · road 0.32 · starved  1778 · nobles  -4.6 · read 85.1 · walls  5.7 · fell 97.0% (mother 50.0%) · prince  0.0% · king  0.0% · crowned  0.0% · 6.1s
try  1 · gen   28 · best     38.9 · elite    -28.5 · median   -100.0 · years  36.3 · road 0.32 · starved  1705 · nobles  -4.8 · read 82.4 · walls  5.7 · fell 97.5% (mother 51.8%) · prince  0.0% · king  0.0% · crowned  0.0% · 6.2s
try  2 · gen   28 · best     18.4 · elite    -33.2 · median   -101.8 · years  39.6 · road 0.32 · starved  1776 · nobles  -4.0 · read 85.6 · walls  5.4 · fell 95.2% (mother 50.1%) · prince  0.0% · king  0.0% · crowned  0.0% · 6.2s
try  3 · gen   28 · best     33.3 · elite    -29.5 · median    -99.5 · years  37.8 · road 0.31 · starved  1727 · nobles  -4.4 · read 88.6 · walls  5.8 · fell 95.8% (mother 55.6%) · prince  0.0% · king  0.0% · crowned  0.0% · 6.2s
try  4 · gen   28 · best     34.5 · elite    -33.7 · median   -100.5 · years  38.5 · road 0.32 · starved  1784 · nobles  -4.3 · read 85.1 · walls  5.8 · fell 97.8% (mother 54.8%) · prince  0.0% · king  0.0% · crowned  0.0% · 6.2s
try  5 · gen   28 · best     17.8 · elite    -34.1 · median   -103.5 · years  39.9 · road 0.32 · starved  1782 · nobles  -4.4 · read 88.3 · walls  5.6 · fell 97.2% (mother 50.6%) · prince  0.0% · king  0.0% · crowned  0.0% · 6.2s
try  6 · gen   28 · best     31.6 · elite    -27.1 · median   -100.2 · years  38.0 · road 0.32 · starved  1748 · nobles  -4.9 · read 78.3 · walls  5.6 · fell 96.7% (mother 53.0%) · prince  0.0% · king  0.0% · crowned  0.0% · 6.2s
try  7 · gen   28 · best     45.6 · elite    -31.4 · median   -102.8 · years  37.3 · road 0.31 · starved  1713 · nobles  -4.6 · read 85.5 · walls  5.5 · fell 96.2% (mother 50.1%) · prince  0.0% · king  0.0% · crowned  0.0% · 6.2s
try  8 · gen   28 · best     26.1 · elite    -33.3 · median   -103.9 · years  37.4 · road 0.31 · starved  1750 · nobles  -4.1 · read 85.6 · walls  5.4 · fell 96.3% (mother 50.0%) · prince  0.0% · king  0.0% · crowned  0.0% · 6.2s
try  1 · gen   29 · best     20.1 · elite    -33.5 · median    -98.8 · years  37.4 · road 0.32 · starved  1749 · nobles  -5.0 · read 81.3 · walls  5.9 · fell 97.0% (mother 51.0%) · prince  0.0% · king  0.0% · crowned  0.0% · 6.2s
try  2 · gen   29 · best     38.5 · elite    -24.9 · median    -99.7 · years  39.6 · road 0.32 · starved  1746 · nobles  -4.1 · read 82.6 · walls  5.5 · fell 94.1% (mother 51.5%) · prince  0.0% · king  0.0% · crowned  0.0% · 6.2s
try  3 · gen   29 · best     41.7 · elite    -27.5 · median    -98.9 · years  39.0 · road 0.32 · starved  1727 · nobles  -4.5 · read 91.0 · walls  5.9 · fell 95.5% (mother 53.2%) · prince  0.0% · king  0.0% · crowned  0.0% · 6.2s
try  4 · gen   29 · best     23.7 · elite    -28.9 · median   -102.6 · years  39.7 · road 0.32 · starved  1807 · nobles  -4.3 · read 89.0 · walls  5.9 · fell 96.5% (mother 51.4%) · prince  0.0% · king  0.0% · crowned  0.0% · 6.2s
try  5 · gen   29 · best      8.7 · elite    -30.0 · median    -99.6 · years  39.8 · road 0.32 · starved  1770 · nobles  -4.2 · read 88.1 · walls  5.7 · fell 97.3% (mother 52.9%) · prince  0.0% · king  0.0% · crowned  0.0% · 6.2s
try  6 · gen   29 · best     27.6 · elite    -28.0 · median    -99.4 · years  39.0 · road 0.32 · starved  1751 · nobles  -5.0 · read 81.9 · walls  5.5 · fell 96.4% (mother 49.1%) · prince  0.0% · king  0.0% · crowned  0.0% · 6.2s
try  7 · gen   29 · best     33.4 · elite    -28.6 · median   -100.1 · years  38.7 · road 0.32 · starved  1758 · nobles  -5.0 · read 87.0 · walls  5.7 · fell 95.8% (mother 48.5%) · prince  0.1% · king  0.0% · crowned  0.0% · 6.2s
try  8 · gen   29 · best     19.9 · elite    -29.8 · median    -99.6 · years  40.3 · road 0.32 · starved  1799 · nobles  -4.6 · read 90.9 · walls  5.6 · fell 95.6% (mother 47.9%) · prince  0.0% · king  0.0% · crowned  0.0% · 6.2s
try  1 · gen   30 · best     23.4 · elite    -31.1 · median    -98.9 · years  39.1 · road 0.32 · starved  1765 · nobles  -5.3 · read 84.4 · walls  6.0 · fell 95.9% (mother 48.2%) · prince  0.0% · king  0.0% · crowned  0.0% · 6.3s
try  2 · gen   30 · best     41.3 · elite    -25.5 · median    -99.0 · years  41.2 · road 0.32 · starved  1782 · nobles  -4.8 · read 85.9 · walls  5.6 · fell 93.6% (mother 46.1%) · prince  0.1% · king  0.0% · crowned  0.0% · 6.3s
try  3 · gen   30 · best     35.1 · elite    -27.0 · median    -99.0 · years  39.4 · road 0.32 · starved  1722 · nobles  -4.6 · read 93.3 · walls  6.1 · fell 95.3% (mother 51.7%) · prince  0.0% · king  0.0% · crowned  0.0% · 6.3s
try  4 · gen   30 · best     17.4 · elite    -32.4 · median    -99.8 · years  40.5 · road 0.33 · starved  1819 · nobles  -4.4 · read 90.6 · walls  6.1 · fell 96.8% (mother 49.9%) · prince  0.0% · king  0.0% · crowned  0.0% · 6.3s
try  5 · gen   30 · best     17.4 · elite    -33.2 · median    -97.4 · years  40.7 · road 0.32 · starved  1772 · nobles  -4.3 · read 90.5 · walls  5.7 · fell 96.1% (mother 48.4%) · prince  0.0% · king  0.0% · crowned  0.0% · 6.3s
try  6 · gen   30 · best     25.6 · elite    -29.3 · median    -96.1 · years  40.0 · road 0.32 · starved  1756 · nobles  -5.2 · read 82.9 · walls  5.6 · fell 95.6% (mother 46.7%) · prince  0.0% · king  0.0% · crowned  0.0% · 6.3s
try  7 · gen   30 · best     48.9 · elite    -25.6 · median    -97.0 · years  40.2 · road 0.32 · starved  1739 · nobles  -5.0 · read 88.2 · walls  5.8 · fell 94.7% (mother 47.0%) · prince  0.0% · king  0.0% · crowned  0.0% · 6.3s
try  8 · gen   30 · best     75.3 · elite    -29.7 · median    -99.7 · years  40.7 · road 0.32 · starved  1777 · nobles  -4.6 · read 91.9 · walls  5.6 · fell 94.3% (mother 46.5%) · prince  0.0% · king  0.0% · crowned  0.0% · 6.3s
try  1 · gen   31 · best     44.2 · elite    -27.5 · median    -99.3 · years  38.7 · road 0.32 · starved  1766 · nobles  -5.3 · read 84.0 · walls  6.1 · fell 96.6% (mother 48.7%) · prince  0.0% · king  0.0% · crowned  0.0% · 6.2s
try  2 · gen   31 · best     90.4 · elite    -25.6 · median    -99.4 · years  41.6 · road 0.32 · starved  1775 · nobles  -4.6 · read 88.9 · walls  5.5 · fell 93.2% (mother 44.5%) · prince  0.1% · king  0.0% · crowned  0.0% · 6.2s
try  3 · gen   31 · best     25.5 · elite    -24.7 · median    -97.8 · years  40.3 · road 0.32 · starved  1737 · nobles  -5.0 · read 94.6 · walls  5.9 · fell 94.4% (mother 49.0%) · prince  0.0% · king  0.0% · crowned  0.0% · 6.2s
try  4 · gen   31 · best     27.8 · elite    -32.4 · median    -98.6 · years  41.4 · road 0.32 · starved  1813 · nobles  -4.6 · read 92.1 · walls  6.0 · fell 95.8% (mother 46.9%) · prince  0.1% · king  0.0% · crowned  0.0% · 6.2s
try  5 · gen   31 · best     23.9 · elite    -29.1 · median    -97.8 · years  41.4 · road 0.32 · starved  1788 · nobles  -4.6 · read 94.3 · walls  5.7 · fell 96.0% (mother 47.9%) · prince  0.0% · king  0.0% · crowned  0.0% · 6.2s
try  6 · gen   31 · best     26.1 · elite    -29.0 · median    -97.7 · years  39.1 · road 0.32 · starved  1717 · nobles  -5.1 · read 82.8 · walls  5.5 · fell 95.5% (mother 44.2%) · prince  0.0% · king  0.0% · crowned  0.0% · 6.2s
try  7 · gen   31 · best     28.6 · elite    -23.6 · median    -96.9 · years  40.0 · road 0.33 · starved  1741 · nobles  -5.1 · read 87.9 · walls  5.9 · fell 94.4% (mother 46.6%) · prince  0.0% · king  0.0% · crowned  0.0% · 6.2s
try  8 · gen   31 · best     16.4 · elite    -28.8 · median   -100.0 · years  41.9 · road 0.32 · starved  1804 · nobles  -4.8 · read 92.0 · walls  5.8 · fell 93.8% (mother 44.5%) · prince  0.0% · king  0.0% · crowned  0.0% · 6.2s
try  1 · gen   32 · best     12.3 · elite    -32.9 · median   -101.4 · years  37.9 · road 0.32 · starved  1708 · nobles  -5.1 · read 81.1 · walls  5.9 · fell 96.1% (mother 44.6%) · prince  0.0% · king  0.0% · crowned  0.0% · 6.3s
try  2 · gen   32 · best     11.6 · elite    -24.3 · median    -97.6 · years  43.1 · road 0.32 · starved  1812 · nobles  -5.0 · read 89.5 · walls  5.9 · fell 92.5% (mother 41.6%) · prince  0.0% · king  0.0% · crowned  0.0% · 6.3s
try  3 · gen   32 · best     38.5 · elite    -21.5 · median    -95.4 · years  40.6 · road 0.32 · starved  1693 · nobles  -5.0 · read 91.9 · walls  5.9 · fell 93.4% (mother 48.6%) · prince  0.0% · king  0.0% · crowned  0.0% · 6.3s
try  4 · gen   32 · best     40.0 · elite    -30.6 · median    -98.6 · years  41.6 · road 0.32 · starved  1814 · nobles  -4.9 · read 90.6 · walls  6.1 · fell 95.5% (mother 45.1%) · prince  0.1% · king  0.0% · crowned  0.0% · 6.3s
try  5 · gen   32 · best     36.8 · elite    -27.7 · median    -94.7 · years  42.1 · road 0.33 · starved  1800 · nobles  -4.5 · read 94.2 · walls  6.0 · fell 95.9% (mother 48.5%) · prince  0.1% · king  0.0% · crowned  0.0% · 6.3s
try  6 · gen   32 · best     35.6 · elite    -25.0 · median    -94.3 · years  39.9 · road 0.33 · starved  1708 · nobles  -5.2 · read 84.5 · walls  5.8 · fell 95.3% (mother 45.0%) · prince  0.0% · king  0.0% · crowned  0.0% · 6.3s
try  7 · gen   32 · best     19.8 · elite    -19.6 · median    -96.6 · years  40.4 · road 0.32 · starved  1716 · nobles  -5.4 · read 89.7 · walls  5.8 · fell 93.9% (mother 43.2%) · prince  0.1% · king  0.0% · crowned  0.0% · 6.3s
try  8 · gen   32 · best     22.5 · elite    -29.6 · median    -99.2 · years  41.1 · road 0.32 · starved  1766 · nobles  -4.8 · read 89.2 · walls  5.8 · fell 94.6% (mother 45.7%) · prince  0.0% · king  0.0% · crowned  0.0% · 6.3s
try  1 · gen   33 · best     44.7 · elite    -29.3 · median    -96.2 · years  39.2 · road 0.33 · starved  1715 · nobles  -5.6 · read 83.4 · walls  6.2 · fell 96.1% (mother 46.0%) · prince  0.0% · king  0.0% · crowned  0.0% · 6.3s
try  2 · gen   33 · best     23.7 · elite    -25.6 · median    -96.9 · years  42.0 · road 0.31 · starved  1755 · nobles  -4.7 · read 87.4 · walls  5.8 · fell 91.0% (mother 40.3%) · prince  0.1% · king  0.0% · crowned  0.0% · 6.3s
try  3 · gen   33 · best     55.2 · elite    -23.1 · median    -95.6 · years  41.8 · road 0.32 · starved  1742 · nobles  -5.4 · read 94.4 · walls  5.9 · fell 93.3% (mother 44.4%) · prince  0.1% · king  0.0% · crowned  0.0% · 6.3s
try  4 · gen   33 · best     34.5 · elite    -29.9 · median    -99.2 · years  43.0 · road 0.33 · starved  1799 · nobles  -5.0 · read 93.7 · walls  6.2 · fell 94.1% (mother 41.8%) · prince  0.0% · king  0.0% · crowned  0.0% · 6.3s
try  5 · gen   33 · best     24.6 · elite    -25.5 · median    -94.9 · years  43.4 · road 0.33 · starved  1793 · nobles  -4.6 · read 93.7 · walls  6.1 · fell 94.9% (mother 46.0%) · prince  0.0% · king  0.0% · crowned  0.0% · 6.3s
try  6 · gen   33 · best     35.7 · elite    -21.5 · median    -96.6 · years  41.3 · road 0.33 · starved  1730 · nobles  -5.7 · read 84.4 · walls  5.8 · fell 94.7% (mother 43.8%) · prince  0.1% · king  0.0% · crowned  0.0% · 6.3s
try  7 · gen   33 · best     28.1 · elite    -20.6 · median    -95.5 · years  42.0 · road 0.33 · starved  1750 · nobles  -5.4 · read 94.2 · walls  6.1 · fell 93.0% (mother 43.9%) · prince  0.1% · king  0.0% · crowned  0.0% · 6.3s
try  8 · gen   33 · best      9.9 · elite    -29.1 · median    -98.6 · years  41.2 · road 0.32 · starved  1759 · nobles  -4.9 · read 89.1 · walls  5.6 · fell 93.9% (mother 41.7%) · prince  0.0% · king  0.0% · crowned  0.0% · 6.3s
try  1 · gen   34 · best     18.4 · elite    -27.0 · median    -91.9 · years  39.3 · road 0.33 · starved  1693 · nobles  -5.6 · read 84.1 · walls  6.4 · fell 96.0% (mother 45.8%) · prince  0.0% · king  0.0% · crowned  0.0% · 6.4s
try  2 · gen   34 · best     54.6 · elite    -20.7 · median    -96.7 · years  44.7 · road 0.32 · starved  1798 · nobles  -5.1 · read 91.2 · walls  5.9 · fell 89.7% (mother 37.7%) · prince  0.0% · king  0.0% · crowned  0.0% · 6.4s
try  3 · gen   34 · best     34.9 · elite    -21.9 · median    -96.8 · years  43.5 · road 0.32 · starved  1771 · nobles  -5.5 · read 99.6 · walls  6.1 · fell 91.8% (mother 43.1%) · prince  0.1% · king  0.0% · crowned  0.0% · 6.4s
try  4 · gen   34 · best     17.5 · elite    -27.6 · median    -94.9 · years  43.2 · road 0.33 · starved  1794 · nobles  -5.0 · read 93.4 · walls  6.4 · fell 94.3% (mother 46.5%) · prince  0.1% · king  0.0% · crowned  0.0% · 6.4s
try  5 · gen   34 · best     26.7 · elite    -24.7 · median    -93.2 · years  43.0 · road 0.33 · starved  1757 · nobles  -4.7 · read 90.5 · walls  6.1 · fell 94.5% (mother 45.8%) · prince  0.0% · king  0.0% · crowned  0.0% · 6.4s
try  6 · gen   34 · best     44.2 · elite    -20.4 · median    -92.1 · years  42.3 · road 0.34 · starved  1786 · nobles  -5.7 · read 86.2 · walls  6.1 · fell 94.1% (mother 43.4%) · prince  0.1% · king  0.0% · crowned  0.0% · 6.4s
try  7 · gen   34 · best     34.3 · elite    -16.2 · median    -93.5 · years  42.5 · road 0.33 · starved  1733 · nobles  -5.7 · read 94.9 · walls  6.2 · fell 92.7% (mother 43.5%) · prince  0.1% · king  0.0% · crowned  0.0% · 6.4s
try  8 · gen   34 · best     22.0 · elite    -28.4 · median    -95.4 · years  43.5 · road 0.33 · starved  1843 · nobles  -5.4 · read 92.4 · walls  6.1 · fell 94.2% (mother 40.5%) · prince  0.2% · king  0.0% · crowned  0.0% · 6.4s
try  1 · gen   35 · best     32.4 · elite    -25.1 · median    -95.4 · years  39.3 · road 0.33 · starved  1708 · nobles  -5.8 · read 82.5 · walls  6.3 · fell 95.9% (mother 44.6%) · prince  0.0% · king  0.0% · crowned  0.0% · 6.4s
try  2 · gen   35 · best     67.3 · elite    -19.5 · median    -96.6 · years  45.3 · road 0.32 · starved  1825 · nobles  -5.3 · read 94.0 · walls  6.0 · fell 89.3% (mother 38.3%) · prince  0.1% · king  0.0% · crowned  0.0% · 6.4s
try  3 · gen   35 · best     25.0 · elite    -25.3 · median    -93.6 · years  43.7 · road 0.32 · starved  1739 · nobles  -5.5 · read 99.5 · walls  6.1 · fell 90.7% (mother 38.2%) · prince  0.1% · king  0.0% · crowned  0.0% · 6.4s
try  4 · gen   35 · best     33.8 · elite    -26.6 · median    -94.3 · years  43.4 · road 0.33 · starved  1814 · nobles  -5.2 · read 91.2 · walls  6.3 · fell 94.0% (mother 42.7%) · prince  0.1% · king  0.0% · crowned  0.0% · 6.4s
try  5 · gen   35 · best     31.1 · elite    -23.8 · median    -93.1 · years  44.7 · road 0.33 · starved  1785 · nobles  -5.2 · read 95.0 · walls  6.3 · fell 93.2% (mother 42.3%) · prince  0.0% · king  0.0% · crowned  0.0% · 6.4s
try  6 · gen   35 · best     28.2 · elite    -17.3 · median    -92.2 · years  42.1 · road 0.33 · starved  1678 · nobles  -5.5 · read 86.6 · walls  6.1 · fell 93.4% (mother 41.7%) · prince  0.1% · king  0.0% · crowned  0.0% · 6.4s
try  7 · gen   35 · best     41.1 · elite    -15.7 · median    -91.2 · years  42.6 · road 0.33 · starved  1734 · nobles  -5.8 · read 95.2 · walls  6.3 · fell 92.6% (mother 40.7%) · prince  0.2% · king  0.0% · crowned  0.0% · 6.4s
try  8 · gen   35 · best     25.8 · elite    -23.0 · median    -95.9 · years  41.9 · road 0.33 · starved  1742 · nobles  -5.2 · read 85.7 · walls  6.1 · fell 94.8% (mother 42.2%) · prince  0.2% · king  0.0% · crowned  0.0% · 6.4s
try  1 · gen   36 · best     47.1 · elite    -20.0 · median    -92.8 · years  40.1 · road 0.33 · starved  1694 · nobles  -6.2 · read 81.8 · walls  6.5 · fell 95.2% (mother 40.7%) · prince  0.2% · king  0.0% · crowned  0.0% · 6.4s
try  2 · gen   36 · best     75.0 · elite    -17.3 · median    -94.0 · years  45.5 · road 0.32 · starved  1793 · nobles  -5.5 · read 95.6 · walls  6.0 · fell 87.8% (mother 36.1%) · prince  0.1% · king  0.0% · crowned  0.0% · 6.4s
try  3 · gen   36 · best     47.9 · elite    -14.8 · median    -91.6 · years  46.2 · road 0.33 · starved  1781 · nobles  -5.9 · read 106.2 · walls  6.2 · fell 89.4% (mother 38.3%) · prince  0.1% · king  0.0% · crowned  0.0% · 6.4s
try  4 · gen   36 · best     33.8 · elite    -20.4 · median    -92.5 · years  44.6 · road 0.34 · starved  1768 · nobles  -5.2 · read 94.8 · walls  6.5 · fell 92.6% (mother 42.9%) · prince  0.1% · king  0.0% · crowned  0.0% · 6.4s
try  5 · gen   36 · best     43.9 · elite    -13.9 · median    -93.8 · years  45.2 · road 0.33 · starved  1787 · nobles  -5.1 · read 94.9 · walls  6.3 · fell 92.8% (mother 38.5%) · prince  0.1% · king  0.0% · crowned  0.0% · 6.4s
try  6 · gen   36 · best     42.0 · elite    -15.9 · median    -89.6 · years  43.7 · road 0.34 · starved  1698 · nobles  -5.9 · read 88.5 · walls  6.2 · fell 93.1% (mother 40.6%) · prince  0.1% · king  0.0% · crowned  0.0% · 6.4s
try  7 · gen   36 · best    100.9 · elite    -12.2 · median    -91.9 · years  42.8 · road 0.33 · starved  1709 · nobles  -5.9 · read 93.5 · walls  6.4 · fell 92.1% (mother 38.9%) · prince  0.3% · king  0.0% · crowned  0.0% · 6.4s
try  8 · gen   36 · best     91.8 · elite    -19.1 · median    -91.6 · years  43.6 · road 0.33 · starved  1784 · nobles  -5.4 · read 92.0 · walls  6.1 · fell 93.6% (mother 40.4%) · prince  0.2% · king  0.0% · crowned  0.0% · 6.4s
try  1 · gen   37 · best     45.9 · elite    -17.1 · median    -90.9 · years  41.6 · road 0.34 · starved  1710 · nobles  -6.5 · read 84.9 · walls  6.6 · fell 94.4% (mother 44.2%) · prince  0.3% · king  0.0% · crowned  0.0% · 6.4s
try  2 · gen   37 · best     42.8 · elite    -17.7 · median    -91.8 · years  45.7 · road 0.32 · starved  1760 · nobles  -5.4 · read 96.8 · walls  6.1 · fell 88.1% (mother 34.8%) · prince  0.1% · king  0.0% · crowned  0.0% · 6.4s
try  3 · gen   37 · best     38.0 · elite    -10.9 · median    -92.5 · years  45.7 · road 0.33 · starved  1773 · nobles  -6.1 · read 103.8 · walls  6.4 · fell 89.9% (mother 38.2%) · prince  0.1% · king  0.0% · crowned  0.0% · 6.4s
try  4 · gen   37 · best     79.1 · elite    -16.0 · median    -92.5 · years  45.8 · road 0.33 · starved  1778 · nobles  -5.5 · read 99.3 · walls  6.5 · fell 91.7% (mother 40.0%) · prince  0.2% · king  0.0% · crowned  0.0% · 6.4s
try  5 · gen   37 · best     78.9 · elite    -16.5 · median    -91.4 · years  46.6 · road 0.33 · starved  1818 · nobles  -5.6 · read 97.7 · walls  6.5 · fell 91.8% (mother 39.5%) · prince  0.1% · king  0.0% · crowned  0.0% · 6.4s
try  6 · gen   37 · best     61.8 · elite    -17.9 · median    -88.7 · years  44.1 · road 0.34 · starved  1707 · nobles  -6.1 · read 91.0 · walls  6.3 · fell 92.4% (mother 37.9%) · prince  0.2% · king  0.0% · crowned  0.0% · 6.4s
try  7 · gen   37 · best     62.5 · elite    -15.7 · median    -90.2 · years  43.8 · road 0.33 · starved  1707 · nobles  -5.8 · read 95.7 · walls  6.4 · fell 91.6% (mother 40.0%) · prince  0.2% · king  0.0% · crowned  0.0% · 6.4s
try  8 · gen   37 · best     28.9 · elite    -19.1 · median    -90.7 · years  43.5 · road 0.34 · starved  1752 · nobles  -5.1 · read 90.9 · walls  6.2 · fell 94.0% (mother 42.3%) · prince  0.3% · king  0.0% · crowned  0.0% · 6.4s
try  1 · gen   38 · best     35.2 · elite    -17.8 · median    -90.8 · years  42.6 · road 0.34 · starved  1689 · nobles  -6.7 · read 86.3 · walls  6.6 · fell 93.2% (mother 39.7%) · prince  0.2% · king  0.0% · crowned  0.0% · 6.5s
try  2 · gen   38 · best     32.8 · elite    -16.1 · median    -91.5 · years  45.0 · road 0.33 · starved  1715 · nobles  -5.5 · read 93.1 · walls  6.2 · fell 88.6% (mother 34.5%) · prince  0.1% · king  0.0% · crowned  0.0% · 6.5s
try  3 · gen   38 · best     85.4 · elite    -12.4 · median    -88.5 · years  45.9 · road 0.34 · starved  1766 · nobles  -6.3 · read 105.5 · walls  6.3 · fell 90.1% (mother 36.8%) · prince  0.3% · king  0.0% · crowned  0.0% · 6.5s
try  4 · gen   38 · best     49.1 · elite    -15.4 · median    -87.3 · years  46.5 · road 0.34 · starved  1760 · nobles  -5.6 · read 96.8 · walls  6.7 · fell 90.2% (mother 38.4%) · prince  0.4% · king  0.0% · crowned  0.0% · 6.5s
try  5 · gen   38 · best     25.4 · elite    -17.3 · median    -90.9 · years  47.6 · road 0.33 · starved  1790 · nobles  -5.6 · read 97.3 · walls  6.5 · fell 89.6% (mother 35.6%) · prince  0.2% · king  0.0% · crowned  0.0% · 6.5s
try  6 · gen   38 · best     63.2 · elite     -9.6 · median    -87.7 · years  45.4 · road 0.34 · starved  1717 · nobles  -6.7 · read 89.7 · walls  6.3 · fell 91.6% (mother 37.6%) · prince  0.2% · king  0.0% · crowned  0.0% · 6.5s
try  7 · gen   38 · best     66.4 · elite    -11.5 · median    -86.7 · years  44.2 · road 0.34 · starved  1700 · nobles  -6.0 · read 97.0 · walls  6.4 · fell 91.9% (mother 38.2%) · prince  0.4% · king  0.0% · crowned  0.0% · 6.5s
try  8 · gen   38 · best     66.5 · elite    -19.3 · median    -88.7 · years  43.8 · road 0.34 · starved  1747 · nobles  -5.5 · read 89.2 · walls  6.3 · fell 93.6% (mother 39.9%) · prince  0.2% · king  0.0% · crowned  0.0% · 6.5s
try  1 · gen   39 · best     33.9 · elite    -17.3 · median    -88.0 · years  43.0 · road 0.34 · starved  1672 · nobles  -6.8 · read 85.2 · walls  6.7 · fell 92.8% (mother 39.3%) · prince  0.1% · king  0.0% · crowned  0.0% · 6.4s
try  2 · gen   39 · best     76.5 · elite    -12.7 · median    -86.2 · years  45.9 · road 0.33 · starved  1715 · nobles  -5.8 · read 95.2 · walls  6.2 · fell 87.9% (mother 32.3%) · prince  0.4% · king  0.0% · crowned  0.0% · 6.4s
try  3 · gen   39 · best     32.8 · elite    -15.4 · median    -90.1 · years  47.1 · road 0.33 · starved  1761 · nobles  -6.5 · read 109.3 · walls  6.2 · fell 88.7% (mother 34.8%) · prince  0.1% · king  0.0% · crowned  0.0% · 6.4s
try  4 · gen   39 · best     46.4 · elite    -16.7 · median    -88.5 · years  47.3 · road 0.34 · starved  1764 · nobles  -5.4 · read 100.1 · walls  6.8 · fell 89.8% (mother 36.2%) · prince  0.3% · king  0.0% · crowned  0.0% · 6.4s
try  5 · gen   39 · best     46.7 · elite    -16.0 · median    -89.0 · years  46.4 · road 0.34 · starved  1771 · nobles  -5.6 · read 92.4 · walls  6.4 · fell 91.2% (mother 34.2%) · prince  0.1% · king  0.0% · crowned  0.0% · 6.4s
try  6 · gen   39 · best     49.1 · elite    -15.3 · median    -87.0 · years  45.3 · road 0.34 · starved  1711 · nobles  -6.8 · read 89.7 · walls  6.4 · fell 91.7% (mother 37.3%) · prince  0.3% · king  0.0% · crowned  0.0% · 6.4s
try  7 · gen   39 · best     33.7 · elite    -10.4 · median    -87.4 · years  45.6 · road 0.34 · starved  1697 · nobles  -6.3 · read 102.5 · walls  6.6 · fell 90.1% (mother 37.0%) · prince  0.3% · king  0.0% · crowned  0.0% · 6.4s
try  8 · gen   39 · best     83.5 · elite    -12.9 · median    -87.9 · years  44.0 · road 0.34 · starved  1756 · nobles  -5.6 · read 87.4 · walls  6.3 · fell 93.6% (mother 40.4%) · prince  0.4% · king  0.0% · crowned  0.0% · 6.4s
try  1 · gen   40 · best     43.8 · elite    -15.7 · median    -89.2 · years  43.1 · road 0.34 · starved  1674 · nobles  -6.9 · read 85.6 · walls  6.8 · fell 92.7% (mother 36.7%) · prince  0.3% · king  0.0% · crowned  0.0% · 6.5s
try  2 · gen   40 · best     55.1 · elite     -5.7 · median    -86.6 · years  46.6 · road 0.34 · starved  1710 · nobles  -6.3 · read 90.5 · walls  6.3 · fell 87.6% (mother 32.0%) · prince  0.3% · king  0.0% · crowned  0.0% · 6.5s
try  3 · gen   40 · best     49.0 · elite     -9.7 · median    -84.7 · years  46.5 · road 0.34 · starved  1731 · nobles  -6.7 · read 102.9 · walls  6.4 · fell 88.9% (mother 37.7%) · prince  0.3% · king  0.0% · crowned  0.0% · 6.5s
try  4 · gen   40 · best     65.9 · elite     -7.8 · median    -85.8 · years  48.6 · road 0.34 · starved  1787 · nobles  -6.1 · read 101.6 · walls  6.9 · fell 89.2% (mother 35.5%) · prince  0.7% · king  0.0% · crowned  0.0% · 6.5s
try  5 · gen   40 · best     48.5 · elite    -10.8 · median    -87.8 · years  47.9 · road 0.34 · starved  1775 · nobles  -5.7 · read 93.9 · walls  6.5 · fell 90.0% (mother 34.2%) · prince  0.2% · king  0.0% · crowned  0.0% · 6.5s
try  6 · gen   40 · best     40.6 · elite    -11.3 · median    -85.9 · years  45.4 · road 0.34 · starved  1700 · nobles  -7.0 · read 88.4 · walls  6.4 · fell 90.7% (mother 36.9%) · prince  0.5% · king  0.0% · crowned  0.0% · 6.5s
try  7 · gen   40 · best     57.2 · elite     -6.0 · median    -83.9 · years  46.6 · road 0.35 · starved  1706 · nobles  -6.6 · read 103.4 · walls  6.7 · fell 89.9% (mother 36.2%) · prince  0.5% · king  0.0% · crowned  0.0% · 6.5s
try  8 · gen   40 · best     37.4 · elite    -11.3 · median    -86.0 · years  46.8 · road 0.35 · starved  1795 · nobles  -6.1 · read 92.1 · walls  6.5 · fell 91.9% (mother 35.9%) · prince  0.6% · king  0.0% · crowned  0.0% · 6.5s
try  1 · gen   41 · best     26.8 · elite    -13.4 · median    -87.6 · years  45.1 · road 0.34 · starved  1718 · nobles  -7.5 · read 88.0 · walls  6.9 · fell 91.5% (mother 35.6%) · prince  0.2% · king  0.0% · crowned  0.0% · 6.6s
try  2 · gen   41 · best     59.3 · elite      0.5 · median    -83.7 · years  46.5 · road 0.35 · starved  1669 · nobles  -6.6 · read 88.5 · walls  6.3 · fell 88.3% (mother 34.4%) · prince  0.4% · king  0.0% · crowned  0.0% · 6.6s
try  3 · gen   41 · best     54.7 · elite    -10.7 · median    -85.8 · years  47.9 · road 0.34 · starved  1724 · nobles  -6.8 · read 107.6 · walls  6.5 · fell 86.7% (mother 33.5%) · prince  0.2% · king  0.0% · crowned  0.0% · 6.6s
try  4 · gen   41 · best     73.7 · elite     -5.2 · median    -85.5 · years  48.6 · road 0.34 · starved  1737 · nobles  -6.3 · read 102.5 · walls  6.8 · fell 88.6% (mother 32.5%) · prince  0.8% · king  0.0% · crowned  0.0% · 6.6s
try  5 · gen   41 · best     36.6 · elite    -11.5 · median    -87.1 · years  48.4 · road 0.34 · starved  1748 · nobles  -6.1 · read 94.7 · walls  6.6 · fell 89.4% (mother 33.3%) · prince  0.2% · king  0.0% · crowned  0.0% · 6.6s
try  6 · gen   41 · best     53.9 · elite     -5.8 · median    -82.9 · years  46.4 · road 0.35 · starved  1669 · nobles  -7.0 · read 93.4 · walls  6.4 · fell 89.7% (mother 34.1%) · prince  0.3% · king  0.0% · crowned  0.0% · 6.6s
try  7 · gen   41 · best     58.4 · elite     -0.8 · median    -80.9 · years  47.2 · road 0.35 · starved  1685 · nobles  -6.5 · read 103.0 · walls  7.0 · fell 89.2% (mother 37.2%) · prince  0.5% · king  0.0% · crowned  0.0% · 6.6s
try  8 · gen   41 · best     54.1 · elite    -10.2 · median    -85.3 · years  45.5 · road 0.35 · starved  1747 · nobles  -6.0 · read 88.3 · walls  6.4 · fell 92.4% (mother 35.9%) · prince  0.8% · king  0.1% · crowned  0.0% · 6.6s
try  1 · gen   42 · best     46.7 · elite    -11.6 · median    -85.8 · years  46.0 · road 0.35 · starved  1683 · nobles  -7.8 · read 90.5 · walls  7.1 · fell 90.8% (mother 34.3%) · prince  0.3% · king  0.0% · crowned  0.0% · 6.6s
try  2 · gen   42 · best     79.3 · elite     -2.3 · median    -80.2 · years  48.0 · road 0.35 · starved  1660 · nobles  -7.0 · read 87.9 · walls  6.5 · fell 86.7% (mother 31.5%) · prince  0.8% · king  0.0% · crowned  0.0% · 6.6s
try  3 · gen   42 · best     68.7 · elite     -3.0 · median    -83.9 · years  47.0 · road 0.34 · starved  1690 · nobles  -7.2 · read 100.4 · walls  6.7 · fell 87.2% (mother 34.8%) · prince  0.1% · king  0.0% · crowned  0.0% · 6.6s
try  4 · gen   42 · best     75.8 · elite     -2.6 · median    -80.8 · years  50.1 · road 0.34 · starved  1738 · nobles  -6.2 · read 106.7 · walls  7.0 · fell 86.9% (mother 29.6%) · prince  0.9% · king  0.0% · crowned  0.0% · 6.6s
try  5 · gen   42 · best     50.2 · elite     -9.3 · median    -83.6 · years  50.6 · road 0.35 · starved  1772 · nobles  -6.3 · read 100.8 · walls  6.9 · fell 87.4% (mother 32.3%) · prince  0.2% · king  0.0% · crowned  0.0% · 6.6s
try  6 · gen   42 · best     44.8 · elite     -0.3 · median    -75.9 · years  47.7 · road 0.35 · starved  1658 · nobles  -7.2 · read 95.2 · walls  6.5 · fell 89.1% (mother 36.6%) · prince  0.6% · king  0.0% · crowned  0.0% · 6.6s
try  7 · gen   42 · best    131.3 · elite     -0.6 · median    -79.1 · years  47.0 · road 0.35 · starved  1656 · nobles  -7.1 · read 101.4 · walls  6.9 · fell 88.5% (mother 34.8%) · prince  0.6% · king  0.1% · crowned  0.0% · 6.6s
try  8 · gen   42 · best     97.3 · elite     -9.0 · median    -85.8 · years  46.8 · road 0.35 · starved  1826 · nobles  -6.2 · read 87.5 · walls  6.7 · fell 91.4% (mother 33.5%) · prince  0.9% · king  0.1% · crowned  0.0% · 6.6s
try  1 · gen   43 · best     70.7 · elite     -4.8 · median    -83.6 · years  45.5 · road 0.35 · starved  1649 · nobles  -7.5 · read 91.4 · walls  7.2 · fell 90.9% (mother 34.8%) · prince  0.4% · king  0.0% · crowned  0.0% · 6.6s
try  2 · gen   43 · best    113.1 · elite      0.3 · median    -77.9 · years  49.4 · road 0.36 · starved  1675 · nobles  -7.2 · read 92.1 · walls  6.5 · fell 86.8% (mother 30.7%) · prince  0.6% · king  0.0% · crowned  0.0% · 6.6s
try  3 · gen   43 · best     53.5 · elite     -3.4 · median    -81.0 · years  49.6 · road 0.35 · starved  1770 · nobles  -7.2 · read 111.4 · walls  6.6 · fell 84.7% (mother 31.9%) · prince  0.3% · king  0.0% · crowned  0.0% · 6.6s
try  4 · gen   43 · best     66.6 · elite     -3.4 · median    -82.0 · years  51.1 · road 0.34 · starved  1743 · nobles  -6.4 · read 108.2 · walls  6.7 · fell 86.0% (mother 30.2%) · prince  0.8% · king  0.0% · crowned  0.0% · 6.6s
try  5 · gen   43 · best     42.7 · elite     -6.5 · median    -81.8 · years  50.5 · road 0.35 · starved  1733 · nobles  -6.8 · read 100.4 · walls  7.0 · fell 88.2% (mother 33.1%) · prince  0.3% · king  0.0% · crowned  0.0% · 6.6s
try  6 · gen   43 · best     73.7 · elite      2.6 · median    -76.9 · years  46.4 · road 0.35 · starved  1601 · nobles  -7.1 · read 90.6 · walls  6.6 · fell 89.4% (mother 36.5%) · prince  0.5% · king  0.0% · crowned  0.0% (median year 82) · 6.6s
try  7 · gen   43 · best     79.2 · elite      6.3 · median    -80.0 · years  48.8 · road 0.35 · starved  1670 · nobles  -7.3 · read 105.0 · walls  7.1 · fell 86.7% (mother 33.3%) · prince  0.7% · king  0.0% · crowned  0.0% · 6.6s
try  8 · gen   43 · best     42.1 · elite    -10.6 · median    -85.0 · years  45.6 · road 0.35 · starved  1707 · nobles  -6.3 · read 83.2 · walls  6.6 · fell 91.7% (mother 34.8%) · prince  1.0% · king  0.0% · crowned  0.0% · 6.6s
try  1 · gen   44 · best    113.1 · elite      1.5 · median    -80.8 · years  47.1 · road 0.35 · starved  1659 · nobles  -7.8 · read 91.8 · walls  7.2 · fell 88.7% (mother 34.1%) · prince  0.4% · king  0.0% · crowned  0.0% · 6.7s
try  2 · gen   44 · best    150.6 · elite      7.6 · median    -78.4 · years  48.8 · road 0.36 · starved  1649 · nobles  -6.9 · read 89.0 · walls  6.5 · fell 87.5% (mother 32.3%) · prince  0.9% · king  0.1% · crowned  0.0% · 6.7s
try  3 · gen   44 · best     82.0 · elite      2.5 · median    -79.3 · years  50.9 · road 0.35 · starved  1696 · nobles  -7.7 · read 113.6 · walls  6.8 · fell 84.2% (mother 31.6%) · prince  0.2% · king  0.0% · crowned  0.0% · 6.7s
try  4 · gen   44 · best     67.3 · elite     -0.4 · median    -78.7 · years  51.5 · road 0.35 · starved  1730 · nobles  -6.9 · read 102.8 · walls  6.9 · fell 85.9% (mother 28.2%) · prince  1.1% · king  0.0% · crowned  0.0% · 6.7s
try  5 · gen   44 · best     59.2 · elite      0.0 · median    -80.2 · years  50.5 · road 0.35 · starved  1693 · nobles  -6.9 · read 99.7 · walls  7.1 · fell 88.0% (mother 31.5%) · prince  0.4% · king  0.0% · crowned  0.0% · 6.7s
try  6 · gen   44 · best    109.2 · elite      1.8 · median    -81.1 · years  48.5 · road 0.35 · starved  1643 · nobles  -7.4 · read 95.8 · walls  6.7 · fell 88.0% (mother 33.0%) · prince  0.7% · king  0.0% · crowned  0.0% · 6.7s
try  7 · gen   44 · best     41.5 · elite      2.9 · median    -77.1 · years  49.0 · road 0.35 · starved  1646 · nobles  -7.2 · read 106.5 · walls  7.2 · fell 86.7% (mother 33.3%) · prince  0.9% · king  0.0% · crowned  0.0% · 6.7s
try  8 · gen   44 · best     82.2 · elite     -5.1 · median    -80.9 · years  47.0 · road 0.36 · starved  1840 · nobles  -6.7 · read 87.3 · walls  6.8 · fell 91.0% (mother 35.0%) · prince  1.0% · king  0.0% · crowned  0.0% · 6.7s
try  1 · gen   45 · best     70.3 · elite      0.9 · median    -80.9 · years  47.4 · road 0.35 · starved  1671 · nobles  -7.8 · read 93.0 · walls  7.2 · fell 89.1% (mother 34.6%) · prince  0.7% · king  0.0% · crowned  0.0% · 6.7s
try  2 · gen   45 · best    116.3 · elite      4.6 · median    -75.4 · years  49.5 · road 0.36 · starved  1621 · nobles  -7.1 · read 90.5 · walls  6.6 · fell 86.8% (mother 31.3%) · prince  0.8% · king  0.1% · crowned  0.0% · 6.7s
try  3 · gen   45 · best     63.8 · elite      3.1 · median    -78.4 · years  50.6 · road 0.35 · starved  1703 · nobles  -7.8 · read 111.0 · walls  6.9 · fell 84.5% (mother 30.7%) · prince  0.3% · king  0.0% · crowned  0.0% · 6.7s
try  4 · gen   45 · best     67.3 · elite      4.1 · median    -75.1 · years  50.8 · road 0.35 · starved  1686 · nobles  -6.9 · read 99.6 · walls  6.9 · fell 86.1% (mother 30.4%) · prince  1.2% · king  0.0% · crowned  0.0% · 6.7s
try  5 · gen   45 · best     50.8 · elite      0.9 · median    -78.4 · years  50.9 · road 0.36 · starved  1695 · nobles  -7.2 · read 100.2 · walls  7.1 · fell 87.4% (mother 31.8%) · prince  0.3% · king  0.0% · crowned  0.0% · 6.7s
try  6 · gen   45 · best    109.1 · elite      6.2 · median    -75.2 · years  49.3 · road 0.36 · starved  1645 · nobles  -7.7 · read 97.7 · walls  6.9 · fell 88.0% (mother 33.7%) · prince  0.9% · king  0.0% · crowned  0.0% (median year 75) · 6.7s
try  7 · gen   45 · best     69.9 · elite      7.0 · median    -74.6 · years  51.5 · road 0.36 · starved  1678 · nobles  -7.7 · read 109.5 · walls  7.4 · fell 83.8% (mother 32.9%) · prince  0.8% · king  0.0% · crowned  0.0% · 6.7s
try  8 · gen   45 · best    131.5 · elite      1.0 · median    -81.4 · years  46.3 · road 0.36 · starved  1700 · nobles  -6.6 · read 81.7 · walls  6.9 · fell 91.1% (mother 35.0%) · prince  1.4% · king  0.0% · crowned  0.0% (median year 62) · 6.7s
try  1 · gen   46 · best    108.8 · elite      1.0 · median    -77.0 · years  48.8 · road 0.36 · starved  1681 · nobles  -7.9 · read 93.9 · walls  7.3 · fell 87.1% (mother 32.7%) · prince  0.7% · king  0.1% · crowned  0.0% · 6.7s
try  2 · gen   46 · best     71.9 · elite      1.4 · median    -70.5 · years  49.2 · road 0.36 · starved  1591 · nobles  -7.4 · read 86.4 · walls  6.6 · fell 86.5% (mother 35.0%) · prince  0.8% · king  0.0% · crowned  0.0% · 6.7s
try  3 · gen   46 · best     60.2 · elite      5.0 · median    -76.4 · years  53.2 · road 0.36 · starved  1707 · nobles  -8.3 · read 113.8 · walls  7.0 · fell 81.0% (mother 28.0%) · prince  0.2% · king  0.0% · crowned  0.0% · 6.7s
try  4 · gen   46 · best     77.0 · elite     11.7 · median    -75.5 · years  51.7 · road 0.36 · starved  1691 · nobles  -7.2 · read 102.1 · walls  6.9 · fell 86.1% (mother 31.7%) · prince  1.5% · king  0.1% · crowned  0.0% · 6.7s
try  5 · gen   46 · best     78.2 · elite      3.6 · median    -75.8 · years  51.0 · road 0.36 · starved  1677 · nobles  -7.6 · read 100.2 · walls  7.3 · fell 87.3% (mother 32.2%) · prince  0.6% · king  0.1% · crowned  0.0% · 6.7s
try  6 · gen   46 · best     54.0 · elite      8.4 · median    -73.2 · years  50.0 · road 0.36 · starved  1649 · nobles  -8.0 · read 92.3 · walls  7.1 · fell 87.1% (mother 32.6%) · prince  0.9% · king  0.1% · crowned  0.0% · 6.7s
try  7 · gen   46 · best    123.7 · elite      8.3 · median    -75.5 · years  50.3 · road 0.36 · starved  1648 · nobles  -7.3 · read 107.1 · walls  7.4 · fell 84.6% (mother 31.3%) · prince  1.2% · king  0.1% · crowned  0.0% · 6.7s
try  8 · gen   46 · best    156.2 · elite      5.6 · median    -81.0 · years  46.6 · road 0.36 · starved  1683 · nobles  -6.9 · read 80.4 · walls  6.8 · fell 90.8% (mother 33.7%) · prince  1.5% · king  0.1% · crowned  0.0% (median year 71) · 6.7s
try  1 · gen   47 · best     74.2 · elite      6.2 · median    -74.1 · years  51.1 · road 0.36 · starved  1668 · nobles  -8.6 · read 100.9 · walls  7.4 · fell 85.2% (mother 29.1%) · prince  1.0% · king  0.0% · crowned  0.0% · 6.8s
try  2 · gen   47 · best    101.6 · elite      6.5 · median    -71.7 · years  49.3 · road 0.36 · starved  1627 · nobles  -7.4 · read 85.8 · walls  6.8 · fell 86.6% (mother 29.3%) · prince  1.1% · king  0.1% · crowned  0.0% · 6.8s
try  3 · gen   47 · best     66.5 · elite      6.4 · median    -73.8 · years  53.4 · road 0.36 · starved  1709 · nobles  -8.6 · read 111.9 · walls  6.9 · fell 80.8% (mother 27.4%) · prince  0.4% · king  0.0% · crowned  0.0% · 6.8s
try  4 · gen   47 · best     78.6 · elite     14.7 · median    -73.0 · years  53.4 · road 0.36 · starved  1652 · nobles  -7.5 · read 105.5 · walls  7.0 · fell 83.7% (mother 30.5%) · prince  1.4% · king  0.0% · crowned  0.0% · 6.8s
try  5 · gen   47 · best    104.2 · elite      9.9 · median    -74.8 · years  52.9 · road 0.36 · starved  1676 · nobles  -8.1 · read 99.5 · walls  7.3 · fell 84.8% (mother 30.8%) · prince  0.6% · king  0.0% · crowned  0.0% · 6.8s
try  6 · gen   47 · best     71.4 · elite      9.9 · median    -68.4 · years  50.4 · road 0.36 · starved  1606 · nobles  -7.7 · read 93.8 · walls  7.1 · fell 86.6% (mother 33.0%) · prince  1.2% · king  0.1% · crowned  0.0% · 6.8s
try  7 · gen   47 · best    122.5 · elite      9.9 · median    -70.0 · years  51.2 · road 0.36 · starved  1641 · nobles  -7.7 · read 109.2 · walls  7.4 · fell 84.2% (mother 30.6%) · prince  1.5% · king  0.1% · crowned  0.0% · 6.8s
try  8 · gen   47 · best    105.3 · elite      3.4 · median    -75.0 · years  48.2 · road 0.37 · starved  1671 · nobles  -7.6 · read 81.8 · walls  7.0 · fell 90.8% (mother 35.9%) · prince  1.6% · king  0.1% · crowned  0.0% · 6.8s
try  1 · gen   48 · best    125.0 · elite      9.6 · median    -73.4 · years  49.9 · road 0.36 · starved  1605 · nobles  -8.4 · read 99.0 · walls  7.5 · fell 86.2% (mother 30.4%) · prince  1.1% · king  0.1% · crowned  0.0% (median year 85) · 6.8s
try  2 · gen   48 · best    141.2 · elite     12.9 · median    -71.4 · years  51.1 · road 0.37 · starved  1596 · nobles  -7.9 · read 87.3 · walls  6.8 · fell 85.0% (mother 28.6%) · prince  0.9% · king  0.0% · crowned  0.0% (median year 74) · 6.8s
try  3 · gen   48 · best     76.7 · elite      7.9 · median    -71.7 · years  53.5 · road 0.36 · starved  1694 · nobles  -8.9 · read 109.5 · walls  7.0 · fell 80.8% (mother 26.2%) · prince  0.4% · king  0.0% · crowned  0.0% · 6.8s
try  4 · gen   48 · best     96.4 · elite     20.9 · median    -67.0 · years  53.9 · road 0.37 · starved  1667 · nobles  -7.9 · read 101.8 · walls  7.1 · fell 84.2% (mother 30.6%) · prince  2.0% · king  0.1% · crowned  0.0% · 6.8s
try  5 · gen   48 · best     79.9 · elite     11.0 · median    -67.5 · years  54.4 · road 0.37 · starved  1660 · nobles  -8.8 · read 98.7 · walls  7.6 · fell 84.5% (mother 32.8%) · prince  0.7% · king  0.1% · crowned  0.0% · 6.8s
try  6 · gen   48 · best     93.7 · elite     18.1 · median    -69.0 · years  50.6 · road 0.37 · starved  1580 · nobles  -7.9 · read 92.8 · walls  7.3 · fell 86.0% (mother 31.5%) · prince  1.3% · king  0.1% · crowned  0.0% · 6.8s
try  7 · gen   48 · best     85.7 · elite     19.3 · median    -67.6 · years  51.6 · road 0.36 · starved  1598 · nobles  -7.8 · read 107.5 · walls  7.5 · fell 84.5% (mother 29.4%) · prince  1.5% · king  0.1% · crowned  0.0% · 6.8s
try  8 · gen   48 · best    107.9 · elite     11.8 · median    -71.9 · years  47.5 · road 0.37 · starved  1586 · nobles  -7.5 · read 76.7 · walls  6.9 · fell 90.6% (mother 35.0%) · prince  2.0% · king  0.1% · crowned  0.0% · 6.8s
try  1 · gen   49 · best     95.3 · elite     13.5 · median    -68.5 · years  50.4 · road 0.37 · starved  1599 · nobles  -8.6 · read 95.4 · walls  7.4 · fell 85.7% (mother 32.0%) · prince  1.5% · king  0.0% · crowned  0.0% · 6.7s
try  2 · gen   49 · best     90.2 · elite     16.3 · median    -67.7 · years  52.5 · road 0.37 · starved  1634 · nobles  -8.2 · read 90.8 · walls  6.8 · fell 83.9% (mother 29.5%) · prince  1.3% · king  0.0% · crowned  0.0% · 6.7s
try  3 · gen   49 · best    260.7 · elite     17.6 · median    -68.8 · years  54.1 · road 0.37 · starved  1654 · nobles  -8.9 · read 112.3 · walls  7.0 · fell 79.5% (mother 28.8%) · prince  0.6% · king  0.0% · crowned  0.0% (median year 75) · 6.7s
try  4 · gen   49 · best     99.4 · elite     19.7 · median    -66.4 · years  54.9 · road 0.37 · starved  1733 · nobles  -7.9 · read 103.5 · walls  7.2 · fell 82.2% (mother 28.0%) · prince  2.2% · king  0.1% · crowned  0.0% (median year 68) · 6.7s
try  5 · gen   49 · best     76.6 · elite     15.7 · median    -65.4 · years  55.5 · road 0.38 · starved  1650 · nobles  -9.3 · read 99.8 · walls  7.7 · fell 82.6% (mother 32.8%) · prince  0.5% · king  0.0% · crowned  0.0% · 6.7s
try  6 · gen   49 · best    157.3 · elite     20.5 · median    -67.4 · years  51.1 · road 0.37 · starved  1596 · nobles  -8.1 · read 91.0 · walls  7.3 · fell 86.4% (mother 31.7%) · prince  2.2% · king  0.2% · crowned  0.0% · 6.7s
try  7 · gen   49 · best     81.8 · elite     17.8 · median    -68.6 · years  51.3 · road 0.37 · starved  1556 · nobles  -8.1 · read 105.0 · walls  7.6 · fell 84.6% (mother 30.5%) · prince  1.7% · king  0.1% · crowned  0.0% · 6.7s
try  8 · gen   49 · best    143.8 · elite     17.7 · median    -70.8 · years  48.0 · road 0.37 · starved  1611 · nobles  -7.6 · read 75.0 · walls  7.0 · fell 89.9% (mother 33.9%) · prince  2.6% · king  0.2% · crowned  0.0% (median year 77) · 6.7s
try  1 · gen   50 · best    110.2 · elite     19.1 · median    -66.6 · years  51.1 · road 0.37 · starved  1556 · nobles  -8.8 · read 97.4 · walls  7.5 · fell 85.3% (mother 32.4%) · prince  1.3% · king  0.1% · crowned  0.0% · 7.0s
try  2 · gen   50 · best    115.5 · elite     19.1 · median    -66.7 · years  53.1 · road 0.38 · starved  1627 · nobles  -8.3 · read 88.5 · walls  7.0 · fell 82.9% (mother 28.6%) · prince  1.4% · king  0.1% · crowned  0.0% (median year 76) · 7.0s
try  3 · gen   50 · best    272.7 · elite     19.5 · median    -69.4 · years  55.5 · road 0.37 · starved  1656 · nobles  -9.0 · read 113.3 · walls  7.2 · fell 78.7% (mother 27.3%) · prince  0.7% · king  0.0% · crowned  0.0% (median year 91) · 7.0s
try  4 · gen   50 · best    147.6 · elite     22.7 · median    -64.2 · years  53.8 · road 0.37 · starved  1663 · nobles  -8.1 · read 100.7 · walls  7.3 · fell 83.4% (mother 30.1%) · prince  2.5% · king  0.0% · crowned  0.0% · 7.0s
try  5 · gen   50 · best     75.1 · elite     18.0 · median    -62.1 · years  56.0 · road 0.38 · starved  1633 · nobles  -9.4 · read 101.4 · walls  7.8 · fell 82.2% (mother 32.0%) · prince  0.8% · king  0.1% · crowned  0.0% · 7.0s
try  6 · gen   50 · best    138.4 · elite     25.8 · median    -59.9 · years  52.1 · road 0.38 · starved  1542 · nobles  -8.6 · read 89.2 · walls  7.3 · fell 85.4% (mother 34.8%) · prince  2.1% · king  0.2% · crowned  0.0% (median year 99) · 7.0s
try  7 · gen   50 · best    125.8 · elite     18.3 · median    -63.2 · years  52.4 · road 0.37 · starved  1611 · nobles  -8.6 · read 103.9 · walls  7.6 · fell 83.6% (mother 28.8%) · prince  1.6% · king  0.1% · crowned  0.0% · 7.0s
try  8 · gen   50 · best    151.5 · elite     22.8 · median    -66.0 · years  47.8 · road 0.38 · starved  1560 · nobles  -7.9 · read 73.4 · walls  7.2 · fell 89.8% (mother 35.2%) · prince  2.9% · king  0.3% · crowned  0.0% (median year 67) · 7.0s
try  1 · gen   51 · best     98.8 · elite     19.0 · median    -66.7 · years  51.3 · road 0.37 · starved  1634 · nobles  -8.8 · read 95.6 · walls  7.5 · fell 84.8% (mother 31.7%) · prince  1.9% · king  0.1% · crowned  0.0% · 7.3s
try  2 · gen   51 · best     79.2 · elite     23.6 · median    -59.3 · years  53.0 · road 0.38 · starved  1589 · nobles  -8.6 · read 86.6 · walls  7.1 · fell 84.4% (mother 32.9%) · prince  1.8% · king  0.1% · crowned  0.0% · 7.3s
try  3 · gen   51 · best    120.2 · elite     17.3 · median    -64.8 · years  55.4 · road 0.37 · starved  1602 · nobles  -9.3 · read 116.3 · walls  7.2 · fell 78.4% (mother 27.5%) · prince  0.6% · king  0.0% · crowned  0.0% (median year 67) · 7.3s
try  4 · gen   51 · best    133.3 · elite     26.7 · median    -60.1 · years  54.5 · road 0.38 · starved  1602 · nobles  -8.3 · read 100.4 · walls  7.3 · fell 82.6% (mother 30.0%) · prince  2.6% · king  0.1% · crowned  0.0% · 7.3s
try  5 · gen   51 · best    148.1 · elite     23.4 · median    -63.6 · years  56.3 · road 0.38 · starved  1594 · nobles  -9.9 · read 101.4 · walls  7.8 · fell 81.8% (mother 30.3%) · prince  1.1% · king  0.1% · crowned  0.0% · 7.3s
try  6 · gen   51 · best    223.0 · elite     25.7 · median    -59.7 · years  51.0 · road 0.38 · starved  1497 · nobles  -8.5 · read 86.7 · walls  7.4 · fell 86.3% (mother 37.0%) · prince  2.0% · king  0.2% · crowned  0.0% · 7.3s
try  7 · gen   51 · best    180.3 · elite     21.8 · median    -61.1 · years  52.9 · road 0.38 · starved  1544 · nobles  -8.6 · read 101.9 · walls  7.7 · fell 83.1% (mother 31.3%) · prince  1.9% · king  0.2% · crowned  0.0% · 7.3s
try  8 · gen   51 · best    230.9 · elite     24.3 · median    -66.5 · years  48.1 · road 0.38 · starved  1563 · nobles  -7.8 · read 75.5 · walls  7.3 · fell 89.3% (mother 36.6%) · prince  2.4% · king  0.2% · crowned  0.1% (median year 72) · 7.3s
try  1 · gen   52 · best     89.5 · elite     22.0 · median    -61.3 · years  54.0 · road 0.38 · starved  1609 · nobles  -9.5 · read 98.2 · walls  7.6 · fell 82.7% (mother 30.1%) · prince  1.7% · king  0.1% · crowned  0.0% · 6.8s
try  2 · gen   52 · best    105.0 · elite     33.7 · median    -56.0 · years  54.9 · road 0.39 · starved  1579 · nobles  -8.6 · read 91.1 · walls  7.1 · fell 82.1% (mother 30.6%) · prince  2.0% · king  0.1% · crowned  0.0% · 6.8s
try  3 · gen   52 · best    279.8 · elite     22.8 · median    -62.9 · years  55.6 · road 0.38 · starved  1593 · nobles  -9.7 · read 113.9 · walls  7.2 · fell 77.3% (mother 29.5%) · prince  0.8% · king  0.1% · crowned  0.0% (median year 68) · 6.8s
try  4 · gen   52 · best    180.1 · elite     37.5 · median    -57.2 · years  54.9 · road 0.38 · starved  1635 · nobles  -8.6 · read 95.7 · walls  7.4 · fell 82.0% (mother 32.0%) · prince  3.0% · king  0.1% · crowned  0.0% · 6.8s
try  5 · gen   52 · best     99.7 · elite     30.7 · median    -55.4 · years  58.7 · road 0.39 · starved  1588 · nobles -10.4 · read 106.6 · walls  7.8 · fell 78.2% (mother 30.1%) · prince  1.0% · king  0.0% · crowned  0.0% · 6.8s
try  6 · gen   52 · best    105.5 · elite     31.5 · median    -55.1 · years  52.7 · road 0.38 · starved  1478 · nobles  -8.8 · read 88.1 · walls  7.5 · fell 85.0% (mother 33.7%) · prince  2.2% · king  0.2% · crowned  0.0% · 6.8s
try  7 · gen   52 · best    156.4 · elite     29.0 · median    -56.8 · years  53.6 · road 0.38 · starved  1503 · nobles  -9.0 · read 100.0 · walls  7.7 · fell 82.4% (mother 31.8%) · prince  2.2% · king  0.2% · crowned  0.0% (median year 84) · 6.8s
try  8 · gen   52 · best    104.7 · elite     22.2 · median    -62.4 · years  50.7 · road 0.38 · starved  1557 · nobles  -8.4 · read 78.0 · walls  7.2 · fell 87.7% (mother 35.0%) · prince  2.7% · king  0.2% · crowned  0.1% (median year 77) · 6.8s
try  1 · gen   53 · best    101.6 · elite     22.6 · median    -60.4 · years  54.8 · road 0.38 · starved  1567 · nobles  -9.5 · read 100.7 · walls  7.4 · fell 81.2% (mother 28.6%) · prince  1.6% · king  0.0% · crowned  0.0% · 6.9s
try  2 · gen   53 · best    122.8 · elite     34.4 · median    -55.5 · years  54.4 · road 0.39 · starved  1527 · nobles  -8.7 · read 87.0 · walls  7.2 · fell 83.3% (mother 31.7%) · prince  2.5% · king  0.2% · crowned  0.0% (median year 87) · 6.9s
try  3 · gen   53 · best    175.1 · elite     27.1 · median    -60.1 · years  58.1 · road 0.39 · starved  1640 · nobles -10.2 · read 120.4 · walls  7.3 · fell 76.3% (mother 29.8%) · prince  0.7% · king  0.0% · crowned  0.0% (median year 62) · 6.9s
try  4 · gen   53 · best    166.4 · elite     37.3 · median    -57.3 · years  55.9 · road 0.39 · starved  1627 · nobles  -8.8 · read 98.8 · walls  7.4 · fell 81.4% (mother 30.7%) · prince  3.2% · king  0.3% · crowned  0.0% · 6.9s
try  5 · gen   53 · best    120.4 · elite     36.5 · median    -55.4 · years  60.9 · road 0.39 · starved  1623 · nobles -10.5 · read 112.1 · walls  7.8 · fell 75.6% (mother 28.2%) · prince  1.4% · king  0.1% · crowned  0.0% · 6.9s
try  6 · gen   53 · best    127.8 · elite     35.6 · median    -53.6 · years  53.3 · road 0.38 · starved  1494 · nobles  -8.9 · read 89.6 · walls  7.6 · fell 84.2% (mother 34.4%) · prince  2.2% · king  0.2% · crowned  0.0% (median year 85) · 6.9s
try  7 · gen   53 · best    141.2 · elite     37.2 · median    -54.3 · years  54.0 · road 0.39 · starved  1508 · nobles  -9.0 · read 99.2 · walls  7.8 · fell 83.2% (mother 33.7%) · prince  2.8% · king  0.2% · crowned  0.0% (median year 95) · 6.9s
try  8 · gen   53 · best    192.1 · elite     32.3 · median    -63.6 · years  49.3 · road 0.38 · starved  1585 · nobles  -8.1 · read 73.6 · walls  7.3 · fell 88.9% (mother 35.2%) · prince  3.1% · king  0.5% · crowned  0.1% (median year 86) · 6.9s
try  1 · gen   54 · best    139.8 · elite     29.2 · median    -58.9 · years  54.3 · road 0.38 · starved  1505 · nobles  -9.9 · read 94.9 · walls  7.4 · fell 81.5% (mother 30.0%) · prince  1.9% · king  0.1% · crowned  0.0% · 7.0s
try  2 · gen   54 · best    183.3 · elite     40.4 · median    -53.8 · years  53.3 · road 0.39 · starved  1476 · nobles  -8.8 · read 85.0 · walls  7.3 · fell 83.8% (mother 32.3%) · prince  2.5% · king  0.3% · crowned  0.0% (median year 88) · 7.0s
try  3 · gen   54 · best     93.0 · elite     30.2 · median    -58.2 · years  58.0 · road 0.39 · starved  1588 · nobles -10.6 · read 116.3 · walls  7.3 · fell 75.6% (mother 30.7%) · prince  0.8% · king  0.0% · crowned  0.0% · 7.0s
try  4 · gen   54 · best    137.0 · elite     39.7 · median    -52.7 · years  56.8 · road 0.39 · starved  1685 · nobles  -9.1 · read 100.4 · walls  7.4 · fell 80.7% (mother 31.9%) · prince  3.4% · king  0.2% · crowned  0.0% (median year 98) · 7.0s
try  5 · gen   54 · best    114.2 · elite     34.1 · median    -53.6 · years  59.0 · road 0.39 · starved  1570 · nobles -10.4 · read 108.8 · walls  7.7 · fell 77.2% (mother 28.7%) · prince  1.3% · king  0.1% · crowned  0.0% · 7.0s
try  6 · gen   54 · best    179.6 · elite     38.8 · median    -52.4 · years  53.3 · road 0.39 · starved  1570 · nobles  -9.0 · read 86.7 · walls  7.6 · fell 84.0% (mother 36.0%) · prince  2.5% · king  0.2% · crowned  0.0% (median year 97) · 7.0s
try  7 · gen   54 · best    425.2 · elite     51.2 · median    -54.7 · years  53.1 · road 0.39 · starved  1507 · nobles  -8.8 · read 97.3 · walls  7.7 · fell 83.4% (mother 31.5%) · prince  3.2% · king  0.4% · crowned  0.2% (median year 76) · 7.0s
try  8 · gen   54 · best    107.2 · elite     31.7 · median    -59.4 · years  50.8 · road 0.38 · starved  1519 · nobles  -8.3 · read 76.6 · walls  7.3 · fell 87.8% (mother 34.0%) · prince  3.7% · king  0.5% · crowned  0.0% (median year 98) · 7.0s
try  1 · gen   55 · best     90.9 · elite     33.7 · median    -54.8 · years  55.6 · road 0.39 · starved  1500 · nobles -10.1 · read 95.4 · walls  7.4 · fell 80.6% (mother 28.6%) · prince  2.0% · king  0.1% · crowned  0.0% · 7.0s
try  2 · gen   55 · best    136.5 · elite     42.2 · median    -50.4 · years  56.0 · road 0.40 · starved  1506 · nobles  -9.1 · read 88.8 · walls  7.4 · fell 82.1% (mother 30.2%) · prince  3.4% · king  0.3% · crowned  0.0% (median year 95) · 7.0s
try  3 · gen   55 · best    116.9 · elite     30.1 · median    -53.6 · years  60.0 · road 0.40 · starved  1613 · nobles -10.9 · read 122.8 · walls  7.4 · fell 73.2% (mother 29.9%) · prince  0.9% · king  0.0% · crowned  0.0% · 7.0s
try  4 · gen   55 · best    121.9 · elite     46.8 · median    -52.2 · years  55.6 · road 0.39 · starved  1581 · nobles  -8.7 · read 98.9 · walls  7.5 · fell 82.1% (mother 34.8%) · prince  3.8% · king  0.3% · crowned  0.0% · 7.0s
try  5 · gen   55 · best    122.3 · elite     43.5 · median    -50.3 · years  61.5 · road 0.40 · starved  1568 · nobles -10.7 · read 113.5 · walls  7.7 · fell 74.2% (mother 27.5%) · prince  1.2% · king  0.0% · crowned  0.0% (median year 87) · 7.0s
try  6 · gen   55 · best     82.9 · elite     37.7 · median    -46.0 · years  56.1 · road 0.40 · starved  1500 · nobles  -9.6 · read 89.8 · walls  7.7 · fell 81.3% (mother 33.7%) · prince  2.8% · king  0.3% · crowned  0.0% (median year 80) · 7.0s
try  7 · gen   55 · best    633.7 · elite     55.2 · median    -53.6 · years  52.9 · road 0.39 · starved  1501 · nobles  -8.4 · read 94.6 · walls  7.8 · fell 85.2% (mother 31.9%) · prince  4.4% · king  0.8% · crowned  0.2% (median year 83) · 7.0s
try  8 · gen   55 · best    311.6 · elite     40.6 · median    -55.1 · years  50.0 · road 0.39 · starved  1518 · nobles  -8.3 · read 74.0 · walls  7.3 · fell 88.7% (mother 36.1%) · prince  4.0% · king  0.6% · crowned  0.2% (median year 83) · 7.0s
try  1 · gen   56 · best    205.5 · elite     39.9 · median    -51.8 · years  55.8 · road 0.39 · starved  1492 · nobles -10.4 · read 92.0 · walls  7.4 · fell 81.0% (mother 29.5%) · prince  2.2% · king  0.2% · crowned  0.1% (median year 68) · 6.9s
try  2 · gen   56 · best    137.0 · elite     47.3 · median    -46.7 · years  56.4 · road 0.40 · starved  1503 · nobles  -9.4 · read 87.0 · walls  7.4 · fell 82.1% (mother 30.7%) · prince  3.6% · king  0.4% · crowned  0.1% (median year 92) · 6.9s
try  3 · gen   56 · best    116.8 · elite     39.6 · median    -51.0 · years  62.1 · road 0.40 · starved  1596 · nobles -11.3 · read 128.5 · walls  7.5 · fell 70.1% (mother 29.5%) · prince  0.8% · king  0.0% · crowned  0.0% · 6.9s
try  4 · gen   56 · best    131.6 · elite     44.1 · median    -51.2 · years  55.3 · road 0.39 · starved  1539 · nobles  -9.4 · read 95.7 · walls  7.4 · fell 82.3% (mother 35.8%) · prince  3.4% · king  0.2% · crowned  0.0% · 6.9s
try  5 · gen   56 · best    146.7 · elite     45.1 · median    -45.7 · years  61.4 · road 0.40 · starved  1549 · nobles -10.7 · read 111.1 · walls  7.6 · fell 74.4% (mother 27.4%) · prince  1.5% · king  0.2% · crowned  0.0% (median year 66) · 6.9s
try  6 · gen   56 · best    240.1 · elite     61.0 · median    -44.0 · years  54.4 · road 0.40 · starved  1417 · nobles  -9.0 · read 87.6 · walls  7.7 · fell 83.0% (mother 32.2%) · prince  3.7% · king  0.6% · crowned  0.1% (median year 79) · 6.9s
try  7 · gen   56 · best    311.8 · elite     55.8 · median    -52.1 · years  52.2 · road 0.39 · starved  1451 · nobles  -8.0 · read 95.9 · walls  7.8 · fell 85.2% (mother 31.5%) · prince  5.0% · king  0.9% · crowned  0.1% (median year 81) · 6.9s
try  8 · gen   56 · best    298.6 · elite     44.6 · median    -50.7 · years  51.5 · road 0.39 · starved  1776 · nobles  -8.3 · read 76.4 · walls  7.4 · fell 86.7% (mother 35.0%) · prince  4.5% · king  0.5% · crowned  0.1% (median year 69) · 6.9s
try  1 · gen   57 · best    123.9 · elite     41.0 · median    -49.6 · years  57.1 · road 0.40 · starved  1491 · nobles -10.6 · read 94.0 · walls  7.5 · fell 79.2% (mother 30.7%) · prince  2.3% · king  0.1% · crowned  0.0% · 7.0s
try  2 · gen   57 · best    153.0 · elite     51.9 · median    -43.3 · years  54.6 · road 0.40 · starved  1424 · nobles  -9.0 · read 83.6 · walls  7.4 · fell 83.4% (mother 31.7%) · prince  4.1% · king  0.8% · crowned  0.1% (median year 85) · 7.0s
try  3 · gen   57 · best    141.6 · elite     45.2 · median    -46.8 · years  62.5 · road 0.41 · starved  1584 · nobles -11.4 · read 128.5 · walls  7.5 · fell 68.7% (mother 27.4%) · prince  0.6% · king  0.0% · crowned  0.0% · 7.0s
try  4 · gen   57 · best    129.4 · elite     48.1 · median    -46.4 · years  58.5 · road 0.40 · starved  1593 · nobles  -9.7 · read 100.1 · walls  7.4 · fell 79.2% (mother 34.0%) · prince  3.5% · king  0.2% · crowned  0.0% (median year 84) · 7.0s
try  5 · gen   57 · best    122.6 · elite     44.3 · median    -45.0 · years  61.2 · road 0.40 · starved  1537 · nobles -11.1 · read 106.9 · walls  7.8 · fell 75.1% (mother 30.1%) · prince  1.5% · king  0.2% · crowned  0.0% (median year 78) · 7.0s
try  6 · gen   57 · best    255.8 · elite     47.9 · median    -43.7 · years  52.6 · road 0.40 · starved  1422 · nobles  -8.7 · read 86.7 · walls  7.8 · fell 85.9% (mother 35.0%) · prince  4.8% · king  0.6% · crowned  0.1% (median year 81) · 7.0s
try  7 · gen   57 · best    242.3 · elite     66.4 · median    -45.1 · years  53.5 · road 0.39 · starved  1444 · nobles  -8.1 · read 96.1 · walls  7.8 · fell 83.6% (mother 30.2%) · prince  6.1% · king  1.1% · crowned  0.2% (median year 85) · 7.0s
try  8 · gen   57 · best    340.6 · elite     54.6 · median    -50.0 · years  51.4 · road 0.39 · starved  1518 · nobles  -8.4 · read 75.8 · walls  7.4 · fell 87.7% (mother 32.8%) · prince  5.1% · king  0.9% · crowned  0.2% (median year 81) · 7.0s
try  1 · gen   58 · best    123.0 · elite     41.7 · median    -47.4 · years  58.3 · road 0.40 · starved  1482 · nobles -10.5 · read 96.0 · walls  7.5 · fell 76.6% (mother 29.3%) · prince  2.0% · king  0.1% · crowned  0.0% · 6.9s
try  2 · gen   58 · best    259.0 · elite     59.8 · median    -43.0 · years  54.0 · road 0.40 · starved  1439 · nobles  -9.1 · read 78.7 · walls  7.5 · fell 84.1% (mother 34.3%) · prince  4.8% · king  0.8% · crowned  0.1% (median year 86) · 6.9s
try  3 · gen   58 · best    113.9 · elite     43.3 · median    -46.0 · years  63.5 · road 0.41 · starved  1615 · nobles -11.9 · read 130.0 · walls  7.7 · fell 68.3% (mother 29.5%) · prince  0.5% · king  0.0% · crowned  0.0% · 6.9s
try  4 · gen   58 · best    174.1 · elite     57.5 · median    -41.4 · years  58.5 · road 0.41 · starved  1485 · nobles -10.5 · read 99.5 · walls  7.5 · fell 79.2% (mother 37.7%) · prince  3.3% · king  0.1% · crowned  0.0% · 6.9s
try  5 · gen   58 · best    114.2 · elite     47.1 · median    -43.9 · years  61.6 · road 0.41 · starved  1524 · nobles -11.6 · read 102.8 · walls  7.9 · fell 75.8% (mother 33.2%) · prince  1.3% · king  0.0% · crowned  0.0% · 6.9s
try  6 · gen   58 · best    261.6 · elite     64.8 · median    -40.9 · years  55.2 · road 0.40 · starved  1459 · nobles  -9.2 · read 89.3 · walls  7.8 · fell 82.9% (mother 35.8%) · prince  4.0% · king  0.6% · crowned  0.2% (median year 79) · 6.9s
try  7 · gen   58 · best    435.0 · elite     74.8 · median    -45.2 · years  53.3 · road 0.40 · starved  1467 · nobles  -8.5 · read 90.9 · walls  7.8 · fell 84.7% (mother 32.5%) · prince  6.0% · king  1.2% · crowned  0.3% (median year 81) · 6.9s
try  8 · gen   58 · best    305.5 · elite     60.6 · median    -47.5 · years  50.6 · road 0.39 · starved  1407 · nobles  -8.1 · read 73.8 · walls  7.6 · fell 88.0% (mother 32.6%) · prince  5.6% · king  1.3% · crowned  0.2% (median year 81) · 6.9s
try  1 · gen   59 · best    219.4 · elite     45.7 · median    -44.7 · years  59.6 · road 0.40 · starved  1467 · nobles -10.8 · read 99.6 · walls  7.5 · fell 76.0% (mother 27.5%) · prince  2.3% · king  0.3% · crowned  0.0% (median year 85) · 7.0s
try  2 · gen   59 · best    474.2 · elite     79.2 · median    -37.4 · years  54.4 · road 0.41 · starved  1415 · nobles  -9.0 · read 78.5 · walls  7.4 · fell 84.9% (mother 35.9%) · prince  5.6% · king  1.4% · crowned  0.3% (median year 75) · 7.0s
try  3 · gen   59 · best    123.4 · elite     53.1 · median    -43.8 · years  65.5 · road 0.41 · starved  1631 · nobles -12.3 · read 132.9 · walls  7.6 · fell 64.3% (mother 24.8%) · prince  0.6% · king  0.0% · crowned  0.0% · 7.0s
try  4 · gen   59 · best    145.1 · elite     52.1 · median    -40.5 · years  59.3 · road 0.41 · starved  1495 · nobles -10.4 · read 100.6 · walls  7.6 · fell 79.1% (mother 35.6%) · prince  3.2% · king  0.2% · crowned  0.0% · 7.0s
try  5 · gen   59 · best    146.5 · elite     50.7 · median    -41.3 · years  63.5 · road 0.41 · starved  1469 · nobles -12.2 · read 108.4 · walls  7.9 · fell 71.9% (mother 30.0%) · prince  0.9% · king  0.1% · crowned  0.0% · 7.0s
try  6 · gen   59 · best    581.5 · elite     66.7 · median    -40.3 · years  55.3 · road 0.40 · starved  1420 · nobles  -9.0 · read 87.9 · walls  7.8 · fell 84.3% (mother 35.6%) · prince  5.3% · king  0.9% · crowned  0.2% (median year 75) · 7.0s
try  7 · gen   59 · best    369.0 · elite     87.8 · median    -41.5 · years  52.2 · road 0.40 · starved  1421 · nobles  -8.1 · read 89.2 · walls  7.7 · fell 86.2% (mother 33.4%) · prince  6.8% · king  1.4% · crowned  0.4% (median year 79) · 7.0s
try  8 · gen   59 · best    254.5 · elite     73.8 · median    -45.8 · years  51.8 · road 0.39 · starved  1458 · nobles  -8.1 · read 70.6 · walls  7.7 · fell 87.2% (mother 32.6%) · prince  6.5% · king  1.4% · crowned  0.3% (median year 73) · 7.0s
try  1 · gen   60 · best    349.1 · elite     58.7 · median    -39.0 · years  59.2 · road 0.41 · starved  1428 · nobles -10.7 · read 96.5 · walls  7.6 · fell 77.3% (mother 29.6%) · prince  3.1% · king  0.3% · crowned  0.1% (median year 79) · 7.2s
try  2 · gen   60 · best    457.1 · elite     93.8 · median    -31.3 · years  54.2 · road 0.41 · starved  1371 · nobles  -8.3 · read 73.2 · walls  7.4 · fell 86.1% (mother 36.9%) · prince  7.5% · king  1.7% · crowned  0.3% (median year 78) · 7.2s
try  3 · gen   60 · best    116.1 · elite     53.8 · median    -40.3 · years  66.9 · road 0.42 · starved  1595 · nobles -12.8 · read 134.3 · walls  7.7 · fell 64.2% (mother 26.2%) · prince  0.5% · king  0.0% · crowned  0.0% · 7.2s
try  4 · gen   60 · best    129.5 · elite     56.0 · median    -34.8 · years  61.8 · road 0.41 · starved  1491 · nobles -10.7 · read 106.4 · walls  7.6 · fell 75.6% (mother 33.1%) · prince  2.8% · king  0.2% · crowned  0.0% (median year 74) · 7.2s
try  5 · gen   60 · best    233.8 · elite     58.1 · median    -37.3 · years  65.3 · road 0.42 · starved  1452 · nobles -12.9 · read 109.3 · walls  8.0 · fell 70.2% (mother 30.6%) · prince  0.7% · king  0.1% · crowned  0.0% (median year 97) · 7.2s
try  6 · gen   60 · best    308.9 · elite     65.8 · median    -38.5 · years  53.9 · road 0.40 · starved  1387 · nobles  -8.4 · read 83.7 · walls  7.9 · fell 85.1% (mother 34.6%) · prince  5.9% · king  1.2% · crowned  0.2% (median year 78) · 7.2s
try  7 · gen   60 · best    380.9 · elite    101.2 · median    -37.1 · years  52.0 · road 0.40 · starved  1374 · nobles  -7.9 · read 85.9 · walls  7.9 · fell 86.8% (mother 33.7%) · prince  7.7% · king  1.9% · crowned  0.5% (median year 83) · 7.2s
try  8 · gen   60 · best    598.7 · elite     85.1 · median    -43.7 · years  50.7 · road 0.39 · starved  1410 · nobles  -7.8 · read 67.4 · walls  7.7 · fell 89.1% (mother 33.6%) · prince  7.2% · king  1.6% · crowned  0.5% (median year 72) · 7.2s
try  1 · gen   61 · best    158.6 · elite     56.5 · median    -37.4 · years  57.8 · road 0.41 · starved  1415 · nobles -10.3 · read 88.9 · walls  7.5 · fell 79.1% (mother 27.8%) · prince  4.0% · king  0.4% · crowned  0.0% · 7.0s
try  2 · gen   61 · best    394.9 · elite     99.0 · median    -30.0 · years  52.0 · road 0.40 · starved  1559 · nobles  -7.5 · read 65.7 · walls  7.4 · fell 88.0% (mother 35.7%) · prince  8.4% · king  2.1% · crowned  0.6% (median year 74) · 7.0s
try  3 · gen   61 · best    128.5 · elite     53.8 · median    -38.3 · years  66.5 · road 0.42 · starved  1588 · nobles -12.8 · read 135.2 · walls  7.8 · fell 63.9% (mother 24.8%) · prince  0.6% · king  0.0% · crowned  0.0% · 7.0s
try  4 · gen   61 · best    122.4 · elite     56.0 · median    -35.6 · years  62.2 · road 0.41 · starved  1478 · nobles -11.0 · read 105.4 · walls  7.6 · fell 74.2% (mother 31.5%) · prince  3.0% · king  0.2% · crowned  0.0% · 7.0s
try  5 · gen   61 · best    304.8 · elite     62.5 · median    -30.9 · years  66.7 · road 0.43 · starved  1432 · nobles -13.2 · read 108.6 · walls  8.0 · fell 67.9% (mother 28.7%) · prince  0.8% · king  0.1% · crowned  0.0% (median year 98) · 7.0s
try  6 · gen   61 · best    263.1 · elite     78.2 · median    -32.4 · years  53.9 · road 0.40 · starved  1346 · nobles  -8.5 · read 81.0 · walls  7.9 · fell 85.0% (mother 36.6%) · prince  6.2% · king  1.5% · crowned  0.3% (median year 85) · 7.0s
try  7 · gen   61 · best    383.9 · elite    114.9 · median    -35.3 · years  51.2 · road 0.40 · starved  1334 · nobles  -7.2 · read 82.5 · walls  7.9 · fell 87.8% (mother 32.2%) · prince  9.0% · king  2.7% · crowned  0.8% (median year 80) · 7.0s
try  8 · gen   61 · best    552.5 · elite    108.8 · median    -40.8 · years  50.3 · road 0.39 · starved  1414 · nobles  -7.0 · read 64.3 · walls  7.7 · fell 88.3% (mother 32.0%) · prince  7.8% · king  2.5% · crowned  0.7% (median year 76) · 7.0s
try  1 · gen   62 · best    152.2 · elite     56.2 · median    -37.8 · years  57.6 · road 0.41 · starved  1378 · nobles -10.3 · read 88.1 · walls  7.5 · fell 79.7% (mother 28.8%) · prince  4.2% · king  0.5% · crowned  0.0% (median year 72) · 7.0s
try  2 · gen   62 · best    467.5 · elite    116.5 · median    -30.1 · years  50.5 · road 0.40 · starved  1270 · nobles  -7.0 · read 61.2 · walls  7.4 · fell 89.0% (mother 37.8%) · prince  8.4% · king  2.3% · crowned  0.9% (median year 77) · 7.0s
try  3 · gen   62 · best    135.2 · elite     65.3 · median    -30.0 · years  69.0 · road 0.44 · starved  1506 · nobles -13.7 · read 138.4 · walls  7.9 · fell 62.0% (mother 27.5%) · prince  0.5% · king  0.1% · crowned  0.0% · 7.0s
try  4 · gen   62 · best    139.1 · elite     63.8 · median    -35.2 · years  63.4 · road 0.42 · starved  1466 · nobles -11.3 · read 103.3 · walls  7.6 · fell 73.5% (mother 32.5%) · prince  2.5% · king  0.2% · crowned  0.0% · 7.0s
try  5 · gen   62 · best    220.3 · elite     75.4 · median    -29.8 · years  66.7 · road 0.43 · starved  1361 · nobles -13.1 · read 108.6 · walls  8.0 · fell 67.7% (mother 29.4%) · prince  0.7% · king  0.1% · crowned  0.1% (median year 86) · 7.0s
try  6 · gen   62 · best    422.4 · elite     95.9 · median    -31.3 · years  52.2 · road 0.40 · starved  1303 · nobles  -7.7 · read 75.9 · walls  7.8 · fell 87.1% (mother 33.5%) · prince  7.7% · king  1.9% · crowned  0.5% (median year 83) · 7.0s
try  7 · gen   62 · best    327.9 · elite    130.4 · median    -33.8 · years  50.5 · road 0.40 · starved  1298 · nobles  -6.6 · read 79.6 · walls  7.9 · fell 88.2% (mother 34.1%) · prince  9.6% · king  3.2% · crowned  0.9% (median year 80) · 7.0s
try  8 · gen   62 · best    582.1 · elite    136.6 · median    -34.9 · years  50.6 · road 0.40 · starved  1372 · nobles  -6.9 · read 64.9 · walls  7.7 · fell 88.8% (mother 31.7%) · prince  9.1% · king  3.1% · crowned  1.1% (median year 75) · 7.0s
try  1 · gen   63 · best    388.8 · elite     79.2 · median    -32.2 · years  58.6 · road 0.41 · starved  1392 · nobles -10.3 · read 87.2 · walls  7.6 · fell 79.3% (mother 29.2%) · prince  5.5% · king  0.9% · crowned  0.2% (median year 83) · 6.9s
try  2 · gen   63 · best    479.5 · elite    130.5 · median    -30.5 · years  48.3 · road 0.40 · starved  1199 · nobles  -6.4 · read 57.0 · walls  7.5 · fell 91.0% (mother 40.7%) · prince  9.4% · king  3.0% · crowned  1.0% (median year 79) · 6.9s
try  3 · gen   63 · best    136.6 · elite     68.2 · median    -27.5 · years  69.4 · road 0.44 · starved  1492 · nobles -14.1 · read 136.9 · walls  7.9 · fell 60.5% (mother 26.3%) · prince  0.1% · king  0.0% · crowned  0.0% · 6.9s
try  4 · gen   63 · best    224.6 · elite     63.4 · median    -31.2 · years  64.0 · road 0.42 · starved  1406 · nobles -11.3 · read 105.2 · walls  7.7 · fell 71.8% (mother 31.3%) · prince  2.1% · king  0.1% · crowned  0.0% (median year 93) · 6.9s
try  5 · gen   63 · best    268.0 · elite     77.7 · median    -28.2 · years  66.4 · road 0.43 · starved  1337 · nobles -13.2 · read 105.6 · walls  8.0 · fell 68.4% (mother 30.9%) · prince  0.8% · king  0.1% · crowned  0.0% (median year 82) · 6.9s
try  6 · gen   63 · best    359.3 · elite     99.7 · median    -34.0 · years  50.7 · road 0.40 · starved  1759 · nobles  -7.1 · read 72.5 · walls  7.8 · fell 89.5% (mother 34.0%) · prince  8.6% · king  2.3% · crowned  0.5% (median year 78) · 6.9s
try  7 · gen   63 · best    677.3 · elite    152.6 · median    -34.0 · years  48.1 · road 0.40 · starved  1909 · nobles  -5.8 · read 71.6 · walls  7.8 · fell 90.2% (mother 38.0%) · prince 10.7% · king  3.6% · crowned  1.4% (median year 80) · 6.9s
try  8 · gen   63 · best    629.4 · elite    142.8 · median    -36.0 · years  47.1 · road 0.39 · starved  1282 · nobles  -5.9 · read 58.8 · walls  7.6 · fell 91.5% (mother 37.8%) · prince  9.6% · king  3.5% · crowned  1.4% (median year 77) · 6.9s
try  1 · gen   64 · best    428.4 · elite     89.9 · median    -30.8 · years  55.3 · road 0.41 · starved  1273 · nobles  -9.6 · read 79.9 · walls  7.6 · fell 83.0% (mother 29.9%) · prince  6.3% · king  1.2% · crowned  0.2% (median year 75) · 6.9s
try  2 · gen   64 · best    456.7 · elite    167.1 · median    -22.1 · years  47.9 · road 0.40 · starved  1210 · nobles  -6.0 · read 53.5 · walls  7.5 · fell 90.5% (mother 38.9%) · prince 10.6% · king  4.0% · crowned  1.8% (median year 76) · 6.9s
try  3 · gen   64 · best    167.9 · elite     76.5 · median    -24.8 · years  70.0 · road 0.44 · starved  1498 · nobles -14.6 · read 139.3 · walls  8.0 · fell 60.6% (mother 25.9%) · prince  0.0% · king  0.0% · crowned  0.0% · 6.9s
try  4 · gen   64 · best    128.4 · elite     68.1 · median    -30.2 · years  64.3 · road 0.42 · starved  1422 · nobles -11.7 · read 106.4 · walls  7.8 · fell 72.4% (mother 34.5%) · prince  1.7% · king  0.1% · crowned  0.0% · 6.9s
try  5 · gen   64 · best    159.4 · elite     75.9 · median    -24.0 · years  69.3 · road 0.44 · starved  1384 · nobles -13.6 · read 109.8 · walls  8.1 · fell 62.8% (mother 27.6%) · prince  0.4% · king  0.1% · crowned  0.0% (median year 88) · 6.9s
try  6 · gen   64 · best    540.0 · elite    132.5 · median    -29.9 · years  49.3 · road 0.40 · starved  1246 · nobles  -6.4 · read 69.1 · walls  7.8 · fell 90.2% (mother 37.1%) · prince  9.6% · king  3.0% · crowned  1.1% (median year 79) · 6.9s
try  7 · gen   64 · best    721.7 · elite    178.0 · median    -27.4 · years  47.3 · road 0.40 · starved  1175 · nobles  -5.4 · read 67.5 · walls  7.8 · fell 89.6% (mother 38.9%) · prince 10.7% · king  3.9% · crowned  1.9% (median year 78) · 6.9s
try  8 · gen   64 · best    737.7 · elite    170.1 · median    -30.7 · years  45.4 · road 0.39 · starved  1221 · nobles  -5.2 · read 53.9 · walls  7.4 · fell 92.1% (mother 39.8%) · prince 10.6% · king  4.1% · crowned  1.9% (median year 73) · 6.9s
try  1 · gen   65 · best    518.5 · elite     88.3 · median    -28.5 · years  54.2 · road 0.41 · starved  1233 · nobles  -8.9 · read 78.6 · walls  7.6 · fell 84.3% (mother 30.8%) · prince  7.3% · king  1.2% · crowned  0.2% (median year 76) · 7.0s
try  2 · gen   65 · best    675.1 · elite    193.0 · median    -29.8 · years  45.8 · road 0.40 · starved  1205 · nobles  -5.1 · read 51.7 · walls  7.5 · fell 91.6% (mother 43.2%) · prince 11.0% · king  4.5% · crowned  2.2% (median year 74) · 7.0s
try  3 · gen   65 · best    163.6 · elite     81.7 · median    -24.9 · years  70.2 · road 0.45 · starved  1487 · nobles -14.6 · read 134.6 · walls  7.9 · fell 59.5% (mother 26.3%) · prince  0.0% · king  0.0% · crowned  0.0% · 7.0s
try  4 · gen   65 · best    135.7 · elite     75.8 · median    -25.2 · years  66.8 · road 0.42 · starved  1386 · nobles -12.2 · read 110.9 · walls  7.7 · fell 67.5% (mother 30.0%) · prince  1.9% · king  0.1% · crowned  0.0% (median year 89) · 7.0s
try  5 · gen   65 · best    168.2 · elite     80.5 · median    -21.1 · years  70.3 · road 0.44 · starved  1343 · nobles -14.1 · read 106.0 · walls  8.2 · fell 62.2% (mother 27.6%) · prince  0.2% · king  0.0% · crowned  0.0% · 7.0s
try  6 · gen   65 · best    347.7 · elite    139.0 · median    -28.1 · years  47.4 · road 0.39 · starved  1214 · nobles  -5.3 · read 64.2 · walls  7.8 · fell 91.1% (mother 38.2%) · prince  9.7% · king  3.7% · crowned  1.4% (median year 76) · 7.0s
try  7 · gen   65 · best    706.4 · elite    191.2 · median    -24.7 · years  46.7 · road 0.39 · starved  1198 · nobles  -5.0 · read 66.8 · walls  7.7 · fell 90.6% (mother 39.5%) · prince 11.1% · king  4.6% · crowned  2.3% (median year 76) · 7.0s
try  8 · gen   65 · best    561.8 · elite    199.3 · median    -28.8 · years  43.9 · road 0.39 · starved  1151 · nobles  -4.5 · read 50.2 · walls  7.4 · fell 92.1% (mother 40.3%) · prince 10.2% · king  5.1% · crowned  2.9% (median year 72) · 7.0s
try  1 · gen   66 · best    284.3 · elite     96.2 · median    -26.1 · years  51.8 · road 0.41 · starved  1254 · nobles  -8.3 · read 72.4 · walls  7.6 · fell 87.8% (mother 34.2%) · prince  8.8% · king  2.2% · crowned  0.4% (median year 82) · 6.9s
try  2 · gen   66 · best    672.0 · elite    202.9 · median    -26.1 · years  45.0 · road 0.40 · starved  1180 · nobles  -4.6 · read 49.0 · walls  7.5 · fell 91.6% (mother 43.7%) · prince 11.1% · king  4.8% · crowned  2.6% (median year 72) · 6.9s
try  3 · gen   66 · best    189.2 · elite     83.4 · median    -20.7 · years  70.8 · road 0.45 · starved  1439 · nobles -14.9 · read 128.6 · walls  8.1 · fell 59.2% (mother 26.5%) · prince  0.0% · king  0.0% · crowned  0.0% · 6.9s
try  4 · gen   66 · best    163.0 · elite     72.2 · median    -22.7 · years  67.1 · road 0.43 · starved  1358 · nobles -12.5 · read 103.4 · walls  7.7 · fell 67.5% (mother 28.7%) · prince  1.9% · king  0.2% · crowned  0.0% (median year 100) · 6.9s
try  5 · gen   66 · best    194.3 · elite     81.5 · median    -14.3 · years  69.6 · road 0.44 · starved  1240 · nobles -14.0 · read 108.4 · walls  8.1 · fell 61.4% (mother 25.8%) · prince  0.3% · king  0.0% · crowned  0.0% · 6.9s
try  6 · gen   66 · best    562.8 · elite    140.8 · median    -27.7 · years  45.5 · road 0.39 · starved  1213 · nobles  -4.8 · read 60.3 · walls  7.8 · fell 92.3% (mother 42.2%) · prince 10.6% · king  3.6% · crowned  1.6% (median year 76) · 6.9s
try  7 · gen   66 · best    506.5 · elite    193.1 · median    -24.9 · years  45.1 · road 0.39 · starved  1149 · nobles  -4.2 · read 63.6 · walls  7.7 · fell 90.6% (mother 43.3%) · prince 11.3% · king  4.8% · crowned  2.7% (median year 74) · 6.9s
try  8 · gen   66 · best    537.0 · elite    218.3 · median    -30.0 · years  42.1 · road 0.39 · starved  1154 · nobles  -3.9 · read 46.6 · walls  7.4 · fell 92.8% (mother 42.2%) · prince 10.9% · king  5.7% · crowned  3.2% (median year 71) · 6.9s
try  1 · gen   67 · best    441.6 · elite    121.6 · median    -20.2 · years  51.5 · road 0.41 · starved  1164 · nobles  -7.5 · read 67.8 · walls  7.6 · fell 87.9% (mother 31.9%) · prince 10.1% · king  2.5% · crowned  0.6% (median year 79) · 6.8s
try  2 · gen   67 · best    557.3 · elite    229.6 · median    -23.2 · years  44.0 · road 0.40 · starved  1130 · nobles  -4.0 · read 45.1 · walls  7.6 · fell 91.8% (mother 45.6%) · prince 11.5% · king  5.3% · crowned  3.2% (median year 72) · 6.8s
try  3 · gen   67 · best    167.3 · elite     86.0 · median    -19.1 · years  71.5 · road 0.46 · starved  1434 · nobles -15.2 · read 126.7 · walls  8.0 · fell 58.6% (mother 26.2%) · prince  0.0% · king  0.0% · crowned  0.0% · 6.8s
try  4 · gen   67 · best    128.9 · elite     76.0 · median    -20.2 · years  68.0 · road 0.43 · starved  1353 · nobles -12.9 · read 107.2 · walls  7.6 · fell 65.2% (mother 28.3%) · prince  1.4% · king  0.1% · crowned  0.0% · 6.8s
try  5 · gen   67 · best    155.3 · elite     87.0 · median    -14.8 · years  71.3 · road 0.45 · starved  1239 · nobles -14.7 · read 110.9 · walls  8.2 · fell 59.8% (mother 25.3%) · prince  0.2% · king  0.0% · crowned  0.0% · 6.8s
try  6 · gen   67 · best    526.0 · elite    186.3 · median    -28.7 · years  44.4 · road 0.39 · starved  1159 · nobles  -3.8 · read 57.5 · walls  7.8 · fell 92.1% (mother 45.3%) · prince 11.1% · king  4.6% · crowned  2.2% (median year 75) · 6.8s
try  7 · gen   67 · best    580.6 · elite    233.8 · median    -22.6 · years  45.7 · road 0.39 · starved  1203 · nobles  -3.6 · read 64.5 · walls  7.9 · fell 90.8% (mother 41.0%) · prince 11.3% · king  5.7% · crowned  3.5% (median year 77) · 6.8s
try  8 · gen   67 · best    518.7 · elite    236.7 · median    -26.3 · years  42.4 · road 0.39 · starved  1130 · nobles  -3.5 · read 45.6 · walls  7.5 · fell 91.8% (mother 41.9%) · prince 11.3% · king  6.2% · crowned  3.8% (median year 73) · 6.8s
try  1 · gen   68 · best    361.1 · elite    133.1 · median    -20.5 · years  49.6 · road 0.41 · starved  1164 · nobles  -6.9 · read 65.0 · walls  7.6 · fell 90.4% (mother 34.1%) · prince 10.7% · king  3.5% · crowned  0.9% (median year 79) · 6.9s
try  2 · gen   68 · best    573.8 · elite    216.8 · median    -24.1 · years  43.6 · road 0.40 · starved  1133 · nobles  -3.9 · read 44.0 · walls  7.6 · fell 92.5% (mother 45.1%) · prince 11.7% · king  5.5% · crowned  3.2% (median year 72) · 6.9s
try  3 · gen   68 · best    184.7 · elite     89.9 · median    -14.8 · years  73.1 · road 0.47 · starved  1414 · nobles -15.6 · read 132.2 · walls  8.2 · fell 56.8% (mother 25.0%) · prince  0.0% · king  0.0% · crowned  0.0% · 6.9s
try  4 · gen   68 · best    135.7 · elite     76.9 · median    -21.3 · years  69.5 · road 0.43 · starved  1356 · nobles -13.1 · read 110.2 · walls  7.6 · fell 63.4% (mother 26.7%) · prince  0.8% · king  0.0% · crowned  0.0% · 6.9s
try  5 · gen   68 · best    210.9 · elite     85.6 · median    -12.3 · years  71.1 · road 0.45 · starved  1219 · nobles -14.7 · read 106.7 · walls  8.2 · fell 60.5% (mother 26.8%) · prince  0.2% · king  0.0% · crowned  0.0% · 6.9s
try  6 · gen   68 · best    529.3 · elite    209.6 · median    -27.3 · years  43.3 · road 0.38 · starved  1109 · nobles  -3.4 · read 55.7 · walls  7.8 · fell 92.9% (mother 45.0%) · prince 11.1% · king  5.3% · crowned  3.0% (median year 76) · 6.9s
try  7 · gen   68 · best    913.7 · elite    257.7 · median    -25.2 · years  43.9 · road 0.39 · starved  1103 · nobles  -3.3 · read 61.3 · walls  7.8 · fell 91.0% (mother 38.7%) · prince 11.6% · king  6.1% · crowned  4.1% (median year 76) · 6.9s
try  8 · gen   68 · best    562.2 · elite    256.7 · median    -22.7 · years  41.8 · road 0.39 · starved  1101 · nobles  -3.3 · read 42.9 · walls  7.4 · fell 92.2% (mother 40.3%) · prince 11.3% · king  7.0% · crowned  4.5% (median year 70) · 6.9s
try  1 · gen   69 · best    562.6 · elite    151.6 · median    -23.9 · years  48.3 · road 0.40 · starved  1109 · nobles  -6.0 · read 61.3 · walls  7.6 · fell 90.3% (mother 35.4%) · prince 11.0% · king  3.9% · crowned  1.1% (median year 75) · 6.7s
try  2 · gen   69 · best    531.8 · elite    219.1 · median    -25.9 · years  43.7 · road 0.40 · starved  1156 · nobles  -3.6 · read 44.5 · walls  7.6 · fell 92.2% (mother 44.8%) · prince 11.7% · king  5.6% · crowned  3.4% (median year 73) · 6.7s
try  3 · gen   69 · best    172.8 · elite     92.2 · median     -8.9 · years  71.9 · road 0.47 · starved  1482 · nobles -15.6 · read 120.4 · walls  8.1 · fell 58.4% (mother 25.9%) · prince  0.0% · king  0.0% · crowned  0.0% · 6.7s
try  4 · gen   69 · best    156.1 · elite     80.4 · median    -16.9 · years  70.6 · road 0.43 · starved  1274 · nobles -13.6 · read 106.5 · walls  7.5 · fell 60.7% (mother 25.6%) · prince  0.5% · king  0.0% · crowned  0.0% · 6.7s
try  5 · gen   69 · best    169.1 · elite     87.2 · median     -8.9 · years  71.7 · road 0.45 · starved  1166 · nobles -14.8 · read 109.7 · walls  8.1 · fell 58.5% (mother 23.9%) · prince  0.1% · king  0.0% · crowned  0.0% · 6.7s
try  6 · gen   69 · best    758.8 · elite    225.3 · median    -27.5 · years  42.2 · road 0.38 · starved  1121 · nobles  -2.8 · read 54.0 · walls  7.8 · fell 92.7% (mother 45.4%) · prince 10.8% · king  5.8% · crowned  3.6% (median year 71) · 6.7s
try  7 · gen   69 · best    856.2 · elite    251.0 · median    -22.4 · years  45.2 · road 0.40 · starved  1095 · nobles  -3.7 · read 61.6 · walls  7.8 · fell 90.7% (mother 37.5%) · prince 11.6% · king  6.3% · crowned  4.2% (median year 73) · 6.7s
try  8 · gen   69 · best    523.3 · elite    255.7 · median    -23.5 · years  41.9 · road 0.39 · starved  1056 · nobles  -3.2 · read 39.5 · walls  7.5 · fell 92.3% (mother 38.7%) · prince 11.3% · king  6.5% · crowned  4.1% (median year 68) · 6.7s
try  1 · gen   70 · best    520.0 · elite    158.4 · median    -19.0 · years  48.1 · road 0.40 · starved  1148 · nobles  -5.7 · read 60.2 · walls  7.6 · fell 91.1% (mother 37.2%) · prince 11.6% · king  4.2% · crowned  1.3% (median year 78) · 6.8s
try  2 · gen   70 · best    579.1 · elite    243.7 · median    -18.8 · years  43.5 · road 0.40 · starved  1107 · nobles  -3.5 · read 42.5 · walls  7.7 · fell 92.4% (mother 44.9%) · prince 11.4% · king  5.8% · crowned  3.8% (median year 71) · 6.8s
try  3 · gen   70 · best    176.2 · elite     93.2 · median     -9.7 · years  72.7 · road 0.47 · starved  1354 · nobles -15.9 · read 122.2 · walls  8.2 · fell 58.0% (mother 26.9%) · prince  0.0% · king  0.0% · crowned  0.0% · 6.8s
try  4 · gen   70 · best    158.7 · elite     81.9 · median    -11.8 · years  71.4 · road 0.44 · starved  1292 · nobles -14.6 · read 103.5 · walls  7.6 · fell 60.7% (mother 28.2%) · prince  0.4% · king  0.0% · crowned  0.0% · 6.8s
try  5 · gen   70 · best    171.5 · elite     96.3 · median     -4.8 · years  72.9 · road 0.45 · starved  1127 · nobles -15.0 · read 110.7 · walls  8.1 · fell 58.0% (mother 26.5%) · prince  0.0% · king  0.0% · crowned  0.0% · 6.8s
try  6 · gen   70 · best    584.5 · elite    241.0 · median    -24.2 · years  42.4 · road 0.39 · starved  1104 · nobles  -2.8 · read 53.1 · walls  7.9 · fell 92.4% (mother 45.3%) · prince 11.3% · king  5.8% · crowned  4.0% (median year 70) · 6.8s
try  7 · gen   70 · best    849.6 · elite    251.4 · median    -18.2 · years  45.1 · road 0.40 · starved  1086 · nobles  -3.3 · read 61.9 · walls  7.8 · fell 90.9% (mother 35.5%) · prince 11.7% · king  5.8% · crowned  4.3% (median year 74) · 6.8s
try  8 · gen   70 · best    585.9 · elite    267.5 · median    -19.9 · years  42.1 · road 0.39 · starved  1029 · nobles  -3.4 · read 40.7 · walls  7.5 · fell 91.9% (mother 38.7%) · prince 11.0% · king  6.3% · crowned  4.5% (median year 71) · 6.8s
try  1 · gen   71 · best    502.8 · elite    176.8 · median    -17.2 · years  46.7 · road 0.40 · starved  1098 · nobles  -5.2 · read 55.0 · walls  7.7 · fell 91.2% (mother 38.0%) · prince 11.8% · king  4.8% · crowned  2.0% (median year 74) · 6.8s
try  2 · gen   71 · best    526.7 · elite    247.0 · median    -14.6 · years  43.9 · road 0.40 · starved  1098 · nobles  -3.3 · read 40.2 · walls  7.7 · fell 92.1% (mother 43.8%) · prince 12.1% · king  6.0% · crowned  4.0% (median year 72) · 6.8s
try  3 · gen   71 · best    169.4 · elite     96.4 · median     -6.4 · years  72.0 · road 0.48 · starved  1292 · nobles -15.8 · read 114.3 · walls  8.2 · fell 59.7% (mother 28.0%) · prince  0.0% · king  0.0% · crowned  0.0% · 6.8s
try  4 · gen   71 · best    149.5 · elite     83.9 · median     -9.8 · years  72.2 · road 0.45 · starved  1254 · nobles -14.7 · read 104.2 · walls  7.6 · fell 59.5% (mother 25.7%) · prince  0.2% · king  0.0% · crowned  0.0% · 6.8s
try  5 · gen   71 · best    168.7 · elite     91.9 · median     -3.4 · years  71.9 · road 0.45 · starved  1087 · nobles -14.8 · read 110.6 · walls  8.0 · fell 59.1% (mother 24.8%) · prince  0.1% · king  0.0% · crowned  0.0% (median year 95) · 6.8s
try  6 · gen   71 · best    685.7 · elite    254.4 · median    -23.1 · years  42.6 · road 0.39 · starved  1139 · nobles  -2.7 · read 52.5 · walls  7.8 · fell 92.0% (mother 43.2%) · prince 11.5% · king  6.3% · crowned  4.6% (median year 72) · 6.8s
try  7 · gen   71 · best    894.0 · elite    281.0 · median    -19.5 · years  44.9 · road 0.39 · starved  1034 · nobles  -3.1 · read 61.3 · walls  7.9 · fell 90.7% (mother 31.8%) · prince 11.3% · king  6.8% · crowned  4.9% (median year 72) · 6.8s
try  8 · gen   71 · best    545.6 · elite    291.2 · median    -21.8 · years  41.9 · road 0.39 · starved  1070 · nobles  -3.1 · read 38.7 · walls  7.4 · fell 92.1% (mother 36.4%) · prince 11.7% · king  6.7% · crowned  4.8% (median year 68) · 6.8s
try  1 · gen   72 · best    536.2 · elite    174.2 · median    -21.2 · years  45.7 · road 0.40 · starved  1068 · nobles  -4.8 · read 53.3 · walls  7.7 · fell 91.7% (mother 37.9%) · prince 10.9% · king  4.7% · crowned  1.9% (median year 76) · 6.8s
try  2 · gen   72 · best    599.7 · elite    245.8 · median    -13.4 · years  43.7 · road 0.40 · starved  1119 · nobles  -2.9 · read 40.8 · walls  7.6 · fell 92.4% (mother 42.1%) · prince 12.2% · king  6.0% · crowned  4.0% (median year 70) · 6.8s
try  3 · gen   72 · best    183.7 · elite    104.0 · median     -4.6 · years  73.2 · road 0.48 · starved  1235 · nobles -15.9 · read 115.9 · walls  8.3 · fell 56.6% (mother 25.3%) · prince  0.0% · king  0.0% · crowned  0.0% · 6.8s
try  4 · gen   72 · best    148.5 · elite     88.9 · median     -8.6 · years  72.5 · road 0.45 · starved  1240 · nobles -14.9 · read 99.2 · walls  7.6 · fell 58.9% (mother 26.0%) · prince  0.1% · king  0.0% · crowned  0.0% · 6.8s
try  5 · gen   72 · best    158.6 · elite     94.1 · median     -1.0 · years  73.1 · road 0.45 · starved  1091 · nobles -15.1 · read 110.0 · walls  8.0 · fell 56.1% (mother 23.6%) · prince  0.1% · king  0.0% · crowned  0.0% · 6.8s
try  6 · gen   72 · best    540.4 · elite    251.9 · median    -21.7 · years  42.5 · road 0.39 · starved  1081 · nobles  -2.5 · read 52.1 · walls  7.8 · fell 92.4% (mother 42.7%) · prince 11.8% · king  6.4% · crowned  4.6% (median year 71) · 6.8s
try  7 · gen   72 · best    506.4 · elite    256.1 · median    -18.3 · years  45.0 · road 0.39 · starved  1091 · nobles  -3.3 · read 60.0 · walls  7.9 · fell 91.5% (mother 31.8%) · prince 11.9% · king  6.9% · crowned  5.0% (median year 71) · 6.8s
try  8 · gen   72 · best    707.0 · elite    288.6 · median    -20.0 · years  41.5 · road 0.39 · starved   985 · nobles  -2.8 · read 36.9 · walls  7.4 · fell 92.5% (mother 36.3%) · prince 11.6% · king  7.1% · crowned  5.0% (median year 66) · 6.8s
try  1 · gen   73 · best    588.7 · elite    206.6 · median    -18.0 · years  44.7 · road 0.40 · starved  1070 · nobles  -4.2 · read 50.3 · walls  7.6 · fell 92.1% (mother 39.8%) · prince 11.1% · king  5.2% · crowned  2.7% (median year 73) · 6.8s
try  2 · gen   73 · best    526.6 · elite    258.8 · median    -16.5 · years  45.4 · road 0.40 · starved  1114 · nobles  -3.3 · read 40.8 · walls  7.8 · fell 92.0% (mother 40.0%) · prince 12.6% · king  6.1% · crowned  4.0% (median year 70) · 6.8s
try  3 · gen   73 · best    187.9 · elite    105.2 · median      2.9 · years  74.2 · road 0.48 · starved  1343 · nobles -16.1 · read 114.3 · walls  8.4 · fell 55.6% (mother 25.5%) · prince  0.0% · king  0.0% · crowned  0.0% · 6.8s
try  4 · gen   73 · best    158.7 · elite     85.3 · median     -8.5 · years  72.7 · road 0.45 · starved  1235 · nobles -15.0 · read 99.3 · walls  7.5 · fell 57.9% (mother 24.3%) · prince  0.1% · king  0.0% · crowned  0.0% · 6.8s
try  5 · gen   73 · best    165.8 · elite     97.2 · median      1.0 · years  72.8 · road 0.45 · starved  1019 · nobles -15.0 · read 112.9 · walls  7.9 · fell 56.3% (mother 22.0%) · prince  0.0% · king  0.0% · crowned  0.0% · 6.8s
try  6 · gen   73 · best    560.4 · elite    269.0 · median    -20.4 · years  42.6 · road 0.39 · starved  1014 · nobles  -2.4 · read 50.3 · walls  7.9 · fell 92.3% (mother 41.2%) · prince 11.1% · king  6.3% · crowned  4.5% (median year 68) · 6.8s
try  7 · gen   73 · best    742.4 · elite    274.5 · median    -19.3 · years  45.1 · road 0.39 · starved  1052 · nobles  -3.1 · read 60.3 · walls  8.0 · fell 90.8% (mother 30.4%) · prince 12.1% · king  7.1% · crowned  5.2% (median year 72) · 6.8s
try  8 · gen   73 · best    915.6 · elite    290.9 · median    -13.1 · years  42.0 · road 0.39 · starved   972 · nobles  -2.7 · read 37.9 · walls  7.4 · fell 91.4% (mother 34.0%) · prince 12.0% · king  7.8% · crowned  5.6% (median year 68) · 6.8s
try  1 · gen   74 · best    717.1 · elite    224.6 · median    -21.0 · years  44.4 · road 0.40 · starved  1078 · nobles  -3.9 · read 50.4 · walls  7.5 · fell 91.9% (mother 40.3%) · prince 11.9% · king  5.8% · crowned  3.1% (median year 72) · 6.8s
try  2 · gen   74 · best    504.4 · elite    236.9 · median    -14.6 · years  44.8 · road 0.40 · starved  1073 · nobles  -3.2 · read 40.8 · walls  7.8 · fell 92.3% (mother 38.7%) · prince 12.0% · king  5.9% · crowned  4.1% (median year 71) · 6.8s
try  3 · gen   74 · best    157.5 · elite     99.5 · median      5.1 · years  73.5 · road 0.48 · starved  1138 · nobles -16.1 · read 108.7 · walls  8.3 · fell 55.9% (mother 25.2%) · prince  0.0% · king  0.0% · crowned  0.0% · 6.8s
try  4 · gen   74 · best    177.3 · elite     94.5 · median     -5.2 · years  73.0 · road 0.45 · starved  1174 · nobles -15.0 · read 97.4 · walls  7.5 · fell 56.1% (mother 23.2%) · prince  0.0% · king  0.0% · crowned  0.0% · 6.8s
try  5 · gen   74 · best    169.3 · elite    100.7 · median      2.6 · years  73.0 · road 0.45 · starved  1030 · nobles -14.9 · read 105.7 · walls  7.9 · fell 56.8% (mother 21.4%) · prince  0.0% · king  0.0% · crowned  0.0% · 6.8s
try  6 · gen   74 · best    580.2 · elite    274.4 · median    -19.9 · years  43.2 · road 0.39 · starved  1124 · nobles  -2.2 · read 47.4 · walls  8.0 · fell 91.8% (mother 41.4%) · prince 11.3% · king  6.4% · crowned  4.9% (median year 70) · 6.8s
try  7 · gen   74 · best    715.5 · elite    308.0 · median    -17.9 · years  45.6 · road 0.40 · starved  1072 · nobles  -2.6 · read 59.8 · walls  8.0 · fell 90.0% (mother 29.7%) · prince 12.8% · king  7.7% · crowned  5.7% (median year 71) · 6.8s
try  8 · gen   74 · best    719.3 · elite    284.0 · median    -19.3 · years  42.0 · road 0.39 · starved   997 · nobles  -2.6 · read 39.4 · walls  7.3 · fell 91.7% (mother 32.2%) · prince 11.7% · king  7.2% · crowned  5.3% (median year 68) · 6.8s
try  1 · gen   75 · best    629.2 · elite    235.0 · median    -13.3 · years  43.8 · road 0.40 · starved  1008 · nobles  -3.7 · read 46.0 · walls  7.5 · fell 91.6% (mother 38.7%) · prince 11.8% · king  6.6% · crowned  3.8% (median year 71) · 6.8s
try  2 · gen   75 · best    549.6 · elite    248.5 · median    -16.0 · years  44.7 · road 0.40 · starved  1100 · nobles  -2.8 · read 39.2 · walls  7.8 · fell 92.2% (mother 37.3%) · prince 12.5% · king  5.8% · crowned  4.0% (median year 68) · 6.8s
try  3 · gen   75 · best    179.7 · elite    104.6 · median      3.8 · years  73.2 · road 0.48 · starved  1088 · nobles -15.9 · read 109.1 · walls  8.2 · fell 55.7% (mother 24.2%) · prince  0.0% · king  0.0% · crowned  0.0% · 6.8s
try  4 · gen   75 · best    151.7 · elite     98.3 · median     -5.3 · years  73.5 · road 0.45 · starved  1119 · nobles -15.4 · read 95.2 · walls  7.7 · fell 56.3% (mother 23.6%) · prince  0.0% · king  0.0% · crowned  0.0% · 6.8s
try  5 · gen   75 · best    185.0 · elite    105.8 · median      4.5 · years  73.9 · road 0.46 · starved   987 · nobles -15.2 · read 102.7 · walls  7.9 · fell 55.0% (mother 21.2%) · prince  0.0% · king  0.0% · crowned  0.0% · 6.8s
try  6 · gen   75 · best    659.7 · elite    290.6 · median    -16.2 · years  43.4 · road 0.39 · starved  1007 · nobles  -2.4 · read 45.3 · walls  7.9 · fell 91.8% (mother 37.9%) · prince 12.0% · king  6.8% · crowned  4.9% (median year 69) · 6.8s
try  7 · gen   75 · best    684.7 · elite    319.5 · median    -23.5 · years  44.1 · road 0.39 · starved  1019 · nobles  -2.5 · read 57.2 · walls  7.9 · fell 90.1% (mother 27.9%) · prince 11.9% · king  7.6% · crowned  6.0% (median year 70) · 6.8s
try  8 · gen   75 · best    796.7 · elite    311.1 · median    -23.2 · years  41.4 · road 0.39 · starved   979 · nobles  -2.6 · read 36.8 · walls  7.3 · fell 91.7% (mother 32.6%) · prince 10.9% · king  6.9% · crowned  5.3% (median year 67) · 6.8s
try  1 · gen   76 · best    428.7 · elite    223.8 · median    -15.2 · years  43.2 · road 0.40 · starved  1018 · nobles  -3.7 · read 45.3 · walls  7.5 · fell 92.1% (mother 37.8%) · prince 12.1% · king  6.2% · crowned  3.6% (median year 73) · 6.8s
try  2 · gen   76 · best    556.1 · elite    280.3 · median     -4.7 · years  44.8 · road 0.40 · starved  1014 · nobles  -2.7 · read 37.0 · walls  7.9 · fell 91.4% (mother 34.7%) · prince 12.8% · king  6.9% · crowned  4.8% (median year 68) · 6.8s
try  3 · gen   76 · best    168.4 · elite    106.8 · median     10.2 · years  73.3 · road 0.48 · starved  1066 · nobles -15.8 · read 109.5 · walls  8.2 · fell 54.3% (mother 23.5%) · prince  0.0% · king  0.0% · crowned  0.0% · 6.8s
try  4 · gen   76 · best    160.7 · elite     96.3 · median      0.2 · years  73.2 · road 0.45 · starved  1060 · nobles -15.4 · read 92.1 · walls  7.6 · fell 55.9% (mother 23.2%) · prince  0.0% · king  0.0% · crowned  0.0% · 6.8s
try  5 · gen   76 · best    180.9 · elite    103.3 · median      9.1 · years  73.1 · road 0.46 · starved   903 · nobles -15.2 · read 98.9 · walls  7.9 · fell 56.4% (mother 22.2%) · prince  0.0% · king  0.0% · crowned  0.0% · 6.8s
try  6 · gen   76 · best    495.8 · elite    261.2 · median    -17.3 · years  43.3 · road 0.39 · starved  1004 · nobles  -2.1 · read 44.9 · walls  7.9 · fell 91.8% (mother 36.9%) · prince 11.8% · king  6.3% · crowned  4.8% (median year 68) · 6.8s
try  7 · gen   76 · best    608.9 · elite    309.2 · median    -23.2 · years  43.7 · road 0.39 · starved  1026 · nobles  -2.7 · read 54.5 · walls  8.0 · fell 90.6% (mother 31.1%) · prince 11.4% · king  7.1% · crowned  5.5% (median year 70) · 6.8s
try  8 · gen   76 · best    614.9 · elite    306.9 · median    -18.0 · years  41.5 · road 0.39 · starved   946 · nobles  -2.2 · read 36.1 · walls  7.2 · fell 91.3% (mother 31.2%) · prince 11.4% · king  7.0% · crowned  5.6% (median year 67) · 6.8s
try  1 · gen   77 · best    549.1 · elite    230.4 · median    -14.1 · years  43.3 · road 0.40 · starved  1011 · nobles  -3.7 · read 43.4 · walls  7.5 · fell 92.3% (mother 37.8%) · prince 11.7% · king  6.3% · crowned  3.7% (median year 72) · 6.7s
try  2 · gen   77 · best    901.9 · elite    269.7 · median    -15.5 · years  44.6 · road 0.40 · starved  1040 · nobles  -2.7 · read 35.6 · walls  7.8 · fell 91.9% (mother 35.3%) · prince 12.6% · king  6.4% · crowned  4.4% (median year 70) · 6.7s
try  3 · gen   77 · best    154.6 · elite    112.5 · median      9.7 · years  74.3 · road 0.48 · starved   993 · nobles -16.2 · read 107.8 · walls  8.2 · fell 54.0% (mother 23.2%) · prince  0.0% · king  0.0% · crowned  0.0% · 6.7s
try  4 · gen   77 · best    190.9 · elite     98.0 · median      5.2 · years  74.9 · road 0.46 · starved  1087 · nobles -15.7 · read 93.3 · walls  7.7 · fell 53.8% (mother 22.0%) · prince  0.0% · king  0.0% · crowned  0.0% · 6.7s
try  5 · gen   77 · best    159.3 · elite    109.3 · median      9.7 · years  73.9 · road 0.46 · starved   905 · nobles -15.4 · read 100.8 · walls  7.9 · fell 54.4% (mother 20.8%) · prince  0.0% · king  0.0% · crowned  0.0% · 6.7s
try  6 · gen   77 · best    620.6 · elite    294.4 · median    -13.6 · years  43.4 · road 0.39 · starved   977 · nobles  -2.1 · read 43.7 · walls  7.9 · fell 91.6% (mother 35.1%) · prince 12.4% · king  7.0% · crowned  5.2% (median year 67) · 6.7s
try  7 · gen   77 · best    726.2 · elite    309.2 · median    -13.4 · years  43.3 · road 0.39 · starved   989 · nobles  -2.4 · read 51.9 · walls  8.0 · fell 90.6% (mother 29.3%) · prince 11.9% · king  8.0% · crowned  6.2% (median year 70) · 6.7s
try  8 · gen   77 · best    760.3 · elite    310.0 · median    -21.3 · years  40.9 · road 0.39 · starved   945 · nobles  -2.4 · read 33.5 · walls  7.0 · fell 92.2% (mother 30.9%) · prince 11.5% · king  7.4% · crowned  5.4% (median year 64) · 6.7s
try  1 · gen   78 · best    544.3 · elite    257.5 · median     -6.1 · years  43.9 · road 0.40 · starved   979 · nobles  -3.2 · read 43.1 · walls  7.6 · fell 91.7% (mother 36.5%) · prince 12.5% · king  7.2% · crowned  4.5% (median year 71) · 6.8s
try  2 · gen   78 · best    570.5 · elite    257.7 · median     -8.7 · years  45.3 · road 0.41 · starved  1007 · nobles  -2.9 · read 35.8 · walls  7.9 · fell 91.9% (mother 33.9%) · prince 13.1% · king  6.7% · crowned  4.5% (median year 70) · 6.8s
try  3 · gen   78 · best    203.5 · elite    110.2 · median     15.8 · years  75.4 · road 0.48 · starved  1043 · nobles -16.2 · read 108.9 · walls  8.1 · fell 52.9% (mother 22.4%) · prince  0.0% · king  0.0% · crowned  0.0% · 6.8s
try  4 · gen   78 · best    156.7 · elite     98.4 · median      3.3 · years  73.9 · road 0.46 · starved  1081 · nobles -15.6 · read 89.1 · walls  7.7 · fell 55.7% (mother 22.3%) · prince  0.0% · king  0.0% · crowned  0.0% · 6.8s
try  5 · gen   78 · best    204.9 · elite    109.9 · median      9.4 · years  74.0 · road 0.46 · starved   900 · nobles -15.5 · read 101.4 · walls  8.0 · fell 54.2% (mother 20.4%) · prince  0.0% · king  0.0% · crowned  0.0% · 6.8s
try  6 · gen   78 · best    563.0 · elite    278.9 · median    -15.4 · years  43.3 · road 0.39 · starved   969 · nobles  -2.3 · read 40.9 · walls  7.9 · fell 91.6% (mother 33.9%) · prince 12.2% · king  6.8% · crowned  5.0% (median year 68) · 6.8s
try  7 · gen   78 · best    706.4 · elite    297.1 · median    -17.9 · years  42.7 · road 0.39 · starved   968 · nobles  -2.4 · read 49.9 · walls  8.0 · fell 90.1% (mother 28.7%) · prince 11.4% · king  7.6% · crowned  6.2% (median year 68) · 6.8s
try  8 · gen   78 · best    707.0 · elite    302.8 · median    -15.4 · years  41.8 · road 0.39 · starved   909 · nobles  -2.4 · read 35.2 · walls  7.0 · fell 91.0% (mother 28.2%) · prince 11.4% · king  7.6% · crowned  5.8% (median year 67) · 6.8s
try  1 · gen   79 · best    781.0 · elite    264.7 · median    -14.5 · years  42.5 · road 0.40 · starved   960 · nobles  -3.1 · read 41.2 · walls  7.4 · fell 92.2% (mother 37.3%) · prince 11.7% · king  6.3% · crowned  4.1% (median year 71) · 6.8s
try  2 · gen   79 · best    749.9 · elite    269.5 · median     -9.2 · years  45.6 · road 0.40 · starved  1001 · nobles  -3.0 · read 36.1 · walls  8.0 · fell 91.2% (mother 30.8%) · prince 12.5% · king  6.6% · crowned  4.7% (median year 70) · 6.8s
try  3 · gen   79 · best    204.7 · elite    114.6 · median     12.2 · years  75.8 · road 0.48 · starved  1063 · nobles -16.4 · read 105.1 · walls  8.1 · fell 53.1% (mother 23.1%) · prince  0.0% · king  0.0% · crowned  0.0% · 6.8s
try  4 · gen   79 · best    160.9 · elite    105.8 · median      7.8 · years  74.0 · road 0.46 · starved  1012 · nobles -15.6 · read 84.5 · walls  7.7 · fell 54.8% (mother 23.4%) · prince  0.0% · king  0.0% · crowned  0.0% · 6.8s
try  5 · gen   79 · best    204.5 · elite    114.3 · median     18.4 · years  75.9 · road 0.47 · starved   924 · nobles -15.9 · read 96.3 · walls  8.0 · fell 53.1% (mother 22.4%) · prince  0.0% · king  0.0% · crowned  0.0% · 6.8s
try  6 · gen   79 · best    620.1 · elite    277.9 · median    -15.1 · years  43.4 · road 0.39 · starved   964 · nobles  -2.2 · read 41.3 · walls  7.9 · fell 91.9% (mother 33.4%) · prince 12.0% · king  6.6% · crowned  4.8% (median year 67) · 6.8s
try  7 · gen   79 · best    644.4 · elite    336.4 · median    -17.2 · years  43.1 · road 0.39 · starved   982 · nobles  -2.3 · read 49.8 · walls  8.0 · fell 90.3% (mother 26.6%) · prince 11.6% · king  8.0% · crowned  6.5% (median year 68) · 6.8s
try  8 · gen   79 · best    556.6 · elite    326.9 · median    -16.5 · years  41.4 · road 0.39 · starved   919 · nobles  -2.1 · read 32.4 · walls  7.0 · fell 91.3% (mother 27.1%) · prince 12.0% · king  7.7% · crowned  6.2% (median year 66) · 6.8s
try  1 · gen   80 · best    560.3 · elite    256.6 · median     -8.6 · years  43.4 · road 0.40 · starved   939 · nobles  -3.1 · read 41.0 · walls  7.5 · fell 91.6% (mother 34.7%) · prince 11.5% · king  6.4% · crowned  4.4% (median year 69) · 6.8s
try  2 · gen   80 · best    606.6 · elite    271.9 · median    -12.5 · years  46.0 · road 0.40 · starved  1013 · nobles  -2.8 · read 36.1 · walls  8.1 · fell 91.3% (mother 29.8%) · prince 12.6% · king  6.4% · crowned  4.5% (median year 69) · 6.8s
try  3 · gen   80 · best    185.9 · elite    115.0 · median     16.0 · years  75.3 · road 0.48 · starved   949 · nobles -16.3 · read 100.6 · walls  7.9 · fell 52.2% (mother 20.9%) · prince  0.0% · king  0.0% · crowned  0.0% · 6.8s
try  4 · gen   80 · best    172.0 · elite    108.6 · median     13.7 · years  74.7 · road 0.46 · starved   933 · nobles -15.7 · read 86.0 · walls  7.7 · fell 53.9% (mother 22.1%) · prince  0.0% · king  0.0% · crowned  0.0% · 6.8s
try  5 · gen   80 · best    185.9 · elite    115.9 · median     18.6 · years  74.5 · road 0.47 · starved   868 · nobles -15.8 · read 96.7 · walls  8.0 · fell 55.3% (mother 23.1%) · prince  0.0% · king  0.0% · crowned  0.0% · 6.8s
try  6 · gen   80 · best    550.6 · elite    269.2 · median    -18.1 · years  43.3 · road 0.39 · starved   975 · nobles  -2.4 · read 40.2 · walls  7.9 · fell 92.2% (mother 32.5%) · prince 11.9% · king  6.8% · crowned  4.8% (median year 68) · 6.8s
try  7 · gen   80 · best    565.3 · elite    297.0 · median    -16.7 · years  42.3 · road 0.39 · starved   957 · nobles  -2.0 · read 49.3 · walls  7.9 · fell 91.1% (mother 28.2%) · prince 11.5% · king  7.6% · crowned  6.1% (median year 69) · 6.8s
try  8 · gen   80 · best    717.7 · elite    317.0 · median    -17.5 · years  41.2 · road 0.39 · starved   930 · nobles  -1.9 · read 31.0 · walls  6.9 · fell 91.4% (mother 28.0%) · prince 11.8% · king  7.5% · crowned  5.9% (median year 65) · 6.8s
try  1 · gen   81 · best    573.0 · elite    261.1 · median     -7.8 · years  42.8 · road 0.40 · starved   950 · nobles  -3.0 · read 40.2 · walls  7.6 · fell 91.8% (mother 35.5%) · prince 12.1% · king  6.9% · crowned  4.8% (median year 69) · 6.8s
try  2 · gen   81 · best    746.5 · elite    275.5 · median    -15.2 · years  45.2 · road 0.40 · starved  1006 · nobles  -3.0 · read 35.5 · walls  8.0 · fell 91.3% (mother 30.6%) · prince 12.0% · king  6.6% · crowned  4.5% (median year 69) · 6.8s
try  3 · gen   81 · best    187.8 · elite    112.9 · median     16.7 · years  74.5 · road 0.48 · starved   938 · nobles -16.1 · read 99.3 · walls  7.9 · fell 53.5% (mother 21.5%) · prince  0.0% · king  0.0% · crowned  0.0% · 6.8s
try  4 · gen   81 · best    163.6 · elite    107.4 · median     12.8 · years  74.7 · road 0.47 · starved  1000 · nobles -15.7 · read 84.7 · walls  7.7 · fell 54.2% (mother 22.0%) · prince  0.0% · king  0.0% · crowned  0.0% · 6.8s
try  5 · gen   81 · best    172.3 · elite    109.8 · median     16.8 · years  74.6 · road 0.47 · starved   854 · nobles -15.7 · read 92.1 · walls  8.0 · fell 53.8% (mother 20.3%) · prince  0.0% · king  0.0% · crowned  0.0% · 6.8s
try  6 · gen   81 · best    535.3 · elite    272.5 · median    -14.8 · years  43.2 · road 0.39 · starved   961 · nobles  -2.3 · read 39.5 · walls  7.9 · fell 92.2% (mother 31.9%) · prince 11.9% · king  6.5% · crowned  4.9% (median year 66) · 6.8s
try  7 · gen   81 · best    661.3 · elite    299.8 · median    -19.1 · years  41.8 · road 0.39 · starved   965 · nobles  -2.2 · read 47.5 · walls  7.8 · fell 90.9% (mother 28.3%) · prince 11.4% · king  7.7% · crowned  6.2% (median year 67) · 6.8s
try  8 · gen   81 · best    761.0 · elite    323.8 · median    -12.6 · years  41.1 · road 0.39 · starved   876 · nobles  -1.8 · read 30.9 · walls  6.6 · fell 90.8% (mother 26.3%) · prince 12.0% · king  7.8% · crowned  6.2% (median year 65) · 6.8s
try  1 · gen   82 · best    736.5 · elite    252.6 · median    -12.3 · years  42.2 · road 0.40 · starved   941 · nobles  -3.0 · read 37.6 · walls  7.6 · fell 92.4% (mother 35.9%) · prince 11.4% · king  6.5% · crowned  4.2% (median year 69) · 6.8s
try  2 · gen   82 · best    607.5 · elite    287.2 · median    -10.0 · years  44.6 · road 0.40 · starved   936 · nobles  -2.5 · read 33.9 · walls  8.0 · fell 91.3% (mother 30.9%) · prince 12.4% · king  7.1% · crowned  5.0% (median year 69) · 6.8s
try  3 · gen   82 · best    177.3 · elite    114.5 · median     17.9 · years  74.6 · road 0.49 · starved  1010 · nobles -16.1 · read 96.9 · walls  7.8 · fell 53.0% (mother 21.6%) · prince  0.0% · king  0.0% · crowned  0.0% · 6.8s
try  4 · gen   82 · best    187.6 · elite    109.4 · median     14.4 · years  74.5 · road 0.47 · starved   942 · nobles -15.9 · read 81.6 · walls  7.6 · fell 54.9% (mother 22.6%) · prince  0.0% · king  0.0% · crowned  0.0% · 6.8s
try  5 · gen   82 · best    186.1 · elite    120.2 · median     20.9 · years  76.0 · road 0.47 · starved   842 · nobles -15.9 · read 97.1 · walls  7.9 · fell 51.8% (mother 20.2%) · prince  0.0% · king  0.0% · crowned  0.0% · 6.8s
try  6 · gen   82 · best    534.1 · elite    284.1 · median    -10.9 · years  43.7 · road 0.40 · starved   944 · nobles  -2.4 · read 39.6 · walls  7.8 · fell 91.4% (mother 30.3%) · prince 12.3% · king  6.8% · crowned  5.1% (median year 68) · 6.8s
try  7 · gen   82 · best    608.9 · elite    314.7 · median    -16.5 · years  42.5 · road 0.39 · starved   995 · nobles  -2.0 · read 49.7 · walls  7.8 · fell 90.7% (mother 27.3%) · prince 11.6% · king  8.2% · crowned  6.8% (median year 67) · 6.8s
try  8 · gen   82 · best    590.8 · elite    356.3 · median    -10.0 · years  40.3 · road 0.39 · starved   871 · nobles  -1.6 · read 29.1 · walls  6.7 · fell 90.4% (mother 25.1%) · prince 12.1% · king  8.5% · crowned  7.1% (median year 65) · 6.8s
try  1 · gen   83 · best    591.3 · elite    291.9 · median     -6.8 · years  42.7 · road 0.40 · starved   928 · nobles  -2.9 · read 38.0 · walls  7.6 · fell 91.2% (mother 33.9%) · prince 11.5% · king  7.2% · crowned  5.2% (median year 68) · 6.8s
try  2 · gen   83 · best    498.2 · elite    271.6 · median     -9.6 · years  44.8 · road 0.40 · starved   975 · nobles  -2.3 · read 33.3 · walls  8.0 · fell 91.1% (mother 30.9%) · prince 12.1% · king  6.6% · crowned  4.8% (median year 68) · 6.8s
try  3 · gen   83 · best    194.6 · elite    113.3 · median     20.6 · years  73.9 · road 0.48 · starved   883 · nobles -16.2 · read 92.5 · walls  7.7 · fell 54.2% (mother 20.5%) · prince  0.0% · king  0.0% · crowned  0.0% · 6.8s
try  4 · gen   83 · best    179.4 · elite    111.1 · median     18.4 · years  74.6 · road 0.47 · starved   897 · nobles -15.9 · read 75.6 · walls  7.7 · fell 54.3% (mother 23.0%) · prince  0.0% · king  0.0% · crowned  0.0% · 6.8s
try  5 · gen   83 · best    215.1 · elite    114.2 · median     23.3 · years  76.1 · road 0.48 · starved   869 · nobles -16.1 · read 96.3 · walls  8.0 · fell 52.4% (mother 19.7%) · prince  0.0% · king  0.0% · crowned  0.0% · 6.8s
try  6 · gen   83 · best    746.3 · elite    295.4 · median    -12.8 · years  43.2 · road 0.40 · starved   943 · nobles  -2.7 · read 36.8 · walls  7.8 · fell 91.6% (mother 30.6%) · prince 11.7% · king  6.8% · crowned  5.2% (median year 67) · 6.8s
try  7 · gen   83 · best    729.7 · elite    347.4 · median    -16.3 · years  42.9 · road 0.39 · starved   927 · nobles  -1.9 · read 47.9 · walls  7.8 · fell 90.2% (mother 24.3%) · prince 11.9% · king  8.3% · crowned  6.6% (median year 66) · 6.8s
try  8 · gen   83 · best    704.5 · elite    313.3 · median    -15.6 · years  40.6 · road 0.39 · starved   894 · nobles  -2.0 · read 29.2 · walls  6.6 · fell 91.0% (mother 25.4%) · prince 11.8% · king  8.1% · crowned  6.2% (median year 66) · 6.8s
try  1 · gen   84 · best    535.7 · elite    273.6 · median     -9.1 · years  42.2 · road 0.40 · starved   928 · nobles  -2.8 · read 35.4 · walls  7.5 · fell 91.9% (mother 34.3%) · prince 11.9% · king  7.3% · crowned  5.2% (median year 68) · 6.8s
try  2 · gen   84 · best    674.0 · elite    294.9 · median     -9.9 · years  45.1 · road 0.40 · starved   964 · nobles  -2.4 · read 31.5 · walls  8.0 · fell 91.1% (mother 29.9%) · prince 12.8% · king  6.9% · crowned  5.0% (median year 68) · 6.8s
try  3 · gen   84 · best    185.9 · elite    111.4 · median     21.7 · years  73.9 · road 0.49 · starved   931 · nobles -16.2 · read 93.4 · walls  7.7 · fell 55.4% (mother 22.4%) · prince  0.0% · king  0.0% · crowned  0.0% · 6.8s
try  4 · gen   84 · best    184.0 · elite    106.1 · median     18.7 · years  75.4 · road 0.47 · starved   913 · nobles -16.1 · read 75.6 · walls  7.7 · fell 52.8% (mother 20.2%) · prince  0.0% · king  0.0% · crowned  0.0% · 6.8s
try  5 · gen   84 · best    203.3 · elite    114.3 · median     20.9 · years  74.6 · road 0.47 · starved   814 · nobles -15.8 · read 91.5 · walls  7.9 · fell 53.5% (mother 18.8%) · prince  0.0% · king  0.0% · crowned  0.0% · 6.8s
try  6 · gen   84 · best    602.4 · elite    285.3 · median    -11.3 · years  43.0 · road 0.39 · starved   934 · nobles  -2.0 · read 36.8 · walls  7.7 · fell 91.6% (mother 30.4%) · prince 12.6% · king  7.0% · crowned  5.2% (median year 67) · 6.8s
try  7 · gen   84 · best    662.7 · elite    328.4 · median    -19.3 · years  42.4 · road 0.39 · starved   989 · nobles  -2.3 · read 46.1 · walls  7.8 · fell 91.0% (mother 24.0%) · prince 12.2% · king  8.6% · crowned  6.6% (median year 66) · 6.8s
try  8 · gen   84 · best    781.9 · elite    338.1 · median    -12.4 · years  40.3 · road 0.39 · starved   862 · nobles  -1.7 · read 29.0 · walls  6.7 · fell 90.8% (mother 25.5%) · prince 12.0% · king  8.4% · crowned  6.7% (median year 65) · 6.8s
try  1 · gen   85 · best    741.3 · elite    286.0 · median    -11.1 · years  41.7 · road 0.40 · starved   916 · nobles  -2.8 · read 33.9 · walls  7.6 · fell 92.1% (mother 34.3%) · prince 11.6% · king  6.7% · crowned  5.1% (median year 68) · 6.8s
try  2 · gen   85 · best    744.2 · elite    305.9 · median     -8.9 · years  44.9 · road 0.40 · starved   972 · nobles  -2.1 · read 29.3 · walls  8.0 · fell 91.0% (mother 27.8%) · prince 12.5% · king  7.4% · crowned  5.2% (median year 67) · 6.8s
try  3 · gen   85 · best    181.2 · elite    111.7 · median     26.7 · years  75.6 · road 0.49 · starved   870 · nobles -16.4 · read 90.1 · walls  7.7 · fell 51.4% (mother 18.6%) · prince  0.0% · king  0.0% · crowned  0.0% · 6.8s
try  4 · gen   85 · best    180.5 · elite    110.7 · median     22.2 · years  75.7 · road 0.47 · starved   856 · nobles -16.2 · read 73.2 · walls  7.7 · fell 52.2% (mother 19.8%) · prince  0.0% · king  0.0% · crowned  0.0% · 6.8s
try  5 · gen   85 · best    187.3 · elite    115.6 · median     25.0 · years  76.1 · road 0.48 · starved   849 · nobles -16.2 · read 94.8 · walls  8.0 · fell 52.7% (mother 20.6%) · prince  0.0% · king  0.0% · crowned  0.0% · 6.8s
try  6 · gen   85 · best    982.2 · elite    295.0 · median    -12.6 · years  42.7 · road 0.39 · starved   915 · nobles  -2.0 · read 36.8 · walls  7.7 · fell 91.3% (mother 29.9%) · prince 11.7% · king  6.9% · crowned  5.5% (median year 66) · 6.8s
try  7 · gen   85 · best    792.1 · elite    338.2 · median    -12.4 · years  43.4 · road 0.39 · starved   933 · nobles  -1.9 · read 47.9 · walls  7.7 · fell 89.9% (mother 22.1%) · prince 11.8% · king  8.6% · crowned  6.9% (median year 67) · 6.8s
try  8 · gen   85 · best    761.0 · elite    360.7 · median     -5.0 · years  40.5 · road 0.39 · starved   842 · nobles  -1.5 · read 26.1 · walls  6.7 · fell 90.4% (mother 24.0%) · prince 12.3% · king  8.6% · crowned  6.9% (median year 65) · 6.8s
try  1 · gen   86 · best    688.9 · elite    290.7 · median     -7.7 · years  42.7 · road 0.40 · starved   887 · nobles  -2.8 · read 33.1 · walls  7.5 · fell 91.6% (mother 31.9%) · prince 11.9% · king  7.2% · crowned  5.1% (median year 67) · 6.8s
try  2 · gen   86 · best    708.7 · elite    278.5 · median     -6.0 · years  44.8 · road 0.40 · starved   934 · nobles  -2.0 · read 28.1 · walls  8.0 · fell 90.5% (mother 26.9%) · prince 12.8% · king  7.2% · crowned  5.2% (median year 68) · 6.8s
try  3 · gen   86 · best    198.7 · elite    118.9 · median     25.9 · years  75.6 · road 0.49 · starved   880 · nobles -16.4 · read 91.8 · walls  7.8 · fell 52.1% (mother 19.8%) · prince  0.0% · king  0.0% · crowned  0.0% · 6.8s
try  4 · gen   86 · best    164.4 · elite    109.6 · median     21.3 · years  74.1 · road 0.47 · starved   804 · nobles -16.1 · read 67.6 · walls  7.7 · fell 55.3% (mother 22.6%) · prince  0.0% · king  0.0% · crowned  0.0% · 6.8s
try  5 · gen   86 · best    170.8 · elite    113.8 · median     19.1 · years  74.5 · road 0.48 · starved   844 · nobles -16.0 · read 84.6 · walls  8.0 · fell 54.2% (mother 20.8%) · prince  0.0% · king  0.0% · crowned  0.0% · 6.8s
try  6 · gen   86 · best    684.8 · elite    305.5 · median    -11.4 · years  43.1 · road 0.40 · starved   923 · nobles  -2.0 · read 34.0 · walls  7.5 · fell 91.3% (mother 28.7%) · prince 12.1% · king  7.1% · crowned  5.3% (median year 67) · 6.8s
try  7 · gen   86 · best    631.4 · elite    315.4 · median    -14.8 · years  42.8 · road 0.39 · starved   926 · nobles  -1.9 · read 44.9 · walls  7.6 · fell 90.2% (mother 24.5%) · prince 11.7% · king  8.1% · crowned  6.4% (median year 66) · 6.8s
try  8 · gen   86 · best    806.1 · elite    363.5 · median    -11.7 · years  40.6 · road 0.39 · starved   841 · nobles  -1.8 · read 25.1 · walls  6.6 · fell 90.5% (mother 23.6%) · prince 12.5% · king  8.5% · crowned  6.9% (median year 65) · 6.8s
try  1 · gen   87 · best    679.9 · elite    289.9 · median     -4.4 · years  42.3 · road 0.40 · starved   881 · nobles  -2.5 · read 31.2 · walls  7.4 · fell 90.8% (mother 31.8%) · prince 11.7% · king  7.2% · crowned  5.4% (median year 67) · 6.7s
try  2 · gen   87 · best    682.1 · elite    290.9 · median    -13.5 · years  44.5 · road 0.40 · starved   943 · nobles  -2.1 · read 29.4 · walls  7.9 · fell 91.1% (mother 28.9%) · prince 12.4% · king  7.0% · crowned  4.8% (median year 68) · 6.7s
try  3 · gen   87 · best    181.8 · elite    115.5 · median     21.2 · years  75.1 · road 0.49 · starved   826 · nobles -16.3 · read 85.2 · walls  7.7 · fell 51.5% (mother 18.9%) · prince  0.0% · king  0.0% · crowned  0.0% · 6.7s
try  4 · gen   87 · best    178.7 · elite    114.7 · median     21.3 · years  75.1 · road 0.48 · starved   860 · nobles -16.1 · read 68.7 · walls  7.7 · fell 53.6% (mother 21.4%) · prince  0.0% · king  0.0% · crowned  0.0% · 6.7s
try  5 · gen   87 · best    180.0 · elite    114.3 · median     28.1 · years  75.9 · road 0.48 · starved   765 · nobles -16.3 · read 93.2 · walls  8.0 · fell 51.7% (mother 19.0%) · prince  0.0% · king  0.0% · crowned  0.0% · 6.7s
try  6 · gen   87 · best    746.5 · elite    306.2 · median    -11.5 · years  42.4 · road 0.39 · starved   904 · nobles  -1.6 · read 33.9 · walls  7.3 · fell 91.3% (mother 29.6%) · prince 12.1% · king  7.4% · crowned  5.7% (median year 66) · 6.7s
try  7 · gen   87 · best    752.6 · elite    350.8 · median    -14.6 · years  42.6 · road 0.39 · starved   915 · nobles  -1.8 · read 43.1 · walls  7.4 · fell 90.1% (mother 23.8%) · prince 12.2% · king  8.5% · crowned  6.8% (median year 66) · 6.7s
try  8 · gen   87 · best    655.3 · elite    340.5 · median    -14.2 · years  40.5 · road 0.39 · starved   846 · nobles  -1.5 · read 24.8 · walls  6.7 · fell 90.4% (mother 23.4%) · prince 11.9% · king  8.4% · crowned  6.8% (median year 65) · 6.7s
try  1 · gen   88 · best    586.8 · elite    290.6 · median     -3.5 · years  42.1 · road 0.40 · starved   873 · nobles  -2.4 · read 28.2 · walls  7.5 · fell 91.3% (mother 29.3%) · prince 11.9% · king  7.7% · crowned  5.4% (median year 66) · 6.8s
try  2 · gen   88 · best    586.7 · elite    286.9 · median     -4.6 · years  44.8 · road 0.40 · starved   912 · nobles  -1.8 · read 27.8 · walls  7.9 · fell 91.1% (mother 27.9%) · prince 12.6% · king  7.4% · crowned  5.4% (median year 67) · 6.8s
try  3 · gen   88 · best    164.1 · elite    115.8 · median     24.5 · years  75.5 · road 0.49 · starved   859 · nobles -16.4 · read 81.3 · walls  7.8 · fell 51.7% (mother 20.0%) · prince  0.0% · king  0.0% · crowned  0.0% · 6.8s
try  4 · gen   88 · best    179.7 · elite    116.0 · median     21.5 · years  75.3 · road 0.47 · starved   802 · nobles -16.0 · read 67.7 · walls  7.6 · fell 53.2% (mother 19.5%) · prince  0.0% · king  0.0% · crowned  0.0% · 6.8s
try  5 · gen   88 · best    175.7 · elite    117.9 · median     26.2 · years  76.1 · road 0.48 · starved   809 · nobles -16.2 · read 87.9 · walls  8.0 · fell 51.6% (mother 19.3%) · prince  0.0% · king  0.0% · crowned  0.0% · 6.8s
try  6 · gen   88 · best    585.8 · elite    317.0 · median    -11.9 · years  43.0 · road 0.39 · starved   883 · nobles  -1.6 · read 34.8 · walls  7.4 · fell 91.4% (mother 28.4%) · prince 11.9% · king  7.3% · crowned  5.9% (median year 65) · 6.8s
try  7 · gen   88 · best    624.2 · elite    316.1 · median    -15.7 · years  42.6 · road 0.39 · starved   898 · nobles  -1.9 · read 43.4 · walls  7.3 · fell 90.3% (mother 24.5%) · prince 11.2% · king  7.9% · crowned  6.5% (median year 66) · 6.8s
try  8 · gen   88 · best    776.1 · elite    329.6 · median     -7.6 · years  40.3 · road 0.39 · starved   806 · nobles  -1.5 · read 22.4 · walls  6.4 · fell 90.3% (mother 22.8%) · prince 11.9% · king  8.5% · crowned  6.9% (median year 64) · 6.8s
try  1 · gen   89 · best    736.4 · elite    332.2 · median     -7.3 · years  41.4 · road 0.40 · starved   827 · nobles  -2.4 · read 25.2 · walls  7.3 · fell 90.8% (mother 28.9%) · prince 11.6% · king  7.5% · crowned  6.0% (median year 64) · 7.2s
try  2 · gen   89 · best    702.1 · elite    296.8 · median     -6.6 · years  45.0 · road 0.40 · starved   915 · nobles  -2.1 · read 27.5 · walls  7.9 · fell 91.0% (mother 29.4%) · prince 13.1% · king  7.3% · crowned  5.2% (median year 67) · 7.2s
try  3 · gen   89 · best    185.5 · elite    121.9 · median     27.3 · years  75.2 · road 0.49 · starved   805 · nobles -16.6 · read 81.5 · walls  7.7 · fell 52.3% (mother 19.5%) · prince  0.0% · king  0.0% · crowned  0.0% · 7.2s
try  4 · gen   89 · best    174.3 · elite    116.2 · median     24.6 · years  76.3 · road 0.48 · starved   825 · nobles -16.4 · read 65.2 · walls  7.7 · fell 52.2% (mother 20.5%) · prince  0.0% · king  0.0% · crowned  0.0% · 7.2s
try  5 · gen   89 · best    184.8 · elite    122.0 · median     26.5 · years  76.4 · road 0.48 · starved   799 · nobles -16.4 · read 87.9 · walls  8.0 · fell 52.1% (mother 19.5%) · prince  0.0% · king  0.0% · crowned  0.0% · 7.2s
try  6 · gen   89 · best    534.7 · elite    302.2 · median     -8.1 · years  42.6 · road 0.40 · starved   876 · nobles  -1.6 · read 31.9 · walls  7.3 · fell 91.2% (mother 27.6%) · prince 12.3% · king  7.4% · crowned  5.8% (median year 65) · 7.2s
try  7 · gen   89 · best    694.1 · elite    352.5 · median    -12.0 · years  42.3 · road 0.39 · starved   920 · nobles  -1.8 · read 41.9 · walls  7.1 · fell 90.3% (mother 25.1%) · prince 12.6% · king  8.6% · crowned  6.8% (median year 65) · 7.2s
try  8 · gen   89 · best    783.6 · elite    323.7 · median     -8.5 · years  39.8 · road 0.39 · starved   807 · nobles  -1.7 · read 22.7 · walls  6.4 · fell 90.8% (mother 22.6%) · prince 12.3% · king  8.5% · crowned  6.7% (median year 64) · 7.2s
try  1 · gen   90 · best    747.0 · elite    326.3 · median     -8.3 · years  41.6 · road 0.40 · starved   824 · nobles  -2.4 · read 28.3 · walls  7.3 · fell 91.2% (mother 29.2%) · prince 11.9% · king  7.7% · crowned  5.9% (median year 67) · 6.9s
try  2 · gen   90 · best    742.6 · elite    295.9 · median     -6.1 · years  45.1 · road 0.40 · starved   954 · nobles  -2.2 · read 26.9 · walls  7.8 · fell 90.3% (mother 27.4%) · prince 12.6% · king  7.2% · crowned  5.6% (median year 67) · 6.9s
try  3 · gen   90 · best    208.3 · elite    121.6 · median     24.1 · years  74.8 · road 0.49 · starved   838 · nobles -16.3 · read 78.5 · walls  7.6 · fell 52.0% (mother 18.1%) · prince  0.0% · king  0.0% · crowned  0.0% · 6.9s
try  4 · gen   90 · best    180.7 · elite    112.4 · median     22.6 · years  74.2 · road 0.47 · starved   721 · nobles -15.9 · read 60.3 · walls  7.7 · fell 53.6% (mother 18.8%) · prince  0.0% · king  0.0% · crowned  0.0% · 6.9s
try  5 · gen   90 · best    168.6 · elite    114.9 · median     26.0 · years  75.6 · road 0.48 · starved   730 · nobles -16.2 · read 83.4 · walls  8.0 · fell 52.6% (mother 17.9%) · prince  0.0% · king  0.0% · crowned  0.0% · 6.9s
try  6 · gen   90 · best    650.7 · elite    335.2 · median     -3.8 · years  42.5 · road 0.40 · starved   853 · nobles  -1.4 · read 30.1 · walls  7.2 · fell 90.7% (mother 26.7%) · prince 12.9% · king  7.8% · crowned  6.2% (median year 64) · 6.9s
try  7 · gen   90 · best    619.6 · elite    317.6 · median    -16.5 · years  42.3 · road 0.39 · starved   942 · nobles  -1.7 · read 41.8 · walls  7.1 · fell 90.0% (mother 24.1%) · prince 12.1% · king  8.5% · crowned  6.6% (median year 65) · 6.9s
try  8 · gen   90 · best    638.2 · elite    333.8 · median     -6.6 · years  40.6 · road 0.39 · starved   818 · nobles  -1.4 · read 20.8 · walls  6.5 · fell 90.1% (mother 21.9%) · prince 12.3% · king  8.3% · crowned  6.9% (median year 63) · 6.9s
try  1 · gen   91 · best    672.9 · elite    312.9 · median     -9.5 · years  41.1 · road 0.40 · starved   810 · nobles  -2.2 · read 24.9 · walls  7.2 · fell 91.5% (mother 28.0%) · prince 11.9% · king  7.7% · crowned  5.7% (median year 67) · 6.7s
try  2 · gen   91 · best    639.0 · elite    280.4 · median     -2.1 · years  45.5 · road 0.41 · starved   914 · nobles  -2.2 · read 27.7 · walls  7.9 · fell 90.2% (mother 29.0%) · prince 13.1% · king  7.3% · crowned  5.4% (median year 69) · 6.7s
try  3 · gen   91 · best    201.1 · elite    119.9 · median     25.7 · years  74.5 · road 0.49 · starved   844 · nobles -16.2 · read 76.3 · walls  7.7 · fell 53.2% (mother 19.0%) · prince  0.0% · king  0.0% · crowned  0.0% · 6.7s
try  4 · gen   91 · best    192.2 · elite    118.7 · median     28.3 · years  75.6 · road 0.48 · starved   771 · nobles -16.2 · read 59.2 · walls  7.7 · fell 52.2% (mother 19.7%) · prince  0.0% · king  0.0% · crowned  0.0% · 6.7s
try  5 · gen   91 · best    179.1 · elite    115.4 · median     26.3 · years  74.9 · road 0.48 · starved   738 · nobles -16.2 · read 84.3 · walls  8.0 · fell 52.9% (mother 18.4%) · prince  0.0% · king  0.0% · crowned  0.0% · 6.7s
try  6 · gen   91 · best    571.7 · elite    310.0 · median     -4.0 · years  42.4 · road 0.40 · starved   868 · nobles  -1.3 · read 28.8 · walls  7.2 · fell 91.0% (mother 28.3%) · prince 12.8% · king  7.7% · crowned  6.0% (median year 65) · 6.7s
try  7 · gen   91 · best    740.5 · elite    335.8 · median    -13.5 · years  42.5 · road 0.39 · starved   883 · nobles  -1.6 · read 39.0 · walls  7.0 · fell 89.5% (mother 22.8%) · prince 12.2% · king  8.6% · crowned  7.1% (median year 66) · 6.7s
try  8 · gen   91 · best    781.7 · elite    335.4 · median     -5.8 · years  40.5 · road 0.39 · starved   809 · nobles  -1.3 · read 19.1 · walls  6.4 · fell 90.2% (mother 20.5%) · prince 12.3% · king  8.7% · crowned  7.0% (median year 64) · 6.7s
try  1 · gen   92 · best    628.3 · elite    312.4 · median     -6.9 · years  41.4 · road 0.40 · starved   829 · nobles  -2.1 · read 26.1 · walls  7.2 · fell 91.4% (mother 28.1%) · prince 11.7% · king  7.8% · crowned  5.6% (median year 66) · 6.7s
try  2 · gen   92 · best    530.8 · elite    277.4 · median     -4.1 · years  44.6 · road 0.40 · starved   885 · nobles  -2.1 · read 25.9 · walls  7.8 · fell 90.5% (mother 27.9%) · prince 12.7% · king  7.4% · crowned  5.3% (median year 68) · 6.7s
try  3 · gen   92 · best    179.5 · elite    119.5 · median     31.9 · years  76.7 · road 0.49 · starved   760 · nobles -16.7 · read 75.9 · walls  7.7 · fell 49.0% (mother 16.7%) · prince  0.0% · king  0.0% · crowned  0.0% · 6.7s
try  4 · gen   92 · best    196.2 · elite    119.3 · median     27.3 · years  76.6 · road 0.48 · starved   770 · nobles -16.3 · read 59.2 · walls  7.7 · fell 50.1% (mother 17.8%) · prince  0.0% · king  0.0% · crowned  0.0% · 6.7s
try  5 · gen   92 · best    188.9 · elite    126.2 · median     30.2 · years  76.6 · road 0.48 · starved   763 · nobles -16.5 · read 81.4 · walls  8.0 · fell 51.3% (mother 18.5%) · prince  0.0% · king  0.0% · crowned  0.0% · 6.7s
try  6 · gen   92 · best    575.5 · elite    299.6 · median     -8.4 · years  42.4 · road 0.40 · starved   908 · nobles  -1.5 · read 27.8 · walls  7.1 · fell 91.3% (mother 27.0%) · prince 13.1% · king  7.3% · crowned  5.7% (median year 64) · 6.7s
try  7 · gen   92 · best    846.4 · elite    365.6 · median     -6.5 · years  42.6 · road 0.39 · starved   912 · nobles  -1.5 · read 39.9 · walls  7.0 · fell 89.0% (mother 21.2%) · prince 12.9% · king  9.1% · crowned  7.4% (median year 65) · 6.7s
try  8 · gen   92 · best    799.7 · elite    340.2 · median     -7.1 · years  40.1 · road 0.39 · starved   761 · nobles  -1.2 · read 19.9 · walls  6.4 · fell 89.8% (mother 21.5%) · prince 12.0% · king  8.6% · crowned  7.3% (median year 65) · 6.7s
try  1 · gen   93 · best    565.1 · elite    322.0 · median     -5.9 · years  40.8 · road 0.40 · starved   837 · nobles  -1.8 · read 24.1 · walls  7.2 · fell 91.1% (mother 27.3%) · prince 12.4% · king  8.2% · crowned  6.4% (median year 66) · 6.7s
try  2 · gen   93 · best    691.1 · elite    301.9 · median     -4.0 · years  45.2 · road 0.40 · starved   897 · nobles  -2.2 · read 25.9 · walls  7.7 · fell 90.1% (mother 25.9%) · prince 13.2% · king  7.4% · crowned  5.4% (median year 68) · 6.7s
try  3 · gen   93 · best    201.8 · elite    123.7 · median     29.6 · years  75.8 · road 0.49 · starved   804 · nobles -16.6 · read 74.0 · walls  7.8 · fell 51.8% (mother 18.5%) · prince  0.0% · king  0.0% · crowned  0.0% · 6.7s
try  4 · gen   93 · best    182.3 · elite    119.9 · median     25.4 · years  76.0 · road 0.48 · starved   804 · nobles -16.3 · read 56.5 · walls  7.8 · fell 52.1% (mother 18.2%) · prince  0.0% · king  0.0% · crowned  0.0% · 6.7s
try  5 · gen   93 · best    161.4 · elite    117.0 · median     28.4 · years  75.5 · road 0.48 · starved   716 · nobles -16.3 · read 80.2 · walls  8.0 · fell 53.0% (mother 17.8%) · prince  0.0% · king  0.0% · crowned  0.0% · 6.7s
try  6 · gen   93 · best    665.6 · elite    324.7 · median    -12.7 · years  42.1 · road 0.39 · starved   883 · nobles  -1.4 · read 27.8 · walls  6.9 · fell 91.4% (mother 25.4%) · prince 13.4% · king  7.5% · crowned  5.8% (median year 64) · 6.7s
try  7 · gen   93 · best    706.8 · elite    353.0 · median     -7.0 · years  42.6 · road 0.39 · starved   904 · nobles  -1.4 · read 36.7 · walls  6.8 · fell 89.3% (mother 21.6%) · prince 12.7% · king  9.1% · crowned  7.3% (median year 67) · 6.7s
try  8 · gen   93 · best    709.5 · elite    360.2 · median     -8.3 · years  39.2 · road 0.39 · starved   779 · nobles  -1.1 · read 19.4 · walls  6.2 · fell 90.7% (mother 23.1%) · prince 12.1% · king  8.5% · crowned  7.1% (median year 64) · 6.7s
try  1 · gen   94 · best    568.2 · elite    326.5 · median     -6.4 · years  41.3 · road 0.40 · starved   776 · nobles  -2.1 · read 23.1 · walls  7.2 · fell 90.5% (mother 24.8%) · prince 11.7% · king  8.1% · crowned  6.4% (median year 65) · 6.8s
try  2 · gen   94 · best    610.6 · elite    300.8 · median      1.3 · years  45.5 · road 0.41 · starved   869 · nobles  -2.4 · read 25.8 · walls  7.5 · fell 89.9% (mother 24.4%) · prince 13.4% · king  7.9% · crowned  5.7% (median year 67) · 6.8s
try  3 · gen   94 · best    174.9 · elite    121.1 · median     30.8 · years  76.6 · road 0.49 · starved   763 · nobles -16.6 · read 75.4 · walls  7.8 · fell 51.0% (mother 18.4%) · prince  0.0% · king  0.0% · crowned  0.0% · 6.8s
try  4 · gen   94 · best    176.4 · elite    120.6 · median     28.3 · years  75.6 · road 0.48 · starved   773 · nobles -16.2 · read 56.1 · walls  7.8 · fell 53.5% (mother 20.3%) · prince  0.0% · king  0.0% · crowned  0.0% · 6.8s
try  5 · gen   94 · best    203.4 · elite    121.6 · median     33.6 · years  75.7 · road 0.49 · starved   702 · nobles -16.3 · read 82.5 · walls  7.9 · fell 51.4% (mother 18.0%) · prince  0.0% · king  0.0% · crowned  0.0% · 6.8s
try  6 · gen   94 · best    743.7 · elite    314.1 · median    -12.7 · years  42.4 · road 0.40 · starved   876 · nobles  -1.8 · read 23.9 · walls  6.8 · fell 91.8% (mother 25.0%) · prince 13.1% · king  7.3% · crowned  5.3% (median year 64) · 6.8s
try  7 · gen   94 · best    812.8 · elite    343.0 · median    -12.2 · years  41.7 · road 0.39 · starved   885 · nobles  -1.4 · read 36.4 · walls  6.7 · fell 90.2% (mother 22.9%) · prince 12.4% · king  8.6% · crowned  6.9% (median year 64) · 6.8s
try  8 · gen   94 · best    682.7 · elite    354.1 · median     -2.0 · years  39.4 · road 0.39 · starved   755 · nobles  -1.2 · read 17.6 · walls  6.0 · fell 90.4% (mother 21.0%) · prince 12.4% · king  8.8% · crowned  7.4% (median year 63) · 6.8s
try  1 · gen   95 · best    592.3 · elite    339.3 · median     -0.4 · years  41.0 · road 0.40 · starved   802 · nobles  -2.0 · read 22.2 · walls  7.2 · fell 90.2% (mother 24.1%) · prince 12.5% · king  8.5% · crowned  6.6% (median year 64) · 6.7s
try  2 · gen   95 · best    628.7 · elite    312.8 · median     -4.8 · years  45.1 · road 0.40 · starved   856 · nobles  -2.1 · read 26.5 · walls  7.5 · fell 89.6% (mother 25.1%) · prince 13.2% · king  8.1% · crowned  5.9% (median year 67) · 6.7s
try  3 · gen   95 · best    199.4 · elite    124.6 · median     34.0 · years  76.7 · road 0.49 · starved   773 · nobles -16.7 · read 73.6 · walls  7.7 · fell 49.8% (mother 17.3%) · prince  0.0% · king  0.0% · crowned  0.0% · 6.7s
try  4 · gen   95 · best    178.6 · elite    117.7 · median     33.6 · years  77.4 · road 0.49 · starved   770 · nobles -16.7 · read 54.5 · walls  7.7 · fell 50.1% (mother 19.1%) · prince  0.0% · king  0.0% · crowned  0.0% · 6.7s
try  5 · gen   95 · best    185.5 · elite    122.9 · median     33.3 · years  76.1 · road 0.48 · starved   648 · nobles -16.3 · read 82.3 · walls  7.9 · fell 50.5% (mother 16.8%) · prince  0.0% · king  0.0% · crowned  0.0% · 6.7s
try  6 · gen   95 · best    720.4 · elite    301.9 · median    -11.6 · years  42.0 · road 0.39 · starved   861 · nobles  -1.5 · read 25.2 · walls  6.7 · fell 91.2% (mother 24.6%) · prince 12.8% · king  7.7% · crowned  5.8% (median year 65) · 6.7s
try  7 · gen   95 · best    625.8 · elite    325.6 · median     -6.5 · years  42.4 · road 0.39 · starved   894 · nobles  -1.2 · read 37.4 · walls  6.6 · fell 89.3% (mother 21.7%) · prince 12.7% · king  8.4% · crowned  7.1% (median year 67) · 6.7s
try  8 · gen   95 · best    760.9 · elite    351.2 · median     -5.6 · years  39.4 · road 0.39 · starved   814 · nobles  -1.2 · read 14.8 · walls  6.0 · fell 90.6% (mother 21.0%) · prince 12.6% · king  8.9% · crowned  7.1% (median year 64) · 6.7s
try  1 · gen   96 · best    613.7 · elite    314.6 · median     -3.1 · years  40.8 · road 0.40 · starved   811 · nobles  -2.2 · read 22.6 · walls  7.1 · fell 90.9% (mother 24.1%) · prince 12.2% · king  8.4% · crowned  6.2% (median year 64) · 6.8s
try  2 · gen   96 · best    722.1 · elite    307.5 · median     -4.2 · years  45.0 · road 0.40 · starved   839 · nobles  -1.8 · read 25.4 · walls  7.5 · fell 90.1% (mother 24.4%) · prince 12.8% · king  7.6% · crowned  5.7% (median year 68) · 6.8s
try  3 · gen   96 · best    175.4 · elite    122.7 · median     31.0 · years  75.7 · road 0.49 · starved   772 · nobles -16.6 · read 71.0 · walls  7.9 · fell 51.8% (mother 18.2%) · prince  0.0% · king  0.0% · crowned  0.0% · 6.8s
try  4 · gen   96 · best    181.7 · elite    118.6 · median     24.6 · years  75.2 · road 0.48 · starved   775 · nobles -16.3 · read 48.6 · walls  7.7 · fell 53.5% (mother 19.2%) · prince  0.0% · king  0.0% · crowned  0.0% · 6.8s
try  5 · gen   96 · best    188.1 · elite    120.9 · median     32.6 · years  76.4 · road 0.49 · starved   692 · nobles -16.6 · read 83.5 · walls  7.9 · fell 51.7% (mother 18.7%) · prince  0.0% · king  0.0% · crowned  0.0% · 6.8s
try  6 · gen   96 · best    663.6 · elite    321.7 · median    -10.1 · years  41.9 · road 0.39 · starved   856 · nobles  -1.6 · read 24.3 · walls  6.5 · fell 91.8% (mother 24.8%) · prince 12.9% · king  7.6% · crowned  5.8% (median year 63) · 6.8s
try  7 · gen   96 · best    786.9 · elite    331.0 · median    -15.4 · years  41.5 · road 0.39 · starved   894 · nobles  -1.5 · read 35.6 · walls  6.4 · fell 90.3% (mother 24.0%) · prince 12.0% · king  8.2% · crowned  6.5% (median year 64) · 6.8s
try  8 · gen   96 · best    778.9 · elite    394.9 · median     -6.0 · years  39.5 · road 0.38 · starved   758 · nobles  -0.8 · read 15.6 · walls  5.8 · fell 89.7% (mother 19.9%) · prince 13.1% · king  9.6% · crowned  7.8% (median year 63) · 6.8s
try  1 · gen   97 · best    724.4 · elite    334.7 · median     -5.0 · years  41.0 · road 0.40 · starved   790 · nobles  -1.9 · read 22.0 · walls  7.2 · fell 90.1% (mother 22.9%) · prince 12.5% · king  8.5% · crowned  6.5% (median year 64) · 6.7s
try  2 · gen   97 · best    636.7 · elite    316.5 · median      0.7 · years  45.1 · road 0.40 · starved   847 · nobles  -1.6 · read 23.1 · walls  7.4 · fell 89.5% (mother 25.1%) · prince 13.1% · king  8.0% · crowned  6.1% (median year 66) · 6.7s
try  3 · gen   97 · best    173.5 · elite    120.1 · median     31.5 · years  75.6 · road 0.49 · starved   797 · nobles -16.6 · read 70.3 · walls  7.9 · fell 52.8% (mother 20.9%) · prince  0.0% · king  0.0% · crowned  0.0% · 6.7s
try  4 · gen   97 · best    178.4 · elite    121.8 · median     30.2 · years  77.8 · road 0.49 · starved   799 · nobles -16.7 · read 49.9 · walls  7.6 · fell 49.8% (mother 17.0%) · prince  0.0% · king  0.0% · crowned  0.0% · 6.7s
try  5 · gen   97 · best    183.2 · elite    117.5 · median     33.4 · years  75.5 · road 0.49 · starved   684 · nobles -16.4 · read 80.1 · walls  8.0 · fell 52.2% (mother 18.5%) · prince  0.0% · king  0.0% · crowned  0.0% · 6.7s
try  6 · gen   97 · best    677.9 · elite    331.2 · median     -8.3 · years  41.6 · road 0.39 · starved   800 · nobles  -1.4 · read 22.7 · walls  6.2 · fell 90.8% (mother 24.2%) · prince 12.9% · king  7.8% · crowned  6.1% (median year 63) · 6.7s
try  7 · gen   97 · best    591.3 · elite    326.3 · median     -9.7 · years  41.8 · road 0.39 · starved   903 · nobles  -1.3 · read 36.5 · walls  6.4 · fell 89.8% (mother 22.6%) · prince 12.8% · king  8.5% · crowned  6.8% (median year 64) · 6.7s
try  8 · gen   97 · best    617.9 · elite    353.2 · median     -8.1 · years  39.0 · road 0.38 · starved   770 · nobles  -0.8 · read 14.2 · walls  5.7 · fell 90.5% (mother 20.5%) · prince 12.4% · king  8.6% · crowned  7.0% (median year 62) · 6.7s
try  1 · gen   98 · best    778.4 · elite    323.4 · median     -9.4 · years  40.3 · road 0.39 · starved   777 · nobles  -2.0 · read 20.9 · walls  7.0 · fell 90.5% (mother 24.3%) · prince 11.8% · king  8.4% · crowned  6.5% (median year 63) · 6.8s
try  2 · gen   98 · best    933.5 · elite    314.5 · median     -1.3 · years  44.6 · road 0.40 · starved   854 · nobles  -2.0 · read 23.2 · walls  7.2 · fell 90.2% (mother 26.6%) · prince 12.6% · king  7.7% · crowned  5.7% (median year 66) · 6.8s
try  3 · gen   98 · best    188.7 · elite    119.2 · median     33.1 · years  76.1 · road 0.50 · starved   772 · nobles -16.7 · read 74.2 · walls  7.9 · fell 51.9% (mother 19.6%) · prince  0.0% · king  0.0% · crowned  0.0% · 6.8s
try  4 · gen   98 · best    179.1 · elite    120.2 · median     30.2 · years  77.4 · road 0.49 · starved   764 · nobles -16.7 · read 46.6 · walls  7.7 · fell 50.1% (mother 17.8%) · prince  0.0% · king  0.0% · crowned  0.0% · 6.8s
try  5 · gen   98 · best    173.0 · elite    125.1 · median     35.2 · years  76.3 · road 0.49 · starved   671 · nobles -16.6 · read 77.7 · walls  8.0 · fell 51.5% (mother 18.8%) · prince  0.0% · king  0.0% · crowned  0.0% · 6.8s
try  6 · gen   98 · best    954.6 · elite    310.6 · median     -7.9 · years  40.9 · road 0.39 · starved   830 · nobles  -1.2 · read 20.2 · walls  6.0 · fell 91.8% (mother 24.2%) · prince 13.4% · king  7.6% · crowned  5.9% (median year 63) · 6.8s
try  7 · gen   98 · best    867.3 · elite    340.3 · median    -14.7 · years  41.4 · road 0.39 · starved   922 · nobles  -1.3 · read 34.9 · walls  6.4 · fell 89.8% (mother 22.1%) · prince 12.8% · king  8.7% · crowned  6.9% (median year 62) · 6.8s
try  8 · gen   98 · best    799.5 · elite    358.1 · median     -1.4 · years  39.2 · road 0.39 · starved   819 · nobles  -0.6 · read 13.0 · walls  5.6 · fell 89.8% (mother 19.8%) · prince 12.8% · king  9.2% · crowned  7.6% (median year 63) · 6.8s
try  1 · gen   99 · best    689.4 · elite    329.0 · median     -6.4 · years  40.6 · road 0.40 · starved   799 · nobles  -1.9 · read 19.5 · walls  6.9 · fell 90.1% (mother 23.9%) · prince 12.0% · king  8.4% · crowned  6.4% (median year 63) · 6.7s
try  2 · gen   99 · best    696.6 · elite    323.0 · median     -4.5 · years  44.4 · road 0.40 · starved   881 · nobles  -1.7 · read 22.2 · walls  7.2 · fell 89.8% (mother 25.5%) · prince 13.1% · king  7.8% · crowned  6.0% (median year 66) · 6.7s
try  3 · gen   99 · best    197.6 · elite    122.0 · median     32.7 · years  74.8 · road 0.49 · starved   699 · nobles -16.4 · read 73.3 · walls  7.9 · fell 52.2% (mother 18.2%) · prince  0.0% · king  0.0% · crowned  0.0% · 6.7s
try  4 · gen   99 · best    189.3 · elite    115.7 · median     32.1 · years  77.1 · road 0.49 · starved   725 · nobles -16.5 · read 45.4 · walls  7.7 · fell 49.3% (mother 16.9%) · prince  0.0% · king  0.0% · crowned  0.0% · 6.7s
try  5 · gen   99 · best    167.6 · elite    121.0 · median     35.1 · years  75.7 · road 0.49 · starved   676 · nobles -16.2 · read 77.8 · walls  7.9 · fell 52.2% (mother 18.5%) · prince  0.0% · king  0.0% · crowned  0.0% · 6.7s
try  6 · gen   99 · best    620.5 · elite    335.9 · median    -11.3 · years  40.6 · road 0.39 · starved   811 · nobles  -1.0 · read 20.8 · walls  5.4 · fell 91.4% (mother 23.9%) · prince 13.2% · king  8.0% · crowned  6.3% (median year 62) · 6.7s
try  7 · gen   99 · best    797.5 · elite    327.3 · median     -6.0 · years  41.4 · road 0.39 · starved   898 · nobles  -0.9 · read 34.3 · walls  5.9 · fell 89.7% (mother 21.8%) · prince 13.2% · king  8.8% · crowned  7.1% (median year 63) · 6.7s
try  8 · gen   99 · best    739.3 · elite    340.1 · median     -9.3 · years  39.3 · road 0.38 · starved   792 · nobles  -0.7 · read 12.6 · walls  5.4 · fell 90.7% (mother 19.1%) · prince 12.7% · king  8.6% · crowned  7.1% (median year 64) · 6.7s
try  1 · gen  100 · best    576.4 · elite    312.5 · median     -7.0 · years  40.1 · road 0.40 · starved   808 · nobles  -1.7 · read 19.8 · walls  6.9 · fell 90.6% (mother 26.3%) · prince 12.0% · king  8.4% · crowned  6.4% (median year 64) · 6.8s
try  2 · gen  100 · best    549.4 · elite    304.7 · median     -0.9 · years  44.5 · road 0.40 · starved   857 · nobles  -1.5 · read 21.6 · walls  7.1 · fell 90.1% (mother 25.5%) · prince 13.3% · king  7.9% · crowned  5.8% (median year 66) · 6.8s
try  3 · gen  100 · best    169.2 · elite    123.1 · median     37.5 · years  76.6 · road 0.50 · starved   680 · nobles -16.7 · read 75.4 · walls  7.9 · fell 50.7% (mother 18.2%) · prince  0.0% · king  0.0% · crowned  0.0% · 6.8s
try  4 · gen  100 · best    202.3 · elite    124.4 · median     35.7 · years  78.0 · road 0.49 · starved   749 · nobles -16.8 · read 46.3 · walls  7.7 · fell 48.4% (mother 17.1%) · prince  0.0% · king  0.0% · crowned  0.0% · 6.8s
try  5 · gen  100 · best    191.7 · elite    120.9 · median     31.3 · years  75.7 · road 0.49 · starved   733 · nobles -16.3 · read 74.3 · walls  8.0 · fell 51.7% (mother 17.0%) · prince  0.0% · king  0.0% · crowned  0.0% · 6.8s
try  6 · gen  100 · best    809.7 · elite    337.7 · median     -8.6 · years  40.4 · road 0.39 · starved   773 · nobles  -0.8 · read 17.9 · walls  5.1 · fell 91.6% (mother 23.0%) · prince 13.0% · king  7.8% · crowned  6.2% (median year 62) · 6.8s
try  7 · gen  100 · best    715.7 · elite    360.0 · median    -12.0 · years  40.8 · road 0.39 · starved   874 · nobles  -1.0 · read 33.9 · walls  5.7 · fell 89.8% (mother 20.6%) · prince 12.7% · king  9.0% · crowned  7.0% (median year 63) · 6.8s
try  8 · gen  100 · best    768.3 · elite    357.5 · median      3.3 · years  38.5 · road 0.38 · starved   725 · nobles  -0.1 · read 11.3 · walls  5.4 · fell 89.6% (mother 18.1%) · prince 12.6% · king  9.6% · crowned  8.1% (median year 63) · 6.8s
try  1 · gen  101 · best    737.4 · elite    332.9 · median     -6.4 · years  40.2 · road 0.39 · starved   786 · nobles  -1.6 · read 18.5 · walls  6.9 · fell 90.1% (mother 22.5%) · prince 11.6% · king  8.5% · crowned  6.5% (median year 64) · 6.8s
try  2 · gen  101 · best    726.5 · elite    307.1 · median      2.2 · years  44.3 · road 0.40 · starved   874 · nobles  -1.3 · read 19.3 · walls  7.0 · fell 89.9% (mother 25.9%) · prince 13.7% · king  8.1% · crowned  6.2% (median year 66) · 6.8s
try  3 · gen  101 · best    173.4 · elite    125.3 · median     40.2 · years  77.1 · road 0.50 · starved   712 · nobles -16.8 · read 78.1 · walls  7.9 · fell 50.3% (mother 18.2%) · prince  0.0% · king  0.0% · crowned  0.0% · 6.8s
try  4 · gen  101 · best    189.3 · elite    124.1 · median     36.9 · years  77.1 · road 0.49 · starved   711 · nobles -16.7 · read 43.7 · walls  7.8 · fell 49.9% (mother 18.1%) · prince  0.0% · king  0.0% · crowned  0.0% · 6.8s
try  5 · gen  101 · best    199.5 · elite    125.4 · median     39.0 · years  76.9 · road 0.49 · starved   665 · nobles -16.8 · read 76.6 · walls  8.0 · fell 51.2% (mother 18.7%) · prince  0.0% · king  0.0% · crowned  0.0% · 6.8s
try  6 · gen  101 · best    698.2 · elite    338.6 · median     -5.4 · years  40.1 · road 0.38 · starved   789 · nobles  -0.9 · read 17.2 · walls  4.8 · fell 91.1% (mother 22.6%) · prince 13.6% · king  8.0% · crowned  6.2% (median year 60) · 6.8s
try  7 · gen  101 · best    595.8 · elite    353.0 · median     -7.0 · years  41.2 · road 0.39 · starved   861 · nobles  -1.2 · read 33.9 · walls  5.8 · fell 89.8% (mother 21.8%) · prince 13.1% · king  9.1% · crowned  7.4% (median year 62) · 6.8s
try  8 · gen  101 · best    765.8 · elite    343.2 · median     -9.9 · years  38.3 · road 0.38 · starved   778 · nobles  -0.3 · read 10.4 · walls  5.2 · fell 90.5% (mother 19.2%) · prince 12.3% · king  8.5% · crowned  7.1% (median year 63) · 6.8s
try  1 · gen  102 · best    811.2 · elite    332.3 · median     -3.0 · years  40.5 · road 0.39 · starved   803 · nobles  -1.6 · read 18.1 · walls  7.0 · fell 89.8% (mother 23.1%) · prince 12.2% · king  8.6% · crowned  6.7% (median year 64) · 6.7s
try  2 · gen  102 · best    785.8 · elite    295.5 · median     -1.0 · years  44.2 · road 0.40 · starved   876 · nobles  -1.4 · read 18.7 · walls  6.9 · fell 89.9% (mother 25.2%) · prince 13.4% · king  7.9% · crowned  5.7% (median year 66) · 6.7s
try  3 · gen  102 · best    165.7 · elite    123.6 · median     39.1 · years  76.8 · road 0.49 · starved   682 · nobles -16.6 · read 74.1 · walls  7.9 · fell 49.2% (mother 16.5%) · prince  0.0% · king  0.0% · crowned  0.0% · 6.7s
try  4 · gen  102 · best    199.4 · elite    124.3 · median     34.5 · years  76.9 · road 0.49 · starved   719 · nobles -16.6 · read 40.6 · walls  7.9 · fell 51.3% (mother 18.0%) · prince  0.0% · king  0.0% · crowned  0.0% · 6.7s
try  5 · gen  102 · best    197.8 · elite    127.0 · median     33.8 · years  76.6 · road 0.49 · starved   698 · nobles -16.4 · read 75.0 · walls  7.9 · fell 50.0% (mother 17.4%) · prince  0.0% · king  0.0% · crowned  0.0% · 6.7s
try  6 · gen  102 · best    573.1 · elite    320.8 · median     -3.4 · years  40.1 · road 0.38 · starved   763 · nobles  -0.7 · read 16.1 · walls  4.7 · fell 91.1% (mother 22.8%) · prince 13.7% · king  7.9% · crowned  6.2% (median year 62) · 6.7s
try  7 · gen  102 · best    664.8 · elite    343.7 · median     -5.0 · years  40.9 · road 0.39 · starved   867 · nobles  -1.0 · read 32.5 · walls  5.4 · fell 89.3% (mother 21.4%) · prince 13.1% · king  8.8% · crowned  7.4% (median year 62) · 6.7s
try  8 · gen  102 · best    779.1 · elite    394.3 · median     -6.1 · years  39.1 · road 0.38 · starved   768 · nobles  -0.1 · read  9.0 · walls  5.3 · fell 89.8% (mother 19.0%) · prince 12.8% · king  9.3% · crowned  8.0% (median year 62) · 6.7s
try  1 · gen  103 · best    758.7 · elite    318.9 · median     -2.2 · years  40.4 · road 0.39 · starved   785 · nobles  -1.5 · read 16.8 · walls  6.8 · fell 89.8% (mother 22.5%) · prince 12.2% · king  8.8% · crowned  7.0% (median year 63) · 6.7s
try  2 · gen  103 · best    610.7 · elite    316.4 · median      3.2 · years  44.7 · road 0.40 · starved   860 · nobles  -1.3 · read 20.2 · walls  6.8 · fell 89.2% (mother 24.9%) · prince 13.7% · king  8.1% · crowned  6.2% (median year 65) · 6.7s
try  3 · gen  103 · best    185.1 · elite    122.1 · median     38.0 · years  76.4 · road 0.49 · starved   669 · nobles -16.4 · read 73.4 · walls  7.9 · fell 49.0% (mother 15.4%) · prince  0.0% · king  0.0% · crowned  0.0% · 6.7s
try  4 · gen  103 · best    180.6 · elite    122.5 · median     36.1 · years  77.3 · road 0.49 · starved   696 · nobles -16.8 · read 39.6 · walls  7.9 · fell 50.3% (mother 19.1%) · prince  0.0% · king  0.0% · crowned  0.0% · 6.7s
try  5 · gen  103 · best    179.1 · elite    125.9 · median     36.9 · years  76.8 · road 0.49 · starved   719 · nobles -16.6 · read 77.6 · walls  8.0 · fell 50.6% (mother 18.1%) · prince  0.0% · king  0.0% · crowned  0.0% · 6.7s
try  6 · gen  103 · best    763.3 · elite    353.3 · median     -9.3 · years  40.3 · road 0.38 · starved   803 · nobles  -0.9 · read 16.1 · walls  4.6 · fell 91.4% (mother 22.5%) · prince 13.9% · king  8.5% · crowned  6.5% (median year 60) · 6.7s
try  7 · gen  103 · best    589.3 · elite    332.4 · median     -4.1 · years  41.3 · road 0.39 · starved   889 · nobles  -1.1 · read 31.9 · walls  5.5 · fell 89.9% (mother 22.1%) · prince 13.1% · king  8.9% · crowned  7.2% (median year 62) · 6.7s
try  8 · gen  103 · best    820.6 · elite    389.2 · median      0.3 · years  39.4 · road 0.38 · starved   719 · nobles  -0.0 · read  8.2 · walls  5.2 · fell 89.3% (mother 17.8%) · prince 12.7% · king  9.4% · crowned  8.1% (median year 62) · 6.7s
try  1 · gen  104 · best    632.4 · elite    328.3 · median      2.4 · years  40.0 · road 0.39 · starved   771 · nobles  -1.2 · read 14.6 · walls  6.6 · fell 89.7% (mother 22.4%) · prince 12.4% · king  9.2% · crowned  7.3% (median year 63) · 6.7s
try  2 · gen  104 · best    592.8 · elite    309.5 · median      5.5 · years  45.0 · road 0.40 · starved   859 · nobles  -1.4 · read 19.7 · walls  6.9 · fell 89.3% (mother 25.3%) · prince 13.9% · king  8.5% · crowned  6.1% (median year 66) · 6.7s
try  3 · gen  104 · best    161.5 · elite    120.4 · median     37.6 · years  75.9 · road 0.50 · starved   637 · nobles -16.6 · read 74.7 · walls  8.0 · fell 51.3% (mother 16.9%) · prince  0.0% · king  0.0% · crowned  0.0% · 6.7s
try  4 · gen  104 · best    184.4 · elite    124.4 · median     37.8 · years  77.5 · road 0.50 · starved   711 · nobles -16.7 · read 38.5 · walls  7.9 · fell 49.5% (mother 18.2%) · prince  0.0% · king  0.0% · crowned  0.0% · 6.7s
try  5 · gen  104 · best    175.8 · elite    126.1 · median     35.2 · years  76.3 · road 0.49 · starved   666 · nobles -16.6 · read 76.7 · walls  8.0 · fell 50.9% (mother 17.3%) · prince  0.0% · king  0.0% · crowned  0.0% · 6.7s
try  6 · gen  104 · best    745.8 · elite    340.9 · median     -2.3 · years  40.1 · road 0.38 · starved   787 · nobles  -0.9 · read 16.7 · walls  4.4 · fell 91.0% (mother 21.9%) · prince 14.9% · king  8.8% · crowned  6.7% (median year 61) · 6.7s
try  7 · gen  104 · best    636.9 · elite    355.7 · median     -5.5 · years  40.9 · road 0.39 · starved   867 · nobles  -1.1 · read 31.4 · walls  5.5 · fell 89.9% (mother 20.4%) · prince 13.3% · king  9.5% · crowned  7.5% (median year 62) · 6.7s
try  8 · gen  104 · best    761.2 · elite    375.7 · median      3.3 · years  39.4 · road 0.38 · starved   724 · nobles  -0.0 · read  9.7 · walls  5.2 · fell 89.5% (mother 18.3%) · prince 13.3% · king  9.7% · crowned  8.2% (median year 63) · 6.7s
try  1 · gen  105 · best    735.3 · elite    347.1 · median     -5.3 · years  40.4 · road 0.39 · starved   772 · nobles  -1.4 · read 14.2 · walls  6.7 · fell 89.0% (mother 20.8%) · prince 12.5% · king  9.2% · crowned  7.4% (median year 62) · 6.7s
try  2 · gen  105 · best    577.1 · elite    319.0 · median      5.8 · years  45.0 · road 0.40 · starved   830 · nobles  -1.2 · read 18.5 · walls  6.8 · fell 88.9% (mother 23.1%) · prince 14.2% · king  8.5% · crowned  6.7% (median year 66) · 6.7s
try  3 · gen  105 · best    194.6 · elite    126.3 · median     40.3 · years  77.8 · road 0.50 · starved   690 · nobles -16.8 · read 74.2 · walls  8.0 · fell 49.2% (mother 17.6%) · prince  0.0% · king  0.0% · crowned  0.0% · 6.7s
try  4 · gen  105 · best    177.6 · elite    122.9 · median     34.0 · years  76.8 · road 0.49 · starved   698 · nobles -16.7 · read 36.6 · walls  7.9 · fell 50.7% (mother 17.8%) · prince  0.0% · king  0.0% · crowned  0.0% · 6.7s
try  5 · gen  105 · best    195.6 · elite    125.5 · median     34.0 · years  77.0 · road 0.49 · starved   687 · nobles -16.5 · read 77.6 · walls  8.0 · fell 49.6% (mother 17.4%) · prince  0.0% · king  0.0% · crowned  0.0% · 6.7s
try  6 · gen  105 · best    600.3 · elite    322.5 · median     -5.2 · years  39.4 · road 0.38 · starved   762 · nobles  -0.9 · read 14.8 · walls  4.0 · fell 91.0% (mother 21.5%) · prince 14.1% · king  8.4% · crowned  6.6% (median year 61) · 6.7s
try  7 · gen  105 · best    781.7 · elite    349.1 · median     -1.3 · years  41.2 · road 0.39 · starved   866 · nobles  -1.0 · read 29.7 · walls  5.0 · fell 89.2% (mother 21.1%) · prince 13.7% · king  9.4% · crowned  7.5% (median year 62) · 6.7s
try  8 · gen  105 · best    590.7 · elite    382.8 · median     -0.5 · years  40.0 · road 0.38 · starved   748 · nobles  -0.1 · read  8.1 · walls  5.3 · fell 88.9% (mother 18.4%) · prince 13.2% · king  9.5% · crowned  7.9% (median year 62) · 6.7s
try  1 · gen  106 · best    771.4 · elite    363.0 · median     -2.3 · years  40.2 · road 0.39 · starved   776 · nobles  -1.3 · read 12.8 · walls  6.4 · fell 89.1% (mother 20.1%) · prince 12.7% · king  9.1% · crowned  7.4% (median year 64) · 6.9s
try  2 · gen  106 · best    745.1 · elite    326.5 · median     -0.7 · years  45.2 · road 0.40 · starved   846 · nobles  -1.8 · read 17.3 · walls  6.8 · fell 89.1% (mother 23.2%) · prince 13.8% · king  8.5% · crowned  6.2% (median year 65) · 6.9s
try  3 · gen  106 · best    209.4 · elite    123.0 · median     40.3 · years  77.2 · road 0.50 · starved   648 · nobles -16.7 · read 70.2 · walls  8.0 · fell 48.9% (mother 15.5%) · prince  0.0% · king  0.0% · crowned  0.0% · 6.9s
try  4 · gen  106 · best    174.7 · elite    128.6 · median     39.4 · years  78.4 · road 0.50 · starved   692 · nobles -16.8 · read 39.5 · walls  7.9 · fell 47.6% (mother 17.0%) · prince  0.0% · king  0.0% · crowned  0.0% · 6.9s
try  5 · gen  106 · best    202.3 · elite    126.1 · median     38.0 · years  78.0 · road 0.50 · starved   639 · nobles -16.8 · read 74.8 · walls  8.0 · fell 47.5% (mother 15.1%) · prince  0.0% · king  0.0% · crowned  0.0% · 6.9s
try  6 · gen  106 · best    687.8 · elite    340.2 · median     -4.7 · years  40.1 · road 0.38 · starved   739 · nobles  -1.2 · read 13.9 · walls  3.8 · fell 90.4% (mother 21.3%) · prince 14.1% · king  8.5% · crowned  6.5% (median year 60) · 6.9s
try  7 · gen  106 · best    824.1 · elite    376.9 · median     -6.6 · years  40.7 · road 0.39 · starved   851 · nobles  -0.9 · read 28.1 · walls  5.0 · fell 89.3% (mother 19.8%) · prince 14.1% · king  9.6% · crowned  7.7% (median year 62) · 6.9s
try  8 · gen  106 · best    715.2 · elite    364.8 · median      0.4 · years  39.1 · road 0.38 · starved   718 · nobles  -0.3 · read  6.9 · walls  5.1 · fell 89.7% (mother 18.5%) · prince 12.8% · king  9.3% · crowned  7.8% (median year 61) · 6.9s
try  1 · gen  107 · best    828.4 · elite    376.9 · median      1.3 · years  40.2 · road 0.39 · starved   741 · nobles  -1.1 · read 13.3 · walls  6.4 · fell 89.0% (mother 19.3%) · prince 12.9% · king  9.4% · crowned  7.7% (median year 60) · 6.7s
try  2 · gen  107 · best    681.5 · elite    319.0 · median      4.4 · years  46.3 · road 0.41 · starved   879 · nobles  -1.6 · read 17.8 · walls  6.9 · fell 88.9% (mother 23.4%) · prince 14.4% · king  8.4% · crowned  6.1% (median year 67) · 6.7s
try  3 · gen  107 · best    178.8 · elite    125.2 · median     37.9 · years  77.2 · road 0.50 · starved   646 · nobles -16.6 · read 68.4 · walls  7.9 · fell 48.5% (mother 14.9%) · prince  0.0% · king  0.0% · crowned  0.0% · 6.7s
try  4 · gen  107 · best    192.0 · elite    125.5 · median     39.8 · years  77.7 · road 0.50 · starved   684 · nobles -16.7 · read 39.8 · walls  7.9 · fell 48.1% (mother 17.5%) · prince  0.0% · king  0.0% · crowned  0.0% · 6.7s
try  5 · gen  107 · best    205.3 · elite    125.6 · median     39.0 · years  77.0 · road 0.50 · starved   624 · nobles -16.7 · read 71.3 · walls  8.0 · fell 49.5% (mother 16.5%) · prince  0.0% · king  0.0% · crowned  0.0% · 6.7s
try  6 · gen  107 · best    779.7 · elite    318.4 · median      4.2 · years  40.0 · road 0.38 · starved   771 · nobles  -0.8 · read 13.5 · walls  3.7 · fell 90.6% (mother 20.1%) · prince 14.6% · king  8.6% · crowned  6.3% (median year 61) · 6.7s
try  7 · gen  107 · best    630.0 · elite    363.8 · median     -6.6 · years  40.8 · road 0.39 · starved   907 · nobles  -0.7 · read 26.1 · walls  4.6 · fell 89.7% (mother 20.1%) · prince 14.3% · king  9.4% · crowned  7.5% (median year 62) · 6.7s
try  8 · gen  107 · best    723.9 · elite    395.9 · median      3.1 · years  39.7 · road 0.38 · starved   722 · nobles  +0.3 · read  6.8 · walls  5.1 · fell 88.8% (mother 17.1%) · prince 13.3% · king  9.6% · crowned  8.2% (median year 62) · 6.7s
try  1 · gen  108 · best    628.6 · elite    316.1 · median      0.3 · years  40.2 · road 0.39 · starved   775 · nobles  -1.2 · read 12.1 · walls  6.1 · fell 89.1% (mother 22.1%) · prince 12.1% · king  8.7% · crowned  6.9% (median year 62) · 6.7s
try  2 · gen  108 · best    578.6 · elite    295.4 · median     -0.5 · years  45.7 · road 0.41 · starved   887 · nobles  -1.4 · read 15.6 · walls  6.9 · fell 89.6% (mother 23.7%) · prince 13.7% · king  8.0% · crowned  5.9% (median year 66) · 6.7s
try  3 · gen  108 · best    165.6 · elite    124.4 · median     40.9 · years  77.2 · road 0.50 · starved   681 · nobles -16.8 · read 65.7 · walls  8.0 · fell 49.5% (mother 16.2%) · prince  0.0% · king  0.0% · crowned  0.0% · 6.7s
try  4 · gen  108 · best    172.2 · elite    126.1 · median     42.8 · years  78.8 · road 0.50 · starved   696 · nobles -16.9 · read 39.7 · walls  7.9 · fell 47.9% (mother 17.3%) · prince  0.0% · king  0.0% · crowned  0.0% · 6.7s
try  5 · gen  108 · best    199.0 · elite    123.9 · median     38.4 · years  76.9 · road 0.50 · starved   629 · nobles -16.8 · read 67.2 · walls  8.0 · fell 50.2% (mother 18.0%) · prince  0.0% · king  0.0% · crowned  0.0% · 6.7s
try  6 · gen  108 · best    595.8 · elite    334.5 · median     -2.0 · years  39.5 · road 0.38 · starved   746 · nobles  -0.9 · read 12.3 · walls  3.5 · fell 91.1% (mother 21.1%) · prince 14.1% · king  8.7% · crowned  6.3% (median year 60) · 6.7s
try  7 · gen  108 · best    658.2 · elite    381.2 · median      0.6 · years  40.7 · road 0.38 · starved   866 · nobles  -0.8 · read 24.3 · walls  4.5 · fell 89.3% (mother 20.6%) · prince 14.3% · king  9.7% · crowned  8.0% (median year 61) · 6.7s
try  8 · gen  108 · best    778.5 · elite    385.4 · median      4.8 · years  39.6 · road 0.38 · starved   734 · nobles  +0.1 · read  7.2 · walls  4.9 · fell 89.2% (mother 18.8%) · prince 14.2% · king  9.9% · crowned  8.1% (median year 62) · 6.7s
try  1 · gen  109 · best    699.0 · elite    339.6 · median     -5.0 · years  40.3 · road 0.39 · starved   770 · nobles  -1.2 · read 12.1 · walls  6.1 · fell 89.7% (mother 20.9%) · prince 12.3% · king  8.7% · crowned  7.2% (median year 63) · 6.7s
try  2 · gen  109 · best    590.3 · elite    317.5 · median      6.9 · years  46.5 · road 0.41 · starved   888 · nobles  -1.7 · read 13.1 · walls  6.9 · fell 88.6% (mother 25.0%) · prince 14.6% · king  8.8% · crowned  6.4% (median year 67) · 6.7s
try  3 · gen  109 · best    177.7 · elite    128.4 · median     41.5 · years  77.7 · road 0.50 · starved   669 · nobles -16.9 · read 64.8 · walls  7.9 · fell 48.6% (mother 16.0%) · prince  0.0% · king  0.0% · crowned  0.0% · 6.7s
try  4 · gen  109 · best    178.6 · elite    124.6 · median     40.0 · years  77.6 · road 0.50 · starved   701 · nobles -16.8 · read 34.9 · walls  8.0 · fell 50.5% (mother 19.3%) · prince  0.0% · king  0.0% · crowned  0.0% · 6.7s
try  5 · gen  109 · best    193.6 · elite    127.4 · median     40.3 · years  78.0 · road 0.50 · starved   627 · nobles -16.9 · read 69.7 · walls  8.0 · fell 48.3% (mother 17.0%) · prince  0.0% · king  0.0% · crowned  0.0% · 6.7s
try  6 · gen  109 · best    603.9 · elite    345.0 · median      2.0 · years  39.0 · road 0.37 · starved   732 · nobles  -0.3 · read 10.3 · walls  3.1 · fell 90.5% (mother 20.6%) · prince 14.8% · king  9.2% · crowned  7.0% (median year 60) · 6.7s
try  7 · gen  109 · best    721.5 · elite    376.2 · median     -4.5 · years  40.6 · road 0.38 · starved   845 · nobles  -0.8 · read 23.2 · walls  4.3 · fell 89.3% (mother 20.0%) · prince 14.0% · king  9.4% · crowned  7.6% (median year 61) · 6.7s
try  8 · gen  109 · best    752.0 · elite    388.1 · median      3.4 · years  39.3 · road 0.38 · starved   729 · nobles  -0.2 · read  6.0 · walls  4.8 · fell 88.9% (mother 17.6%) · prince 13.6% · king  9.9% · crowned  8.1% (median year 61) · 6.7s
try  1 · gen  110 · best    609.8 · elite    353.3 · median     -4.6 · years  40.3 · road 0.39 · starved   766 · nobles  -1.0 · read 11.3 · walls  5.9 · fell 89.2% (mother 20.9%) · prince 12.1% · king  8.8% · crowned  7.2% (median year 64) · 6.8s
try  2 · gen  110 · best    791.4 · elite    362.0 · median      9.3 · years  47.0 · road 0.41 · starved   900 · nobles  -1.7 · read 12.4 · walls  6.9 · fell 87.7% (mother 23.5%) · prince 15.3% · king  9.0% · crowned  7.0% (median year 67) · 6.8s
try  3 · gen  110 · best    182.4 · elite    130.6 · median     44.0 · years  79.0 · road 0.51 · starved   668 · nobles -17.0 · read 64.2 · walls  8.0 · fell 46.8% (mother 16.2%) · prince  0.0% · king  0.0% · crowned  0.0% · 6.8s
try  4 · gen  110 · best    163.2 · elite    124.2 · median     36.2 · years  77.4 · road 0.50 · starved   654 · nobles -16.7 · read 37.1 · walls  8.0 · fell 49.3% (mother 16.6%) · prince  0.0% · king  0.0% · crowned  0.0% · 6.8s
try  5 · gen  110 · best    186.8 · elite    127.3 · median     46.5 · years  78.6 · road 0.50 · starved   632 · nobles -16.9 · read 67.7 · walls  8.0 · fell 47.7% (mother 17.0%) · prince  0.0% · king  0.0% · crowned  0.0% · 6.8s
try  6 · gen  110 · best    813.6 · elite    369.9 · median     -2.4 · years  39.0 · road 0.38 · starved   731 · nobles  -0.6 · read  9.2 · walls  3.2 · fell 90.8% (mother 20.5%) · prince 14.6% · king  9.3% · crowned  7.2% (median year 59) · 6.8s
try  7 · gen  110 · best    773.7 · elite    331.6 · median     -6.0 · years  40.7 · road 0.38 · starved   885 · nobles  -1.0 · read 22.0 · walls  4.2 · fell 89.6% (mother 22.6%) · prince 13.5% · king  8.9% · crowned  7.2% (median year 61) · 6.8s
try  8 · gen  110 · best    635.1 · elite    399.5 · median     -0.5 · years  39.4 · road 0.38 · starved   731 · nobles  -0.0 · read  5.7 · walls  4.7 · fell 88.8% (mother 17.2%) · prince 14.4% · king 10.2% · crowned  8.4% (median year 60) · 6.8s
try  1 · gen  111 · best    819.5 · elite    343.2 · median     -0.8 · years  40.0 · road 0.39 · starved   755 · nobles  -1.0 · read 10.2 · walls  5.8 · fell 89.1% (mother 21.2%) · prince 12.3% · king  9.2% · crowned  7.4% (median year 63) · 6.7s
try  2 · gen  111 · best    659.6 · elite    318.4 · median      7.8 · years  46.9 · road 0.41 · starved   877 · nobles  -1.7 · read 12.6 · walls  6.9 · fell 88.5% (mother 24.7%) · prince 14.8% · king  8.4% · crowned  6.3% (median year 67) · 6.7s
try  3 · gen  111 · best    197.1 · elite    128.3 · median     41.2 · years  77.5 · road 0.50 · starved   627 · nobles -16.7 · read 64.1 · walls  7.9 · fell 48.4% (mother 15.2%) · prince  0.0% · king  0.0% · crowned  0.0% · 6.7s
try  4 · gen  111 · best    178.4 · elite    128.9 · median     39.0 · years  78.8 · road 0.50 · starved   660 · nobles -16.9 · read 32.0 · walls  8.0 · fell 47.6% (mother 16.5%) · prince  0.0% · king  0.0% · crowned  0.0% · 6.7s
try  5 · gen  111 · best    177.2 · elite    129.7 · median     39.4 · years  77.2 · road 0.50 · starved   597 · nobles -16.6 · read 62.5 · walls  8.0 · fell 49.6% (mother 15.7%) · prince  0.0% · king  0.0% · crowned  0.0% · 6.7s
try  6 · gen  111 · best    590.0 · elite    334.9 · median      0.5 · years  38.5 · road 0.37 · starved   727 · nobles  -0.4 · read  8.6 · walls  2.9 · fell 91.0% (mother 19.9%) · prince 14.2% · king  8.8% · crowned  6.7% (median year 58) · 6.7s
try  7 · gen  111 · best    707.9 · elite    364.1 · median     -1.2 · years  40.3 · road 0.38 · starved   854 · nobles  -0.4 · read 22.6 · walls  4.1 · fell 89.5% (mother 21.4%) · prince 13.8% · king  9.3% · crowned  7.9% (median year 62) · 6.7s
try  8 · gen  111 · best    798.4 · elite    397.9 · median      6.4 · years  39.2 · road 0.38 · starved   720 · nobles  -0.1 · read  6.0 · walls  4.6 · fell 88.8% (mother 18.0%) · prince 14.4% · king 10.2% · crowned  8.5% (median year 61) · 6.7s
try  1 · gen  112 · best    750.0 · elite    323.8 · median     -2.4 · years  39.5 · road 0.39 · starved   769 · nobles  -0.8 · read  9.0 · walls  5.7 · fell 89.6% (mother 22.2%) · prince 12.2% · king  8.8% · crowned  6.8% (median year 62) · 6.8s
try  2 · gen  112 · best    740.8 · elite    323.4 · median      2.7 · years  46.5 · road 0.41 · starved   882 · nobles  -1.7 · read 10.8 · walls  6.8 · fell 88.4% (mother 25.1%) · prince 14.6% · king  8.4% · crowned  6.3% (median year 66) · 6.8s
try  3 · gen  112 · best    180.2 · elite    128.9 · median     45.3 · years  78.1 · road 0.51 · starved   649 · nobles -16.9 · read 61.4 · walls  7.9 · fell 47.7% (mother 16.6%) · prince  0.0% · king  0.0% · crowned  0.0% · 6.8s
try  4 · gen  112 · best    180.1 · elite    125.1 · median     42.4 · years  78.4 · road 0.50 · starved   657 · nobles -16.8 · read 31.6 · walls  8.0 · fell 47.6% (mother 17.3%) · prince  0.0% · king  0.0% · crowned  0.0% · 6.8s
try  5 · gen  112 · best    196.0 · elite    126.8 · median     41.3 · years  77.3 · road 0.50 · starved   585 · nobles -16.7 · read 61.1 · walls  8.0 · fell 48.3% (mother 15.5%) · prince  0.0% · king  0.0% · crowned  0.0% · 6.8s
try  6 · gen  112 · best    787.7 · elite    380.7 · median     -1.8 · years  38.7 · road 0.37 · starved   703 · nobles  -0.4 · read  9.7 · walls  3.1 · fell 90.4% (mother 20.1%) · prince 14.4% · king  9.1% · crowned  7.3% (median year 58) · 6.8s
try  7 · gen  112 · best    816.6 · elite    369.7 · median     -5.8 · years  40.7 · road 0.39 · starved   882 · nobles  -0.6 · read 20.9 · walls  4.1 · fell 89.7% (mother 21.7%) · prince 14.3% · king  9.3% · crowned  7.4% (median year 62) · 6.8s
try  8 · gen  112 · best    690.3 · elite    391.7 · median     12.4 · years  40.1 · road 0.38 · starved   725 · nobles  -0.2 · read  6.3 · walls  4.7 · fell 88.4% (mother 16.3%) · prince 14.4% · king 10.4% · crowned  8.7% (median year 62) · 6.8s
try  1 · gen  113 · best    792.9 · elite    336.8 · median      1.5 · years  40.3 · road 0.39 · starved   760 · nobles  -0.6 · read  9.3 · walls  5.9 · fell 88.9% (mother 20.6%) · prince 13.0% · king  9.3% · crowned  7.5% (median year 62) · 6.7s
try  2 · gen  113 · best    602.1 · elite    321.9 · median      2.6 · years  47.7 · road 0.41 · starved   933 · nobles  -2.0 · read 11.2 · walls  6.8 · fell 88.5% (mother 26.7%) · prince 14.6% · king  8.3% · crowned  6.1% (median year 70) · 6.7s
try  3 · gen  113 · best    174.1 · elite    131.1 · median     44.1 · years  78.5 · road 0.51 · starved   636 · nobles -17.0 · read 61.3 · walls  7.9 · fell 47.8% (mother 17.3%) · prince  0.0% · king  0.0% · crowned  0.0% · 6.7s
try  4 · gen  113 · best    175.0 · elite    128.5 · median     42.7 · years  79.1 · road 0.51 · starved   643 · nobles -17.0 · read 32.7 · walls  8.0 · fell 46.7% (mother 17.4%) · prince  0.0% · king  0.0% · crowned  0.0% · 6.7s
try  5 · gen  113 · best    196.3 · elite    130.3 · median     43.7 · years  78.5 · road 0.50 · starved   614 · nobles -16.9 · read 63.5 · walls  8.0 · fell 46.9% (mother 16.1%) · prince  0.0% · king  0.0% · crowned  0.0% · 6.7s
try  6 · gen  113 · best    734.4 · elite    358.8 · median     -5.7 · years  39.0 · road 0.37 · starved   765 · nobles  -0.6 · read  8.3 · walls  3.0 · fell 91.0% (mother 21.3%) · prince 14.4% · king  8.8% · crowned  6.8% (median year 59) · 6.7s
try  7 · gen  113 · best    728.1 · elite    371.8 · median     -6.0 · years  40.5 · road 0.38 · starved   898 · nobles  -0.6 · read 20.3 · walls  4.0 · fell 89.5% (mother 20.6%) · prince 13.9% · king  9.2% · crowned  7.9% (median year 61) · 6.7s
try  8 · gen  113 · best    743.6 · elite    385.5 · median     15.7 · years  40.0 · road 0.38 · starved   749 · nobles  -0.1 · read  6.1 · walls  4.4 · fell 88.6% (mother 16.9%) · prince 15.0% · king 11.3% · crowned  8.8% (median year 60) · 6.7s
try  1 · gen  114 · best    787.0 · elite    346.4 · median     -1.2 · years  40.4 · road 0.39 · starved   758 · nobles  -0.9 · read  8.9 · walls  5.9 · fell 89.1% (mother 21.5%) · prince 12.8% · king  8.8% · crowned  6.9% (median year 62) · 6.8s
try  2 · gen  114 · best    617.1 · elite    334.1 · median      7.3 · years  47.5 · road 0.42 · starved   914 · nobles  -1.7 · read 12.0 · walls  6.8 · fell 88.1% (mother 26.2%) · prince 15.4% · king  8.9% · crowned  6.4% (median year 68) · 6.8s
try  3 · gen  114 · best    189.3 · elite    128.4 · median     45.6 · years  77.8 · road 0.51 · starved   606 · nobles -16.8 · read 57.9 · walls  8.0 · fell 48.2% (mother 17.8%) · prince  0.0% · king  0.0% · crowned  0.0% · 6.8s
try  4 · gen  114 · best    191.4 · elite    123.4 · median     40.5 · years  79.4 · road 0.50 · starved   664 · nobles -17.1 · read 31.2 · walls  8.0 · fell 46.5% (mother 17.2%) · prince  0.0% · king  0.0% · crowned  0.0% · 6.8s
try  5 · gen  114 · best    186.4 · elite    129.0 · median     41.7 · years  77.1 · road 0.50 · starved   593 · nobles -16.7 · read 58.7 · walls  8.1 · fell 49.5% (mother 16.5%) · prince  0.0% · king  0.0% · crowned  0.0% · 6.8s
try  6 · gen  114 · best    596.9 · elite    365.6 · median     -1.4 · years  38.8 · road 0.37 · starved   761 · nobles  -0.4 · read  8.2 · walls  2.9 · fell 90.7% (mother 20.5%) · prince 15.4% · king  9.5% · crowned  7.3% (median year 60) · 6.8s
try  7 · gen  114 · best    830.5 · elite    354.3 · median     -2.5 · years  40.9 · road 0.39 · starved   899 · nobles  -0.7 · read 19.1 · walls  4.3 · fell 89.9% (mother 21.3%) · prince 13.9% · king  9.1% · crowned  7.3% (median year 61) · 6.8s
try  8 · gen  114 · best    789.8 · elite    400.7 · median      1.9 · years  39.2 · road 0.38 · starved   746 · nobles  -0.1 · read  6.2 · walls  4.5 · fell 89.0% (mother 18.9%) · prince 14.3% · king 10.4% · crowned  8.4% (median year 61) · 6.8s
try  1 · gen  115 · best    778.7 · elite    344.4 · median     -3.5 · years  40.4 · road 0.39 · starved   813 · nobles  -1.0 · read  8.7 · walls  5.9 · fell 89.0% (mother 23.1%) · prince 12.8% · king  8.7% · crowned  6.8% (median year 61) · 6.8s
try  2 · gen  115 · best    587.2 · elite    319.2 · median      9.2 · years  48.5 · road 0.42 · starved   949 · nobles  -2.0 · read 12.3 · walls  6.9 · fell 87.8% (mother 27.1%) · prince 15.9% · king  8.8% · crowned  6.4% (median year 68) · 6.8s
try  3 · gen  115 · best    212.3 · elite    131.0 · median     43.9 · years  77.9 · road 0.51 · starved   649 · nobles -16.8 · read 58.7 · walls  7.9 · fell 48.0% (mother 17.1%) · prince  0.0% · king  0.0% · crowned  0.0% · 6.8s
try  4 · gen  115 · best    178.1 · elite    123.5 · median     43.2 · years  79.4 · road 0.50 · starved   681 · nobles -17.0 · read 29.0 · walls  8.0 · fell 46.0% (mother 16.6%) · prince  0.0% · king  0.0% · crowned  0.0% · 6.8s
try  5 · gen  115 · best    185.5 · elite    133.0 · median     45.6 · years  78.4 · road 0.51 · starved   605 · nobles -17.0 · read 58.2 · walls  8.1 · fell 47.4% (mother 17.0%) · prince  0.0% · king  0.0% · crowned  0.0% · 6.8s
try  6 · gen  115 · best    789.3 · elite    359.7 · median      3.5 · years  39.4 · road 0.38 · starved   753 · nobles  -0.4 · read  7.6 · walls  3.0 · fell 90.1% (mother 19.5%) · prince 15.5% · king  9.7% · crowned  7.0% (median year 59) · 6.8s
try  7 · gen  115 · best    625.1 · elite    366.2 · median      8.9 · years  41.4 · road 0.39 · starved   880 · nobles  -0.1 · read 19.0 · walls  4.2 · fell 89.0% (mother 19.9%) · prince 15.1% · king 10.4% · crowned  8.2% (median year 62) · 6.8s
try  8 · gen  115 · best    872.6 · elite    425.9 · median      8.8 · years  39.7 · road 0.38 · starved   737 · nobles  +0.1 · read  5.3 · walls  4.6 · fell 87.7% (mother 16.7%) · prince 15.1% · king 11.4% · crowned  9.1% (median year 61) · 6.8s
try  1 · gen  116 · best    745.2 · elite    342.6 · median     -2.3 · years  41.2 · road 0.40 · starved   791 · nobles  -1.0 · read  8.1 · walls  6.1 · fell 89.2% (mother 22.8%) · prince 12.4% · king  8.3% · crowned  6.7% (median year 63) · 6.7s
try  2 · gen  116 · best    568.1 · elite    281.5 · median      8.1 · years  48.5 · road 0.42 · starved   961 · nobles  -2.2 · read 10.4 · walls  6.8 · fell 88.6% (mother 28.2%) · prince 15.2% · king  8.7% · crowned  5.9% (median year 71) · 6.7s
try  3 · gen  116 · best    205.0 · elite    130.9 · median     41.0 · years  77.2 · road 0.50 · starved   699 · nobles -16.6 · read 61.0 · walls  7.9 · fell 48.7% (mother 16.2%) · prince  0.0% · king  0.0% · crowned  0.0% · 6.7s
try  4 · gen  116 · best    166.4 · elite    127.2 · median     44.7 · years  79.3 · road 0.50 · starved   614 · nobles -17.0 · read 31.9 · walls  8.0 · fell 46.0% (mother 17.8%) · prince  0.0% · king  0.0% · crowned  0.0% · 6.7s
try  5 · gen  116 · best    181.6 · elite    133.2 · median     46.5 · years  78.3 · road 0.51 · starved   590 · nobles -16.9 · read 56.7 · walls  8.1 · fell 46.8% (mother 15.8%) · prince  0.0% · king  0.0% · crowned  0.0% · 6.7s
try  6 · gen  116 · best    623.4 · elite    353.9 · median      0.4 · years  39.4 · road 0.38 · starved   783 · nobles  -0.7 · read  7.2 · walls  3.0 · fell 90.7% (mother 20.0%) · prince 15.5% · king  9.6% · crowned  6.9% (median year 60) · 6.7s
try  7 · gen  116 · best    633.6 · elite    365.1 · median     -1.4 · years  41.4 · road 0.39 · starved   862 · nobles  -0.3 · read 18.9 · walls  4.1 · fell 88.8% (mother 19.0%) · prince 14.5% · king  9.6% · crowned  8.0% (median year 62) · 6.7s
try  8 · gen  116 · best    852.4 · elite    412.0 · median     14.2 · years  40.0 · road 0.39 · starved   767 · nobles  -0.2 · read  5.1 · walls  4.8 · fell 88.6% (mother 18.3%) · prince 15.0% · king 11.3% · crowned  9.2% (median year 61) · 6.7s
try  1 · gen  117 · best    590.7 · elite    321.3 · median     -3.5 · years  41.4 · road 0.40 · starved   794 · nobles  -0.9 · read  7.0 · walls  6.3 · fell 89.1% (mother 23.1%) · prince 12.8% · king  8.6% · crowned  6.7% (median year 66) · 6.8s
try  2 · gen  117 · best    739.4 · elite    304.2 · median      7.0 · years  47.5 · road 0.42 · starved   918 · nobles  -2.1 · read 10.8 · walls  6.6 · fell 88.6% (mother 28.8%) · prince 15.3% · king  8.5% · crowned  6.3% (median year 71) · 6.8s
try  3 · gen  117 · best    194.9 · elite    134.1 · median     46.4 · years  79.2 · road 0.51 · starved   657 · nobles -17.0 · read 61.2 · walls  7.9 · fell 46.5% (mother 16.6%) · prince  0.0% · king  0.0% · crowned  0.0% · 6.8s
try  4 · gen  117 · best    201.3 · elite    128.9 · median     44.0 · years  79.2 · road 0.51 · starved   649 · nobles -16.9 · read 33.8 · walls  8.0 · fell 46.4% (mother 17.2%) · prince  0.0% · king  0.0% · crowned  0.0% · 6.8s
try  5 · gen  117 · best    180.2 · elite    129.8 · median     45.6 · years  77.5 · road 0.50 · starved   580 · nobles -16.7 · read 54.9 · walls  8.1 · fell 48.0% (mother 15.9%) · prince  0.0% · king  0.0% · crowned  0.0% · 6.8s
try  6 · gen  117 · best    820.7 · elite    388.9 · median      0.3 · years  39.2 · road 0.38 · starved   748 · nobles  -0.5 · read  7.1 · walls  3.2 · fell 90.4% (mother 20.1%) · prince 14.9% · king  9.3% · crowned  7.4% (median year 58) · 6.8s
try  7 · gen  117 · best    800.7 · elite    376.1 · median      4.5 · years  41.8 · road 0.39 · starved   878 · nobles  -0.2 · read 19.5 · walls  4.1 · fell 88.6% (mother 19.8%) · prince 15.4% · king  9.9% · crowned  8.2% (median year 62) · 6.8s
try  8 · gen  117 · best    785.9 · elite    423.3 · median     11.8 · years  40.0 · road 0.39 · starved   765 · nobles  -0.4 · read  4.3 · walls  4.7 · fell 88.3% (mother 19.2%) · prince 15.5% · king 11.0% · crowned  8.8% (median year 60) · 6.8s
try  1 · gen  118 · best    756.7 · elite    329.1 · median      4.4 · years  42.0 · road 0.40 · starved   805 · nobles  -0.8 · read  7.6 · walls  6.4 · fell 88.4% (mother 22.3%) · prince 13.1% · king  8.9% · crowned  6.9% (median year 65) · 6.8s
try  2 · gen  118 · best    724.5 · elite    312.2 · median     11.1 · years  49.6 · road 0.42 · starved   973 · nobles  -1.8 · read 10.3 · walls  6.8 · fell 86.9% (mother 26.5%) · prince 16.0% · king  9.2% · crowned  6.3% (median year 71) · 6.8s
try  3 · gen  118 · best    179.0 · elite    129.0 · median     46.0 · years  77.9 · road 0.51 · starved   593 · nobles -16.9 · read 58.0 · walls  8.0 · fell 47.5% (mother 16.2%) · prince  0.0% · king  0.0% · crowned  0.0% · 6.8s
try  4 · gen  118 · best    193.8 · elite    123.0 · median     44.4 · years  78.9 · road 0.51 · starved   642 · nobles -17.0 · read 33.2 · walls  8.1 · fell 48.0% (mother 18.2%) · prince  0.0% · king  0.0% · crowned  0.0% · 6.8s
try  5 · gen  118 · best    187.8 · elite    131.7 · median     47.1 · years  77.7 · road 0.51 · starved   553 · nobles -16.9 · read 52.8 · walls  8.1 · fell 48.1% (mother 16.3%) · prince  0.0% · king  0.0% · crowned  0.0% · 6.8s
try  6 · gen  118 · best    745.8 · elite    365.2 · median      0.5 · years  39.3 · road 0.37 · starved   775 · nobles  -0.5 · read  7.0 · walls  2.7 · fell 90.5% (mother 20.5%) · prince 15.6% · king  9.3% · crowned  7.1% (median year 60) · 6.8s
try  7 · gen  118 · best    972.8 · elite    416.3 · median      3.4 · years  41.8 · road 0.39 · starved   893 · nobles  -0.6 · read 17.9 · walls  4.3 · fell 88.3% (mother 20.1%) · prince 15.8% · king 10.7% · crowned  8.6% (median year 62) · 6.8s
try  8 · gen  118 · best    824.7 · elite    429.1 · median     15.3 · years  39.9 · road 0.39 · starved   764 · nobles  -0.4 · read  4.6 · walls  4.7 · fell 88.0% (mother 19.0%) · prince 16.0% · king 12.0% · crowned  9.4% (median year 61) · 6.8s
try  1 · gen  119 · best    725.4 · elite    342.4 · median      4.6 · years  42.5 · road 0.40 · starved   799 · nobles  -1.2 · read  8.1 · walls  6.2 · fell 87.7% (mother 20.8%) · prince 12.9% · king  8.9% · crowned  7.0% (median year 64) · 6.8s
try  2 · gen  119 · best    963.7 · elite    364.3 · median      8.5 · years  50.2 · road 0.42 · starved   993 · nobles  -2.4 · read 10.4 · walls  6.8 · fell 86.8% (mother 26.7%) · prince 16.6% · king  9.5% · crowned  6.7% (median year 69) · 6.8s
try  3 · gen  119 · best    184.6 · elite    132.5 · median     46.6 · years  78.9 · road 0.51 · starved   694 · nobles -16.9 · read 57.7 · walls  8.0 · fell 47.5% (mother 17.3%) · prince  0.0% · king  0.0% · crowned  0.0% · 6.8s
try  4 · gen  119 · best    164.6 · elite    128.7 · median     45.1 · years  80.0 · road 0.51 · starved   655 · nobles -17.1 · read 36.1 · walls  8.0 · fell 46.2% (mother 17.0%) · prince  0.0% · king  0.0% · crowned  0.0% · 6.8s
try  5 · gen  119 · best    176.6 · elite    125.2 · median     49.9 · years  79.0 · road 0.51 · starved   599 · nobles -17.1 · read 56.7 · walls  8.1 · fell 46.6% (mother 16.8%) · prince  0.0% · king  0.0% · crowned  0.0% · 6.8s
try  6 · gen  119 · best    750.8 · elite    370.1 · median      5.9 · years  39.1 · road 0.37 · starved   734 · nobles  -0.2 · read  6.9 · walls  2.8 · fell 89.7% (mother 18.8%) · prince 16.1% · king 10.0% · crowned  7.8% (median year 59) · 6.8s
try  7 · gen  119 · best    776.9 · elite    389.0 · median      5.3 · years  42.0 · road 0.39 · starved   862 · nobles  -0.9 · read 18.5 · walls  4.4 · fell 88.6% (mother 19.7%) · prince 15.0% · king 10.8% · crowned  8.4% (median year 62) · 6.8s
try  8 · gen  119 · best    690.2 · elite    406.7 · median     14.9 · years  39.6 · road 0.39 · starved   730 · nobles  -0.3 · read  3.8 · walls  4.6 · fell 87.7% (mother 19.7%) · prince 15.5% · king 11.4% · crowned  8.9% (median year 60) · 6.8s
try  1 · gen  120 · best    931.8 · elite    332.8 · median      2.5 · years  42.2 · road 0.40 · starved   810 · nobles  -0.9 · read  7.1 · walls  6.4 · fell 88.1% (mother 21.7%) · prince 13.3% · king  9.2% · crowned  7.0% (median year 64) · 6.7s
try  2 · gen  120 · best    773.2 · elite    317.5 · median      9.2 · years  50.9 · road 0.43 · starved  1073 · nobles  -2.7 · read  9.7 · walls  6.8 · fell 87.0% (mother 30.0%) · prince 16.6% · king  9.4% · crowned  6.3% (median year 71) · 6.7s
try  3 · gen  120 · best    206.5 · elite    128.2 · median     46.2 · years  78.8 · road 0.51 · starved   639 · nobles -17.0 · read 56.8 · walls  8.0 · fell 48.0% (mother 17.3%) · prince  0.0% · king  0.0% · crowned  0.0% · 6.7s
try  4 · gen  120 · best    181.5 · elite    126.3 · median     43.6 · years  79.9 · road 0.51 · starved   654 · nobles -17.1 · read 33.4 · walls  8.1 · fell 45.4% (mother 16.7%) · prince  0.0% · king  0.0% · crowned  0.0% · 6.7s
try  5 · gen  120 · best    176.6 · elite    130.7 · median     44.7 · years  77.7 · road 0.51 · starved   573 · nobles -16.9 · read 51.7 · walls  8.1 · fell 48.0% (mother 15.4%) · prince  0.0% · king  0.0% · crowned  0.0% · 6.7s
try  6 · gen  120 · best    748.4 · elite    383.5 · median      9.6 · years  39.1 · road 0.37 · starved   750 · nobles  +0.0 · read  6.6 · walls  2.5 · fell 89.6% (mother 19.4%) · prince 16.1% · king 10.0% · crowned  7.9% (median year 59) · 6.7s
try  7 · gen  120 · best    748.5 · elite    360.7 · median      4.1 · years  42.2 · road 0.39 · starved   900 · nobles  -1.0 · read 17.2 · walls  4.3 · fell 88.9% (mother 20.0%) · prince 14.9% · king 10.2% · crowned  8.0% (median year 63) · 6.7s
try  8 · gen  120 · best    764.4 · elite    432.1 · median     16.0 · years  39.3 · road 0.39 · starved   750 · nobles  -0.2 · read  3.2 · walls  4.6 · fell 88.1% (mother 21.5%) · prince 16.1% · king 11.9% · crowned  9.5% (median year 60) · 6.7s
try  1 · gen  121 · best    585.0 · elite    343.8 · median      2.3 · years  41.6 · road 0.40 · starved   763 · nobles  -0.9 · read  6.6 · walls  6.3 · fell 87.9% (mother 21.2%) · prince 13.2% · king  9.1% · crowned  7.4% (median year 64) · 6.9s
try  2 · gen  121 · best    659.3 · elite    315.5 · median     10.7 · years  51.4 · road 0.43 · starved  1067 · nobles  -2.5 · read 11.4 · walls  6.8 · fell 86.8% (mother 29.5%) · prince 17.3% · king  9.0% · crowned  5.9% (median year 70) · 6.9s
try  3 · gen  121 · best    178.0 · elite    128.1 · median     46.1 · years  79.4 · road 0.51 · starved   652 · nobles -17.1 · read 56.1 · walls  8.0 · fell 46.5% (mother 16.5%) · prince  0.0% · king  0.0% · crowned  0.0% · 6.9s
try  4 · gen  121 · best    179.5 · elite    128.1 · median     45.3 · years  79.1 · road 0.51 · starved   618 · nobles -17.0 · read 33.1 · walls  8.1 · fell 47.2% (mother 18.2%) · prince  0.0% · king  0.0% · crowned  0.0% · 6.9s
try  5 · gen  121 · best    196.6 · elite    131.9 · median     48.3 · years  78.2 · road 0.51 · starved   553 · nobles -17.0 · read 53.8 · walls  8.1 · fell 47.7% (mother 16.5%) · prince  0.0% · king  0.0% · crowned  0.0% · 6.9s
try  6 · gen  121 · best    781.6 · elite    344.5 · median      2.5 · years  38.7 · road 0.37 · starved   738 · nobles  +0.1 · read  6.0 · walls  2.2 · fell 90.3% (mother 19.0%) · prince 15.3% · king  9.4% · crowned  7.3% (median year 58) · 6.9s
try  7 · gen  121 · best    726.9 · elite    359.5 · median      3.5 · years  42.7 · road 0.39 · starved   920 · nobles  -0.9 · read 16.7 · walls  4.3 · fell 88.8% (mother 20.3%) · prince 15.1% · king 10.1% · crowned  7.7% (median year 63) · 6.9s
try  8 · gen  121 · best    679.1 · elite    411.1 · median     16.8 · years  39.5 · road 0.39 · starved   758 · nobles  -0.0 · read  3.2 · walls  4.7 · fell 87.6% (mother 21.2%) · prince 16.0% · king 11.9% · crowned  9.5% (median year 62) · 6.9s
try  1 · gen  122 · best    760.0 · elite    355.7 · median      4.7 · years  42.5 · road 0.40 · starved   844 · nobles  -1.1 · read  6.2 · walls  6.4 · fell 88.1% (mother 21.7%) · prince 13.8% · king  9.7% · crowned  7.3% (median year 66) · 6.8s
try  2 · gen  122 · best    601.3 · elite    291.9 · median     10.2 · years  52.4 · road 0.43 · starved  1128 · nobles  -2.7 · read 10.7 · walls  6.9 · fell 86.9% (mother 31.0%) · prince 17.4% · king  8.8% · crowned  5.9% (median year 73) · 6.8s
try  3 · gen  122 · best    171.7 · elite    128.6 · median     48.7 · years  79.3 · road 0.51 · starved   638 · nobles -17.0 · read 56.8 · walls  8.0 · fell 47.1% (mother 18.0%) · prince  0.0% · king  0.0% · crowned  0.0% · 6.8s
try  4 · gen  122 · best    182.6 · elite    131.7 · median     47.2 · years  79.5 · road 0.51 · starved   635 · nobles -17.1 · read 31.8 · walls  8.1 · fell 46.7% (mother 18.5%) · prince  0.0% · king  0.0% · crowned  0.0% · 6.8s
try  5 · gen  122 · best    186.6 · elite    133.3 · median     47.1 · years  77.7 · road 0.51 · starved   568 · nobles -16.9 · read 50.6 · walls  8.1 · fell 48.8% (mother 17.4%) · prince  0.0% · king  0.0% · crowned  0.0% · 6.8s
try  6 · gen  122 · best    777.3 · elite    371.0 · median     11.9 · years  39.2 · road 0.37 · starved   730 · nobles  +0.3 · read  5.6 · walls  2.5 · fell 89.5% (mother 19.2%) · prince 16.0% · king 10.0% · crowned  8.0% (median year 59) · 6.8s
try  7 · gen  122 · best    762.5 · elite    374.2 · median      9.1 · years  42.6 · road 0.39 · starved   900 · nobles  -0.6 · read 17.1 · walls  4.4 · fell 88.0% (mother 20.2%) · prince 15.6% · king 11.2% · crowned  8.4% (median year 63) · 6.8s
try  8 · gen  122 · best    797.0 · elite    391.2 · median     17.1 · years  39.4 · road 0.39 · starved   764 · nobles  -0.0 · read  3.3 · walls  4.9 · fell 87.7% (mother 21.0%) · prince 16.0% · king 11.9% · crowned  9.2% (median year 61) · 6.8s
try  1 · gen  123 · best    576.6 · elite    344.7 · median      3.4 · years  42.7 · road 0.40 · starved   822 · nobles  -1.1 · read  6.0 · walls  6.3 · fell 87.8% (mother 22.1%) · prince 13.2% · king  9.1% · crowned  7.2% (median year 66) · 6.8s
try  2 · gen  123 · best    778.7 · elite    296.2 · median      9.1 · years  53.4 · road 0.44 · starved  1174 · nobles  -3.1 · read 11.1 · walls  6.9 · fell 87.3% (mother 31.7%) · prince 17.9% · king  8.8% · crowned  5.6% (median year 73) · 6.8s
try  3 · gen  123 · best    183.1 · elite    132.2 · median     46.9 · years  79.3 · road 0.51 · starved   652 · nobles -16.9 · read 56.8 · walls  8.0 · fell 45.8% (mother 16.8%) · prince  0.0% · king  0.0% · crowned  0.0% · 6.8s
try  4 · gen  123 · best    188.0 · elite    126.4 · median     45.7 · years  80.1 · road 0.51 · starved   662 · nobles -17.1 · read 29.5 · walls  8.1 · fell 44.9% (mother 17.3%) · prince  0.0% · king  0.0% · crowned  0.0% · 6.8s
try  5 · gen  123 · best    172.1 · elite    129.9 · median     50.0 · years  78.2 · road 0.51 · starved   569 · nobles -17.0 · read 48.1 · walls  8.1 · fell 47.3% (mother 17.1%) · prince  0.0% · king  0.0% · crowned  0.0% · 6.8s
try  6 · gen  123 · best    770.8 · elite    365.0 · median      3.4 · years  39.9 · road 0.37 · starved   791 · nobles  -0.3 · read  6.1 · walls  2.6 · fell 89.7% (mother 19.4%) · prince 16.7% · king 10.0% · crowned  7.7% (median year 60) · 6.8s
try  7 · gen  123 · best    778.7 · elite    368.7 · median     -0.3 · years  42.8 · road 0.40 · starved   939 · nobles  -0.6 · read 15.0 · walls  4.6 · fell 88.7% (mother 20.3%) · prince 15.1% · king 10.2% · crowned  8.0% (median year 63) · 6.8s
try  8 · gen  123 · best    790.3 · elite    425.7 · median     21.8 · years  39.4 · road 0.39 · starved   743 · nobles  +0.1 · read  3.2 · walls  4.8 · fell 87.0% (mother 20.6%) · prince 16.7% · king 12.6% · crowned 10.1% (median year 61) · 6.8s
try  1 · gen  124 · best    842.8 · elite    374.9 · median      7.9 · years  43.3 · road 0.40 · starved   809 · nobles  -1.2 · read  5.2 · walls  6.3 · fell 86.8% (mother 19.5%) · prince 14.6% · king 10.1% · crowned  7.8% (median year 65) · 6.8s
try  2 · gen  124 · best    603.6 · elite    304.4 · median      7.9 · years  53.6 · road 0.44 · starved  1190 · nobles  -3.0 · read 10.5 · walls  6.8 · fell 86.9% (mother 32.1%) · prince 19.0% · king  9.0% · crowned  5.5% (median year 71) · 6.8s
try  3 · gen  124 · best    203.2 · elite    131.7 · median     50.1 · years  79.1 · road 0.52 · starved   624 · nobles -17.2 · read 51.9 · walls  8.0 · fell 47.3% (mother 18.5%) · prince  0.0% · king  0.0% · crowned  0.0% · 6.8s
try  4 · gen  124 · best    188.2 · elite    131.6 · median     46.7 · years  79.9 · road 0.51 · starved   654 · nobles -17.1 · read 29.3 · walls  8.1 · fell 45.9% (mother 18.4%) · prince  0.0% · king  0.0% · crowned  0.0% · 6.8s
try  5 · gen  124 · best    198.2 · elite    135.5 · median     48.2 · years  78.3 · road 0.51 · starved   551 · nobles -17.1 · read 47.6 · walls  8.2 · fell 48.3% (mother 17.2%) · prince  0.0% · king  0.0% · crowned  0.0% · 6.8s
try  6 · gen  124 · best    831.6 · elite    371.3 · median     13.4 · years  39.8 · road 0.38 · starved   778 · nobles  -0.2 · read  5.2 · walls  2.6 · fell 89.7% (mother 19.0%) · prince 16.6% · king 10.0% · crowned  7.8% (median year 59) · 6.8s
try  7 · gen  124 · best    628.1 · elite    368.4 · median      2.5 · years  43.7 · road 0.40 · starved   929 · nobles  -0.8 · read 15.1 · walls  4.7 · fell 87.4% (mother 20.2%) · prince 15.3% · king 10.7% · crowned  8.5% (median year 65) · 6.8s
try  8 · gen  124 · best    903.0 · elite    402.5 · median     24.2 · years  38.5 · road 0.39 · starved   785 · nobles  -0.0 · read  2.9 · walls  4.7 · fell 88.3% (mother 24.9%) · prince 16.5% · king 12.2% · crowned  9.2% (median year 60) · 6.8s
try  1 · gen  125 · best    747.6 · elite    331.7 · median      6.7 · years  43.3 · road 0.40 · starved   824 · nobles  -1.4 · read  4.5 · walls  6.5 · fell 87.5% (mother 22.8%) · prince 13.6% · king  9.2% · crowned  7.2% (median year 65) · 6.8s
try  2 · gen  125 · best    583.0 · elite    303.7 · median      7.5 · years  54.8 · road 0.44 · starved  1238 · nobles  -3.3 · read  9.9 · walls  6.9 · fell 87.0% (mother 32.7%) · prince 19.0% · king  8.8% · crowned  5.2% (median year 75) · 6.8s
try  3 · gen  125 · best    201.5 · elite    132.3 · median     52.5 · years  79.9 · road 0.52 · starved   640 · nobles -17.2 · read 50.3 · walls  8.0 · fell 45.7% (mother 18.0%) · prince  0.0% · king  0.0% · crowned  0.0% · 6.8s
try  4 · gen  125 · best    185.5 · elite    127.8 · median     46.1 · years  79.6 · road 0.51 · starved   682 · nobles -17.0 · read 28.6 · walls  8.1 · fell 46.3% (mother 18.1%) · prince  0.0% · king  0.0% · crowned  0.0% · 6.8s
try  5 · gen  125 · best    207.5 · elite    137.3 · median     50.4 · years  78.0 · road 0.51 · starved   519 · nobles -16.9 · read 44.9 · walls  8.1 · fell 47.6% (mother 16.1%) · prince  0.0% · king  0.0% · crowned  0.0% · 6.8s
try  6 · gen  125 · best    751.9 · elite    389.7 · median      6.6 · years  39.3 · road 0.37 · starved   754 · nobles  +0.0 · read  5.3 · walls  2.6 · fell 89.4% (mother 18.6%) · prince 15.9% · king 10.2% · crowned  7.9% (median year 59) · 6.8s
try  7 · gen  125 · best    764.3 · elite    392.9 · median      9.1 · years  44.1 · road 0.40 · starved   939 · nobles  -0.8 · read 13.9 · walls  4.8 · fell 87.5% (mother 21.0%) · prince 15.6% · king 10.9% · crowned  8.5% (median year 62) · 6.8s
try  8 · gen  125 · best   1186.3 · elite    429.4 · median     22.9 · years  39.2 · road 0.39 · starved   772 · nobles  +0.0 · read  2.6 · walls  4.7 · fell 87.7% (mother 23.1%) · prince 16.6% · king 12.2% · crowned  9.5% (median year 61) · 6.8s
try  1 · gen  126 · best    798.5 · elite    350.1 · median      5.2 · years  43.9 · road 0.40 · starved   839 · nobles  -1.5 · read  4.6 · walls  6.4 · fell 87.4% (mother 23.2%) · prince 13.8% · king  9.4% · crowned  7.2% (median year 66) · 6.9s
try  2 · gen  126 · best    496.9 · elite    267.7 · median      6.0 · years  55.9 · road 0.44 · starved  1285 · nobles  -3.6 · read 10.4 · walls  7.0 · fell 86.6% (mother 32.2%) · prince 19.2% · king  8.5% · crowned  4.9% (median year 73) · 6.9s
try  3 · gen  126 · best    204.8 · elite    132.8 · median     47.2 · years  79.1 · road 0.52 · starved   604 · nobles -17.0 · read 51.0 · walls  8.1 · fell 47.3% (mother 16.9%) · prince  0.0% · king  0.0% · crowned  0.0% · 6.9s
try  4 · gen  126 · best    200.4 · elite    128.9 · median     45.2 · years  80.7 · road 0.51 · starved   705 · nobles -17.3 · read 24.5 · walls  8.1 · fell 45.3% (mother 17.8%) · prince  0.0% · king  0.0% · crowned  0.0% · 6.9s
try  5 · gen  126 · best    198.4 · elite    134.9 · median     51.9 · years  78.5 · road 0.51 · starved   540 · nobles -17.0 · read 45.4 · walls  8.2 · fell 47.3% (mother 17.7%) · prince  0.0% · king  0.0% · crowned  0.0% · 6.9s
try  6 · gen  126 · best    778.7 · elite    367.8 · median     15.1 · years  39.4 · road 0.37 · starved   748 · nobles  +0.1 · read  5.7 · walls  2.3 · fell 89.5% (mother 18.1%) · prince 16.2% · king 10.5% · crowned  8.1% (median year 58) · 6.9s
try  7 · gen  126 · best    938.0 · elite    374.5 · median     11.0 · years  44.3 · road 0.41 · starved   982 · nobles  -0.7 · read 13.5 · walls  5.0 · fell 87.7% (mother 23.7%) · prince 16.5% · king 11.4% · crowned  8.4% (median year 64) · 6.9s
try  8 · gen  126 · best    776.2 · elite    446.7 · median     24.9 · years  39.0 · road 0.39 · starved   798 · nobles  +0.4 · read  2.1 · walls  4.7 · fell 87.5% (mother 24.7%) · prince 17.5% · king 12.9% · crowned 10.3% (median year 61) · 6.9s
try  1 · gen  127 · best    725.3 · elite    341.9 · median      5.8 · years  44.2 · road 0.41 · starved   855 · nobles  -1.6 · read  4.0 · walls  6.4 · fell 87.1% (mother 24.7%) · prince 13.9% · king  9.4% · crowned  7.2% (median year 66) · 6.8s
try  2 · gen  127 · best    534.7 · elite    283.5 · median      5.4 · years  55.8 · road 0.44 · starved  1269 · nobles  -3.6 · read  9.7 · walls  7.0 · fell 86.3% (mother 32.6%) · prince 19.0% · king  8.7% · crowned  4.9% (median year 74) · 6.8s
try  3 · gen  127 · best    191.4 · elite    129.0 · median     49.2 · years  79.7 · road 0.52 · starved   651 · nobles -17.0 · read 50.3 · walls  8.0 · fell 45.2% (mother 16.9%) · prince  0.0% · king  0.0% · crowned  0.0% · 6.8s
try  4 · gen  127 · best    195.2 · elite    129.0 · median     43.4 · years  80.0 · road 0.51 · starved   680 · nobles -16.8 · read 25.8 · walls  8.1 · fell 44.7% (mother 16.1%) · prince  0.0% · king  0.0% · crowned  0.0% · 6.8s
try  5 · gen  127 · best    188.4 · elite    135.9 · median     53.0 · years  78.5 · road 0.51 · starved   526 · nobles -17.1 · read 40.2 · walls  8.2 · fell 47.5% (mother 17.6%) · prince  0.0% · king  0.0% · crowned  0.0% · 6.8s
try  6 · gen  127 · best    768.3 · elite    372.3 · median      7.7 · years  39.7 · road 0.37 · starved   748 · nobles  +0.2 · read  5.3 · walls  2.4 · fell 89.6% (mother 18.5%) · prince 16.2% · king 10.5% · crowned  7.9% (median year 59) · 6.8s
try  7 · gen  127 · best    718.4 · elite    380.4 · median     11.3 · years  45.3 · road 0.41 · starved   959 · nobles  -1.0 · read 13.6 · walls  5.2 · fell 87.0% (mother 22.3%) · prince 16.4% · king 11.2% · crowned  8.4% (median year 65) · 6.8s
try  8 · gen  127 · best    787.9 · elite    429.0 · median     37.2 · years  39.0 · road 0.39 · starved   797 · nobles  +0.6 · read  2.2 · walls  4.6 · fell 87.4% (mother 23.4%) · prince 18.0% · king 13.1% · crowned 10.5% (median year 61) · 6.8s
try  1 · gen  128 · best    784.7 · elite    367.0 · median     11.8 · years  44.4 · road 0.41 · starved   847 · nobles  -1.3 · read  4.1 · walls  6.5 · fell 86.7% (mother 22.6%) · prince 14.3% · king 10.4% · crowned  8.1% (median year 65) · 6.9s
try  2 · gen  128 · best    726.1 · elite    286.7 · median      3.6 · years  57.1 · road 0.45 · starved  1377 · nobles  -3.8 · read 11.0 · walls  7.2 · fell 86.2% (mother 33.4%) · prince 20.1% · king  9.3% · crowned  5.0% (median year 74) · 6.9s
try  3 · gen  128 · best    197.1 · elite    131.3 · median     48.6 · years  79.4 · road 0.52 · starved   615 · nobles -17.1 · read 53.1 · walls  8.0 · fell 46.8% (mother 15.8%) · prince  0.0% · king  0.0% · crowned  0.0% · 6.9s
try  4 · gen  128 · best    178.7 · elite    126.1 · median     44.5 · years  80.6 · road 0.51 · starved   696 · nobles -17.1 · read 24.3 · walls  8.1 · fell 44.6% (mother 16.6%) · prince  0.0% · king  0.0% · crowned  0.0% · 6.9s
try  5 · gen  128 · best    203.0 · elite    134.7 · median     51.1 · years  77.9 · road 0.51 · starved   563 · nobles -17.0 · read 39.3 · walls  8.1 · fell 48.0% (mother 17.2%) · prince  0.0% · king  0.0% · crowned  0.0% · 6.9s
try  6 · gen  128 · best    770.3 · elite    367.2 · median     16.5 · years  39.3 · road 0.37 · starved   724 · nobles  -0.0 · read  4.4 · walls  2.3 · fell 89.0% (mother 16.5%) · prince 16.4% · king 11.0% · crowned  8.5% (median year 59) · 6.9s
try  7 · gen  128 · best    763.2 · elite    368.5 · median      8.7 · years  45.6 · road 0.41 · starved   997 · nobles  -1.2 · read 14.2 · walls  5.3 · fell 87.2% (mother 23.6%) · prince 15.8% · king 10.5% · crowned  8.2% (median year 66) · 6.9s
try  8 · gen  128 · best    811.8 · elite    430.5 · median     28.9 · years  39.6 · road 0.39 · starved   783 · nobles  +0.5 · read  2.4 · walls  4.6 · fell 87.2% (mother 22.0%) · prince 17.6% · king 12.7% · crowned 10.2% (median year 61) · 6.9s
try  1 · gen  129 · best    724.4 · elite    354.0 · median      8.7 · years  44.9 · road 0.41 · starved   916 · nobles  -1.7 · read  3.5 · walls  6.5 · fell 87.0% (mother 24.2%) · prince 15.1% · king 10.3% · crowned  7.3% (median year 67) · 6.9s
try  2 · gen  129 · best    516.6 · elite    259.1 · median      3.9 · years  59.1 · road 0.46 · starved  1458 · nobles  -4.6 · read 13.5 · walls  7.1 · fell 86.5% (mother 35.5%) · prince 20.9% · king  8.5% · crowned  4.5% (median year 78) · 6.9s
try  3 · gen  129 · best    190.0 · elite    135.7 · median     49.2 · years  80.1 · road 0.52 · starved   642 · nobles -17.1 · read 51.2 · walls  8.0 · fell 45.1% (mother 16.2%) · prince  0.0% · king  0.0% · crowned  0.0% · 6.9s
try  4 · gen  129 · best    170.6 · elite    127.1 · median     45.2 · years  80.1 · road 0.51 · starved   702 · nobles -17.1 · read 23.7 · walls  8.1 · fell 46.0% (mother 17.6%) · prince  0.0% · king  0.0% · crowned  0.0% · 6.9s
try  5 · gen  129 · best    199.0 · elite    138.8 · median     53.4 · years  79.5 · road 0.52 · starved   526 · nobles -17.1 · read 39.3 · walls  8.1 · fell 44.7% (mother 16.2%) · prince  0.0% · king  0.0% · crowned  0.0% · 6.9s
try  6 · gen  129 · best    706.3 · elite    408.9 · median     19.9 · years  40.0 · road 0.37 · starved   725 · nobles  +0.1 · read  4.7 · walls  2.3 · fell 88.4% (mother 16.6%) · prince 17.2% · king 11.6% · crowned  9.0% (median year 59) · 6.9s
try  7 · gen  129 · best    755.0 · elite    376.8 · median      5.5 · years  45.3 · road 0.41 · starved   998 · nobles  -1.1 · read 12.8 · walls  5.3 · fell 87.1% (mother 24.4%) · prince 15.5% · king 10.7% · crowned  8.1% (median year 67) · 6.9s
try  8 · gen  129 · best    954.0 · elite    422.5 · median     45.1 · years  38.8 · road 0.38 · starved   775 · nobles  +0.6 · read  2.2 · walls  4.4 · fell 87.5% (mother 23.8%) · prince 17.5% · king 13.1% · crowned 10.3% (median year 60) · 6.9s
try  1 · gen  130 · best    747.3 · elite    343.7 · median      8.0 · years  45.1 · road 0.41 · starved   880 · nobles  -1.5 · read  3.5 · walls  6.5 · fell 86.9% (mother 23.8%) · prince 14.6% · king 10.3% · crowned  7.5% (median year 68) · 6.9s
try  2 · gen  130 · best    465.3 · elite    261.1 · median      3.6 · years  60.0 · road 0.46 · starved  1509 · nobles  -5.0 · read 13.7 · walls  7.3 · fell 85.9% (mother 36.7%) · prince 20.8% · king  8.9% · crowned  4.7% (median year 75) · 6.9s
try  3 · gen  130 · best    180.3 · elite    130.5 · median     50.8 · years  79.4 · road 0.52 · starved   596 · nobles -17.0 · read 46.3 · walls  8.0 · fell 46.7% (mother 16.7%) · prince  0.0% · king  0.0% · crowned  0.0% · 6.9s
try  4 · gen  130 · best    178.5 · elite    127.4 · median     47.5 · years  80.2 · road 0.51 · starved   704 · nobles -17.1 · read 21.5 · walls  8.0 · fell 45.4% (mother 18.0%) · prince  0.0% · king  0.0% · crowned  0.0% · 6.9s
try  5 · gen  130 · best    187.0 · elite    130.4 · median     49.7 · years  78.5 · road 0.52 · starved   599 · nobles -17.0 · read 35.1 · walls  8.2 · fell 48.0% (mother 16.9%) · prince  0.0% · king  0.0% · crowned  0.0% · 6.9s
try  6 · gen  130 · best    761.0 · elite    407.4 · median     27.5 · years  40.1 · road 0.37 · starved   705 · nobles  +0.3 · read  4.1 · walls  2.3 · fell 87.4% (mother 16.6%) · prince 17.4% · king 11.6% · crowned  9.4% (median year 60) · 6.9s
try  7 · gen  130 · best    678.0 · elite    336.5 · median     10.0 · years  47.1 · road 0.41 · starved  1040 · nobles  -1.1 · read 12.4 · walls  5.3 · fell 86.8% (mother 21.8%) · prince 16.1% · king 10.8% · crowned  7.6% (median year 66) · 6.9s
try  8 · gen  130 · best    624.0 · elite    436.9 · median     36.6 · years  38.4 · road 0.38 · starved   752 · nobles  +0.6 · read  2.0 · walls  4.4 · fell 87.2% (mother 23.6%) · prince 18.3% · king 13.3% · crowned 10.6% (median year 60) · 6.9s
try  1 · gen  131 · best    621.6 · elite    322.1 · median      6.6 · years  45.0 · road 0.41 · starved   929 · nobles  -1.8 · read  2.8 · walls  6.5 · fell 87.6% (mother 25.6%) · prince 15.1% · king  9.9% · crowned  6.9% (median year 68) · 6.9s
try  2 · gen  131 · best    574.4 · elite    267.3 · median      0.1 · years  60.8 · road 0.46 · starved  1560 · nobles  -5.0 · read 13.5 · walls  7.4 · fell 85.7% (mother 38.7%) · prince 21.0% · king  8.3% · crowned  4.5% (median year 78) · 6.9s
try  3 · gen  131 · best    187.9 · elite    138.6 · median     50.7 · years  79.9 · road 0.52 · starved   603 · nobles -17.1 · read 49.8 · walls  8.0 · fell 45.8% (mother 17.7%) · prince  0.0% · king  0.0% · crowned  0.0% · 6.9s
try  4 · gen  131 · best    168.6 · elite    128.8 · median     47.9 · years  80.4 · road 0.51 · starved   708 · nobles -17.1 · read 21.8 · walls  8.0 · fell 45.5% (mother 18.4%) · prince  0.0% · king  0.0% · crowned  0.0% · 6.9s
try  5 · gen  131 · best    196.2 · elite    133.6 · median     50.6 · years  78.4 · road 0.51 · starved   575 · nobles -17.0 · read 38.4 · walls  8.1 · fell 47.0% (mother 16.6%) · prince  0.0% · king  0.0% · crowned  0.0% · 6.9s
try  6 · gen  131 · best    845.2 · elite    374.1 · median     27.6 · years  40.1 · road 0.37 · starved   732 · nobles  -0.1 · read  3.5 · walls  2.4 · fell 88.6% (mother 17.0%) · prince 16.8% · king 11.1% · crowned  8.8% (median year 59) · 6.9s
try  7 · gen  131 · best    782.0 · elite    360.1 · median     12.8 · years  47.4 · road 0.41 · starved  1070 · nobles  -1.4 · read 12.4 · walls  5.4 · fell 86.7% (mother 23.3%) · prince 17.1% · king 10.9% · crowned  8.0% (median year 67) · 6.9s
try  8 · gen  131 · best    762.9 · elite    422.9 · median     39.1 · years  39.2 · road 0.39 · starved   792 · nobles  +0.6 · read  2.0 · walls  4.7 · fell 87.2% (mother 23.7%) · prince 18.1% · king 13.1% · crowned 10.6% (median year 61) · 6.9s
try  1 · gen  132 · best    578.1 · elite    336.2 · median      8.9 · years  45.0 · road 0.41 · starved   923 · nobles  -1.7 · read  3.1 · walls  6.4 · fell 87.2% (mother 26.6%) · prince 14.6% · king 10.1% · crowned  7.4% (median year 68) · 6.9s
try  2 · gen  132 · best    519.1 · elite    254.8 · median      0.7 · years  62.7 · road 0.47 · starved  1622 · nobles  -5.3 · read 14.6 · walls  7.3 · fell 83.9% (mother 38.6%) · prince 21.2% · king  8.8% · crowned  4.3% (median year 79) · 6.9s
try  3 · gen  132 · best    189.5 · elite    136.7 · median     51.3 · years  79.6 · road 0.52 · starved   606 · nobles -17.2 · read 52.0 · walls  8.0 · fell 47.0% (mother 17.9%) · prince  0.0% · king  0.0% · crowned  0.0% · 6.9s
try  4 · gen  132 · best    197.1 · elite    127.9 · median     49.4 · years  80.4 · road 0.52 · starved   669 · nobles -17.2 · read 21.2 · walls  8.1 · fell 46.2% (mother 19.1%) · prince  0.0% · king  0.0% · crowned  0.0% · 6.9s
try  5 · gen  132 · best    181.6 · elite    131.9 · median     52.9 · years  78.8 · road 0.51 · starved   516 · nobles -17.0 · read 36.4 · walls  8.2 · fell 46.5% (mother 15.1%) · prince  0.0% · king  0.0% · crowned  0.0% · 6.9s
try  6 · gen  132 · best    709.0 · elite    414.8 · median     17.5 · years  39.6 · road 0.37 · starved   741 · nobles  +0.5 · read  3.4 · walls  2.3 · fell 88.4% (mother 16.6%) · prince 17.1% · king 11.5% · crowned  9.1% (median year 60) · 6.9s
try  7 · gen  132 · best    772.5 · elite    384.4 · median      6.2 · years  47.5 · road 0.41 · starved  1094 · nobles  -1.3 · read 12.4 · walls  5.5 · fell 86.5% (mother 23.0%) · prince 17.3% · king 11.8% · crowned  8.2% (median year 67) · 6.9s
try  8 · gen  132 · best    800.5 · elite    415.6 · median     66.6 · years  38.9 · road 0.39 · starved   812 · nobles  +0.6 · read  1.6 · walls  4.6 · fell 87.3% (mother 25.2%) · prince 18.4% · king 13.8% · crowned 10.6% (median year 60) · 6.9s
try  1 · gen  133 · best    720.8 · elite    359.2 · median      9.2 · years  45.4 · road 0.41 · starved   936 · nobles  -1.8 · read  3.2 · walls  6.4 · fell 87.3% (mother 26.6%) · prince 14.9% · king  9.7% · crowned  7.4% (median year 67) · 7.0s
try  2 · gen  133 · best    492.5 · elite    231.8 · median     -3.2 · years  62.8 · road 0.47 · starved  1708 · nobles  -6.0 · read 12.6 · walls  7.4 · fell 85.3% (mother 40.9%) · prince 21.0% · king  7.9% · crowned  4.0% (median year 78) · 7.0s
try  3 · gen  133 · best    193.1 · elite    141.5 · median     54.7 · years  80.7 · road 0.52 · starved   623 · nobles -17.3 · read 51.9 · walls  8.0 · fell 45.1% (mother 18.9%) · prince  0.0% · king  0.0% · crowned  0.0% · 7.0s
try  4 · gen  133 · best    174.1 · elite    127.3 · median     45.8 · years  80.3 · road 0.52 · starved   667 · nobles -17.2 · read 17.5 · walls  8.1 · fell 45.7% (mother 17.8%) · prince  0.0% · king  0.0% · crowned  0.0% · 7.0s
try  5 · gen  133 · best    215.8 · elite    138.9 · median     54.2 · years  79.3 · road 0.52 · starved   532 · nobles -17.2 · read 38.0 · walls  8.2 · fell 45.7% (mother 15.2%) · prince  0.0% · king  0.0% · crowned  0.0% · 7.0s
try  6 · gen  133 · best    789.5 · elite    417.3 · median     15.6 · years  39.6 · road 0.37 · starved   698 · nobles  +0.3 · read  3.5 · walls  2.0 · fell 88.3% (mother 16.7%) · prince 16.1% · king 11.0% · crowned  9.0% (median year 58) · 7.0s
try  7 · gen  133 · best    737.9 · elite    371.3 · median      7.7 · years  48.6 · road 0.41 · starved  1101 · nobles  -1.4 · read 11.0 · walls  5.7 · fell 86.0% (mother 22.2%) · prince 17.2% · king 11.4% · crowned  8.0% (median year 68) · 7.0s
try  8 · gen  133 · best    829.7 · elite    412.1 · median     56.3 · years  39.1 · road 0.39 · starved   827 · nobles  +0.4 · read  1.6 · walls  4.4 · fell 87.4% (mother 24.6%) · prince 19.3% · king 13.8% · crowned 10.6% (median year 61) · 7.0s
try  1 · gen  134 · best    659.8 · elite    329.1 · median      9.1 · years  46.6 · road 0.41 · starved   944 · nobles  -1.8 · read  3.2 · walls  6.5 · fell 86.4% (mother 25.3%) · prince 15.1% · king  9.9% · crowned  7.1% (median year 68) · 6.9s
try  2 · gen  134 · best    485.3 · elite    235.6 · median      1.9 · years  64.1 · road 0.47 · starved  1728 · nobles  -5.8 · read 12.4 · walls  7.4 · fell 84.0% (mother 41.9%) · prince 22.1% · king  9.0% · crowned  4.0% (median year 78) · 6.9s
try  3 · gen  134 · best    187.1 · elite    135.0 · median     51.8 · years  79.6 · road 0.52 · starved   653 · nobles -17.2 · read 49.7 · walls  8.0 · fell 47.2% (mother 19.2%) · prince  0.0% · king  0.0% · crowned  0.0% · 6.9s
try  4 · gen  134 · best    177.2 · elite    131.8 · median     45.5 · years  80.6 · road 0.52 · starved   722 · nobles -17.1 · read 18.3 · walls  8.1 · fell 45.8% (mother 17.9%) · prince  0.0% · king  0.0% · crowned  0.0% · 6.9s
try  5 · gen  134 · best    190.1 · elite    144.5 · median     53.8 · years  79.9 · road 0.52 · starved   524 · nobles -17.3 · read 35.4 · walls  8.2 · fell 45.7% (mother 16.5%) · prince  0.0% · king  0.0% · crowned  0.0% · 6.9s
try  6 · gen  134 · best    735.9 · elite    394.9 · median     23.7 · years  39.7 · road 0.37 · starved   667 · nobles  +0.5 · read  3.9 · walls  2.0 · fell 87.9% (mother 16.8%) · prince 16.9% · king 11.3% · crowned  9.1% (median year 59) · 6.9s
try  7 · gen  134 · best    752.1 · elite    343.4 · median     15.4 · years  48.1 · road 0.41 · starved  1059 · nobles  -1.3 · read 10.3 · walls  5.4 · fell 86.3% (mother 23.0%) · prince 17.1% · king 11.4% · crowned  8.1% (median year 69) · 6.9s
try  8 · gen  134 · best    729.0 · elite    436.4 · median     45.2 · years  39.8 · road 0.39 · starved   858 · nobles  +0.2 · read  1.4 · walls  4.5 · fell 87.2% (mother 24.4%) · prince 19.2% · king 14.0% · crowned 10.4% (median year 60) · 6.9s
try  1 · gen  135 · best    677.8 · elite    340.7 · median      6.7 · years  46.9 · road 0.41 · starved   963 · nobles  -2.1 · read  3.3 · walls  6.6 · fell 87.0% (mother 26.1%) · prince 15.4% · king 10.1% · crowned  7.2% (median year 69) · 7.0s
try  2 · gen  135 · best    454.2 · elite    245.7 · median      3.5 · years  67.5 · road 0.48 · starved  1773 · nobles  -6.1 · read 12.8 · walls  7.5 · fell 80.9% (mother 40.9%) · prince 23.2% · king  8.5% · crowned  3.9% (median year 79) · 7.0s
try  3 · gen  135 · best    194.6 · elite    134.1 · median     49.6 · years  78.5 · road 0.52 · starved   595 · nobles -17.1 · read 48.6 · walls  8.0 · fell 49.5% (mother 19.4%) · prince  0.0% · king  0.0% · crowned  0.0% · 7.0s
try  4 · gen  135 · best    192.5 · elite    135.7 · median     43.5 · years  80.1 · road 0.52 · starved   755 · nobles -17.0 · read 17.9 · walls  8.1 · fell 47.0% (mother 18.5%) · prince  0.0% · king  0.0% · crowned  0.0% · 7.0s
try  5 · gen  135 · best    186.8 · elite    135.9 · median     57.3 · years  79.7 · road 0.52 · starved   503 · nobles -17.2 · read 32.7 · walls  8.2 · fell 45.0% (mother 15.5%) · prince  0.0% · king  0.0% · crowned  0.0% · 7.0s
try  6 · gen  135 · best    815.0 · elite    409.0 · median     14.6 · years  40.3 · road 0.37 · starved   721 · nobles  +0.4 · read  3.4 · walls  2.2 · fell 88.3% (mother 17.9%) · prince 16.6% · king 11.1% · crowned  8.9% (median year 61) · 7.0s
try  7 · gen  135 · best    608.1 · elite    355.9 · median     15.8 · years  49.8 · road 0.42 · starved  1103 · nobles  -1.8 · read 10.4 · walls  5.7 · fell 84.9% (mother 21.6%) · prince 17.8% · king 11.7% · crowned  8.4% (median year 70) · 7.0s
try  8 · gen  135 · best    766.2 · elite    423.5 · median     55.4 · years  39.5 · road 0.39 · starved   833 · nobles  +0.3 · read  1.3 · walls  4.4 · fell 86.8% (mother 25.2%) · prince 19.5% · king 14.1% · crowned 10.6% (median year 61) · 7.0s
try  1 · gen  136 · best    733.0 · elite    347.9 · median      7.0 · years  48.3 · road 0.42 · starved   964 · nobles  -2.0 · read  2.9 · walls  6.5 · fell 85.8% (mother 25.1%) · prince 15.9% · king 10.2% · crowned  7.4% (median year 68) · 7.0s
try  2 · gen  136 · best    559.5 · elite    241.1 · median      2.2 · years  68.2 · road 0.48 · starved  1843 · nobles  -6.3 · read 13.9 · walls  7.5 · fell 80.4% (mother 42.4%) · prince 23.3% · king  8.4% · crowned  4.0% (median year 82) · 7.0s
try  3 · gen  136 · best    193.8 · elite    136.5 · median     48.6 · years  78.3 · road 0.52 · starved   618 · nobles -16.8 · read 50.2 · walls  8.0 · fell 48.9% (mother 19.3%) · prince  0.0% · king  0.0% · crowned  0.0% · 7.0s
try  4 · gen  136 · best    173.1 · elite    131.1 · median     47.7 · years  80.8 · road 0.52 · starved   724 · nobles -17.2 · read 16.7 · walls  8.1 · fell 46.4% (mother 19.4%) · prince  0.0% · king  0.0% · crowned  0.0% · 7.0s
try  5 · gen  136 · best    223.5 · elite    137.1 · median     55.9 · years  79.0 · road 0.52 · starved   482 · nobles -17.0 · read 34.2 · walls  8.1 · fell 45.7% (mother 15.4%) · prince  0.0% · king  0.0% · crowned  0.0% · 7.0s
try  6 · gen  136 · best    830.1 · elite    396.7 · median     18.0 · years  39.8 · road 0.37 · starved   716 · nobles  +0.2 · read  3.2 · walls  2.3 · fell 88.4% (mother 17.1%) · prince 16.5% · king 11.3% · crowned  9.0% (median year 60) · 7.0s
try  7 · gen  136 · best    915.6 · elite    384.0 · median     13.6 · years  50.0 · road 0.42 · starved  1124 · nobles  -1.8 · read  9.8 · walls  5.8 · fell 85.2% (mother 23.5%) · prince 17.8% · king 11.8% · crowned  8.4% (median year 69) · 7.0s
try  8 · gen  136 · best    726.8 · elite    412.2 · median     62.5 · years  39.4 · road 0.39 · starved   825 · nobles  +0.4 · read  1.2 · walls  4.4 · fell 87.0% (mother 26.1%) · prince 19.5% · king 14.2% · crowned 10.8% (median year 62) · 7.0s
try  1 · gen  137 · best    901.2 · elite    370.4 · median     11.6 · years  48.9 · road 0.42 · starved   958 · nobles  -2.0 · read  2.9 · walls  6.6 · fell 85.3% (mother 23.7%) · prince 15.9% · king 10.8% · crowned  7.5% (median year 68) · 7.1s
try  2 · gen  137 · best    486.5 · elite    225.6 · median      1.7 · years  70.4 · road 0.49 · starved  1892 · nobles  -6.5 · read 13.1 · walls  7.6 · fell 77.3% (mother 41.7%) · prince 23.1% · king  8.0% · crowned  3.7% (median year 82) · 7.1s
try  3 · gen  137 · best    200.1 · elite    138.2 · median     52.7 · years  79.8 · road 0.52 · starved   644 · nobles -17.1 · read 50.3 · walls  8.0 · fell 46.9% (mother 19.2%) · prince  0.0% · king  0.0% · crowned  0.0% · 7.1s
try  4 · gen  137 · best    193.1 · elite    128.3 · median     45.6 · years  79.5 · road 0.52 · starved   752 · nobles -16.9 · read 16.1 · walls  8.1 · fell 47.7% (mother 19.9%) · prince  0.0% · king  0.0% · crowned  0.0% · 7.1s
try  5 · gen  137 · best    194.3 · elite    140.2 · median     57.7 · years  79.5 · road 0.52 · starved   522 · nobles -17.2 · read 31.7 · walls  8.1 · fell 45.8% (mother 16.1%) · prince  0.0% · king  0.0% · crowned  0.0% · 7.1s
try  6 · gen  137 · best    738.4 · elite    389.1 · median     24.2 · years  40.3 · road 0.37 · starved   704 · nobles  +0.2 · read  2.8 · walls  2.7 · fell 88.1% (mother 17.7%) · prince 16.9% · king 11.4% · crowned  9.3% (median year 59) · 7.1s
try  7 · gen  137 · best    667.0 · elite    349.5 · median     12.2 · years  50.9 · road 0.42 · starved  1151 · nobles  -2.1 · read 10.2 · walls  5.7 · fell 85.6% (mother 23.1%) · prince 18.5% · king 11.5% · crowned  7.8% (median year 69) · 7.1s
try  8 · gen  137 · best    939.8 · elite    431.1 · median     52.5 · years  39.4 · road 0.39 · starved   808 · nobles  +0.3 · read  1.1 · walls  4.4 · fell 86.8% (mother 25.0%) · prince 19.1% · king 14.1% · crowned 10.8% (median year 60) · 7.1s
try  1 · gen  138 · best    757.2 · elite    339.1 · median      8.6 · years  48.6 · road 0.42 · starved  1017 · nobles  -2.1 · read  3.0 · walls  6.6 · fell 86.7% (mother 26.3%) · prince 16.1% · king 10.5% · crowned  7.2% (median year 69) · 6.9s
try  2 · gen  138 · best    556.4 · elite    223.0 · median      2.3 · years  70.6 · road 0.49 · starved  1895 · nobles  -6.4 · read 14.6 · walls  7.6 · fell 77.2% (mother 41.4%) · prince 23.8% · king  8.2% · crowned  3.6% (median year 84) · 6.9s
try  3 · gen  138 · best    218.9 · elite    137.9 · median     49.2 · years  79.6 · road 0.52 · starved   659 · nobles -17.1 · read 51.4 · walls  8.0 · fell 46.8% (mother 18.2%) · prince  0.0% · king  0.0% · crowned  0.0% · 6.9s
try  4 · gen  138 · best    200.1 · elite    129.2 · median     47.5 · years  80.3 · road 0.52 · starved   666 · nobles -17.1 · read 15.1 · walls  8.2 · fell 45.7% (mother 18.3%) · prince  0.0% · king  0.0% · crowned  0.0% · 6.9s
try  5 · gen  138 · best    188.4 · elite    137.5 · median     52.6 · years  78.1 · road 0.52 · starved   504 · nobles -17.0 · read 29.8 · walls  8.1 · fell 47.2% (mother 16.0%) · prince  0.0% · king  0.0% · crowned  0.0% · 6.9s
try  6 · gen  138 · best    660.9 · elite    394.1 · median     18.5 · years  40.5 · road 0.38 · starved   729 · nobles  +0.3 · read  2.1 · walls  2.7 · fell 87.9% (mother 18.4%) · prince 17.0% · king 11.1% · crowned  8.9% (median year 60) · 6.9s
try  7 · gen  138 · best    661.0 · elite    355.5 · median     22.1 · years  51.9 · road 0.43 · starved  1192 · nobles  -2.2 · read 10.6 · walls  5.9 · fell 84.4% (mother 24.4%) · prince 19.8% · king 12.3% · crowned  8.2% (median year 69) · 6.9s
try  8 · gen  138 · best    774.2 · elite    423.1 · median     26.2 · years  39.2 · road 0.39 · starved   853 · nobles  +0.4 · read  1.6 · walls  4.3 · fell 87.4% (mother 26.5%) · prince 19.7% · king 13.9% · crowned 10.4% (median year 64) · 6.9s
try  1 · gen  139 · best    630.8 · elite    341.9 · median     12.7 · years  49.8 · road 0.42 · starved   998 · nobles  -2.1 · read  2.5 · walls  6.7 · fell 85.7% (mother 26.9%) · prince 15.5% · king 10.6% · crowned  7.3% (median year 72) · 7.0s
try  2 · gen  139 · best    466.8 · elite    215.9 · median     -4.3 · years  71.4 · road 0.49 · starved  1887 · nobles  -6.6 · read 15.5 · walls  7.6 · fell 75.3% (mother 40.6%) · prince 22.6% · king  7.7% · crowned  3.2% (median year 80) · 7.0s
try  3 · gen  139 · best    181.9 · elite    140.8 · median     57.0 · years  81.3 · road 0.53 · starved   606 · nobles -17.2 · read 49.2 · walls  7.9 · fell 43.4% (mother 17.1%) · prince  0.0% · king  0.0% · crowned  0.0% · 7.0s
try  4 · gen  139 · best    177.5 · elite    129.8 · median     48.7 · years  80.3 · road 0.52 · starved   695 · nobles -17.2 · read 16.6 · walls  8.2 · fell 47.0% (mother 20.0%) · prince  0.0% · king  0.0% · crowned  0.0% · 7.0s
try  5 · gen  139 · best    190.4 · elite    137.8 · median     55.6 · years  79.4 · road 0.52 · starved   508 · nobles -17.1 · read 27.2 · walls  8.1 · fell 45.5% (mother 15.4%) · prince  0.0% · king  0.0% · crowned  0.0% · 7.0s
try  6 · gen  139 · best    769.8 · elite    402.7 · median     15.5 · years  40.7 · road 0.38 · starved   764 · nobles  +0.4 · read  2.0 · walls  2.7 · fell 88.3% (mother 19.1%) · prince 16.4% · king 11.1% · crowned  8.9% (median year 61) · 7.0s
try  7 · gen  139 · best    692.9 · elite    361.0 · median      8.2 · years  53.4 · road 0.43 · starved  1213 · nobles  -2.7 · read 10.2 · walls  6.0 · fell 84.3% (mother 24.8%) · prince 19.4% · king 11.6% · crowned  7.6% (median year 71) · 7.0s
try  8 · gen  139 · best    797.6 · elite    450.8 · median     62.8 · years  39.8 · road 0.39 · starved   834 · nobles  +0.7 · read  1.1 · walls  4.4 · fell 86.8% (mother 24.8%) · prince 20.1% · king 14.4% · crowned 10.9% (median year 62) · 7.0s
try  1 · gen  140 · best    738.4 · elite    344.2 · median      6.7 · years  50.4 · road 0.42 · starved  1024 · nobles  -2.3 · read  2.8 · walls  6.7 · fell 85.7% (mother 26.6%) · prince 16.2% · king 10.2% · crowned  7.0% (median year 72) · 7.0s
try  2 · gen  140 · best    393.8 · elite    230.7 · median      5.0 · years  72.6 · road 0.49 · starved  1918 · nobles  -6.4 · read 15.1 · walls  7.6 · fell 73.5% (mother 40.9%) · prince 24.0% · king  8.8% · crowned  3.5% (median year 85) · 7.0s
try  3 · gen  140 · best    194.9 · elite    139.7 · median     51.0 · years  80.6 · road 0.52 · starved   605 · nobles -17.1 · read 48.3 · walls  7.9 · fell 44.0% (mother 16.4%) · prince  0.0% · king  0.0% · crowned  0.0% · 7.0s
try  4 · gen  140 · best    186.4 · elite    132.4 · median     46.4 · years  80.6 · road 0.52 · starved   709 · nobles -17.2 · read 14.8 · walls  8.2 · fell 46.6% (mother 20.0%) · prince  0.0% · king  0.0% · crowned  0.0% · 7.0s
try  5 · gen  140 · best    190.1 · elite    139.9 · median     58.0 · years  79.9 · road 0.52 · starved   502 · nobles -17.1 · read 28.6 · walls  8.1 · fell 43.9% (mother 15.1%) · prince  0.0% · king  0.0% · crowned  0.0% · 7.0s
try  6 · gen  140 · best    802.9 · elite    394.6 · median     26.5 · years  40.8 · road 0.38 · starved   735 · nobles  +0.6 · read  2.2 · walls  2.4 · fell 87.4% (mother 18.5%) · prince 16.8% · king 11.4% · crowned  9.4% (median year 61) · 7.0s
try  7 · gen  140 · best    741.3 · elite    370.4 · median      9.4 · years  53.8 · road 0.43 · starved  1273 · nobles  -2.9 · read 10.8 · walls  5.9 · fell 84.8% (mother 26.5%) · prince 19.9% · king 11.4% · crowned  7.9% (median year 71) · 7.0s
try  8 · gen  140 · best    849.8 · elite    431.0 · median     70.5 · years  40.1 · road 0.39 · starved   872 · nobles  +0.7 · read  1.1 · walls  4.3 · fell 86.3% (mother 24.8%) · prince 20.3% · king 14.4% · crowned 11.1% (median year 61) · 7.0s
try  1 · gen  141 · best    545.6 · elite    309.1 · median     11.5 · years  51.4 · road 0.43 · starved  1066 · nobles  -2.6 · read  3.0 · walls  6.6 · fell 85.8% (mother 28.4%) · prince 16.2% · king 10.1% · crowned  6.6% (median year 73) · 7.1s
try  2 · gen  141 · best    522.5 · elite    237.0 · median      5.5 · years  73.6 · road 0.50 · starved  1947 · nobles  -6.4 · read 15.0 · walls  7.7 · fell 73.8% (mother 43.5%) · prince 24.5% · king  8.6% · crowned  3.6% (median year 85) · 7.1s
try  3 · gen  141 · best    203.7 · elite    142.6 · median     51.3 · years  80.5 · road 0.52 · starved   614 · nobles -17.1 · read 49.0 · walls  7.9 · fell 44.3% (mother 16.8%) · prince  0.0% · king  0.0% · crowned  0.0% · 7.1s
try  4 · gen  141 · best    182.8 · elite    130.9 · median     48.2 · years  80.1 · road 0.52 · starved   703 · nobles -17.2 · read 15.5 · walls  8.2 · fell 48.3% (mother 21.5%) · prince  0.0% · king  0.0% · crowned  0.0% · 7.1s
try  5 · gen  141 · best    210.6 · elite    137.9 · median     52.2 · years  79.0 · road 0.52 · starved   530 · nobles -17.0 · read 31.3 · walls  8.1 · fell 45.6% (mother 16.5%) · prince  0.0% · king  0.0% · crowned  0.0% · 7.1s
try  6 · gen  141 · best    688.0 · elite    391.7 · median     22.7 · years  40.9 · road 0.37 · starved   717 · nobles  +0.3 · read  2.4 · walls  2.5 · fell 87.7% (mother 16.9%) · prince 16.6% · king 11.3% · crowned  9.0% (median year 61) · 7.1s
try  7 · gen  141 · best    655.7 · elite    341.3 · median      9.2 · years  54.9 · road 0.44 · starved  1288 · nobles  -3.1 · read 10.0 · walls  6.0 · fell 84.1% (mother 28.6%) · prince 20.1% · king 11.2% · crowned  6.9% (median year 72) · 7.1s
try  8 · gen  141 · best    775.9 · elite    431.1 · median     69.2 · years  39.7 · road 0.39 · starved   830 · nobles  +0.6 · read  1.5 · walls  4.2 · fell 86.8% (mother 26.2%) · prince 19.8% · king 14.1% · crowned 11.1% (median year 62) · 7.1s
try  1 · gen  142 · best    744.8 · elite    336.8 · median     11.5 · years  52.2 · road 0.43 · starved  1098 · nobles  -2.8 · read  3.1 · walls  6.7 · fell 85.4% (mother 27.6%) · prince 17.0% · king 10.6% · crowned  6.8% (median year 72) · 7.1s
try  2 · gen  142 · best    448.4 · elite    229.5 · median      5.8 · years  75.1 · road 0.49 · starved  1933 · nobles  -6.5 · read 17.1 · walls  7.7 · fell 69.0% (mother 39.2%) · prince 24.6% · king  8.0% · crowned  3.3% (median year 82) · 7.1s
try  3 · gen  142 · best    181.5 · elite    130.8 · median     50.1 · years  79.5 · road 0.52 · starved   605 · nobles -17.0 · read 47.1 · walls  7.9 · fell 46.5% (mother 16.8%) · prince  0.0% · king  0.0% · crowned  0.0% · 7.1s
try  4 · gen  142 · best    200.3 · elite    135.2 · median     46.3 · years  80.2 · road 0.52 · starved   743 · nobles -17.1 · read 13.1 · walls  8.2 · fell 48.0% (mother 21.7%) · prince  0.0% · king  0.0% · crowned  0.0% · 7.1s
try  5 · gen  142 · best    190.1 · elite    139.9 · median     54.8 · years  78.9 · road 0.52 · starved   505 · nobles -17.1 · read 33.0 · walls  8.1 · fell 46.2% (mother 15.6%) · prince  0.0% · king  0.0% · crowned  0.0% · 7.1s
try  6 · gen  142 · best    620.4 · elite    407.7 · median     27.8 · years  40.9 · road 0.38 · starved   762 · nobles  +0.3 · read  1.9 · walls  2.5 · fell 87.6% (mother 18.4%) · prince 18.0% · king 11.9% · crowned  9.5% (median year 61) · 7.1s
try  7 · gen  142 · best    628.5 · elite    377.3 · median     12.6 · years  55.3 · road 0.44 · starved  1337 · nobles  -3.2 · read  9.6 · walls  5.9 · fell 84.2% (mother 29.7%) · prince 21.0% · king 12.1% · crowned  7.8% (median year 71) · 7.1s
try  8 · gen  142 · best    828.4 · elite    434.7 · median     45.2 · years  40.5 · road 0.39 · starved   870 · nobles  +0.6 · read  1.5 · walls  4.3 · fell 87.0% (mother 24.6%) · prince 20.4% · king 14.4% · crowned 10.8% (median year 63) · 7.1s
try  1 · gen  143 · best    579.5 · elite    319.4 · median     11.9 · years  53.6 · road 0.43 · starved  1120 · nobles  -2.9 · read  2.8 · walls  6.8 · fell 84.9% (mother 26.9%) · prince 17.4% · king 10.4% · crowned  6.6% (median year 73) · 7.1s
try  2 · gen  143 · best    476.0 · elite    228.5 · median      6.9 · years  74.2 · road 0.49 · starved  1926 · nobles  -6.0 · read 13.9 · walls  7.8 · fell 70.8% (mother 41.7%) · prince 25.3% · king  8.6% · crowned  3.5% (median year 87) · 7.1s
try  3 · gen  143 · best    213.7 · elite    135.4 · median     51.2 · years  80.3 · road 0.52 · starved   603 · nobles -17.0 · read 43.5 · walls  7.9 · fell 45.0% (mother 16.2%) · prince  0.0% · king  0.0% · crowned  0.0% · 7.1s
try  4 · gen  143 · best    189.6 · elite    132.8 · median     48.6 · years  80.1 · road 0.52 · starved   664 · nobles -17.2 · read 13.7 · walls  8.2 · fell 46.9% (mother 19.6%) · prince  0.0% · king  0.0% · crowned  0.0% · 7.1s
try  5 · gen  143 · best    216.6 · elite    137.9 · median     54.2 · years  79.4 · road 0.53 · starved   536 · nobles -17.1 · read 30.2 · walls  8.1 · fell 45.3% (mother 16.5%) · prince  0.0% · king  0.0% · crowned  0.0% · 7.1s
try  6 · gen  143 · best    699.6 · elite    412.2 · median     38.4 · years  41.4 · road 0.38 · starved   747 · nobles  +0.5 · read  2.0 · walls  2.6 · fell 87.4% (mother 18.8%) · prince 17.9% · king 12.3% · crowned  9.8% (median year 62) · 7.1s
try  7 · gen  143 · best    755.8 · elite    334.6 · median      4.7 · years  56.4 · road 0.44 · starved  1458 · nobles  -3.8 · read  8.4 · walls  6.1 · fell 84.9% (mother 32.4%) · prince 21.4% · king 11.3% · crowned  7.0% (median year 73) · 7.1s
try  8 · gen  143 · best    779.7 · elite    432.0 · median     83.4 · years  39.9 · road 0.39 · starved   869 · nobles  +0.5 · read  1.2 · walls  4.0 · fell 86.9% (mother 25.8%) · prince 21.1% · king 15.1% · crowned 11.0% (median year 62) · 7.1s
try  1 · gen  144 · best    724.1 · elite    318.5 · median      6.2 · years  54.3 · road 0.44 · starved  1153 · nobles  -3.0 · read  2.8 · walls  7.0 · fell 85.3% (mother 27.4%) · prince 16.9% · king  9.9% · crowned  6.2% (median year 72) · 7.2s
try  2 · gen  144 · best    360.9 · elite    203.6 · median      6.6 · years  73.8 · road 0.49 · starved  1935 · nobles  -5.6 · read 13.9 · walls  7.6 · fell 69.2% (mother 38.8%) · prince 24.5% · king  7.7% · crowned  3.3% (median year 86) · 7.2s
try  3 · gen  144 · best    204.9 · elite    137.2 · median     52.4 · years  80.8 · road 0.53 · starved   625 · nobles -17.2 · read 47.5 · walls  7.8 · fell 44.6% (mother 16.1%) · prince  0.0% · king  0.0% · crowned  0.0% · 7.2s
try  4 · gen  144 · best    181.4 · elite    127.3 · median     49.9 · years  80.5 · road 0.53 · starved   675 · nobles -17.1 · read 11.5 · walls  8.2 · fell 47.2% (mother 20.6%) · prince  0.0% · king  0.0% · crowned  0.0% · 7.2s
try  5 · gen  144 · best    183.8 · elite    133.2 · median     55.3 · years  79.0 · road 0.53 · starved   552 · nobles -17.2 · read 27.8 · walls  8.1 · fell 47.0% (mother 16.7%) · prince  0.0% · king  0.0% · crowned  0.0% · 7.2s
try  6 · gen  144 · best    703.4 · elite    404.0 · median     36.5 · years  41.3 · road 0.38 · starved   737 · nobles  +0.5 · read  1.7 · walls  2.7 · fell 87.1% (mother 18.5%) · prince 17.6% · king 11.9% · crowned  9.6% (median year 60) · 7.2s
try  7 · gen  144 · best    557.8 · elite    325.2 · median     15.2 · years  59.4 · road 0.46 · starved  1535 · nobles  -4.4 · read  8.9 · walls  6.3 · fell 84.2% (mother 34.2%) · prince 23.2% · king 12.0% · crowned  6.9% (median year 76) · 7.2s
try  8 · gen  144 · best    711.7 · elite    434.6 · median     66.7 · years  40.3 · road 0.39 · starved   890 · nobles  +0.6 · read  1.4 · walls  4.1 · fell 86.7% (mother 26.0%) · prince 21.0% · king 14.8% · crowned 11.0% (median year 61) · 7.2s
try  1 · gen  145 · best    830.6 · elite    340.7 · median      7.2 · years  54.7 · road 0.44 · starved  1209 · nobles  -3.4 · read  3.2 · walls  6.9 · fell 84.8% (mother 29.4%) · prince 18.1% · king 10.6% · crowned  6.4% (median year 73) · 7.1s
try  2 · gen  145 · best    444.7 · elite    244.1 · median      8.3 · years  74.5 · road 0.49 · starved  1906 · nobles  -5.1 · read 15.4 · walls  7.8 · fell 67.9% (mother 37.8%) · prince 25.2% · king  9.1% · crowned  4.2% (median year 87) · 7.1s
try  3 · gen  145 · best    198.9 · elite    137.3 · median     52.4 · years  81.2 · road 0.53 · starved   620 · nobles -17.3 · read 47.0 · walls  7.8 · fell 44.6% (mother 17.1%) · prince  0.0% · king  0.0% · crowned  0.0% · 7.1s
try  4 · gen  145 · best    178.7 · elite    133.0 · median     46.1 · years  80.2 · road 0.52 · starved   682 · nobles -17.1 · read 10.3 · walls  8.2 · fell 47.5% (mother 20.2%) · prince  0.0% · king  0.0% · crowned  0.0% · 7.1s
try  5 · gen  145 · best    183.7 · elite    135.4 · median     53.4 · years  78.5 · road 0.53 · starved   543 · nobles -17.0 · read 28.2 · walls  8.1 · fell 47.2% (mother 16.1%) · prince  0.0% · king  0.0% · crowned  0.0% · 7.1s
try  6 · gen  145 · best    665.8 · elite    414.4 · median     28.4 · years  41.4 · road 0.38 · starved   730 · nobles  +0.8 · read  1.8 · walls  2.6 · fell 87.3% (mother 18.9%) · prince 17.4% · king 11.6% · crowned  9.6% (median year 62) · 7.1s
try  7 · gen  145 · best    625.7 · elite    304.4 · median      5.3 · years  61.3 · road 0.46 · starved  1631 · nobles  -5.3 · read 11.0 · walls  6.3 · fell 83.3% (mother 33.3%) · prince 23.3% · king 11.8% · crowned  6.1% (median year 76) · 7.1s
try  8 · gen  145 · best    877.2 · elite    446.1 · median     59.8 · years  39.8 · road 0.39 · starved   876 · nobles  +0.9 · read  1.2 · walls  3.8 · fell 87.1% (mother 26.0%) · prince 21.1% · king 14.6% · crowned 11.0% (median year 62) · 7.1s
try  1 · gen  146 · best    655.4 · elite    295.8 · median      7.8 · years  56.2 · road 0.45 · starved  1270 · nobles  -3.9 · read  2.6 · walls  7.0 · fell 85.1% (mother 29.1%) · prince 18.2% · king 10.0% · crowned  5.9% (median year 75) · 7.3s
try  2 · gen  146 · best    453.4 · elite    231.2 · median     17.3 · years  74.1 · road 0.49 · starved  1873 · nobles  -4.7 · read 13.8 · walls  7.7 · fell 67.3% (mother 38.6%) · prince 26.6% · king  9.2% · crowned  4.0% (median year 86) · 7.3s
try  3 · gen  146 · best    215.2 · elite    135.1 · median     52.9 · years  80.8 · road 0.53 · starved   605 · nobles -17.1 · read 41.7 · walls  7.8 · fell 44.6% (mother 16.8%) · prince  0.0% · king  0.0% · crowned  0.0% · 7.3s
try  4 · gen  146 · best    181.1 · elite    132.8 · median     45.9 · years  80.3 · road 0.53 · starved   685 · nobles -17.1 · read 13.3 · walls  8.2 · fell 46.8% (mother 19.9%) · prince  0.0% · king  0.0% · crowned  0.0% · 7.3s
try  5 · gen  146 · best    195.2 · elite    137.7 · median     55.6 · years  79.3 · road 0.53 · starved   543 · nobles -17.3 · read 26.3 · walls  8.1 · fell 47.0% (mother 17.0%) · prince  0.0% · king  0.0% · crowned  0.0% · 7.3s
try  6 · gen  146 · best    954.2 · elite    399.1 · median     30.3 · years  42.2 · road 0.38 · starved   754 · nobles  +0.3 · read  1.9 · walls  2.7 · fell 86.8% (mother 17.8%) · prince 18.0% · king 12.0% · crowned  9.5% (median year 62) · 7.3s
try  7 · gen  146 · best    631.5 · elite    290.3 · median      5.3 · years  63.4 · road 0.47 · starved  1740 · nobles  -6.0 · read 10.3 · walls  6.3 · fell 83.3% (mother 36.5%) · prince 24.9% · king 11.5% · crowned  5.8% (median year 76) · 7.3s
try  8 · gen  146 · best    790.5 · elite    423.6 · median     88.7 · years  39.9 · road 0.38 · starved   874 · nobles  +1.0 · read  1.1 · walls  3.7 · fell 86.3% (mother 24.7%) · prince 21.5% · king 15.2% · crowned 11.6% (median year 63) · 7.3s
try  1 · gen  147 · best    499.8 · elite    300.2 · median      9.9 · years  57.2 · road 0.45 · starved  1312 · nobles  -4.3 · read  2.5 · walls  7.0 · fell 85.0% (mother 28.7%) · prince 19.4% · king 10.6% · crowned  6.2% (median year 74) · 7.3s
try  2 · gen  147 · best    508.5 · elite    235.2 · median      9.8 · years  74.9 · road 0.49 · starved  1910 · nobles  -4.6 · read 14.4 · walls  7.7 · fell 65.8% (mother 38.7%) · prince 25.5% · king  9.2% · crowned  3.3% (median year 88) · 7.3s
try  3 · gen  147 · best    211.0 · elite    141.6 · median     50.4 · years  80.2 · road 0.53 · starved   587 · nobles -17.1 · read 43.8 · walls  7.9 · fell 45.9% (mother 16.6%) · prince  0.0% · king  0.0% · crowned  0.0% · 7.3s
try  4 · gen  147 · best    190.4 · elite    133.7 · median     49.5 · years  80.6 · road 0.53 · starved   725 · nobles -17.3 · read 14.7 · walls  8.2 · fell 47.6% (mother 21.0%) · prince  0.0% · king  0.0% · crowned  0.0% · 7.3s
try  5 · gen  147 · best    207.9 · elite    136.4 · median     56.1 · years  79.4 · road 0.53 · starved   531 · nobles -17.2 · read 27.9 · walls  8.1 · fell 46.5% (mother 16.0%) · prince  0.0% · king  0.0% · crowned  0.0% · 7.3s
try  6 · gen  147 · best    646.7 · elite    375.7 · median     20.2 · years  41.9 · road 0.38 · starved   763 · nobles  +0.3 · read  1.8 · walls  2.8 · fell 87.4% (mother 19.2%) · prince 16.5% · king 10.7% · crowned  8.8% (median year 61) · 7.3s
try  7 · gen  147 · best    551.0 · elite    305.4 · median      6.5 · years  63.8 · road 0.47 · starved  1710 · nobles  -5.8 · read  9.9 · walls  6.4 · fell 81.9% (mother 36.0%) · prince 24.4% · king 11.4% · crowned  6.2% (median year 76) · 7.3s
try  8 · gen  147 · best    704.4 · elite    420.5 · median     58.6 · years  40.2 · road 0.38 · starved   877 · nobles  +0.8 · read  1.3 · walls  3.6 · fell 86.7% (mother 25.8%) · prince 20.7% · king 15.0% · crowned 11.0% (median year 62) · 7.3s
try  1 · gen  148 · best    883.3 · elite    295.8 · median      2.1 · years  57.8 · road 0.45 · starved  1377 · nobles  -4.8 · read  2.3 · walls  7.0 · fell 85.2% (mother 32.0%) · prince 19.4% · king  9.7% · crowned  5.2% (median year 74) · 7.2s
try  2 · gen  148 · best    379.8 · elite    230.3 · median     10.8 · years  75.3 · road 0.49 · starved  1903 · nobles  -4.9 · read 14.5 · walls  7.7 · fell 64.8% (mother 38.0%) · prince 25.6% · king  8.4% · crowned  3.5% (median year 90) · 7.2s
try  3 · gen  148 · best    186.3 · elite    130.8 · median     51.2 · years  80.2 · road 0.53 · starved   593 · nobles -17.1 · read 40.7 · walls  7.9 · fell 46.0% (mother 17.0%) · prince  0.0% · king  0.0% · crowned  0.0% · 7.2s
try  4 · gen  148 · best    188.1 · elite    133.4 · median     49.6 · years  81.6 · road 0.53 · starved   743 · nobles -17.3 · read 15.5 · walls  8.2 · fell 45.6% (mother 21.3%) · prince  0.0% · king  0.0% · crowned  0.0% · 7.2s
try  5 · gen  148 · best    216.3 · elite    136.8 · median     58.2 · years  79.8 · road 0.53 · starved   514 · nobles -17.2 · read 29.8 · walls  8.1 · fell 45.3% (mother 15.6%) · prince  0.0% · king  0.0% · crowned  0.0% · 7.2s
try  6 · gen  148 · best    599.8 · elite    388.7 · median     44.4 · years  42.6 · road 0.39 · starved   789 · nobles  +0.4 · read  1.7 · walls  2.9 · fell 86.8% (mother 20.6%) · prince 18.6% · king 11.9% · crowned  9.6% (median year 63) · 7.2s
try  7 · gen  148 · best    662.2 · elite    282.7 · median     -1.1 · years  66.3 · road 0.47 · starved  1778 · nobles  -6.5 · read  9.9 · walls  6.4 · fell 81.0% (mother 36.9%) · prince 23.9% · king 10.4% · crowned  5.2% (median year 79) · 7.2s
try  8 · gen  148 · best    824.5 · elite    417.3 · median     51.6 · years  40.6 · road 0.39 · starved   928 · nobles  +0.4 · read  0.9 · walls  3.9 · fell 87.5% (mother 27.6%) · prince 21.6% · king 14.8% · crowned 10.5% (median year 63) · 7.2s
try  1 · gen  149 · best    706.5 · elite    295.1 · median      7.7 · years  59.5 · road 0.46 · starved  1444 · nobles  -5.3 · read  2.5 · walls  7.1 · fell 84.8% (mother 34.4%) · prince 20.2% · king  9.8% · crowned  5.4% (median year 75) · 7.3s
try  2 · gen  149 · best    453.0 · elite    229.2 · median     12.1 · years  76.1 · road 0.49 · starved  1923 · nobles  -4.8 · read 12.7 · walls  7.7 · fell 63.3% (mother 38.2%) · prince 25.8% · king  8.7% · crowned  3.4% (median year 82) · 7.3s
try  3 · gen  149 · best    172.7 · elite    136.4 · median     57.1 · years  80.9 · road 0.53 · starved   581 · nobles -17.2 · read 39.2 · walls  7.8 · fell 44.4% (mother 17.1%) · prince  0.0% · king  0.0% · crowned  0.0% · 7.3s
try  4 · gen  149 · best    177.5 · elite    130.4 · median     48.3 · years  80.3 · road 0.53 · starved   687 · nobles -17.2 · read 16.3 · walls  8.2 · fell 47.1% (mother 20.1%) · prince  0.0% · king  0.0% · crowned  0.0% · 7.3s
try  5 · gen  149 · best    201.8 · elite    139.6 · median     57.1 · years  80.2 · road 0.53 · starved   543 · nobles -17.2 · read 27.5 · walls  8.1 · fell 45.0% (mother 16.7%) · prince  0.0% · king  0.0% · crowned  0.0% · 7.3s
try  6 · gen  149 · best    784.9 · elite    401.7 · median     19.5 · years  41.8 · road 0.38 · starved   797 · nobles  +0.3 · read  1.8 · walls  2.9 · fell 87.5% (mother 22.3%) · prince 17.4% · king 11.4% · crowned  9.1% (median year 61) · 7.3s
try  7 · gen  149 · best    520.2 · elite    279.4 · median      2.5 · years  67.0 · road 0.48 · starved  1828 · nobles  -6.5 · read 10.5 · walls  6.4 · fell 80.4% (mother 38.5%) · prince 24.5% · king 10.2% · crowned  5.3% (median year 82) · 7.3s
try  8 · gen  149 · best    647.1 · elite    437.0 · median     70.2 · years  41.0 · road 0.38 · starved   890 · nobles  +0.5 · read  0.9 · walls  3.5 · fell 85.8% (mother 24.9%) · prince 21.8% · king 15.7% · crowned 11.4% (median year 61) · 7.3s
try  1 · gen  150 · best    763.0 · elite    291.2 · median      3.1 · years  60.3 · road 0.46 · starved  1483 · nobles  -5.4 · read  2.2 · walls  7.2 · fell 85.2% (mother 35.0%) · prince 21.2% · king  9.9% · crowned  5.1% (median year 74) · 7.6s
try  2 · gen  150 · best    455.9 · elite    240.5 · median     14.4 · years  76.7 · road 0.49 · starved  1923 · nobles  -4.7 · read 12.9 · walls  7.8 · fell 63.7% (mother 39.6%) · prince 27.0% · king  8.7% · crowned  4.0% (median year 87) · 7.6s
try  3 · gen  150 · best    194.4 · elite    138.1 · median     56.7 · years  81.3 · road 0.53 · starved   579 · nobles -17.2 · read 38.5 · walls  7.8 · fell 44.0% (mother 16.2%) · prince  0.0% · king  0.0% · crowned  0.0% · 7.6s
try  4 · gen  150 · best    182.2 · elite    128.8 · median     51.2 · years  81.0 · road 0.53 · starved   695 · nobles -17.2 · read 15.6 · walls  8.2 · fell 45.9% (mother 20.2%) · prince  0.0% · king  0.0% · crowned  0.0% · 7.6s
try  5 · gen  150 · best    196.1 · elite    139.5 · median     53.5 · years  79.4 · road 0.53 · starved   538 · nobles -17.2 · read 27.0 · walls  8.2 · fell 47.2% (mother 17.7%) · prince  0.0% · king  0.0% · crowned  0.0% · 7.6s
try  6 · gen  150 · best    696.9 · elite    375.7 · median     25.0 · years  42.5 · road 0.39 · starved   830 · nobles  -0.3 · read  1.8 · walls  3.1 · fell 87.8% (mother 22.1%) · prince 18.0% · king 12.1% · crowned  9.1% (median year 63) · 7.6s
try  7 · gen  150 · best    578.8 · elite    291.6 · median      6.5 · years  67.7 · road 0.48 · starved  1867 · nobles  -6.4 · read  9.6 · walls  6.6 · fell 80.6% (mother 41.2%) · prince 25.9% · king 11.3% · crowned  5.6% (median year 79) · 7.6s
try  8 · gen  150 · best    800.0 · elite    457.6 · median     80.8 · years  41.2 · road 0.38 · starved   906 · nobles  +0.4 · read  1.0 · walls  3.5 · fell 86.1% (mother 25.9%) · prince 22.1% · king 15.6% · crowned 11.7% (median year 64) · 7.6s
try  1 · gen  151 · best    723.6 · elite    264.4 · median      0.9 · years  61.0 · road 0.46 · starved  1504 · nobles  -5.8 · read  2.5 · walls  7.1 · fell 85.0% (mother 36.2%) · prince 20.2% · king  9.6% · crowned  4.5% (median year 76) · 7.2s
try  2 · gen  151 · best    535.8 · elite    238.9 · median     20.5 · years  76.3 · road 0.50 · starved  1947 · nobles  -4.3 · read 11.2 · walls  7.8 · fell 65.9% (mother 42.1%) · prince 28.1% · king  9.8% · crowned  4.4% (median year 89) · 7.2s
try  3 · gen  151 · best    189.4 · elite    138.9 · median     56.4 · years  81.2 · road 0.53 · starved   603 · nobles -17.0 · read 37.9 · walls  7.7 · fell 43.0% (mother 15.8%) · prince  0.0% · king  0.0% · crowned  0.0% · 7.2s
try  4 · gen  151 · best    169.3 · elite    122.9 · median     48.2 · years  80.2 · road 0.52 · starved   670 · nobles -16.9 · read 14.6 · walls  8.2 · fell 45.7% (mother 17.3%) · prince  0.0% · king  0.0% · crowned  0.0% · 7.2s
try  5 · gen  151 · best    207.0 · elite    140.1 · median     56.8 · years  79.2 · road 0.53 · starved   474 · nobles -17.0 · read 24.3 · walls  8.1 · fell 44.8% (mother 14.6%) · prince  0.0% · king  0.0% · crowned  0.0% · 7.2s
try  6 · gen  151 · best    747.8 · elite    376.3 · median     29.8 · years  43.2 · road 0.39 · starved   830 · nobles  -0.3 · read  1.7 · walls  3.4 · fell 86.7% (mother 22.2%) · prince 18.2% · king 11.9% · crowned  9.1% (median year 64) · 7.2s
try  7 · gen  151 · best    543.1 · elite    263.6 · median      3.8 · years  69.0 · road 0.49 · starved  1908 · nobles  -6.7 · read  8.6 · walls  6.7 · fell 78.9% (mother 41.4%) · prince 25.5% · king 10.4% · crowned  5.0% (median year 82) · 7.2s
try  8 · gen  151 · best    801.9 · elite    462.1 · median     53.5 · years  41.6 · road 0.38 · starved   948 · nobles  +0.5 · read  0.9 · walls  3.4 · fell 86.2% (mother 26.0%) · prince 22.6% · king 15.7% · crowned 11.2% (median year 64) · 7.2s
try  1 · gen  152 · best    546.6 · elite    257.1 · median      2.5 · years  63.7 · road 0.47 · starved  1619 · nobles  -6.7 · read  2.2 · walls  7.3 · fell 84.9% (mother 39.3%) · prince 21.4% · king  9.4% · crowned  4.3% (median year 76) · 7.3s
try  2 · gen  152 · best    375.2 · elite    230.3 · median     13.0 · years  76.2 · road 0.49 · starved  1925 · nobles  -4.1 · read 11.0 · walls  7.7 · fell 63.1% (mother 39.6%) · prince 27.2% · king  8.7% · crowned  3.4% (median year 87) · 7.3s
try  3 · gen  152 · best    179.6 · elite    138.7 · median     53.1 · years  81.1 · road 0.53 · starved   625 · nobles -17.3 · read 39.6 · walls  7.8 · fell 45.6% (mother 18.3%) · prince  0.0% · king  0.0% · crowned  0.0% · 7.3s
try  4 · gen  152 · best    177.0 · elite    129.3 · median     48.0 · years  81.8 · road 0.53 · starved   683 · nobles -17.4 · read 16.3 · walls  8.2 · fell 44.9% (mother 19.0%) · prince  0.0% · king  0.0% · crowned  0.0% · 7.3s
try  5 · gen  152 · best    186.3 · elite    138.4 · median     56.0 · years  79.8 · road 0.53 · starved   535 · nobles -17.2 · read 26.4 · walls  8.1 · fell 46.1% (mother 16.6%) · prince  0.0% · king  0.0% · crowned  0.0% · 7.3s
try  6 · gen  152 · best    888.9 · elite    403.8 · median     26.3 · years  43.5 · road 0.39 · starved   862 · nobles  -0.0 · read  1.4 · walls  3.3 · fell 86.8% (mother 22.9%) · prince 19.2% · king 12.3% · crowned  9.3% (median year 64) · 7.3s
try  7 · gen  152 · best    641.4 · elite    253.2 · median      4.0 · years  70.1 · road 0.49 · starved  1948 · nobles  -6.9 · read  9.7 · walls  6.8 · fell 77.4% (mother 41.3%) · prince 25.5% · king 10.6% · crowned  4.8% (median year 82) · 7.3s
try  8 · gen  152 · best    780.1 · elite    436.0 · median     60.3 · years  41.5 · road 0.39 · starved   939 · nobles  +0.4 · read  1.0 · walls  3.7 · fell 86.8% (mother 27.5%) · prince 21.5% · king 14.5% · crowned 10.7% (median year 63) · 7.3s
try  1 · gen  153 · best    594.3 · elite    249.6 · median     -0.1 · years  65.5 · road 0.47 · starved  1723 · nobles  -6.9 · read  2.6 · walls  7.3 · fell 83.0% (mother 39.2%) · prince 22.2% · king  8.5% · crowned  3.8% (median year 76) · 7.4s
try  2 · gen  153 · best    618.1 · elite    232.4 · median     17.9 · years  74.9 · road 0.48 · starved  1877 · nobles  -3.7 · read  8.1 · walls  7.5 · fell 62.3% (mother 39.2%) · prince 27.1% · king  8.4% · crowned  3.5% (median year 81) · 7.4s
try  3 · gen  153 · best    211.4 · elite    137.5 · median     53.2 · years  80.5 · road 0.53 · starved   595 · nobles -17.0 · read 38.7 · walls  7.8 · fell 44.4% (mother 16.4%) · prince  0.0% · king  0.0% · crowned  0.0% · 7.4s
try  4 · gen  153 · best    164.2 · elite    129.6 · median     45.9 · years  80.6 · road 0.53 · starved   673 · nobles -17.2 · read 15.3 · walls  8.2 · fell 46.2% (mother 19.1%) · prince  0.0% · king  0.0% · crowned  0.0% · 7.4s
try  5 · gen  153 · best    184.2 · elite    133.3 · median     56.8 · years  79.7 · road 0.53 · starved   484 · nobles -17.2 · read 23.3 · walls  8.1 · fell 45.2% (mother 15.2%) · prince  0.0% · king  0.0% · crowned  0.0% · 7.4s
try  6 · gen  153 · best    770.8 · elite    406.8 · median     28.0 · years  44.1 · road 0.40 · starved   897 · nobles  -0.3 · read  1.6 · walls  3.7 · fell 86.7% (mother 24.2%) · prince 19.1% · king 12.6% · crowned  9.3% (median year 65) · 7.4s
try  7 · gen  153 · best    486.5 · elite    249.6 · median      3.7 · years  69.6 · road 0.48 · starved  1945 · nobles  -6.5 · read  9.8 · walls  6.7 · fell 77.7% (mother 42.1%) · prince 26.1% · king 10.4% · crowned  4.9% (median year 83) · 7.4s
try  8 · gen  153 · best    711.9 · elite    417.9 · median     49.3 · years  41.6 · road 0.39 · starved   965 · nobles  +0.1 · read  0.8 · walls  3.7 · fell 87.2% (mother 29.7%) · prince 22.1% · king 14.8% · crowned 10.4% (median year 64) · 7.4s
try  1 · gen  154 · best    425.4 · elite    234.4 · median     -1.9 · years  65.6 · road 0.47 · starved  1711 · nobles  -7.0 · read  3.0 · walls  7.3 · fell 84.1% (mother 40.3%) · prince 21.9% · king  8.5% · crowned  3.6% (median year 79) · 7.3s
try  2 · gen  154 · best    501.2 · elite    218.5 · median     13.7 · years  76.3 · road 0.49 · starved  1938 · nobles  -3.7 · read  9.3 · walls  7.5 · fell 61.8% (mother 38.2%) · prince 27.1% · king  8.4% · crowned  3.7% (median year 86) · 7.3s
try  3 · gen  154 · best    189.4 · elite    141.1 · median     55.8 · years  81.9 · road 0.54 · starved   591 · nobles -17.4 · read 39.3 · walls  7.7 · fell 43.1% (mother 17.4%) · prince  0.0% · king  0.0% · crowned  0.0% · 7.3s
try  4 · gen  154 · best    179.0 · elite    131.6 · median     46.3 · years  80.9 · road 0.53 · starved   693 · nobles -17.1 · read 14.7 · walls  8.2 · fell 45.0% (mother 18.5%) · prince  0.0% · king  0.0% · crowned  0.0% · 7.3s
try  5 · gen  154 · best    185.4 · elite    137.0 · median     56.2 · years  78.9 · road 0.53 · starved   480 · nobles -17.0 · read 21.6 · walls  8.1 · fell 46.0% (mother 15.6%) · prince  0.0% · king  0.0% · crowned  0.0% · 7.3s
try  6 · gen  154 · best    747.7 · elite    385.3 · median     30.3 · years  44.7 · road 0.40 · starved   869 · nobles  -0.1 · read  2.0 · walls  3.6 · fell 86.7% (mother 22.1%) · prince 18.7% · king 12.4% · crowned  9.1% (median year 65) · 7.3s
try  7 · gen  154 · best    618.5 · elite    250.5 · median      0.5 · years  70.2 · road 0.48 · starved  1932 · nobles  -6.4 · read  8.9 · walls  6.6 · fell 76.2% (mother 42.5%) · prince 24.5% · king  9.6% · crowned  4.6% (median year 83) · 7.3s
try  8 · gen  154 · best    861.5 · elite    420.4 · median     64.8 · years  42.1 · road 0.39 · starved   976 · nobles  +0.5 · read  0.6 · walls  3.6 · fell 86.8% (mother 28.3%) · prince 22.2% · king 15.1% · crowned 10.7% (median year 64) · 7.3s
try  1 · gen  155 · best    519.5 · elite    221.3 · median      3.1 · years  66.6 · road 0.48 · starved  1793 · nobles  -7.3 · read  3.3 · walls  7.3 · fell 84.2% (mother 44.0%) · prince 23.5% · king  8.2% · crowned  3.4% (median year 78) · 7.4s
try  2 · gen  155 · best    424.7 · elite    229.6 · median     16.7 · years  75.3 · road 0.48 · starved  1931 · nobles  -3.4 · read  9.6 · walls  7.4 · fell 63.0% (mother 39.7%) · prince 28.2% · king  9.1% · crowned  4.1% (median year 91) · 7.4s
try  3 · gen  155 · best    202.6 · elite    142.0 · median     57.3 · years  82.0 · road 0.53 · starved   584 · nobles -17.4 · read 38.8 · walls  7.7 · fell 42.0% (mother 16.8%) · prince  0.0% · king  0.0% · crowned  0.0% · 7.4s
try  4 · gen  155 · best    182.8 · elite    129.9 · median     47.5 · years  81.5 · road 0.53 · starved   740 · nobles -17.2 · read 14.2 · walls  8.2 · fell 45.0% (mother 18.9%) · prince  0.0% · king  0.0% · crowned  0.0% · 7.4s
try  5 · gen  155 · best    204.0 · elite    140.4 · median     56.7 · years  79.4 · road 0.53 · starved   478 · nobles -17.1 · read 22.6 · walls  8.1 · fell 45.5% (mother 15.7%) · prince  0.0% · king  0.0% · crowned  0.0% · 7.4s
try  6 · gen  155 · best    713.3 · elite    393.4 · median     39.4 · years  44.7 · road 0.39 · starved   853 · nobles  -0.2 · read  1.8 · walls  3.6 · fell 85.6% (mother 21.5%) · prince 19.0% · king 12.4% · crowned  9.6% (median year 66) · 7.4s
try  7 · gen  155 · best    527.3 · elite    278.8 · median      7.1 · years  72.7 · road 0.49 · starved  1976 · nobles  -6.3 · read 10.3 · walls  6.7 · fell 73.2% (mother 39.9%) · prince 26.6% · king 10.6% · crowned  5.1% (median year 88) · 7.4s
try  8 · gen  155 · best    732.7 · elite    417.9 · median     51.6 · years  42.0 · road 0.39 · starved  1007 · nobles  +0.4 · read  1.2 · walls  3.6 · fell 87.6% (mother 29.3%) · prince 22.5% · king 14.6% · crowned 10.6% (median year 64) · 7.4s
try  1 · gen  156 · best    583.1 · elite    225.0 · median     -0.1 · years  68.8 · road 0.48 · starved  1812 · nobles  -7.5 · read  3.2 · walls  7.4 · fell 81.0% (mother 43.2%) · prince 23.9% · king  8.2% · crowned  3.2% (median year 79) · 7.3s
try  2 · gen  156 · best    439.6 · elite    243.8 · median     14.2 · years  75.4 · road 0.49 · starved  1909 · nobles  -3.1 · read  9.2 · walls  7.5 · fell 63.2% (mother 39.7%) · prince 27.6% · king  8.4% · crowned  4.1% (median year 90) · 7.3s
try  3 · gen  156 · best    187.8 · elite    138.3 · median     53.3 · years  80.6 · road 0.53 · starved   579 · nobles -17.1 · read 38.2 · walls  7.7 · fell 45.3% (mother 17.0%) · prince  0.0% · king  0.0% · crowned  0.0% · 7.3s
try  4 · gen  156 · best    194.3 · elite    132.3 · median     48.2 · years  81.7 · road 0.53 · starved   732 · nobles -17.3 · read 11.9 · walls  8.2 · fell 45.0% (mother 19.2%) · prince  0.0% · king  0.0% · crowned  0.0% · 7.3s
try  5 · gen  156 · best    195.2 · elite    137.9 · median     54.3 · years  79.8 · road 0.53 · starved   516 · nobles -17.2 · read 21.3 · walls  8.1 · fell 45.7% (mother 16.2%) · prince  0.0% · king  0.0% · crowned  0.0% · 7.3s
try  6 · gen  156 · best    774.6 · elite    394.9 · median     32.0 · years  45.2 · road 0.40 · starved   885 · nobles  -0.3 · read  1.9 · walls  3.7 · fell 86.5% (mother 23.6%) · prince 19.1% · king 12.4% · crowned  9.4% (median year 66) · 7.3s
try  7 · gen  156 · best    611.1 · elite    265.0 · median     10.1 · years  71.8 · road 0.49 · starved  1943 · nobles  -5.6 · read  8.7 · walls  6.8 · fell 73.4% (mother 41.0%) · prince 26.6% · king 10.8% · crowned  5.2% (median year 81) · 7.3s
try  8 · gen  156 · best    884.1 · elite    422.5 · median     44.6 · years  42.8 · road 0.39 · starved  1012 · nobles  +0.2 · read  0.6 · walls  3.8 · fell 86.9% (mother 29.1%) · prince 21.8% · king 14.6% · crowned 10.4% (median year 65) · 7.3s
try  1 · gen  157 · best    495.1 · elite    230.6 · median     -2.1 · years  68.4 · road 0.48 · starved  1835 · nobles  -7.6 · read  3.4 · walls  7.3 · fell 81.7% (mother 44.3%) · prince 23.1% · king  7.8% · crowned  3.1% (median year 78) · 7.3s
try  2 · gen  157 · best    499.3 · elite    239.0 · median     17.7 · years  76.7 · road 0.48 · starved  1938 · nobles  -2.8 · read  9.0 · walls  7.3 · fell 60.7% (mother 38.8%) · prince 28.9% · king  8.2% · crowned  3.6% (median year 90) · 7.3s
try  3 · gen  157 · best    190.1 · elite    136.1 · median     55.3 · years  80.7 · road 0.53 · starved   605 · nobles -17.2 · read 38.5 · walls  7.7 · fell 45.4% (mother 18.0%) · prince  0.0% · king  0.0% · crowned  0.0% · 7.3s
try  4 · gen  157 · best    185.0 · elite    131.8 · median     46.5 · years  80.9 · road 0.53 · starved   714 · nobles -17.2 · read 11.4 · walls  8.2 · fell 46.5% (mother 20.6%) · prince  0.0% · king  0.0% · crowned  0.0% · 7.3s
try  5 · gen  157 · best    198.2 · elite    139.4 · median     59.7 · years  81.0 · road 0.54 · starved   529 · nobles -17.4 · read 21.1 · walls  8.1 · fell 44.9% (mother 16.8%) · prince  0.0% · king  0.0% · crowned  0.0% · 7.3s
try  6 · gen  157 · best    690.4 · elite    381.0 · median     25.8 · years  45.5 · road 0.40 · starved   924 · nobles  -0.5 · read  1.8 · walls  3.7 · fell 86.2% (mother 23.9%) · prince 18.6% · king 12.2% · crowned  8.7% (median year 66) · 7.3s
try  7 · gen  157 · best    579.9 · elite    266.3 · median     11.8 · years  72.5 · road 0.49 · starved  1985 · nobles  -5.7 · read  7.9 · walls  6.9 · fell 72.1% (mother 40.8%) · prince 27.4% · king 11.0% · crowned  5.5% (median year 83) · 7.3s
try  8 · gen  157 · best    785.2 · elite    414.6 · median     52.5 · years  43.5 · road 0.40 · starved  1030 · nobles  +0.3 · read  0.9 · walls  3.9 · fell 86.5% (mother 29.3%) · prince 22.6% · king 15.2% · crowned 10.3% (median year 65) · 7.3s
try  1 · gen  158 · best    503.0 · elite    235.6 · median     -1.0 · years  69.3 · road 0.49 · starved  1832 · nobles  -7.7 · read  3.4 · walls  7.4 · fell 80.1% (mother 44.0%) · prince 23.3% · king  8.0% · crowned  3.5% (median year 79) · 7.4s
try  2 · gen  158 · best    462.5 · elite    226.3 · median     13.8 · years  75.2 · road 0.48 · starved  1909 · nobles  -2.6 · read 10.9 · walls  7.3 · fell 60.6% (mother 37.5%) · prince 29.1% · king  7.6% · crowned  3.5% (median year 81) · 7.4s
try  3 · gen  158 · best    187.7 · elite    136.6 · median     60.6 · years  82.3 · road 0.54 · starved   618 · nobles -17.3 · read 34.5 · walls  7.7 · fell 42.8% (mother 17.8%) · prince  0.0% · king  0.0% · crowned  0.0% · 7.4s
try  4 · gen  158 · best    177.8 · elite    130.6 · median     47.4 · years  81.2 · road 0.53 · starved   732 · nobles -17.2 · read 11.8 · walls  8.2 · fell 44.7% (mother 18.6%) · prince  0.0% · king  0.0% · crowned  0.0% · 7.4s
try  5 · gen  158 · best    192.0 · elite    140.3 · median     58.3 · years  81.1 · road 0.54 · starved   555 · nobles -17.4 · read 20.7 · walls  8.1 · fell 44.6% (mother 16.8%) · prince  0.0% · king  0.0% · crowned  0.0% · 7.4s
try  6 · gen  158 · best    647.0 · elite    367.4 · median     25.8 · years  45.4 · road 0.40 · starved   928 · nobles  -0.7 · read  1.8 · walls  3.7 · fell 86.8% (mother 24.0%) · prince 18.9% · king 12.1% · crowned  8.7% (median year 66) · 7.4s
try  7 · gen  158 · best    457.8 · elite    270.7 · median      6.9 · years  73.9 · road 0.49 · starved  1981 · nobles  -5.5 · read  7.0 · walls  6.8 · fell 70.1% (mother 40.1%) · prince 26.8% · king 10.2% · crowned  5.0% (median year 87) · 7.4s
try  8 · gen  158 · best    779.7 · elite    427.3 · median     71.8 · years  43.9 · road 0.40 · starved  1038 · nobles  +0.5 · read  0.8 · walls  4.1 · fell 85.6% (mother 28.5%) · prince 22.5% · king 15.2% · crowned 11.2% (median year 65) · 7.4s
try  1 · gen  159 · best    391.6 · elite    217.9 · median     -0.9 · years  70.5 · road 0.49 · starved  1867 · nobles  -7.7 · read  3.7 · walls  7.4 · fell 79.1% (mother 42.8%) · prince 23.5% · king  7.8% · crowned  2.9% (median year 77) · 7.4s
try  2 · gen  159 · best    390.2 · elite    219.4 · median     14.2 · years  73.7 · road 0.47 · starved  1875 · nobles  -2.2 · read 10.1 · walls  7.1 · fell 61.1% (mother 37.5%) · prince 28.5% · king  8.1% · crowned  3.7% (median year 88) · 7.4s
try  3 · gen  159 · best    197.7 · elite    137.4 · median     52.7 · years  81.0 · road 0.53 · starved   601 · nobles -17.2 · read 34.0 · walls  7.7 · fell 45.1% (mother 17.6%) · prince  0.0% · king  0.0% · crowned  0.0% · 7.4s
try  4 · gen  159 · best    193.0 · elite    127.0 · median     43.7 · years  80.6 · road 0.53 · starved   744 · nobles -17.0 · read 12.0 · walls  8.2 · fell 46.0% (mother 18.7%) · prince  0.0% · king  0.0% · crowned  0.0% · 7.4s
try  5 · gen  159 · best    225.0 · elite    141.0 · median     59.6 · years  80.7 · road 0.53 · starved   485 · nobles -17.3 · read 20.5 · walls  8.1 · fell 43.5% (mother 14.9%) · prince  0.0% · king  0.0% · crowned  0.0% · 7.4s
try  6 · gen  159 · best    676.6 · elite    361.2 · median     20.8 · years  46.5 · road 0.40 · starved   917 · nobles  -1.0 · read  2.0 · walls  3.8 · fell 85.6% (mother 23.5%) · prince 18.7% · king 12.0% · crowned  8.4% (median year 67) · 7.4s
try  7 · gen  159 · best    464.3 · elite    246.7 · median     19.0 · years  73.0 · road 0.49 · starved  1961 · nobles  -5.1 · read  6.8 · walls  6.8 · fell 69.2% (mother 41.2%) · prince 27.2% · king 10.1% · crowned  4.6% (median year 88) · 7.4s
try  8 · gen  159 · best    858.9 · elite    423.4 · median     67.6 · years  44.4 · road 0.40 · starved  1036 · nobles  +0.1 · read  0.7 · walls  4.1 · fell 86.2% (mother 28.3%) · prince 22.7% · king 15.4% · crowned 10.8% (median year 65) · 7.4s
try  1 · gen  160 · best    409.1 · elite    224.7 · median     -1.3 · years  71.5 · road 0.49 · starved  1890 · nobles  -8.0 · read  4.7 · walls  7.2 · fell 78.4% (mother 43.9%) · prince 23.8% · king  7.3% · crowned  3.2% (median year 82) · 7.4s
try  2 · gen  160 · best    489.7 · elite    229.5 · median     15.0 · years  75.8 · road 0.48 · starved  1896 · nobles  -2.6 · read  9.4 · walls  7.1 · fell 59.2% (mother 37.8%) · prince 28.8% · king  7.7% · crowned  3.7% (median year 84) · 7.4s
try  3 · gen  160 · best    188.3 · elite    141.1 · median     59.4 · years  82.5 · road 0.54 · starved   560 · nobles -17.3 · read 34.1 · walls  7.6 · fell 42.6% (mother 16.5%) · prince  0.0% · king  0.0% · crowned  0.0% · 7.4s
try  4 · gen  160 · best    197.4 · elite    129.7 · median     47.7 · years  81.1 · road 0.53 · starved   747 · nobles -17.2 · read 11.2 · walls  8.2 · fell 45.6% (mother 19.1%) · prince  0.0% · king  0.0% · crowned  0.0% · 7.4s
try  5 · gen  160 · best    179.8 · elite    135.2 · median     55.0 · years  79.1 · road 0.53 · starved   495 · nobles -17.2 · read 19.6 · walls  8.2 · fell 46.8% (mother 16.4%) · prince  0.0% · king  0.0% · crowned  0.0% · 7.4s
try  6 · gen  160 · best    663.2 · elite    362.1 · median     25.4 · years  47.4 · road 0.40 · starved   986 · nobles  -1.1 · read  2.1 · walls  3.9 · fell 85.7% (mother 24.2%) · prince 19.9% · king 12.2% · crowned  8.4% (median year 69) · 7.4s
try  7 · gen  160 · best    501.6 · elite    268.8 · median     10.6 · years  72.6 · road 0.48 · starved  1943 · nobles  -4.3 · read  5.5 · walls  6.7 · fell 69.3% (mother 41.1%) · prince 27.4% · king 10.5% · crowned  5.0% (median year 88) · 7.4s
try  8 · gen  160 · best    829.1 · elite    429.6 · median     61.3 · years  45.4 · road 0.41 · starved  1056 · nobles  -0.1 · read  0.5 · walls  4.5 · fell 85.4% (mother 29.0%) · prince 22.7% · king 14.9% · crowned 10.8% (median year 66) · 7.4s
try  1 · gen  161 · best    766.4 · elite    214.9 · median      0.3 · years  71.9 · road 0.49 · starved  1906 · nobles  -8.0 · read  3.6 · walls  7.3 · fell 77.9% (mother 43.3%) · prince 23.9% · king  8.3% · crowned  3.2% (median year 79) · 7.4s
try  2 · gen  161 · best    394.3 · elite    231.9 · median     16.3 · years  74.5 · road 0.47 · starved  1897 · nobles  -2.1 · read 10.2 · walls  7.1 · fell 60.6% (mother 38.8%) · prince 29.0% · king  8.8% · crowned  4.0% (median year 88) · 7.4s
try  3 · gen  161 · best    210.8 · elite    143.7 · median     55.4 · years  81.0 · road 0.54 · starved   602 · nobles -17.1 · read 28.4 · walls  7.6 · fell 45.2% (mother 18.7%) · prince  0.0% · king  0.0% · crowned  0.0% · 7.4s
try  4 · gen  161 · best    180.2 · elite    125.4 · median     40.2 · years  80.4 · road 0.53 · starved   848 · nobles -17.0 · read 10.2 · walls  8.2 · fell 47.2% (mother 20.0%) · prince  0.0% · king  0.0% · crowned  0.0% · 7.4s
try  5 · gen  161 · best    191.4 · elite    133.1 · median     57.9 · years  80.2 · road 0.54 · starved   519 · nobles -17.4 · read 20.1 · walls  8.2 · fell 45.9% (mother 17.9%) · prince  0.0% · king  0.0% · crowned  0.0% · 7.4s
try  6 · gen  161 · best    603.3 · elite    366.4 · median     21.1 · years  47.6 · road 0.40 · starved   991 · nobles  -1.1 · read  1.9 · walls  4.1 · fell 86.0% (mother 24.8%) · prince 20.5% · king 12.1% · crowned  8.1% (median year 69) · 7.4s
try  7 · gen  161 · best    546.7 · elite    266.5 · median     13.1 · years  73.8 · road 0.49 · starved  1952 · nobles  -4.7 · read  6.3 · walls  6.7 · fell 68.1% (mother 41.1%) · prince 26.8% · king 10.4% · crowned  4.9% (median year 89) · 7.4s
try  8 · gen  161 · best    873.8 · elite    428.3 · median     77.5 · years  46.5 · road 0.41 · starved  1059 · nobles  -0.1 · read  0.6 · walls  4.8 · fell 84.8% (mother 28.6%) · prince 23.5% · king 15.4% · crowned 11.1% (median year 65) · 7.4s
try  1 · gen  162 · best    536.3 · elite    235.4 · median      3.2 · years  71.7 · road 0.49 · starved  1899 · nobles  -7.5 · read  4.2 · walls  7.2 · fell 77.7% (mother 43.8%) · prince 25.3% · king  8.6% · crowned  3.3% (median year 80) · 7.4s
try  2 · gen  162 · best    501.1 · elite    229.0 · median     13.7 · years  75.9 · road 0.48 · starved  1876 · nobles  -2.3 · read  9.2 · walls  7.1 · fell 58.2% (mother 37.6%) · prince 28.1% · king  7.5% · crowned  3.5% (median year 89) · 7.4s
try  3 · gen  162 · best    197.7 · elite    135.5 · median     57.0 · years  80.9 · road 0.54 · starved   592 · nobles -17.2 · read 27.5 · walls  7.6 · fell 45.4% (mother 18.8%) · prince  0.0% · king  0.0% · crowned  0.0% · 7.4s
try  4 · gen  162 · best    195.8 · elite    129.1 · median     47.7 · years  80.8 · road 0.53 · starved   729 · nobles -17.2 · read 10.6 · walls  8.2 · fell 46.0% (mother 19.8%) · prince  0.0% · king  0.0% · crowned  0.0% · 7.4s
try  5 · gen  162 · best    193.8 · elite    139.9 · median     57.4 · years  79.4 · road 0.54 · starved   485 · nobles -17.1 · read 20.8 · walls  8.2 · fell 46.2% (mother 18.0%) · prince  0.0% · king  0.0% · crowned  0.0% · 7.4s
try  6 · gen  162 · best    678.9 · elite    355.0 · median     25.7 · years  48.4 · road 0.41 · starved  1005 · nobles  -1.2 · read  2.5 · walls  4.4 · fell 85.4% (mother 24.4%) · prince 20.0% · king 12.1% · crowned  8.4% (median year 72) · 7.4s
try  7 · gen  162 · best    491.2 · elite    257.5 · median      6.8 · years  72.6 · road 0.48 · starved  1953 · nobles  -4.5 · read  5.0 · walls  6.6 · fell 69.1% (mother 41.1%) · prince 26.4% · king  9.9% · crowned  4.8% (median year 86) · 7.4s
try  8 · gen  162 · best    725.8 · elite    434.3 · median     48.4 · years  46.2 · road 0.41 · starved  1092 · nobles  -0.3 · read  0.5 · walls  4.8 · fell 85.4% (mother 28.6%) · prince 23.1% · king 14.7% · crowned 10.6% (median year 66) · 7.4s
try  1 · gen  163 · best    451.1 · elite    214.6 · median      6.4 · years  74.2 · road 0.49 · starved  1890 · nobles  -7.8 · read  4.7 · walls  7.3 · fell 72.2% (mother 40.1%) · prince 25.4% · king  7.8% · crowned  3.0% (median year 82) · 7.4s
try  2 · gen  163 · best    488.8 · elite    245.9 · median     15.6 · years  76.1 · road 0.48 · starved  1896 · nobles  -2.4 · read  9.4 · walls  7.1 · fell 58.8% (mother 37.6%) · prince 29.3% · king  8.4% · crowned  3.7% (median year 84) · 7.4s
try  3 · gen  163 · best    198.1 · elite    136.4 · median     54.1 · years  80.5 · road 0.54 · starved   584 · nobles -17.1 · read 30.7 · walls  7.7 · fell 46.1% (mother 18.0%) · prince  0.0% · king  0.0% · crowned  0.0% · 7.4s
try  4 · gen  163 · best    183.8 · elite    130.7 · median     47.0 · years  81.1 · road 0.54 · starved   728 · nobles -17.2 · read 10.6 · walls  8.3 · fell 45.7% (mother 19.9%) · prince  0.0% · king  0.0% · crowned  0.0% · 7.4s
try  5 · gen  163 · best    194.4 · elite    140.5 · median     56.0 · years  79.8 · road 0.54 · starved   490 · nobles -17.2 · read 19.0 · walls  8.1 · fell 45.0% (mother 16.1%) · prince  0.0% · king  0.0% · crowned  0.0% · 7.4s
try  6 · gen  163 · best    734.0 · elite    359.7 · median     30.4 · years  49.5 · road 0.41 · starved  1026 · nobles  -1.3 · read  2.4 · walls  4.6 · fell 85.0% (mother 26.0%) · prince 20.0% · king 12.2% · crowned  8.4% (median year 71) · 7.4s
try  7 · gen  163 · best    598.4 · elite    253.4 · median     11.0 · years  71.1 · road 0.47 · starved  1936 · nobles  -3.7 · read  4.9 · walls  6.5 · fell 68.8% (mother 40.5%) · prince 26.6% · king 10.4% · crowned  5.1% (median year 90) · 7.4s
try  8 · gen  163 · best    725.3 · elite    417.0 · median     55.8 · years  46.5 · road 0.41 · starved  1116 · nobles  -0.4 · read  0.5 · walls  4.7 · fell 85.5% (mother 29.8%) · prince 23.5% · king 15.2% · crowned 10.4% (median year 65) · 7.4s
try  1 · gen  164 · best    558.2 · elite    221.5 · median      4.1 · years  74.8 · road 0.49 · starved  1880 · nobles  -7.5 · read  4.6 · walls  7.3 · fell 70.9% (mother 38.8%) · prince 24.8% · king  7.5% · crowned  3.1% (median year 78) · 7.4s
try  2 · gen  164 · best    379.6 · elite    227.3 · median     20.4 · years  76.5 · road 0.48 · starved  1869 · nobles  -2.3 · read 10.1 · walls  7.2 · fell 58.4% (mother 35.9%) · prince 28.7% · king  7.8% · crowned  3.7% (median year 89) · 7.4s
try  3 · gen  164 · best    192.7 · elite    137.2 · median     56.8 · years  81.6 · road 0.54 · starved   575 · nobles -17.3 · read 30.3 · walls  7.6 · fell 43.5% (mother 18.3%) · prince  0.0% · king  0.0% · crowned  0.0% · 7.4s
try  4 · gen  164 · best    180.1 · elite    125.3 · median     48.2 · years  80.7 · road 0.53 · starved   705 · nobles -17.1 · read 11.2 · walls  8.2 · fell 45.6% (mother 18.8%) · prince  0.0% · king  0.0% · crowned  0.0% · 7.4s
try  5 · gen  164 · best    183.2 · elite    133.2 · median     56.7 · years  79.4 · road 0.54 · starved   517 · nobles -17.1 · read 24.0 · walls  8.1 · fell 46.0% (mother 17.0%) · prince  0.0% · king  0.0% · crowned  0.0% · 7.4s
try  6 · gen  164 · best    676.8 · elite    355.3 · median     30.6 · years  50.1 · road 0.41 · starved  1012 · nobles  -1.8 · read  2.9 · walls  4.7 · fell 84.4% (mother 25.2%) · prince 20.7% · king 12.7% · crowned  8.2% (median year 70) · 7.4s
try  7 · gen  164 · best    557.2 · elite    259.1 · median     16.1 · years  72.8 · road 0.48 · starved  1938 · nobles  -3.4 · read  6.1 · walls  6.6 · fell 68.6% (mother 41.0%) · prince 28.4% · king 10.0% · crowned  4.9% (median year 90) · 7.4s
try  8 · gen  164 · best    914.8 · elite    434.4 · median     50.6 · years  47.9 · road 0.42 · starved  1147 · nobles  -0.9 · read  0.4 · walls  4.8 · fell 85.3% (mother 29.0%) · prince 23.5% · king 15.1% · crowned 10.5% (median year 65) · 7.4s
try  1 · gen  165 · best    530.4 · elite    212.8 · median      6.9 · years  75.0 · road 0.49 · starved  1877 · nobles  -7.3 · read  4.7 · walls  7.4 · fell 69.6% (mother 39.0%) · prince 23.9% · king  7.2% · crowned  2.9% (median year 74) · 7.5s
try  2 · gen  165 · best    513.3 · elite    244.5 · median     19.5 · years  75.1 · road 0.48 · starved  1911 · nobles  -2.0 · read  7.7 · walls  7.1 · fell 60.0% (mother 37.8%) · prince 28.6% · king  8.6% · crowned  4.3% (median year 86) · 7.5s
try  3 · gen  165 · best    202.9 · elite    143.1 · median     57.4 · years  81.1 · road 0.54 · starved   600 · nobles -17.2 · read 30.4 · walls  7.6 · fell 44.3% (mother 18.0%) · prince  0.0% · king  0.0% · crowned  0.0% · 7.5s
try  4 · gen  165 · best    179.9 · elite    128.7 · median     45.3 · years  80.6 · road 0.53 · starved   774 · nobles -17.1 · read 11.8 · walls  8.3 · fell 46.0% (mother 19.8%) · prince  0.0% · king  0.0% · crowned  0.0% · 7.5s
try  5 · gen  165 · best    203.2 · elite    143.0 · median     54.9 · years  80.2 · road 0.54 · starved   544 · nobles -17.3 · read 22.8 · walls  8.2 · fell 46.4% (mother 18.8%) · prince  0.0% · king  0.0% · crowned  0.0% · 7.5s
try  6 · gen  165 · best    739.8 · elite    346.6 · median     20.1 · years  50.8 · road 0.42 · starved  1080 · nobles  -2.3 · read  2.6 · walls  4.8 · fell 84.8% (mother 27.3%) · prince 20.5% · king 12.0% · crowned  7.6% (median year 71) · 7.5s
try  7 · gen  165 · best    490.2 · elite    262.5 · median     12.8 · years  71.9 · road 0.48 · starved  1919 · nobles  -3.2 · read  5.4 · walls  6.6 · fell 69.2% (mother 41.7%) · prince 28.6% · king 10.7% · crowned  5.2% (median year 89) · 7.5s
try  8 · gen  165 · best    687.5 · elite    391.1 · median     56.8 · years  49.5 · road 0.42 · starved  1180 · nobles  -1.1 · read  0.6 · walls  5.0 · fell 85.1% (mother 29.8%) · prince 24.1% · king 14.7% · crowned  9.7% (median year 66) · 7.5s
try  1 · gen  166 · best    437.1 · elite    223.4 · median      7.1 · years  76.5 · road 0.50 · starved  1871 · nobles  -7.0 · read  5.3 · walls  7.3 · fell 67.2% (mother 36.4%) · prince 26.0% · king  7.9% · crowned  2.8% (median year 81) · 7.5s
try  2 · gen  166 · best    621.7 · elite    233.5 · median     15.4 · years  75.7 · road 0.48 · starved  1874 · nobles  -2.1 · read  7.3 · walls  7.1 · fell 58.3% (mother 37.5%) · prince 28.5% · king  7.8% · crowned  3.8% (median year 90) · 7.5s
try  3 · gen  166 · best    176.2 · elite    134.9 · median     55.1 · years  81.2 · road 0.54 · starved   602 · nobles -17.1 · read 29.5 · walls  7.6 · fell 44.9% (mother 18.0%) · prince  0.0% · king  0.0% · crowned  0.0% · 7.5s
try  4 · gen  166 · best    179.0 · elite    126.3 · median     45.7 · years  81.0 · road 0.53 · starved   788 · nobles -17.0 · read  9.9 · walls  8.3 · fell 44.4% (mother 18.6%) · prince  0.0% · king  0.0% · crowned  0.0% · 7.5s
try  5 · gen  166 · best    208.9 · elite    143.8 · median     55.3 · years  79.7 · road 0.54 · starved   499 · nobles -17.1 · read 23.1 · walls  8.1 · fell 45.2% (mother 16.9%) · prince  0.0% · king  0.0% · crowned  0.0% · 7.5s
try  6 · gen  166 · best    693.3 · elite    336.6 · median     18.8 · years  52.5 · road 0.42 · starved  1117 · nobles  -2.7 · read  2.3 · walls  5.0 · fell 83.9% (mother 25.3%) · prince 20.6% · king 12.0% · crowned  7.8% (median year 73) · 7.5s
try  7 · gen  166 · best    516.9 · elite    243.5 · median     12.4 · years  72.0 · road 0.48 · starved  1932 · nobles  -3.4 · read  6.4 · walls  6.6 · fell 67.4% (mother 41.4%) · prince 27.8% · king  9.6% · crowned  4.4% (median year 91) · 7.5s
try  8 · gen  166 · best    766.5 · elite    407.3 · median     49.2 · years  49.7 · road 0.42 · starved  1166 · nobles  -1.4 · read  0.4 · walls  4.8 · fell 84.0% (mother 29.3%) · prince 23.6% · king 15.2% · crowned 10.1% (median year 66) · 7.5s
try  1 · gen  167 · best    462.9 · elite    225.9 · median      8.4 · years  76.7 · road 0.50 · starved  1868 · nobles  -6.9 · read  5.4 · walls  7.3 · fell 68.0% (mother 36.6%) · prince 25.5% · king  8.0% · crowned  3.0% (median year 81) · 7.4s
try  2 · gen  167 · best    387.8 · elite    234.3 · median     18.8 · years  76.4 · road 0.48 · starved  1856 · nobles  -2.1 · read  7.9 · walls  7.1 · fell 58.2% (mother 37.1%) · prince 28.5% · king  7.5% · crowned  3.5% (median year 87) · 7.4s
try  3 · gen  167 · best    180.8 · elite    138.9 · median     55.4 · years  81.7 · road 0.54 · starved   612 · nobles -17.3 · read 30.7 · walls  7.6 · fell 44.8% (mother 18.6%) · prince  0.0% · king  0.0% · crowned  0.0% · 7.4s
try  4 · gen  167 · best    179.9 · elite    129.1 · median     46.7 · years  81.0 · road 0.54 · starved   767 · nobles -17.1 · read 11.2 · walls  8.3 · fell 44.6% (mother 18.8%) · prince  0.0% · king  0.0% · crowned  0.0% · 7.4s
try  5 · gen  167 · best    197.0 · elite    140.0 · median     58.3 · years  80.0 · road 0.54 · starved   566 · nobles -17.4 · read 22.5 · walls  8.1 · fell 46.8% (mother 20.0%) · prince  0.0% · king  0.0% · crowned  0.0% · 7.4s
try  6 · gen  167 · best    554.2 · elite    351.3 · median     20.6 · years  52.9 · road 0.43 · starved  1162 · nobles  -2.5 · read  2.6 · walls  5.1 · fell 84.3% (mother 27.7%) · prince 21.8% · king 12.2% · crowned  7.5% (median year 72) · 7.4s
try  7 · gen  167 · best    530.2 · elite    254.7 · median     18.3 · years  71.9 · road 0.48 · starved  1943 · nobles  -3.0 · read  6.0 · walls  6.5 · fell 68.0% (mother 42.9%) · prince 28.9% · king 10.6% · crowned  5.2% (median year 91) · 7.4s
try  8 · gen  167 · best    786.9 · elite    424.5 · median     35.1 · years  49.8 · road 0.42 · starved  1182 · nobles  -1.7 · read  0.5 · walls  5.1 · fell 84.5% (mother 29.5%) · prince 24.0% · king 14.6% · crowned  9.8% (median year 65) · 7.4s
try  1 · gen  168 · best    405.7 · elite    229.4 · median     10.3 · years  75.8 · road 0.49 · starved  1875 · nobles  -6.5 · read  5.0 · walls  7.2 · fell 66.2% (mother 36.0%) · prince 26.6% · king  8.4% · crowned  3.2% (median year 75) · 7.5s
try  2 · gen  168 · best    374.5 · elite    232.2 · median     20.3 · years  76.1 · road 0.48 · starved  1856 · nobles  -1.8 · read  7.3 · walls  7.0 · fell 57.7% (mother 36.3%) · prince 29.0% · king  7.7% · crowned  3.8% (median year 87) · 7.5s
try  3 · gen  168 · best    194.9 · elite    138.8 · median     57.1 · years  81.2 · road 0.54 · starved   596 · nobles -17.2 · read 30.5 · walls  7.5 · fell 44.7% (mother 18.3%) · prince  0.0% · king  0.0% · crowned  0.0% · 7.5s
try  4 · gen  168 · best    179.4 · elite    127.9 · median     43.2 · years  80.8 · road 0.53 · starved   791 · nobles -17.1 · read 11.1 · walls  8.3 · fell 46.2% (mother 18.7%) · prince  0.0% · king  0.0% · crowned  0.0% · 7.5s
try  5 · gen  168 · best    187.6 · elite    134.6 · median     57.4 · years  80.5 · road 0.54 · starved   549 · nobles -17.3 · read 25.4 · walls  8.1 · fell 45.3% (mother 18.0%) · prince  0.0% · king  0.0% · crowned  0.0% · 7.5s
try  6 · gen  168 · best    697.9 · elite    337.7 · median     20.6 · years  54.0 · road 0.43 · starved  1221 · nobles  -3.0 · read  2.4 · walls  5.3 · fell 84.1% (mother 28.5%) · prince 22.4% · king 12.3% · crowned  7.0% (median year 75) · 7.5s
try  7 · gen  168 · best    506.4 · elite    266.6 · median     17.2 · years  73.8 · road 0.48 · starved  1914 · nobles  -2.9 · read  5.6 · walls  6.7 · fell 65.0% (mother 40.3%) · prince 28.1% · king 10.3% · crowned  4.8% (median year 91) · 7.5s
try  8 · gen  168 · best    859.4 · elite    428.9 · median     37.2 · years  51.2 · road 0.43 · starved  1247 · nobles  -2.1 · read  0.5 · walls  5.1 · fell 84.4% (mother 31.8%) · prince 24.3% · king 14.7% · crowned  9.7% (median year 68) · 7.5s
try  1 · gen  169 · best    389.7 · elite    223.8 · median     12.5 · years  77.8 · road 0.50 · starved  1844 · nobles  -6.9 · read  5.3 · walls  7.3 · fell 62.2% (mother 34.4%) · prince 25.2% · king  7.1% · crowned  3.0% (median year 78) · 7.5s
try  2 · gen  169 · best    386.1 · elite    236.3 · median     22.6 · years  74.5 · road 0.47 · starved  1849 · nobles  -1.8 · read  6.4 · walls  7.0 · fell 60.2% (mother 38.6%) · prince 29.9% · king  8.8% · crowned  4.1% (median year 85) · 7.5s
try  3 · gen  169 · best    196.9 · elite    139.9 · median     56.7 · years  81.0 · road 0.54 · starved   594 · nobles -17.2 · read 31.5 · walls  7.5 · fell 45.1% (mother 18.8%) · prince  0.0% · king  0.0% · crowned  0.0% · 7.5s
try  4 · gen  169 · best    190.5 · elite    121.9 · median     44.1 · years  80.6 · road 0.53 · starved   810 · nobles -17.0 · read  9.9 · walls  8.3 · fell 45.1% (mother 17.7%) · prince  0.0% · king  0.0% · crowned  0.0% · 7.5s
try  5 · gen  169 · best    198.0 · elite    138.8 · median     60.3 · years  81.5 · road 0.54 · starved   540 · nobles -17.3 · read 25.7 · walls  8.1 · fell 43.4% (mother 17.0%) · prince  0.0% · king  0.0% · crowned  0.0% · 7.5s
try  6 · gen  169 · best    677.2 · elite    327.4 · median     13.5 · years  56.3 · road 0.44 · starved  1336 · nobles  -3.8 · read  2.5 · walls  5.6 · fell 84.1% (mother 29.4%) · prince 22.7% · king 11.7% · crowned  6.6% (median year 76) · 7.5s
try  7 · gen  169 · best    618.1 · elite    243.6 · median     13.2 · years  72.1 · road 0.47 · starved  1919 · nobles  -2.7 · read  4.7 · walls  6.5 · fell 66.3% (mother 41.3%) · prince 27.4% · king  9.6% · crowned  4.5% (median year 90) · 7.5s
try  8 · gen  169 · best    745.4 · elite    404.3 · median     44.9 · years  52.0 · road 0.43 · starved  1256 · nobles  -2.3 · read  0.7 · walls  5.5 · fell 84.1% (mother 32.0%) · prince 25.3% · king 15.1% · crowned 10.0% (median year 68) · 7.5s
try  1 · gen  170 · best    495.1 · elite    220.6 · median      9.2 · years  77.5 · road 0.50 · starved  1879 · nobles  -7.0 · read  5.7 · walls  7.2 · fell 62.5% (mother 34.3%) · prince 25.0% · king  7.4% · crowned  2.8% (median year 74) · 7.5s
try  2 · gen  170 · best    499.8 · elite    232.4 · median     13.6 · years  74.4 · road 0.47 · starved  1826 · nobles  -2.0 · read  5.6 · walls  6.9 · fell 57.6% (mother 37.0%) · prince 28.0% · king  8.0% · crowned  3.7% (median year 90) · 7.5s
try  3 · gen  170 · best    190.7 · elite    137.1 · median     56.3 · years  80.9 · road 0.54 · starved   579 · nobles -17.0 · read 27.0 · walls  7.4 · fell 44.5% (mother 17.3%) · prince  0.0% · king  0.0% · crowned  0.0% · 7.5s
try  4 · gen  170 · best    203.0 · elite    127.7 · median     44.2 · years  81.2 · road 0.54 · starved   801 · nobles -17.2 · read 10.4 · walls  8.3 · fell 43.9% (mother 17.8%) · prince  0.0% · king  0.0% · crowned  0.0% · 7.5s
try  5 · gen  170 · best    189.7 · elite    138.3 · median     56.8 · years  81.6 · road 0.54 · starved   545 · nobles -17.3 · read 24.6 · walls  8.1 · fell 42.8% (mother 16.5%) · prince  0.0% · king  0.0% · crowned  0.0% · 7.5s
try  6 · gen  170 · best    679.7 · elite    301.5 · median     17.8 · years  57.1 · road 0.45 · starved  1337 · nobles  -3.9 · read  3.2 · walls  5.9 · fell 84.1% (mother 31.2%) · prince 23.2% · king 11.7% · crowned  6.4% (median year 76) · 7.5s
try  7 · gen  170 · best    454.3 · elite    261.5 · median     15.8 · years  72.1 · road 0.47 · starved  1899 · nobles  -2.1 · read  4.3 · walls  6.4 · fell 64.5% (mother 41.7%) · prince 28.4% · king  9.8% · crowned  4.9% (median year 92) · 7.5s
try  8 · gen  170 · best    675.8 · elite    390.3 · median     36.3 · years  53.4 · road 0.43 · starved  1297 · nobles  -2.5 · read  0.7 · walls  5.5 · fell 83.8% (mother 32.0%) · prince 25.6% · king 14.6% · crowned  9.3% (median year 71) · 7.5s
try  1 · gen  171 · best    442.2 · elite    214.2 · median     12.4 · years  77.7 · road 0.49 · starved  1856 · nobles  -6.9 · read  7.0 · walls  7.2 · fell 62.3% (mother 34.1%) · prince 25.1% · king  7.2% · crowned  3.0% (median year 74) · 7.4s
try  2 · gen  171 · best    570.4 · elite    228.3 · median     21.8 · years  75.0 · road 0.47 · starved  1842 · nobles  -2.0 · read  6.7 · walls  7.0 · fell 58.3% (mother 36.5%) · prince 29.7% · king  8.3% · crowned  3.7% (median year 85) · 7.4s
try  3 · gen  171 · best    214.3 · elite    140.4 · median     54.6 · years  81.4 · road 0.54 · starved   597 · nobles -17.3 · read 27.0 · walls  7.4 · fell 44.2% (mother 17.8%) · prince  0.0% · king  0.0% · crowned  0.0% · 7.4s
try  4 · gen  171 · best    178.4 · elite    123.4 · median     42.4 · years  80.3 · road 0.53 · starved   795 · nobles -16.8 · read  8.8 · walls  8.3 · fell 44.9% (mother 17.7%) · prince  0.0% · king  0.0% · crowned  0.0% · 7.4s
try  5 · gen  171 · best    195.0 · elite    136.6 · median     55.9 · years  80.8 · road 0.54 · starved   574 · nobles -17.3 · read 26.6 · walls  8.1 · fell 45.7% (mother 17.3%) · prince  0.0% · king  0.0% · crowned  0.0% · 7.4s
try  6 · gen  171 · best    698.0 · elite    303.6 · median     16.1 · years  58.2 · road 0.45 · starved  1406 · nobles  -4.4 · read  2.6 · walls  6.0 · fell 84.3% (mother 33.0%) · prince 22.8% · king 11.4% · crowned  6.1% (median year 75) · 7.4s
try  7 · gen  171 · best    519.3 · elite    236.9 · median     13.8 · years  72.3 · road 0.47 · starved  1937 · nobles  -2.3 · read  4.3 · walls  6.4 · fell 65.5% (mother 42.4%) · prince 28.9% · king  9.4% · crowned  4.4% (median year 92) · 7.4s
try  8 · gen  171 · best    845.7 · elite    412.3 · median     48.4 · years  52.9 · road 0.44 · starved  1315 · nobles  -2.6 · read  0.7 · walls  5.5 · fell 84.0% (mother 33.5%) · prince 25.3% · king 15.2% · crowned  9.6% (median year 69) · 7.4s
try  1 · gen  172 · best    515.6 · elite    234.4 · median     11.3 · years  76.6 · road 0.49 · starved  1851 · nobles  -6.3 · read  5.9 · walls  7.1 · fell 61.3% (mother 32.7%) · prince 25.9% · king  7.9% · crowned  3.2% (median year 73) · 7.5s
try  2 · gen  172 · best    440.8 · elite    235.7 · median     17.8 · years  75.9 · road 0.47 · starved  1858 · nobles  -2.2 · read  6.1 · walls  7.0 · fell 57.6% (mother 36.8%) · prince 29.7% · king  8.0% · crowned  3.6% (median year 82) · 7.5s
try  3 · gen  172 · best    195.9 · elite    139.2 · median     54.7 · years  80.3 · road 0.54 · starved   572 · nobles -17.1 · read 27.3 · walls  7.4 · fell 46.6% (mother 18.1%) · prince  0.0% · king  0.0% · crowned  0.0% · 7.5s
try  4 · gen  172 · best    186.9 · elite    124.1 · median     42.2 · years  80.8 · road 0.54 · starved   788 · nobles -17.1 · read  8.3 · walls  8.3 · fell 45.7% (mother 18.6%) · prince  0.0% · king  0.0% · crowned  0.0% · 7.5s
try  5 · gen  172 · best    195.8 · elite    137.5 · median     55.3 · years  80.3 · road 0.54 · starved   540 · nobles -17.1 · read 24.2 · walls  8.1 · fell 44.3% (mother 16.4%) · prince  0.0% · king  0.0% · crowned  0.0% · 7.5s
try  6 · gen  172 · best    592.0 · elite    292.9 · median     13.5 · years  59.5 · road 0.46 · starved  1443 · nobles  -4.7 · read  2.3 · walls  6.0 · fell 83.9% (mother 31.8%) · prince 23.8% · king 11.5% · crowned  6.3% (median year 79) · 7.5s
try  7 · gen  172 · best    577.7 · elite    248.4 · median      7.8 · years  71.6 · road 0.47 · starved  1937 · nobles  -2.2 · read  3.8 · walls  6.3 · fell 66.7% (mother 43.9%) · prince 28.1% · king  9.5% · crowned  4.6% (median year 90) · 7.5s
try  8 · gen  172 · best    681.2 · elite    363.3 · median     21.0 · years  54.1 · road 0.44 · starved  1372 · nobles  -3.1 · read  0.8 · walls  5.6 · fell 84.8% (mother 35.0%) · prince 24.7% · king 13.5% · crowned  8.1% (median year 70) · 7.5s
try  1 · gen  173 · best    445.9 · elite    233.2 · median      8.8 · years  76.5 · road 0.49 · starved  1847 · nobles  -6.2 · read  5.7 · walls  7.1 · fell 62.0% (mother 33.8%) · prince 26.2% · king  7.4% · crowned  3.2% (median year 73) · 7.6s
try  2 · gen  173 · best    500.1 · elite    243.4 · median     21.6 · years  75.9 · road 0.48 · starved  1825 · nobles  -2.0 · read  5.3 · walls  7.0 · fell 58.0% (mother 37.0%) · prince 29.5% · king  8.7% · crowned  4.0% (median year 84) · 7.6s
try  3 · gen  173 · best    190.3 · elite    134.3 · median     55.8 · years  80.5 · road 0.54 · starved   548 · nobles -17.1 · read 27.7 · walls  7.3 · fell 45.5% (mother 17.0%) · prince  0.0% · king  0.0% · crowned  0.0% · 7.6s
try  4 · gen  173 · best    186.3 · elite    128.5 · median     44.3 · years  80.8 · road 0.54 · starved   820 · nobles -17.0 · read  9.5 · walls  8.3 · fell 45.0% (mother 19.2%) · prince  0.0% · king  0.0% · crowned  0.0% · 7.6s
try  5 · gen  173 · best    189.0 · elite    138.0 · median     55.9 · years  80.5 · road 0.54 · starved   558 · nobles -17.1 · read 24.1 · walls  8.1 · fell 45.0% (mother 17.2%) · prince  0.0% · king  0.0% · crowned  0.0% · 7.6s
try  6 · gen  173 · best    684.9 · elite    296.1 · median      9.3 · years  60.8 · road 0.46 · starved  1548 · nobles  -5.2 · read  2.6 · walls  6.3 · fell 83.9% (mother 34.2%) · prince 24.3% · king 11.4% · crowned  5.8% (median year 78) · 7.6s
try  7 · gen  173 · best    541.7 · elite    260.6 · median     17.8 · years  72.1 · road 0.47 · starved  1937 · nobles  -1.8 · read  3.5 · walls  6.3 · fell 65.5% (mother 41.8%) · prince 28.8% · king 10.7% · crowned  5.2% (median year 90) · 7.6s
try  8 · gen  173 · best    660.6 · elite    334.4 · median     26.0 · years  55.8 · road 0.44 · starved  1435 · nobles  -3.7 · read  0.9 · walls  5.7 · fell 85.3% (mother 36.3%) · prince 25.6% · king 12.7% · crowned  7.5% (median year 73) · 7.6s
try  1 · gen  174 · best    459.2 · elite    223.0 · median     18.0 · years  77.8 · road 0.49 · starved  1837 · nobles  -5.9 · read  4.5 · walls  7.2 · fell 59.0% (mother 31.5%) · prince 25.6% · king  7.6% · crowned  3.3% (median year 76) · 7.5s
try  2 · gen  174 · best    568.9 · elite    252.6 · median     26.9 · years  75.7 · road 0.48 · starved  1848 · nobles  -1.8 · read  4.0 · walls  6.9 · fell 57.8% (mother 37.7%) · prince 31.6% · king  8.9% · crowned  4.5% (median year 85) · 7.5s
try  3 · gen  174 · best    189.9 · elite    141.0 · median     57.4 · years  81.3 · road 0.54 · starved   566 · nobles -17.2 · read 28.0 · walls  7.4 · fell 45.4% (mother 18.9%) · prince  0.0% · king  0.0% · crowned  0.0% · 7.5s
try  4 · gen  174 · best    174.7 · elite    128.3 · median     47.1 · years  81.2 · road 0.54 · starved   778 · nobles -17.4 · read  9.5 · walls  8.4 · fell 47.3% (mother 22.3%) · prince  0.0% · king  0.0% · crowned  0.0% · 7.5s
try  5 · gen  174 · best    201.4 · elite    136.6 · median     56.8 · years  81.6 · road 0.54 · starved   589 · nobles -17.2 · read 24.2 · walls  8.1 · fell 42.3% (mother 16.1%) · prince  0.0% · king  0.0% · crowned  0.0% · 7.5s
try  6 · gen  174 · best    576.1 · elite    292.2 · median     14.4 · years  61.0 · road 0.47 · starved  1571 · nobles  -5.2 · read  2.2 · walls  6.3 · fell 84.2% (mother 37.7%) · prince 25.0% · king 11.4% · crowned  5.6% (median year 78) · 7.5s
try  7 · gen  174 · best    439.7 · elite    262.2 · median     16.8 · years  72.2 · road 0.48 · starved  1936 · nobles  -1.6 · read  4.6 · walls  6.4 · fell 66.7% (mother 44.8%) · prince 29.0% · king 10.7% · crowned  5.5% (median year 91) · 7.5s
try  8 · gen  174 · best    593.5 · elite    327.7 · median     21.7 · years  56.2 · road 0.44 · starved  1508 · nobles  -3.8 · read  0.9 · walls  5.6 · fell 85.1% (mother 36.7%) · prince 25.5% · king 13.3% · crowned  7.2% (median year 71) · 7.5s
try  1 · gen  175 · best    516.0 · elite    234.4 · median     12.8 · years  77.1 · road 0.49 · starved  1840 · nobles  -5.7 · read  5.0 · walls  7.1 · fell 60.8% (mother 35.2%) · prince 26.1% · king  7.4% · crowned  3.3% (median year 78) · 7.5s
try  2 · gen  175 · best    536.4 · elite    225.5 · median     23.0 · years  76.2 · road 0.48 · starved  1853 · nobles  -2.1 · read  4.2 · walls  7.0 · fell 57.5% (mother 37.7%) · prince 30.9% · king  8.4% · crowned  3.7% (median year 85) · 7.5s
try  3 · gen  175 · best    173.7 · elite    136.4 · median     55.8 · years  80.8 · road 0.54 · starved   580 · nobles -17.3 · read 27.6 · walls  7.4 · fell 45.5% (mother 19.5%) · prince  0.0% · king  0.0% · crowned  0.0% · 7.5s
try  4 · gen  175 · best    178.6 · elite    126.4 · median     44.7 · years  81.2 · road 0.54 · starved   769 · nobles -17.2 · read  9.1 · walls  8.3 · fell 44.8% (mother 18.8%) · prince  0.0% · king  0.0% · crowned  0.0% · 7.5s
try  5 · gen  175 · best    200.6 · elite    137.9 · median     56.5 · years  81.2 · road 0.54 · starved   565 · nobles -17.3 · read 24.9 · walls  8.1 · fell 43.7% (mother 16.9%) · prince  0.0% · king  0.0% · crowned  0.0% · 7.5s
try  6 · gen  175 · best    527.9 · elite    273.5 · median      8.0 · years  63.3 · road 0.47 · starved  1612 · nobles  -6.0 · read  2.4 · walls  6.5 · fell 83.2% (mother 38.3%) · prince 24.0% · king  9.8% · crowned  4.9% (median year 80) · 7.5s
try  7 · gen  175 · best    369.0 · elite    245.9 · median     18.2 · years  71.1 · road 0.47 · starved  1947 · nobles  -1.4 · read  3.4 · walls  6.1 · fell 67.6% (mother 45.8%) · prince 29.1% · king 10.1% · crowned  5.1% (median year 91) · 7.5s
try  8 · gen  175 · best    680.2 · elite    340.6 · median     22.7 · years  58.9 · road 0.45 · starved  1574 · nobles  -4.6 · read  0.6 · walls  5.7 · fell 84.7% (mother 38.4%) · prince 27.0% · king 13.2% · crowned  7.5% (median year 73) · 7.5s
try  1 · gen  176 · best    437.9 · elite    220.3 · median     16.6 · years  77.7 · road 0.49 · starved  1831 · nobles  -5.9 · read  4.6 · walls  7.1 · fell 58.3% (mother 33.9%) · prince 25.2% · king  6.9% · crowned  3.0% (median year 71) · 7.5s
try  2 · gen  176 · best    414.0 · elite    216.9 · median     22.4 · years  75.5 · road 0.47 · starved  1831 · nobles  -1.8 · read  4.0 · walls  6.9 · fell 57.7% (mother 36.7%) · prince 30.8% · king  8.1% · crowned  3.7% (median year 76) · 7.5s
try  3 · gen  176 · best    209.7 · elite    134.7 · median     59.9 · years  81.0 · road 0.54 · starved   570 · nobles -17.1 · read 25.6 · walls  7.2 · fell 45.0% (mother 19.0%) · prince  0.0% · king  0.0% · crowned  0.0% · 7.5s
try  4 · gen  176 · best    191.0 · elite    125.8 · median     47.4 · years  81.2 · road 0.54 · starved   758 · nobles -17.2 · read  9.3 · walls  8.3 · fell 45.6% (mother 19.2%) · prince  0.0% · king  0.0% · crowned  0.0% · 7.5s
try  5 · gen  176 · best    204.0 · elite    138.1 · median     56.5 · years  80.6 · road 0.54 · starved   570 · nobles -17.1 · read 24.4 · walls  8.1 · fell 44.5% (mother 18.0%) · prince  0.0% · king  0.0% · crowned  0.0% · 7.5s
try  6 · gen  176 · best    525.8 · elite    267.8 · median     14.8 · years  64.9 · road 0.48 · starved  1683 · nobles  -6.0 · read  2.6 · walls  6.8 · fell 82.8% (mother 40.9%) · prince 26.6% · king 10.8% · crowned  4.7% (median year 80) · 7.5s
try  7 · gen  176 · best    464.6 · elite    266.0 · median     16.6 · years  71.2 · road 0.47 · starved  1923 · nobles  -1.1 · read  3.8 · walls  6.2 · fell 67.8% (mother 44.8%) · prince 29.6% · king 10.9% · crowned  5.7% (median year 91) · 7.5s
try  8 · gen  176 · best    695.8 · elite    339.0 · median     27.8 · years  59.9 · road 0.45 · starved  1610 · nobles  -4.9 · read  0.7 · walls  5.7 · fell 84.4% (mother 39.0%) · prince 27.3% · king 13.4% · crowned  7.4% (median year 75) · 7.5s
try  1 · gen  177 · best    453.5 · elite    217.0 · median     20.8 · years  78.4 · road 0.49 · starved  1819 · nobles  -5.5 · read  3.5 · walls  7.1 · fell 56.8% (mother 32.5%) · prince 26.1% · king  6.6% · crowned  2.7% (median year 74) · 7.6s
try  2 · gen  177 · best    454.0 · elite    238.6 · median     22.4 · years  76.2 · road 0.48 · starved  1854 · nobles  -2.0 · read  4.3 · walls  6.9 · fell 55.9% (mother 35.6%) · prince 31.6% · king  8.6% · crowned  4.0% (median year 78) · 7.6s
try  3 · gen  177 · best    192.5 · elite    133.3 · median     55.1 · years  80.6 · road 0.54 · starved   592 · nobles -17.1 · read 24.5 · walls  7.2 · fell 46.4% (mother 18.6%) · prince  0.0% · king  0.0% · crowned  0.0% · 7.6s
try  4 · gen  177 · best    182.1 · elite    126.5 · median     48.6 · years  81.4 · road 0.54 · starved   750 · nobles -17.1 · read  8.0 · walls  8.3 · fell 44.4% (mother 18.5%) · prince  0.0% · king  0.0% · crowned  0.0% · 7.6s
try  5 · gen  177 · best    182.5 · elite    140.3 · median     58.8 · years  81.9 · road 0.55 · starved   580 · nobles -17.4 · read 25.9 · walls  8.1 · fell 43.2% (mother 17.5%) · prince  0.0% · king  0.0% · crowned  0.0% · 7.6s
try  6 · gen  177 · best    625.2 · elite    263.1 · median      7.8 · years  66.3 · road 0.49 · starved  1729 · nobles  -6.7 · read  2.2 · walls  6.7 · fell 82.6% (mother 43.0%) · prince 25.2% · king  9.9% · crowned  4.5% (median year 84) · 7.6s
try  7 · gen  177 · best    434.2 · elite    247.9 · median     23.3 · years  72.4 · road 0.47 · starved  1911 · nobles  -1.3 · read  3.4 · walls  6.3 · fell 65.4% (mother 42.5%) · prince 29.3% · king 10.9% · crowned  5.2% (median year 90) · 7.6s
try  8 · gen  177 · best    785.2 · elite    320.6 · median     15.0 · years  61.6 · road 0.46 · starved  1691 · nobles  -5.6 · read  0.6 · walls  5.8 · fell 84.3% (mother 39.7%) · prince 28.0% · king 12.6% · crowned  6.8% (median year 76) · 7.6s
try  1 · gen  178 · best    486.9 · elite    222.3 · median     15.7 · years  77.4 · road 0.49 · starved  1793 · nobles  -5.4 · read  3.4 · walls  7.1 · fell 57.0% (mother 31.8%) · prince 25.4% · king  6.7% · crowned  3.0% (median year 71) · 7.7s
try  2 · gen  178 · best    355.4 · elite    227.0 · median     23.5 · years  75.1 · road 0.47 · starved  1849 · nobles  -2.2 · read  3.7 · walls  6.9 · fell 59.0% (mother 38.1%) · prince 31.9% · king  8.1% · crowned  3.7% (median year 80) · 7.7s
try  3 · gen  178 · best    197.3 · elite    134.2 · median     53.8 · years  80.3 · road 0.54 · starved   590 · nobles -17.0 · read 21.4 · walls  7.1 · fell 45.3% (mother 17.7%) · prince  0.0% · king  0.0% · crowned  0.0% · 7.7s
try  4 · gen  178 · best    175.0 · elite    123.1 · median     46.3 · years  80.6 · road 0.54 · starved   768 · nobles -17.1 · read  8.0 · walls  8.3 · fell 46.0% (mother 19.9%) · prince  0.0% · king  0.0% · crowned  0.0% · 7.7s
try  5 · gen  178 · best    186.5 · elite    133.2 · median     57.4 · years  81.1 · road 0.55 · starved   602 · nobles -17.2 · read 22.9 · walls  8.1 · fell 45.0% (mother 18.5%) · prince  0.0% · king  0.0% · crowned  0.0% · 7.7s
try  6 · gen  178 · best    523.2 · elite    247.8 · median     10.8 · years  68.0 · road 0.49 · starved  1788 · nobles  -7.1 · read  2.7 · walls  6.8 · fell 79.9% (mother 42.8%) · prince 25.0% · king  9.5% · crowned  4.5% (median year 81) · 7.7s
try  7 · gen  178 · best    591.3 · elite    271.3 · median     19.5 · years  70.2 · road 0.47 · starved  1881 · nobles  -0.7 · read  3.0 · walls  6.2 · fell 67.8% (mother 44.3%) · prince 29.4% · king 11.0% · crowned  6.0% (median year 91) · 7.7s
try  8 · gen  178 · best    720.1 · elite    306.0 · median      9.4 · years  62.6 · road 0.46 · starved  1760 · nobles  -6.3 · read  0.8 · walls  5.8 · fell 85.0% (mother 42.5%) · prince 27.0% · king 12.0% · crowned  6.2% (median year 75) · 7.7s
try  1 · gen  179 · best    381.0 · elite    212.6 · median     16.3 · years  77.4 · road 0.49 · starved  1774 · nobles  -4.8 · read  3.7 · walls  7.0 · fell 55.8% (mother 30.4%) · prince 25.7% · king  6.4% · crowned  3.0% (median year 72) · 7.6s
try  2 · gen  179 · best    449.0 · elite    240.9 · median     19.2 · years  75.7 · road 0.47 · starved  1831 · nobles  -2.3 · read  4.9 · walls  6.8 · fell 57.0% (mother 36.2%) · prince 30.6% · king  8.5% · crowned  3.9% (median year 83) · 7.6s
try  3 · gen  179 · best    181.0 · elite    140.4 · median     54.3 · years  81.6 · road 0.54 · starved   636 · nobles -17.3 · read 22.0 · walls  7.2 · fell 44.3% (mother 18.7%) · prince  0.0% · king  0.0% · crowned  0.0% · 7.6s
try  4 · gen  179 · best    188.8 · elite    125.7 · median     45.2 · years  81.0 · road 0.54 · starved   772 · nobles -17.0 · read  7.3 · walls  8.3 · fell 45.5% (mother 18.8%) · prince  0.0% · king  0.0% · crowned  0.0% · 7.6s
try  5 · gen  179 · best    201.9 · elite    137.7 · median     56.2 · years  82.2 · road 0.55 · starved   614 · nobles -17.5 · read 21.2 · walls  8.1 · fell 43.0% (mother 17.7%) · prince  0.0% · king  0.0% · crowned  0.0% · 7.6s
try  6 · gen  179 · best    510.6 · elite    272.6 · median     11.3 · years  68.7 · road 0.49 · starved  1795 · nobles  -6.6 · read  2.3 · walls  7.0 · fell 79.7% (mother 42.5%) · prince 26.6% · king 10.0% · crowned  4.9% (median year 86) · 7.6s
try  7 · gen  179 · best    503.0 · elite    266.3 · median     17.6 · years  71.6 · road 0.47 · starved  1921 · nobles  -0.9 · read  2.9 · walls  6.1 · fell 66.2% (mother 44.8%) · prince 29.8% · king 10.8% · crowned  5.4% (median year 91) · 7.6s
try  8 · gen  179 · best    555.9 · elite    305.2 · median     15.8 · years  65.2 · road 0.47 · starved  1811 · nobles  -6.5 · read  0.8 · walls  5.9 · fell 84.0% (mother 43.7%) · prince 28.5% · king 13.2% · crowned  6.6% (median year 80) · 7.6s
try  1 · gen  180 · best    421.2 · elite    203.0 · median     13.5 · years  77.4 · road 0.48 · starved  1787 · nobles  -4.8 · read  3.3 · walls  7.0 · fell 54.8% (mother 28.8%) · prince 24.0% · king  6.3% · crowned  2.6% (median year 70) · 7.7s
try  2 · gen  180 · best    408.9 · elite    238.4 · median     25.7 · years  76.1 · road 0.47 · starved  1826 · nobles  -1.8 · read  4.5 · walls  6.8 · fell 55.7% (mother 35.8%) · prince 31.9% · king  8.9% · crowned  4.2% (median year 87) · 7.7s
try  3 · gen  180 · best    182.7 · elite    138.7 · median     57.9 · years  81.8 · road 0.54 · starved   625 · nobles -17.3 · read 22.3 · walls  7.2 · fell 43.8% (mother 18.7%) · prince  0.0% · king  0.0% · crowned  0.0% · 7.7s
try  4 · gen  180 · best    188.4 · elite    127.3 · median     45.2 · years  80.7 · road 0.54 · starved   748 · nobles -17.0 · read  6.6 · walls  8.3 · fell 44.9% (mother 17.7%) · prince  0.0% · king  0.0% · crowned  0.0% · 7.7s
try  5 · gen  180 · best    187.5 · elite    138.3 · median     58.2 · years  81.3 · road 0.55 · starved   588 · nobles -17.2 · read 19.2 · walls  8.1 · fell 43.8% (mother 17.8%) · prince  0.0% · king  0.0% · crowned  0.0% · 7.7s
try  6 · gen  180 · best    431.7 · elite    258.5 · median      8.3 · years  70.6 · road 0.50 · starved  1824 · nobles  -7.0 · read  2.4 · walls  7.0 · fell 77.3% (mother 41.7%) · prince 25.5% · king  9.9% · crowned  4.3% (median year 87) · 7.7s
try  7 · gen  180 · best    579.8 · elite    250.7 · median     18.0 · years  72.2 · road 0.47 · starved  1910 · nobles  -0.8 · read  2.9 · walls  6.1 · fell 63.5% (mother 42.7%) · prince 28.9% · king 10.5% · crowned  5.5% (median year 92) · 7.7s
try  8 · gen  180 · best    517.6 · elite    288.9 · median     11.8 · years  67.0 · road 0.47 · starved  1901 · nobles  -7.1 · read  0.8 · walls  5.9 · fell 83.4% (mother 44.9%) · prince 28.9% · king 11.8% · crowned  5.9% (median year 78) · 7.7s
try  1 · gen  181 · best    374.5 · elite    225.1 · median     13.8 · years  77.2 · road 0.48 · starved  1779 · nobles  -4.9 · read  3.4 · walls  7.0 · fell 55.8% (mother 30.1%) · prince 24.2% · king  6.4% · crowned  3.1% (median year 71) · 7.6s
try  2 · gen  181 · best    466.0 · elite    232.2 · median     23.0 · years  75.6 · road 0.47 · starved  1832 · nobles  -2.2 · read  4.3 · walls  6.7 · fell 55.8% (mother 36.2%) · prince 30.5% · king  8.3% · crowned  3.8% (median year 78) · 7.6s
try  3 · gen  181 · best    184.8 · elite    140.4 · median     57.1 · years  82.4 · road 0.55 · starved   653 · nobles -17.4 · read 23.1 · walls  7.3 · fell 43.8% (mother 18.2%) · prince  0.0% · king  0.0% · crowned  0.0% · 7.6s
try  4 · gen  181 · best    177.6 · elite    124.8 · median     46.3 · years  81.7 · road 0.54 · starved   793 · nobles -17.3 · read  7.9 · walls  8.3 · fell 45.3% (mother 19.7%) · prince  0.0% · king  0.0% · crowned  0.0% · 7.6s
try  5 · gen  181 · best    182.5 · elite    135.2 · median     56.3 · years  80.9 · road 0.54 · starved   579 · nobles -17.2 · read 19.7 · walls  8.0 · fell 43.5% (mother 16.2%) · prince  0.0% · king  0.0% · crowned  0.0% · 7.6s
try  6 · gen  181 · best    565.2 · elite    243.8 · median     13.1 · years  72.6 · road 0.50 · starved  1861 · nobles  -6.9 · read  3.2 · walls  7.1 · fell 74.8% (mother 40.5%) · prince 26.1% · king 10.3% · crowned  4.4% (median year 86) · 7.6s
try  7 · gen  181 · best    666.8 · elite    283.4 · median     24.8 · years  71.9 · road 0.47 · starved  1892 · nobles  -0.6 · read  2.7 · walls  6.3 · fell 64.7% (mother 40.9%) · prince 29.7% · king 11.6% · crowned  6.4% (median year 92) · 7.6s
try  8 · gen  181 · best    776.1 · elite    319.9 · median      8.3 · years  66.8 · road 0.47 · starved  1890 · nobles  -6.9 · read  1.0 · walls  5.9 · fell 83.4% (mother 46.5%) · prince 29.2% · king 12.5% · crowned  6.1% (median year 80) · 7.6s
try  1 · gen  182 · best    417.9 · elite    215.6 · median     15.0 · years  78.3 · road 0.49 · starved  1777 · nobles  -4.9 · read  3.9 · walls  7.0 · fell 53.1% (mother 29.1%) · prince 23.5% · king  5.6% · crowned  2.8% (median year 70) · 7.6s
try  2 · gen  182 · best    497.2 · elite    226.1 · median     23.9 · years  77.0 · road 0.48 · starved  1823 · nobles  -2.3 · read  4.2 · walls  6.8 · fell 55.3% (mother 35.9%) · prince 31.5% · king  7.4% · crowned  3.5% (median year 81) · 7.6s
try  3 · gen  182 · best    173.2 · elite    136.4 · median     57.0 · years  81.5 · road 0.54 · starved   620 · nobles -17.2 · read 21.5 · walls  7.3 · fell 44.0% (mother 18.6%) · prince  0.0% · king  0.0% · crowned  0.0% · 7.6s
try  4 · gen  182 · best    168.4 · elite    125.1 · median     47.9 · years  81.9 · road 0.54 · starved   753 · nobles -17.2 · read  8.2 · walls  8.3 · fell 44.8% (mother 19.3%) · prince  0.0% · king  0.0% · crowned  0.0% · 7.6s
try  5 · gen  182 · best    194.8 · elite    135.4 · median     57.0 · years  80.7 · road 0.54 · starved   576 · nobles -17.0 · read 17.2 · walls  8.0 · fell 43.4% (mother 16.4%) · prince  0.0% · king  0.0% · crowned  0.0% · 7.6s
try  6 · gen  182 · best    591.9 · elite    284.2 · median     12.0 · years  72.8 · road 0.50 · starved  1878 · nobles  -6.6 · read  2.2 · walls  7.0 · fell 75.2% (mother 39.9%) · prince 27.1% · king 10.9% · crowned  5.3% (median year 85) · 7.6s
try  7 · gen  182 · best    536.5 · elite    269.0 · median     19.5 · years  72.9 · road 0.47 · starved  1910 · nobles  -0.6 · read  2.5 · walls  6.3 · fell 63.4% (mother 41.2%) · prince 29.5% · king 10.4% · crowned  5.7% (median year 92) · 7.6s
try  8 · gen  182 · best    509.4 · elite    283.6 · median      8.6 · years  66.8 · road 0.47 · starved  1915 · nobles  -6.7 · read  0.9 · walls  5.8 · fell 83.9% (mother 49.3%) · prince 28.8% · king 12.2% · crowned  5.8% (median year 82) · 7.6s
try  1 · gen  183 · best    423.5 · elite    213.6 · median     11.2 · years  77.0 · road 0.48 · starved  1784 · nobles  -4.7 · read  3.6 · walls  7.1 · fell 55.0% (mother 29.6%) · prince 23.5% · king  6.5% · crowned  2.8% (median year 71) · 7.6s
try  2 · gen  183 · best    434.4 · elite    221.5 · median     20.8 · years  76.9 · road 0.48 · starved  1834 · nobles  -2.6 · read  4.1 · walls  6.7 · fell 55.6% (mother 34.2%) · prince 31.1% · king  7.4% · crowned  3.3% (median year 79) · 7.6s
try  3 · gen  183 · best    206.8 · elite    137.5 · median     55.8 · years  81.1 · road 0.54 · starved   625 · nobles -17.2 · read 22.1 · walls  7.3 · fell 45.1% (mother 19.5%) · prince  0.0% · king  0.0% · crowned  0.0% · 7.6s
try  4 · gen  183 · best    177.9 · elite    122.6 · median     47.7 · years  81.9 · road 0.54 · starved   776 · nobles -17.2 · read  7.2 · walls  8.3 · fell 43.5% (mother 17.0%) · prince  0.0% · king  0.0% · crowned  0.0% · 7.6s
try  5 · gen  183 · best    193.2 · elite    129.8 · median     54.0 · years  81.0 · road 0.55 · starved   609 · nobles -17.2 · read 17.2 · walls  8.0 · fell 43.9% (mother 16.2%) · prince  0.0% · king  0.0% · crowned  0.0% · 7.6s
try  6 · gen  183 · best    533.6 · elite    263.1 · median     13.3 · years  72.3 · road 0.50 · starved  1877 · nobles  -6.2 · read  2.7 · walls  7.1 · fell 74.8% (mother 40.8%) · prince 27.5% · king 10.8% · crowned  4.6% (median year 87) · 7.6s
try  7 · gen  183 · best    520.4 · elite    263.1 · median     23.0 · years  72.4 · road 0.47 · starved  1896 · nobles  -0.6 · read  3.5 · walls  6.3 · fell 62.0% (mother 40.9%) · prince 29.4% · king 10.6% · crowned  5.5% (median year 91) · 7.6s
try  8 · gen  183 · best    599.6 · elite    285.8 · median      5.0 · years  68.2 · road 0.48 · starved  1949 · nobles  -7.1 · read  0.9 · walls  5.9 · fell 83.8% (mother 51.7%) · prince 28.7% · king 11.7% · crowned  5.4% (median year 84) · 7.6s
try  1 · gen  184 · best    494.2 · elite    206.2 · median     13.8 · years  78.2 · road 0.49 · starved  1779 · nobles  -4.7 · read  4.1 · walls  7.1 · fell 52.8% (mother 28.9%) · prince 22.4% · king  5.6% · crowned  2.7% (median year 73) · 7.7s
try  2 · gen  184 · best    437.4 · elite    227.1 · median     24.4 · years  76.7 · road 0.47 · starved  1827 · nobles  -2.3 · read  3.8 · walls  6.6 · fell 52.8% (mother 34.4%) · prince 31.2% · king  7.7% · crowned  3.7% (median year 79) · 7.7s
try  3 · gen  184 · best    207.7 · elite    137.3 · median     53.8 · years  79.6 · road 0.54 · starved   556 · nobles -17.0 · read 18.8 · walls  7.4 · fell 47.5% (mother 18.7%) · prince  0.0% · king  0.0% · crowned  0.0% · 7.7s
try  4 · gen  184 · best    169.8 · elite    123.5 · median     48.7 · years  82.2 · road 0.55 · starved   759 · nobles -17.2 · read  7.3 · walls  8.3 · fell 44.3% (mother 18.3%) · prince  0.0% · king  0.0% · crowned  0.0% · 7.7s
try  5 · gen  184 · best    180.3 · elite    133.0 · median     55.3 · years  81.4 · road 0.55 · starved   616 · nobles -17.2 · read 18.1 · walls  8.0 · fell 44.0% (mother 16.7%) · prince  0.0% · king  0.0% · crowned  0.0% · 7.7s
try  6 · gen  184 · best    515.3 · elite    268.4 · median     20.0 · years  73.4 · road 0.50 · starved  1887 · nobles  -6.0 · read  2.8 · walls  7.2 · fell 73.3% (mother 40.1%) · prince 28.6% · king 11.6% · crowned  5.1% (median year 88) · 7.7s
try  7 · gen  184 · best    476.8 · elite    271.4 · median     18.8 · years  71.8 · road 0.47 · starved  1908 · nobles  -0.5 · read  2.8 · walls  6.3 · fell 64.4% (mother 42.5%) · prince 28.9% · king 10.8% · crowned  5.6% (median year 92) · 7.7s
try  8 · gen  184 · best    495.2 · elite    264.3 · median      8.1 · years  69.4 · road 0.48 · starved  1984 · nobles  -7.2 · read  1.6 · walls  5.8 · fell 82.7% (mother 51.4%) · prince 29.0% · king 11.9% · crowned  5.6% (median year 81) · 7.7s
try  1 · gen  185 · best    507.1 · elite    232.9 · median     14.3 · years  78.0 · road 0.49 · starved  1786 · nobles  -4.3 · read  4.4 · walls  7.1 · fell 53.7% (mother 29.7%) · prince 23.2% · king  6.7% · crowned  3.3% (median year 72) · 7.6s
try  2 · gen  185 · best    406.8 · elite    230.0 · median     25.6 · years  77.7 · road 0.48 · starved  1856 · nobles  -2.3 · read  4.0 · walls  6.7 · fell 54.2% (mother 35.3%) · prince 32.3% · king  7.2% · crowned  3.4% (median year 77) · 7.6s
try  3 · gen  185 · best    199.2 · elite    136.8 · median     54.4 · years  80.6 · road 0.54 · starved   591 · nobles -17.2 · read 20.8 · walls  7.3 · fell 46.1% (mother 18.9%) · prince  0.0% · king  0.0% · crowned  0.0% · 7.6s
try  4 · gen  185 · best    203.2 · elite    126.9 · median     48.6 · years  82.0 · road 0.54 · starved   728 · nobles -17.2 · read  6.8 · walls  8.3 · fell 43.6% (mother 18.4%) · prince  0.0% · king  0.0% · crowned  0.0% · 7.6s
try  5 · gen  185 · best    191.3 · elite    133.0 · median     54.2 · years  81.5 · road 0.55 · starved   623 · nobles -17.2 · read 17.5 · walls  8.0 · fell 44.4% (mother 16.8%) · prince  0.0% · king  0.0% · crowned  0.0% · 7.6s
try  6 · gen  185 · best    444.2 · elite    246.1 · median     18.0 · years  74.7 · road 0.50 · starved  1872 · nobles  -6.0 · read  3.4 · walls  7.2 · fell 70.6% (mother 40.0%) · prince 27.1% · king 10.3% · crowned  4.5% (median year 87) · 7.6s
try  7 · gen  185 · best    539.5 · elite    251.4 · median     21.3 · years  73.6 · road 0.48 · starved  1902 · nobles  -0.5 · read  3.4 · walls  6.4 · fell 61.0% (mother 40.7%) · prince 29.5% · king 10.4% · crowned  4.9% (median year 91) · 7.6s
try  8 · gen  185 · best    523.9 · elite    269.4 · median      6.1 · years  70.5 · road 0.48 · starved  2006 · nobles  -7.4 · read  1.3 · walls  5.8 · fell 81.5% (mother 52.1%) · prince 29.7% · king 11.5% · crowned  5.4% (median year 82) · 7.6s
try  1 · gen  186 · best    452.2 · elite    214.7 · median     18.0 · years  79.1 · road 0.49 · starved  1773 · nobles  -4.5 · read  3.5 · walls  7.0 · fell 50.6% (mother 28.6%) · prince 22.0% · king  5.8% · crowned  2.8% (median year 70) · 7.7s
try  2 · gen  186 · best    522.1 · elite    221.7 · median     17.0 · years  75.5 · road 0.47 · starved  1833 · nobles  -2.4 · read  4.3 · walls  6.5 · fell 54.4% (mother 34.3%) · prince 29.5% · king  7.4% · crowned  3.4% (median year 75) · 7.7s
try  3 · gen  186 · best    207.6 · elite    140.7 · median     56.5 · years  81.6 · road 0.54 · starved   604 · nobles -17.4 · read 19.6 · walls  7.2 · fell 45.1% (mother 19.4%) · prince  0.0% · king  0.0% · crowned  0.0% · 7.7s
try  4 · gen  186 · best    176.6 · elite    129.4 · median     49.5 · years  82.0 · road 0.54 · starved   735 · nobles -17.1 · read  8.5 · walls  8.3 · fell 43.8% (mother 18.8%) · prince  0.0% · king  0.0% · crowned  0.0% · 7.7s
try  5 · gen  186 · best    203.1 · elite    134.1 · median     55.6 · years  81.6 · road 0.55 · starved   613 · nobles -17.2 · read 16.5 · walls  8.0 · fell 43.4% (mother 16.8%) · prince  0.0% · king  0.0% · crowned  0.0% · 7.7s
try  6 · gen  186 · best    529.2 · elite    268.3 · median     20.2 · years  74.5 · road 0.50 · starved  1905 · nobles  -5.7 · read  3.9 · walls  7.3 · fell 71.5% (mother 41.5%) · prince 28.4% · king 11.0% · crowned  5.1% (median year 88) · 7.7s
try  7 · gen  186 · best    597.1 · elite    254.6 · median     21.6 · years  73.2 · road 0.47 · starved  1922 · nobles  -0.6 · read  3.5 · walls  6.3 · fell 63.1% (mother 42.2%) · prince 28.6% · king 10.2% · crowned  5.0% (median year 92) · 7.7s
try  8 · gen  186 · best    550.0 · elite    249.6 · median     -0.2 · years  71.2 · road 0.48 · starved  2024 · nobles  -7.7 · read  1.6 · walls  5.8 · fell 80.9% (mother 51.0%) · prince 28.8% · king 10.1% · crowned  4.4% (median year 84) · 7.7s
try  1 · gen  187 · best    504.5 · elite    226.8 · median     15.7 · years  79.1 · road 0.49 · starved  1771 · nobles  -4.7 · read  3.2 · walls  7.0 · fell 50.8% (mother 27.5%) · prince 22.5% · king  5.8% · crowned  3.1% (median year 72) · 7.6s
try  2 · gen  187 · best    449.4 · elite    228.8 · median     26.2 · years  78.1 · road 0.48 · starved  1846 · nobles  -2.3 · read  3.7 · walls  6.7 · fell 52.6% (mother 35.0%) · prince 30.7% · king  7.1% · crowned  3.5% (median year 76) · 7.6s
try  3 · gen  187 · best    193.5 · elite    135.3 · median     54.6 · years  81.8 · road 0.54 · starved   607 · nobles -17.3 · read 20.9 · walls  7.3 · fell 43.7% (mother 18.6%) · prince  0.0% · king  0.0% · crowned  0.0% · 7.6s
try  4 · gen  187 · best    185.5 · elite    128.8 · median     48.6 · years  81.9 · road 0.54 · starved   764 · nobles -17.2 · read  8.3 · walls  8.3 · fell 44.8% (mother 19.7%) · prince  0.0% · king  0.0% · crowned  0.0% · 7.6s
try  5 · gen  187 · best    181.2 · elite    133.7 · median     55.0 · years  82.1 · road 0.55 · starved   602 · nobles -17.3 · read 16.7 · walls  8.0 · fell 42.7% (mother 16.8%) · prince  0.0% · king  0.0% · crowned  0.0% · 7.6s
try  6 · gen  187 · best    594.6 · elite    255.8 · median     15.4 · years  74.8 · road 0.50 · starved  1920 · nobles  -5.9 · read  4.3 · walls  7.3 · fell 71.4% (mother 40.8%) · prince 27.6% · king 10.9% · crowned  4.7% (median year 91) · 7.6s
try  7 · gen  187 · best    489.8 · elite    251.2 · median     21.2 · years  74.0 · road 0.48 · starved  1913 · nobles  -0.8 · read  3.6 · walls  6.3 · fell 61.3% (mother 39.9%) · prince 27.9% · king 10.8% · crowned  5.1% (median year 91) · 7.6s
try  8 · gen  187 · best    517.1 · elite    233.7 · median      1.3 · years  71.1 · road 0.48 · starved  2067 · nobles  -7.7 · read  1.4 · walls  5.7 · fell 82.0% (mother 53.2%) · prince 28.8% · king  9.9% · crowned  4.3% (median year 81) · 7.6s
try  1 · gen  188 · best    410.4 · elite    204.9 · median     15.4 · years  79.1 · road 0.49 · starved  1778 · nobles  -4.6 · read  3.2 · walls  7.0 · fell 50.4% (mother 28.7%) · prince 23.1% · king  5.2% · crowned  2.5% (median year 70) · 7.7s
try  2 · gen  188 · best    401.5 · elite    227.4 · median     25.7 · years  78.8 · road 0.48 · starved  1865 · nobles  -2.5 · read  3.7 · walls  6.6 · fell 52.8% (mother 36.3%) · prince 31.7% · king  7.4% · crowned  3.3% (median year 77) · 7.7s
try  3 · gen  188 · best    184.3 · elite    133.9 · median     59.3 · years  82.1 · road 0.55 · starved   629 · nobles -17.3 · read 20.0 · walls  7.3 · fell 43.5% (mother 18.0%) · prince  0.0% · king  0.0% · crowned  0.0% · 7.7s
try  4 · gen  188 · best    153.7 · elite    121.5 · median     47.5 · years  80.6 · road 0.54 · starved   720 · nobles -17.1 · read  7.4 · walls  8.4 · fell 47.0% (mother 20.4%) · prince  0.0% · king  0.0% · crowned  0.0% · 7.7s
try  5 · gen  188 · best    179.7 · elite    138.0 · median     59.1 · years  82.9 · road 0.55 · starved   610 · nobles -17.5 · read 14.4 · walls  8.0 · fell 41.7% (mother 17.2%) · prince  0.0% · king  0.0% · crowned  0.0% · 7.7s
try  6 · gen  188 · best    731.6 · elite    260.2 · median     23.3 · years  74.9 · road 0.50 · starved  1887 · nobles  -5.4 · read  4.8 · walls  7.3 · fell 68.9% (mother 38.5%) · prince 27.6% · king 11.4% · crowned  4.9% (median year 90) · 7.7s
try  7 · gen  188 · best    522.9 · elite    253.8 · median     19.9 · years  74.3 · road 0.48 · starved  1918 · nobles  -0.7 · read  3.6 · walls  6.4 · fell 61.4% (mother 39.9%) · prince 28.9% · king 10.5% · crowned  5.3% (median year 91) · 7.7s
try  8 · gen  188 · best    547.8 · elite    254.6 · median      4.1 · years  73.3 · road 0.48 · starved  2040 · nobles  -7.8 · read  1.7 · walls  5.8 · fell 78.5% (mother 52.1%) · prince 27.8% · king 10.2% · crowned  4.7% (median year 84) · 7.7s
try  1 · gen  189 · best    361.9 · elite    199.8 · median     18.6 · years  78.7 · road 0.48 · starved  1756 · nobles  -4.5 · read  2.9 · walls  6.9 · fell 49.5% (mother 26.8%) · prince 22.5% · king  5.4% · crowned  2.8% (median year 73) · 7.8s
try  2 · gen  189 · best    526.8 · elite    230.1 · median     24.4 · years  78.4 · road 0.49 · starved  1860 · nobles  -2.5 · read  2.9 · walls  6.7 · fell 53.8% (mother 34.1%) · prince 31.0% · king  7.6% · crowned  3.7% (median year 74) · 7.8s
try  3 · gen  189 · best    204.3 · elite    132.6 · median     56.3 · years  81.3 · road 0.55 · starved   602 · nobles -17.1 · read 19.4 · walls  7.3 · fell 43.5% (mother 17.4%) · prince  0.0% · king  0.0% · crowned  0.0% · 7.8s
try  4 · gen  189 · best    182.5 · elite    129.5 · median     50.1 · years  82.5 · road 0.55 · starved   764 · nobles -17.3 · read  8.7 · walls  8.3 · fell 44.3% (mother 19.7%) · prince  0.0% · king  0.0% · crowned  0.0% · 7.8s
try  5 · gen  189 · best    180.9 · elite    137.0 · median     56.6 · years  82.2 · road 0.55 · starved   597 · nobles -17.3 · read 15.5 · walls  8.0 · fell 43.8% (mother 17.2%) · prince  0.0% · king  0.0% · crowned  0.0% · 7.8s
try  6 · gen  189 · best    518.0 · elite    249.3 · median     23.5 · years  75.8 · road 0.50 · starved  1891 · nobles  -5.5 · read  4.8 · walls  7.4 · fell 68.0% (mother 38.1%) · prince 28.5% · king 10.9% · crowned  4.5% (median year 90) · 7.8s
try  7 · gen  189 · best    547.4 · elite    267.4 · median     27.5 · years  75.6 · road 0.48 · starved  1951 · nobles  -0.9 · read  3.5 · walls  6.5 · fell 61.7% (mother 40.2%) · prince 30.1% · king 11.0% · crowned  5.5% (median year 92) · 7.8s
try  8 · gen  189 · best    570.1 · elite    262.4 · median      6.8 · years  73.2 · road 0.48 · starved  2055 · nobles  -7.2 · read  1.5 · walls  5.8 · fell 78.1% (mother 53.2%) · prince 30.0% · king 10.7% · crowned  5.3% (median year 86) · 7.8s
try  1 · gen  190 · best    550.4 · elite    222.3 · median     17.9 · years  79.4 · road 0.49 · starved  1765 · nobles  -4.6 · read  2.7 · walls  6.9 · fell 48.3% (mother 25.2%) · prince 22.0% · king  5.8% · crowned  3.3% (median year 71) · 7.8s
try  2 · gen  190 · best    356.1 · elite    226.8 · median     24.3 · years  78.3 · road 0.48 · starved  1865 · nobles  -2.4 · read  3.2 · walls  6.6 · fell 52.5% (mother 34.4%) · prince 31.0% · king  7.5% · crowned  3.3% (median year 78) · 7.8s
try  3 · gen  190 · best    186.4 · elite    133.7 · median     55.9 · years  81.0 · road 0.54 · starved   611 · nobles -17.0 · read 19.6 · walls  7.2 · fell 43.2% (mother 17.0%) · prince  0.0% · king  0.0% · crowned  0.0% · 7.8s
try  4 · gen  190 · best    195.3 · elite    130.2 · median     49.9 · years  81.8 · road 0.54 · starved   739 · nobles -17.1 · read  8.8 · walls  8.3 · fell 42.7% (mother 17.5%) · prince  0.0% · king  0.0% · crowned  0.0% · 7.8s
try  5 · gen  190 · best    188.0 · elite    132.8 · median     54.2 · years  81.0 · road 0.55 · starved   601 · nobles -17.1 · read 15.3 · walls  8.0 · fell 45.0% (mother 17.9%) · prince  0.0% · king  0.0% · crowned  0.0% · 7.8s
try  6 · gen  190 · best    585.4 · elite    261.1 · median     19.6 · years  75.4 · road 0.50 · starved  1887 · nobles  -4.8 · read  6.0 · walls  7.4 · fell 67.8% (mother 37.2%) · prince 28.9% · king 11.1% · crowned  5.0% (median year 87) · 7.8s
try  7 · gen  190 · best    493.4 · elite    240.9 · median     20.3 · years  74.1 · road 0.48 · starved  1918 · nobles  -1.1 · read  2.6 · walls  6.3 · fell 60.2% (mother 39.3%) · prince 28.8% · king  9.8% · crowned  4.7% (median year 91) · 7.8s
try  8 · gen  190 · best    495.5 · elite    263.4 · median      5.9 · years  72.1 · road 0.47 · starved  2027 · nobles  -6.4 · read  1.6 · walls  5.7 · fell 78.9% (mother 50.3%) · prince 30.3% · king 11.5% · crowned  5.4% (median year 86) · 7.8s
try  1 · gen  191 · best    379.0 · elite    214.7 · median     19.7 · years  80.1 · road 0.49 · starved  1775 · nobles  -4.8 · read  2.7 · walls  6.9 · fell 49.3% (mother 27.4%) · prince 22.8% · king  5.9% · crowned  2.9% (median year 70) · 7.6s
try  2 · gen  191 · best    550.6 · elite    232.4 · median     25.5 · years  77.1 · road 0.48 · starved  1869 · nobles  -2.2 · read  2.2 · walls  6.5 · fell 54.2% (mother 34.5%) · prince 32.3% · king  8.2% · crowned  3.8% (median year 76) · 7.6s
try  3 · gen  191 · best    186.6 · elite    133.4 · median     57.7 · years  82.0 · road 0.55 · starved   636 · nobles -17.2 · read 18.9 · walls  7.2 · fell 42.7% (mother 17.5%) · prince  0.0% · king  0.0% · crowned  0.0% · 7.6s
try  4 · gen  191 · best    177.8 · elite    129.5 · median     48.1 · years  81.8 · road 0.54 · starved   718 · nobles -17.2 · read  9.0 · walls  8.3 · fell 43.6% (mother 18.0%) · prince  0.0% · king  0.0% · crowned  0.0% · 7.6s
try  5 · gen  191 · best    181.4 · elite    136.2 · median     56.3 · years  81.5 · road 0.55 · starved   597 · nobles -17.2 · read 13.7 · walls  8.0 · fell 43.8% (mother 18.0%) · prince  0.0% · king  0.0% · crowned  0.0% · 7.6s
try  6 · gen  191 · best    603.1 · elite    269.0 · median     20.3 · years  76.0 · road 0.50 · starved  1863 · nobles  -5.1 · read  5.8 · walls  7.4 · fell 65.4% (mother 35.2%) · prince 27.8% · king 10.6% · crowned  5.1% (median year 88) · 7.6s
try  7 · gen  191 · best    445.8 · elite    247.2 · median     22.3 · years  75.2 · road 0.48 · starved  1929 · nobles  -0.7 · read  2.8 · walls  6.3 · fell 58.8% (mother 38.9%) · prince 28.0% · king 10.1% · crowned  4.7% (median year 90) · 7.6s
try  8 · gen  191 · best    556.8 · elite    245.6 · median      8.0 · years  74.1 · road 0.48 · starved  2041 · nobles  -6.7 · read  2.1 · walls  5.6 · fell 76.1% (mother 50.4%) · prince 30.5% · king 10.5% · crowned  4.7% (median year 85) · 7.6s
try  1 · gen  192 · best    413.3 · elite    223.3 · median     21.8 · years  80.0 · road 0.49 · starved  1769 · nobles  -4.5 · read  3.0 · walls  6.9 · fell 49.6% (mother 27.6%) · prince 23.7% · king  6.0% · crowned  3.1% (median year 71) · 7.6s
try  2 · gen  192 · best    380.6 · elite    223.3 · median     26.8 · years  78.4 · road 0.48 · starved  1864 · nobles  -2.2 · read  1.9 · walls  6.5 · fell 52.8% (mother 34.7%) · prince 31.3% · king  7.5% · crowned  3.5% (median year 75) · 7.6s
try  3 · gen  192 · best    189.7 · elite    136.7 · median     55.9 · years  81.1 · road 0.54 · starved   576 · nobles -17.1 · read 19.0 · walls  7.2 · fell 43.2% (mother 16.6%) · prince  0.0% · king  0.0% · crowned  0.0% · 7.6s
try  4 · gen  192 · best    194.5 · elite    127.8 · median     51.0 · years  81.9 · road 0.54 · starved   705 · nobles -17.2 · read  8.8 · walls  8.3 · fell 44.5% (mother 18.4%) · prince  0.0% · king  0.0% · crowned  0.0% · 7.6s
try  5 · gen  192 · best    186.5 · elite    135.6 · median     59.3 · years  82.1 · road 0.56 · starved   613 · nobles -17.4 · read 13.7 · walls  8.0 · fell 43.2% (mother 17.8%) · prince  0.0% · king  0.0% · crowned  0.0% · 7.6s
try  6 · gen  192 · best    466.0 · elite    243.9 · median     16.7 · years  75.9 · road 0.49 · starved  1890 · nobles  -5.1 · read  6.5 · walls  7.3 · fell 64.9% (mother 35.5%) · prince 27.1% · king 10.1% · crowned  4.3% (median year 90) · 7.6s
try  7 · gen  192 · best    486.6 · elite    254.6 · median     19.2 · years  73.1 · road 0.47 · starved  1922 · nobles  -0.5 · read  3.0 · walls  6.2 · fell 61.6% (mother 40.5%) · prince 29.1% · king 10.2% · crowned  5.4% (median year 91) · 7.6s
try  8 · gen  192 · best    490.3 · elite    259.8 · median     16.0 · years  72.9 · road 0.48 · starved  2014 · nobles  -6.1 · read  2.2 · walls  5.7 · fell 76.1% (mother 49.2%) · prince 30.8% · king 11.8% · crowned  5.1% (median year 86) · 7.6s
try  1 · gen  193 · best    440.0 · elite    221.1 · median     18.5 · years  79.6 · road 0.49 · starved  1776 · nobles  -4.6 · read  2.8 · walls  6.9 · fell 49.0% (mother 27.1%) · prince 23.4% · king  5.7% · crowned  3.0% (median year 69) · 7.8s
try  2 · gen  193 · best    550.4 · elite    242.3 · median     28.5 · years  77.8 · road 0.49 · starved  1895 · nobles  -2.2 · read  1.8 · walls  6.6 · fell 55.2% (mother 36.7%) · prince 33.7% · king  7.8% · crowned  3.9% (median year 75) · 7.8s
try  3 · gen  193 · best    181.8 · elite    131.0 · median     56.4 · years  81.6 · road 0.54 · starved   601 · nobles -17.1 · read 16.1 · walls  7.2 · fell 43.1% (mother 17.3%) · prince  0.0% · king  0.0% · crowned  0.0% · 7.8s
try  4 · gen  193 · best    185.4 · elite    130.1 · median     48.4 · years  81.8 · road 0.55 · starved   708 · nobles -17.3 · read  7.2 · walls  8.3 · fell 45.6% (mother 19.3%) · prince  0.0% · king  0.0% · crowned  0.0% · 7.8s
try  5 · gen  193 · best    212.4 · elite    129.7 · median     53.5 · years  80.4 · road 0.55 · starved   597 · nobles -17.0 · read 15.0 · walls  8.0 · fell 46.1% (mother 17.9%) · prince  0.0% · king  0.0% · crowned  0.0% · 7.8s
try  6 · gen  193 · best    580.5 · elite    247.6 · median     27.1 · years  76.0 · road 0.50 · starved  1868 · nobles  -4.5 · read  7.2 · walls  7.3 · fell 64.3% (mother 36.4%) · prince 29.3% · king 10.9% · crowned  4.4% (median year 87) · 7.8s
try  7 · gen  193 · best    534.1 · elite    263.7 · median     22.2 · years  75.5 · road 0.48 · starved  1937 · nobles  -0.4 · read  2.7 · walls  6.4 · fell 60.2% (mother 39.2%) · prince 29.5% · king 11.1% · crowned  5.5% (median year 92) · 7.8s
try  8 · gen  193 · best    479.3 · elite    252.3 · median      8.2 · years  74.0 · road 0.48 · starved  2015 · nobles  -6.6 · read  1.9 · walls  5.7 · fell 76.3% (mother 50.5%) · prince 30.6% · king 11.2% · crowned  5.0% (median year 89) · 7.8s
try  1 · gen  194 · best    517.5 · elite    225.0 · median     16.7 · years  80.0 · road 0.49 · starved  1783 · nobles  -4.5 · read  2.3 · walls  6.9 · fell 48.6% (mother 27.2%) · prince 22.4% · king  5.7% · crowned  3.0% (median year 69) · 8.3s
try  2 · gen  194 · best    437.8 · elite    237.3 · median     25.4 · years  79.0 · road 0.49 · starved  1890 · nobles  -2.3 · read  1.5 · walls  6.7 · fell 52.7% (mother 34.4%) · prince 32.2% · king  7.4% · crowned  3.8% (median year 74) · 8.3s
try  3 · gen  194 · best    184.5 · elite    134.2 · median     56.2 · years  81.3 · road 0.54 · starved   580 · nobles -17.1 · read 16.0 · walls  7.2 · fell 43.6% (mother 17.5%) · prince  0.0% · king  0.0% · crowned  0.0% · 8.3s
try  4 · gen  194 · best    166.4 · elite    126.3 · median     51.0 · years  81.4 · road 0.55 · starved   690 · nobles -17.2 · read  8.6 · walls  8.3 · fell 45.8% (mother 20.1%) · prince  0.0% · king  0.0% · crowned  0.0% · 8.3s
try  5 · gen  194 · best    184.5 · elite    134.6 · median     52.6 · years  81.2 · road 0.55 · starved   639 · nobles -17.2 · read 15.3 · walls  8.0 · fell 45.5% (mother 19.0%) · prince  0.0% · king  0.0% · crowned  0.0% · 8.3s
try  6 · gen  194 · best    448.0 · elite    220.3 · median     20.8 · years  77.5 · road 0.50 · starved  1911 · nobles  -5.1 · read  5.9 · walls  7.4 · fell 62.9% (mother 36.9%) · prince 28.2% · king  9.3% · crowned  3.9% (median year 89) · 8.3s
try  7 · gen  194 · best    392.8 · elite    242.2 · median     23.6 · years  74.0 · road 0.47 · starved  1914 · nobles  -0.4 · read  2.4 · walls  6.2 · fell 59.5% (mother 39.4%) · prince 28.6% · king 10.0% · crowned  5.2% (median year 91) · 8.3s
try  8 · gen  194 · best    585.0 · elite    272.5 · median     11.0 · years  74.6 · road 0.48 · starved  2027 · nobles  -6.4 · read  1.8 · walls  5.6 · fell 74.5% (mother 48.6%) · prince 30.8% · king 11.4% · crowned  5.1% (median year 88) · 8.3s
try  1 · gen  195 · best    361.9 · elite    224.1 · median     16.3 · years  78.3 · road 0.49 · starved  1757 · nobles  -4.3 · read  2.4 · walls  6.9 · fell 50.5% (mother 27.5%) · prince 23.3% · king  5.7% · crowned  3.2% (median year 70) · 8.4s
try  2 · gen  195 · best    448.6 · elite    240.8 · median     25.0 · years  78.8 · road 0.49 · starved  1863 · nobles  -2.1 · read  1.6 · walls  6.6 · fell 50.9% (mother 33.1%) · prince 30.4% · king  7.7% · crowned  3.7% (median year 76) · 8.4s
try  3 · gen  195 · best    181.9 · elite    138.6 · median     58.7 · years  81.9 · road 0.55 · starved   599 · nobles -17.3 · read 16.1 · walls  7.2 · fell 42.9% (mother 17.6%) · prince  0.0% · king  0.0% · crowned  0.0% · 8.4s
try  4 · gen  195 · best    193.6 · elite    128.9 · median     50.6 · years  82.2 · road 0.55 · starved   734 · nobles -17.2 · read  7.8 · walls  8.3 · fell 44.0% (mother 19.1%) · prince  0.0% · king  0.0% · crowned  0.0% · 8.4s
try  5 · gen  195 · best    190.0 · elite    132.7 · median     52.4 · years  81.5 · road 0.55 · starved   665 · nobles -17.1 · read 16.0 · walls  8.0 · fell 45.1% (mother 18.3%) · prince  0.0% · king  0.0% · crowned  0.0% · 8.4s
try  6 · gen  195 · best    607.1 · elite    236.6 · median     15.8 · years  78.0 · road 0.50 · starved  1918 · nobles  -4.8 · read  6.4 · walls  7.3 · fell 61.7% (mother 34.7%) · prince 27.5% · king  9.2% · crowned  3.8% (median year 87) · 8.4s
try  7 · gen  195 · best    435.6 · elite    243.8 · median     19.8 · years  74.6 · road 0.48 · starved  1954 · nobles  -0.6 · read  2.0 · walls  6.2 · fell 60.5% (mother 40.2%) · prince 28.8% · king 10.2% · crowned  5.0% (median year 91) · 8.4s
try  8 · gen  195 · best    656.3 · elite    258.2 · median     12.2 · years  75.2 · road 0.48 · starved  2007 · nobles  -6.2 · read  2.0 · walls  5.6 · fell 72.4% (mother 48.0%) · prince 31.4% · king 10.9% · crowned  5.1% (median year 84) · 8.4s
try  1 · gen  196 · best    422.4 · elite    234.3 · median     22.8 · years  79.7 · road 0.49 · starved  1779 · nobles  -4.1 · read  2.6 · walls  6.9 · fell 49.1% (mother 28.0%) · prince 24.2% · king  6.2% · crowned  3.5% (median year 69) · 8.4s
try  2 · gen  196 · best    405.6 · elite    221.1 · median     27.4 · years  78.0 · road 0.48 · starved  1872 · nobles  -2.2 · read  1.6 · walls  6.5 · fell 51.4% (mother 34.0%) · prince 31.5% · king  7.7% · crowned  3.7% (median year 75) · 8.4s
try  3 · gen  196 · best    181.0 · elite    133.4 · median     57.4 · years  81.4 · road 0.55 · starved   590 · nobles -17.0 · read 16.2 · walls  7.2 · fell 43.0% (mother 17.6%) · prince  0.0% · king  0.0% · crowned  0.0% · 8.4s
try  4 · gen  196 · best    174.1 · elite    128.2 · median     48.8 · years  82.2 · road 0.55 · starved   741 · nobles -17.3 · read  7.5 · walls  8.3 · fell 44.3% (mother 18.6%) · prince  0.0% · king  0.0% · crowned  0.0% · 8.4s
try  5 · gen  196 · best    221.0 · elite    133.5 · median     56.9 · years  82.7 · road 0.56 · starved   652 · nobles -17.4 · read 15.6 · walls  7.9 · fell 43.0% (mother 17.7%) · prince  0.0% · king  0.0% · crowned  0.0% · 8.4s
try  6 · gen  196 · best    462.8 · elite    241.4 · median     21.2 · years  77.7 · road 0.49 · starved  1876 · nobles  -4.1 · read  5.4 · walls  7.2 · fell 59.9% (mother 34.4%) · prince 27.5% · king 10.1% · crowned  4.0% (median year 90) · 8.4s
try  7 · gen  196 · best    518.4 · elite    235.3 · median     19.5 · years  75.9 · road 0.48 · starved  1940 · nobles  -0.6 · read  2.1 · walls  6.2 · fell 57.1% (mother 37.1%) · prince 27.7% · king  9.6% · crowned  4.7% (median year 91) · 8.4s
try  8 · gen  196 · best    498.3 · elite    239.8 · median     12.7 · years  74.2 · road 0.47 · starved  1985 · nobles  -5.7 · read  1.9 · walls  5.5 · fell 71.6% (mother 46.1%) · prince 31.5% · king 11.1% · crowned  4.8% (median year 82) · 8.4s
try  1 · gen  197 · best    443.3 · elite    225.0 · median     19.6 · years  79.9 · road 0.49 · starved  1765 · nobles  -4.1 · read  2.5 · walls  6.9 · fell 48.3% (mother 27.3%) · prince 22.6% · king  5.2% · crowned  3.2% (median year 72) · 8.3s
try  2 · gen  197 · best    411.9 · elite    226.1 · median     23.9 · years  78.7 · road 0.49 · starved  1861 · nobles  -2.4 · read  1.3 · walls  6.6 · fell 51.2% (mother 33.4%) · prince 30.1% · king  7.3% · crowned  3.4% (median year 74) · 8.3s
try  3 · gen  197 · best    174.7 · elite    132.4 · median     56.3 · years  81.4 · road 0.55 · starved   596 · nobles -17.2 · read 16.9 · walls  7.2 · fell 44.0% (mother 18.5%) · prince  0.0% · king  0.0% · crowned  0.0% · 8.3s
try  4 · gen  197 · best    193.9 · elite    128.5 · median     49.2 · years  82.5 · road 0.55 · starved   755 · nobles -17.1 · read  7.4 · walls  8.3 · fell 42.9% (mother 18.2%) · prince  0.0% · king  0.0% · crowned  0.0% · 8.3s
try  5 · gen  197 · best    199.4 · elite    133.2 · median     56.3 · years  81.8 · road 0.55 · starved   623 · nobles -17.1 · read 14.8 · walls  7.9 · fell 43.9% (mother 18.0%) · prince  0.0% · king  0.0% · crowned  0.0% · 8.3s
try  6 · gen  197 · best    424.1 · elite    250.2 · median     19.2 · years  78.0 · road 0.49 · starved  1871 · nobles  -4.2 · read  5.2 · walls  7.3 · fell 60.2% (mother 34.8%) · prince 27.3% · king  9.9% · crowned  4.2% (median year 89) · 8.3s
try  7 · gen  197 · best    448.0 · elite    241.3 · median     20.5 · years  75.2 · road 0.47 · starved  1931 · nobles  -0.6 · read  2.2 · walls  6.2 · fell 58.6% (mother 39.6%) · prince 28.0% · king  9.8% · crowned  4.7% (median year 92) · 8.3s
try  8 · gen  197 · best    454.3 · elite    246.4 · median     12.2 · years  75.8 · road 0.47 · starved  2019 · nobles  -6.2 · read  1.8 · walls  5.5 · fell 70.4% (mother 45.3%) · prince 31.1% · king 10.6% · crowned  4.3% (median year 86) · 8.3s
try  1 · gen  198 · best    447.7 · elite    229.9 · median     18.0 · years  80.3 · road 0.49 · starved  1754 · nobles  -4.1 · read  2.8 · walls  6.8 · fell 45.6% (mother 24.6%) · prince 21.4% · king  5.6% · crowned  3.3% (median year 70) · 8.6s
try  2 · gen  198 · best    501.8 · elite    219.7 · median     21.7 · years  78.0 · road 0.48 · starved  1850 · nobles  -2.2 · read  1.9 · walls  6.5 · fell 50.7% (mother 32.4%) · prince 30.0% · king  6.8% · crowned  3.5% (median year 78) · 8.6s
try  3 · gen  198 · best    197.3 · elite    138.1 · median     55.0 · years  80.9 · road 0.54 · starved   586 · nobles -16.9 · read 17.7 · walls  7.2 · fell 42.7% (mother 16.6%) · prince  0.0% · king  0.0% · crowned  0.0% · 8.6s
try  4 · gen  198 · best    169.9 · elite    128.8 · median     49.3 · years  82.3 · road 0.55 · starved   741 · nobles -17.2 · read  8.1 · walls  8.3 · fell 43.8% (mother 17.8%) · prince  0.0% · king  0.0% · crowned  0.0% · 8.6s
try  5 · gen  198 · best    180.0 · elite    133.1 · median     54.7 · years  81.7 · road 0.55 · starved   633 · nobles -17.1 · read 14.9 · walls  7.8 · fell 43.2% (mother 17.2%) · prince  0.0% · king  0.0% · crowned  0.0% · 8.6s
try  6 · gen  198 · best    524.1 · elite    227.8 · median     18.9 · years  77.5 · road 0.49 · starved  1909 · nobles  -4.1 · read  5.8 · walls  7.2 · fell 60.6% (mother 36.5%) · prince 27.5% · king  9.2% · crowned  3.8% (median year 88) · 8.6s
try  7 · gen  198 · best    556.2 · elite    250.1 · median     14.7 · years  75.9 · road 0.48 · starved  1951 · nobles  -1.0 · read  2.1 · walls  6.2 · fell 59.2% (mother 38.3%) · prince 28.0% · king  9.6% · crowned  4.2% (median year 89) · 8.6s
try  8 · gen  198 · best    552.8 · elite    254.6 · median     12.1 · years  73.0 · road 0.47 · starved  1981 · nobles  -5.3 · read  2.3 · walls  5.5 · fell 74.0% (mother 47.6%) · prince 31.1% · king 11.6% · crowned  5.2% (median year 85) · 8.6s
try  1 · gen  199 · best    436.6 · elite    206.9 · median     17.2 · years  81.9 · road 0.49 · starved  1783 · nobles  -4.8 · read  2.6 · walls  6.8 · fell 43.5% (mother 24.8%) · prince 21.3% · king  4.7% · crowned  2.7% (median year 71) · 8.7s
try  2 · gen  199 · best    378.4 · elite    234.4 · median     23.6 · years  78.8 · road 0.49 · starved  1867 · nobles  -2.4 · read  1.8 · walls  6.6 · fell 49.9% (mother 32.4%) · prince 29.4% · king  6.7% · crowned  3.4% (median year 75) · 8.7s
try  3 · gen  199 · best    184.6 · elite    132.2 · median     56.9 · years  81.9 · road 0.55 · starved   634 · nobles -17.2 · read 17.3 · walls  7.2 · fell 43.4% (mother 18.5%) · prince  0.0% · king  0.0% · crowned  0.0% · 8.7s
try  4 · gen  199 · best    178.5 · elite    125.8 · median     48.2 · years  81.9 · road 0.55 · starved   751 · nobles -17.0 · read  7.9 · walls  8.3 · fell 43.5% (mother 17.9%) · prince  0.0% · king  0.0% · crowned  0.0% · 8.7s
try  5 · gen  199 · best    174.6 · elite    135.2 · median     58.4 · years  82.5 · road 0.56 · starved   655 · nobles -17.3 · read 15.1 · walls  7.8 · fell 43.8% (mother 18.9%) · prince  0.0% · king  0.0% · crowned  0.0% · 8.7s
try  6 · gen  199 · best    492.9 · elite    221.0 · median     24.1 · years  77.3 · road 0.49 · starved  1902 · nobles  -4.1 · read  5.0 · walls  7.1 · fell 60.1% (mother 35.7%) · prince 28.2% · king  9.7% · crowned  3.6% (median year 85) · 8.7s
try  7 · gen  199 · best    468.8 · elite    247.9 · median     23.7 · years  76.4 · road 0.48 · starved  1935 · nobles  -0.8 · read  1.6 · walls  6.2 · fell 59.2% (mother 39.2%) · prince 29.1% · king 10.6% · crowned  4.9% (median year 90) · 8.7s
try  8 · gen  199 · best    552.8 · elite    250.0 · median     17.8 · years  74.1 · road 0.47 · starved  1972 · nobles  -5.1 · read  2.6 · walls  5.5 · fell 70.5% (mother 45.3%) · prince 32.3% · king 11.8% · crowned  5.2% (median year 78) · 8.7s
try  1 · gen  200 · best    418.2 · elite    222.0 · median     22.8 · years  80.8 · road 0.49 · starved  1754 · nobles  -4.3 · read  3.0 · walls  6.8 · fell 44.3% (mother 24.4%) · prince 21.5% · king  5.2% · crowned  3.0% (median year 73) · 8.5s
try  2 · gen  200 · best    554.4 · elite    224.7 · median     20.9 · years  79.3 · road 0.49 · starved  1867 · nobles  -2.8 · read  1.7 · walls  6.6 · fell 48.8% (mother 31.2%) · prince 28.7% · king  6.2% · crowned  3.2% (median year 73) · 8.5s
try  3 · gen  200 · best    204.6 · elite    130.5 · median     56.0 · years  82.2 · road 0.55 · starved   661 · nobles -17.3 · read 17.9 · walls  7.2 · fell 43.0% (mother 18.4%) · prince  0.0% · king  0.0% · crowned  0.0% · 8.5s
try  4 · gen  200 · best    176.4 · elite    127.9 · median     50.7 · years  82.5 · road 0.55 · starved   747 · nobles -17.1 · read  8.3 · walls  8.3 · fell 41.7% (mother 17.0%) · prince  0.0% · king  0.0% · crowned  0.0% · 8.5s
try  5 · gen  200 · best    182.4 · elite    132.3 · median     56.7 · years  81.9 · road 0.56 · starved   637 · nobles -17.2 · read 14.8 · walls  7.9 · fell 43.9% (mother 18.3%) · prince  0.0% · king  0.0% · crowned  0.0% · 8.5s
try  6 · gen  200 · best    671.1 · elite    239.4 · median     22.1 · years  77.1 · road 0.49 · starved  1911 · nobles  -3.7 · read  5.3 · walls  7.1 · fell 61.9% (mother 38.2%) · prince 28.5% · king 10.7% · crowned  4.4% (median year 88) · 8.5s
try  7 · gen  200 · best    520.3 · elite    260.8 · median     23.4 · years  76.0 · road 0.48 · starved  1940 · nobles  -0.4 · read  1.8 · walls  6.2 · fell 59.5% (mother 38.3%) · prince 29.9% · king 10.3% · crowned  5.2% (median year 90) · 8.5s
try  8 · gen  200 · best    528.3 · elite    255.7 · median     16.5 · years  73.9 · road 0.46 · starved  1960 · nobles  -4.9 · read  2.6 · walls  5.5 · fell 71.0% (mother 45.7%) · prince 31.6% · king 11.6% · crowned  5.2% (median year 87) · 8.5s
try  1 · gen  201 · best    512.4 · elite    211.4 · median     22.3 · years  81.2 · road 0.49 · starved  1761 · nobles  -4.5 · read  2.2 · walls  6.9 · fell 43.8% (mother 24.0%) · prince 21.3% · king  4.8% · crowned  2.8% (median year 73) · 8.5s
try  2 · gen  201 · best    363.2 · elite    211.1 · median     21.3 · years  79.6 · road 0.49 · starved  1866 · nobles  -2.7 · read  2.2 · walls  6.5 · fell 48.0% (mother 31.8%) · prince 27.3% · king  6.2% · crowned  3.0% (median year 75) · 8.5s
try  3 · gen  201 · best    182.5 · elite    135.2 · median     58.9 · years  83.2 · road 0.55 · starved   645 · nobles -17.4 · read 18.6 · walls  7.2 · fell 41.3% (mother 17.1%) · prince  0.0% · king  0.0% · crowned  0.0% · 8.5s
try  4 · gen  201 · best    194.2 · elite    128.9 · median     47.5 · years  81.9 · road 0.55 · starved   737 · nobles -17.1 · read  7.8 · walls  8.3 · fell 43.1% (mother 16.7%) · prince  0.0% · king  0.0% · crowned  0.0% · 8.5s
try  5 · gen  201 · best    183.0 · elite    135.1 · median     57.6 · years  82.5 · road 0.56 · starved   663 · nobles -17.3 · read 15.6 · walls  7.8 · fell 44.0% (mother 17.9%) · prince  0.0% · king  0.0% · crowned  0.0% · 8.5s
try  6 · gen  201 · best    624.5 · elite    256.1 · median     23.5 · years  78.2 · road 0.50 · starved  1910 · nobles  -3.4 · read  4.1 · walls  7.1 · fell 60.2% (mother 37.3%) · prince 31.1% · king 10.6% · crowned  4.5% (median year 90) · 8.5s
try  7 · gen  201 · best    491.2 · elite    255.9 · median     23.2 · years  76.1 · road 0.48 · starved  1932 · nobles  -0.7 · read  2.1 · walls  6.3 · fell 59.0% (mother 36.6%) · prince 29.5% · king 10.2% · crowned  5.3% (median year 91) · 8.5s
try  8 · gen  201 · best    531.6 · elite    263.6 · median     18.1 · years  75.1 · road 0.47 · starved  1947 · nobles  -4.6 · read  2.6 · walls  5.5 · fell 69.1% (mother 44.9%) · prince 32.7% · king 11.8% · crowned  5.3% (median year 86) · 8.5s
try  1 · gen  202 · best    370.4 · elite    206.6 · median     23.1 · years  80.7 · road 0.49 · starved  1742 · nobles  -4.5 · read  2.1 · walls  6.8 · fell 44.0% (mother 24.9%) · prince 20.4% · king  4.9% · crowned  3.0% (median year 70) · 8.2s
try  2 · gen  202 · best    436.6 · elite    221.3 · median     19.0 · years  80.2 · road 0.49 · starved  1861 · nobles  -2.9 · read  1.2 · walls  6.7 · fell 47.9% (mother 29.5%) · prince 28.8% · king  6.4% · crowned  3.2% (median year 75) · 8.2s
try  3 · gen  202 · best    204.9 · elite    131.6 · median     52.5 · years  81.7 · road 0.55 · starved   680 · nobles -16.9 · read 17.6 · walls  7.2 · fell 43.0% (mother 16.8%) · prince  0.0% · king  0.0% · crowned  0.0% · 8.2s
try  4 · gen  202 · best    193.3 · elite    127.2 · median     50.5 · years  83.0 · road 0.55 · starved   758 · nobles -17.3 · read  8.1 · walls  8.3 · fell 43.1% (mother 18.7%) · prince  0.0% · king  0.0% · crowned  0.0% · 8.2s
try  5 · gen  202 · best    194.8 · elite    136.2 · median     57.4 · years  83.0 · road 0.56 · starved   659 · nobles -17.4 · read 14.1 · walls  7.9 · fell 42.9% (mother 18.5%) · prince  0.0% · king  0.0% · crowned  0.0% · 8.2s
try  6 · gen  202 · best    517.2 · elite    231.5 · median     23.3 · years  78.8 · road 0.49 · starved  1897 · nobles  -3.6 · read  5.1 · walls  7.1 · fell 57.3% (mother 36.5%) · prince 28.8% · king  9.6% · crowned  4.0% (median year 89) · 8.2s
try  7 · gen  202 · best    544.7 · elite    243.1 · median     20.1 · years  76.4 · road 0.48 · starved  1937 · nobles  -0.6 · read  2.1 · walls  6.2 · fell 59.2% (mother 37.1%) · prince 29.6% · king 10.2% · crowned  4.8% (median year 90) · 8.2s
try  8 · gen  202 · best    524.8 · elite    276.5 · median     17.9 · years  74.1 · road 0.46 · starved  1912 · nobles  -4.0 · read  1.8 · walls  5.4 · fell 68.3% (mother 43.6%) · prince 31.8% · king 12.2% · crowned  5.3% (median year 87) · 8.2s
try  1 · gen  203 · best    429.7 · elite    212.9 · median     17.2 · years  80.1 · road 0.49 · starved  1759 · nobles  -4.5 · read  2.4 · walls  6.8 · fell 46.4% (mother 26.3%) · prince 21.4% · king  4.8% · crowned  2.8% (median year 69) · 8.5s
try  2 · gen  203 · best    407.0 · elite    223.1 · median     23.7 · years  79.6 · road 0.49 · starved  1864 · nobles  -2.7 · read  1.5 · walls  6.6 · fell 49.4% (mother 31.6%) · prince 28.8% · king  6.6% · crowned  3.3% (median year 72) · 8.5s
try  3 · gen  203 · best    185.6 · elite    132.8 · median     58.9 · years  83.5 · road 0.56 · starved   702 · nobles -17.3 · read 17.6 · walls  7.1 · fell 41.6% (mother 18.6%) · prince  0.0% · king  0.0% · crowned  0.0% · 8.5s
try  4 · gen  203 · best    170.8 · elite    127.9 · median     49.9 · years  82.3 · road 0.55 · starved   729 · nobles -17.0 · read  7.4 · walls  8.3 · fell 42.9% (mother 18.2%) · prince  0.0% · king  0.0% · crowned  0.0% · 8.5s
try  5 · gen  203 · best    180.2 · elite    134.3 · median     53.1 · years  82.3 · road 0.56 · starved   657 · nobles -17.3 · read 13.9 · walls  7.8 · fell 44.6% (mother 18.1%) · prince  0.0% · king  0.0% · crowned  0.0% · 8.5s
try  6 · gen  203 · best    548.4 · elite    228.8 · median     18.1 · years  77.5 · road 0.49 · starved  1884 · nobles  -3.5 · read  4.7 · walls  7.0 · fell 58.2% (mother 36.9%) · prince 28.8% · king  9.0% · crowned  3.6% (median year 87) · 8.5s
try  7 · gen  203 · best    437.3 · elite    255.0 · median     24.0 · years  77.0 · road 0.48 · starved  1928 · nobles  -0.5 · read  2.7 · walls  6.2 · fell 58.3% (mother 37.0%) · prince 29.6% · king 10.6% · crowned  4.8% (median year 92) · 8.5s
try  8 · gen  203 · best    552.3 · elite    263.2 · median     16.1 · years  74.6 · road 0.46 · starved  1939 · nobles  -4.1 · read  2.1 · walls  5.3 · fell 68.3% (mother 43.2%) · prince 33.3% · king 12.1% · crowned  5.1% (median year 88) · 8.5s
try  1 · gen  204 · best    452.6 · elite    222.0 · median     18.0 · years  80.7 · road 0.49 · starved  1763 · nobles  -4.7 · read  2.3 · walls  6.7 · fell 43.8% (mother 24.6%) · prince 20.5% · king  5.0% · crowned  3.0% (median year 70) · 8.3s
try  2 · gen  204 · best    383.5 · elite    227.7 · median     28.0 · years  80.8 · road 0.50 · starved  1893 · nobles  -3.0 · read  1.0 · walls  6.8 · fell 49.5% (mother 31.4%) · prince 29.8% · king  6.8% · crowned  3.7% (median year 73) · 8.3s
try  3 · gen  204 · best    180.3 · elite    129.5 · median     54.7 · years  81.4 · road 0.55 · starved   685 · nobles -16.9 · read 14.9 · walls  7.2 · fell 44.3% (mother 18.3%) · prince  0.0% · king  0.0% · crowned  0.0% · 8.3s
try  4 · gen  204 · best    173.5 · elite    129.0 · median     50.6 · years  82.7 · road 0.55 · starved   747 · nobles -17.3 · read  7.1 · walls  8.3 · fell 44.1% (mother 19.0%) · prince  0.0% · king  0.0% · crowned  0.0% · 8.3s
try  5 · gen  204 · best    188.3 · elite    135.8 · median     56.1 · years  82.5 · road 0.56 · starved   657 · nobles -17.2 · read 13.2 · walls  7.8 · fell 42.7% (mother 17.2%) · prince  0.0% · king  0.0% · crowned  0.0% · 8.3s
try  6 · gen  204 · best    416.8 · elite    232.6 · median     19.3 · years  77.2 · road 0.49 · starved  1908 · nobles  -2.9 · read  4.8 · walls  7.0 · fell 59.8% (mother 37.9%) · prince 29.3% · king 10.3% · crowned  4.2% (median year 92) · 8.3s
try  7 · gen  204 · best    508.7 · elite    255.6 · median     28.3 · years  76.7 · road 0.48 · starved  1945 · nobles  -0.4 · read  2.3 · walls  6.2 · fell 59.0% (mother 38.2%) · prince 30.8% · king 10.9% · crowned  5.3% (median year 90) · 8.3s
try  8 · gen  204 · best    506.0 · elite    268.3 · median     21.1 · years  75.2 · road 0.46 · starved  1904 · nobles  -3.7 · read  3.2 · walls  5.4 · fell 66.2% (mother 42.4%) · prince 33.2% · king 11.5% · crowned  5.2% (median year 87) · 8.3s
try  1 · gen  205 · best    322.5 · elite    211.3 · median     19.1 · years  80.5 · road 0.49 · starved  1768 · nobles  -4.9 · read  2.2 · walls  6.8 · fell 45.0% (mother 24.8%) · prince 22.0% · king  5.0% · crowned  3.0% (median year 71) · 8.7s
try  2 · gen  205 · best    431.1 · elite    221.7 · median     31.1 · years  80.9 · road 0.50 · starved  1866 · nobles  -2.9 · read  1.2 · walls  6.7 · fell 48.0% (mother 31.0%) · prince 29.2% · king  6.5% · crowned  3.5% (median year 73) · 8.7s
try  3 · gen  205 · best    194.6 · elite    128.1 · median     55.3 · years  82.3 · road 0.56 · starved   678 · nobles -17.2 · read 15.8 · walls  7.2 · fell 43.2% (mother 18.0%) · prince  0.0% · king  0.0% · crowned  0.0% · 8.7s
try  4 · gen  205 · best    188.4 · elite    127.5 · median     48.8 · years  82.0 · road 0.55 · starved   767 · nobles -17.2 · read  7.6 · walls  8.2 · fell 44.1% (mother 18.9%) · prince  0.0% · king  0.0% · crowned  0.0% · 8.7s
try  5 · gen  205 · best    199.7 · elite    135.3 · median     56.1 · years  82.3 · road 0.56 · starved   671 · nobles -17.2 · read 13.5 · walls  7.8 · fell 43.9% (mother 18.2%) · prince  0.0% · king  0.0% · crowned  0.0% · 8.7s
try  6 · gen  205 · best    538.5 · elite    241.8 · median     28.3 · years  77.7 · road 0.49 · starved  1894 · nobles  -3.0 · read  4.7 · walls  7.0 · fell 59.0% (mother 37.5%) · prince 29.9% · king 10.4% · crowned  4.4% (median year 91) · 8.7s
try  7 · gen  205 · best    442.3 · elite    264.6 · median     31.4 · years  77.2 · road 0.48 · starved  1943 · nobles  -0.3 · read  2.8 · walls  6.2 · fell 58.0% (mother 37.3%) · prince 30.8% · king 11.8% · crowned  5.9% (median year 93) · 8.7s
try  8 · gen  205 · best    560.4 · elite    255.8 · median     20.2 · years  73.6 · road 0.45 · starved  1898 · nobles  -3.6 · read  2.2 · walls  5.2 · fell 68.0% (mother 43.3%) · prince 33.6% · king 11.6% · crowned  5.5% (median year 88) · 8.7s
try  1 · gen  206 · best    501.1 · elite    220.6 · median     21.0 · years  80.9 · road 0.49 · starved  1767 · nobles  -5.0 · read  2.1 · walls  6.8 · fell 44.3% (mother 26.1%) · prince 22.5% · king  4.8% · crowned  2.9% (median year 69) · 8.4s
try  2 · gen  206 · best    500.2 · elite    222.8 · median     28.6 · years  81.0 · road 0.50 · starved  1878 · nobles  -2.9 · read  0.8 · walls  6.7 · fell 48.1% (mother 31.3%) · prince 29.8% · king  6.3% · crowned  3.2% (median year 72) · 8.4s
try  3 · gen  206 · best    173.4 · elite    127.7 · median     57.8 · years  82.6 · road 0.56 · starved   708 · nobles -17.4 · read 16.0 · walls  7.3 · fell 43.8% (mother 19.5%) · prince  0.0% · king  0.0% · crowned  0.0% · 8.4s
try  4 · gen  206 · best    180.2 · elite    128.8 · median     53.0 · years  83.2 · road 0.55 · starved   748 · nobles -17.3 · read  9.9 · walls  8.3 · fell 43.6% (mother 19.5%) · prince  0.0% · king  0.0% · crowned  0.0% · 8.4s
try  5 · gen  206 · best    175.3 · elite    134.5 · median     55.5 · years  82.5 · road 0.56 · starved   678 · nobles -17.2 · read 12.9 · walls  7.8 · fell 43.2% (mother 17.9%) · prince  0.0% · king  0.0% · crowned  0.0% · 8.4s
try  6 · gen  206 · best    581.9 · elite    258.2 · median     20.3 · years  77.0 · road 0.49 · starved  1905 · nobles  -2.9 · read  4.0 · walls  6.9 · fell 59.5% (mother 37.4%) · prince 29.3% · king 10.8% · crowned  4.5% (median year 87) · 8.4s
try  7 · gen  206 · best    417.1 · elite    262.9 · median     20.8 · years  75.2 · road 0.48 · starved  1964 · nobles  +0.0 · read  2.5 · walls  6.1 · fell 60.8% (mother 40.6%) · prince 31.6% · king 11.8% · crowned  5.4% (median year 91) · 8.4s
try  8 · gen  206 · best    627.3 · elite    238.2 · median     19.3 · years  75.0 · road 0.46 · starved  1930 · nobles  -3.7 · read  2.5 · walls  5.3 · fell 67.0% (mother 44.3%) · prince 33.1% · king 11.6% · crowned  4.7% (median year 89) · 8.4s
try  1 · gen  207 · best    463.8 · elite    222.6 · median     20.9 · years  79.8 · road 0.49 · starved  1771 · nobles  -4.8 · read  2.2 · walls  6.7 · fell 45.2% (mother 26.2%) · prince 22.2% · king  5.3% · crowned  3.3% (median year 71) · 8.6s
try  2 · gen  207 · best    376.8 · elite    221.7 · median     24.1 · years  79.7 · road 0.49 · starved  1856 · nobles  -3.0 · read  0.6 · walls  6.5 · fell 48.5% (mother 29.4%) · prince 27.4% · king  6.5% · crowned  3.5% (median year 71) · 8.6s
try  3 · gen  207 · best    173.9 · elite    126.5 · median     55.9 · years  82.2 · road 0.56 · starved   681 · nobles -17.2 · read 12.0 · walls  7.3 · fell 42.8% (mother 17.8%) · prince  0.0% · king  0.0% · crowned  0.0% · 8.6s
try  4 · gen  207 · best    168.3 · elite    124.0 · median     52.2 · years  81.9 · road 0.55 · starved   735 · nobles -17.1 · read  9.0 · walls  8.3 · fell 45.3% (mother 20.0%) · prince  0.0% · king  0.0% · crowned  0.0% · 8.6s
try  5 · gen  207 · best    176.1 · elite    131.4 · median     55.5 · years  82.1 · road 0.56 · starved   657 · nobles -17.2 · read 11.0 · walls  7.8 · fell 43.8% (mother 16.6%) · prince  0.0% · king  0.0% · crowned  0.0% · 8.6s
try  6 · gen  207 · best    533.1 · elite    246.1 · median     20.8 · years  77.6 · road 0.49 · starved  1904 · nobles  -2.6 · read  4.3 · walls  6.9 · fell 58.5% (mother 36.9%) · prince 29.1% · king 10.9% · crowned  4.4% (median year 90) · 8.6s
try  7 · gen  207 · best    445.8 · elite    260.3 · median     24.9 · years  75.2 · road 0.48 · starved  1959 · nobles  +0.0 · read  2.4 · walls  6.2 · fell 61.3% (mother 40.3%) · prince 31.2% · king 11.6% · crowned  5.8% (median year 92) · 8.6s
try  8 · gen  207 · best    458.0 · elite    266.0 · median     22.0 · years  73.7 · road 0.45 · starved  1899 · nobles  -3.0 · read  2.7 · walls  5.3 · fell 67.4% (mother 44.5%) · prince 34.0% · king 12.7% · crowned  5.7% (median year 89) · 8.6s
try  1 · gen  208 · best    410.0 · elite    225.1 · median     18.1 · years  81.0 · road 0.49 · starved  1758 · nobles  -4.9 · read  2.4 · walls  6.7 · fell 44.2% (mother 25.4%) · prince 22.1% · king  5.2% · crowned  3.2% (median year 71) · 8.7s
try  2 · gen  208 · best    519.7 · elite    242.8 · median     26.4 · years  81.0 · road 0.50 · starved  1871 · nobles  -3.1 · read  0.9 · walls  6.6 · fell 47.8% (mother 30.2%) · prince 28.1% · king  6.5% · crowned  3.7% (median year 71) · 8.7s
try  3 · gen  208 · best    183.9 · elite    128.2 · median     56.0 · years  82.4 · road 0.56 · starved   674 · nobles -17.1 · read 11.5 · walls  7.3 · fell 41.8% (mother 16.5%) · prince  0.0% · king  0.0% · crowned  0.0% · 8.7s
try  4 · gen  208 · best    181.1 · elite    126.9 · median     51.4 · years  81.6 · road 0.55 · starved   737 · nobles -17.0 · read  9.6 · walls  8.3 · fell 45.5% (mother 19.1%) · prince  0.0% · king  0.0% · crowned  0.0% · 8.7s
try  5 · gen  208 · best    182.8 · elite    131.5 · median     57.1 · years  82.0 · road 0.56 · starved   639 · nobles -17.0 · read 11.2 · walls  7.8 · fell 42.4% (mother 16.0%) · prince  0.0% · king  0.0% · crowned  0.0% · 8.7s
try  6 · gen  208 · best    480.5 · elite    249.9 · median     31.1 · years  77.2 · road 0.49 · starved  1905 · nobles  -2.1 · read  4.0 · walls  6.9 · fell 60.3% (mother 38.4%) · prince 31.8% · king 11.4% · crowned  4.7% (median year 90) · 8.7s
try  7 · gen  208 · best    558.0 · elite    262.3 · median     32.0 · years  75.9 · road 0.48 · starved  1922 · nobles  +0.3 · read  3.1 · walls  6.2 · fell 58.6% (mother 38.2%) · prince 30.2% · king 11.9% · crowned  5.8% (median year 92) · 8.7s
try  8 · gen  208 · best    555.9 · elite    246.9 · median     15.1 · years  73.8 · road 0.45 · starved  1893 · nobles  -3.4 · read  3.1 · walls  5.3 · fell 66.5% (mother 44.1%) · prince 32.7% · king 11.3% · crowned  4.9% (median year 86) · 8.7s
try  1 · gen  209 · best    397.0 · elite    223.0 · median     22.9 · years  81.2 · road 0.49 · starved  1787 · nobles  -5.0 · read  1.7 · walls  6.7 · fell 44.5% (mother 25.9%) · prince 22.4% · king  5.2% · crowned  3.4% (median year 69) · 8.4s
try  2 · gen  209 · best    545.1 · elite    236.4 · median     29.4 · years  81.5 · road 0.50 · starved  1881 · nobles  -2.8 · read  0.8 · walls  6.7 · fell 48.0% (mother 30.6%) · prince 29.3% · king  6.9% · crowned  3.3% (median year 71) · 8.4s
try  3 · gen  209 · best    184.8 · elite    131.3 · median     58.3 · years  83.5 · road 0.56 · starved   695 · nobles -17.3 · read 11.6 · walls  7.3 · fell 41.0% (mother 17.3%) · prince  0.0% · king  0.0% · crowned  0.0% · 8.4s
try  4 · gen  209 · best    198.8 · elite    127.9 · median     49.7 · years  82.4 · road 0.55 · starved   750 · nobles -17.3 · read  9.7 · walls  8.3 · fell 45.4% (mother 19.6%) · prince  0.0% · king  0.0% · crowned  0.0% · 8.4s
try  5 · gen  209 · best    183.1 · elite    136.3 · median     58.2 · years  83.5 · road 0.56 · starved   657 · nobles -17.3 · read 10.7 · walls  7.8 · fell 41.9% (mother 17.0%) · prince  0.0% · king  0.0% · crowned  0.0% · 8.4s
try  6 · gen  209 · best    415.0 · elite    250.8 · median     23.5 · years  77.1 · road 0.49 · starved  1885 · nobles  -2.2 · read  3.4 · walls  6.9 · fell 59.3% (mother 36.3%) · prince 30.9% · king 10.6% · crowned  4.9% (median year 91) · 8.4s
try  7 · gen  209 · best    456.5 · elite    261.1 · median     30.7 · years  75.2 · road 0.47 · starved  1932 · nobles  +0.2 · read  2.7 · walls  6.1 · fell 58.1% (mother 38.5%) · prince 30.9% · king 11.5% · crowned  5.9% (median year 92) · 8.4s
try  8 · gen  209 · best    640.2 · elite    254.3 · median     20.5 · years  74.6 · road 0.45 · starved  1900 · nobles  -3.4 · read  2.6 · walls  5.3 · fell 65.0% (mother 43.6%) · prince 34.2% · king 12.0% · crowned  5.2% (median year 90) · 8.4s
try  1 · gen  210 · best    387.0 · elite    220.6 · median     19.7 · years  80.5 · road 0.49 · starved  1751 · nobles  -5.1 · read  1.9 · walls  6.6 · fell 43.0% (mother 24.7%) · prince 21.1% · king  5.0% · crowned  2.9% (median year 70) · 8.5s
try  2 · gen  210 · best    618.9 · elite    237.4 · median     21.6 · years  79.9 · road 0.49 · starved  1859 · nobles  -2.8 · read  1.1 · walls  6.5 · fell 47.5% (mother 29.3%) · prince 27.4% · king  6.3% · crowned  3.5% (median year 71) · 8.5s
try  3 · gen  210 · best    175.9 · elite    131.0 · median     56.5 · years  82.8 · road 0.56 · starved   686 · nobles -17.3 · read 11.4 · walls  7.3 · fell 42.2% (mother 17.0%) · prince  0.0% · king  0.0% · crowned  0.0% · 8.5s
try  4 · gen  210 · best    160.1 · elite    122.6 · median     48.2 · years  81.7 · road 0.55 · starved   752 · nobles -17.1 · read  9.5 · walls  8.3 · fell 46.0% (mother 19.5%) · prince  0.0% · king  0.0% · crowned  0.0% · 8.5s
try  5 · gen  210 · best    174.9 · elite    132.8 · median     56.6 · years  82.6 · road 0.56 · starved   669 · nobles -17.2 · read 11.7 · walls  7.8 · fell 43.6% (mother 17.5%) · prince  0.0% · king  0.0% · crowned  0.0% · 8.5s
try  6 · gen  210 · best    496.3 · elite    244.2 · median     23.0 · years  76.5 · road 0.48 · starved  1883 · nobles  -2.1 · read  3.0 · walls  6.8 · fell 59.9% (mother 37.0%) · prince 30.0% · king 10.9% · crowned  4.5% (median year 88) · 8.5s
try  7 · gen  210 · best    506.6 · elite    263.9 · median     27.3 · years  75.5 · road 0.48 · starved  1938 · nobles  +0.3 · read  2.7 · walls  6.2 · fell 59.8% (mother 39.6%) · prince 31.5% · king 11.9% · crowned  5.6% (median year 90) · 8.5s
try  8 · gen  210 · best    424.5 · elite    233.1 · median     15.3 · years  74.2 · road 0.45 · starved  1888 · nobles  -3.3 · read  3.2 · walls  5.2 · fell 64.3% (mother 43.4%) · prince 33.7% · king 10.4% · crowned  4.0% (median year 90) · 8.5s
try  1 · gen  211 · best    444.4 · elite    214.4 · median     21.0 · years  81.8 · road 0.49 · starved  1769 · nobles  -5.3 · read  1.4 · walls  6.7 · fell 42.3% (mother 25.1%) · prince 22.0% · king  4.7% · crowned  2.8% (median year 70) · 8.5s
try  2 · gen  211 · best    489.2 · elite    237.2 · median     33.9 · years  80.4 · road 0.50 · starved  1854 · nobles  -2.3 · read  1.3 · walls  6.6 · fell 47.9% (mother 29.4%) · prince 29.7% · king  7.0% · crowned  3.9% (median year 73) · 8.5s
try  3 · gen  211 · best    172.5 · elite    131.7 · median     56.5 · years  82.6 · road 0.56 · starved   712 · nobles -17.3 · read 10.6 · walls  7.3 · fell 44.2% (mother 19.0%) · prince  0.0% · king  0.0% · crowned  0.0% · 8.5s
try  4 · gen  211 · best    182.8 · elite    123.4 · median     48.5 · years  82.4 · road 0.55 · starved   779 · nobles -17.2 · read 10.6 · walls  8.3 · fell 44.2% (mother 18.3%) · prince  0.0% · king  0.0% · crowned  0.0% · 8.5s
try  5 · gen  211 · best    169.2 · elite    131.4 · median     56.2 · years  82.3 · road 0.56 · starved   652 · nobles -17.2 · read  9.9 · walls  7.8 · fell 43.5% (mother 17.5%) · prince  0.0% · king  0.0% · crowned  0.0% · 8.5s
try  6 · gen  211 · best    559.5 · elite    250.1 · median     27.1 · years  75.8 · road 0.48 · starved  1873 · nobles  -2.2 · read  3.0 · walls  6.8 · fell 59.7% (mother 36.4%) · prince 30.3% · king 11.9% · crowned  4.6% (median year 85) · 8.5s
try  7 · gen  211 · best    471.4 · elite    270.3 · median     28.3 · years  75.9 · road 0.48 · starved  1951 · nobles  +0.3 · read  4.0 · walls  6.2 · fell 58.9% (mother 39.7%) · prince 31.5% · king 12.2% · crowned  5.9% (median year 92) · 8.5s
try  8 · gen  211 · best    529.0 · elite    236.0 · median     18.1 · years  73.7 · road 0.45 · starved  1884 · nobles  -2.9 · read  2.5 · walls  5.2 · fell 64.3% (mother 43.0%) · prince 32.5% · king 11.1% · crowned  4.7% (median year 90) · 8.5s
try  1 · gen  212 · best    524.5 · elite    223.7 · median     20.4 · years  81.8 · road 0.49 · starved  1758 · nobles  -5.2 · read  2.1 · walls  6.6 · fell 40.5% (mother 23.2%) · prince 19.4% · king  5.2% · crowned  3.2% (median year 73) · 8.5s
try  2 · gen  212 · best    395.5 · elite    219.7 · median     24.7 · years  80.3 · road 0.49 · starved  1843 · nobles  -2.7 · read  0.9 · walls  6.5 · fell 46.8% (mother 28.5%) · prince 26.4% · king  6.2% · crowned  3.5% (median year 72) · 8.5s
try  3 · gen  212 · best    180.2 · elite    133.0 · median     57.5 · years  83.5 · road 0.56 · starved   726 · nobles -17.4 · read 11.4 · walls  7.3 · fell 41.2% (mother 18.7%) · prince  0.0% · king  0.0% · crowned  0.0% · 8.5s
try  4 · gen  212 · best    193.8 · elite    127.5 · median     50.5 · years  82.6 · road 0.56 · starved   754 · nobles -17.3 · read  9.3 · walls  8.3 · fell 44.7% (mother 20.3%) · prince  0.0% · king  0.0% · crowned  0.0% · 8.5s
try  5 · gen  212 · best    178.0 · elite    132.9 · median     57.7 · years  82.6 · road 0.56 · starved   688 · nobles -17.3 · read 10.4 · walls  7.8 · fell 44.5% (mother 18.6%) · prince  0.0% · king  0.0% · crowned  0.0% · 8.5s
try  6 · gen  212 · best    419.8 · elite    242.9 · median     28.1 · years  78.0 · road 0.49 · starved  1882 · nobles  -2.2 · read  3.6 · walls  6.8 · fell 58.0% (mother 36.7%) · prince 30.6% · king 11.5% · crowned  4.4% (median year 92) · 8.5s
try  7 · gen  212 · best    462.0 · elite    266.0 · median     25.1 · years  75.8 · road 0.48 · starved  1958 · nobles  +0.3 · read  2.4 · walls  6.1 · fell 59.2% (mother 39.1%) · prince 31.6% · king 11.9% · crowned  5.4% (median year 92) · 8.5s
try  8 · gen  212 · best    403.9 · elite    232.7 · median      9.0 · years  73.5 · road 0.44 · starved  1864 · nobles  -3.0 · read  2.6 · walls  5.1 · fell 63.7% (mother 42.4%) · prince 32.0% · king 10.2% · crowned  4.3% (median year 91) · 8.5s
try  1 · gen  213 · best    571.7 · elite    210.1 · median     19.9 · years  81.5 · road 0.49 · starved  1760 · nobles  -5.6 · read  2.1 · walls  6.6 · fell 39.8% (mother 22.3%) · prince 18.0% · king  4.6% · crowned  2.8% (median year 71) · 8.5s
try  2 · gen  213 · best    509.4 · elite    234.8 · median     29.4 · years  81.0 · road 0.50 · starved  1874 · nobles  -2.4 · read  1.0 · walls  6.6 · fell 48.0% (mother 30.6%) · prince 29.3% · king  6.9% · crowned  3.7% (median year 71) · 8.5s
try  3 · gen  213 · best    195.6 · elite    127.7 · median     55.0 · years  82.1 · road 0.55 · starved   683 · nobles -17.0 · read 13.2 · walls  7.3 · fell 42.5% (mother 16.5%) · prince  0.0% · king  0.0% · crowned  0.0% · 8.5s
try  4 · gen  213 · best    172.3 · elite    126.0 · median     49.2 · years  82.1 · road 0.55 · starved   737 · nobles -17.2 · read  8.9 · walls  8.3 · fell 44.7% (mother 18.1%) · prince  0.0% · king  0.0% · crowned  0.0% · 8.5s
try  5 · gen  213 · best    198.3 · elite    132.7 · median     56.8 · years  83.2 · road 0.56 · starved   692 · nobles -17.4 · read 10.4 · walls  7.8 · fell 43.4% (mother 17.9%) · prince  0.0% · king  0.0% · crowned  0.0% · 8.5s
try  6 · gen  213 · best    466.9 · elite    276.9 · median     28.9 · years  76.7 · road 0.48 · starved  1876 · nobles  -2.0 · read  2.8 · walls  6.8 · fell 58.6% (mother 36.5%) · prince 31.1% · king 12.1% · crowned  5.4% (median year 90) · 8.5s
try  7 · gen  213 · best    448.4 · elite    246.9 · median     32.7 · years  75.9 · road 0.48 · starved  1950 · nobles  +0.2 · read  2.4 · walls  6.1 · fell 57.5% (mother 38.5%) · prince 30.5% · king 11.6% · crowned  5.5% (median year 92) · 8.5s
try  8 · gen  213 · best    389.1 · elite    233.2 · median     19.0 · years  73.3 · road 0.44 · starved  1870 · nobles  -2.8 · read  2.5 · walls  5.2 · fell 63.6% (mother 40.6%) · prince 32.4% · king 11.6% · crowned  4.8% (median year 86) · 8.5s
try  1 · gen  214 · best    459.0 · elite    224.6 · median     15.5 · years  82.3 · road 0.49 · starved  1768 · nobles  -5.6 · read  1.9 · walls  6.7 · fell 40.8% (mother 23.5%) · prince 18.4% · king  4.5% · crowned  2.9% (median year 71) · 8.5s
try  2 · gen  214 · best    483.7 · elite    231.9 · median     28.2 · years  79.6 · road 0.49 · starved  1857 · nobles  -1.7 · read  1.0 · walls  6.4 · fell 47.3% (mother 29.1%) · prince 29.6% · king  7.1% · crowned  3.9% (median year 72) · 8.5s
try  3 · gen  214 · best    180.0 · elite    130.9 · median     56.2 · years  82.8 · road 0.56 · starved   684 · nobles -17.2 · read 12.7 · walls  7.3 · fell 42.2% (mother 17.0%) · prince  0.0% · king  0.0% · crowned  0.0% · 8.5s
try  4 · gen  214 · best    164.5 · elite    128.8 · median     50.8 · years  82.7 · road 0.55 · starved   741 · nobles -17.3 · read  7.6 · walls  8.3 · fell 44.9% (mother 19.4%) · prince  0.0% · king  0.0% · crowned  0.0% · 8.5s
try  5 · gen  214 · best    171.8 · elite    130.2 · median     58.0 · years  82.6 · road 0.56 · starved   671 · nobles -17.2 · read  9.2 · walls  7.8 · fell 43.4% (mother 17.4%) · prince  0.0% · king  0.0% · crowned  0.0% · 8.5s
try  6 · gen  214 · best    469.9 · elite    250.9 · median     26.2 · years  78.4 · road 0.49 · starved  1874 · nobles  -2.4 · read  3.2 · walls  6.9 · fell 56.5% (mother 34.8%) · prince 30.0% · king 10.8% · crowned  4.5% (median year 89) · 8.5s
try  7 · gen  214 · best    458.9 · elite    277.2 · median     25.6 · years  76.6 · road 0.48 · starved  1979 · nobles  +0.0 · read  2.3 · walls  6.2 · fell 59.6% (mother 40.9%) · prince 31.0% · king 11.9% · crowned  5.4% (median year 92) · 8.5s
try  8 · gen  214 · best    416.1 · elite    251.0 · median     12.8 · years  73.1 · road 0.44 · starved  1882 · nobles  -2.8 · read  3.1 · walls  5.1 · fell 63.9% (mother 42.6%) · prince 33.2% · king 11.4% · crowned  4.7% (median year 86) · 8.5s
try  1 · gen  215 · best    439.2 · elite    227.1 · median     19.3 · years  82.1 · road 0.50 · starved  1777 · nobles  -5.4 · read  1.7 · walls  6.7 · fell 41.8% (mother 25.2%) · prince 21.5% · king  4.7% · crowned  2.9% (median year 69) · 8.1s
try  2 · gen  215 · best    485.0 · elite    219.6 · median     28.8 · years  81.7 · road 0.50 · starved  1884 · nobles  -2.2 · read  1.1 · walls  6.6 · fell 47.7% (mother 30.9%) · prince 28.9% · king  6.3% · crowned  3.2% (median year 75) · 8.1s
try  3 · gen  215 · best    179.0 · elite    130.9 · median     55.8 · years  82.9 · road 0.56 · starved   672 · nobles -17.1 · read 13.5 · walls  7.2 · fell 42.3% (mother 17.4%) · prince  0.0% · king  0.0% · crowned  0.0% · 8.1s
try  4 · gen  215 · best    209.4 · elite    128.1 · median     53.2 · years  83.1 · road 0.55 · starved   747 · nobles -17.3 · read  9.5 · walls  8.2 · fell 43.1% (mother 18.8%) · prince  0.0% · king  0.0% · crowned  0.0% · 8.1s
try  5 · gen  215 · best    194.0 · elite    130.7 · median     54.8 · years  82.0 · road 0.56 · starved   675 · nobles -17.1 · read 10.7 · walls  7.8 · fell 44.0% (mother 16.7%) · prince  0.0% · king  0.0% · crowned  0.0% · 8.1s
try  6 · gen  215 · best    471.2 · elite    218.0 · median     21.0 · years  78.1 · road 0.49 · starved  1873 · nobles  -2.9 · read  3.7 · walls  6.8 · fell 55.9% (mother 34.5%) · prince 29.5% · king 10.3% · crowned  3.6% (median year 85) · 8.1s
try  7 · gen  215 · best    483.5 · elite    258.8 · median     25.9 · years  77.0 · road 0.49 · starved  1969 · nobles  +0.3 · read  1.8 · walls  6.2 · fell 59.2% (mother 40.2%) · prince 32.4% · king 11.6% · crowned  5.4% (median year 93) · 8.1s
try  8 · gen  215 · best    526.0 · elite    250.0 · median     15.4 · years  73.7 · road 0.44 · starved  1844 · nobles  -2.5 · read  2.9 · walls  5.1 · fell 62.8% (mother 40.6%) · prince 33.2% · king 10.8% · crowned  4.6% (median year 86) · 8.1s
try  1 · gen  216 · best    387.3 · elite    216.0 · median     23.7 · years  83.1 · road 0.50 · starved  1794 · nobles  -5.5 · read  1.6 · walls  6.8 · fell 42.0% (mother 25.9%) · prince 22.1% · king  4.8% · crowned  2.7% (median year 71) · 8.4s
try  2 · gen  216 · best    466.9 · elite    228.1 · median     24.0 · years  81.1 · road 0.50 · starved  1867 · nobles  -2.2 · read  1.3 · walls  6.5 · fell 46.6% (mother 29.7%) · prince 28.9% · king  6.7% · crowned  3.1% (median year 73) · 8.4s
try  3 · gen  216 · best    170.6 · elite    129.0 · median     56.7 · years  83.1 · road 0.56 · starved   667 · nobles -17.3 · read 11.4 · walls  7.3 · fell 42.3% (mother 17.6%) · prince  0.0% · king  0.0% · crowned  0.0% · 8.4s
try  4 · gen  216 · best    196.3 · elite    126.5 · median     49.7 · years  82.4 · road 0.55 · starved   746 · nobles -17.2 · read  9.1 · walls  8.3 · fell 44.8% (mother 18.4%) · prince  0.0% · king  0.0% · crowned  0.0% · 8.4s
try  5 · gen  216 · best    184.5 · elite    128.1 · median     57.4 · years  82.0 · road 0.56 · starved   679 · nobles -17.1 · read  8.8 · walls  7.7 · fell 43.7% (mother 17.0%) · prince  0.0% · king  0.0% · crowned  0.0% · 8.4s
try  6 · gen  216 · best    409.2 · elite    240.5 · median     25.7 · years  77.5 · road 0.49 · starved  1886 · nobles  -2.3 · read  2.6 · walls  6.9 · fell 57.6% (mother 36.4%) · prince 30.6% · king 11.0% · crowned  4.3% (median year 90) · 8.4s
try  7 · gen  216 · best    490.7 · elite    253.7 · median     21.9 · years  76.7 · road 0.48 · starved  1951 · nobles  +0.1 · read  1.9 · walls  6.1 · fell 55.0% (mother 37.5%) · prince 29.1% · king 11.1% · crowned  5.0% (median year 93) · 8.4s
try  8 · gen  216 · best    636.5 · elite    250.6 · median     20.3 · years  74.5 · road 0.45 · starved  1838 · nobles  -2.5 · read  3.5 · walls  5.2 · fell 61.5% (mother 40.8%) · prince 33.4% · king 11.1% · crowned  4.9% (median year 89) · 8.4s
try  1 · gen  217 · best    389.3 · elite    199.0 · median     19.5 · years  81.8 · road 0.49 · starved  1774 · nobles  -5.4 · read  1.6 · walls  6.7 · fell 41.6% (mother 24.3%) · prince 19.9% · king  4.7% · crowned  2.8% (median year 71) · 8.7s
try  2 · gen  217 · best    376.2 · elite    236.0 · median     28.3 · years  80.2 · road 0.49 · starved  1843 · nobles  -2.0 · read  1.0 · walls  6.4 · fell 46.0% (mother 28.3%) · prince 28.5% · king  6.7% · crowned  3.7% (median year 71) · 8.7s
try  3 · gen  217 · best    186.9 · elite    129.6 · median     55.3 · years  82.6 · road 0.55 · starved   681 · nobles -17.1 · read 10.0 · walls  7.2 · fell 42.1% (mother 17.0%) · prince  0.0% · king  0.0% · crowned  0.0% · 8.7s
try  4 · gen  217 · best    160.9 · elite    121.5 · median     48.4 · years  82.9 · road 0.55 · starved   741 · nobles -17.1 · read  8.3 · walls  8.2 · fell 41.9% (mother 15.6%) · prince  0.0% · king  0.0% · crowned  0.0% · 8.7s
try  5 · gen  217 · best    187.9 · elite    135.8 · median     55.3 · years  82.5 · road 0.56 · starved   680 · nobles -17.1 · read  8.9 · walls  7.8 · fell 42.1% (mother 16.4%) · prince  0.0% · king  0.0% · crowned  0.0% · 8.7s
try  6 · gen  217 · best    385.1 · elite    231.8 · median     29.1 · years  78.4 · road 0.49 · starved  1879 · nobles  -2.2 · read  2.0 · walls  7.0 · fell 57.0% (mother 35.0%) · prince 30.8% · king 10.6% · crowned  4.0% (median year 89) · 8.7s
try  7 · gen  217 · best    524.2 · elite    274.3 · median     32.0 · years  75.8 · road 0.48 · starved  1938 · nobles  +0.5 · read  1.8 · walls  6.1 · fell 57.3% (mother 38.2%) · prince 30.6% · king 11.6% · crowned  5.7% (median year 92) · 8.7s
try  8 · gen  217 · best    443.8 · elite    237.3 · median     15.9 · years  74.4 · road 0.44 · starved  1842 · nobles  -2.7 · read  3.4 · walls  5.1 · fell 62.1% (mother 39.9%) · prince 32.0% · king 10.4% · crowned  4.4% (median year 85) · 8.7s
try  1 · gen  218 · best    410.5 · elite    219.1 · median     22.8 · years  82.3 · road 0.50 · starved  1797 · nobles  -5.3 · read  1.4 · walls  6.7 · fell 41.8% (mother 24.5%) · prince 20.8% · king  5.1% · crowned  3.0% (median year 70) · 8.6s
try  2 · gen  218 · best    478.1 · elite    236.9 · median     31.8 · years  79.9 · road 0.50 · starved  1854 · nobles  -2.0 · read  1.3 · walls  6.4 · fell 48.4% (mother 28.9%) · prince 30.4% · king  7.4% · crowned  3.8% (median year 73) · 8.6s
try  3 · gen  218 · best    166.6 · elite    129.0 · median     56.7 · years  83.3 · road 0.56 · starved   669 · nobles -17.2 · read  9.3 · walls  7.2 · fell 41.0% (mother 15.6%) · prince  0.0% · king  0.0% · crowned  0.0% · 8.6s
try  4 · gen  218 · best    177.0 · elite    123.6 · median     52.2 · years  82.7 · road 0.55 · starved   740 · nobles -17.2 · read  8.1 · walls  8.2 · fell 43.2% (mother 17.1%) · prince  0.0% · king  0.0% · crowned  0.0% · 8.6s
try  5 · gen  218 · best    184.0 · elite    132.9 · median     56.7 · years  82.1 · road 0.56 · starved   674 · nobles -17.0 · read  9.2 · walls  7.7 · fell 42.8% (mother 16.6%) · prince  0.0% · king  0.0% · crowned  0.0% · 8.6s
try  6 · gen  218 · best    477.7 · elite    231.7 · median     23.4 · years  76.9 · road 0.48 · starved  1869 · nobles  -1.9 · read  2.1 · walls  6.8 · fell 56.3% (mother 36.1%) · prince 31.0% · king 10.2% · crowned  3.7% (median year 88) · 8.6s
try  7 · gen  218 · best    451.5 · elite    259.2 · median     26.2 · years  75.0 · road 0.48 · starved  1925 · nobles  +0.4 · read  1.7 · walls  6.1 · fell 56.8% (mother 36.7%) · prince 30.2% · king 11.4% · crowned  5.3% (median year 90) · 8.6s
try  8 · gen  218 · best    452.2 · elite    233.0 · median     19.4 · years  76.1 · road 0.45 · starved  1880 · nobles  -2.9 · read  3.3 · walls  5.3 · fell 62.1% (mother 40.7%) · prince 33.7% · king 10.1% · crowned  4.4% (median year 89) · 8.6s
try  1 · gen  219 · best    487.7 · elite    210.0 · median     19.2 · years  82.5 · road 0.50 · starved  1783 · nobles  -5.3 · read  1.5 · walls  6.7 · fell 41.5% (mother 24.9%) · prince 20.2% · king  4.5% · crowned  2.6% (median year 70) · 8.0s
try  2 · gen  219 · best    446.5 · elite    220.2 · median     34.0 · years  81.9 · road 0.50 · starved  1877 · nobles  -1.9 · read  1.1 · walls  6.6 · fell 46.0% (mother 29.0%) · prince 29.9% · king  6.8% · crowned  3.3% (median year 72) · 8.0s
try  3 · gen  219 · best    186.5 · elite    132.1 · median     57.9 · years  83.8 · road 0.56 · starved   704 · nobles -17.5 · read  9.6 · walls  7.3 · fell 42.1% (mother 18.4%) · prince  0.0% · king  0.0% · crowned  0.0% · 8.0s
try  4 · gen  219 · best    185.3 · elite    122.8 · median     51.7 · years  82.4 · road 0.55 · starved   748 · nobles -17.1 · read  9.9 · walls  8.3 · fell 44.6% (mother 18.6%) · prince  0.0% · king  0.0% · crowned  0.0% · 8.0s
try  5 · gen  219 · best    188.4 · elite    134.7 · median     56.7 · years  83.2 · road 0.56 · starved   660 · nobles -17.2 · read  8.7 · walls  7.7 · fell 41.2% (mother 15.8%) · prince  0.0% · king  0.0% · crowned  0.0% · 8.0s
try  6 · gen  219 · best    507.2 · elite    243.8 · median     27.3 · years  77.0 · road 0.48 · starved  1899 · nobles  -1.8 · read  2.0 · walls  6.9 · fell 56.8% (mother 37.2%) · prince 31.4% · king 11.4% · crowned  4.6% (median year 89) · 8.0s
try  7 · gen  219 · best    435.4 · elite    246.1 · median     28.3 · years  75.7 · road 0.48 · starved  1916 · nobles  +0.4 · read  1.9 · walls  6.1 · fell 55.3% (mother 35.9%) · prince 28.9% · king 10.8% · crowned  5.4% (median year 89) · 8.0s
try  8 · gen  219 · best    440.7 · elite    236.2 · median     14.9 · years  74.5 · road 0.45 · starved  1855 · nobles  -2.7 · read  3.0 · walls  5.1 · fell 62.2% (mother 40.7%) · prince 32.3% · king 10.4% · crowned  4.2% (median year 86) · 8.0s
try  1 · gen  220 · best    508.2 · elite    222.2 · median     25.1 · years  83.9 · road 0.50 · starved  1793 · nobles  -5.3 · read  1.4 · walls  6.8 · fell 39.5% (mother 24.1%) · prince 20.8% · king  5.0% · crowned  3.1% (median year 71) · 8.4s
try  2 · gen  220 · best    417.0 · elite    218.6 · median     27.1 · years  82.6 · road 0.50 · starved  1866 · nobles  -2.7 · read  1.0 · walls  6.5 · fell 44.0% (mother 27.3%) · prince 27.2% · king  6.3% · crowned  3.1% (median year 73) · 8.4s
try  3 · gen  220 · best    185.0 · elite    129.1 · median     57.4 · years  82.5 · road 0.56 · starved   677 · nobles -17.1 · read 10.7 · walls  7.2 · fell 42.3% (mother 16.9%) · prince  0.0% · king  0.0% · crowned  0.0% · 8.4s
try  4 · gen  220 · best    173.4 · elite    126.7 · median     52.9 · years  83.6 · road 0.56 · starved   762 · nobles -17.4 · read 10.3 · walls  8.3 · fell 43.1% (mother 19.0%) · prince  0.0% · king  0.0% · crowned  0.0% · 8.4s
try  5 · gen  220 · best    197.9 · elite    127.6 · median     56.6 · years  82.7 · road 0.56 · starved   660 · nobles -17.1 · read  9.3 · walls  7.8 · fell 42.5% (mother 16.1%) · prince  0.0% · king  0.0% · crowned  0.0% · 8.4s
try  6 · gen  220 · best    440.8 · elite    240.5 · median     25.5 · years  76.7 · road 0.48 · starved  1890 · nobles  -1.6 · read  1.5 · walls  6.9 · fell 56.9% (mother 36.2%) · prince 29.8% · king 10.9% · crowned  4.3% (median year 87) · 8.4s
try  7 · gen  220 · best    582.8 · elite    270.9 · median     38.6 · years  78.0 · road 0.49 · starved  1980 · nobles  +0.7 · read  2.2 · walls  6.4 · fell 56.0% (mother 38.0%) · prince 32.5% · king 12.2% · crowned  6.2% (median year 92) · 8.4s
try  8 · gen  220 · best    509.4 · elite    249.5 · median     20.2 · years  75.2 · road 0.45 · starved  1843 · nobles  -2.6 · read  3.2 · walls  5.1 · fell 61.2% (mother 39.5%) · prince 32.7% · king 10.6% · crowned  4.8% (median year 91) · 8.4s
try  1 · gen  221 · best    489.3 · elite    219.6 · median     26.1 · years  82.7 · road 0.50 · starved  1778 · nobles  -5.3 · read  1.4 · walls  6.7 · fell 40.3% (mother 24.1%) · prince 21.9% · king  4.7% · crowned  2.8% (median year 70) · 8.4s
try  2 · gen  221 · best    378.8 · elite    223.5 · median     26.3 · years  80.8 · road 0.49 · starved  1837 · nobles  -2.8 · read  1.0 · walls  6.4 · fell 44.2% (mother 25.5%) · prince 25.5% · king  5.6% · crowned  3.2% (median year 70) · 8.4s
try  3 · gen  221 · best    196.0 · elite    130.9 · median     57.5 · years  83.6 · road 0.56 · starved   709 · nobles -17.1 · read 11.0 · walls  7.2 · fell 39.8% (mother 15.9%) · prince  0.0% · king  0.0% · crowned  0.0% · 8.4s
try  4 · gen  221 · best    174.3 · elite    130.1 · median     51.8 · years  82.9 · road 0.56 · starved   750 · nobles -17.3 · read  9.2 · walls  8.3 · fell 44.1% (mother 19.4%) · prince  0.0% · king  0.0% · crowned  0.0% · 8.4s
try  5 · gen  221 · best    174.0 · elite    132.0 · median     57.8 · years  83.7 · road 0.56 · starved   678 · nobles -17.3 · read  8.9 · walls  7.7 · fell 40.9% (mother 15.8%) · prince  0.0% · king  0.0% · crowned  0.0% · 8.4s
try  6 · gen  221 · best    511.3 · elite    248.5 · median     22.5 · years  75.7 · road 0.48 · starved  1874 · nobles  -1.7 · read  1.6 · walls  6.9 · fell 58.2% (mother 37.0%) · prince 30.9% · king 11.0% · crowned  4.4% (median year 90) · 8.4s
try  7 · gen  221 · best    551.1 · elite    266.7 · median     30.7 · years  77.5 · road 0.49 · starved  1953 · nobles  +0.6 · read  2.4 · walls  6.3 · fell 55.6% (mother 37.6%) · prince 31.2% · king 11.4% · crowned  5.5% (median year 91) · 8.4s
try  8 · gen  221 · best    573.9 · elite    231.1 · median     16.7 · years  74.5 · road 0.44 · starved  1848 · nobles  -2.5 · read  2.8 · walls  5.1 · fell 62.4% (mother 40.8%) · prince 32.6% · king 10.1% · crowned  4.2% (median year 89) · 8.4s
try  1 · gen  222 · best    628.0 · elite    220.9 · median     20.4 · years  82.6 · road 0.50 · starved  1766 · nobles  -5.2 · read  1.6 · walls  6.7 · fell 39.2% (mother 23.2%) · prince 19.9% · king  4.4% · crowned  2.9% (median year 70) · 8.1s
try  2 · gen  222 · best    524.6 · elite    229.7 · median     29.9 · years  81.0 · road 0.49 · starved  1851 · nobles  -2.7 · read  0.9 · walls  6.4 · fell 44.8% (mother 27.2%) · prince 27.5% · king  6.2% · crowned  3.5% (median year 71) · 8.1s
try  3 · gen  222 · best    169.5 · elite    132.1 · median     54.9 · years  82.9 · road 0.56 · starved   687 · nobles -17.1 · read  8.1 · walls  7.2 · fell 40.9% (mother 15.4%) · prince  0.0% · king  0.0% · crowned  0.0% · 8.1s
try  4 · gen  222 · best    166.5 · elite    125.7 · median     53.3 · years  82.6 · road 0.56 · starved   734 · nobles -17.2 · read  8.9 · walls  8.3 · fell 43.9% (mother 18.4%) · prince  0.0% · king  0.0% · crowned  0.0% · 8.1s
try  5 · gen  222 · best    196.8 · elite    131.6 · median     57.2 · years  83.4 · road 0.56 · starved   702 · nobles -17.3 · read  8.8 · walls  7.7 · fell 41.3% (mother 16.1%) · prince  0.0% · king  0.0% · crowned  0.0% · 8.1s
try  6 · gen  222 · best    472.8 · elite    241.4 · median     24.9 · years  77.6 · road 0.48 · starved  1870 · nobles  -1.8 · read  1.9 · walls  6.8 · fell 54.7% (mother 35.5%) · prince 30.2% · king  9.9% · crowned  3.8% (median year 88) · 8.1s
try  7 · gen  222 · best    495.9 · elite    253.3 · median     27.9 · years  77.2 · road 0.48 · starved  1952 · nobles  +0.1 · read  2.4 · walls  6.3 · fell 56.7% (mother 37.7%) · prince 30.3% · king 11.3% · crowned  5.2% (median year 92) · 8.1s
try  8 · gen  222 · best    431.0 · elite    241.3 · median     17.0 · years  74.7 · road 0.44 · starved  1838 · nobles  -2.2 · read  2.7 · walls  5.1 · fell 61.6% (mother 39.5%) · prince 32.7% · king 10.2% · crowned  4.8% (median year 85) · 8.1s
try  1 · gen  223 · best    490.3 · elite    217.4 · median     26.7 · years  83.4 · road 0.50 · starved  1790 · nobles  -5.4 · read  1.4 · walls  6.8 · fell 40.2% (mother 24.3%) · prince 21.3% · king  4.8% · crowned  2.9% (median year 73) · 8.6s
try  2 · gen  223 · best    355.1 · elite    214.5 · median     25.4 · years  82.3 · road 0.50 · starved  1868 · nobles  -3.3 · read  0.9 · walls  6.5 · fell 43.9% (mother 26.9%) · prince 25.1% · king  5.5% · crowned  3.2% (median year 71) · 8.6s
try  3 · gen  223 · best    176.7 · elite    130.0 · median     57.7 · years  83.6 · road 0.56 · starved   703 · nobles -17.3 · read  8.7 · walls  7.3 · fell 41.4% (mother 17.0%) · prince  0.0% · king  0.0% · crowned  0.0% · 8.6s
try  4 · gen  223 · best    156.2 · elite    123.0 · median     52.1 · years  82.5 · road 0.56 · starved   753 · nobles -17.2 · read 10.6 · walls  8.3 · fell 44.2% (mother 19.3%) · prince  0.0% · king  0.0% · crowned  0.0% · 8.6s
try  5 · gen  223 · best    194.1 · elite    131.9 · median     56.7 · years  83.0 · road 0.56 · starved   687 · nobles -17.1 · read  9.0 · walls  7.7 · fell 41.9% (mother 15.8%) · prince  0.0% · king  0.0% · crowned  0.0% · 8.6s
try  6 · gen  223 · best    435.1 · elite    239.4 · median     26.9 · years  77.2 · road 0.48 · starved  1875 · nobles  -1.7 · read  1.5 · walls  6.8 · fell 56.7% (mother 36.0%) · prince 31.5% · king 11.4% · crowned  4.2% (median year 91) · 8.6s
try  7 · gen  223 · best    479.6 · elite    247.8 · median     25.3 · years  78.7 · road 0.49 · starved  1959 · nobles  -0.2 · read  2.0 · walls  6.3 · fell 53.4% (mother 35.7%) · prince 30.0% · king 10.6% · crowned  4.5% (median year 91) · 8.6s
try  8 · gen  223 · best    470.4 · elite    225.3 · median     16.3 · years  75.4 · road 0.44 · starved  1842 · nobles  -2.7 · read  3.2 · walls  5.0 · fell 59.4% (mother 38.9%) · prince 31.5% · king  8.9% · crowned  4.2% (median year 85) · 8.6s
try  1 · gen  224 · best    365.6 · elite    213.7 · median     24.7 · years  83.1 · road 0.50 · starved  1778 · nobles  -5.2 · read  1.3 · walls  6.6 · fell 38.7% (mother 22.8%) · prince 19.8% · king  4.7% · crowned  3.0% (median year 71) · 8.6s
try  2 · gen  224 · best    399.0 · elite    222.3 · median     28.1 · years  81.5 · road 0.50 · starved  1844 · nobles  -3.1 · read  1.1 · walls  6.4 · fell 43.6% (mother 25.9%) · prince 26.2% · king  6.2% · crowned  3.5% (median year 71) · 8.6s
try  3 · gen  224 · best    193.7 · elite    128.8 · median     56.6 · years  83.3 · road 0.56 · starved   699 · nobles -17.2 · read  8.8 · walls  7.2 · fell 40.2% (mother 15.4%) · prince  0.0% · king  0.0% · crowned  0.0% · 8.6s
try  4 · gen  224 · best    191.3 · elite    125.1 · median     52.9 · years  82.9 · road 0.56 · starved   743 · nobles -17.3 · read 11.0 · walls  8.3 · fell 43.7% (mother 18.2%) · prince  0.0% · king  0.0% · crowned  0.0% · 8.6s
try  5 · gen  224 · best    176.9 · elite    129.5 · median     59.2 · years  83.7 · road 0.56 · starved   674 · nobles -17.3 · read  8.8 · walls  7.7 · fell 40.1% (mother 14.8%) · prince  0.0% · king  0.0% · crowned  0.0% · 8.6s
try  6 · gen  224 · best    523.7 · elite    251.3 · median     28.0 · years  77.3 · road 0.48 · starved  1888 · nobles  -1.6 · read  1.1 · walls  6.8 · fell 55.7% (mother 35.4%) · prince 31.8% · king 11.8% · crowned  4.8% (median year 86) · 8.6s
try  7 · gen  224 · best    433.9 · elite    221.2 · median     24.1 · years  78.0 · road 0.48 · starved  1943 · nobles  -0.3 · read  2.1 · walls  6.2 · fell 53.5% (mother 34.2%) · prince 28.2% · king  9.9% · crowned  4.1% (median year 90) · 8.6s
try  8 · gen  224 · best    394.6 · elite    239.0 · median     14.6 · years  74.9 · road 0.44 · starved  1806 · nobles  -2.5 · read  4.3 · walls  4.9 · fell 59.2% (mother 38.3%) · prince 31.9% · king 10.0% · crowned  4.6% (median year 86) · 8.6s
try  1 · gen  225 · best    376.8 · elite    233.4 · median     23.5 · years  82.2 · road 0.50 · starved  1775 · nobles  -5.3 · read  1.7 · walls  6.7 · fell 40.1% (mother 23.6%) · prince 20.9% · king  4.9% · crowned  3.2% (median year 70) · 8.5s
try  2 · gen  225 · best    362.5 · elite    201.1 · median     19.3 · years  81.0 · road 0.49 · starved  1838 · nobles  -3.5 · read  0.8 · walls  6.3 · fell 42.2% (mother 24.9%) · prince 23.3% · king  4.8% · crowned  2.6% (median year 71) · 8.5s
try  3 · gen  225 · best    176.0 · elite    127.5 · median     57.4 · years  83.8 · road 0.56 · starved   729 · nobles -17.3 · read  8.9 · walls  7.2 · fell 41.0% (mother 16.2%) · prince  0.0% · king  0.0% · crowned  0.0% · 8.5s
try  4 · gen  225 · best    170.9 · elite    128.0 · median     50.3 · years  82.1 · road 0.55 · starved   739 · nobles -17.1 · read 11.1 · walls  8.3 · fell 44.0% (mother 17.9%) · prince  0.0% · king  0.0% · crowned  0.0% · 8.5s
try  5 · gen  225 · best    168.2 · elite    133.5 · median     57.2 · years  82.8 · road 0.56 · starved   664 · nobles -17.2 · read  7.7 · walls  7.7 · fell 42.1% (mother 15.9%) · prince  0.0% · king  0.0% · crowned  0.0% · 8.5s
try  6 · gen  225 · best    453.3 · elite    232.4 · median     30.8 · years  77.4 · road 0.48 · starved  1853 · nobles  -1.5 · read  1.6 · walls  6.8 · fell 54.1% (mother 33.9%) · prince 30.9% · king 10.7% · crowned  4.3% (median year 88) · 8.5s
try  7 · gen  225 · best    412.5 · elite    221.9 · median     30.0 · years  78.1 · road 0.48 · starved  1938 · nobles  -0.0 · read  1.7 · walls  6.2 · fell 53.0% (mother 35.4%) · prince 28.5% · king 10.2% · crowned  4.4% (median year 89) · 8.5s
try  8 · gen  225 · best    512.0 · elite    231.0 · median     13.1 · years  74.4 · road 0.44 · starved  1820 · nobles  -2.8 · read  3.7 · walls  4.9 · fell 59.8% (mother 37.5%) · prince 30.1% · king  9.9% · crowned  4.3% (median year 87) · 8.5s
try  1 · gen  226 · best    512.3 · elite    220.7 · median     25.5 · years  83.3 · road 0.50 · starved  1789 · nobles  -5.2 · read  1.8 · walls  6.8 · fell 39.5% (mother 24.2%) · prince 21.3% · king  4.6% · crowned  2.8% (median year 72) · 8.4s
try  2 · gen  226 · best    445.3 · elite    235.8 · median     21.9 · years  80.2 · road 0.50 · starved  1867 · nobles  -3.0 · read  0.8 · walls  6.4 · fell 46.1% (mother 26.5%) · prince 26.5% · king  6.2% · crowned  3.7% (median year 70) · 8.4s
try  3 · gen  226 · best    178.8 · elite    131.1 · median     54.4 · years  83.3 · road 0.56 · starved   713 · nobles -17.2 · read  8.3 · walls  7.1 · fell 41.6% (mother 16.9%) · prince  0.0% · king  0.0% · crowned  0.0% · 8.4s
try  4 · gen  226 · best    177.1 · elite    130.3 · median     49.9 · years  82.1 · road 0.55 · starved   717 · nobles -17.1 · read  9.9 · walls  8.3 · fell 44.7% (mother 18.4%) · prince  0.0% · king  0.0% · crowned  0.0% · 8.4s
try  5 · gen  226 · best    191.6 · elite    132.7 · median     57.6 · years  83.6 · road 0.56 · starved   669 · nobles -17.2 · read  8.2 · walls  7.7 · fell 39.8% (mother 15.2%) · prince  0.0% · king  0.0% · crowned  0.0% · 8.4s
try  6 · gen  226 · best    447.4 · elite    228.7 · median     22.9 · years  77.0 · road 0.48 · starved  1862 · nobles  -1.6 · read  1.7 · walls  6.7 · fell 55.4% (mother 36.0%) · prince 30.6% · king  9.7% · crowned  3.8% (median year 89) · 8.4s
try  7 · gen  226 · best    520.4 · elite    236.4 · median     26.2 · years  76.8 · road 0.48 · starved  1929 · nobles  -0.0 · read  2.0 · walls  6.1 · fell 54.5% (mother 34.6%) · prince 29.5% · king 10.3% · crowned  4.5% (median year 89) · 8.4s
try  8 · gen  226 · best    453.3 · elite    238.6 · median     18.7 · years  74.5 · road 0.44 · starved  1814 · nobles  -2.4 · read  4.7 · walls  5.0 · fell 60.4% (mother 38.2%) · prince 31.3% · king 10.1% · crowned  4.7% (median year 82) · 8.4s
try  1 · gen  227 · best    447.6 · elite    228.1 · median     21.2 · years  83.3 · road 0.50 · starved  1774 · nobles  -5.6 · read  1.8 · walls  6.7 · fell 36.9% (mother 21.0%) · prince 18.6% · king  4.6% · crowned  3.2% (median year 70) · 8.4s
try  2 · gen  227 · best    424.0 · elite    218.6 · median     21.8 · years  82.5 · road 0.50 · starved  1843 · nobles  -3.6 · read  0.9 · walls  6.5 · fell 43.3% (mother 25.0%) · prince 24.9% · king  5.0% · crowned  3.0% (median year 70) · 8.4s
try  3 · gen  227 · best    182.4 · elite    126.5 · median     56.2 · years  83.4 · road 0.56 · starved   722 · nobles -17.2 · read  7.8 · walls  7.1 · fell 41.8% (mother 17.0%) · prince  0.0% · king  0.0% · crowned  0.0% · 8.4s
try  4 · gen  227 · best    183.4 · elite    124.7 · median     53.1 · years  83.9 · road 0.56 · starved   785 · nobles -17.4 · read 11.1 · walls  8.2 · fell 41.8% (mother 17.6%) · prince  0.0% · king  0.0% · crowned  0.0% · 8.4s
try  5 · gen  227 · best    181.3 · elite    131.8 · median     57.8 · years  83.2 · road 0.56 · starved   696 · nobles -17.2 · read  8.1 · walls  7.7 · fell 40.6% (mother 15.4%) · prince  0.0% · king  0.0% · crowned  0.0% · 8.4s
try  6 · gen  227 · best    423.9 · elite    248.7 · median     30.2 · years  76.9 · road 0.48 · starved  1870 · nobles  -1.2 · read  1.8 · walls  6.8 · fell 56.8% (mother 36.5%) · prince 31.8% · king 11.4% · crowned  4.8% (median year 88) · 8.4s
try  7 · gen  227 · best    490.7 · elite    250.1 · median     28.1 · years  77.8 · road 0.48 · starved  1935 · nobles  -0.0 · read  1.4 · walls  6.1 · fell 54.1% (mother 33.3%) · prince 29.1% · king 10.4% · crowned  5.0% (median year 87) · 8.4s
try  8 · gen  227 · best    471.6 · elite    239.1 · median     22.5 · years  74.1 · road 0.44 · starved  1802 · nobles  -2.0 · read  4.2 · walls  5.0 · fell 61.0% (mother 39.4%) · prince 32.0% · king 10.3% · crowned  5.0% (median year 87) · 8.4s
try  1 · gen  228 · best    399.3 · elite    226.1 · median     24.3 · years  83.4 · road 0.50 · starved  1782 · nobles  -5.6 · read  2.1 · walls  6.7 · fell 37.3% (mother 21.6%) · prince 19.0% · king  4.9% · crowned  3.4% (median year 70) · 8.6s
try  2 · gen  228 · best    513.0 · elite    215.1 · median     23.3 · years  82.6 · road 0.50 · starved  1849 · nobles  -3.5 · read  0.8 · walls  6.5 · fell 42.7% (mother 26.0%) · prince 25.4% · king  5.3% · crowned  3.1% (median year 70) · 8.6s
try  3 · gen  228 · best    174.9 · elite    128.4 · median     55.8 · years  83.4 · road 0.56 · starved   715 · nobles -17.3 · read  7.7 · walls  7.2 · fell 43.1% (mother 17.6%) · prince  0.0% · king  0.0% · crowned  0.0% · 8.6s
try  4 · gen  228 · best    179.3 · elite    127.0 · median     51.6 · years  83.6 · road 0.56 · starved   788 · nobles -17.2 · read 10.7 · walls  8.2 · fell 40.5% (mother 16.4%) · prince  0.0% · king  0.0% · crowned  0.0% · 8.6s
try  5 · gen  228 · best    184.4 · elite    127.0 · median     56.0 · years  82.8 · road 0.56 · starved   705 · nobles -17.0 · read  8.4 · walls  7.7 · fell 40.0% (mother 14.5%) · prince  0.0% · king  0.0% · crowned  0.0% · 8.6s
try  6 · gen  228 · best    499.0 · elite    233.2 · median     32.0 · years  79.7 · road 0.49 · starved  1883 · nobles  -1.6 · read  1.3 · walls  7.0 · fell 54.4% (mother 35.5%) · prince 32.8% · king 10.9% · crowned  4.0% (median year 90) · 8.6s
try  7 · gen  228 · best    419.9 · elite    249.5 · median     32.4 · years  79.1 · road 0.49 · starved  1969 · nobles  +0.2 · read  1.5 · walls  6.3 · fell 53.9% (mother 34.8%) · prince 31.1% · king 10.8% · crowned  4.9% (median year 92) · 8.6s
try  8 · gen  228 · best    477.4 · elite    233.0 · median     13.7 · years  76.0 · road 0.44 · starved  1811 · nobles  -2.5 · read  3.6 · walls  5.1 · fell 57.9% (mother 38.2%) · prince 31.5% · king  9.6% · crowned  4.3% (median year 83) · 8.6s
try  1 · gen  229 · best    420.6 · elite    214.6 · median     22.6 · years  83.3 · road 0.50 · starved  1787 · nobles  -5.5 · read  2.1 · walls  6.7 · fell 38.7% (mother 22.7%) · prince 19.1% · king  4.7% · crowned  3.2% (median year 71) · 8.3s
try  2 · gen  229 · best    483.8 · elite    226.2 · median     26.4 · years  82.1 · road 0.50 · starved  1837 · nobles  -3.3 · read  1.1 · walls  6.5 · fell 42.8% (mother 25.2%) · prince 25.0% · king  5.5% · crowned  3.4% (median year 71) · 8.3s
try  3 · gen  229 · best    200.1 · elite    134.0 · median     57.0 · years  83.4 · road 0.57 · starved   714 · nobles -17.3 · read  6.8 · walls  7.2 · fell 43.0% (mother 18.5%) · prince  0.0% · king  0.0% · crowned  0.0% · 8.3s
try  4 · gen  229 · best    187.9 · elite    126.8 · median     52.1 · years  83.5 · road 0.56 · starved   756 · nobles -17.2 · read 10.3 · walls  8.2 · fell 40.7% (mother 15.5%) · prince  0.0% · king  0.0% · crowned  0.0% · 8.3s
try  5 · gen  229 · best    180.6 · elite    128.9 · median     57.1 · years  83.0 · road 0.57 · starved   730 · nobles -17.2 · read  6.6 · walls  7.8 · fell 41.3% (mother 15.9%) · prince  0.0% · king  0.0% · crowned  0.0% · 8.3s
try  6 · gen  229 · best    365.9 · elite    231.5 · median     27.1 · years  78.3 · road 0.49 · starved  1894 · nobles  -1.5 · read  1.1 · walls  6.9 · fell 54.5% (mother 35.3%) · prince 32.7% · king 10.9% · crowned  3.7% (median year 92) · 8.3s
try  7 · gen  229 · best    566.7 · elite    244.4 · median     26.7 · years  77.4 · road 0.48 · starved  1939 · nobles  +0.4 · read  1.3 · walls  6.1 · fell 54.7% (mother 35.7%) · prince 30.0% · king 10.2% · crowned  4.7% (median year 90) · 8.3s
try  8 · gen  229 · best    416.2 · elite    233.6 · median     13.3 · years  75.1 · road 0.44 · starved  1828 · nobles  -2.5 · read  2.8 · walls  5.0 · fell 59.6% (mother 39.9%) · prince 30.8% · king  9.7% · crowned  4.3% (median year 82) · 8.3s
try  1 · gen  230 · best    484.3 · elite    234.1 · median     24.7 · years  84.1 · road 0.51 · starved  1800 · nobles  -5.7 · read  2.3 · walls  6.8 · fell 37.3% (mother 22.0%) · prince 19.0% · king  4.8% · crowned  3.2% (median year 69) · 8.5s
try  2 · gen  230 · best    412.9 · elite    233.8 · median     27.0 · years  81.1 · road 0.50 · starved  1843 · nobles  -2.8 · read  0.6 · walls  6.6 · fell 45.0% (mother 26.6%) · prince 27.2% · king  6.1% · crowned  3.8% (median year 70) · 8.5s
try  3 · gen  230 · best    164.8 · elite    128.6 · median     57.8 · years  82.7 · road 0.56 · starved   700 · nobles -17.1 · read  7.1 · walls  7.1 · fell 43.0% (mother 19.0%) · prince  0.0% · king  0.0% · crowned  0.0% · 8.5s
try  4 · gen  230 · best    186.2 · elite    123.6 · median     53.5 · years  84.8 · road 0.56 · starved   795 · nobles -17.4 · read 10.7 · walls  8.2 · fell 40.6% (mother 17.5%) · prince  0.0% · king  0.0% · crowned  0.0% · 8.5s
try  5 · gen  230 · best    195.9 · elite    133.7 · median     53.2 · years  83.0 · road 0.57 · starved   701 · nobles -17.2 · read  6.8 · walls  7.7 · fell 41.1% (mother 14.7%) · prince  0.0% · king  0.0% · crowned  0.0% · 8.5s
try  6 · gen  230 · best    433.7 · elite    241.3 · median     25.5 · years  77.5 · road 0.49 · starved  1897 · nobles  -1.8 · read  0.8 · walls  6.9 · fell 56.7% (mother 37.2%) · prince 32.0% · king 10.2% · crowned  4.1% (median year 92) · 8.5s
try  7 · gen  230 · best    388.2 · elite    247.1 · median     27.4 · years  78.1 · road 0.49 · starved  1959 · nobles  +0.3 · read  1.6 · walls  6.2 · fell 53.8% (mother 34.4%) · prince 30.4% · king 11.0% · crowned  5.0% (median year 90) · 8.5s
try  8 · gen  230 · best    408.2 · elite    237.4 · median     17.0 · years  75.3 · road 0.44 · starved  1816 · nobles  -2.3 · read  3.2 · walls  5.0 · fell 58.5% (mother 37.4%) · prince 31.7% · king 10.1% · crowned  4.6% (median year 82) · 8.5s
try  1 · gen  231 · best    409.6 · elite    228.8 · median     26.7 · years  82.7 · road 0.50 · starved  1786 · nobles  -5.3 · read  2.2 · walls  6.7 · fell 40.1% (mother 22.4%) · prince 20.9% · king  5.0% · crowned  3.3% (median year 69) · 8.6s
try  2 · gen  231 · best    579.7 · elite    248.7 · median     27.7 · years  81.8 · road 0.50 · starved  1854 · nobles  -3.2 · read  0.6 · walls  6.6 · fell 44.2% (mother 27.0%) · prince 27.8% · king  6.2% · crowned  3.6% (median year 70) · 8.6s
try  3 · gen  231 · best    173.1 · elite    130.7 · median     53.1 · years  82.1 · road 0.56 · starved   689 · nobles -17.1 · read  7.0 · walls  7.1 · fell 43.8% (mother 18.2%) · prince  0.0% · king  0.0% · crowned  0.0% · 8.6s
try  4 · gen  231 · best    189.5 · elite    123.1 · median     51.6 · years  83.7 · road 0.56 · starved   799 · nobles -17.1 · read 10.3 · walls  8.2 · fell 41.2% (mother 16.8%) · prince  0.0% · king  0.0% · crowned  0.0% · 8.6s
try  5 · gen  231 · best    188.4 · elite    132.6 · median     56.6 · years  83.0 · road 0.57 · starved   715 · nobles -17.2 · read  6.7 · walls  7.7 · fell 42.2% (mother 16.4%) · prince  0.0% · king  0.0% · crowned  0.0% · 8.6s
try  6 · gen  231 · best    409.2 · elite    238.3 · median     31.9 · years  78.0 · road 0.49 · starved  1875 · nobles  -1.5 · read  1.0 · walls  6.8 · fell 53.9% (mother 35.4%) · prince 32.5% · king 10.2% · crowned  4.2% (median year 85) · 8.6s
try  7 · gen  231 · best    548.5 · elite    263.5 · median     27.5 · years  78.1 · road 0.49 · starved  1965 · nobles  +0.4 · read  1.4 · walls  6.2 · fell 53.8% (mother 34.2%) · prince 29.8% · king 11.3% · crowned  5.4% (median year 88) · 8.6s
try  8 · gen  231 · best    455.4 · elite    233.1 · median     15.0 · years  75.8 · road 0.44 · starved  1818 · nobles  -2.4 · read  2.6 · walls  5.1 · fell 57.6% (mother 36.5%) · prince 31.6% · king  9.1% · crowned  4.3% (median year 88) · 8.6s
try  1 · gen  232 · best    407.9 · elite    222.9 · median     26.9 · years  83.2 · road 0.51 · starved  1808 · nobles  -5.2 · read  2.1 · walls  6.9 · fell 42.8% (mother 26.2%) · prince 22.6% · king  5.2% · crowned  3.2% (median year 68) · 8.4s
try  2 · gen  232 · best    469.4 · elite    235.0 · median     27.8 · years  81.9 · road 0.51 · starved  1860 · nobles  -3.4 · read  0.4 · walls  6.7 · fell 46.8% (mother 28.6%) · prince 28.7% · king  6.3% · crowned  3.5% (median year 72) · 8.4s
try  3 · gen  232 · best    177.6 · elite    129.3 · median     55.2 · years  82.9 · road 0.56 · starved   693 · nobles -17.1 · read  6.7 · walls  7.1 · fell 41.9% (mother 17.1%) · prince  0.0% · king  0.0% · crowned  0.0% · 8.4s
try  4 · gen  232 · best    173.5 · elite    126.8 · median     52.7 · years  84.7 · road 0.56 · starved   799 · nobles -17.4 · read 10.5 · walls  8.2 · fell 41.0% (mother 16.7%) · prince  0.0% · king  0.0% · crowned  0.0% · 8.4s
try  5 · gen  232 · best    165.9 · elite    127.0 · median     53.3 · years  82.4 · road 0.57 · starved   736 · nobles -17.1 · read  7.6 · walls  7.7 · fell 42.3% (mother 15.3%) · prince  0.0% · king  0.0% · crowned  0.0% · 8.4s
try  6 · gen  232 · best    406.4 · elite    235.9 · median     26.6 · years  78.6 · road 0.49 · starved  1870 · nobles  -1.7 · read  0.8 · walls  6.9 · fell 52.8% (mother 33.8%) · prince 32.2% · king 10.2% · crowned  3.8% (median year 89) · 8.4s
try  7 · gen  232 · best    489.0 · elite    250.2 · median     27.4 · years  79.4 · road 0.49 · starved  1990 · nobles  +0.0 · read  1.4 · walls  6.3 · fell 54.8% (mother 35.1%) · prince 28.9% · king 10.8% · crowned  5.1% (median year 92) · 8.4s
try  8 · gen  232 · best    463.2 · elite    218.4 · median      9.7 · years  75.4 · road 0.44 · starved  1822 · nobles  -2.9 · read  2.5 · walls  5.1 · fell 57.7% (mother 38.4%) · prince 30.8% · king  8.6% · crowned  3.8% (median year 72) · 8.4s
try  1 · gen  233 · best    428.1 · elite    228.9 · median     26.3 · years  84.2 · road 0.51 · starved  1798 · nobles  -5.2 · read  2.4 · walls  6.8 · fell 38.3% (mother 23.0%) · prince 21.0% · king  4.8% · crowned  3.1% (median year 68) · 8.5s
try  2 · gen  233 · best    416.4 · elite    231.3 · median     33.6 · years  83.6 · road 0.51 · starved  1856 · nobles  -3.3 · read  0.2 · walls  6.8 · fell 44.7% (mother 27.7%) · prince 29.2% · king  5.6% · crowned  3.3% (median year 68) · 8.5s
try  3 · gen  233 · best    200.8 · elite    131.7 · median     57.8 · years  84.0 · road 0.57 · starved   705 · nobles -17.3 · read  7.5 · walls  7.1 · fell 41.0% (mother 17.7%) · prince  0.0% · king  0.0% · crowned  0.0% · 8.5s
try  4 · gen  233 · best    170.9 · elite    125.7 · median     49.4 · years  83.7 · road 0.56 · starved   792 · nobles -17.2 · read 10.0 · walls  8.2 · fell 41.5% (mother 16.4%) · prince  0.0% · king  0.0% · crowned  0.0% · 8.5s
try  5 · gen  233 · best    187.4 · elite    130.3 · median     54.8 · years  83.2 · road 0.57 · starved   728 · nobles -17.2 · read  6.3 · walls  7.7 · fell 40.8% (mother 15.7%) · prince  0.0% · king  0.0% · crowned  0.0% · 8.5s
try  6 · gen  233 · best    380.3 · elite    224.1 · median     27.9 · years  78.9 · road 0.49 · starved  1884 · nobles  -1.7 · read  0.6 · walls  6.8 · fell 53.0% (mother 35.0%) · prince 31.5% · king 10.2% · crowned  3.4% (median year 90) · 8.5s
try  7 · gen  233 · best    466.7 · elite    249.0 · median     28.7 · years  77.6 · road 0.49 · starved  1965 · nobles  +0.1 · read  1.7 · walls  6.2 · fell 55.5% (mother 34.3%) · prince 29.0% · king 11.3% · crowned  5.4% (median year 87) · 8.5s
try  8 · gen  233 · best    497.7 · elite    221.0 · median     19.2 · years  77.9 · road 0.45 · starved  1852 · nobles  -3.0 · read  2.7 · walls  5.2 · fell 55.7% (mother 38.8%) · prince 31.7% · king  8.5% · crowned  3.7% (median year 78) · 8.5s
try  1 · gen  234 · best    541.0 · elite    214.2 · median     24.8 · years  83.6 · road 0.50 · starved  1764 · nobles  -5.5 · read  2.1 · walls  6.7 · fell 37.5% (mother 21.1%) · prince 19.4% · king  4.4% · crowned  3.0% (median year 70) · 8.4s
try  2 · gen  234 · best    460.6 · elite    220.9 · median     29.2 · years  82.7 · road 0.51 · starved  1844 · nobles  -3.3 · read  0.5 · walls  6.7 · fell 46.2% (mother 27.9%) · prince 28.7% · king  5.4% · crowned  3.0% (median year 69) · 8.4s
try  3 · gen  234 · best    181.0 · elite    130.8 · median     56.5 · years  82.9 · road 0.56 · starved   725 · nobles -17.1 · read  6.9 · walls  7.1 · fell 43.0% (mother 18.4%) · prince  0.0% · king  0.0% · crowned  0.0% · 8.4s
try  4 · gen  234 · best    167.7 · elite    125.2 · median     51.5 · years  84.3 · road 0.56 · starved   794 · nobles -17.4 · read  9.8 · walls  8.2 · fell 41.8% (mother 17.6%) · prince  0.0% · king  0.0% · crowned  0.0% · 8.4s
try  5 · gen  234 · best    183.9 · elite    128.3 · median     56.3 · years  83.1 · road 0.57 · starved   740 · nobles -17.2 · read  7.6 · walls  7.7 · fell 41.3% (mother 16.7%) · prince  0.0% · king  0.0% · crowned  0.0% · 8.4s
try  6 · gen  234 · best    401.5 · elite    219.5 · median     30.7 · years  79.0 · road 0.49 · starved  1885 · nobles  -1.5 · read  0.6 · walls  6.9 · fell 52.3% (mother 34.3%) · prince 31.6% · king 10.4% · crowned  3.8% (median year 89) · 8.4s
try  7 · gen  234 · best    509.6 · elite    244.4 · median     25.0 · years  78.6 · road 0.49 · starved  1958 · nobles  +0.0 · read  1.1 · walls  6.2 · fell 53.8% (mother 33.4%) · prince 28.9% · king 10.3% · crowned  4.7% (median year 90) · 8.4s
try  8 · gen  234 · best    537.7 · elite    232.5 · median     15.3 · years  75.5 · road 0.44 · starved  1823 · nobles  -2.7 · read  2.2 · walls  5.1 · fell 57.7% (mother 39.8%) · prince 31.0% · king  8.9% · crowned  4.2% (median year 76) · 8.4s
try  1 · gen  235 · best    442.6 · elite    220.9 · median     26.6 · years  83.2 · road 0.50 · starved  1782 · nobles  -5.3 · read  2.1 · walls  6.7 · fell 39.6% (mother 23.1%) · prince 20.4% · king  4.8% · crowned  3.1% (median year 69) · 8.5s
try  2 · gen  235 · best    393.7 · elite    237.6 · median     28.7 · years  82.4 · road 0.51 · starved  1854 · nobles  -3.0 · read  0.6 · walls  6.7 · fell 46.0% (mother 27.1%) · prince 30.1% · king  5.8% · crowned  3.5% (median year 70) · 8.5s
try  3 · gen  235 · best    165.7 · elite    130.4 · median     55.2 · years  81.9 · road 0.56 · starved   698 · nobles -16.9 · read  7.3 · walls  7.0 · fell 43.5% (mother 17.5%) · prince  0.0% · king  0.0% · crowned  0.0% · 8.5s
try  4 · gen  235 · best    183.4 · elite    127.2 · median     50.6 · years  83.5 · road 0.56 · starved   793 · nobles -17.1 · read  9.9 · walls  8.2 · fell 41.3% (mother 16.3%) · prince  0.0% · king  0.0% · crowned  0.0% · 8.5s
try  5 · gen  235 · best    175.4 · elite    130.0 · median     55.5 · years  82.9 · road 0.57 · starved   715 · nobles -17.2 · read  6.3 · walls  7.7 · fell 42.2% (mother 15.2%) · prince  0.0% · king  0.0% · crowned  0.0% · 8.5s
try  6 · gen  235 · best    514.3 · elite    226.9 · median     31.1 · years  78.4 · road 0.49 · starved  1900 · nobles  -1.7 · read  0.5 · walls  6.8 · fell 53.6% (mother 33.8%) · prince 32.4% · king 10.6% · crowned  3.9% (median year 86) · 8.5s
try  7 · gen  235 · best    454.3 · elite    265.4 · median     30.7 · years  79.8 · road 0.49 · starved  1954 · nobles  +0.0 · read  1.5 · walls  6.3 · fell 51.7% (mother 32.0%) · prince 28.6% · king 11.0% · crowned  5.6% (median year 88) · 8.5s
try  8 · gen  235 · best    400.7 · elite    227.1 · median     17.9 · years  76.4 · road 0.44 · starved  1842 · nobles  -2.9 · read  2.3 · walls  5.1 · fell 56.7% (mother 37.4%) · prince 31.3% · king  9.3% · crowned  4.0% (median year 81) · 8.5s
try  1 · gen  236 · best    417.7 · elite    228.0 · median     25.8 · years  82.9 · road 0.50 · starved  1763 · nobles  -5.2 · read  1.9 · walls  6.7 · fell 39.7% (mother 22.5%) · prince 21.3% · king  5.2% · crowned  3.2% (median year 69) · 8.4s
try  2 · gen  236 · best    505.7 · elite    229.7 · median     33.4 · years  82.5 · road 0.51 · starved  1856 · nobles  -3.0 · read  0.3 · walls  6.8 · fell 45.5% (mother 27.5%) · prince 29.3% · king  5.8% · crowned  3.4% (median year 71) · 8.4s
try  3 · gen  236 · best    170.0 · elite    127.1 · median     56.6 · years  82.8 · road 0.56 · starved   687 · nobles -17.2 · read  7.4 · walls  7.1 · fell 42.6% (mother 17.4%) · prince  0.0% · king  0.0% · crowned  0.0% · 8.4s
try  4 · gen  236 · best    173.4 · elite    125.2 · median     51.7 · years  83.3 · road 0.56 · starved   790 · nobles -17.1 · read  9.9 · walls  8.2 · fell 42.6% (mother 17.8%) · prince  0.0% · king  0.0% · crowned  0.0% · 8.4s
try  5 · gen  236 · best    166.2 · elite    130.6 · median     61.5 · years  83.9 · road 0.57 · starved   712 · nobles -17.4 · read  6.9 · walls  7.7 · fell 41.1% (mother 17.3%) · prince  0.0% · king  0.0% · crowned  0.0% · 8.4s
try  6 · gen  236 · best    436.6 · elite    241.2 · median     33.8 · years  78.8 · road 0.49 · starved  1883 · nobles  -1.5 · read  0.3 · walls  6.9 · fell 53.8% (mother 34.0%) · prince 33.2% · king 10.8% · crowned  4.2% (median year 84) · 8.4s
try  7 · gen  236 · best    459.9 · elite    233.0 · median     29.3 · years  80.1 · road 0.49 · starved  1961 · nobles  -0.4 · read  1.1 · walls  6.3 · fell 50.8% (mother 31.7%) · prince 28.3% · king 10.2% · crowned  4.6% (median year 87) · 8.4s
try  8 · gen  236 · best    382.0 · elite    211.7 · median     15.2 · years  77.1 · road 0.44 · starved  1840 · nobles  -3.0 · read  2.3 · walls  5.2 · fell 55.4% (mother 38.8%) · prince 32.4% · king  8.3% · crowned  3.6% (median year 84) · 8.4s
try  1 · gen  237 · best    387.3 · elite    208.3 · median     27.8 · years  83.2 · road 0.50 · starved  1765 · nobles  -5.2 · read  2.0 · walls  6.7 · fell 39.4% (mother 22.9%) · prince 20.6% · king  4.8% · crowned  3.1% (median year 67) · 8.4s
try  2 · gen  237 · best    532.1 · elite    238.4 · median     28.7 · years  82.6 · road 0.51 · starved  1850 · nobles  -3.2 · read  0.7 · walls  6.8 · fell 45.0% (mother 27.1%) · prince 29.1% · king  6.0% · crowned  3.5% (median year 70) · 8.4s
try  3 · gen  237 · best    186.0 · elite    134.4 · median     58.6 · years  82.9 · road 0.56 · starved   686 · nobles -17.3 · read  7.5 · walls  7.1 · fell 42.3% (mother 17.5%) · prince  0.0% · king  0.0% · crowned  0.0% · 8.4s
try  4 · gen  237 · best    161.4 · elite    123.2 · median     52.8 · years  83.2 · road 0.56 · starved   775 · nobles -17.1 · read 10.5 · walls  8.2 · fell 42.2% (mother 16.7%) · prince  0.0% · king  0.0% · crowned  0.0% · 8.4s
try  5 · gen  237 · best    175.4 · elite    132.2 · median     58.5 · years  83.6 · road 0.57 · starved   715 · nobles -17.4 · read  6.4 · walls  7.8 · fell 41.8% (mother 16.8%) · prince  0.0% · king  0.0% · crowned  0.0% · 8.4s
try  6 · gen  237 · best    485.0 · elite    244.3 · median     34.7 · years  78.2 · road 0.49 · starved  1887 · nobles  -1.4 · read  0.4 · walls  6.8 · fell 54.3% (mother 34.6%) · prince 33.8% · king 10.9% · crowned  4.4% (median year 90) · 8.4s
try  7 · gen  237 · best    407.1 · elite    235.3 · median     24.7 · years  79.3 · road 0.49 · starved  1947 · nobles  +0.1 · read  1.7 · walls  6.3 · fell 52.3% (mother 32.3%) · prince 29.0% · king 10.4% · crowned  4.5% (median year 90) · 8.4s
try  8 · gen  237 · best    529.7 · elite    223.6 · median     16.3 · years  76.7 · road 0.44 · starved  1843 · nobles  -2.8 · read  2.2 · walls  5.1 · fell 55.0% (mother 37.5%) · prince 30.9% · king  8.5% · crowned  3.7% (median year 75) · 8.4s
try  1 · gen  238 · best    412.7 · elite    215.5 · median     28.6 · years  84.9 · road 0.51 · starved  1775 · nobles  -5.5 · read  2.1 · walls  6.8 · fell 38.5% (mother 23.3%) · prince 20.8% · king  4.3% · crowned  2.9% (median year 71) · 8.5s
try  2 · gen  238 · best    393.8 · elite    223.3 · median     30.2 · years  82.7 · road 0.51 · starved  1845 · nobles  -3.2 · read  0.2 · walls  6.7 · fell 44.0% (mother 26.6%) · prince 26.8% · king  5.6% · crowned  3.3% (median year 73) · 8.5s
try  3 · gen  238 · best    185.2 · elite    134.8 · median     56.9 · years  83.7 · road 0.57 · starved   691 · nobles -17.3 · read  7.1 · walls  7.1 · fell 40.0% (mother 15.6%) · prince  0.0% · king  0.0% · crowned  0.0% · 8.5s
try  4 · gen  238 · best    175.8 · elite    123.7 · median     52.7 · years  83.9 · road 0.56 · starved   794 · nobles -17.3 · read 10.2 · walls  8.2 · fell 40.6% (mother 15.6%) · prince  0.0% · king  0.0% · crowned  0.0% · 8.5s
try  5 · gen  238 · best    210.1 · elite    132.4 · median     56.2 · years  82.4 · road 0.57 · starved   691 · nobles -17.0 · read  6.5 · walls  7.7 · fell 41.8% (mother 15.4%) · prince  0.0% · king  0.0% · crowned  0.0% · 8.5s
try  6 · gen  238 · best    414.1 · elite    248.7 · median     30.3 · years  77.7 · road 0.49 · starved  1877 · nobles  -1.4 · read  0.6 · walls  6.7 · fell 55.2% (mother 35.2%) · prince 32.0% · king 10.6% · crowned  4.4% (median year 89) · 8.5s
try  7 · gen  238 · best    431.1 · elite    227.5 · median     27.9 · years  79.4 · road 0.49 · starved  1924 · nobles  +0.2 · read  1.5 · walls  6.2 · fell 50.3% (mother 30.9%) · prince 27.1% · king 10.1% · crowned  4.7% (median year 90) · 8.5s
try  8 · gen  238 · best    391.3 · elite    214.3 · median     14.2 · years  77.9 · road 0.45 · starved  1854 · nobles  -3.2 · read  1.8 · walls  5.2 · fell 54.6% (mother 38.9%) · prince 31.0% · king  7.9% · crowned  3.2% (median year 79) · 8.5s
try  1 · gen  239 · best    510.5 · elite    227.1 · median     24.6 · years  83.2 · road 0.50 · starved  1762 · nobles  -5.2 · read  2.1 · walls  6.7 · fell 38.9% (mother 22.1%) · prince 20.4% · king  4.9% · crowned  3.3% (median year 69) · 8.5s
try  2 · gen  239 · best    468.2 · elite    239.8 · median     29.8 · years  82.4 · road 0.51 · starved  1848 · nobles  -3.1 · read  0.2 · walls  6.8 · fell 45.0% (mother 26.6%) · prince 28.6% · king  5.8% · crowned  3.3% (median year 69) · 8.5s
try  3 · gen  239 · best    182.6 · elite    128.3 · median     55.0 · years  83.1 · road 0.56 · starved   702 · nobles -17.0 · read  6.8 · walls  7.1 · fell 40.3% (mother 15.7%) · prince  0.0% · king  0.0% · crowned  0.0% · 8.5s
try  4 · gen  239 · best    181.3 · elite    127.2 · median     51.1 · years  83.1 · road 0.56 · starved   764 · nobles -17.1 · read 10.7 · walls  8.2 · fell 42.6% (mother 17.0%) · prince  0.0% · king  0.0% · crowned  0.0% · 8.5s
try  5 · gen  239 · best    185.4 · elite    131.4 · median     56.7 · years  82.8 · road 0.57 · starved   687 · nobles -17.2 · read  7.3 · walls  7.8 · fell 42.7% (mother 16.5%) · prince  0.0% · king  0.0% · crowned  0.0% · 8.5s
try  6 · gen  239 · best    360.6 · elite    221.7 · median     31.7 · years  79.1 · road 0.49 · starved  1892 · nobles  -1.5 · read  0.6 · walls  6.8 · fell 54.5% (mother 34.0%) · prince 33.5% · king 10.1% · crowned  3.7% (median year 90) · 8.5s
try  7 · gen  239 · best    448.8 · elite    245.8 · median     28.5 · years  79.1 · road 0.49 · starved  1932 · nobles  +0.3 · read  1.5 · walls  6.3 · fell 52.1% (mother 31.3%) · prince 28.8% · king 10.6% · crowned  4.9% (median year 90) · 8.5s
try  8 · gen  239 · best    507.2 · elite    233.9 · median     15.3 · years  77.9 · road 0.45 · starved  1850 · nobles  -2.9 · read  2.0 · walls  5.2 · fell 54.2% (mother 36.9%) · prince 31.0% · king  8.6% · crowned  3.9% (median year 76) · 8.5s
try  1 · gen  240 · best    469.2 · elite    232.7 · median     24.5 · years  83.2 · road 0.50 · starved  1757 · nobles  -5.3 · read  1.7 · walls  6.6 · fell 37.5% (mother 21.2%) · prince 19.3% · king  4.9% · crowned  3.7% (median year 71) · 8.5s
try  2 · gen  240 · best    578.2 · elite    235.0 · median     33.1 · years  83.8 · road 0.51 · starved  1851 · nobles  -3.2 · read  0.3 · walls  6.8 · fell 42.5% (mother 25.8%) · prince 28.6% · king  5.8% · crowned  3.3% (median year 69) · 8.5s
try  3 · gen  240 · best    191.6 · elite    131.5 · median     56.8 · years  83.3 · road 0.56 · starved   697 · nobles -17.1 · read  7.2 · walls  7.1 · fell 39.8% (mother 15.8%) · prince  0.0% · king  0.0% · crowned  0.0% · 8.5s
try  4 · gen  240 · best    163.4 · elite    124.0 · median     51.4 · years  83.1 · road 0.56 · starved   767 · nobles -17.0 · read 10.2 · walls  8.2 · fell 41.5% (mother 15.5%) · prince  0.0% · king  0.0% · crowned  0.0% · 8.5s
try  5 · gen  240 · best    194.5 · elite    130.5 · median     55.8 · years  83.9 · road 0.57 · starved   732 · nobles -17.3 · read  8.1 · walls  7.7 · fell 39.0% (mother 14.4%) · prince  0.0% · king  0.0% · crowned  0.0% · 8.5s
try  6 · gen  240 · best    474.2 · elite    244.8 · median     34.3 · years  78.7 · road 0.49 · starved  1884 · nobles  -1.3 · read  0.5 · walls  6.8 · fell 54.1% (mother 35.1%) · prince 34.1% · king 10.6% · crowned  4.1% (median year 88) · 8.5s
try  7 · gen  240 · best    464.3 · elite    236.1 · median     27.1 · years  79.5 · road 0.49 · starved  1948 · nobles  +0.3 · read  1.0 · walls  6.3 · fell 52.2% (mother 32.1%) · prince 27.9% · king 10.4% · crowned  4.6% (median year 91) · 8.5s
try  8 · gen  240 · best    397.3 · elite    234.7 · median     20.4 · years  77.8 · road 0.45 · starved  1839 · nobles  -3.0 · read  2.2 · walls  5.1 · fell 54.1% (mother 35.5%) · prince 31.2% · king  8.3% · crowned  4.4% (median year 72) · 8.5s
try  1 · gen  241 · best    527.1 · elite    220.1 · median     24.6 · years  84.3 · road 0.50 · starved  1752 · nobles  -5.4 · read  1.8 · walls  6.6 · fell 35.3% (mother 20.1%) · prince 17.6% · king  4.5% · crowned  3.2% (median year 71) · 8.5s
try  2 · gen  241 · best    446.6 · elite    226.9 · median     29.8 · years  83.1 · road 0.51 · starved  1867 · nobles  -3.2 · read  0.3 · walls  6.7 · fell 44.6% (mother 26.5%) · prince 27.8% · king  5.3% · crowned  3.0% (median year 68) · 8.5s
try  3 · gen  241 · best    175.2 · elite    131.2 · median     58.7 · years  84.0 · road 0.57 · starved   707 · nobles -17.4 · read  6.6 · walls  7.1 · fell 40.8% (mother 16.2%) · prince  0.0% · king  0.0% · crowned  0.0% · 8.5s
try  4 · gen  241 · best    190.0 · elite    122.9 · median     51.9 · years  83.2 · road 0.56 · starved   786 · nobles -17.1 · read  8.7 · walls  8.2 · fell 42.3% (mother 16.6%) · prince  0.0% · king  0.0% · crowned  0.0% · 8.5s
try  5 · gen  241 · best    180.7 · elite    128.0 · median     58.0 · years  82.8 · road 0.57 · starved   696 · nobles -17.1 · read  7.3 · walls  7.7 · fell 42.7% (mother 15.6%) · prince  0.0% · king  0.0% · crowned  0.0% · 8.5s
try  6 · gen  241 · best    461.8 · elite    237.7 · median     27.7 · years  79.5 · road 0.49 · starved  1873 · nobles  -1.6 · read  0.4 · walls  6.9 · fell 52.5% (mother 33.1%) · prince 33.4% · king 10.6% · crowned  4.0% (median year 88) · 8.5s
try  7 · gen  241 · best    419.9 · elite    242.4 · median     25.8 · years  78.6 · road 0.49 · starved  1929 · nobles  +0.7 · read  1.5 · walls  6.3 · fell 52.5% (mother 31.3%) · prince 27.8% · king 10.3% · crowned  4.8% (median year 91) · 8.5s
try  8 · gen  241 · best    412.0 · elite    232.0 · median     19.8 · years  77.8 · road 0.45 · starved  1859 · nobles  -3.3 · read  2.0 · walls  5.3 · fell 55.6% (mother 37.5%) · prince 31.7% · king  8.3% · crowned  3.9% (median year 72) · 8.5s
try  1 · gen  242 · best    500.0 · elite    207.0 · median     21.3 · years  84.6 · road 0.50 · starved  1756 · nobles  -5.9 · read  2.2 · walls  6.6 · fell 34.1% (mother 18.8%) · prince 16.2% · king  4.1% · crowned  2.9% (median year 69) · 8.5s
try  2 · gen  242 · best    498.3 · elite    232.1 · median     34.0 · years  83.6 · road 0.51 · starved  1842 · nobles  -3.0 · read  0.2 · walls  6.8 · fell 42.6% (mother 25.4%) · prince 28.0% · king  5.8% · crowned  3.7% (median year 70) · 8.5s
try  3 · gen  242 · best    178.5 · elite    132.1 · median     55.5 · years  82.4 · road 0.56 · starved   689 · nobles -17.1 · read  6.3 · walls  7.1 · fell 41.7% (mother 15.9%) · prince  0.0% · king  0.0% · crowned  0.0% · 8.5s
try  4 · gen  242 · best    164.8 · elite    122.9 · median     53.8 · years  83.7 · road 0.56 · starved   755 · nobles -17.3 · read  8.5 · walls  8.2 · fell 41.8% (mother 17.0%) · prince  0.0% · king  0.0% · crowned  0.0% · 8.5s
try  5 · gen  242 · best    191.7 · elite    128.3 · median     58.6 · years  84.0 · road 0.57 · starved   713 · nobles -17.1 · read  7.1 · walls  7.7 · fell 39.7% (mother 15.1%) · prince  0.0% · king  0.0% · crowned  0.0% · 8.5s
try  6 · gen  242 · best    459.9 · elite    239.9 · median     26.7 · years  79.0 · road 0.49 · starved  1855 · nobles  -1.6 · read  0.6 · walls  6.8 · fell 52.7% (mother 34.3%) · prince 32.8% · king  9.9% · crowned  3.7% (median year 90) · 8.5s
try  7 · gen  242 · best    418.3 · elite    252.3 · median     25.0 · years  78.4 · road 0.49 · starved  1930 · nobles  +0.7 · read  1.3 · walls  6.3 · fell 52.2% (mother 30.6%) · prince 28.9% · king 11.0% · crowned  4.9% (median year 88) · 8.5s
try  8 · gen  242 · best    364.3 · elite    225.5 · median     18.0 · years  78.6 · road 0.45 · starved  1857 · nobles  -3.4 · read  2.5 · walls  5.3 · fell 54.5% (mother 36.8%) · prince 31.6% · king  7.9% · crowned  3.7% (median year 74) · 8.5s
try  1 · gen  243 · best    446.3 · elite    223.0 · median     23.5 · years  84.5 · road 0.50 · starved  1750 · nobles  -6.0 · read  2.2 · walls  6.6 · fell 33.7% (mother 18.8%) · prince 16.3% · king  4.1% · crowned  3.0% (median year 69) · 8.7s
try  2 · gen  243 · best    421.3 · elite    221.6 · median     32.7 · years  83.5 · road 0.51 · starved  1866 · nobles  -3.0 · read  0.4 · walls  6.8 · fell 44.2% (mother 26.6%) · prince 29.1% · king  5.6% · crowned  3.0% (median year 69) · 8.7s
try  3 · gen  243 · best    172.8 · elite    124.5 · median     56.3 · years  83.2 · road 0.57 · starved   737 · nobles -17.1 · read  6.9 · walls  7.1 · fell 40.8% (mother 16.5%) · prince  0.0% · king  0.0% · crowned  0.0% · 8.7s
try  4 · gen  243 · best    185.5 · elite    125.4 · median     53.5 · years  84.7 · road 0.56 · starved   795 · nobles -17.4 · read  8.0 · walls  8.2 · fell 41.8% (mother 17.6%) · prince  0.0% · king  0.0% · crowned  0.0% · 8.7s
try  5 · gen  243 · best    180.1 · elite    131.2 · median     59.7 · years  84.0 · road 0.57 · starved   713 · nobles -17.1 · read  7.4 · walls  7.6 · fell 39.4% (mother 14.9%) · prince  0.0% · king  0.0% · crowned  0.0% · 8.7s
try  6 · gen  243 · best    512.2 · elite    228.6 · median     30.7 · years  78.5 · road 0.49 · starved  1869 · nobles  -1.5 · read  0.4 · walls  6.8 · fell 53.0% (mother 32.7%) · prince 32.5% · king 10.2% · crowned  3.8% (median year 84) · 8.7s
try  7 · gen  243 · best    511.7 · elite    252.9 · median     30.6 · years  79.8 · road 0.49 · starved  1931 · nobles  +0.9 · read  1.8 · walls  6.3 · fell 50.5% (mother 30.0%) · prince 27.9% · king 10.1% · crowned  4.8% (median year 89) · 8.7s
try  8 · gen  243 · best    525.6 · elite    259.3 · median     17.0 · years  77.3 · road 0.45 · starved  1819 · nobles  -2.7 · read  2.1 · walls  5.3 · fell 54.0% (mother 36.5%) · prince 32.0% · king  9.5% · crowned  4.7% (median year 75) · 8.7s
try  1 · gen  244 · best    457.7 · elite    217.2 · median     26.7 · years  84.1 · road 0.50 · starved  1744 · nobles  -5.6 · read  2.2 · walls  6.6 · fell 34.2% (mother 18.3%) · prince 17.8% · king  4.6% · crowned  3.2% (median year 70) · 8.6s
try  2 · gen  244 · best    364.0 · elite    235.4 · median     33.5 · years  83.4 · road 0.51 · starved  1856 · nobles  -3.0 · read  0.3 · walls  6.8 · fell 44.6% (mother 26.8%) · prince 31.2% · king  6.1% · crowned  3.4% (median year 73) · 8.6s
try  3 · gen  244 · best    168.2 · elite    125.2 · median     55.0 · years  83.3 · road 0.56 · starved   747 · nobles -17.0 · read  6.3 · walls  7.0 · fell 39.5% (mother 14.3%) · prince  0.0% · king  0.0% · crowned  0.0% · 8.6s
try  4 · gen  244 · best    176.6 · elite    125.0 · median     50.8 · years  83.3 · road 0.56 · starved   777 · nobles -17.1 · read  8.4 · walls  8.2 · fell 42.4% (mother 17.4%) · prince  0.0% · king  0.0% · crowned  0.0% · 8.6s
try  5 · gen  244 · best    180.3 · elite    131.8 · median     57.0 · years  84.2 · road 0.57 · starved   753 · nobles -17.3 · read  8.3 · walls  7.7 · fell 39.7% (mother 15.3%) · prince  0.0% · king  0.0% · crowned  0.0% · 8.6s
try  6 · gen  244 · best    545.2 · elite    228.2 · median     30.5 · years  79.1 · road 0.49 · starved  1885 · nobles  -1.1 · read  0.4 · walls  6.8 · fell 52.8% (mother 32.8%) · prince 33.2% · king 10.6% · crowned  4.0% (median year 91) · 8.6s
try  7 · gen  244 · best    515.2 · elite    237.7 · median     22.8 · years  77.9 · road 0.49 · starved  1899 · nobles  +0.7 · read  1.4 · walls  6.2 · fell 51.3% (mother 29.5%) · prince 28.3% · king 10.0% · crowned  4.7% (median year 87) · 8.6s
try  8 · gen  244 · best    398.2 · elite    242.6 · median     24.6 · years  78.6 · road 0.45 · starved  1836 · nobles  -2.9 · read  2.1 · walls  5.3 · fell 53.5% (mother 36.5%) · prince 32.7% · king  9.2% · crowned  4.2% (median year 76) · 8.6s
try  1 · gen  245 · best    374.3 · elite    214.4 · median     25.9 · years  84.5 · road 0.50 · starved  1739 · nobles  -5.6 · read  2.3 · walls  6.6 · fell 33.5% (mother 18.8%) · prince 17.0% · king  4.4% · crowned  3.1% (median year 71) · 8.6s
try  2 · gen  245 · best    528.2 · elite    227.6 · median     32.0 · years  82.1 · road 0.51 · starved  1846 · nobles  -3.4 · read  0.3 · walls  6.6 · fell 44.4% (mother 26.5%) · prince 28.0% · king  5.9% · crowned  3.3% (median year 69) · 8.6s
try  3 · gen  245 · best    172.0 · elite    127.8 · median     55.1 · years  83.4 · road 0.57 · starved   751 · nobles -17.1 · read  5.6 · walls  7.0 · fell 40.0% (mother 15.5%) · prince  0.0% · king  0.0% · crowned  0.0% · 8.6s
try  4 · gen  245 · best    185.2 · elite    124.9 · median     51.1 · years  83.2 · road 0.56 · starved   776 · nobles -17.1 · read  9.1 · walls  8.2 · fell 42.8% (mother 17.5%) · prince  0.0% · king  0.0% · crowned  0.0% · 8.6s
try  5 · gen  245 · best    167.6 · elite    128.9 · median     54.5 · years  83.3 · road 0.57 · starved   744 · nobles -17.1 · read  8.7 · walls  7.7 · fell 41.8% (mother 15.4%) · prince  0.0% · king  0.0% · crowned  0.0% · 8.6s
try  6 · gen  245 · best    413.7 · elite    229.5 · median     30.7 · years  79.0 · road 0.49 · starved  1873 · nobles  -1.6 · read  0.4 · walls  6.8 · fell 52.9% (mother 33.1%) · prince 32.4% · king 10.2% · crowned  3.8% (median year 88) · 8.6s
try  7 · gen  245 · best    531.4 · elite    252.5 · median     38.1 · years  81.3 · road 0.50 · starved  1926 · nobles  +1.0 · read  1.4 · walls  6.4 · fell 48.8% (mother 29.6%) · prince 29.3% · king 10.3% · crowned  5.1% (median year 91) · 8.6s
try  8 · gen  245 · best    517.2 · elite    233.1 · median     19.9 · years  77.0 · road 0.44 · starved  1820 · nobles  -2.6 · read  1.5 · walls  5.2 · fell 54.3% (mother 34.9%) · prince 31.2% · king  9.1% · crowned  4.6% (median year 73) · 8.6s
try  1 · gen  246 · best    490.6 · elite    230.6 · median     24.6 · years  84.3 · road 0.50 · starved  1732 · nobles  -5.6 · read  1.7 · walls  6.6 · fell 32.2% (mother 16.8%) · prince 16.4% · king  4.8% · crowned  3.6% (median year 71) · 8.4s
try  2 · gen  246 · best    519.8 · elite    227.8 · median     29.3 · years  81.3 · road 0.51 · starved  1839 · nobles  -3.4 · read  0.2 · walls  6.6 · fell 43.8% (mother 25.3%) · prince 26.9% · king  5.8% · crowned  3.7% (median year 69) · 8.4s
try  3 · gen  246 · best    169.7 · elite    125.0 · median     57.4 · years  83.7 · road 0.57 · starved   753 · nobles -17.3 · read  5.7 · walls  7.0 · fell 39.9% (mother 15.4%) · prince  0.0% · king  0.0% · crowned  0.0% · 8.4s
try  4 · gen  246 · best    202.4 · elite    126.1 · median     53.1 · years  84.3 · road 0.56 · starved   820 · nobles -17.3 · read  9.1 · walls  8.2 · fell 41.0% (mother 17.3%) · prince  0.0% · king  0.0% · crowned  0.0% · 8.4s
try  5 · gen  246 · best    174.9 · elite    128.9 · median     56.5 · years  84.3 · road 0.57 · starved   760 · nobles -17.3 · read  8.3 · walls  7.7 · fell 39.7% (mother 15.4%) · prince  0.0% · king  0.0% · crowned  0.0% · 8.4s
try  6 · gen  246 · best    564.9 · elite    241.3 · median     33.0 · years  79.6 · road 0.49 · starved  1881 · nobles  -1.6 · read  0.2 · walls  6.9 · fell 52.3% (mother 32.8%) · prince 33.1% · king 10.6% · crowned  4.0% (median year 90) · 8.4s
try  7 · gen  246 · best    448.4 · elite    253.6 · median     31.5 · years  78.8 · road 0.49 · starved  1919 · nobles  +0.8 · read  1.2 · walls  6.3 · fell 50.8% (mother 30.1%) · prince 27.9% · king 10.5% · crowned  5.0% (median year 92) · 8.4s
try  8 · gen  246 · best    397.0 · elite    235.3 · median     18.2 · years  78.1 · road 0.45 · starved  1823 · nobles  -2.8 · read  1.6 · walls  5.2 · fell 53.1% (mother 35.3%) · prince 31.0% · king  8.2% · crowned  4.3% (median year 73) · 8.4s
try  1 · gen  247 · best    519.9 · elite    215.8 · median     19.8 · years  84.4 · road 0.50 · starved  1743 · nobles  -6.0 · read  1.8 · walls  6.6 · fell 33.5% (mother 18.2%) · prince 16.6% · king  4.1% · crowned  2.8% (median year 71) · 8.8s
try  2 · gen  247 · best    396.9 · elite    225.1 · median     33.4 · years  83.1 · road 0.51 · starved  1849 · nobles  -3.9 · read  0.2 · walls  6.6 · fell 41.6% (mother 24.7%) · prince 25.0% · king  5.4% · crowned  3.5% (median year 69) · 8.8s
try  3 · gen  247 · best    180.5 · elite    126.9 · median     56.5 · years  83.5 · road 0.57 · starved   751 · nobles -17.2 · read  6.4 · walls  7.1 · fell 40.0% (mother 16.0%) · prince  0.0% · king  0.0% · crowned  0.0% · 8.8s
try  4 · gen  247 · best    172.5 · elite    122.4 · median     52.4 · years  84.7 · road 0.56 · starved   849 · nobles -17.2 · read 10.9 · walls  8.1 · fell 41.1% (mother 16.7%) · prince  0.0% · king  0.0% · crowned  0.0% · 8.8s
try  5 · gen  247 · best    192.6 · elite    128.3 · median     58.8 · years  83.8 · road 0.57 · starved   750 · nobles -17.3 · read  7.2 · walls  7.7 · fell 40.5% (mother 15.9%) · prince  0.0% · king  0.0% · crowned  0.0% · 8.8s
try  6 · gen  247 · best    524.3 · elite    243.7 · median     30.0 · years  79.3 · road 0.49 · starved  1860 · nobles  -1.2 · read  0.3 · walls  6.8 · fell 52.0% (mother 32.3%) · prince 33.9% · king 10.8% · crowned  4.1% (median year 91) · 8.8s
try  7 · gen  247 · best    452.9 · elite    239.6 · median     27.5 · years  78.0 · road 0.49 · starved  1916 · nobles  +0.9 · read  1.8 · walls  6.1 · fell 52.2% (mother 31.6%) · prince 27.3% · king 10.2% · crowned  4.7% (median year 91) · 8.8s
try  8 · gen  247 · best    425.1 · elite    240.2 · median     12.7 · years  77.4 · road 0.44 · starved  1816 · nobles  -2.7 · read  1.4 · walls  5.1 · fell 53.8% (mother 36.0%) · prince 31.0% · king  8.3% · crowned  4.0% (median year 72) · 8.8s
try  1 · gen  248 · best    402.8 · elite    235.0 · median     24.8 · years  84.2 · road 0.50 · starved  1742 · nobles  -5.6 · read  2.2 · walls  6.6 · fell 33.3% (mother 17.6%) · prince 17.1% · king  4.7% · crowned  3.4% (median year 70) · 8.7s
try  2 · gen  248 · best    553.2 · elite    239.9 · median     30.8 · years  83.2 · road 0.51 · starved  1844 · nobles  -3.7 · read  0.2 · walls  6.6 · fell 41.6% (mother 24.7%) · prince 27.2% · king  5.8% · crowned  3.7% (median year 69) · 8.7s
try  3 · gen  248 · best    175.9 · elite    128.5 · median     56.6 · years  83.7 · road 0.57 · starved   760 · nobles -17.1 · read  6.9 · walls  6.9 · fell 39.2% (mother 14.9%) · prince  0.0% · king  0.0% · crowned  0.0% · 8.7s
try  4 · gen  248 · best    158.7 · elite    122.0 · median     51.5 · years  84.0 · road 0.56 · starved   802 · nobles -17.1 · read 10.2 · walls  8.2 · fell 40.3% (mother 15.5%) · prince  0.0% · king  0.0% · crowned  0.0% · 8.7s
try  5 · gen  248 · best    177.4 · elite    127.3 · median     56.6 · years  83.5 · road 0.57 · starved   739 · nobles -17.2 · read  8.1 · walls  7.7 · fell 41.3% (mother 15.9%) · prince  0.0% · king  0.0% · crowned  0.0% · 8.7s
try  6 · gen  248 · best    548.6 · elite    256.5 · median     39.9 · years  79.5 · road 0.50 · starved  1864 · nobles  -1.1 · read  0.4 · walls  6.9 · fell 54.6% (mother 34.4%) · prince 35.5% · king 11.7% · crowned  4.6% (median year 90) · 8.7s
try  7 · gen  248 · best    497.8 · elite    252.5 · median     35.4 · years  78.9 · road 0.49 · starved  1929 · nobles  +0.9 · read  1.6 · walls  6.2 · fell 51.5% (mother 30.9%) · prince 28.0% · king 11.2% · crowned  5.0% (median year 89) · 8.7s
try  8 · gen  248 · best    396.3 · elite    228.8 · median     18.5 · years  78.0 · road 0.44 · starved  1807 · nobles  -2.8 · read  1.2 · walls  5.1 · fell 51.2% (mother 33.5%) · prince 31.1% · king  8.0% · crowned  3.8% (median year 75) · 8.7s
try  1 · gen  249 · best    451.4 · elite    229.3 · median     23.9 · years  83.9 · road 0.50 · starved  1740 · nobles  -5.6 · read  1.8 · walls  6.6 · fell 32.8% (mother 17.5%) · prince 16.4% · king  4.5% · crowned  3.3% (median year 69) · 8.7s
try  2 · gen  249 · best    474.2 · elite    229.5 · median     25.8 · years  82.7 · road 0.51 · starved  1846 · nobles  -4.0 · read  0.2 · walls  6.6 · fell 42.3% (mother 24.3%) · prince 26.1% · king  5.2% · crowned  3.3% (median year 70) · 8.7s
try  3 · gen  249 · best    162.2 · elite    128.9 · median     57.9 · years  84.4 · road 0.57 · starved   760 · nobles -17.3 · read  7.1 · walls  7.0 · fell 38.6% (mother 15.7%) · prince  0.0% · king  0.0% · crowned  0.0% · 8.7s
try  4 · gen  249 · best    169.0 · elite    123.3 · median     50.0 · years  84.2 · road 0.56 · starved   831 · nobles -17.1 · read  8.9 · walls  8.1 · fell 41.3% (mother 17.1%) · prince  0.0% · king  0.0% · crowned  0.0% · 8.7s
try  5 · gen  249 · best    195.9 · elite    128.7 · median     55.9 · years  83.9 · road 0.57 · starved   789 · nobles -17.2 · read  8.4 · walls  7.7 · fell 40.4% (mother 15.6%) · prince  0.0% · king  0.0% · crowned  0.0% · 8.7s
try  6 · gen  249 · best    433.9 · elite    231.6 · median     35.3 · years  78.6 · road 0.49 · starved  1860 · nobles  -1.3 · read  0.3 · walls  6.9 · fell 54.6% (mother 34.7%) · prince 34.5% · king 10.9% · crowned  4.4% (median year 89) · 8.7s
try  7 · gen  249 · best    480.0 · elite    246.5 · median     24.4 · years  78.8 · road 0.49 · starved  1912 · nobles  +0.7 · read  1.5 · walls  6.1 · fell 50.3% (mother 29.5%) · prince 26.4% · king 10.0% · crowned  4.7% (median year 88) · 8.7s
try  8 · gen  249 · best    470.2 · elite    215.9 · median     15.7 · years  78.4 · road 0.44 · starved  1831 · nobles  -3.0 · read  1.0 · walls  5.2 · fell 51.4% (mother 34.2%) · prince 30.0% · king  7.6% · crowned  3.8% (median year 74) · 8.7s
try  1 · gen  250 · best    596.0 · elite    223.4 · median     26.2 · years  83.9 · road 0.50 · starved  1753 · nobles  -5.5 · read  2.3 · walls  6.7 · fell 35.7% (mother 19.8%) · prince 18.2% · king  4.6% · crowned  3.2% (median year 70) · 8.5s
try  2 · gen  250 · best    415.4 · elite    222.0 · median     28.7 · years  84.1 · road 0.51 · starved  1854 · nobles  -4.0 · read  0.2 · walls  6.6 · fell 41.3% (mother 24.0%) · prince 26.1% · king  5.2% · crowned  3.1% (median year 71) · 8.5s
try  3 · gen  250 · best    172.6 · elite    126.7 · median     54.0 · years  83.3 · road 0.57 · starved   760 · nobles -17.2 · read  5.8 · walls  7.0 · fell 40.8% (mother 17.6%) · prince  0.0% · king  0.0% · crowned  0.0% · 8.5s
try  4 · gen  250 · best    181.3 · elite    121.0 · median     55.2 · years  84.2 · road 0.56 · starved   805 · nobles -17.2 · read  9.0 · walls  8.1 · fell 40.5% (mother 15.9%) · prince  0.0% · king  0.0% · crowned  0.0% · 8.5s
try  5 · gen  250 · best    171.2 · elite    132.4 · median     53.6 · years  83.6 · road 0.57 · starved   767 · nobles -17.2 · read  9.3 · walls  7.7 · fell 41.3% (mother 16.1%) · prince  0.0% · king  0.0% · crowned  0.0% · 8.5s
try  6 · gen  250 · best    589.9 · elite    235.9 · median     33.1 · years  79.1 · road 0.49 · starved  1854 · nobles  -1.3 · read  0.1 · walls  6.9 · fell 53.1% (mother 32.6%) · prince 33.4% · king 10.9% · crowned  4.4% (median year 86) · 8.5s
try  7 · gen  250 · best    477.2 · elite    245.4 · median     27.3 · years  80.2 · road 0.49 · starved  1912 · nobles  +0.9 · read  1.1 · walls  6.3 · fell 49.2% (mother 28.7%) · prince 26.1% · king  9.8% · crowned  4.8% (median year 92) · 8.5s
try  8 · gen  250 · best    527.2 · elite    230.2 · median     18.1 · years  77.2 · road 0.44 · starved  1817 · nobles  -2.8 · read  1.4 · walls  5.1 · fell 53.1% (mother 35.5%) · prince 31.1% · king  7.7% · crowned  3.8% (median year 73) · 8.5s
try  1 · gen  251 · best    407.6 · elite    232.5 · median     24.4 · years  84.0 · road 0.50 · starved  1752 · nobles  -5.6 · read  1.9 · walls  6.6 · fell 33.7% (mother 18.2%) · prince 17.5% · king  4.7% · crowned  3.3% (median year 67) · 8.6s
try  2 · gen  251 · best    437.0 · elite    209.5 · median     25.3 · years  83.9 · road 0.51 · starved  1855 · nobles  -4.4 · read  0.2 · walls  6.6 · fell 40.8% (mother 24.1%) · prince 24.2% · king  4.9% · crowned  2.5% (median year 70) · 8.6s
try  3 · gen  251 · best    177.6 · elite    130.0 · median     53.8 · years  83.3 · road 0.57 · starved   755 · nobles -17.1 · read  5.8 · walls  7.0 · fell 41.1% (mother 16.2%) · prince  0.0% · king  0.0% · crowned  0.0% · 8.6s
try  4 · gen  251 · best    167.4 · elite    123.3 · median     53.0 · years  84.4 · road 0.56 · starved   807 · nobles -17.2 · read  8.9 · walls  8.1 · fell 40.3% (mother 16.4%) · prince  0.0% · king  0.0% · crowned  0.0% · 8.6s
try  5 · gen  251 · best    173.8 · elite    125.2 · median     55.7 · years  84.0 · road 0.57 · starved   771 · nobles -17.1 · read  9.1 · walls  7.7 · fell 39.6% (mother 13.4%) · prince  0.0% · king  0.0% · crowned  0.0% · 8.6s
try  6 · gen  251 · best    468.4 · elite    248.7 · median     33.3 · years  78.2 · road 0.49 · starved  1841 · nobles  -1.2 · read  0.2 · walls  6.7 · fell 53.8% (mother 33.8%) · prince 33.7% · king 11.1% · crowned  4.3% (median year 86) · 8.6s
try  7 · gen  251 · best    422.6 · elite    241.4 · median     29.8 · years  80.4 · road 0.49 · starved  1912 · nobles  +0.7 · read  1.8 · walls  6.3 · fell 48.5% (mother 28.9%) · prince 27.7% · king  9.4% · crowned  4.4% (median year 83) · 8.6s
try  8 · gen  251 · best    490.6 · elite    246.1 · median     15.9 · years  78.1 · road 0.45 · starved  1823 · nobles  -2.7 · read  0.9 · walls  5.2 · fell 52.3% (mother 35.5%) · prince 31.8% · king  8.4% · crowned  3.8% (median year 71) · 8.6s
try  1 · gen  252 · best    545.7 · elite    221.1 · median     25.0 · years  83.8 · road 0.50 · starved  1752 · nobles  -5.4 · read  2.0 · walls  6.7 · fell 35.2% (mother 19.5%) · prince 19.0% · king  4.9% · crowned  3.3% (median year 71) · 8.6s
try  2 · gen  252 · best    481.7 · elite    237.2 · median     28.7 · years  82.4 · road 0.51 · starved  1852 · nobles  -3.7 · read  0.2 · walls  6.6 · fell 43.6% (mother 25.1%) · prince 26.9% · king  6.2% · crowned  3.6% (median year 71) · 8.6s
try  3 · gen  252 · best    163.9 · elite    126.2 · median     54.9 · years  84.0 · road 0.57 · starved   780 · nobles -17.3 · read  6.5 · walls  7.0 · fell 40.3% (mother 16.1%) · prince  0.0% · king  0.0% · crowned  0.0% · 8.6s
try  4 · gen  252 · best    178.9 · elite    125.2 · median     54.0 · years  84.7 · road 0.57 · starved   817 · nobles -17.3 · read  8.4 · walls  8.2 · fell 40.5% (mother 16.9%) · prince  0.0% · king  0.0% · crowned  0.0% · 8.6s
try  5 · gen  252 · best    172.4 · elite    132.8 · median     53.8 · years  83.7 · road 0.57 · starved   767 · nobles -17.1 · read  9.0 · walls  7.7 · fell 41.0% (mother 15.4%) · prince  0.0% · king  0.0% · crowned  0.0% · 8.6s
try  6 · gen  252 · best    390.0 · elite    219.4 · median     29.0 · years  79.4 · road 0.49 · starved  1840 · nobles  -1.4 · read  0.3 · walls  6.8 · fell 49.6% (mother 31.3%) · prince 31.8% · king 10.1% · crowned  3.6% (median year 86) · 8.6s
try  7 · gen  252 · best    428.8 · elite    245.4 · median     31.4 · years  80.8 · road 0.50 · starved  1933 · nobles  +0.6 · read  1.7 · walls  6.4 · fell 49.1% (mother 29.5%) · prince 27.8% · king 10.1% · crowned  4.7% (median year 88) · 8.6s
try  8 · gen  252 · best    355.6 · elite    216.1 · median     18.2 · years  78.1 · road 0.45 · starved  1839 · nobles  -3.2 · read  1.4 · walls  5.1 · fell 53.4% (mother 36.0%) · prince 30.4% · king  8.4% · crowned  3.8% (median year 73) · 8.6s
try  1 · gen  253 · best    386.7 · elite    215.3 · median     26.5 · years  85.4 · road 0.51 · starved  1765 · nobles  -5.9 · read  1.9 · walls  6.7 · fell 34.0% (mother 19.9%) · prince 18.0% · king  4.3% · crowned  2.8% (median year 69) · 8.6s
try  2 · gen  253 · best    504.0 · elite    233.3 · median     32.2 · years  83.0 · road 0.51 · starved  1850 · nobles  -3.7 · read  0.2 · walls  6.6 · fell 42.7% (mother 25.8%) · prince 26.6% · king  5.7% · crowned  3.2% (median year 69) · 8.6s
try  3 · gen  253 · best    186.4 · elite    127.0 · median     53.9 · years  83.6 · road 0.57 · starved   784 · nobles -17.2 · read  5.2 · walls  6.9 · fell 40.2% (mother 15.5%) · prince  0.0% · king  0.0% · crowned  0.0% · 8.6s
try  4 · gen  253 · best    182.2 · elite    125.7 · median     49.2 · years  83.7 · road 0.56 · starved   815 · nobles -17.1 · read  7.7 · walls  8.2 · fell 42.0% (mother 16.8%) · prince  0.0% · king  0.0% · crowned  0.0% · 8.6s
try  5 · gen  253 · best    167.5 · elite    124.9 · median     55.8 · years  83.6 · road 0.57 · starved   765 · nobles -17.2 · read  9.3 · walls  7.7 · fell 41.2% (mother 16.1%) · prince  0.0% · king  0.0% · crowned  0.0% · 8.6s
try  6 · gen  253 · best    421.4 · elite    224.3 · median     24.0 · years  78.2 · road 0.48 · starved  1846 · nobles  -1.5 · read  0.2 · walls  6.7 · fell 50.7% (mother 32.6%) · prince 30.9% · king  9.2% · crowned  3.3% (median year 81) · 8.6s
try  7 · gen  253 · best    386.1 · elite    229.6 · median     28.2 · years  78.9 · road 0.49 · starved  1902 · nobles  +0.6 · read  1.8 · walls  6.1 · fell 48.6% (mother 29.2%) · prince 25.9% · king  9.3% · crowned  4.6% (median year 84) · 8.6s
try  8 · gen  253 · best    437.1 · elite    228.4 · median     18.5 · years  78.2 · road 0.45 · starved  1834 · nobles  -2.9 · read  1.9 · walls  5.2 · fell 53.5% (mother 35.8%) · prince 31.4% · king  8.8% · crowned  3.9% (median year 78) · 8.6s
try  1 · gen  254 · best    481.8 · elite    229.3 · median     28.2 · years  83.5 · road 0.50 · starved  1756 · nobles  -5.4 · read  1.8 · walls  6.7 · fell 36.6% (mother 20.3%) · prince 19.7% · king  5.2% · crowned  3.6% (median year 69) · 8.6s
try  2 · gen  254 · best    363.6 · elite    217.3 · median     27.1 · years  82.8 · road 0.51 · starved  1839 · nobles  -3.7 · read  0.1 · walls  6.5 · fell 42.0% (mother 24.1%) · prince 25.3% · king  5.7% · crowned  3.3% (median year 72) · 8.6s
try  3 · gen  254 · best    166.4 · elite    124.2 · median     53.3 · years  82.7 · road 0.57 · starved   759 · nobles -16.9 · read  5.9 · walls  7.0 · fell 40.6% (mother 14.4%) · prince  0.0% · king  0.0% · crowned  0.0% · 8.6s
try  4 · gen  254 · best    181.2 · elite    122.9 · median     54.1 · years  84.0 · road 0.56 · starved   794 · nobles -17.1 · read  7.2 · walls  8.1 · fell 40.8% (mother 16.1%) · prince  0.0% · king  0.0% · crowned  0.0% · 8.6s
try  5 · gen  254 · best    195.1 · elite    129.7 · median     55.8 · years  84.0 · road 0.57 · starved   775 · nobles -17.3 · read 11.9 · walls  7.7 · fell 41.1% (mother 15.9%) · prince  0.0% · king  0.0% · crowned  0.0% · 8.6s
try  6 · gen  254 · best    387.6 · elite    223.3 · median     29.9 · years  79.0 · road 0.49 · starved  1859 · nobles  -1.3 · read  0.2 · walls  6.7 · fell 51.0% (mother 33.0%) · prince 33.0% · king  9.8% · crowned  3.7% (median year 82) · 8.6s
try  7 · gen  254 · best    479.2 · elite    231.5 · median     23.3 · years  81.5 · road 0.50 · starved  1937 · nobles  -0.1 · read  2.0 · walls  6.3 · fell 46.8% (mother 27.8%) · prince 24.2% · king  8.3% · crowned  4.0% (median year 86) · 8.6s
try  8 · gen  254 · best    522.3 · elite    219.0 · median     17.6 · years  77.6 · road 0.44 · starved  1832 · nobles  -2.9 · read  1.5 · walls  5.1 · fell 53.5% (mother 34.8%) · prince 31.8% · king  7.9% · crowned  3.4% (median year 72) · 8.6s
try  1 · gen  255 · best    437.9 · elite    221.7 · median     26.0 · years  85.2 · road 0.50 · starved  1743 · nobles  -5.7 · read  1.9 · walls  6.7 · fell 34.9% (mother 19.5%) · prince 19.0% · king  4.3% · crowned  3.0% (median year 70) · 8.6s
try  2 · gen  255 · best    450.2 · elite    234.1 · median     30.1 · years  83.9 · road 0.51 · starved  1853 · nobles  -3.8 · read  0.1 · walls  6.7 · fell 41.2% (mother 24.4%) · prince 26.1% · king  5.8% · crowned  3.5% (median year 69) · 8.6s
try  3 · gen  255 · best    177.1 · elite    120.5 · median     52.0 · years  82.4 · road 0.57 · starved   777 · nobles -16.8 · read  4.3 · walls  7.0 · fell 41.1% (mother 14.9%) · prince  0.0% · king  0.0% · crowned  0.0% · 8.6s
try  4 · gen  255 · best    172.5 · elite    128.0 · median     52.9 · years  84.7 · road 0.56 · starved   800 · nobles -17.2 · read  7.2 · walls  8.1 · fell 39.2% (mother 15.8%) · prince  0.0% · king  0.0% · crowned  0.0% · 8.6s
try  5 · gen  255 · best    185.2 · elite    127.5 · median     57.0 · years  84.0 · road 0.57 · starved   773 · nobles -17.2 · read 10.6 · walls  7.7 · fell 40.8% (mother 16.3%) · prince  0.0% · king  0.0% · crowned  0.0% · 8.6s
try  6 · gen  255 · best    410.0 · elite    227.4 · median     33.2 · years  79.3 · road 0.49 · starved  1872 · nobles  -1.2 · read  0.2 · walls  6.7 · fell 50.7% (mother 33.4%) · prince 33.0% · king 10.0% · crowned  3.7% (median year 81) · 8.6s
try  7 · gen  255 · best    425.1 · elite    228.3 · median     27.9 · years  80.8 · road 0.50 · starved  1914 · nobles  +0.5 · read  1.8 · walls  6.2 · fell 47.3% (mother 28.4%) · prince 24.8% · king  9.0% · crowned  4.2% (median year 89) · 8.6s
try  8 · gen  255 · best    397.4 · elite    208.3 · median     18.5 · years  79.0 · road 0.45 · starved  1825 · nobles  -3.2 · read  2.0 · walls  5.2 · fell 51.4% (mother 35.6%) · prince 30.6% · king  7.9% · crowned  3.5% (median year 75) · 8.6s
try  1 · gen  256 · best    450.5 · elite    230.4 · median     22.8 · years  83.8 · road 0.50 · starved  1727 · nobles  -5.5 · read  2.1 · walls  6.6 · fell 34.7% (mother 18.8%) · prince 18.1% · king  4.9% · crowned  3.6% (median year 70) · 8.5s
try  2 · gen  256 · best    390.6 · elite    227.8 · median     39.1 · years  83.5 · road 0.51 · starved  1858 · nobles  -3.6 · read  0.1 · walls  6.6 · fell 42.4% (mother 25.5%) · prince 27.5% · king  6.0% · crowned  3.4% (median year 70) · 8.5s
try  3 · gen  256 · best    164.9 · elite    120.4 · median     52.1 · years  83.0 · road 0.57 · starved   807 · nobles -17.0 · read  5.7 · walls  7.1 · fell 42.5% (mother 17.1%) · prince  0.0% · king  0.0% · crowned  0.0% · 8.5s
try  4 · gen  256 · best    165.0 · elite    123.3 · median     53.8 · years  84.7 · road 0.57 · starved   798 · nobles -17.3 · read  7.8 · walls  8.1 · fell 40.2% (mother 15.2%) · prince  0.0% · king  0.0% · crowned  0.0% · 8.5s
try  5 · gen  256 · best    178.6 · elite    126.5 · median     55.5 · years  83.9 · road 0.57 · starved   786 · nobles -17.2 · read 12.4 · walls  7.7 · fell 40.0% (mother 14.9%) · prince  0.0% · king  0.0% · crowned  0.0% · 8.5s
try  6 · gen  256 · best    444.5 · elite    238.8 · median     33.5 · years  79.6 · road 0.49 · starved  1872 · nobles  -1.2 · read  0.4 · walls  6.7 · fell 51.2% (mother 33.3%) · prince 34.5% · king 11.1% · crowned  4.0% (median year 81) · 8.5s
try  7 · gen  256 · best    445.5 · elite    254.3 · median     28.9 · years  79.8 · road 0.50 · starved  1908 · nobles  +0.9 · read  1.7 · walls  6.1 · fell 49.0% (mother 29.1%) · prince 26.1% · king  9.8% · crowned  5.2% (median year 89) · 8.5s
try  8 · gen  256 · best    394.2 · elite    232.3 · median     15.2 · years  78.9 · road 0.45 · starved  1814 · nobles  -3.0 · read  1.8 · walls  5.2 · fell 51.1% (mother 34.1%) · prince 30.8% · king  7.6% · crowned  3.9% (median year 75) · 8.5s
try  1 · gen  257 · best    420.0 · elite    216.0 · median     22.9 · years  85.1 · road 0.50 · starved  1741 · nobles  -6.1 · read  1.9 · walls  6.6 · fell 32.1% (mother 17.5%) · prince 16.5% · king  4.0% · crowned  2.9% (median year 72) · 8.4s
try  2 · gen  257 · best    427.0 · elite    223.2 · median     30.2 · years  84.2 · road 0.52 · starved  1856 · nobles  -3.9 · read  0.0 · walls  6.6 · fell 39.9% (mother 23.7%) · prince 24.6% · king  5.5% · crowned  3.2% (median year 70) · 8.4s
try  3 · gen  257 · best    191.5 · elite    127.6 · median     54.8 · years  83.6 · road 0.57 · starved   798 · nobles -17.1 · read  5.5 · walls  7.1 · fell 41.3% (mother 16.9%) · prince  0.0% · king  0.0% · crowned  0.0% · 8.4s
try  4 · gen  257 · best    174.5 · elite    122.5 · median     53.8 · years  84.0 · road 0.56 · starved   791 · nobles -17.1 · read  8.1 · walls  8.1 · fell 40.5% (mother 15.3%) · prince  0.0% · king  0.0% · crowned  0.0% · 8.4s
try  5 · gen  257 · best    165.9 · elite    124.8 · median     55.4 · years  83.8 · road 0.58 · starved   808 · nobles -17.1 · read 11.5 · walls  7.7 · fell 39.8% (mother 16.2%) · prince  0.0% · king  0.0% · crowned  0.0% · 8.4s
try  6 · gen  257 · best    369.8 · elite    229.3 · median     30.5 · years  78.9 · road 0.49 · starved  1862 · nobles  -1.3 · read  0.3 · walls  6.7 · fell 51.9% (mother 33.3%) · prince 32.4% · king  9.9% · crowned  3.8% (median year 84) · 8.4s
try  7 · gen  257 · best    512.6 · elite    256.6 · median     31.4 · years  80.3 · road 0.50 · starved  1917 · nobles  +1.1 · read  1.6 · walls  6.1 · fell 49.0% (mother 28.1%) · prince 26.4% · king 10.4% · crowned  5.0% (median year 92) · 8.4s
try  8 · gen  257 · best    479.2 · elite    214.6 · median     20.5 · years  78.2 · road 0.45 · starved  1804 · nobles  -3.0 · read  2.4 · walls  5.2 · fell 51.0% (mother 33.5%) · prince 30.8% · king  7.7% · crowned  3.7% (median year 73) · 8.4s
try  1 · gen  258 · best    473.8 · elite    226.8 · median     22.5 · years  83.9 · road 0.50 · starved  1728 · nobles  -6.0 · read  2.5 · walls  6.6 · fell 33.0% (mother 17.6%) · prince 16.0% · king  4.8% · crowned  3.5% (median year 70) · 8.5s
try  2 · gen  258 · best    500.1 · elite    231.3 · median     32.1 · years  84.1 · road 0.51 · starved  1851 · nobles  -4.2 · read  0.1 · walls  6.5 · fell 38.5% (mother 22.5%) · prince 24.2% · king  5.7% · crowned  3.6% (median year 70) · 8.5s
try  3 · gen  258 · best    155.5 · elite    121.2 · median     53.7 · years  83.4 · road 0.57 · starved   801 · nobles -17.1 · read  5.1 · walls  7.0 · fell 40.5% (mother 15.9%) · prince  0.0% · king  0.0% · crowned  0.0% · 8.5s
try  4 · gen  258 · best    172.0 · elite    124.1 · median     52.7 · years  84.3 · road 0.56 · starved   797 · nobles -17.1 · read  8.7 · walls  8.1 · fell 40.3% (mother 15.5%) · prince  0.0% · king  0.0% · crowned  0.0% · 8.5s
try  5 · gen  258 · best    190.1 · elite    130.0 · median     55.3 · years  83.3 · road 0.58 · starved   799 · nobles -17.0 · read 10.8 · walls  7.7 · fell 40.7% (mother 15.6%) · prince  0.0% · king  0.0% · crowned  0.0% · 8.5s
try  6 · gen  258 · best    479.7 · elite    225.8 · median     25.6 · years  79.3 · road 0.49 · starved  1856 · nobles  -1.5 · read  0.3 · walls  6.6 · fell 50.2% (mother 32.2%) · prince 32.6% · king  9.9% · crowned  3.5% (median year 82) · 8.5s
try  7 · gen  258 · best    452.8 · elite    240.4 · median     29.3 · years  79.8 · road 0.50 · starved  1936 · nobles  +0.8 · read  1.7 · walls  6.1 · fell 49.9% (mother 29.8%) · prince 26.7% · king 10.3% · crowned  4.6% (median year 92) · 8.5s
try  8 · gen  258 · best    686.8 · elite    233.4 · median     19.3 · years  78.6 · road 0.45 · starved  1823 · nobles  -2.7 · read  2.2 · walls  5.3 · fell 52.6% (mother 35.3%) · prince 31.1% · king  8.3% · crowned  4.0% (median year 77) · 8.5s
try  1 · gen  259 · best    395.9 · elite    217.7 · median     27.9 · years  84.6 · road 0.50 · starved  1735 · nobles  -6.2 · read  2.5 · walls  6.7 · fell 32.4% (mother 17.9%) · prince 17.2% · king  4.6% · crowned  3.3% (median year 69) · 8.5s
try  2 · gen  259 · best    499.6 · elite    213.8 · median     26.4 · years  83.8 · road 0.51 · starved  1847 · nobles  -4.4 · read  0.1 · walls  6.6 · fell 40.3% (mother 24.1%) · prince 24.0% · king  4.8% · crowned  2.7% (median year 70) · 8.5s
try  3 · gen  259 · best    176.4 · elite    126.0 · median     54.6 · years  84.0 · road 0.57 · starved   815 · nobles -17.2 · read  5.8 · walls  7.0 · fell 40.8% (mother 16.4%) · prince  0.0% · king  0.0% · crowned  0.0% · 8.5s
try  4 · gen  259 · best    155.7 · elite    117.4 · median     53.4 · years  83.3 · road 0.56 · starved   793 · nobles -17.0 · read  7.7 · walls  8.1 · fell 41.3% (mother 15.3%) · prince  0.0% · king  0.0% · crowned  0.0% · 8.5s
try  5 · gen  259 · best    161.6 · elite    127.3 · median     55.6 · years  83.7 · road 0.58 · starved   798 · nobles -17.2 · read 10.9 · walls  7.7 · fell 40.3% (mother 16.1%) · prince  0.0% · king  0.0% · crowned  0.0% · 8.5s
try  6 · gen  259 · best    463.4 · elite    225.1 · median     35.7 · years  80.2 · road 0.49 · starved  1876 · nobles  -1.3 · read  0.5 · walls  6.7 · fell 50.3% (mother 32.8%) · prince 34.2% · king 10.6% · crowned  3.6% (median year 79) · 8.5s
try  7 · gen  259 · best    444.9 · elite    238.8 · median     35.5 · years  80.8 · road 0.50 · starved  1925 · nobles  +1.0 · read  1.2 · walls  6.2 · fell 49.0% (mother 29.1%) · prince 27.5% · king 10.3% · crowned  4.7% (median year 92) · 8.5s
try  8 · gen  259 · best    446.3 · elite    224.6 · median     21.0 · years  79.9 · road 0.45 · starved  1823 · nobles  -3.0 · read  2.7 · walls  5.4 · fell 49.9% (mother 33.1%) · prince 31.2% · king  7.8% · crowned  3.9% (median year 71) · 8.5s
try  1 · gen  260 · best    417.6 · elite    215.5 · median     22.3 · years  84.6 · road 0.51 · starved  1745 · nobles  -6.2 · read  2.2 · walls  6.6 · fell 33.9% (mother 19.0%) · prince 17.0% · king  4.6% · crowned  3.2% (median year 71) · 8.6s
try  2 · gen  260 · best    509.3 · elite    223.5 · median     29.6 · years  84.6 · road 0.52 · starved  1864 · nobles  -4.3 · read  0.0 · walls  6.6 · fell 40.4% (mother 24.7%) · prince 24.8% · king  5.2% · crowned  3.3% (median year 71) · 8.6s
try  3 · gen  260 · best    167.1 · elite    126.7 · median     52.2 · years  83.4 · road 0.57 · starved   802 · nobles -17.1 · read  4.8 · walls  7.0 · fell 40.2% (mother 15.0%) · prince  0.0% · king  0.0% · crowned  0.0% · 8.6s
try  4 · gen  260 · best    179.2 · elite    125.5 · median     52.1 · years  84.2 · road 0.56 · starved   798 · nobles -17.2 · read  7.1 · walls  8.1 · fell 40.0% (mother 15.7%) · prince  0.0% · king  0.0% · crowned  0.0% · 8.6s
try  5 · gen  260 · best    175.5 · elite    123.7 · median     53.7 · years  83.3 · road 0.57 · starved   810 · nobles -17.0 · read  9.5 · walls  7.7 · fell 40.7% (mother 15.0%) · prince  0.0% · king  0.0% · crowned  0.0% · 8.6s
try  6 · gen  260 · best    518.1 · elite    234.8 · median     35.0 · years  80.3 · road 0.49 · starved  1864 · nobles  -1.2 · read  0.7 · walls  6.7 · fell 51.7% (mother 34.1%) · prince 34.9% · king  9.8% · crowned  3.9% (median year 88) · 8.6s
try  7 · gen  260 · best    377.1 · elite    230.3 · median     31.6 · years  81.1 · road 0.50 · starved  1938 · nobles  +0.6 · read  0.9 · walls  6.1 · fell 48.2% (mother 28.2%) · prince 26.3% · king  9.7% · crowned  4.7% (median year 91) · 8.6s
try  8 · gen  260 · best    424.6 · elite    223.9 · median     19.8 · years  79.7 · road 0.45 · starved  1826 · nobles  -3.0 · read  2.1 · walls  5.4 · fell 50.8% (mother 34.0%) · prince 31.0% · king  7.6% · crowned  3.4% (median year 73) · 8.6s
try  1 · gen  261 · best    377.7 · elite    228.5 · median     26.5 · years  84.2 · road 0.51 · starved  1745 · nobles  -5.9 · read  2.2 · walls  6.7 · fell 35.8% (mother 20.1%) · prince 19.3% · king  4.9% · crowned  3.4% (median year 70) · 8.6s
try  2 · gen  261 · best    451.8 · elite    226.1 · median     28.0 · years  83.5 · road 0.51 · starved  1845 · nobles  -4.1 · read  0.0 · walls  6.5 · fell 40.8% (mother 23.8%) · prince 24.6% · king  4.7% · crowned  3.2% (median year 71) · 8.6s
try  3 · gen  261 · best    168.8 · elite    123.3 · median     50.6 · years  82.7 · road 0.57 · starved   812 · nobles -17.0 · read  5.7 · walls  7.0 · fell 42.2% (mother 16.0%) · prince  0.0% · king  0.0% · crowned  0.0% · 8.6s
try  4 · gen  261 · best    181.2 · elite    123.9 · median     52.4 · years  83.6 · road 0.56 · starved   785 · nobles -17.1 · read  6.8 · walls  8.1 · fell 41.2% (mother 14.9%) · prince  0.0% · king  0.0% · crowned  0.0% · 8.6s
try  5 · gen  261 · best    171.3 · elite    124.8 · median     55.5 · years  84.5 · road 0.58 · starved   835 · nobles -17.4 · read  8.9 · walls  7.7 · fell 39.7% (mother 15.0%) · prince  0.0% · king  0.0% · crowned  0.0% · 8.6s
try  6 · gen  261 · best    367.8 · elite    230.2 · median     36.2 · years  79.2 · road 0.49 · starved  1873 · nobles  -1.5 · read  0.5 · walls  6.7 · fell 53.0% (mother 34.6%) · prince 34.5% · king 10.5% · crowned  3.8% (median year 82) · 8.6s
try  7 · gen  261 · best    448.4 · elite    251.5 · median     30.2 · years  80.7 · road 0.50 · starved  1939 · nobles  +0.8 · read  1.4 · walls  6.2 · fell 49.3% (mother 28.9%) · prince 27.4% · king 10.3% · crowned  4.6% (median year 92) · 8.6s
try  8 · gen  261 · best    417.7 · elite    228.3 · median     22.3 · years  79.1 · road 0.45 · starved  1796 · nobles  -3.0 · read  2.6 · walls  5.4 · fell 51.2% (mother 33.3%) · prince 31.5% · king  7.6% · crowned  3.8% (median year 71) · 8.6s
try  1 · gen  262 · best    451.2 · elite    234.5 · median     26.6 · years  84.7 · road 0.51 · starved  1746 · nobles  -5.6 · read  1.3 · walls  6.7 · fell 34.6% (mother 19.6%) · prince 18.1% · king  5.3% · crowned  3.7% (median year 70) · 8.6s
try  2 · gen  262 · best    507.5 · elite    231.4 · median     29.4 · years  83.3 · road 0.51 · starved  1835 · nobles  -3.9 · read  0.0 · walls  6.5 · fell 39.4% (mother 23.0%) · prince 24.5% · king  5.5% · crowned  3.6% (median year 70) · 8.6s
try  3 · gen  262 · best    184.8 · elite    125.5 · median     52.2 · years  84.4 · road 0.58 · starved   857 · nobles -17.2 · read  4.4 · walls  6.9 · fell 39.8% (mother 15.4%) · prince  0.0% · king  0.0% · crowned  0.0% · 8.6s
try  4 · gen  262 · best    175.2 · elite    124.7 · median     51.8 · years  84.3 · road 0.56 · starved   814 · nobles -17.3 · read  6.1 · walls  8.1 · fell 40.4% (mother 15.4%) · prince  0.0% · king  0.0% · crowned  0.0% · 8.6s
try  5 · gen  262 · best    165.8 · elite    125.9 · median     52.7 · years  84.5 · road 0.58 · starved   847 · nobles -17.1 · read  7.4 · walls  7.6 · fell 38.0% (mother 13.9%) · prince  0.0% · king  0.0% · crowned  0.0% · 8.6s
try  6 · gen  262 · best    604.0 · elite    232.4 · median     32.0 · years  80.0 · road 0.49 · starved  1865 · nobles  -1.5 · read  0.5 · walls  6.7 · fell 51.3% (mother 34.2%) · prince 34.8% · king 10.0% · crowned  3.7% (median year 89) · 8.6s
try  7 · gen  262 · best    400.0 · elite    235.6 · median     31.5 · years  81.6 · road 0.50 · starved  1931 · nobles  +0.8 · read  1.6 · walls  6.2 · fell 46.7% (mother 27.0%) · prince 25.2% · king 10.1% · crowned  4.7% (median year 91) · 8.6s
try  8 · gen  262 · best    541.3 · elite    233.0 · median     21.1 · years  79.6 · road 0.45 · starved  1839 · nobles  -2.9 · read  2.6 · walls  5.3 · fell 50.9% (mother 34.8%) · prince 32.8% · king  8.1% · crowned  3.8% (median year 75) · 8.6s
try  1 · gen  263 · best    357.7 · elite    214.1 · median     30.3 · years  84.8 · road 0.51 · starved  1740 · nobles  -5.8 · read  1.5 · walls  6.7 · fell 32.9% (mother 18.1%) · prince 17.5% · king  4.4% · crowned  3.4% (median year 70) · 8.8s
try  2 · gen  263 · best    546.7 · elite    230.8 · median     27.1 · years  84.4 · road 0.51 · starved  1837 · nobles  -4.2 · read  0.0 · walls  6.5 · fell 37.5% (mother 22.1%) · prince 22.9% · king  4.8% · crowned  3.0% (median year 71) · 8.8s
try  3 · gen  263 · best    164.9 · elite    122.2 · median     50.9 · years  83.5 · road 0.57 · starved   842 · nobles -17.1 · read  5.1 · walls  6.9 · fell 39.5% (mother 14.2%) · prince  0.0% · king  0.0% · crowned  0.0% · 8.8s
try  4 · gen  263 · best    163.9 · elite    125.4 · median     53.6 · years  85.0 · road 0.57 · starved   813 · nobles -17.4 · read  6.5 · walls  8.1 · fell 39.0% (mother 15.2%) · prince  0.0% · king  0.0% · crowned  0.0% · 8.8s
try  5 · gen  263 · best    163.2 · elite    128.0 · median     56.8 · years  84.6 · road 0.58 · starved   822 · nobles -17.2 · read  8.0 · walls  7.6 · fell 37.8% (mother 14.2%) · prince  0.0% · king  0.0% · crowned  0.0% · 8.8s
try  6 · gen  263 · best    468.4 · elite    237.4 · median     37.5 · years  80.6 · road 0.49 · starved  1865 · nobles  -1.3 · read  0.6 · walls  6.7 · fell 50.5% (mother 33.7%) · prince 34.3% · king 10.4% · crowned  4.0% (median year 79) · 8.8s
try  7 · gen  263 · best    646.6 · elite    231.3 · median     23.6 · years  79.4 · road 0.49 · starved  1923 · nobles  +0.6 · read  1.4 · walls  6.1 · fell 49.1% (mother 28.2%) · prince 26.6% · king 10.6% · crowned  4.5% (median year 91) · 8.8s
try  8 · gen  263 · best    439.3 · elite    217.6 · median     13.8 · years  79.6 · road 0.45 · starved  1834 · nobles  -3.5 · read  2.6 · walls  5.3 · fell 50.5% (mother 33.2%) · prince 29.7% · king  7.0% · crowned  3.4% (median year 71) · 8.8s
try  1 · gen  264 · best    454.5 · elite    219.8 · median     26.4 · years  85.5 · road 0.51 · starved  1735 · nobles  -6.2 · read  1.4 · walls  6.7 · fell 32.0% (mother 17.6%) · prince 16.1% · king  4.5% · crowned  3.2% (median year 70) · 8.7s
try  2 · gen  264 · best    401.5 · elite    231.0 · median     25.1 · years  83.8 · road 0.51 · starved  1850 · nobles  -4.2 · read  0.0 · walls  6.4 · fell 39.7% (mother 23.1%) · prince 23.8% · king  4.8% · crowned  3.2% (median year 69) · 8.7s
try  3 · gen  264 · best    179.5 · elite    123.2 · median     50.2 · years  84.4 · road 0.58 · starved   863 · nobles -17.2 · read  5.0 · walls  6.9 · fell 39.7% (mother 15.5%) · prince  0.0% · king  0.0% · crowned  0.0% · 8.7s
try  4 · gen  264 · best    170.1 · elite    125.4 · median     50.9 · years  83.7 · road 0.56 · starved   785 · nobles -17.0 · read  6.8 · walls  8.1 · fell 41.1% (mother 15.4%) · prince  0.0% · king  0.0% · crowned  0.0% · 8.7s
try  5 · gen  264 · best    171.9 · elite    125.9 · median     55.7 · years  84.1 · road 0.58 · starved   834 · nobles -17.2 · read  7.1 · walls  7.6 · fell 39.2% (mother 15.0%) · prince  0.0% · king  0.0% · crowned  0.0% · 8.7s
try  6 · gen  264 · best    387.3 · elite    225.2 · median     29.2 · years  78.9 · road 0.49 · starved  1860 · nobles  -1.4 · read  0.5 · walls  6.6 · fell 53.5% (mother 33.8%) · prince 33.5% · king 10.1% · crowned  3.7% (median year 80) · 8.7s
try  7 · gen  264 · best    460.8 · elite    236.5 · median     22.6 · years  80.4 · road 0.49 · starved  1917 · nobles  +0.6 · read  1.0 · walls  6.1 · fell 47.5% (mother 26.9%) · prince 24.5% · king  8.8% · crowned  4.1% (median year 83) · 8.7s
try  8 · gen  264 · best    456.5 · elite    228.5 · median     20.9 · years  78.6 · road 0.44 · starved  1811 · nobles  -3.0 · read  3.1 · walls  5.2 · fell 51.0% (mother 34.0%) · prince 31.7% · king  8.0% · crowned  3.9% (median year 72) · 8.7s
try  1 · gen  265 · best    510.4 · elite    233.1 · median     25.9 · years  84.8 · road 0.51 · starved  1738 · nobles  -5.9 · read  1.7 · walls  6.7 · fell 32.9% (mother 17.9%) · prince 17.8% · king  4.9% · crowned  3.6% (median year 70) · 8.6s
try  2 · gen  265 · best    407.1 · elite    228.5 · median     27.8 · years  83.9 · road 0.51 · starved  1829 · nobles  -4.3 · read  0.1 · walls  6.3 · fell 37.0% (mother 20.5%) · prince 21.6% · king  5.2% · crowned  3.4% (median year 71) · 8.6s
try  3 · gen  265 · best    167.1 · elite    121.2 · median     49.5 · years  83.2 · road 0.57 · starved   854 · nobles -17.0 · read  4.9 · walls  6.9 · fell 40.5% (mother 14.3%) · prince  0.0% · king  0.0% · crowned  0.0% · 8.6s
try  4 · gen  265 · best    179.4 · elite    126.5 · median     52.6 · years  84.6 · road 0.56 · starved   789 · nobles -17.1 · read  6.0 · walls  8.1 · fell 39.9% (mother 15.8%) · prince  0.0% · king  0.0% · crowned  0.0% · 8.6s
try  5 · gen  265 · best    177.2 · elite    127.3 · median     56.3 · years  85.0 · road 0.58 · starved   856 · nobles -17.4 · read  6.9 · walls  7.7 · fell 37.6% (mother 14.5%) · prince  0.0% · king  0.0% · crowned  0.0% · 8.6s
try  6 · gen  265 · best    501.9 · elite    218.7 · median     31.5 · years  79.7 · road 0.49 · starved  1852 · nobles  -1.1 · read  0.5 · walls  6.6 · fell 51.1% (mother 33.1%) · prince 33.4% · king  9.9% · crowned  3.3% (median year 87) · 8.6s
try  7 · gen  265 · best    510.5 · elite    252.8 · median     29.9 · years  81.0 · road 0.50 · starved  1938 · nobles  +0.5 · read  1.3 · walls  6.2 · fell 48.6% (mother 27.9%) · prince 25.6% · king 10.4% · crowned  4.7% (median year 91) · 8.6s
try  8 · gen  265 · best    385.4 · elite    218.8 · median     21.7 · years  78.7 · road 0.45 · starved  1821 · nobles  -2.9 · read  3.7 · walls  5.3 · fell 50.9% (mother 34.0%) · prince 31.2% · king  7.6% · crowned  3.9% (median year 71) · 8.6s
try  1 · gen  266 · best    467.3 · elite    221.6 · median     26.1 · years  84.4 · road 0.50 · starved  1742 · nobles  -6.1 · read  1.6 · walls  6.6 · fell 33.2% (mother 18.0%) · prince 17.5% · king  5.0% · crowned  3.5% (median year 71) · 8.5s
try  2 · gen  266 · best    568.9 · elite    223.2 · median     24.3 · years  83.4 · road 0.51 · starved  1818 · nobles  -4.6 · read  0.0 · walls  6.4 · fell 37.3% (mother 21.0%) · prince 22.2% · king  4.6% · crowned  3.1% (median year 70) · 8.5s
try  3 · gen  266 · best    167.1 · elite    121.2 · median     54.9 · years  84.3 · road 0.58 · starved   845 · nobles -17.4 · read  4.4 · walls  7.0 · fell 40.7% (mother 15.6%) · prince  0.0% · king  0.0% · crowned  0.0% · 8.5s
try  4 · gen  266 · best    185.0 · elite    123.3 · median     55.7 · years  85.0 · road 0.57 · starved   808 · nobles -17.2 · read  7.3 · walls  8.1 · fell 39.0% (mother 14.8%) · prince  0.0% · king  0.0% · crowned  0.0% · 8.5s
try  5 · gen  266 · best    198.0 · elite    126.9 · median     54.3 · years  83.6 · road 0.57 · starved   803 · nobles -17.0 · read  7.4 · walls  7.7 · fell 39.4% (mother 13.2%) · prince  0.0% · king  0.0% · crowned  0.0% · 8.5s
try  6 · gen  266 · best    373.3 · elite    214.6 · median     30.1 · years  79.3 · road 0.49 · starved  1851 · nobles  -1.3 · read  0.4 · walls  6.6 · fell 50.9% (mother 32.2%) · prince 32.7% · king  9.6% · crowned  3.4% (median year 84) · 8.5s
try  7 · gen  266 · best    503.1 · elite    251.0 · median     36.0 · years  80.8 · road 0.50 · starved  1924 · nobles  +0.8 · read  1.0 · walls  6.2 · fell 48.8% (mother 28.0%) · prince 26.5% · king 11.1% · crowned  5.7% (median year 92) · 8.5s
try  8 · gen  266 · best    348.4 · elite    217.4 · median     19.7 · years  79.9 · road 0.45 · starved  1799 · nobles  -3.3 · read  3.5 · walls  5.4 · fell 49.2% (mother 32.5%) · prince 31.0% · king  7.4% · crowned  3.4% (median year 70) · 8.5s
try  1 · gen  267 · best    545.8 · elite    227.5 · median     29.5 · years  85.4 · road 0.51 · starved  1746 · nobles  -6.3 · read  2.4 · walls  6.7 · fell 32.7% (mother 18.7%) · prince 17.7% · king  4.5% · crowned  3.1% (median year 71) · 8.5s
try  2 · gen  267 · best    464.9 · elite    242.2 · median     28.3 · years  84.6 · road 0.51 · starved  1834 · nobles  -4.5 · read  0.0 · walls  6.4 · fell 36.2% (mother 20.4%) · prince 20.7% · king  5.1% · crowned  3.8% (median year 72) · 8.5s
try  3 · gen  267 · best    168.5 · elite    124.9 · median     54.2 · years  84.1 · road 0.57 · starved   838 · nobles -17.2 · read  4.1 · walls  6.9 · fell 39.6% (mother 15.3%) · prince  0.0% · king  0.0% · crowned  0.0% · 8.5s
try  4 · gen  267 · best    181.3 · elite    128.0 · median     53.1 · years  84.5 · road 0.56 · starved   799 · nobles -17.2 · read  7.4 · walls  8.0 · fell 39.8% (mother 15.7%) · prince  0.0% · king  0.0% · crowned  0.0% · 8.5s
try  5 · gen  267 · best    170.1 · elite    127.8 · median     55.3 · years  84.2 · road 0.58 · starved   829 · nobles -17.1 · read  7.1 · walls  7.7 · fell 38.6% (mother 14.5%) · prince  0.0% · king  0.0% · crowned  0.0% · 8.5s
try  6 · gen  267 · best    507.6 · elite    235.6 · median     30.1 · years  79.8 · road 0.49 · starved  1847 · nobles  -1.4 · read  0.6 · walls  6.6 · fell 49.3% (mother 31.4%) · prince 32.8% · king  9.7% · crowned  3.6% (median year 76) · 8.5s
try  7 · gen  267 · best    468.4 · elite    260.2 · median     37.9 · years  81.5 · road 0.50 · starved  1939 · nobles  +1.0 · read  1.1 · walls  6.3 · fell 49.0% (mother 28.3%) · prince 28.0% · king 11.6% · crowned  5.4% (median year 89) · 8.5s
try  8 · gen  267 · best    414.1 · elite    210.6 · median     19.0 · years  79.1 · road 0.45 · starved  1807 · nobles  -3.0 · read  2.2 · walls  5.3 · fell 50.5% (mother 33.7%) · prince 31.3% · king  7.4% · crowned  3.5% (median year 75) · 8.5s
try  1 · gen  268 · best    424.9 · elite    224.7 · median     22.6 · years  85.0 · road 0.51 · starved  1746 · nobles  -6.6 · read  1.7 · walls  6.7 · fell 32.3% (mother 17.8%) · prince 16.2% · king  4.5% · crowned  3.2% (median year 71) · 8.4s
try  2 · gen  268 · best    388.8 · elite    219.9 · median     24.8 · years  83.8 · road 0.51 · starved  1835 · nobles  -4.8 · read  0.0 · walls  6.3 · fell 36.6% (mother 20.5%) · prince 21.3% · king  4.2% · crowned  3.1% (median year 72) · 8.4s
try  3 · gen  268 · best    181.9 · elite    121.8 · median     50.4 · years  82.8 · road 0.57 · starved   837 · nobles -17.0 · read  4.9 · walls  7.0 · fell 41.8% (mother 15.3%) · prince  0.0% · king  0.0% · crowned  0.0% · 8.4s
try  4 · gen  268 · best    182.0 · elite    128.0 · median     55.5 · years  85.3 · road 0.57 · starved   792 · nobles -17.3 · read  8.2 · walls  8.1 · fell 38.8% (mother 15.9%) · prince  0.0% · king  0.0% · crowned  0.0% · 8.4s
try  5 · gen  268 · best    172.7 · elite    130.4 · median     54.4 · years  84.8 · road 0.58 · starved   808 · nobles -17.3 · read  5.2 · walls  7.7 · fell 39.5% (mother 15.3%) · prince  0.0% · king  0.0% · crowned  0.0% · 8.4s
try  6 · gen  268 · best    521.2 · elite    235.1 · median     28.5 · years  78.7 · road 0.49 · starved  1832 · nobles  -1.3 · read  0.6 · walls  6.6 · fell 51.1% (mother 32.7%) · prince 32.5% · king  9.2% · crowned  3.8% (median year 78) · 8.4s
try  7 · gen  268 · best    483.7 · elite    268.6 · median     37.9 · years  80.7 · road 0.50 · starved  1926 · nobles  +1.3 · read  0.9 · walls  6.3 · fell 49.7% (mother 28.6%) · prince 29.5% · king 11.9% · crowned  5.7% (median year 93) · 8.4s
try  8 · gen  268 · best    507.1 · elite    224.9 · median     15.0 · years  80.1 · road 0.45 · starved  1807 · nobles  -3.6 · read  3.3 · walls  5.4 · fell 49.2% (mother 32.6%) · prince 29.0% · king  6.8% · crowned  3.2% (median year 70) · 8.4s
try  1 · gen  269 · best    503.8 · elite    236.8 · median     26.1 · years  85.0 · road 0.51 · starved  1758 · nobles  -6.6 · read  2.1 · walls  6.7 · fell 32.2% (mother 17.8%) · prince 16.1% · king  5.0% · crowned  3.8% (median year 71) · 8.6s
try  2 · gen  269 · best    459.7 · elite    220.8 · median     26.2 · years  82.2 · road 0.51 · starved  1821 · nobles  -4.8 · read  0.0 · walls  6.3 · fell 37.5% (mother 20.2%) · prince 19.7% · king  4.6% · crowned  3.5% (median year 71) · 8.6s
try  3 · gen  269 · best    172.1 · elite    123.7 · median     52.5 · years  83.7 · road 0.57 · starved   851 · nobles -17.0 · read  4.4 · walls  7.0 · fell 39.4% (mother 14.4%) · prince  0.0% · king  0.0% · crowned  0.0% · 8.6s
try  4 · gen  269 · best    186.8 · elite    124.6 · median     56.0 · years  84.8 · road 0.57 · starved   783 · nobles -17.4 · read  7.8 · walls  8.1 · fell 41.0% (mother 17.2%) · prince  0.0% · king  0.0% · crowned  0.0% · 8.6s
try  5 · gen  269 · best    171.4 · elite    126.4 · median     57.4 · years  84.9 · road 0.58 · starved   820 · nobles -17.4 · read  6.2 · walls  7.7 · fell 38.2% (mother 14.9%) · prince  0.0% · king  0.0% · crowned  0.0% · 8.6s
try  6 · gen  269 · best    379.6 · elite    232.3 · median     30.1 · years  80.5 · road 0.49 · starved  1848 · nobles  -1.6 · read  0.7 · walls  6.7 · fell 50.1% (mother 32.0%) · prince 32.5% · king  9.1% · crowned  3.6% (median year 76) · 8.6s
try  7 · gen  269 · best    500.0 · elite    270.2 · median     41.5 · years  81.1 · road 0.50 · starved  1935 · nobles  +1.4 · read  0.8 · walls  6.4 · fell 49.9% (mother 27.6%) · prince 28.8% · king 11.4% · crowned  5.8% (median year 90) · 8.6s
try  8 · gen  269 · best    372.7 · elite    209.7 · median     13.6 · years  79.6 · road 0.45 · starved  1797 · nobles  -3.7 · read  2.7 · walls  5.3 · fell 49.4% (mother 32.4%) · prince 29.7% · king  6.4% · crowned  3.1% (median year 72) · 8.6s
try  1 · gen  270 · best    526.9 · elite    221.5 · median     26.4 · years  86.3 · road 0.51 · starved  1751 · nobles  -6.8 · read  1.8 · walls  6.7 · fell 28.9% (mother 15.6%) · prince 14.0% · king  4.0% · crowned  3.0% (median year 71) · 8.5s
try  2 · gen  270 · best    402.7 · elite    233.5 · median     24.9 · years  82.8 · road 0.51 · starved  1815 · nobles  -5.0 · read  0.0 · walls  6.3 · fell 36.8% (mother 19.0%) · prince 19.9% · king  4.8% · crowned  3.7% (median year 69) · 8.5s
try  3 · gen  270 · best    161.2 · elite    121.4 · median     53.8 · years  84.9 · road 0.58 · starved   875 · nobles -17.2 · read  4.1 · walls  6.9 · fell 37.3% (mother 13.7%) · prince  0.0% · king  0.0% · crowned  0.0% · 8.5s
try  4 · gen  270 · best    170.4 · elite    125.3 · median     54.6 · years  84.8 · road 0.56 · starved   796 · nobles -17.1 · read  7.4 · walls  8.1 · fell 38.3% (mother 15.0%) · prince  0.0% · king  0.0% · crowned  0.0% · 8.5s
try  5 · gen  270 · best    197.1 · elite    129.9 · median     56.5 · years  84.7 · road 0.58 · starved   813 · nobles -17.2 · read  6.9 · walls  7.6 · fell 37.5% (mother 13.7%) · prince  0.0% · king  0.0% · crowned  0.0% · 8.5s
try  6 · gen  270 · best    425.4 · elite    249.7 · median     34.6 · years  82.0 · road 0.50 · starved  1864 · nobles  -1.7 · read  0.8 · walls  6.8 · fell 48.7% (mother 32.5%) · prince 33.9% · king  9.5% · crowned  3.7% (median year 81) · 8.5s
try  7 · gen  270 · best    516.9 · elite    258.5 · median     33.0 · years  80.9 · road 0.50 · starved  1922 · nobles  +1.5 · read  0.9 · walls  6.4 · fell 50.5% (mother 27.8%) · prince 28.4% · king 11.6% · crowned  5.5% (median year 93) · 8.5s
try  8 · gen  270 · best    479.7 · elite    208.7 · median     15.2 · years  78.8 · road 0.44 · starved  1804 · nobles  -3.5 · read  2.6 · walls  5.2 · fell 50.2% (mother 33.3%) · prince 28.6% · king  7.1% · crowned  3.6% (median year 72) · 8.5s
try  1 · gen  271 · best    376.8 · elite    214.6 · median     27.8 · years  86.7 · road 0.51 · starved  1769 · nobles  -6.9 · read  1.6 · walls  6.7 · fell 29.5% (mother 16.7%) · prince 15.6% · king  4.2% · crowned  3.0% (median year 72) · 8.8s
try  2 · gen  271 · best    487.4 · elite    225.0 · median     26.0 · years  83.6 · road 0.51 · starved  1842 · nobles  -5.0 · read  0.0 · walls  6.3 · fell 36.8% (mother 19.9%) · prince 20.5% · king  4.9% · crowned  3.6% (median year 70) · 8.8s
try  3 · gen  271 · best    177.4 · elite    124.6 · median     53.1 · years  84.2 · road 0.58 · starved   859 · nobles -17.3 · read  3.9 · walls  7.0 · fell 40.1% (mother 15.7%) · prince  0.0% · king  0.0% · crowned  0.0% · 8.8s
try  4 · gen  271 · best    168.8 · elite    122.3 · median     53.5 · years  84.9 · road 0.56 · starved   791 · nobles -17.2 · read  7.8 · walls  8.0 · fell 38.3% (mother 13.7%) · prince  0.0% · king  0.0% · crowned  0.0% · 8.8s
try  5 · gen  271 · best    177.7 · elite    126.4 · median     57.6 · years  84.3 · road 0.58 · starved   790 · nobles -17.2 · read  6.0 · walls  7.6 · fell 38.3% (mother 13.7%) · prince  0.0% · king  0.0% · crowned  0.0% · 8.8s
try  6 · gen  271 · best    466.7 · elite    217.0 · median     31.0 · years  81.1 · road 0.49 · starved  1844 · nobles  -1.8 · read  0.5 · walls  6.7 · fell 48.6% (mother 31.8%) · prince 32.0% · king  8.3% · crowned  2.9% (median year 80) · 8.8s
try  7 · gen  271 · best    490.8 · elite    242.2 · median     31.9 · years  81.1 · road 0.50 · starved  1919 · nobles  +1.1 · read  0.7 · walls  6.4 · fell 47.9% (mother 25.8%) · prince 26.4% · king 10.1% · crowned  5.0% (median year 88) · 8.8s
try  8 · gen  271 · best    391.2 · elite    213.1 · median     21.3 · years  80.7 · road 0.45 · starved  1800 · nobles  -3.6 · read  2.9 · walls  5.2 · fell 47.0% (mother 31.5%) · prince 28.3% · king  6.7% · crowned  3.5% (median year 72) · 8.8s
try  1 · gen  272 · best    415.5 · elite    220.6 · median     26.4 · years  84.5 · road 0.51 · starved  1754 · nobles  -6.5 · read  1.1 · walls  6.7 · fell 33.1% (mother 17.4%) · prince 16.7% · king  4.4% · crowned  3.2% (median year 69) · 8.7s
try  2 · gen  272 · best    401.4 · elite    215.4 · median     25.9 · years  85.1 · road 0.52 · starved  1852 · nobles  -5.4 · read  0.0 · walls  6.4 · fell 36.5% (mother 21.0%) · prince 20.8% · king  4.1% · crowned  3.0% (median year 70) · 8.7s
try  3 · gen  272 · best    161.6 · elite    119.8 · median     52.5 · years  84.0 · road 0.58 · starved   889 · nobles -17.0 · read  3.5 · walls  6.9 · fell 39.2% (mother 14.6%) · prince  0.0% · king  0.0% · crowned  0.0% · 8.7s
try  4 · gen  272 · best    203.2 · elite    122.2 · median     53.1 · years  84.6 · road 0.56 · starved   791 · nobles -17.1 · read  7.6 · walls  8.0 · fell 38.0% (mother 12.6%) · prince  0.0% · king  0.0% · crowned  0.0% · 8.7s
try  5 · gen  272 · best    180.7 · elite    126.7 · median     56.1 · years  85.3 · road 0.58 · starved   826 · nobles -17.3 · read  5.4 · walls  7.6 · fell 37.1% (mother 13.3%) · prince  0.0% · king  0.0% · crowned  0.0% · 8.7s
try  6 · gen  272 · best    421.3 · elite    219.1 · median     30.6 · years  81.6 · road 0.50 · starved  1860 · nobles  -1.7 · read  0.9 · walls  6.7 · fell 48.2% (mother 31.3%) · prince 33.3% · king  9.1% · crowned  3.0% (median year 79) · 8.7s
try  7 · gen  272 · best    440.5 · elite    245.4 · median     32.3 · years  81.5 · road 0.50 · starved  1902 · nobles  +0.8 · read  0.7 · walls  6.3 · fell 46.2% (mother 25.5%) · prince 25.6% · king 10.4% · crowned  5.0% (median year 93) · 8.7s
try  8 · gen  272 · best    440.6 · elite    214.1 · median     14.2 · years  80.0 · road 0.45 · starved  1806 · nobles  -3.8 · read  2.4 · walls  5.1 · fell 47.9% (mother 32.2%) · prince 29.7% · king  6.8% · crowned  3.4% (median year 72) · 8.7s
try  1 · gen  273 · best    359.0 · elite    215.2 · median     28.6 · years  86.4 · road 0.51 · starved  1749 · nobles  -6.6 · read  1.5 · walls  6.7 · fell 31.2% (mother 17.9%) · prince 17.6% · king  4.0% · crowned  3.1% (median year 70) · 8.7s
try  2 · gen  273 · best    434.8 · elite    219.0 · median     25.6 · years  83.3 · road 0.51 · starved  1830 · nobles  -4.5 · read  0.0 · walls  6.3 · fell 37.6% (mother 20.1%) · prince 21.6% · king  4.6% · crowned  3.2% (median year 70) · 8.7s
try  3 · gen  273 · best    164.4 · elite    116.4 · median     51.0 · years  84.3 · road 0.58 · starved   889 · nobles -17.1 · read  3.4 · walls  6.9 · fell 37.5% (mother 13.5%) · prince  0.0% · king  0.0% · crowned  0.0% · 8.7s
try  4 · gen  273 · best    168.4 · elite    122.1 · median     54.6 · years  84.2 · road 0.56 · starved   784 · nobles -17.1 · read  7.4 · walls  8.0 · fell 39.4% (mother 14.9%) · prince  0.0% · king  0.0% · crowned  0.0% · 8.7s
try  5 · gen  273 · best    171.4 · elite    127.4 · median     54.5 · years  84.1 · road 0.58 · starved   835 · nobles -17.1 · read  4.5 · walls  7.6 · fell 38.8% (mother 14.2%) · prince  0.0% · king  0.0% · crowned  0.0% · 8.7s
try  6 · gen  273 · best    400.1 · elite    214.9 · median     31.5 · years  80.8 · road 0.49 · starved  1842 · nobles  -1.8 · read  0.7 · walls  6.7 · fell 48.0% (mother 30.6%) · prince 32.3% · king  9.1% · crowned  3.2% (median year 77) · 8.7s
try  7 · gen  273 · best    527.1 · elite    259.2 · median     34.2 · years  80.4 · road 0.50 · starved  1900 · nobles  +1.4 · read  0.8 · walls  6.3 · fell 48.6% (mother 26.2%) · prince 27.0% · king 11.2% · crowned  5.7% (median year 92) · 8.7s
try  8 · gen  273 · best    407.9 · elite    226.5 · median     12.2 · years  79.0 · road 0.44 · starved  1799 · nobles  -3.5 · read  2.4 · walls  5.2 · fell 49.4% (mother 32.3%) · prince 28.5% · king  7.1% · crowned  3.5% (median year 72) · 8.7s
try  1 · gen  274 · best    482.9 · elite    223.8 · median     26.4 · years  85.6 · road 0.51 · starved  1755 · nobles  -6.6 · read  1.4 · walls  6.7 · fell 31.4% (mother 17.2%) · prince 16.9% · king  4.5% · crowned  3.4% (median year 72) · 8.6s
try  2 · gen  274 · best    520.1 · elite    215.4 · median     29.6 · years  84.5 · road 0.52 · starved  1851 · nobles  -4.7 · read  0.0 · walls  6.5 · fell 37.0% (mother 21.2%) · prince 21.9% · king  5.1% · crowned  3.3% (median year 71) · 8.6s
try  3 · gen  274 · best    160.3 · elite    121.3 · median     49.5 · years  84.1 · road 0.57 · starved   882 · nobles -17.0 · read  3.8 · walls  6.9 · fell 38.2% (mother 13.5%) · prince  0.0% · king  0.0% · crowned  0.0% · 8.6s
try  4 · gen  274 · best    182.0 · elite    124.7 · median     55.1 · years  85.0 · road 0.57 · starved   801 · nobles -17.3 · read  8.1 · walls  8.0 · fell 38.8% (mother 15.4%) · prince  0.0% · king  0.0% · crowned  0.0% · 8.6s
try  5 · gen  274 · best    166.6 · elite    126.5 · median     56.0 · years  85.0 · road 0.58 · starved   834 · nobles -17.2 · read  5.4 · walls  7.6 · fell 36.7% (mother 12.7%) · prince  0.0% · king  0.0% · crowned  0.0% · 8.6s
try  6 · gen  274 · best    511.6 · elite    238.2 · median     25.0 · years  80.0 · road 0.49 · starved  1840 · nobles  -1.5 · read  0.6 · walls  6.7 · fell 49.1% (mother 30.8%) · prince 33.0% · king  8.7% · crowned  3.4% (median year 78) · 8.6s
try  7 · gen  274 · best    522.0 · elite    264.3 · median     37.0 · years  81.3 · road 0.50 · starved  1910 · nobles  +1.4 · read  0.9 · walls  6.3 · fell 47.0% (mother 25.6%) · prince 28.0% · king 11.6% · crowned  5.7% (median year 91) · 8.6s
try  8 · gen  274 · best    437.2 · elite    215.5 · median     15.0 · years  81.1 · road 0.45 · starved  1807 · nobles  -3.7 · read  3.8 · walls  5.2 · fell 47.6% (mother 32.4%) · prince 28.5% · king  6.3% · crowned  3.3% (median year 71) · 8.6s
try  1 · gen  275 · best    398.4 · elite    216.4 · median     24.5 · years  85.3 · road 0.51 · starved  1771 · nobles  -6.8 · read  1.1 · walls  6.7 · fell 32.4% (mother 18.1%) · prince 16.8% · king  4.2% · crowned  3.0% (median year 70) · 8.7s
try  2 · gen  275 · best    374.7 · elite    218.9 · median     26.8 · years  84.1 · road 0.52 · starved  1831 · nobles  -4.6 · read  0.0 · walls  6.4 · fell 36.2% (mother 19.8%) · prince 21.4% · king  4.4% · crowned  3.1% (median year 69) · 8.7s
try  3 · gen  275 · best    160.3 · elite    124.9 · median     51.6 · years  84.3 · road 0.57 · starved   878 · nobles -17.1 · read  4.2 · walls  6.8 · fell 38.4% (mother 13.7%) · prince  0.0% · king  0.0% · crowned  0.0% · 8.7s
try  4 · gen  275 · best    177.2 · elite    118.1 · median     49.0 · years  83.5 · road 0.56 · starved   794 · nobles -16.9 · read  8.0 · walls  8.0 · fell 40.5% (mother 15.2%) · prince  0.0% · king  0.0% · crowned  0.0% · 8.7s
try  5 · gen  275 · best    162.6 · elite    119.9 · median     53.6 · years  84.4 · road 0.58 · starved   859 · nobles -17.2 · read  5.2 · walls  7.6 · fell 39.0% (mother 13.5%) · prince  0.0% · king  0.0% · crowned  0.0% · 8.7s
try  6 · gen  275 · best    450.8 · elite    225.2 · median     32.6 · years  80.9 · road 0.49 · starved  1834 · nobles  -1.7 · read  0.5 · walls  6.7 · fell 47.9% (mother 30.5%) · prince 32.7% · king  8.9% · crowned  3.5% (median year 82) · 8.7s
try  7 · gen  275 · best    508.2 · elite    257.5 · median     40.9 · years  81.0 · road 0.50 · starved  1923 · nobles  +1.4 · read  0.7 · walls  6.4 · fell 49.5% (mother 27.0%) · prince 29.0% · king 11.9% · crowned  5.7% (median year 93) · 8.7s
try  8 · gen  275 · best    527.5 · elite    221.6 · median     15.6 · years  79.8 · road 0.45 · starved  1791 · nobles  -3.6 · read  3.0 · walls  5.1 · fell 48.3% (mother 31.7%) · prince 28.7% · king  6.6% · crowned  3.4% (median year 72) · 8.7s
try  1 · gen  276 · best    408.1 · elite    216.4 · median     30.6 · years  86.6 · road 0.51 · starved  1754 · nobles  -7.1 · read  1.1 · walls  6.7 · fell 29.5% (mother 16.6%) · prince 15.6% · king  4.0% · crowned  3.0% (median year 71) · 8.9s
try  2 · gen  276 · best    404.1 · elite    231.5 · median     32.1 · years  85.9 · road 0.52 · starved  1850 · nobles  -5.1 · read  0.0 · walls  6.6 · fell 35.0% (mother 20.5%) · prince 21.5% · king  4.8% · crowned  3.4% (median year 69) · 8.9s
try  3 · gen  276 · best    161.8 · elite    120.9 · median     53.1 · years  85.0 · road 0.58 · starved   882 · nobles -17.2 · read  4.0 · walls  6.9 · fell 37.7% (mother 13.6%) · prince  0.0% · king  0.0% · crowned  0.0% · 8.9s
try  4 · gen  276 · best    184.6 · elite    126.7 · median     55.1 · years  85.2 · road 0.57 · starved   792 · nobles -17.3 · read  9.1 · walls  8.0 · fell 38.4% (mother 14.3%) · prince  0.0% · king  0.0% · crowned  0.0% · 8.9s
try  5 · gen  276 · best    177.6 · elite    125.2 · median     54.4 · years  84.6 · road 0.58 · starved   860 · nobles -17.1 · read  4.6 · walls  7.6 · fell 37.8% (mother 13.6%) · prince  0.0% · king  0.0% · crowned  0.0% · 8.9s
try  6 · gen  276 · best    384.7 · elite    218.0 · median     32.1 · years  81.5 · road 0.50 · starved  1856 · nobles  -1.9 · read  1.0 · walls  6.8 · fell 48.0% (mother 31.5%) · prince 32.1% · king  8.2% · crowned  3.2% (median year 76) · 8.9s
try  7 · gen  276 · best    615.4 · elite    255.3 · median     39.1 · years  80.6 · road 0.50 · starved  1896 · nobles  +1.7 · read  0.7 · walls  6.4 · fell 48.3% (mother 26.0%) · prince 27.3% · king 11.7% · crowned  5.8% (median year 91) · 8.9s
try  8 · gen  276 · best    471.1 · elite    215.4 · median     11.4 · years  80.7 · road 0.45 · starved  1803 · nobles  -3.8 · read  3.2 · walls  5.1 · fell 45.7% (mother 30.3%) · prince 27.5% · king  6.4% · crowned  3.2% (median year 73) · 8.9s
try  1 · gen  277 · best    407.5 · elite    220.7 · median     28.6 · years  86.3 · road 0.52 · starved  1772 · nobles  -7.0 · read  0.8 · walls  6.8 · fell 31.0% (mother 17.5%) · prince 16.2% · king  4.5% · crowned  3.2% (median year 69) · 8.6s
try  2 · gen  277 · best    486.8 · elite    222.6 · median     29.8 · years  84.2 · road 0.52 · starved  1856 · nobles  -5.0 · read  0.0 · walls  6.4 · fell 37.3% (mother 20.7%) · prince 22.1% · king  5.1% · crowned  3.4% (median year 70) · 8.6s
try  3 · gen  277 · best    158.4 · elite    120.6 · median     49.3 · years  84.4 · road 0.57 · starved   902 · nobles -17.0 · read  3.6 · walls  6.9 · fell 37.2% (mother 12.4%) · prince  0.0% · king  0.0% · crowned  0.0% · 8.6s
try  4 · gen  277 · best    176.7 · elite    128.4 · median     54.0 · years  84.7 · road 0.57 · starved   803 · nobles -17.1 · read  9.9 · walls  8.0 · fell 38.5% (mother 15.3%) · prince  0.0% · king  0.0% · crowned  0.0% · 8.6s
try  5 · gen  277 · best    169.8 · elite    123.0 · median     51.2 · years  84.7 · road 0.58 · starved   896 · nobles -17.2 · read  3.9 · walls  7.7 · fell 39.2% (mother 14.0%) · prince  0.0% · king  0.0% · crowned  0.0% · 8.6s
try  6 · gen  277 · best    438.9 · elite    224.2 · median     36.4 · years  81.1 · road 0.50 · starved  1861 · nobles  -1.7 · read  0.5 · walls  6.8 · fell 50.0% (mother 32.5%) · prince 34.6% · king  9.2% · crowned  3.5% (median year 80) · 8.6s
try  7 · gen  277 · best    526.0 · elite    247.9 · median     40.8 · years  80.9 · road 0.50 · starved  1903 · nobles  +1.4 · read  0.7 · walls  6.4 · fell 48.9% (mother 25.7%) · prince 27.1% · king 11.9% · crowned  5.6% (median year 89) · 8.6s
try  8 · gen  277 · best    397.2 · elite    206.9 · median     16.0 · years  81.1 · road 0.45 · starved  1812 · nobles  -4.0 · read  3.0 · walls  5.2 · fell 46.2% (mother 31.7%) · prince 27.3% · king  6.4% · crowned  3.0% (median year 73) · 8.6s
try  1 · gen  278 · best    521.5 · elite    228.6 · median     30.8 · years  84.9 · road 0.51 · starved  1770 · nobles  -6.5 · read  1.0 · walls  6.7 · fell 33.4% (mother 19.1%) · prince 18.7% · king  5.1% · crowned  3.5% (median year 70) · 8.7s
try  2 · gen  278 · best    490.3 · elite    216.3 · median     29.6 · years  83.9 · road 0.52 · starved  1837 · nobles  -4.6 · read  0.0 · walls  6.3 · fell 37.0% (mother 20.1%) · prince 21.9% · king  4.7% · crowned  3.2% (median year 70) · 8.7s
try  3 · gen  278 · best    169.6 · elite    121.2 · median     48.2 · years  84.1 · road 0.57 · starved   890 · nobles -17.0 · read  3.3 · walls  6.9 · fell 38.4% (mother 12.9%) · prince  0.0% · king  0.0% · crowned  0.0% · 8.7s
try  4 · gen  278 · best    172.6 · elite    124.1 · median     51.5 · years  84.4 · road 0.57 · starved   805 · nobles -17.2 · read 10.8 · walls  8.1 · fell 40.7% (mother 15.8%) · prince  0.0% · king  0.0% · crowned  0.0% · 8.7s
try  5 · gen  278 · best    161.4 · elite    126.6 · median     52.1 · years  84.0 · road 0.58 · starved   887 · nobles -17.0 · read  3.6 · walls  7.7 · fell 39.4% (mother 15.0%) · prince  0.0% · king  0.0% · crowned  0.0% · 8.7s
try  6 · gen  278 · best    514.5 · elite    243.9 · median     38.3 · years  81.2 · road 0.50 · starved  1856 · nobles  -1.6 · read  0.6 · walls  6.9 · fell 49.4% (mother 31.8%) · prince 33.1% · king 10.5% · crowned  3.8% (median year 78) · 8.7s
try  7 · gen  278 · best    478.4 · elite    247.2 · median     44.4 · years  82.7 · road 0.51 · starved  1911 · nobles  +1.7 · read  0.8 · walls  6.5 · fell 47.2% (mother 26.8%) · prince 28.6% · king 11.9% · crowned  5.6% (median year 93) · 8.7s
try  8 · gen  278 · best    436.4 · elite    222.5 · median     12.7 · years  79.6 · road 0.44 · starved  1794 · nobles  -3.6 · read  3.3 · walls  5.0 · fell 45.6% (mother 29.5%) · prince 27.2% · king  6.6% · crowned  3.9% (median year 72) · 8.7s
try  1 · gen  279 · best    447.2 · elite    216.1 · median     28.5 · years  85.3 · road 0.51 · starved  1784 · nobles  -6.6 · read  1.0 · walls  6.7 · fell 34.8% (mother 20.8%) · prince 18.3% · king  4.1% · crowned  2.8% (median year 70) · 8.6s
try  2 · gen  279 · best    626.7 · elite    230.3 · median     29.6 · years  84.9 · road 0.52 · starved  1851 · nobles  -4.9 · read  0.0 · walls  6.4 · fell 37.4% (mother 21.9%) · prince 22.8% · king  4.7% · crowned  3.0% (median year 68) · 8.6s
try  3 · gen  279 · best    163.8 · elite    120.2 · median     49.0 · years  83.5 · road 0.57 · starved   894 · nobles -16.9 · read  2.4 · walls  6.9 · fell 38.9% (mother 13.5%) · prince  0.0% · king  0.0% · crowned  0.0% · 8.6s
try  4 · gen  279 · best    191.1 · elite    127.1 · median     53.8 · years  83.7 · road 0.56 · starved   759 · nobles -17.1 · read 10.1 · walls  8.1 · fell 41.4% (mother 16.0%) · prince  0.0% · king  0.0% · crowned  0.0% · 8.6s
try  5 · gen  279 · best    169.1 · elite    122.1 · median     51.8 · years  83.2 · road 0.58 · starved   866 · nobles -17.0 · read  3.5 · walls  7.7 · fell 41.6% (mother 16.1%) · prince  0.0% · king  0.0% · crowned  0.0% · 8.6s
try  6 · gen  279 · best    504.5 · elite    233.5 · median     36.7 · years  80.4 · road 0.50 · starved  1839 · nobles  -1.5 · read  0.4 · walls  6.8 · fell 49.9% (mother 31.4%) · prince 33.9% · king  9.6% · crowned  3.6% (median year 79) · 8.6s
try  7 · gen  279 · best    495.1 · elite    242.4 · median     32.8 · years  80.7 · road 0.50 · starved  1895 · nobles  +1.6 · read  0.9 · walls  6.3 · fell 48.5% (mother 26.7%) · prince 25.9% · king 10.9% · crowned  5.3% (median year 92) · 8.6s
try  8 · gen  279 · best    437.3 · elite    217.7 · median     14.0 · years  80.9 · road 0.45 · starved  1810 · nobles  -3.8 · read  2.8 · walls  5.1 · fell 45.1% (mother 30.0%) · prince 27.5% · king  6.3% · crowned  3.2% (median year 71) · 8.6s
try  1 · gen  280 · best    380.2 · elite    228.6 · median     29.9 · years  86.0 · road 0.52 · starved  1766 · nobles  -6.4 · read  1.2 · walls  6.8 · fell 32.2% (mother 18.6%) · prince 18.0% · king  4.4% · crowned  3.4% (median year 70) · 8.6s
try  2 · gen  280 · best    370.6 · elite    207.1 · median     28.4 · years  85.8 · road 0.52 · starved  1848 · nobles  -5.0 · read  0.0 · walls  6.4 · fell 35.8% (mother 20.8%) · prince 21.0% · king  4.2% · crowned  2.7% (median year 68) · 8.6s
try  3 · gen  280 · best    172.1 · elite    119.1 · median     52.7 · years  84.7 · road 0.58 · starved   894 · nobles -17.0 · read  2.7 · walls  6.9 · fell 37.2% (mother 12.9%) · prince  0.0% · king  0.0% · crowned  0.0% · 8.6s
try  4 · gen  280 · best    163.3 · elite    126.7 · median     53.3 · years  84.0 · road 0.56 · starved   779 · nobles -17.1 · read 10.9 · walls  8.0 · fell 39.5% (mother 14.9%) · prince  0.0% · king  0.0% · crowned  0.0% · 8.6s
try  5 · gen  280 · best    168.3 · elite    121.8 · median     52.8 · years  83.4 · road 0.58 · starved   876 · nobles -17.0 · read  4.2 · walls  7.7 · fell 40.7% (mother 15.4%) · prince  0.0% · king  0.0% · crowned  0.0% · 8.6s
try  6 · gen  280 · best    332.3 · elite    213.3 · median     36.4 · years  80.7 · road 0.50 · starved  1847 · nobles  -1.7 · read  0.9 · walls  6.9 · fell 49.3% (mother 31.8%) · prince 33.0% · king  9.2% · crowned  3.3% (median year 78) · 8.6s
try  7 · gen  280 · best    508.3 · elite    252.2 · median     33.5 · years  81.1 · road 0.50 · starved  1869 · nobles  +1.8 · read  0.7 · walls  6.3 · fell 45.3% (mother 22.9%) · prince 24.3% · king 10.1% · crowned  5.4% (median year 89) · 8.6s
try  8 · gen  280 · best    517.0 · elite    224.6 · median     11.3 · years  80.6 · road 0.45 · starved  1828 · nobles  -3.6 · read  3.8 · walls  5.1 · fell 47.5% (mother 31.4%) · prince 29.2% · king  6.4% · crowned  3.3% (median year 71) · 8.6s
try  1 · gen  281 · best    452.2 · elite    206.8 · median     27.1 · years  85.5 · road 0.51 · starved  1755 · nobles  -6.5 · read  0.9 · walls  6.7 · fell 31.0% (mother 16.8%) · prince 16.9% · king  4.1% · crowned  3.0% (median year 70) · 8.6s
try  2 · gen  281 · best    424.9 · elite    222.9 · median     26.7 · years  84.2 · road 0.52 · starved  1845 · nobles  -4.8 · read  0.0 · walls  6.3 · fell 38.0% (mother 21.2%) · prince 21.8% · king  4.8% · crowned  3.2% (median year 69) · 8.6s
try  3 · gen  281 · best    173.9 · elite    118.6 · median     49.1 · years  83.8 · road 0.58 · starved   903 · nobles -17.1 · read  3.8 · walls  7.0 · fell 39.7% (mother 14.1%) · prince  0.0% · king  0.0% · crowned  0.0% · 8.6s
try  4 · gen  281 · best    183.5 · elite    122.6 · median     55.1 · years  85.5 · road 0.57 · starved   813 · nobles -17.3 · read 11.2 · walls  8.0 · fell 38.4% (mother 14.2%) · prince  0.0% · king  0.0% · crowned  0.0% · 8.6s
try  5 · gen  281 · best    162.6 · elite    123.3 · median     52.8 · years  84.0 · road 0.58 · starved   893 · nobles -17.1 · read  4.3 · walls  7.7 · fell 39.5% (mother 14.6%) · prince  0.0% · king  0.0% · crowned  0.0% · 8.6s
try  6 · gen  281 · best    378.0 · elite    227.9 · median     30.2 · years  79.7 · road 0.49 · starved  1827 · nobles  -1.5 · read  1.0 · walls  6.7 · fell 48.0% (mother 29.6%) · prince 31.9% · king  8.4% · crowned  3.4% (median year 76) · 8.6s
try  7 · gen  281 · best    542.4 · elite    251.9 · median     38.3 · years  82.0 · road 0.50 · starved  1898 · nobles  +1.5 · read  0.7 · walls  6.3 · fell 45.1% (mother 25.2%) · prince 25.7% · king 11.1% · crowned  5.2% (median year 92) · 8.6s
try  8 · gen  281 · best    411.9 · elite    215.5 · median     12.0 · years  81.3 · road 0.45 · starved  1812 · nobles  -3.8 · read  5.5 · walls  5.2 · fell 46.4% (mother 29.2%) · prince 28.0% · king  6.1% · crowned  3.3% (median year 71) · 8.6s
try  1 · gen  282 · best    376.6 · elite    228.2 · median     27.1 · years  86.0 · road 0.51 · starved  1753 · nobles  -6.6 · read  0.8 · walls  6.7 · fell 30.8% (mother 17.4%) · prince 16.5% · king  4.3% · crowned  3.3% (median year 71) · 8.6s
try  2 · gen  282 · best    531.7 · elite    229.8 · median     30.7 · years  85.4 · road 0.52 · starved  1842 · nobles  -4.7 · read  0.0 · walls  6.4 · fell 35.7% (mother 20.2%) · prince 22.0% · king  4.8% · crowned  3.2% (median year 70) · 8.6s
try  3 · gen  282 · best    180.5 · elite    122.1 · median     49.2 · years  84.7 · road 0.58 · starved   925 · nobles -17.2 · read  3.6 · walls  7.0 · fell 38.6% (mother 14.0%) · prince  0.0% · king  0.0% · crowned  0.0% · 8.6s
try  4 · gen  282 · best    171.0 · elite    127.4 · median     53.9 · years  85.5 · road 0.57 · starved   808 · nobles -17.2 · read 10.6 · walls  8.0 · fell 38.3% (mother 14.5%) · prince  0.0% · king  0.0% · crowned  0.0% · 8.6s
try  5 · gen  282 · best    167.7 · elite    121.6 · median     54.0 · years  84.7 · road 0.58 · starved   897 · nobles -17.1 · read  3.2 · walls  7.6 · fell 37.6% (mother 12.9%) · prince  0.0% · king  0.0% · crowned  0.0% · 8.6s
try  6 · gen  282 · best    408.1 · elite    227.7 · median     32.0 · years  82.0 · road 0.50 · starved  1820 · nobles  -1.4 · read  1.1 · walls  6.9 · fell 45.4% (mother 28.9%) · prince 33.8% · king  8.4% · crowned  3.0% (median year 78) · 8.6s
try  7 · gen  282 · best    395.7 · elite    247.5 · median     37.0 · years  81.0 · road 0.50 · starved  1874 · nobles  +1.6 · read  0.6 · walls  6.3 · fell 44.7% (mother 23.5%) · prince 24.2% · king 10.0% · crowned  5.1% (median year 89) · 8.6s
try  8 · gen  282 · best    552.4 · elite    232.0 · median     18.9 · years  81.7 · road 0.45 · starved  1826 · nobles  -3.7 · read  4.5 · walls  5.3 · fell 46.4% (mother 30.3%) · prince 29.6% · king  6.8% · crowned  3.7% (median year 70) · 8.6s
try  1 · gen  283 · best    376.1 · elite    222.0 · median     30.6 · years  86.1 · road 0.52 · starved  1766 · nobles  -6.7 · read  0.8 · walls  6.7 · fell 30.9% (mother 17.4%) · prince 16.6% · king  4.2% · crowned  3.2% (median year 71) · 8.6s
try  2 · gen  283 · best    405.1 · elite    235.6 · median     30.6 · years  83.8 · road 0.52 · starved  1850 · nobles  -4.2 · read  0.0 · walls  6.3 · fell 38.6% (mother 21.5%) · prince 23.6% · king  5.0% · crowned  3.6% (median year 70) · 8.6s
try  3 · gen  283 · best    172.0 · elite    119.0 · median     47.6 · years  84.1 · road 0.58 · starved   939 · nobles -16.9 · read  3.4 · walls  7.0 · fell 37.3% (mother 12.2%) · prince  0.0% · king  0.0% · crowned  0.0% · 8.6s
try  4 · gen  283 · best    164.7 · elite    119.5 · median     54.8 · years  85.0 · road 0.57 · starved   786 · nobles -17.2 · read 10.3 · walls  8.0 · fell 37.5% (mother 13.0%) · prince  0.0% · king  0.0% · crowned  0.0% · 8.6s
try  5 · gen  283 · best    160.3 · elite    123.2 · median     53.0 · years  85.4 · road 0.59 · starved   918 · nobles -17.4 · read  3.7 · walls  7.7 · fell 38.6% (mother 14.8%) · prince  0.0% · king  0.0% · crowned  0.0% · 8.6s
try  6 · gen  283 · best    441.8 · elite    235.0 · median     34.3 · years  80.4 · road 0.49 · starved  1821 · nobles  -1.5 · read  1.0 · walls  6.9 · fell 48.0% (mother 29.8%) · prince 33.3% · king  8.8% · crowned  3.7% (median year 80) · 8.6s
try  7 · gen  283 · best    529.3 · elite    243.9 · median     28.3 · years  80.8 · road 0.50 · starved  1869 · nobles  +1.4 · read  0.6 · walls  6.3 · fell 44.7% (mother 23.5%) · prince 23.5% · king  9.6% · crowned  4.8% (median year 88) · 8.6s
try  8 · gen  283 · best    455.6 · elite    210.3 · median     15.2 · years  81.6 · road 0.45 · starved  1818 · nobles  -4.0 · read  4.5 · walls  5.2 · fell 45.9% (mother 30.2%) · prince 28.6% · king  6.3% · crowned  3.1% (median year 71) · 8.6s
try  1 · gen  284 · best    584.4 · elite    219.3 · median     28.5 · years  85.1 · road 0.51 · starved  1774 · nobles  -6.4 · read  0.7 · walls  6.7 · fell 31.9% (mother 17.8%) · prince 17.5% · king  4.7% · crowned  3.3% (median year 72) · 8.5s
try  2 · gen  284 · best    419.8 · elite    239.8 · median     25.1 · years  83.2 · road 0.52 · starved  1828 · nobles  -4.7 · read  0.0 · walls  6.3 · fell 38.3% (mother 20.5%) · prince 21.4% · king  5.1% · crowned  3.6% (median year 69) · 8.5s
try  3 · gen  284 · best    163.8 · elite    119.3 · median     48.2 · years  83.9 · road 0.58 · starved   927 · nobles -16.9 · read  2.8 · walls  6.9 · fell 38.2% (mother 13.6%) · prince  0.0% · king  0.0% · crowned  0.0% · 8.5s
try  4 · gen  284 · best    167.4 · elite    120.3 · median     55.7 · years  84.8 · road 0.57 · starved   795 · nobles -17.1 · read 10.5 · walls  8.0 · fell 38.5% (mother 13.6%) · prince  0.0% · king  0.0% · crowned  0.0% · 8.5s
try  5 · gen  284 · best    165.3 · elite    123.9 · median     52.3 · years  84.9 · road 0.59 · starved   926 · nobles -17.4 · read  3.1 · walls  7.7 · fell 38.5% (mother 14.6%) · prince  0.0% · king  0.0% · crowned  0.0% · 8.5s
try  6 · gen  284 · best    378.0 · elite    209.5 · median     34.7 · years  78.5 · road 0.49 · starved  1792 · nobles  -1.3 · read  0.6 · walls  6.7 · fell 48.7% (mother 29.6%) · prince 32.8% · king  9.1% · crowned  3.3% (median year 75) · 8.5s
try  7 · gen  284 · best    397.1 · elite    254.3 · median     36.3 · years  81.0 · road 0.50 · starved  1885 · nobles  +1.6 · read  0.7 · walls  6.4 · fell 45.7% (mother 24.6%) · prince 25.5% · king 10.9% · crowned  5.5% (median year 91) · 8.5s
try  8 · gen  284 · best    381.9 · elite    212.5 · median     18.2 · years  82.2 · road 0.45 · starved  1826 · nobles  -4.0 · read  3.8 · walls  5.3 · fell 46.4% (mother 31.5%) · prince 29.9% · king  6.6% · crowned  3.3% (median year 71) · 8.5s
try  1 · gen  285 · best    517.3 · elite    231.4 · median     32.6 · years  85.6 · road 0.52 · starved  1731 · nobles  -6.3 · read  0.7 · walls  6.8 · fell 31.0% (mother 16.9%) · prince 17.5% · king  4.6% · crowned  3.4% (median year 70) · 8.2s
try  2 · gen  285 · best    523.9 · elite    221.3 · median     26.9 · years  84.1 · road 0.52 · starved  1854 · nobles  -5.1 · read  0.0 · walls  6.3 · fell 37.3% (mother 20.5%) · prince 21.2% · king  4.7% · crowned  3.2% (median year 69) · 8.2s
try  3 · gen  285 · best    189.1 · elite    118.6 · median     50.9 · years  85.0 · road 0.58 · starved   934 · nobles -17.1 · read  2.1 · walls  7.0 · fell 37.3% (mother 13.2%) · prince  0.0% · king  0.0% · crowned  0.0% · 8.2s
try  4 · gen  285 · best    179.7 · elite    124.9 · median     54.4 · years  84.3 · road 0.56 · starved   787 · nobles -16.9 · read 11.2 · walls  8.0 · fell 37.5% (mother 12.9%) · prince  0.0% · king  0.0% · crowned  0.0% · 8.2s
try  5 · gen  285 · best    167.0 · elite    124.4 · median     53.1 · years  83.5 · road 0.58 · starved   871 · nobles -16.8 · read  2.7 · walls  7.7 · fell 38.7% (mother 13.7%) · prince  0.0% · king  0.0% · crowned  0.0% · 8.2s
try  6 · gen  285 · best    441.7 · elite    215.1 · median     33.8 · years  80.4 · road 0.49 · starved  1819 · nobles  -1.4 · read  0.8 · walls  6.7 · fell 48.1% (mother 30.3%) · prince 33.0% · king  9.1% · crowned  3.2% (median year 81) · 8.2s
try  7 · gen  285 · best    536.7 · elite    252.9 · median     33.8 · years  80.3 · road 0.50 · starved  1880 · nobles  +1.5 · read  0.5 · walls  6.3 · fell 46.4% (mother 24.6%) · prince 25.5% · king 10.0% · crowned  5.4% (median year 90) · 8.2s
try  8 · gen  285 · best    528.3 · elite    217.4 · median     13.7 · years  81.6 · road 0.45 · starved  1820 · nobles  -4.1 · read  4.3 · walls  5.2 · fell 46.3% (mother 30.7%) · prince 29.7% · king  6.2% · crowned  3.1% (median year 70) · 8.2s
try  1 · gen  286 · best    465.4 · elite    228.0 · median     35.2 · years  85.4 · road 0.52 · starved  1746 · nobles  -6.4 · read  0.8 · walls  6.8 · fell 32.3% (mother 18.5%) · prince 18.5% · king  4.7% · crowned  3.4% (median year 69) · 8.5s
try  2 · gen  286 · best    335.9 · elite    210.1 · median     30.5 · years  85.4 · road 0.52 · starved  1838 · nobles  -5.2 · read  0.0 · walls  6.4 · fell 34.8% (mother 19.2%) · prince 20.2% · king  4.1% · crowned  2.9% (median year 70) · 8.5s
try  3 · gen  286 · best    168.6 · elite    117.0 · median     51.7 · years  85.1 · road 0.58 · starved   945 · nobles -17.2 · read  2.0 · walls  6.9 · fell 36.1% (mother 12.2%) · prince  0.0% · king  0.0% · crowned  0.0% · 8.5s
try  4 · gen  286 · best    179.4 · elite    125.2 · median     55.1 · years  84.6 · road 0.57 · starved   780 · nobles -17.2 · read 11.2 · walls  8.0 · fell 38.5% (mother 13.5%) · prince  0.0% · king  0.0% · crowned  0.0% · 8.5s
try  5 · gen  286 · best    163.2 · elite    122.6 · median     52.6 · years  84.7 · road 0.58 · starved   889 · nobles -17.3 · read  2.2 · walls  7.6 · fell 38.2% (mother 13.6%) · prince  0.0% · king  0.0% · crowned  0.0% · 8.5s
try  6 · gen  286 · best    495.3 · elite    224.5 · median     39.1 · years  81.6 · road 0.50 · starved  1838 · nobles  -1.4 · read  1.0 · walls  6.8 · fell 46.8% (mother 30.5%) · prince 32.9% · king  9.3% · crowned  3.6% (median year 82) · 8.5s
try  7 · gen  286 · best    505.3 · elite    236.4 · median     29.1 · years  80.6 · road 0.50 · starved  1886 · nobles  +1.2 · read  0.7 · walls  6.3 · fell 46.8% (mother 24.4%) · prince 25.1% · king 10.2% · crowned  4.7% (median year 89) · 8.5s
try  8 · gen  286 · best    420.3 · elite    217.3 · median     17.7 · years  80.7 · road 0.45 · starved  1827 · nobles  -3.9 · read  3.9 · walls  5.2 · fell 47.5% (mother 31.5%) · prince 29.4% · king  6.9% · crowned  3.5% (median year 70) · 8.5s
try  1 · gen  287 · best    404.1 · elite    230.4 · median     30.6 · years  85.2 · road 0.51 · starved  1751 · nobles  -6.5 · read  0.8 · walls  6.7 · fell 31.9% (mother 17.7%) · prince 18.0% · king  4.8% · crowned  3.5% (median year 72) · 8.3s
try  2 · gen  287 · best    495.0 · elite    231.3 · median     29.5 · years  85.9 · road 0.52 · starved  1826 · nobles  -5.4 · read  0.0 · walls  6.3 · fell 33.2% (mother 18.0%) · prince 18.7% · king  4.7% · crowned  3.2% (median year 71) · 8.3s
try  3 · gen  287 · best    160.3 · elite    119.8 · median     48.5 · years  84.3 · road 0.58 · starved   925 · nobles -17.0 · read  1.9 · walls  6.9 · fell 37.3% (mother 12.9%) · prince  0.0% · king  0.0% · crowned  0.0% · 8.3s
try  4 · gen  287 · best    171.5 · elite    122.1 · median     55.2 · years  84.7 · road 0.57 · starved   796 · nobles -17.2 · read 10.8 · walls  8.1 · fell 39.3% (mother 14.7%) · prince  0.0% · king  0.0% · crowned  0.0% · 8.3s
try  5 · gen  287 · best    168.8 · elite    124.1 · median     51.7 · years  83.9 · road 0.58 · starved   872 · nobles -17.0 · read  2.7 · walls  7.6 · fell 38.0% (mother 12.7%) · prince  0.0% · king  0.0% · crowned  0.0% · 8.3s
try  6 · gen  287 · best    492.6 · elite    232.0 · median     32.3 · years  78.8 · road 0.49 · starved  1810 · nobles  -1.4 · read  0.6 · walls  6.7 · fell 49.6% (mother 31.0%) · prince 32.5% · king  9.5% · crowned  3.6% (median year 80) · 8.3s
try  7 · gen  287 · best    567.5 · elite    242.3 · median     35.8 · years  82.2 · road 0.50 · starved  1882 · nobles  +1.5 · read  0.7 · walls  6.5 · fell 45.1% (mother 23.9%) · prince 26.1% · king  9.7% · crowned  4.8% (median year 89) · 8.3s
try  8 · gen  287 · best    351.7 · elite    200.5 · median     16.8 · years  82.1 · road 0.45 · starved  1837 · nobles  -4.3 · read  3.6 · walls  5.3 · fell 45.9% (mother 31.0%) · prince 29.3% · king  6.0% · crowned  3.0% (median year 72) · 8.3s
try  1 · gen  288 · best    510.8 · elite    236.7 · median     30.4 · years  85.4 · road 0.52 · starved  1754 · nobles  -6.4 · read  0.9 · walls  6.7 · fell 31.2% (mother 17.5%) · prince 16.1% · king  4.8% · crowned  3.6% (median year 71) · 8.6s
try  2 · gen  288 · best    416.5 · elite    227.0 · median     27.8 · years  85.8 · road 0.52 · starved  1829 · nobles  -5.4 · read  0.0 · walls  6.3 · fell 33.0% (mother 17.6%) · prince 18.5% · king  4.5% · crowned  3.3% (median year 70) · 8.6s
try  3 · gen  288 · best    172.1 · elite    116.1 · median     49.9 · years  84.0 · road 0.58 · starved   936 · nobles -17.0 · read  1.8 · walls  6.9 · fell 38.3% (mother 13.2%) · prince  0.0% · king  0.0% · crowned  0.0% · 8.6s
try  4 · gen  288 · best    181.4 · elite    126.4 · median     57.1 · years  85.1 · road 0.57 · starved   774 · nobles -17.3 · read  9.5 · walls  8.0 · fell 38.9% (mother 15.0%) · prince  0.0% · king  0.0% · crowned  0.0% · 8.6s
try  5 · gen  288 · best    160.8 · elite    122.4 · median     53.9 · years  84.0 · road 0.58 · starved   891 · nobles -17.2 · read  3.0 · walls  7.6 · fell 38.4% (mother 13.6%) · prince  0.0% · king  0.0% · crowned  0.0% · 8.6s
try  6 · gen  288 · best    439.1 · elite    222.4 · median     29.4 · years  80.9 · road 0.49 · starved  1818 · nobles  -1.5 · read  0.6 · walls  6.8 · fell 45.6% (mother 28.9%) · prince 32.6% · king  8.4% · crowned  3.0% (median year 76) · 8.6s
try  7 · gen  288 · best    456.5 · elite    259.1 · median     41.6 · years  82.4 · road 0.51 · starved  1924 · nobles  +1.7 · read  0.6 · walls  6.6 · fell 46.8% (mother 25.7%) · prince 27.9% · king 11.2% · crowned  5.3% (median year 92) · 8.6s
try  8 · gen  288 · best    374.5 · elite    228.6 · median     20.4 · years  82.0 · road 0.45 · starved  1810 · nobles  -4.2 · read  3.3 · walls  5.3 · fell 44.6% (mother 29.7%) · prince 28.1% · king  6.7% · crowned  3.9% (median year 72) · 8.6s
try  1 · gen  289 · best    422.2 · elite    222.6 · median     34.5 · years  86.0 · road 0.52 · starved  1743 · nobles  -6.3 · read  1.0 · walls  6.7 · fell 30.1% (mother 16.5%) · prince 17.7% · king  4.7% · crowned  3.7% (median year 71) · 8.5s
try  2 · gen  289 · best    412.0 · elite    229.1 · median     28.5 · years  84.3 · road 0.52 · starved  1836 · nobles  -5.1 · read  0.0 · walls  6.2 · fell 35.7% (mother 19.2%) · prince 18.4% · king  5.0% · crowned  3.7% (median year 72) · 8.5s
try  3 · gen  289 · best    167.3 · elite    123.7 · median     51.7 · years  84.5 · road 0.58 · starved   912 · nobles -17.3 · read  1.5 · walls  7.0 · fell 39.5% (mother 14.4%) · prince  0.0% · king  0.0% · crowned  0.0% · 8.5s
try  4 · gen  289 · best    159.5 · elite    124.6 · median     55.8 · years  84.5 · road 0.57 · starved   782 · nobles -17.2 · read  9.6 · walls  8.0 · fell 39.3% (mother 14.8%) · prince  0.0% · king  0.0% · crowned  0.0% · 8.5s
try  5 · gen  289 · best    159.8 · elite    123.6 · median     53.6 · years  83.5 · road 0.58 · starved   868 · nobles -17.0 · read  3.8 · walls  7.6 · fell 39.7% (mother 13.9%) · prince  0.0% · king  0.0% · crowned  0.0% · 8.5s
try  6 · gen  289 · best    506.3 · elite    213.1 · median     34.7 · years  81.1 · road 0.49 · starved  1821 · nobles  -1.4 · read  1.1 · walls  6.8 · fell 47.0% (mother 29.9%) · prince 33.1% · king  8.6% · crowned  3.2% (median year 77) · 8.5s
try  7 · gen  289 · best    429.8 · elite    239.1 · median     37.8 · years  81.8 · road 0.51 · starved  1880 · nobles  +1.2 · read  0.8 · walls  6.5 · fell 45.0% (mother 23.2%) · prince 26.5% · king 10.4% · crowned  5.0% (median year 88) · 8.5s
try  8 · gen  289 · best    400.1 · elite    208.2 · median     14.1 · years  81.3 · road 0.45 · starved  1834 · nobles  -4.5 · read  3.5 · walls  5.2 · fell 45.2% (mother 29.0%) · prince 27.5% · king  5.9% · crowned  3.1% (median year 72) · 8.5s
try  1 · gen  290 · best    406.5 · elite    228.2 · median     28.9 · years  86.0 · road 0.52 · starved  1748 · nobles  -6.4 · read  1.2 · walls  6.8 · fell 30.4% (mother 17.2%) · prince 17.0% · king  4.4% · crowned  3.4% (median year 71) · 8.8s
try  2 · gen  290 · best    389.7 · elite    225.2 · median     25.7 · years  85.1 · road 0.52 · starved  1838 · nobles  -5.7 · read  0.0 · walls  6.2 · fell 32.7% (mother 17.4%) · prince 17.0% · king  4.6% · crowned  3.3% (median year 71) · 8.8s
try  3 · gen  290 · best    162.8 · elite    121.7 · median     49.8 · years  84.2 · road 0.58 · starved   925 · nobles -17.2 · read  2.2 · walls  7.0 · fell 39.0% (mother 14.8%) · prince  0.0% · king  0.0% · crowned  0.0% · 8.8s
try  4 · gen  290 · best    163.9 · elite    122.6 · median     52.9 · years  83.5 · road 0.56 · starved   768 · nobles -16.9 · read 11.3 · walls  8.0 · fell 40.0% (mother 13.6%) · prince  0.0% · king  0.0% · crowned  0.0% · 8.8s
try  5 · gen  290 · best    197.0 · elite    121.2 · median     51.3 · years  83.6 · road 0.58 · starved   895 · nobles -17.0 · read  3.5 · walls  7.6 · fell 39.2% (mother 13.6%) · prince  0.0% · king  0.0% · crowned  0.0% · 8.8s
try  6 · gen  290 · best    484.3 · elite    227.5 · median     37.1 · years  81.3 · road 0.49 · starved  1810 · nobles  -1.1 · read  0.8 · walls  6.8 · fell 46.1% (mother 29.6%) · prince 33.5% · king  9.0% · crowned  3.4% (median year 80) · 8.8s
try  7 · gen  290 · best    469.3 · elite    252.8 · median     38.0 · years  82.1 · road 0.51 · starved  1914 · nobles  +1.5 · read  0.5 · walls  6.6 · fell 46.6% (mother 25.5%) · prince 27.9% · king 10.9% · crowned  5.5% (median year 94) · 8.8s
try  8 · gen  290 · best    471.9 · elite    204.3 · median     19.2 · years  81.4 · road 0.45 · starved  1817 · nobles  -4.2 · read  2.7 · walls  5.2 · fell 45.5% (mother 28.9%) · prince 28.4% · king  6.2% · crowned  3.5% (median year 72) · 8.8s
try  1 · gen  291 · best    499.3 · elite    222.4 · median     32.4 · years  86.0 · road 0.52 · starved  1752 · nobles  -6.3 · read  1.3 · walls  6.8 · fell 30.3% (mother 17.3%) · prince 18.0% · king  4.5% · crowned  3.6% (median year 71) · 8.6s
try  2 · gen  291 · best    531.4 · elite    226.0 · median     28.7 · years  84.9 · road 0.52 · starved  1837 · nobles  -5.8 · read  0.0 · walls  6.2 · fell 33.9% (mother 18.1%) · prince 17.3% · king  4.6% · crowned  3.2% (median year 70) · 8.6s
try  3 · gen  291 · best    172.5 · elite    121.6 · median     49.0 · years  84.1 · road 0.58 · starved   942 · nobles -17.1 · read  2.0 · walls  7.1 · fell 40.3% (mother 16.5%) · prince  0.0% · king  0.0% · crowned  0.0% · 8.6s
try  4 · gen  291 · best    166.2 · elite    125.5 · median     54.4 · years  84.9 · road 0.57 · starved   784 · nobles -17.2 · read 11.8 · walls  8.0 · fell 39.2% (mother 15.0%) · prince  0.0% · king  0.0% · crowned  0.0% · 8.6s
try  5 · gen  291 · best    184.9 · elite    123.9 · median     50.5 · years  84.0 · road 0.58 · starved   889 · nobles -17.0 · read  3.3 · walls  7.6 · fell 38.2% (mother 12.6%) · prince  0.0% · king  0.0% · crowned  0.0% · 8.6s
try  6 · gen  291 · best    471.5 · elite    217.1 · median     34.2 · years  80.8 · road 0.49 · starved  1810 · nobles  -1.4 · read  0.7 · walls  6.8 · fell 46.3% (mother 28.9%) · prince 33.4% · king  9.4% · crowned  3.3% (median year 75) · 8.6s
try  7 · gen  291 · best    431.3 · elite    240.5 · median     34.3 · years  81.8 · road 0.51 · starved  1896 · nobles  +1.3 · read  0.5 · walls  6.5 · fell 45.9% (mother 23.8%) · prince 25.9% · king 10.6% · crowned  5.1% (median year 86) · 8.6s
try  8 · gen  291 · best    403.1 · elite    223.3 · median     17.9 · years  81.7 · road 0.45 · starved  1814 · nobles  -4.1 · read  3.4 · walls  5.2 · fell 44.5% (mother 28.4%) · prince 28.3% · king  6.5% · crowned  3.8% (median year 68) · 8.6s
try  1 · gen  292 · best    431.6 · elite    229.6 · median     26.3 · years  85.6 · road 0.52 · starved  1748 · nobles  -6.5 · read  1.2 · walls  6.8 · fell 31.2% (mother 17.5%) · prince 17.4% · king  3.9% · crowned  2.9% (median year 70) · 8.6s
try  2 · gen  292 · best    473.5 · elite    235.2 · median     30.8 · years  84.5 · road 0.52 · starved  1833 · nobles  -5.5 · read  0.0 · walls  6.3 · fell 35.1% (mother 19.1%) · prince 19.4% · king  4.7% · crowned  3.5% (median year 70) · 8.6s
try  3 · gen  292 · best    170.6 · elite    124.5 · median     51.4 · years  84.4 · road 0.59 · starved   935 · nobles -17.3 · read  1.9 · walls  7.1 · fell 40.0% (mother 16.2%) · prince  0.0% · king  0.0% · crowned  0.0% · 8.6s
try  4 · gen  292 · best    165.4 · elite    124.2 · median     54.2 · years  84.5 · road 0.57 · starved   783 · nobles -17.1 · read 12.9 · walls  8.0 · fell 39.5% (mother 14.2%) · prince  0.0% · king  0.0% · crowned  0.0% · 8.6s
try  5 · gen  292 · best    176.7 · elite    124.8 · median     51.7 · years  84.2 · road 0.58 · starved   901 · nobles -17.1 · read  3.5 · walls  7.6 · fell 38.5% (mother 13.6%) · prince  0.0% · king  0.0% · crowned  0.0% · 8.6s
try  6 · gen  292 · best    372.1 · elite    214.4 · median     29.9 · years  80.0 · road 0.49 · starved  1811 · nobles  -1.6 · read  0.4 · walls  6.7 · fell 47.5% (mother 29.5%) · prince 32.4% · king  8.9% · crowned  2.8% (median year 74) · 8.6s
try  7 · gen  292 · best    481.3 · elite    243.0 · median     36.2 · years  81.8 · road 0.50 · starved  1897 · nobles  +1.5 · read  0.5 · walls  6.5 · fell 46.2% (mother 24.5%) · prince 26.0% · king 10.3% · crowned  4.7% (median year 88) · 8.6s
try  8 · gen  292 · best    529.4 · elite    219.0 · median     18.1 · years  82.2 · road 0.46 · starved  1845 · nobles  -4.3 · read  3.2 · walls  5.3 · fell 46.1% (mother 30.4%) · prince 29.3% · king  6.2% · crowned  3.6% (median year 71) · 8.6s
try  1 · gen  293 · best    545.3 · elite    239.3 · median     31.2 · years  86.1 · road 0.52 · starved  1750 · nobles  -6.5 · read  1.0 · walls  6.8 · fell 29.5% (mother 16.2%) · prince 17.4% · king  4.9% · crowned  3.7% (median year 71) · 8.7s
try  2 · gen  293 · best    462.2 · elite    222.0 · median     26.2 · years  83.9 · road 0.52 · starved  1832 · nobles  -5.3 · read  0.0 · walls  6.2 · fell 36.4% (mother 19.5%) · prince 19.8% · king  4.7% · crowned  3.4% (median year 70) · 8.7s
try  3 · gen  293 · best    167.3 · elite    122.4 · median     48.6 · years  84.2 · road 0.58 · starved   947 · nobles -17.1 · read  1.7 · walls  7.0 · fell 39.1% (mother 14.9%) · prince  0.0% · king  0.0% · crowned  0.0% · 8.7s
try  4 · gen  293 · best    168.3 · elite    126.2 · median     55.9 · years  86.2 · road 0.57 · starved   811 · nobles -17.3 · read 12.4 · walls  7.9 · fell 35.8% (mother 13.4%) · prince  0.0% · king  0.0% · crowned  0.0% · 8.7s
try  5 · gen  293 · best    162.3 · elite    119.2 · median     52.7 · years  84.1 · road 0.58 · starved   913 · nobles -17.2 · read  3.7 · walls  7.6 · fell 38.6% (mother 13.5%) · prince  0.0% · king  0.0% · crowned  0.0% · 8.7s
try  6 · gen  293 · best    436.7 · elite    228.5 · median     32.3 · years  78.2 · road 0.48 · starved  1799 · nobles  -1.1 · read  0.4 · walls  6.6 · fell 49.2% (mother 30.8%) · prince 32.7% · king  9.6% · crowned  3.7% (median year 80) · 8.7s
try  7 · gen  293 · best    579.0 · elite    232.8 · median     35.0 · years  81.9 · road 0.50 · starved  1896 · nobles  +1.1 · read  0.5 · walls  6.4 · fell 45.2% (mother 24.0%) · prince 25.9% · king  9.9% · crowned  4.7% (median year 92) · 8.7s
try  8 · gen  293 · best    414.5 · elite    214.8 · median     16.2 · years  82.5 · road 0.46 · starved  1816 · nobles  -4.4 · read  2.7 · walls  5.3 · fell 43.2% (mother 28.2%) · prince 27.5% · king  6.0% · crowned  2.9% (median year 70) · 8.7s
try  1 · gen  294 · best    539.6 · elite    232.1 · median     29.1 · years  86.0 · road 0.52 · starved  1760 · nobles  -6.5 · read  1.1 · walls  6.8 · fell 29.7% (mother 16.5%) · prince 18.0% · king  4.3% · crowned  3.3% (median year 71) · 8.6s
try  2 · gen  294 · best    394.9 · elite    225.7 · median     32.1 · years  84.7 · road 0.53 · starved  1840 · nobles  -5.2 · read  0.0 · walls  6.3 · fell 37.1% (mother 20.5%) · prince 21.6% · king  4.7% · crowned  3.4% (median year 68) · 8.6s
try  3 · gen  294 · best    188.0 · elite    121.8 · median     48.7 · years  84.2 · road 0.58 · starved   946 · nobles -17.2 · read  1.7 · walls  7.0 · fell 40.1% (mother 15.5%) · prince  0.0% · king  0.0% · crowned  0.0% · 8.6s
try  4 · gen  294 · best    181.2 · elite    124.4 · median     56.0 · years  84.9 · road 0.57 · starved   790 · nobles -17.2 · read 14.2 · walls  8.0 · fell 38.9% (mother 13.8%) · prince  0.0% · king  0.0% · crowned  0.0% · 8.6s
try  5 · gen  294 · best    164.5 · elite    125.0 · median     53.0 · years  84.8 · road 0.59 · starved   926 · nobles -17.3 · read  4.0 · walls  7.6 · fell 36.8% (mother 13.9%) · prince  0.0% · king  0.0% · crowned  0.0% · 8.6s
try  6 · gen  294 · best    359.4 · elite    216.8 · median     34.6 · years  81.1 · road 0.49 · starved  1831 · nobles  -1.4 · read  0.3 · walls  6.7 · fell 46.7% (mother 30.5%) · prince 33.3% · king  9.2% · crowned  3.5% (median year 87) · 8.6s
try  7 · gen  294 · best    530.4 · elite    239.7 · median     34.8 · years  83.1 · road 0.51 · starved  1914 · nobles  +1.3 · read  0.4 · walls  6.6 · fell 43.5% (mother 23.3%) · prince 25.7% · king 10.4% · crowned  4.7% (median year 92) · 8.6s
try  8 · gen  294 · best    367.8 · elite    205.1 · median     20.2 · years  82.3 · road 0.45 · starved  1807 · nobles  -4.3 · read  3.1 · walls  5.3 · fell 43.1% (mother 27.1%) · prince 27.7% · king  5.5% · crowned  3.2% (median year 69) · 8.6s
try  1 · gen  295 · best    380.9 · elite    223.7 · median     33.4 · years  86.6 · road 0.52 · starved  1768 · nobles  -6.7 · read  0.9 · walls  6.8 · fell 29.8% (mother 17.5%) · prince 18.4% · king  4.1% · crowned  3.0% (median year 71) · 8.8s
try  2 · gen  295 · best    460.5 · elite    224.8 · median     30.3 · years  86.2 · road 0.53 · starved  1862 · nobles  -5.4 · read  0.0 · walls  6.4 · fell 36.0% (mother 21.3%) · prince 21.3% · king  4.4% · crowned  3.0% (median year 70) · 8.8s
try  3 · gen  295 · best    177.7 · elite    123.1 · median     51.4 · years  85.0 · road 0.59 · starved   955 · nobles -17.3 · read  1.4 · walls  7.0 · fell 39.0% (mother 16.0%) · prince  0.0% · king  0.0% · crowned  0.0% · 8.8s
try  4 · gen  295 · best    198.6 · elite    124.5 · median     53.6 · years  85.1 · road 0.57 · starved   813 · nobles -17.2 · read 13.8 · walls  8.0 · fell 38.2% (mother 13.5%) · prince  0.0% · king  0.0% · crowned  0.0% · 8.8s
try  5 · gen  295 · best    174.0 · elite    122.9 · median     53.3 · years  84.4 · road 0.58 · starved   901 · nobles -17.1 · read  3.3 · walls  7.6 · fell 37.7% (mother 13.9%) · prince  0.0% · king  0.0% · crowned  0.0% · 8.8s
try  6 · gen  295 · best    367.9 · elite    221.0 · median     30.4 · years  79.5 · road 0.49 · starved  1823 · nobles  -1.3 · read  0.3 · walls  6.7 · fell 48.7% (mother 30.8%) · prince 33.2% · king  9.5% · crowned  3.4% (median year 78) · 8.8s
try  7 · gen  295 · best    537.1 · elite    231.4 · median     29.7 · years  82.0 · road 0.50 · starved  1893 · nobles  +0.8 · read  0.5 · walls  6.4 · fell 43.2% (mother 22.8%) · prince 22.1% · king  8.7% · crowned  4.2% (median year 80) · 8.8s
try  8 · gen  295 · best    479.5 · elite    225.6 · median     17.8 · years  83.3 · road 0.46 · starved  1844 · nobles  -4.3 · read  2.7 · walls  5.4 · fell 44.3% (mother 29.5%) · prince 29.8% · king  6.3% · crowned  3.4% (median year 71) · 8.8s
try  1 · gen  296 · best    366.3 · elite    217.9 · median     34.7 · years  86.9 · road 0.52 · starved  1758 · nobles  -6.8 · read  0.8 · walls  6.8 · fell 28.2% (mother 15.6%) · prince 16.9% · king  4.1% · crowned  3.1% (median year 71) · 8.8s
try  2 · gen  296 · best    438.1 · elite    208.6 · median     30.0 · years  85.0 · road 0.53 · starved  1838 · nobles  -5.2 · read  0.0 · walls  6.3 · fell 37.4% (mother 21.3%) · prince 21.8% · king  4.3% · crowned  3.0% (median year 72) · 8.8s
try  3 · gen  296 · best    155.4 · elite    114.3 · median     51.7 · years  84.0 · road 0.58 · starved   927 · nobles -17.1 · read  1.4 · walls  6.9 · fell 38.7% (mother 13.9%) · prince  0.0% · king  0.0% · crowned  0.0% · 8.8s
try  4 · gen  296 · best    167.4 · elite    126.5 · median     56.0 · years  84.9 · road 0.57 · starved   786 · nobles -17.2 · read 12.5 · walls  8.0 · fell 38.1% (mother 14.0%) · prince  0.0% · king  0.0% · crowned  0.0% · 8.8s
try  5 · gen  296 · best    177.4 · elite    120.9 · median     52.8 · years  84.7 · road 0.59 · starved   922 · nobles -17.1 · read  3.8 · walls  7.6 · fell 36.6% (mother 13.1%) · prince  0.0% · king  0.0% · crowned  0.0% · 8.8s
try  6 · gen  296 · best    504.6 · elite    228.5 · median     38.7 · years  81.6 · road 0.49 · starved  1828 · nobles  -1.2 · read  0.3 · walls  6.8 · fell 46.9% (mother 30.8%) · prince 34.8% · king  9.4% · crowned  3.5% (median year 82) · 8.8s
try  7 · gen  296 · best    440.0 · elite    240.6 · median     30.7 · years  81.2 · road 0.50 · starved  1888 · nobles  +0.8 · read  0.6 · walls  6.4 · fell 43.0% (mother 22.2%) · prince 22.5% · king  9.5% · crowned  4.4% (median year 79) · 8.8s
try  8 · gen  296 · best    581.2 · elite    230.1 · median     17.8 · years  83.1 · road 0.46 · starved  1836 · nobles  -4.2 · read  2.4 · walls  5.3 · fell 43.7% (mother 29.2%) · prince 28.9% · king  6.4% · crowned  3.4% (median year 70) · 8.8s
try  1 · gen  297 · best    508.0 · elite    221.8 · median     29.4 · years  85.5 · road 0.52 · starved  1752 · nobles  -6.7 · read  0.5 · walls  6.8 · fell 29.3% (mother 15.6%) · prince 15.3% · king  4.3% · crowned  3.5% (median year 72) · 8.6s
try  2 · gen  297 · best    349.4 · elite    216.7 · median     31.0 · years  85.3 · road 0.53 · starved  1832 · nobles  -5.2 · read  0.0 · walls  6.4 · fell 34.5% (mother 18.6%) · prince 20.2% · king  4.5% · crowned  3.3% (median year 71) · 8.6s
try  3 · gen  297 · best    188.5 · elite    120.9 · median     48.8 · years  84.1 · road 0.58 · starved   939 · nobles -17.0 · read  1.6 · walls  6.8 · fell 38.3% (mother 13.9%) · prince  0.0% · king  0.0% · crowned  0.0% · 8.6s
try  4 · gen  297 · best    158.9 · elite    124.6 · median     54.8 · years  84.9 · road 0.57 · starved   782 · nobles -17.1 · read 12.7 · walls  8.0 · fell 37.3% (mother 13.0%) · prince  0.0% · king  0.0% · crowned  0.0% · 8.6s
try  5 · gen  297 · best    164.3 · elite    123.1 · median     50.2 · years  83.9 · road 0.58 · starved   929 · nobles -17.0 · read  4.1 · walls  7.6 · fell 38.1% (mother 13.5%) · prince  0.0% · king  0.0% · crowned  0.0% · 8.6s
try  6 · gen  297 · best    510.4 · elite    237.8 · median     37.9 · years  81.0 · road 0.49 · starved  1838 · nobles  -1.3 · read  0.3 · walls  6.8 · fell 48.1% (mother 31.4%) · prince 34.1% · king 10.6% · crowned  4.0% (median year 87) · 8.6s
try  7 · gen  297 · best    438.6 · elite    234.6 · median     31.1 · years  83.1 · road 0.51 · starved  1915 · nobles  +0.7 · read  0.6 · walls  6.5 · fell 42.3% (mother 22.6%) · prince 23.9% · king  9.4% · crowned  4.1% (median year 80) · 8.6s
try  8 · gen  297 · best    425.9 · elite    222.2 · median     19.1 · years  82.5 · road 0.46 · starved  1831 · nobles  -4.0 · read  2.0 · walls  5.3 · fell 44.9% (mother 29.8%) · prince 29.0% · king  6.2% · crowned  3.6% (median year 69) · 8.6s
try  1 · gen  298 · best    392.7 · elite    219.5 · median     32.3 · years  86.3 · road 0.52 · starved  1759 · nobles  -6.8 · read  0.7 · walls  6.8 · fell 28.0% (mother 14.8%) · prince 15.4% · king  4.5% · crowned  3.4% (median year 72) · 8.8s
try  2 · gen  298 · best    516.4 · elite    222.3 · median     30.2 · years  85.2 · road 0.52 · starved  1830 · nobles  -5.1 · read  0.0 · walls  6.3 · fell 35.1% (mother 19.4%) · prince 20.4% · king  4.3% · crowned  3.4% (median year 71) · 8.8s
try  3 · gen  298 · best    166.1 · elite    118.5 · median     47.5 · years  84.1 · road 0.58 · starved   976 · nobles -17.0 · read  1.3 · walls  6.8 · fell 39.0% (mother 14.6%) · prince  0.0% · king  0.0% · crowned  0.0% · 8.8s
try  4 · gen  298 · best    172.1 · elite    128.1 · median     56.9 · years  85.2 · road 0.57 · starved   781 · nobles -17.1 · read 11.8 · walls  8.0 · fell 37.0% (mother 13.2%) · prince  0.0% · king  0.0% · crowned  0.0% · 8.8s
try  5 · gen  298 · best    172.0 · elite    123.6 · median     54.0 · years  84.8 · road 0.59 · starved   911 · nobles -17.2 · read  2.8 · walls  7.6 · fell 36.6% (mother 13.2%) · prince  0.0% · king  0.0% · crowned  0.0% · 8.8s
try  6 · gen  298 · best    388.9 · elite    236.8 · median     38.1 · years  79.7 · road 0.49 · starved  1795 · nobles  -0.8 · read  0.5 · walls  6.7 · fell 48.4% (mother 30.0%) · prince 34.3% · king 10.4% · crowned  4.1% (median year 82) · 8.8s
try  7 · gen  298 · best    448.7 · elite    230.1 · median     31.2 · years  82.2 · road 0.51 · starved  1901 · nobles  +0.8 · read  0.5 · walls  6.5 · fell 43.0% (mother 21.5%) · prince 23.4% · king  8.8% · crowned  4.1% (median year 78) · 8.8s
try  8 · gen  298 · best    479.6 · elite    217.6 · median     18.7 · years  82.9 · road 0.46 · starved  1830 · nobles  -4.4 · read  2.3 · walls  5.3 · fell 43.1% (mother 28.5%) · prince 28.0% · king  6.2% · crowned  3.3% (median year 71) · 8.8s
try  1 · gen  299 · best    480.5 · elite    227.6 · median     34.8 · years  85.8 · road 0.52 · starved  1766 · nobles  -6.7 · read  0.6 · walls  6.8 · fell 30.3% (mother 17.0%) · prince 16.8% · king  4.6% · crowned  3.7% (median year 71) · 8.9s
try  2 · gen  299 · best    560.3 · elite    220.0 · median     27.7 · years  84.7 · road 0.52 · starved  1826 · nobles  -5.3 · read  0.0 · walls  6.3 · fell 35.6% (mother 19.0%) · prince 18.5% · king  4.0% · crowned  2.9% (median year 70) · 8.9s
try  3 · gen  299 · best    159.5 · elite    117.0 · median     47.8 · years  84.7 · road 0.58 · starved   979 · nobles -17.1 · read  1.5 · walls  6.9 · fell 37.9% (mother 13.0%) · prince  0.0% · king  0.0% · crowned  0.0% · 8.9s
try  4 · gen  299 · best    163.6 · elite    123.2 · median     56.9 · years  85.1 · road 0.57 · starved   772 · nobles -17.1 · read 11.9 · walls  7.9 · fell 36.8% (mother 12.6%) · prince  0.0% · king  0.0% · crowned  0.0% · 8.9s
try  5 · gen  299 · best    178.3 · elite    125.0 · median     54.7 · years  85.2 · road 0.59 · starved   943 · nobles -17.3 · read  3.0 · walls  7.6 · fell 36.0% (mother 13.6%) · prince  0.0% · king  0.0% · crowned  0.0% · 8.9s
try  6 · gen  299 · best    472.6 · elite    244.7 · median     43.0 · years  81.0 · road 0.50 · starved  1830 · nobles  -1.1 · read  0.3 · walls  6.9 · fell 49.2% (mother 30.8%) · prince 34.5% · king 10.6% · crowned  4.5% (median year 80) · 8.9s
try  7 · gen  299 · best    500.2 · elite    248.8 · median     36.2 · years  82.9 · road 0.51 · starved  1910 · nobles  +0.8 · read  0.4 · walls  6.6 · fell 44.0% (mother 23.0%) · prince 24.4% · king  9.5% · crowned  4.7% (median year 79) · 8.9s
try  8 · gen  299 · best    408.3 · elite    208.0 · median     17.1 · years  83.5 · road 0.46 · starved  1831 · nobles  -5.0 · read  2.5 · walls  5.3 · fell 42.4% (mother 28.0%) · prince 26.6% · king  5.3% · crowned  2.9% (median year 69) · 8.9s
