kind,hidden,trial,generation,prince,king,crowned,p10,median,p90,fell,mother,starved,nobles,read,fitness,rivals_crowned
none,32,1,25,1.0,0.8,0.6,45,74,97,90.4,23.2,932,-2.6,19.9,34.1,14.2
none,32,1,50,10.4,7.0,5.0,33,51,77,81.4,14.4,593,-1.0,8.5,118.1,14.2
none,32,1,75,25.4,23.0,20.2,25,32,41,64.2,26.0,762,+10.8,19.1,334.6,12.0
none,32,1,100,44.8,39.4,33.2,21,25,38,54.0,23.8,681,+10.9,5.3,538.4,8.8
none,32,1,125,52.6,48.4,40.6,18,23,32,48.0,30.0,786,+7.4,6.2,652.6,8.3
none,32,1,150,54.2,48.2,41.6,19,24,32,48.0,29.8,863,+8.8,17.7,665.0,7.4
none,32,1,175,57.6,53.6,48.4,20,25,33,38.0,19.6,705,+12.7,13.4,754.0,7.5
none,32,1,200,53.4,49.2,44.2,20,24,31,44.2,26.8,778,+9.2,9.4,689.6,7.6
none,32,1,225,40.4,37.8,35.6,20,26,33,54.6,27.0,814,+10.7,13.0,553.0,9.2
none,32,1,250,53.4,49.2,45.6,20,23,31,44.4,24.8,813,+12.8,12.0,703.3,7.0
none,32,1,275,55.0,51.2,48.4,19,23,29,43.4,32.0,771,+13.7,16.2,745.9,6.5
none,32,1,300,58.4,48.8,42.0,19,22,29,48.8,31.4,895,+11.2,9.7,679.5,7.6
none,32,1,325,50.0,44.2,35.2,18,22,28,55.8,42.4,1158,+10.6,9.8,575.4,8.3
none,32,1,350,55.2,41.4,35.0,18,23,30,49.8,24.0,761,+7.1,14.9,597.4,9.4
none,32,1,375,51.8,44.6,37.4,16,20,27,56.4,42.8,1028,+8.2,7.7,618.9,8.1
none,32,1,400,48.0,44.2,42.0,20,25,34,48.8,36.2,833,+16.3,3.0,643.2,8.0
none,32,1,425,61.2,49.0,42.8,17,21,28,47.8,34.8,854,+8.5,7.2,701.2,7.2
none,32,1,450,57.4,50.8,42.6,17,20,26,47.8,34.0,796,+8.9,4.9,705.0,7.8
none,32,1,475,55.4,52.0,46.0,18,21,28,42.8,22.2,597,+9.0,2.5,736.2,7.9
none,32,1,500,61.8,56.0,47.4,18,22,27,42.4,31.6,816,+6.8,1.5,763.5,7.6
none,32,1,525,53.0,45.4,39.0,18,21,26,52.2,42.0,1019,+8.9,1.3,631.7,8.5
none,32,1,550,53.4,48.6,45.0,17,20,26,47.4,35.2,856,+9.0,2.3,702.2,7.4
none,32,1,575,58.0,51.8,48.2,20,23,30,39.2,20.6,790,+14.9,1.9,747.9,7.6
none,32,1,599,63.4,54.4,51.2,19,24,30,36.4,21.8,745,+16.9,8.9,796.1,6.8
none,32,2,25,0.0,0.0,0.0,0,0,0,94.4,29.6,512,-1.0,28.4,32.5,13.9
none,32,2,50,2.0,1.0,0.4,65,73,73,94.0,39.6,938,-0.2,27.5,18.5,13.6
none,32,2,75,10.6,8.6,7.6,37,47,55,79.4,21.0,788,+0.8,24.7,130.6,13.3
none,32,2,100,22.4,20.4,19.4,22,26,33,72.4,35.4,734,+5.1,18.0,310.6,11.8
none,32,2,125,49.6,46.4,42.8,21,29,39,41.4,19.2,468,+10.6,12.5,664.0,8.7
none,32,2,150,44.6,38.8,36.0,20,25,35,47.6,21.6,590,+9.8,24.8,578.1,10.3
none,32,2,175,36.2,33.2,31.0,22,28,39,54.4,25.0,692,+7.3,9.6,491.9,10.1
none,32,2,200,53.4,46.4,41.4,20,25,32,49.4,31.8,847,+9.4,4.8,653.4,7.2
none,32,2,225,54.4,46.6,40.0,18,24,36,46.0,22.2,611,+7.5,3.2,654.6,8.7
none,32,2,250,46.0,42.2,38.6,22,27,38,50.2,27.4,688,+11.6,0.9,601.1,8.5
none,32,2,275,48.2,44.2,36.0,20,26,37,54.4,32.6,884,+8.1,3.7,582.5,7.8
none,32,2,300,40.6,36.2,28.6,18,24,33,59.4,34.4,695,+6.7,6.5,489.5,10.0
none,32,2,325,49.0,45.0,41.2,18,22,30,53.8,28.4,722,+10.2,11.7,649.5,8.0
none,32,2,350,39.2,35.4,30.6,18,22,30,59.8,36.2,872,+11.3,9.0,506.7,9.3
none,32,2,375,53.4,47.0,41.2,19,24,34,50.2,30.4,822,+11.1,5.9,658.9,8.2
none,32,2,400,49.2,44.2,25.4,18,22,30,67.6,49.6,1862,-0.5,5.0,456.8,7.5
none,32,2,425,34.0,31.8,27.8,18,22,29,61.2,40.4,764,+4.9,9.0,447.8,10.6
none,32,2,450,49.0,43.2,37.4,19,24,34,54.8,32.8,995,+6.9,1.6,594.0,7.8
none,32,2,475,61.2,51.8,45.6,19,23,31,40.8,18.8,700,+16.8,2.2,741.8,7.3
none,32,2,500,52.6,46.2,42.4,18,22,28,48.0,31.2,714,+13.6,10.7,678.0,7.9
none,32,2,525,44.4,40.2,36.0,18,22,28,52.6,29.6,701,+10.2,12.4,585.8,9.2
none,32,2,550,43.6,38.4,35.2,19,22,28,55.4,36.0,960,+14.7,1.8,564.7,8.7
none,32,2,575,49.0,40.6,33.0,17,20,27,56.0,30.4,812,+7.1,2.1,567.2,9.3
none,32,2,599,52.2,46.6,38.4,18,22,30,54.6,37.0,910,+4.9,4.0,623.0,7.2
none,32,3,25,0.6,0.2,0.0,0,0,0,88.2,21.8,711,-5.1,29.2,38.8,14.5
none,32,3,50,15.2,10.8,7.6,31,38,47,80.0,34.8,1512,+0.0,9.9,142.1,12.1
none,32,3,75,18.8,15.6,12.8,27,35,46,71.6,29.0,1824,+4.3,2.5,186.7,11.8
none,32,3,100,32.4,27.8,23.6,23,29,37,65.8,30.6,973,+13.1,21.7,393.1,10.4
none,32,3,125,46.8,41.6,40.0,22,28,37,50.0,22.6,638,+16.5,17.2,617.8,7.8
none,32,3,150,47.6,42.2,39.4,22,28,40,49.0,18.4,577,+11.5,20.0,614.2,8.8
none,32,3,175,59.8,56.0,51.2,20,23,33,39.6,22.8,699,+14.6,15.7,786.4,7.5
none,32,3,200,52.0,45.8,39.0,20,24,33,48.0,28.6,786,+9.0,6.7,628.6,8.3
none,32,3,225,55.2,49.6,47.0,19,23,30,44.2,20.6,527,+12.5,2.6,737.8,7.9
none,32,3,250,50.6,46.0,40.0,19,23,31,47.4,26.4,713,+12.7,6.8,647.9,8.6
none,32,3,275,33.4,30.4,27.0,19,23,30,65.6,34.6,817,+5.8,1.2,438.7,10.8
none,32,3,300,45.2,40.6,37.8,20,23,31,51.2,33.6,623,+8.7,10.2,599.6,9.5
none,32,3,325,45.2,37.6,31.8,17,21,30,59.0,38.0,884,+10.8,2.6,543.8,8.5
none,32,3,350,57.4,50.8,47.8,19,22,30,39.6,21.2,736,+19.5,4.9,751.6,7.1
none,32,3,375,56.8,50.6,41.6,15,19,25,48.6,36.6,871,+11.2,7.5,690.7,7.9
none,32,3,400,58.6,54.8,51.2,19,22,29,36.8,16.2,516,+13.1,7.2,795.8,7.6
none,32,3,425,56.8,52.8,48.8,18,21,27,42.6,25.6,706,+12.2,7.4,761.0,7.3
none,32,3,450,64.2,59.0,54.0,17,21,27,36.4,17.4,598,+13.9,7.9,849.3,6.6
none,32,3,475,62.4,54.8,48.6,17,21,30,43.6,29.6,848,+11.9,9.3,772.4,6.5
none,32,3,500,50.4,45.0,40.4,19,22,31,49.2,30.2,1017,+13.8,20.5,640.8,7.1
none,32,3,525,54.6,48.2,37.8,19,22,28,47.8,22.8,752,+4.6,8.6,645.8,8.0
none,32,3,550,59.6,52.6,45.2,16,20,27,45.6,27.6,679,+7.6,12.2,740.3,7.2
none,32,3,575,61.0,53.4,47.6,18,22,27,42.6,22.2,809,+16.8,7.5,761.4,7.3
none,32,3,599,53.6,47.2,45.0,18,21,28,48.6,32.6,700,+13.2,7.8,707.5,7.5
none,32,4,25,0.0,0.0,0.0,0,0,0,94.2,30.4,715,-1.1,23.8,33.6,14.3
none,32,4,50,0.0,0.0,0.0,0,0,0,87.4,16.6,424,-3.8,14.0,58.0,13.5
none,32,4,75,0.0,0.0,0.0,0,0,0,76.6,10.8,238,-3.8,25.8,87.5,12.8
none,32,4,100,0.0,0.0,0.0,0,0,0,61.6,4.4,479,-5.6,28.7,106.8,11.7
none,32,4,125,0.0,0.0,0.0,0,0,0,68.4,1.8,132,-3.2,27.3,113.6,14.0
none,32,4,150,10.6,0.2,0.0,0,0,0,70.8,16.6,566,-4.7,31.7,128.0,12.8
none,32,4,175,16.6,13.8,12.0,47,58,76,66.8,23.8,762,+0.4,35.9,230.3,11.6
none,32,4,200,20.8,16.2,9.8,45,63,92,69.6,18.2,751,-0.6,33.5,213.5,11.4
none,32,4,225,24.8,23.4,22.0,45,57,77,60.2,21.6,720,+6.3,23.6,340.2,10.6
none,32,4,250,21.6,17.8,16.2,45,59,80,67.2,30.8,845,+4.0,19.4,279.4,10.8
none,32,4,275,16.2,15.0,12.6,41,54,71,68.2,26.4,775,+2.2,35.5,233.6,11.8
none,32,4,300,27.0,22.8,21.6,38,48,68,62.8,27.8,800,+3.3,17.4,352.9,10.9
none,32,4,325,31.0,28.0,27.0,35,50,73,54.6,18.2,564,+2.2,23.7,422.0,11.1
none,32,4,350,25.8,21.4,15.4,31,43,57,70.4,43.4,954,-3.6,20.6,292.5,11.1
none,32,4,375,32.8,31.2,31.0,28,35,51,52.2,21.2,511,+15.4,18.0,483.5,10.7
none,32,4,400,48.4,42.8,41.2,22,28,40,45.4,20.0,572,+13.1,14.6,640.7,9.3
none,32,4,425,46.4,35.6,30.6,18,22,31,55.8,37.8,932,+12.4,13.5,520.1,10.2
none,32,4,450,50.8,43.8,37.0,19,24,35,49.8,27.2,654,+8.4,13.9,613.5,9.2
none,32,4,475,40.2,33.8,31.0,23,29,41,53.0,15.8,513,+8.4,13.0,506.8,10.7
none,32,4,500,47.8,42.8,40.2,19,24,33,47.0,18.4,475,+8.2,13.1,639.8,9.0
none,32,4,525,59.0,51.4,42.8,18,24,36,41.2,21.0,717,+6.5,11.1,702.0,8.5
none,32,4,550,53.8,46.4,41.2,18,22,32,46.8,35.8,718,+12.3,12.8,664.6,8.4
none,32,4,575,54.6,49.0,41.2,18,24,35,47.4,29.8,765,+8.5,9.9,668.3,8.8
none,32,4,599,60.0,51.8,43.6,20,25,36,42.2,24.6,808,+11.5,9.9,703.9,7.6
none,32,5,25,0.0,0.0,0.0,0,0,0,93.8,11.6,959,-1.5,57.0,21.4,14.4
none,32,5,50,0.0,0.0,0.0,0,0,0,96.8,56.8,584,-1.2,24.1,32.0,13.3
none,32,5,75,22.0,17.2,14.0,31,41,57,67.8,15.2,771,+2.5,23.6,236.1,12.6
none,32,5,100,48.4,42.6,38.2,22,26,35,47.2,17.4,888,+10.2,12.1,590.9,9.4
none,32,5,125,63.4,60.4,50.4,21,26,33,40.2,22.4,842,+13.3,18.8,784.9,6.8
none,32,5,150,61.4,55.6,53.4,20,25,32,34.8,15.4,800,+15.6,16.2,796.0,7.0
none,32,5,175,65.8,62.6,56.2,20,24,33,33.6,26.4,854,+12.5,4.5,843.8,6.3
none,32,5,200,69.4,59.8,55.2,21,26,34,28.8,15.2,713,+14.1,11.7,849.5,7.5
none,32,5,225,70.8,64.2,55.2,16,20,27,35.6,17.4,867,+11.3,19.5,878.9,6.4
none,32,5,250,63.4,57.4,53.8,19,23,29,33.4,23.2,745,+17.3,23.1,822.6,6.8
none,32,5,275,59.4,54.6,49.2,19,23,28,38.0,19.0,763,+13.1,13.6,764.8,8.3
none,32,5,300,65.8,61.8,56.8,19,25,36,31.2,20.2,747,+14.7,3.7,867.3,7.0
none,32,5,325,67.4,61.6,55.4,17,21,27,33.8,20.0,907,+16.9,14.7,872.8,6.3
none,32,5,350,48.4,45.4,43.0,21,26,34,46.4,29.6,736,+8.9,3.1,645.0,8.1
none,32,5,375,66.4,57.6,51.6,20,25,31,30.8,16.4,879,+17.8,9.0,812.7,7.4
none,32,5,400,79.8,72.8,64.2,18,22,28,25.2,19.4,688,+14.3,19.6,1009.3,5.1
none,32,5,425,70.2,62.8,61.0,17,22,30,27.4,11.8,709,+18.5,15.6,931.9,5.5
none,32,5,450,73.0,68.0,61.2,17,21,28,30.0,18.8,723,+14.7,10.9,955.5,5.6
none,32,5,475,62.4,53.0,45.2,18,21,27,46.8,37.6,918,+11.2,12.2,737.5,7.2
none,32,5,500,59.2,54.2,50.8,20,25,32,37.4,26.6,794,+15.1,7.1,767.9,7.4
none,32,5,525,63.0,59.2,55.8,19,24,31,33.6,21.6,722,+12.2,15.2,842.1,6.4
none,32,5,550,59.0,47.2,46.8,19,23,31,43.8,31.0,1133,+18.9,9.3,707.7,6.8
none,32,5,575,60.6,56.8,51.4,18,22,31,39.6,21.0,690,+9.7,13.8,803.3,6.9
none,32,5,599,64.0,59.2,53.8,20,25,34,35.4,22.2,817,+12.3,8.9,818.0,6.8
none,32,6,25,0.0,0.0,0.0,0,0,0,94.4,31.6,855,-0.3,54.7,20.2,14.0
none,32,6,50,0.0,0.0,0.0,0,0,0,74.4,3.6,189,-2.1,34.9,80.9,13.0
none,32,6,75,0.0,0.0,0.0,0,0,0,80.4,0.6,239,-3.7,28.2,80.1,13.8
none,32,6,100,0.0,0.0,0.0,0,0,0,77.6,1.6,469,-4.2,22.6,68.3,14.7
none,32,6,125,0.0,0.0,0.0,0,0,0,77.4,0.8,419,-3.2,22.9,69.0,14.0
none,32,6,150,0.0,0.0,0.0,0,0,0,79.6,1.6,154,-3.3,21.2,85.1,13.9
none,32,6,175,2.2,0.0,0.0,0,0,0,82.2,0.8,164,-2.5,24.2,94.5,14.1
none,32,6,200,0.0,0.0,0.0,0,0,0,87.0,0.6,68,-2.2,20.3,86.0,14.8
none,32,6,225,14.0,8.0,6.6,34,46,86,79.2,21.4,546,+1.2,16.3,158.3,13.2
none,32,6,250,28.8,16.0,13.8,20,24,33,73.6,46.4,1302,+11.5,7.7,269.1,10.2
none,32,6,275,45.4,38.4,30.4,18,23,31,54.4,30.4,718,+9.2,10.5,528.0,9.9
none,32,6,300,44.6,30.4,26.0,18,22,32,62.6,36.0,1096,+8.8,10.7,456.9,9.6
none,32,6,325,46.8,43.8,39.0,19,23,28,48.4,21.8,659,+12.8,9.2,634.2,8.7
none,32,6,350,37.6,32.2,24.4,18,24,31,66.6,44.8,963,+3.3,10.1,430.0,10.4
none,32,6,375,46.4,38.6,34.6,19,24,33,52.4,24.4,682,+8.0,14.0,563.2,9.8
none,32,6,400,42.8,39.2,30.8,16,21,28,58.2,41.4,805,+4.3,8.1,524.6,9.1
none,32,6,425,51.2,44.8,39.6,17,22,29,50.4,30.0,713,+6.8,6.7,644.4,8.6
none,32,6,450,45.8,42.0,36.6,17,22,29,55.2,40.2,812,+6.3,6.2,588.4,9.2
none,32,6,475,45.4,41.8,38.6,19,23,30,54.2,34.2,760,+10.5,5.0,603.4,8.2
none,32,6,500,45.4,40.2,35.2,18,22,30,55.0,34.4,682,+8.7,6.4,575.1,9.3
none,32,6,525,38.6,36.6,32.4,17,22,32,60.2,41.4,706,+9.8,3.7,526.8,8.8
none,32,6,550,46.4,41.4,37.4,18,24,35,51.0,34.6,701,+9.9,6.0,599.6,9.0
none,32,6,575,49.2,44.0,41.0,20,25,36,47.8,24.2,673,+9.0,8.4,635.2,9.0
none,32,6,599,54.8,46.0,40.6,18,25,34,49.6,30.6,731,+13.8,10.0,657.9,8.3
none,32,7,25,1.2,1.0,0.4,82,96,96,89.8,34.4,516,-2.4,44.1,49.5,13.0
none,32,7,50,11.4,9.0,6.2,44,56,69,84.8,14.4,714,-2.4,0.6,133.5,13.4
none,32,7,75,17.0,15.6,13.8,37,44,65,73.0,18.0,785,+5.5,14.8,213.0,12.1
none,32,7,100,39.2,33.6,30.2,28,35,47,52.4,20.0,806,+7.0,23.5,462.8,10.8
none,32,7,125,52.0,35.0,31.8,19,25,35,58.4,33.0,1076,+10.2,14.8,528.7,8.1
none,32,7,150,61.4,55.6,49.2,21,25,31,40.4,18.6,952,+13.7,18.4,755.7,7.1
none,32,7,175,66.8,58.0,52.4,19,24,31,34.0,19.4,967,+17.1,12.3,808.2,6.3
none,32,7,200,54.0,44.6,41.6,21,26,36,44.0,14.8,783,+11.8,18.3,649.8,8.4
none,32,7,225,55.2,51.4,47.2,20,25,31,38.2,12.6,589,+15.6,7.2,734.9,7.8
none,32,7,250,61.0,59.0,56.2,21,26,35,30.2,12.4,525,+17.6,15.3,844.3,6.9
none,32,7,275,46.8,43.2,38.8,20,28,43,46.4,19.2,768,+8.8,6.5,590.6,9.2
none,32,7,300,58.4,54.0,49.2,20,25,35,34.6,9.4,459,+9.4,9.4,768.7,7.8
none,32,7,325,57.0,49.2,38.2,19,22,29,51.6,26.6,835,+4.5,24.8,646.4,8.6
none,32,7,350,58.4,52.2,47.2,19,24,32,37.6,11.8,695,+10.2,15.3,744.7,8.3
none,32,7,375,59.4,55.4,50.6,18,22,29,40.2,23.6,739,+12.2,22.1,783.8,7.2
none,32,7,400,73.6,68.2,55.0,17,22,31,34.0,22.8,801,+11.8,16.8,890.9,6.1
none,32,7,425,54.6,50.0,46.8,18,23,30,38.6,16.6,837,+14.1,15.0,731.6,8.0
none,32,7,450,63.8,61.0,54.0,17,23,31,30.8,15.0,757,+15.8,15.7,842.7,7.2
none,32,7,475,54.4,51.6,46.0,17,22,31,42.4,21.0,726,+12.0,10.4,729.1,8.0
none,32,7,500,67.2,60.8,53.4,16,20,27,34.4,16.4,791,+12.2,15.5,856.8,7.2
none,32,7,525,68.8,62.8,54.2,16,19,27,37.2,22.4,769,+12.7,9.5,871.9,6.2
none,32,7,550,46.4,43.4,38.2,17,21,31,42.2,19.8,788,+11.9,7.2,615.8,10.0
none,32,7,575,67.2,57.0,53.8,15,20,27,36.6,15.0,770,+13.6,13.0,851.0,6.8
none,32,7,599,52.8,45.6,42.8,16,20,31,49.0,34.2,840,+11.1,3.3,664.3,7.9
none,32,8,25,0.0,0.0,0.0,0,0,0,91.4,27.0,1340,-3.3,35.5,-1.8,14.2
none,32,8,50,0.0,0.0,0.0,0,0,0,83.2,1.4,682,-3.0,23.9,51.7,14.0
none,32,8,75,4.2,2.6,2.2,48,69,84,79.2,12.0,1174,+0.5,1.5,61.3,13.6
none,32,8,100,11.2,7.2,5.6,27,32,44,84.0,49.6,1089,+5.5,2.3,126.5,12.7
none,32,8,125,35.4,26.2,20.2,22,30,42,64.0,20.4,773,+8.6,2.3,368.4,10.9
none,32,8,150,50.0,41.2,38.8,23,29,42,51.2,23.6,789,+13.7,3.6,598.9,8.5
none,32,8,175,54.0,48.6,46.6,20,27,38,42.2,17.8,618,+14.6,12.3,710.3,7.7
none,32,8,200,51.8,38.8,29.4,18,24,32,62.6,44.6,1072,+4.8,3.1,514.6,8.4
none,32,8,225,67.6,55.2,47.8,20,27,38,38.4,21.4,742,+7.7,9.8,758.4,7.0
none,32,8,250,61.0,53.2,52.2,21,27,37,39.8,25.4,735,+11.4,5.9,775.9,6.6
none,32,8,275,54.6,48.0,43.6,21,27,39,43.4,25.4,818,+14.3,8.9,675.0,7.4
none,32,8,300,60.4,45.6,40.0,24,30,39,44.2,23.6,838,+8.6,28.1,639.5,8.6
none,32,8,325,62.6,52.6,43.6,18,24,33,47.2,31.0,1022,+4.8,23.1,705.0,7.2
none,32,8,350,58.6,43.4,40.0,25,32,42,47.6,33.4,1207,+20.3,15.8,618.4,7.7
none,32,8,375,66.0,52.4,51.4,20,26,35,42.4,29.2,990,+15.8,13.2,775.8,5.8
none,32,8,400,66.0,53.6,50.2,19,25,36,38.4,20.8,943,+10.8,15.5,772.7,6.8
none,32,8,425,63.4,54.4,49.4,19,24,34,36.8,16.2,831,+11.3,5.0,771.0,7.2
none,32,8,450,63.0,52.2,43.8,17,24,34,45.8,33.8,1085,+7.4,4.0,701.4,7.4
none,32,8,475,74.4,62.8,57.8,18,22,30,32.0,16.0,808,+13.3,10.7,903.8,6.3
none,32,8,500,68.2,54.2,46.4,16,22,31,42.2,23.6,900,+7.2,13.2,761.9,7.2
none,32,8,525,51.2,42.4,39.0,17,22,30,52.4,34.4,698,+9.7,14.5,632.9,8.3
none,32,8,550,66.0,53.4,49.8,18,22,29,36.6,19.0,704,+13.0,12.3,797.5,7.5
none,32,8,575,75.4,64.8,58.8,18,23,31,29.2,16.4,852,+14.3,15.4,916.2,6.2
none,32,8,599,62.2,55.8,52.2,19,23,32,36.2,17.2,935,+12.3,14.2,796.6,7.0
journal,32,1,25,0.0,0.0,0.0,0,0,0,91.0,28.2,751,-2.4,32.3,31.6,13.5
journal,32,1,50,4.0,3.2,1.8,35,48,66,89.2,30.0,438,-2.6,36.2,92.5,13.4
journal,32,1,75,37.0,20.4,15.0,26,36,54,72.2,34.6,1287,+4.4,40.1,289.9,10.4
journal,32,1,100,41.6,38.6,34.0,22,30,47,54.0,22.2,750,+11.6,38.9,530.8,9.2
journal,32,1,125,50.8,42.2,35.6,21,26,39,52.8,24.2,823,+5.2,39.4,582.4,8.4
journal,32,1,150,63.2,55.6,54.4,21,26,33,37.0,27.4,979,+18.8,32.4,800.0,6.4
journal,32,1,175,55.2,42.0,39.8,25,33,50,47.4,26.6,1109,+10.8,42.9,599.8,8.2
journal,32,1,200,55.0,46.0,40.6,21,27,36,45.2,28.0,1124,+9.4,46.4,631.8,7.5
journal,32,1,225,67.4,62.6,58.6,19,23,34,29.8,22.0,997,+14.3,32.2,875.3,5.8
journal,32,1,250,54.2,48.2,45.8,18,24,38,43.6,22.2,810,+11.7,32.5,700.3,8.2
journal,32,1,275,47.4,43.6,41.4,18,23,32,47.6,22.0,960,+12.4,25.3,627.1,9.0
journal,32,1,300,56.6,54.4,48.2,17,21,30,41.0,21.0,915,+9.4,5.2,748.5,7.5
journal,32,1,325,65.2,54.0,48.4,17,21,29,44.4,25.6,1048,+12.8,8.2,773.3,6.3
journal,32,1,350,72.0,63.4,57.2,17,22,29,34.6,20.0,883,+13.0,9.1,896.0,5.9
journal,32,1,375,67.4,58.0,53.0,18,23,32,35.8,24.6,1041,+14.0,4.0,814.1,6.9
journal,32,1,400,59.6,52.6,49.8,20,24,32,34.4,17.4,824,+14.5,3.2,768.6,7.7
journal,32,1,425,69.2,60.0,55.4,18,23,30,29.4,15.0,820,+17.5,1.5,868.2,6.1
journal,32,1,450,64.6,58.4,53.6,17,21,29,36.2,23.6,811,+11.2,3.1,835.3,7.0
journal,32,1,475,67.4,56.8,52.8,19,23,30,33.4,21.8,1082,+16.3,4.8,818.6,6.8
journal,32,1,500,67.8,63.0,56.8,20,24,32,28.2,14.2,777,+19.3,5.4,881.9,6.6
journal,32,1,525,59.4,53.8,48.2,19,23,29,40.6,27.2,905,+9.9,3.9,747.2,7.4
journal,32,1,550,70.0,60.6,55.6,18,23,30,32.2,15.4,861,+13.5,5.6,865.5,6.9
journal,32,1,575,61.6,50.2,47.4,19,23,31,39.2,16.8,1041,+18.1,4.6,744.6,7.0
journal,32,1,599,61.0,52.8,45.8,17,21,28,42.0,26.8,897,+10.9,2.7,742.6,7.6
journal,32,2,25,0.0,0.0,0.0,0,0,0,96.2,44.4,689,-0.6,26.0,29.3,13.3
journal,32,2,50,0.4,0.0,0.0,0,0,0,92.4,35.2,512,-1.6,28.8,55.5,13.0
journal,32,2,75,22.8,7.2,6.8,26,30,40,81.2,36.6,1148,+9.7,18.0,171.7,11.8
journal,32,2,100,36.8,22.2,21.2,22,28,38,65.2,31.6,813,+11.6,38.0,375.4,11.3
journal,32,2,125,48.8,30.2,29.0,20,24,33,59.0,38.2,1133,+13.7,23.3,483.8,9.2
journal,32,2,150,36.6,29.8,26.2,17,21,28,66.8,53.6,912,+6.9,26.0,442.7,10.1
journal,32,2,175,45.0,38.0,33.0,19,24,31,57.6,38.6,816,+9.5,16.2,545.4,9.4
journal,32,2,200,48.6,39.4,32.2,18,22,29,58.0,40.2,1150,+4.7,10.3,537.1,7.9
journal,32,2,225,52.0,44.8,43.0,21,26,36,45.0,21.6,750,+8.8,14.4,661.5,8.4
journal,32,2,250,56.6,49.6,44.2,18,22,30,45.8,34.2,708,+9.6,12.5,707.3,8.0
journal,32,2,275,41.8,34.8,33.0,19,24,33,54.6,31.8,787,+10.1,11.9,530.3,9.3
journal,32,2,300,48.6,45.4,43.8,20,27,37,48.2,34.6,800,+6.8,11.8,659.8,7.8
journal,32,2,325,49.8,44.0,40.6,19,23,29,48.0,33.0,886,+12.9,12.0,642.0,8.4
journal,32,2,350,39.0,36.4,34.2,18,22,29,57.4,40.6,805,+9.3,13.9,540.5,9.2
journal,32,2,375,54.2,48.4,45.0,19,24,30,46.4,30.6,764,+10.5,13.1,705.3,7.9
journal,32,2,400,51.6,43.0,38.2,18,23,31,52.0,37.8,852,+8.9,11.6,621.3,8.8
journal,32,2,425,52.6,44.8,40.8,19,22,29,48.4,32.6,779,+9.7,12.6,652.0,8.8
journal,32,2,450,52.0,47.0,44.0,18,23,30,46.2,26.2,807,+12.7,11.0,685.9,8.5
journal,32,2,475,53.2,47.6,45.6,19,23,29,44.2,23.2,790,+11.4,10.7,704.5,7.4
journal,32,2,500,44.0,40.4,36.8,19,23,31,56.8,33.6,754,+5.3,7.9,580.3,9.0
journal,32,2,525,59.6,53.2,47.6,18,23,31,39.6,22.8,911,+9.3,10.9,742.2,7.2
journal,32,2,550,64.4,52.8,49.6,18,22,28,39.8,22.2,731,+13.7,6.7,785.4,7.3
journal,32,2,575,61.6,57.0,53.4,19,23,31,35.4,18.4,582,+12.4,4.2,823.5,6.6
journal,32,2,599,59.2,52.6,50.0,20,23,28,38.8,21.4,762,+11.7,5.9,767.8,7.2
journal,32,3,25,0.0,0.0,0.0,0,0,0,93.2,19.4,950,-0.6,51.5,27.1,13.3
journal,32,3,50,0.0,0.0,0.0,0,0,0,82.8,8.4,298,-3.3,46.6,68.0,14.2
journal,32,3,75,0.0,0.0,0.0,0,0,0,76.0,12.4,387,-3.4,33.3,79.9,14.4
journal,32,3,100,5.0,0.6,0.2,92,92,92,84.2,18.4,463,-2.2,14.3,88.1,14.0
journal,32,3,125,16.0,10.6,5.8,29,43,63,78.6,30.6,816,-0.0,16.2,169.0,13.1
journal,32,3,150,16.2,12.6,10.8,33,50,77,77.2,34.6,815,-1.1,13.9,209.3,12.6
journal,32,3,175,13.0,9.6,9.2,30,40,58,73.4,29.4,631,+0.3,7.9,192.3,13.2
journal,32,3,200,18.0,12.6,9.2,28,40,60,74.6,29.6,908,-2.1,11.0,207.6,12.8
journal,32,3,225,23.4,18.2,14.4,32,42,52,69.6,30.4,1123,-4.3,3.7,271.7,11.5
journal,32,3,250,24.4,16.6,12.4,28,39,62,76.8,36.0,1046,-4.1,9.0,248.2,11.6
journal,32,3,275,23.0,15.6,13.4,28,42,59,71.2,36.6,963,-3.1,9.3,249.5,11.7
journal,32,3,300,24.6,18.8,16.0,28,39,51,67.8,36.0,1100,-4.3,6.8,287.0,11.1
journal,32,3,325,29.0,20.2,14.8,25,34,56,71.0,51.4,1311,-1.1,8.9,276.2,11.2
journal,32,3,350,36.6,27.2,22.4,25,31,43,64.8,40.2,1281,+3.2,3.4,382.9,9.6
journal,32,3,375,30.4,23.4,21.2,24,30,39,68.8,41.0,1256,+5.8,5.9,342.8,10.7
journal,32,3,400,36.2,30.6,27.0,22,25,32,62.0,41.8,1097,+8.5,7.7,441.4,9.3
journal,32,3,425,32.8,30.6,28.4,22,26,31,60.6,39.6,902,+9.0,7.9,453.8,9.6
journal,32,3,450,35.4,26.2,23.4,19,24,31,65.2,41.6,1063,+9.7,12.1,400.5,10.2
journal,32,3,475,38.6,34.8,31.8,19,22,29,59.6,39.2,863,+8.6,9.1,509.9,9.7
journal,32,3,500,39.8,31.4,29.2,20,23,31,58.6,37.8,1087,+11.4,5.1,476.8,8.8
journal,32,3,525,36.6,34.4,32.2,20,24,32,59.0,37.0,960,+11.2,5.4,505.5,9.2
journal,32,3,550,44.0,39.0,35.0,18,22,29,55.8,36.2,1013,+12.9,6.3,563.4,8.3
journal,32,3,575,46.4,40.0,34.8,19,22,30,55.6,32.6,1026,+9.5,11.8,559.3,9.5
journal,32,3,599,41.4,34.2,29.6,20,24,34,60.0,38.4,981,+13.0,9.1,492.0,9.0
journal,32,4,25,0.6,0.0,0.0,0,0,0,96.8,57.2,662,-3.5,30.7,22.0,14.0
journal,32,4,50,10.2,9.0,7.8,32,53,83,77.8,19.0,429,+1.1,26.6,153.5,13.4
journal,32,4,75,17.2,14.4,11.6,28,40,65,76.0,48.2,1004,+11.8,21.9,201.3,11.2
journal,32,4,100,26.0,24.8,24.6,28,40,54,61.4,30.0,863,+12.1,10.1,366.3,10.5
journal,32,4,125,27.2,22.2,21.6,29,44,59,64.2,26.4,1050,+22.9,13.1,335.8,10.8
journal,32,4,150,28.0,23.6,22.8,30,44,59,63.2,24.0,816,+9.4,5.9,346.5,10.5
journal,32,4,175,26.0,20.8,18.8,33,45,56,66.2,24.2,887,+10.1,8.2,305.4,11.0
journal,32,4,200,32.0,28.8,27.2,31,46,60,60.4,34.4,1089,+15.1,10.6,393.7,9.8
journal,32,4,225,28.0,20.8,16.2,28,38,51,70.0,34.8,1445,+4.0,12.6,274.2,10.1
journal,32,4,250,18.2,14.4,12.8,30,51,68,68.6,23.2,894,+11.3,11.2,229.1,11.9
journal,32,4,275,27.6,23.2,20.0,35,46,61,63.2,27.0,1123,+8.5,5.8,313.7,10.9
journal,32,4,300,29.4,27.8,27.0,40,52,71,54.4,20.4,800,+17.2,9.2,381.5,10.9
journal,32,4,325,29.0,24.8,22.8,31,53,73,58.0,27.6,1066,+9.0,6.7,329.1,10.8
journal,32,4,350,27.2,25.0,20.8,34,58,72,63.8,31.4,1433,+8.7,10.9,294.1,10.0
journal,32,4,375,31.6,24.2,23.6,33,49,64,61.4,25.6,1094,+16.9,8.5,350.0,10.4
journal,32,4,400,26.6,25.2,23.6,34,54,73,62.0,28.4,1041,+9.2,13.3,332.9,10.1
journal,32,4,425,21.6,19.4,18.2,34,52,71,67.8,27.8,964,+11.5,11.0,275.7,10.8
journal,32,4,450,28.8,26.6,25.8,36,51,66,59.4,30.8,1232,+24.2,9.5,357.8,10.2
journal,32,4,475,27.4,24.4,23.8,28,48,65,58.6,25.2,981,+16.0,5.7,353.2,11.2
journal,32,4,500,28.2,24.6,23.6,34,52,74,59.2,17.6,886,+14.6,5.3,344.8,10.8
journal,32,4,525,25.0,24.2,24.2,42,55,69,62.2,26.2,906,+19.9,4.0,326.8,10.1
journal,32,4,550,28.8,28.0,27.8,39,51,64,58.2,29.2,1049,+21.2,4.9,384.4,9.5
journal,32,4,575,27.2,25.0,24.2,41,51,64,60.4,26.4,979,+24.5,5.6,357.1,10.7
journal,32,4,599,24.0,23.2,22.2,42,50,68,64.6,35.2,1035,+14.9,7.8,314.5,10.4
journal,32,5,25,0.2,0.0,0.0,0,0,0,93.0,25.2,613,-1.3,50.1,35.7,14.7
journal,32,5,50,4.4,3.8,3.0,43,53,90,83.6,28.6,498,+2.1,47.9,94.2,14.0
journal,32,5,75,10.4,7.8,5.6,29,35,54,84.8,27.6,829,+1.4,34.5,123.5,13.9
journal,32,5,100,16.4,13.2,12.2,36,44,57,74.0,32.4,1555,+8.2,34.8,180.0,12.1
journal,32,5,125,14.4,13.8,13.6,32,49,60,75.2,40.6,860,+12.1,32.9,220.0,11.8
journal,32,5,150,17.6,15.6,14.2,31,43,52,66.8,31.6,1102,+11.8,17.4,243.1,11.6
journal,32,5,175,20.4,17.2,15.0,36,48,61,70.4,34.8,1205,+8.2,21.0,241.3,11.0
journal,32,5,200,27.2,25.8,23.2,33,48,62,61.4,20.8,828,+14.9,26.2,350.2,10.6
journal,32,5,225,23.4,20.0,19.4,33,46,68,69.6,38.0,911,+18.6,19.7,303.6,10.8
journal,32,5,250,24.2,21.2,18.8,46,57,76,67.0,20.4,994,+9.9,16.8,273.5,11.6
journal,32,5,275,31.6,30.8,30.4,37,48,58,52.0,15.8,624,+20.0,14.2,439.3,10.6
journal,32,5,300,23.6,21.6,19.6,37,48,62,66.0,23.8,726,+10.9,13.7,318.6,10.9
journal,32,5,325,25.6,23.2,22.4,34,45,59,62.6,32.0,812,+17.5,10.9,353.5,10.9
journal,32,5,350,27.8,26.0,26.0,40,51,63,58.4,18.0,636,+17.3,13.0,385.6,10.1
journal,32,5,375,25.2,22.0,20.4,41,52,67,61.4,26.6,1467,+23.7,12.4,301.1,10.3
journal,32,5,400,17.2,16.2,15.6,44,52,69,66.4,31.6,810,+11.3,13.9,252.8,11.6
journal,32,5,425,17.6,17.2,16.8,49,59,75,65.4,24.8,735,+13.4,13.2,253.1,12.0
journal,32,5,450,21.2,19.6,19.4,42,52,66,62.4,28.6,746,+16.7,6.4,301.7,11.4
journal,32,5,475,18.6,17.4,17.2,44,53,67,65.4,25.2,684,+16.1,5.5,278.4,11.4
journal,32,5,500,24.6,21.6,19.2,46,55,73,63.6,24.4,1028,+9.0,8.4,290.8,10.6
journal,32,5,525,22.8,21.2,18.6,47,58,75,63.8,25.6,918,+15.2,8.6,286.0,10.1
journal,32,5,550,16.0,15.8,15.0,49,58,73,71.4,35.0,982,+8.5,5.4,217.4,11.4
journal,32,5,575,20.0,19.0,17.6,40,47,64,67.2,25.2,646,+10.4,5.3,287.2,11.2
journal,32,5,599,21.6,20.0,19.6,39,48,59,64.8,29.0,781,+15.3,3.8,307.7,11.0
journal,32,6,25,1.2,0.6,0.4,39,61,61,94.2,29.6,602,-1.3,33.6,46.2,14.4
journal,32,6,50,18.0,13.8,13.4,26,36,52,77.4,16.2,785,+0.0,34.7,223.1,12.4
journal,32,6,75,37.2,35.4,33.0,24,31,41,56.8,13.4,779,+6.7,43.3,494.0,10.2
journal,32,6,100,63.8,55.0,44.2,17,22,30,43.6,22.6,891,+6.8,38.3,734.0,7.2
journal,32,6,125,53.2,45.2,42.6,20,24,32,46.0,23.8,615,+12.1,50.6,675.3,8.4
journal,32,6,150,65.8,54.2,50.6,19,23,29,38.6,28.0,894,+19.4,25.0,791.2,6.6
journal,32,6,175,61.0,50.6,44.8,18,22,28,40.8,28.2,996,+14.3,27.8,719.8,7.7
journal,32,6,200,62.0,56.0,47.2,16,20,27,41.4,28.4,781,+10.1,38.1,776.6,7.9
journal,32,6,225,60.6,54.6,49.2,17,20,27,38.6,26.6,822,+14.0,40.6,779.4,7.8
journal,32,6,250,60.8,54.6,50.4,18,21,28,37.6,24.6,924,+18.5,43.7,780.2,7.1
journal,32,6,275,56.2,52.6,46.0,18,23,31,42.0,18.8,705,+10.3,42.6,729.8,8.4
journal,32,6,300,61.8,50.6,47.4,19,24,32,40.6,26.2,1054,+21.6,32.3,742.4,7.2
journal,32,6,325,55.8,46.0,43.2,20,24,32,42.6,24.4,1069,+15.0,28.0,663.2,8.2
journal,32,6,350,56.0,47.2,42.4,20,24,30,45.4,31.2,1050,+10.4,32.7,658.5,7.7
journal,32,6,375,53.4,48.6,46.4,20,26,33,42.2,26.6,869,+10.5,17.9,691.1,7.6
journal,32,6,400,56.8,49.4,41.8,17,21,28,46.2,34.4,821,+8.8,14.1,682.1,7.8
journal,32,6,425,58.4,46.4,43.4,19,23,28,46.4,30.8,978,+13.1,12.3,683.7,7.7
journal,32,6,450,64.0,55.2,51.4,19,24,34,38.0,24.2,1022,+14.7,13.2,786.6,6.9
journal,32,6,475,70.8,63.4,57.8,18,23,31,29.6,17.6,918,+16.2,16.1,890.7,6.2
journal,32,6,500,59.4,51.0,49.4,18,21,28,38.2,21.4,1030,+19.7,11.2,756.6,7.6
journal,32,6,525,55.4,49.8,43.8,17,21,26,47.0,29.0,908,+10.2,12.1,696.1,7.6
journal,32,6,550,68.2,57.0,54.4,19,24,32,30.0,10.8,764,+14.9,13.3,841.1,7.1
journal,32,6,575,60.6,51.2,44.6,18,22,30,41.8,24.4,841,+10.7,20.4,721.2,8.1
journal,32,6,599,65.8,57.6,50.2,17,22,30,40.2,24.6,1005,+11.0,16.8,790.3,6.9
journal,32,7,25,0.2,0.0,0.0,0,0,0,92.0,22.2,602,-3.4,48.9,45.4,13.9
journal,32,7,50,3.4,1.6,1.6,39,49,57,93.0,44.6,768,-0.8,29.9,53.6,14.3
journal,32,7,75,19.0,15.2,14.0,26,31,40,74.8,37.4,695,+0.2,24.9,244.6,12.4
journal,32,7,100,37.2,22.4,21.4,19,24,34,70.6,45.2,1316,+11.0,16.5,355.2,9.1
journal,32,7,125,41.8,24.4,20.0,18,22,33,72.4,52.4,1361,+5.6,13.2,359.7,9.0
journal,32,7,150,53.0,46.2,41.4,17,22,32,51.4,37.6,1033,+13.1,14.1,645.4,8.1
journal,32,7,175,50.2,39.8,36.4,20,26,38,57.0,38.8,1403,+19.5,20.2,563.6,7.4
journal,32,7,200,52.6,46.2,37.8,20,26,34,50.0,30.6,1211,+7.7,25.2,596.8,8.8
journal,32,7,225,69.4,62.0,52.8,17,22,32,38.0,28.6,1042,+12.8,21.1,833.1,6.4
journal,32,7,250,41.8,34.0,31.0,18,24,36,57.0,35.2,996,+9.3,12.9,508.3,9.7
journal,32,7,275,56.6,52.2,49.0,16,20,29,40.8,29.0,815,+10.4,18.3,756.0,7.8
journal,32,7,300,56.4,51.2,47.8,16,21,30,45.2,34.8,984,+14.9,20.3,731.4,6.9
journal,32,7,325,60.2,38.2,36.0,17,22,31,53.0,32.0,1635,+21.0,17.6,586.6,7.8
journal,32,7,350,47.8,43.8,36.2,18,23,32,54.4,42.0,1108,+6.0,21.4,579.5,8.8
journal,32,7,375,60.8,53.2,49.2,17,22,30,42.6,30.8,958,+12.8,22.0,760.5,6.5
journal,32,7,400,62.6,51.4,43.8,20,25,34,41.4,25.2,1161,+18.6,22.4,712.9,7.4
journal,32,7,425,62.2,54.4,44.0,16,21,29,48.2,34.4,1110,+6.3,18.5,717.4,7.4
journal,32,7,450,65.0,60.6,56.4,18,22,30,35.0,24.6,1160,+17.6,20.7,848.4,5.8
journal,32,7,475,65.2,60.0,54.6,19,23,32,31.6,19.2,729,+13.8,17.2,851.6,6.7
journal,32,7,500,54.8,45.6,41.0,19,24,34,45.0,30.0,780,+10.1,11.1,661.7,8.0
journal,32,7,525,59.8,50.0,43.4,16,20,29,47.0,34.2,1028,+12.2,18.7,708.2,7.5
journal,32,7,550,58.4,54.2,50.0,17,21,32,42.4,23.8,1149,+12.6,14.7,756.3,7.4
journal,32,7,575,57.4,52.2,43.4,17,23,35,43.4,26.0,1096,+8.9,16.3,684.9,8.3
journal,32,7,599,66.0,57.8,49.2,17,23,33,37.2,22.8,975,+8.2,22.9,780.7,7.5
journal,32,8,25,0.0,0.0,0.0,0,0,0,96.4,54.2,805,-0.9,21.3,28.8,13.9
journal,32,8,50,6.8,6.2,5.6,31,46,69,86.4,40.2,528,-1.2,19.7,133.4,13.4
journal,32,8,75,41.4,30.0,28.4,21,27,39,60.8,35.0,1379,+12.1,15.1,451.8,9.1
journal,32,8,100,43.6,40.2,35.0,20,27,35,54.6,23.6,779,+4.1,15.4,551.2,9.1
journal,32,8,125,58.2,50.0,43.2,17,22,29,48.4,27.4,907,+9.4,9.6,699.4,7.3
journal,32,8,150,52.2,44.4,41.0,20,25,37,50.0,30.4,678,+9.1,6.8,649.7,8.3
journal,32,8,175,52.0,40.8,39.8,21,26,35,47.2,23.0,838,+16.3,8.9,625.5,8.6
journal,32,8,200,51.0,44.0,40.8,19,24,32,48.4,25.4,1268,+15.9,7.8,635.8,7.6
journal,32,8,225,62.8,57.4,52.6,19,22,27,35.8,18.6,705,+13.6,9.9,821.9,7.1
journal,32,8,250,60.8,53.6,49.4,18,23,31,39.6,26.0,1174,+18.3,6.4,762.2,7.0
journal,32,8,275,70.2,58.8,54.4,19,23,30,36.6,19.0,729,+14.1,4.9,860.6,6.8
journal,32,8,300,52.6,46.2,42.2,19,23,31,46.6,31.2,881,+11.6,4.6,669.4,8.2
journal,32,8,325,59.4,45.8,40.4,21,26,35,41.2,25.8,1093,+12.5,4.0,653.9,8.1
journal,32,8,350,62.2,53.0,48.2,18,22,32,42.2,25.0,977,+10.9,8.1,763.0,6.8
journal,32,8,375,55.8,51.8,46.0,18,22,29,43.2,26.0,782,+13.5,4.8,726.1,8.0
journal,32,8,400,49.4,43.6,37.0,19,24,33,52.4,37.8,1059,+8.9,6.2,596.0,8.6
journal,32,8,425,68.8,58.4,44.8,17,21,29,42.8,25.8,952,+11.4,15.6,759.7,7.8
journal,32,8,450,67.2,61.8,55.0,18,22,29,33.8,19.2,750,+11.8,11.1,858.8,7.1
journal,32,8,475,60.0,51.0,45.4,18,22,31,45.0,30.2,738,+10.8,12.4,728.3,7.5
journal,32,8,500,59.8,51.6,48.6,17,21,30,42.4,29.0,905,+13.0,11.5,754.4,7.5
journal,32,8,525,62.6,56.6,52.6,19,24,32,35.4,24.4,839,+16.7,15.2,801.1,6.8
journal,32,8,550,49.4,43.4,39.0,19,22,33,52.6,40.0,914,+9.8,13.5,623.2,7.8
journal,32,8,575,61.8,54.0,45.6,16,20,28,45.8,29.4,941,+11.5,16.4,747.4,7.7
journal,32,8,599,51.0,43.6,36.8,18,22,29,54.0,34.2,788,+11.0,13.9,616.4,8.7
recall,32,1,25,0.0,0.0,0.0,0,0,0,87.0,4.0,636,-0.8,63.6,42.3,14.1
recall,32,1,50,9.2,7.4,6.4,37,47,67,82.0,5.0,534,+0.9,31.8,129.2,13.4
recall,32,1,75,37.0,30.6,23.2,20,24,32,66.0,37.4,678,+3.7,18.4,426.4,10.4
recall,32,1,100,55.4,49.8,45.6,21,27,37,41.8,12.4,542,+10.9,10.1,708.5,8.0
recall,32,1,125,57.2,51.0,40.4,17,23,33,48.4,32.0,831,+11.6,15.7,670.8,7.1
recall,32,1,150,59.6,54.6,49.2,20,24,32,41.2,20.6,801,+12.4,14.9,765.8,6.6
recall,32,1,175,59.0,54.6,47.8,18,23,32,45.6,31.0,794,+9.8,16.5,750.7,6.6
recall,32,1,200,59.2,50.0,46.8,18,24,34,46.2,31.8,902,+14.5,20.1,727.8,7.4
recall,32,1,225,66.4,58.2,50.4,19,23,29,42.4,31.0,961,+13.2,21.0,797.6,5.7
recall,32,1,250,62.6,56.6,53.8,17,21,29,38.4,17.6,496,+8.0,22.2,842.1,6.6
recall,32,1,275,53.0,45.0,38.2,17,22,29,52.4,41.8,974,+11.3,13.0,630.3,7.4
recall,32,1,300,64.2,61.0,52.2,19,24,30,41.4,27.6,902,+14.0,19.8,812.4,6.2
recall,32,1,325,55.4,50.0,43.4,17,21,29,47.6,27.6,794,+5.9,18.2,699.3,7.8
recall,32,1,350,53.2,45.8,41.0,18,21,28,52.8,41.0,841,+7.0,15.2,654.3,7.5
recall,32,1,375,61.6,47.0,43.0,18,22,30,50.8,36.8,1151,+16.5,20.3,687.5,6.7
recall,32,1,400,57.6,49.6,41.4,15,19,28,49.6,33.6,797,+5.9,15.9,691.4,8.0
recall,32,1,425,58.4,49.2,47.0,17,21,27,44.8,31.6,895,+13.0,12.1,732.3,7.3
recall,32,1,450,49.6,48.2,45.0,18,22,30,49.8,31.6,719,+8.1,16.5,688.5,8.0
recall,32,1,475,56.4,52.4,49.0,19,23,32,37.2,14.8,529,+15.1,15.2,764.3,7.7
recall,32,1,500,51.6,45.0,39.8,18,22,28,51.8,39.4,917,+13.1,16.3,639.0,7.7
recall,32,1,525,61.2,58.8,51.8,18,21,27,40.0,22.0,817,+12.2,23.4,806.6,7.0
recall,32,1,550,62.2,58.6,51.8,18,21,27,40.8,27.2,832,+11.4,10.5,812.9,6.5
recall,32,1,575,57.8,53.6,48.2,20,23,27,40.8,23.4,720,+15.4,12.1,758.6,7.4
recall,32,1,599,56.4,52.0,44.4,17,21,26,45.6,25.8,890,+12.8,3.1,713.6,7.9
recall,32,2,25,0.0,0.0,0.0,0,0,0,93.0,25.0,517,-0.7,45.0,39.8,13.4
recall,32,2,50,6.6,6.4,5.6,34,45,60,83.4,23.2,419,+0.1,27.0,122.3,13.0
recall,32,2,75,33.0,26.2,18.6,29,37,49,68.8,20.2,1327,+3.7,45.5,301.9,11.2
recall,32,2,100,40.0,34.6,28.8,23,29,41,56.0,19.2,963,+3.1,24.3,457.8,10.6
recall,32,2,125,64.6,56.8,50.0,21,26,35,35.4,13.0,946,+11.3,16.5,773.7,8.0
recall,32,2,150,62.4,54.4,49.4,18,21,29,39.0,20.4,881,+13.4,16.2,774.4,7.0
recall,32,2,175,61.2,59.0,52.2,19,25,35,29.4,7.2,772,+11.6,20.7,799.5,7.7
recall,32,2,200,62.8,50.2,44.4,19,23,30,39.2,30.6,1027,+12.5,27.3,705.4,8.5
recall,32,2,225,61.2,54.0,43.6,16,20,27,48.0,33.2,1021,+9.6,26.4,723.9,7.6
recall,32,2,250,72.6,68.0,58.8,18,21,28,26.4,15.6,857,+14.7,29.8,918.7,6.6
recall,32,2,275,68.2,60.4,51.0,19,23,29,32.2,18.6,833,+10.5,29.6,814.7,7.7
recall,32,2,300,67.8,53.8,47.6,19,23,32,35.4,20.2,1116,+15.8,30.6,755.7,7.5
recall,32,2,325,73.4,63.6,56.6,18,23,31,29.0,14.2,733,+15.4,35.2,894.5,6.7
recall,32,2,350,66.4,58.0,46.0,17,21,29,38.6,24.2,801,+10.3,40.4,772.8,7.4
recall,32,2,375,54.0,50.4,47.0,21,26,37,41.4,21.2,731,+11.1,28.7,707.6,7.8
recall,32,2,400,38.0,36.2,33.0,18,23,32,57.0,33.0,725,+8.4,26.6,507.7,9.4
recall,32,2,425,57.8,54.2,50.2,18,22,32,40.8,26.4,726,+10.0,33.0,766.0,6.6
recall,32,2,450,63.4,57.4,46.8,17,21,28,41.8,28.2,934,+12.4,25.2,761.6,7.8
recall,32,2,475,64.6,57.6,51.0,17,21,32,35.4,21.2,953,+18.0,27.2,802.0,7.3
recall,32,2,500,57.2,51.4,43.6,18,23,31,41.6,19.6,878,+9.6,34.5,698.9,8.2
recall,32,2,525,58.4,55.6,50.4,17,22,31,38.2,10.6,539,+11.3,21.3,789.6,8.0
recall,32,2,550,62.6,54.4,47.0,18,23,34,37.2,22.4,713,+12.4,24.2,754.5,8.1
recall,32,2,575,61.0,55.0,43.8,16,20,26,42.6,26.6,1047,+13.7,25.6,725.5,7.6
recall,32,2,599,62.6,51.2,44.4,18,23,32,42.8,26.8,729,+10.1,26.4,729.7,7.6
recall,32,3,25,0.0,0.0,0.0,0,0,0,95.6,64.2,792,-2.1,45.0,18.8,13.3
recall,32,3,50,1.6,0.6,0.2,37,37,37,92.2,30.4,847,-1.0,34.8,33.8,14.0
recall,32,3,75,25.8,20.8,16.4,24,32,42,70.0,32.4,784,+6.1,24.6,293.6,11.6
recall,32,3,100,44.0,35.2,33.0,23,29,41,51.8,25.8,760,+10.1,30.7,521.1,9.4
recall,32,3,125,62.4,50.0,43.8,18,22,31,45.2,30.8,736,+10.0,18.3,722.2,7.6
recall,32,3,150,67.6,57.2,54.2,19,22,31,37.6,24.6,859,+15.3,15.6,838.4,5.9
recall,32,3,175,60.2,51.8,46.2,19,23,30,47.6,39.2,1061,+17.1,15.9,723.2,6.0
recall,32,3,200,65.2,56.8,50.2,17,21,28,38.4,25.0,644,+13.7,17.8,812.3,7.2
recall,32,3,225,60.4,55.6,52.0,20,25,35,39.0,25.6,818,+21.2,10.7,792.7,6.8
recall,32,3,250,64.4,59.8,52.6,18,24,33,37.4,21.0,627,+10.2,12.2,827.8,7.0
recall,32,3,275,66.6,60.4,54.6,19,23,33,34.0,23.0,746,+15.9,14.8,848.7,6.4
recall,32,3,300,70.8,62.8,59.6,18,21,27,31.4,19.8,735,+18.0,10.8,922.7,5.6
recall,32,3,325,68.2,63.0,59.4,17,21,29,32.4,20.2,711,+17.8,14.5,911.3,5.8
recall,32,3,350,49.6,46.4,37.8,18,23,29,48.0,19.4,529,+8.2,10.8,635.0,9.1
recall,32,3,375,60.0,54.0,51.4,18,22,29,37.8,19.6,737,+17.8,12.5,796.4,6.8
recall,32,3,400,66.4,62.2,57.4,20,25,33,26.6,11.6,700,+11.2,16.0,871.5,7.0
recall,32,3,425,65.6,60.4,53.8,17,21,28,37.6,17.2,621,+11.3,11.7,857.8,6.7
recall,32,3,450,56.0,50.6,43.8,18,22,30,42.6,26.2,702,+13.7,12.3,707.2,8.2
recall,32,3,475,54.8,50.6,47.0,19,23,31,40.0,15.8,684,+6.6,6.1,727.8,7.9
recall,32,3,500,56.6,52.0,47.8,18,22,31,41.2,14.0,554,+10.4,3.7,753.2,8.2
recall,32,3,525,58.4,55.0,49.6,17,21,27,41.8,18.8,551,+11.7,2.2,781.9,7.6
recall,32,3,550,61.8,56.0,49.2,16,20,28,43.2,30.2,793,+11.5,5.6,791.0,7.5
recall,32,3,575,63.2,52.4,45.6,17,21,28,38.6,16.8,658,+10.3,8.3,753.8,8.0
recall,32,3,599,61.4,50.0,43.6,16,19,28,47.2,31.4,744,+9.5,6.3,724.4,7.1
recall,32,4,25,0.0,0.0,0.0,0,0,0,92.8,31.8,386,-3.1,16.8,50.8,13.6
recall,32,4,50,1.4,0.6,0.4,66,68,68,86.8,28.2,609,-0.6,8.6,67.1,13.7
recall,32,4,75,27.2,23.0,21.6,26,31,42,69.8,14.0,725,+5.7,18.3,345.4,10.8
recall,32,4,100,49.8,45.8,44.0,22,31,43,43.0,10.2,410,+8.1,17.8,663.7,8.7
recall,32,4,125,46.4,40.4,38.0,19,24,31,49.4,23.2,648,+12.8,11.6,603.8,9.6
recall,32,4,150,50.0,44.0,40.0,20,26,37,44.4,12.6,639,+13.5,7.5,637.8,9.1
recall,32,4,175,47.4,42.2,34.4,17,23,32,52.6,24.0,598,+7.9,4.6,580.3,9.1
recall,32,4,200,60.2,51.2,41.8,16,20,27,47.4,29.6,706,+9.4,2.3,705.8,8.2
recall,32,4,225,64.6,49.8,39.2,16,19,25,50.0,35.2,975,+9.5,6.3,678.8,8.0
recall,32,4,250,58.2,53.6,48.2,19,23,32,41.0,19.2,531,+12.2,0.9,759.3,7.7
recall,32,4,275,56.6,49.6,46.8,18,22,31,40.2,19.8,594,+14.1,7.6,742.3,7.6
recall,32,4,300,43.8,39.8,33.8,19,23,32,53.8,26.6,743,+11.1,0.5,560.4,9.9
recall,32,4,325,54.2,50.8,45.8,21,27,37,45.0,21.8,692,+10.6,1.5,703.6,7.6
recall,32,4,350,60.4,57.0,49.6,17,21,29,39.0,27.4,660,+13.8,2.3,788.5,6.8
recall,32,4,375,53.4,49.8,45.0,19,25,33,45.2,21.4,609,+8.0,5.9,708.2,8.0
recall,32,4,400,59.2,49.2,47.8,19,25,36,41.4,26.0,811,+19.1,5.9,739.9,6.5
recall,32,4,425,54.4,49.0,46.8,19,24,35,43.2,30.6,786,+11.9,3.1,714.8,6.9
recall,32,4,450,46.6,41.6,38.2,17,22,29,53.8,35.0,777,+14.1,3.2,613.2,8.3
recall,32,4,475,56.6,51.4,43.2,17,21,29,45.8,26.4,708,+9.0,8.2,704.3,8.3
recall,32,4,500,50.4,42.0,38.2,17,22,30,54.4,41.2,832,+14.3,5.8,620.1,7.8
recall,32,4,525,56.4,45.0,41.0,17,22,32,47.8,32.2,789,+13.6,0.8,670.2,8.0
recall,32,4,550,41.6,39.8,36.8,20,23,29,47.4,26.4,600,+14.8,5.0,593.6,9.9
recall,32,4,575,52.8,49.0,41.2,20,24,29,47.0,29.0,713,+10.1,1.3,666.9,8.5
recall,32,4,599,54.2,48.4,42.0,18,22,28,50.2,35.2,898,+9.8,3.1,672.8,7.0
recall,32,5,25,0.4,0.0,0.0,0,0,0,94.6,18.6,837,-3.5,47.2,32.5,14.2
recall,32,5,50,3.4,1.6,0.6,37,47,71,88.8,38.8,657,-2.0,24.0,59.4,13.2
recall,32,5,75,17.8,14.6,13.2,33,45,65,72.8,40.6,760,+4.1,11.3,227.1,12.4
recall,32,5,100,29.8,26.8,24.0,39,52,67,51.4,15.2,721,+17.0,11.9,369.3,10.8
recall,32,5,125,20.0,18.0,16.2,47,58,75,60.0,19.6,692,+5.7,11.0,255.2,11.4
recall,32,5,150,16.8,13.8,13.2,49,59,76,67.2,9.0,579,+5.7,2.3,213.1,12.6
recall,32,5,175,17.4,14.8,14.6,43,54,71,65.2,6.2,284,+4.3,3.6,250.6,11.4
recall,32,5,200,17.0,14.4,13.8,49,59,79,64.8,5.8,431,+3.7,1.3,230.0,13.8
recall,32,5,225,8.6,8.6,8.4,57,70,86,79.6,5.6,938,+2.5,0.4,115.7,13.8
recall,32,5,250,5.6,5.6,5.4,53,60,79,86.0,26.4,956,+1.0,0.4,84.3,13.6
recall,32,5,275,1.2,1.2,0.8,48,63,64,89.0,24.2,1151,-0.1,1.1,25.9,14.4
recall,32,5,300,8.2,7.6,7.6,51,59,81,73.6,4.4,833,+2.6,0.4,125.4,14.3
recall,32,5,325,6.0,5.6,5.4,48,55,69,83.8,14.0,999,+1.8,0.6,93.8,14.5
recall,32,5,350,5.6,2.6,1.0,43,61,68,83.6,19.2,811,-0.8,7.1,67.1,13.7
recall,32,5,375,22.0,18.6,15.4,25,33,45,69.0,10.4,767,+4.6,9.5,272.4,12.7
recall,32,5,400,42.2,37.0,34.2,20,24,31,58.0,24.8,664,+8.0,2.6,536.0,9.8
recall,32,5,425,36.4,33.6,28.8,23,30,40,61.2,24.0,733,+6.4,2.5,456.5,10.5
recall,32,5,450,37.6,31.8,27.2,17,22,29,62.0,33.8,671,+9.1,8.3,468.4,10.6
recall,32,5,475,39.0,31.0,26.2,18,23,30,64.2,33.8,663,+5.8,7.7,455.8,10.5
recall,32,5,500,42.2,38.0,33.4,19,23,31,52.0,28.2,629,+12.2,15.2,553.4,9.8
recall,32,5,525,44.0,38.8,33.4,18,22,29,59.0,39.4,831,+13.2,12.5,554.1,8.9
recall,32,5,550,52.0,46.6,42.0,17,22,32,50.8,26.8,599,+11.2,11.2,675.5,7.8
recall,32,5,575,50.2,40.4,34.6,20,24,32,54.2,29.8,928,+10.2,5.0,565.7,8.4
recall,32,5,599,51.4,44.0,36.4,18,22,29,55.2,26.6,730,+7.8,6.7,611.7,9.0
recall,32,6,25,1.8,0.4,0.0,0,0,0,94.2,35.2,798,-3.1,32.0,36.2,13.8
recall,32,6,50,10.2,5.8,5.6,35,48,72,83.0,32.2,924,+8.0,11.4,122.4,11.7
recall,32,6,75,41.4,37.8,32.8,24,29,40,50.4,15.8,546,+10.2,23.4,524.6,9.6
recall,32,6,100,44.6,38.8,30.6,21,26,39,59.2,37.4,1030,+3.1,5.7,499.1,9.8
recall,32,6,125,45.0,42.4,40.6,20,24,32,53.0,41.0,966,+10.7,2.0,592.6,8.2
recall,32,6,150,66.0,62.6,54.8,17,22,28,36.0,24.0,746,+12.7,2.1,860.9,6.9
recall,32,6,175,59.0,49.2,44.4,18,23,32,43.6,23.6,818,+17.1,2.6,716.7,8.1
recall,32,6,200,57.2,55.0,51.4,17,21,30,39.2,19.8,737,+11.1,7.7,786.3,7.3
recall,32,6,225,56.6,51.8,48.6,17,23,33,39.4,21.4,953,+15.6,6.2,747.4,7.6
recall,32,6,250,75.6,69.8,64.8,18,22,32,24.4,9.6,613,+15.8,9.4,995.3,5.3
recall,32,6,275,76.0,70.4,67.6,16,21,30,24.8,14.4,734,+16.5,7.5,1023.4,4.7
recall,32,6,300,49.8,43.6,41.2,20,25,37,34.8,4.6,509,+14.5,7.2,649.2,10.1
recall,32,6,325,74.2,65.2,56.8,18,23,31,27.6,15.0,738,+15.2,8.9,906.9,6.5
recall,32,6,350,80.6,76.6,67.0,17,23,34,18.6,7.6,676,+13.8,22.3,1036.1,5.3
recall,32,6,375,70.2,63.8,54.0,19,23,33,29.0,10.4,609,+10.0,22.2,864.0,7.3
recall,32,6,400,76.4,67.4,54.8,17,22,31,32.4,20.2,833,+9.4,24.5,889.5,6.9
recall,32,6,425,48.6,36.2,34.2,19,25,36,44.6,21.6,912,+20.1,25.5,567.9,9.0
recall,32,6,450,69.4,60.6,49.0,18,23,31,35.0,25.8,840,+12.8,18.1,801.0,7.4
recall,32,6,475,59.2,42.6,36.2,17,21,29,48.2,25.0,846,+10.1,17.7,621.8,8.5
recall,32,6,500,71.8,62.8,55.2,16,20,30,34.0,19.6,717,+15.0,24.2,889.2,6.5
recall,32,6,525,65.2,56.2,45.8,16,21,30,37.2,20.8,872,+14.8,27.2,768.2,7.8
recall,32,6,550,68.6,58.4,49.0,16,21,31,38.2,26.0,880,+10.2,26.9,794.2,7.1
recall,32,6,575,69.6,63.0,51.4,17,21,30,36.4,23.2,819,+10.9,26.4,836.6,6.7
recall,32,6,599,60.6,58.2,53.8,16,20,28,34.6,17.4,678,+11.5,19.1,839.3,6.9
recall,32,7,25,0.8,0.2,0.0,0,0,0,96.0,57.4,801,-1.8,30.3,27.2,13.4
recall,32,7,50,4.6,4.0,3.6,43,65,92,88.2,45.2,688,-3.0,6.4,82.8,12.7
recall,32,7,75,4.4,3.8,3.4,46,55,92,91.2,57.0,904,-3.8,4.0,63.7,12.5
recall,32,7,100,11.2,9.0,8.4,40,53,70,76.0,14.8,838,-1.4,8.1,138.5,12.5
recall,32,7,125,13.6,12.0,8.6,32,44,61,79.2,36.4,1026,+2.8,1.3,162.3,12.5
recall,32,7,150,22.0,20.8,20.2,41,50,67,69.6,20.2,634,+3.9,7.9,285.8,10.6
recall,32,7,175,24.4,23.2,21.2,31,40,58,61.0,25.0,776,+15.6,14.2,331.3,10.6
recall,32,7,200,32.4,31.0,29.2,28,38,56,58.4,21.0,672,+16.6,4.9,444.2,9.6
recall,32,7,225,32.6,30.8,29.6,28,43,61,56.8,23.8,886,+16.4,5.0,423.1,9.9
recall,32,7,250,30.4,28.6,26.4,28,35,45,59.4,25.8,712,+12.8,4.0,410.8,10.5
recall,32,7,275,36.6,35.4,31.6,33,43,57,49.8,22.4,955,+15.1,8.0,453.6,9.1
recall,32,7,300,24.6,23.6,23.0,32,40,59,59.4,12.6,542,+9.4,5.2,351.2,11.4
recall,32,7,325,27.0,26.0,25.2,34,43,55,55.2,21.4,614,+15.2,5.0,376.8,10.6
recall,32,7,350,29.0,28.0,26.6,37,49,66,54.4,21.2,843,+12.7,6.4,369.8,10.2
recall,32,7,375,25.0,23.4,23.0,33,40,56,58.8,20.8,622,+11.5,4.9,356.6,11.3
recall,32,7,400,26.2,25.6,24.4,29,37,52,58.2,24.6,652,+14.4,5.4,371.7,11.1
recall,32,7,425,31.2,30.6,29.4,31,40,56,52.0,15.2,665,+12.3,2.8,428.3,10.4
recall,32,7,450,21.4,19.8,18.8,32,43,56,65.4,27.4,727,+12.1,4.2,297.0,12.0
recall,32,7,475,27.6,26.6,25.8,33,43,59,58.0,24.0,691,+20.8,2.8,381.1,10.2
recall,32,7,500,30.4,28.6,28.2,30,39,54,57.2,24.4,736,+23.8,3.1,423.8,10.0
recall,32,7,525,32.8,31.8,31.0,29,36,49,53.6,22.4,727,+28.8,2.7,466.9,9.8
recall,32,7,550,28.0,27.2,27.0,31,38,54,56.2,20.4,547,+17.0,3.9,402.9,10.5
recall,32,7,575,22.2,22.0,21.6,32,42,62,65.4,37.8,846,+17.1,2.7,318.4,10.2
recall,32,7,599,31.2,28.0,26.6,28,34,47,61.4,26.6,920,+21.3,1.5,412.8,9.2
recall,32,8,25,0.6,0.2,0.2,55,55,55,92.0,10.4,819,-1.2,21.2,39.6,13.6
recall,32,8,50,10.2,5.2,3.0,28,34,63,86.2,38.2,880,-3.6,23.8,97.1,12.8
recall,32,8,75,36.4,33.6,31.0,26,34,53,58.4,15.2,796,+4.8,26.6,455.7,10.1
recall,32,8,100,63.2,56.4,49.0,20,24,30,38.4,19.8,672,+13.8,34.7,779.4,6.9
recall,32,8,125,71.4,69.2,64.2,19,23,30,28.6,15.2,956,+14.3,25.8,951.5,4.9
recall,32,8,150,60.8,56.2,49.4,19,24,32,38.4,16.0,675,+15.9,27.1,774.5,7.1
recall,32,8,175,59.2,55.2,53.0,18,23,31,38.0,24.0,609,+14.6,14.0,800.9,6.6
recall,32,8,200,61.0,54.6,50.4,20,25,39,37.8,23.2,532,+11.9,16.5,781.3,6.8
recall,32,8,225,61.0,52.8,47.0,17,23,34,41.8,32.8,696,+8.3,10.1,752.1,7.5
recall,32,8,250,69.6,61.4,51.0,16,20,31,36.6,21.6,641,+10.1,4.3,837.0,7.0
recall,32,8,275,65.8,59.4,54.6,17,24,33,37.2,23.0,653,+18.5,21.2,848.1,6.0
recall,32,8,300,61.4,56.6,51.8,22,27,35,34.6,18.2,633,+21.5,21.3,803.1,7.4
recall,32,8,325,66.4,60.8,56.8,18,22,29,33.8,18.4,670,+17.1,21.2,876.1,6.3
recall,32,8,350,65.6,58.2,53.8,17,23,31,33.2,16.2,615,+13.9,23.1,844.9,6.8
recall,32,8,375,71.2,67.6,60.2,17,22,31,32.6,20.4,692,+11.8,22.2,930.4,5.5
recall,32,8,400,64.6,60.0,51.6,17,21,27,40.0,27.2,737,+10.3,22.8,826.9,6.7
recall,32,8,425,70.8,60.6,52.0,17,21,28,40.0,29.0,828,+11.4,20.8,839.4,5.8
recall,32,8,450,64.6,55.8,54.2,19,24,32,33.2,16.2,495,+16.3,21.6,841.1,7.2
recall,32,8,475,58.4,53.6,47.6,19,23,28,43.0,27.6,685,+15.5,19.0,758.9,7.0
recall,32,8,500,57.6,48.0,45.6,19,24,31,39.6,16.0,794,+17.6,7.9,712.7,8.5
recall,32,8,525,56.6,50.4,42.4,17,21,28,44.2,25.8,576,+9.4,11.6,707.3,9.0
recall,32,8,550,63.0,55.8,50.6,19,23,32,34.6,18.2,640,+12.6,15.7,796.2,6.9
recall,32,8,575,51.4,44.0,39.0,19,24,35,49.2,37.6,991,+10.7,12.6,623.6,7.4
recall,32,8,599,60.6,55.8,47.6,16,21,28,39.4,23.6,685,+11.4,10.7,771.0,7.8
recall+journal,32,1,25,0.4,0.2,0.0,0,0,0,93.8,24.4,1033,-5.4,22.8,12.2,14.6
recall+journal,32,1,50,3.8,2.4,2.0,38,48,79,86.8,26.6,1421,-1.3,7.1,43.8,13.0
recall+journal,32,1,75,12.2,9.8,9.6,29,42,60,76.4,29.4,660,+8.7,16.1,183.2,12.5
recall+journal,32,1,100,15.2,13.0,11.4,32,40,59,71.8,21.6,665,+8.0,8.2,214.4,12.1
recall+journal,32,1,125,14.0,11.6,7.6,33,46,52,75.4,19.0,928,+5.7,15.2,167.3,12.8
recall+journal,32,1,150,16.0,12.8,11.4,36,43,52,75.0,49.6,1124,+9.3,4.6,202.4,10.7
recall+journal,32,1,175,18.2,17.0,16.6,42,50,66,68.0,22.4,565,+9.3,21.3,270.4,11.2
recall+journal,32,1,200,15.8,15.0,13.8,36,46,63,71.8,22.2,505,+6.3,18.8,247.0,12.1
recall+journal,32,1,225,27.8,21.8,20.2,22,29,41,68.6,30.4,763,+7.7,16.9,336.0,11.2
recall+journal,32,1,250,38.4,29.4,27.0,19,24,34,61.0,28.6,840,+6.8,16.5,453.0,10.7
recall+journal,32,1,275,47.2,40.6,34.8,17,22,28,57.4,36.6,895,+10.6,5.6,574.2,8.5
recall+journal,32,1,300,47.4,39.8,33.8,18,22,30,54.4,33.8,886,+11.5,3.1,558.4,9.5
recall+journal,32,1,325,59.4,52.8,45.6,16,20,26,47.2,31.4,838,+11.2,3.3,737.6,7.6
recall+journal,32,1,350,53.6,48.2,41.4,18,22,30,47.8,27.4,800,+8.0,3.1,670.6,8.6
recall+journal,32,1,375,49.6,41.2,33.4,17,22,30,54.6,33.2,958,+3.9,1.4,562.7,9.4
recall+journal,32,1,400,46.4,41.2,38.6,18,23,32,52.0,35.0,854,+9.6,9.4,602.7,8.4
recall+journal,32,1,425,44.0,35.6,31.4,19,23,31,59.0,32.6,758,+4.4,4.1,528.3,9.9
recall+journal,32,1,450,51.6,47.0,41.4,20,24,31,45.2,20.2,798,+9.7,10.4,656.7,8.6
recall+journal,32,1,475,55.0,45.2,41.2,18,22,28,49.4,26.6,877,+15.6,7.7,667.4,7.8
recall+journal,32,1,500,53.2,43.6,36.2,18,22,28,54.0,34.8,823,+7.1,7.8,607.8,8.8
recall+journal,32,1,525,56.2,49.4,45.2,20,23,30,46.6,24.0,900,+17.4,12.0,710.4,6.8
recall+journal,32,1,550,51.2,41.2,36.2,19,24,30,51.6,28.6,833,+11.9,9.8,598.2,8.8
recall+journal,32,1,575,46.6,39.2,32.8,21,27,34,54.6,24.8,1165,-0.5,6.5,522.6,9.2
recall+journal,32,1,599,58.8,50.4,44.8,18,22,27,44.2,22.8,880,+11.7,15.5,717.8,7.7
recall+journal,32,2,25,0.0,0.0,0.0,0,0,0,95.8,62.0,654,-4.5,20.0,29.2,13.2
recall+journal,32,2,50,3.2,0.6,0.4,52,71,71,92.4,23.4,436,-4.0,20.2,64.7,13.6
recall+journal,32,2,75,18.2,14.6,12.6,28,33,51,72.2,12.2,581,+1.3,28.3,228.9,12.9
recall+journal,32,2,100,31.4,23.6,17.6,20,25,32,72.6,35.6,824,+4.5,17.9,339.1,10.9
recall+journal,32,2,125,42.0,35.0,32.2,19,24,33,57.4,26.0,776,+9.4,5.7,518.1,9.5
recall+journal,32,2,150,51.0,46.6,40.6,19,24,33,49.6,20.6,655,+9.7,22.6,656.2,8.5
recall+journal,32,2,175,59.2,52.6,45.2,18,22,29,47.2,22.4,901,+11.1,8.3,726.7,6.8
recall+journal,32,2,200,49.6,43.2,35.2,17,20,27,57.4,35.8,1033,+10.2,13.3,585.5,8.2
recall+journal,32,2,225,56.2,48.0,39.2,19,23,30,51.6,29.4,1098,+11.2,7.9,644.9,8.5
recall+journal,32,2,250,50.6,46.6,42.4,18,22,29,47.8,23.2,746,+12.1,5.3,667.9,8.5
recall+journal,32,2,275,46.6,43.2,40.4,20,23,28,51.2,30.0,822,+11.6,5.4,623.9,7.7
recall+journal,32,2,300,49.6,43.4,40.2,18,22,29,48.4,22.4,749,+12.8,4.0,638.9,8.6
recall+journal,32,2,325,55.6,49.8,43.8,18,23,30,46.8,25.4,667,+11.8,0.5,706.1,8.0
recall+journal,32,2,350,30.8,26.6,21.6,19,23,32,71.0,43.8,866,+2.9,5.2,364.0,10.8
recall+journal,32,2,375,52.2,47.8,41.8,17,21,30,48.0,29.6,809,+7.9,10.7,668.2,8.2
recall+journal,32,2,400,52.4,46.4,42.0,18,22,30,51.0,24.0,785,+10.5,13.4,666.4,7.7
recall+journal,32,2,425,56.4,48.2,45.0,21,26,35,43.2,21.2,730,+14.9,7.8,701.7,8.2
recall+journal,32,2,450,66.6,56.2,51.0,18,24,32,40.4,19.4,732,+10.6,5.1,803.2,6.4
recall+journal,32,2,475,59.8,46.6,41.6,18,23,35,47.4,31.2,958,+9.4,5.8,668.6,8.2
recall+journal,32,2,500,50.0,41.6,38.4,18,22,29,53.4,42.8,917,+12.9,7.6,608.7,8.5
recall+journal,32,2,525,67.4,59.4,52.2,20,24,31,35.6,17.6,760,+15.2,8.0,828.4,7.5
recall+journal,32,2,550,66.2,56.8,52.8,17,21,28,38.6,24.4,812,+15.9,6.7,829.9,6.6
recall+journal,32,2,575,46.0,40.4,37.0,20,24,30,52.0,29.4,808,+8.1,5.8,583.2,9.9
recall+journal,32,2,599,55.8,42.2,40.2,19,24,32,49.4,26.8,803,+9.4,5.6,645.0,8.5
recall+journal,32,3,25,0.0,0.0,0.0,0,0,0,89.0,22.8,553,-1.1,52.6,50.6,14.2
recall+journal,32,3,50,6.0,4.0,4.0,34,45,66,88.0,18.8,420,+1.8,30.3,102.6,14.0
recall+journal,32,3,75,18.8,16.8,14.4,23,30,45,72.2,26.6,635,+8.1,34.7,263.5,11.7
recall+journal,32,3,100,40.2,35.0,27.2,21,27,39,64.4,33.2,1063,+6.5,23.7,457.4,9.0
recall+journal,32,3,125,27.8,24.4,20.6,21,25,35,73.0,43.8,974,+1.1,7.3,329.5,10.8
recall+journal,32,3,150,35.8,30.2,25.8,20,24,31,66.0,43.2,940,+4.9,13.8,420.6,9.6
recall+journal,32,3,175,53.8,48.4,41.6,19,24,31,48.6,28.8,728,+8.5,11.5,670.4,8.2
recall+journal,32,3,200,47.2,44.0,40.6,20,24,31,51.4,31.4,837,+12.9,16.3,627.8,8.1
recall+journal,32,3,225,49.2,44.4,38.8,21,25,35,48.6,23.2,781,+6.1,14.2,612.9,8.6
recall+journal,32,3,250,51.0,45.8,37.8,18,21,30,49.8,29.2,759,+6.3,17.9,621.8,8.9
recall+journal,32,3,275,56.0,50.0,44.8,18,22,30,46.0,28.4,718,+6.5,21.6,711.2,7.6
recall+journal,32,3,300,52.2,48.2,46.2,21,25,31,41.2,21.2,768,+18.7,17.8,709.8,8.3
recall+journal,32,3,325,62.4,52.4,44.4,18,22,28,45.8,29.8,788,+14.2,17.6,731.4,7.4
recall+journal,32,3,350,61.4,50.6,46.2,20,25,32,40.0,22.2,879,+22.6,13.3,735.3,7.1
recall+journal,32,3,375,50.6,48.2,43.8,18,22,28,44.4,27.4,763,+10.4,12.0,686.3,7.9
recall+journal,32,3,400,51.2,44.2,41.8,20,24,33,48.6,27.6,800,+8.8,16.0,649.1,8.2
recall+journal,32,3,425,57.4,51.2,48.6,17,21,29,42.6,26.4,733,+11.0,25.2,754.3,7.1
recall+journal,32,3,450,54.8,49.4,43.8,18,22,30,45.2,27.8,616,+10.1,13.6,703.6,7.9
recall+journal,32,3,475,42.0,35.0,32.8,20,24,33,55.6,31.4,792,+11.4,16.0,526.2,9.0
recall+journal,32,3,500,52.8,47.2,42.0,18,22,30,47.4,30.0,778,+6.6,16.5,667.5,7.8
recall+journal,32,3,525,53.0,48.0,44.2,19,23,34,44.4,24.8,793,+10.1,12.2,685.3,7.8
recall+journal,32,3,550,54.2,47.2,39.8,18,21,27,51.0,34.4,741,+10.4,11.0,659.5,8.3
recall+journal,32,3,575,52.6,49.6,44.8,19,22,29,42.0,21.2,739,+9.2,8.6,707.2,8.3
recall+journal,32,3,599,33.8,29.4,28.2,20,24,34,64.8,49.6,843,+4.7,7.5,438.7,9.8
recall+journal,32,4,25,0.0,0.0,0.0,0,0,0,95.6,49.0,679,-0.7,41.8,29.5,12.6
recall+journal,32,4,50,0.2,0.0,0.0,0,0,0,79.6,12.6,362,-3.9,42.7,80.8,13.8
recall+journal,32,4,75,0.0,0.0,0.0,0,0,0,80.0,13.4,341,-5.0,17.1,79.8,14.1
recall+journal,32,4,100,15.6,5.0,4.0,40,56,76,77.2,30.6,1016,-3.4,9.3,144.7,12.2
recall+journal,32,4,125,21.0,12.4,8.6,42,55,80,72.2,20.0,606,-4.1,20.2,205.7,12.8
recall+journal,32,4,150,20.6,17.6,16.2,49,73,92,63.6,16.8,454,-1.5,8.2,269.0,12.0
recall+journal,32,4,175,22.0,18.8,17.8,30,40,57,66.4,30.0,611,+12.8,13.3,302.6,12.0
recall+journal,32,4,200,29.4,25.4,23.6,20,26,39,65.4,43.0,995,+9.3,2.8,384.6,10.7
recall+journal,32,4,225,33.0,28.2,25.6,20,25,34,63.8,39.6,968,+11.1,8.0,418.4,10.1
recall+journal,32,4,250,45.4,42.0,38.0,20,24,31,50.2,26.2,802,+8.6,2.0,599.3,9.5
recall+journal,32,4,275,48.8,43.8,39.0,18,21,28,46.6,20.2,769,+11.8,3.6,632.2,9.0
recall+journal,32,4,300,53.2,45.0,39.4,18,22,30,49.0,27.6,807,+9.8,5.5,639.7,8.5
recall+journal,32,4,325,42.0,35.8,29.4,17,21,29,62.4,43.6,984,+6.2,5.3,495.5,8.9
recall+journal,32,4,350,47.0,41.6,37.0,19,23,31,50.4,21.0,764,+10.1,9.5,601.1,9.0
recall+journal,32,4,375,53.6,46.8,40.0,21,25,33,46.4,21.4,691,+7.6,6.4,649.8,8.4
recall+journal,32,4,400,49.8,41.8,37.0,18,22,31,56.2,36.4,835,+8.1,9.4,599.0,8.3
recall+journal,32,4,425,56.2,52.8,46.6,18,21,26,44.4,28.4,810,+11.4,7.3,742.6,6.9
recall+journal,32,4,450,48.0,41.8,39.4,19,24,33,48.2,21.6,679,+10.1,16.4,625.7,9.0
recall+journal,32,4,475,50.4,45.6,38.0,17,20,29,52.2,30.6,825,+4.7,3.9,626.1,8.7
recall+journal,32,4,500,34.2,29.8,26.8,18,22,29,66.2,49.2,696,+4.3,1.4,427.5,9.6
recall+journal,32,4,525,49.2,43.2,41.0,20,23,29,50.6,31.6,908,+15.9,9.1,641.4,7.6
recall+journal,32,4,550,60.6,52.2,48.6,18,21,26,41.2,25.8,880,+15.7,6.7,762.8,7.4
recall+journal,32,4,575,59.4,53.4,46.6,18,21,26,44.6,30.8,817,+7.7,5.6,737.2,7.4
recall+journal,32,4,599,55.4,50.8,46.0,19,23,29,43.6,26.6,970,+12.2,9.3,714.4,7.1
recall+journal,32,5,25,0.0,0.0,0.0,0,0,0,92.8,30.8,771,-3.2,22.9,32.6,14.2
recall+journal,32,5,50,0.2,0.0,0.0,0,0,0,90.6,36.2,783,-0.5,21.1,37.0,13.5
recall+journal,32,5,75,8.0,6.4,1.4,34,38,47,80.6,18.4,813,+6.5,29.5,100.0,14.4
recall+journal,32,5,100,32.8,24.8,19.4,19,24,37,67.6,30.0,567,+0.9,25.0,366.9,10.9
recall+journal,32,5,125,41.2,33.6,30.2,19,24,32,60.2,35.6,814,+10.3,5.6,504.8,9.2
recall+journal,32,5,150,50.6,41.0,37.4,19,23,32,51.2,27.4,578,+10.6,5.7,616.2,9.4
recall+journal,32,5,175,54.8,37.2,35.6,19,23,31,56.0,34.2,1146,+13.7,12.5,582.2,8.1
recall+journal,32,5,200,57.2,50.0,39.6,17,21,28,52.8,33.4,771,+4.7,6.4,668.1,8.2
recall+journal,32,5,225,55.4,38.4,36.6,20,23,31,53.2,30.2,1159,+10.2,7.9,582.4,8.0
recall+journal,32,5,250,54.6,49.0,45.0,17,21,29,48.8,35.0,710,+10.4,3.1,718.3,7.5
recall+journal,32,5,275,65.4,55.8,48.2,17,21,27,44.2,32.0,987,+10.4,9.3,773.7,6.4
recall+journal,32,5,300,68.2,61.4,55.2,18,23,31,37.0,17.0,939,+12.4,2.9,855.0,5.8
recall+journal,32,5,325,73.4,62.2,57.4,17,22,31,34.6,20.8,1060,+13.6,4.8,886.0,5.4
recall+journal,32,5,350,55.0,46.2,38.2,18,23,32,53.4,34.4,1190,+0.4,5.1,618.6,7.8
recall+journal,32,5,375,62.6,46.4,40.0,20,25,32,46.8,37.0,1254,+10.7,3.3,638.1,7.9
recall+journal,32,5,400,66.8,61.2,58.2,19,23,31,29.2,12.4,710,+14.5,0.9,886.6,6.1
recall+journal,32,5,425,59.4,48.2,43.2,22,28,38,39.6,21.0,850,+8.9,5.2,682.7,7.5
recall+journal,32,5,450,60.8,42.2,39.8,21,26,36,46.2,35.8,1213,+10.3,3.6,635.0,7.5
recall+journal,32,5,475,58.0,51.0,44.0,20,24,32,43.0,30.4,924,+12.1,4.4,703.5,7.7
recall+journal,32,5,500,67.6,61.8,54.4,17,21,28,35.8,23.6,1046,+13.0,2.1,856.7,6.6
recall+journal,32,5,525,68.8,61.2,52.4,20,24,35,30.6,16.4,927,+10.9,3.2,823.4,7.6
recall+journal,32,5,550,58.2,45.0,40.0,18,22,29,48.0,32.2,1202,+14.6,11.9,642.5,8.0
recall+journal,32,5,575,67.2,53.2,49.2,17,21,29,43.0,25.2,923,+13.2,13.7,786.9,6.7
recall+journal,32,5,599,69.2,60.2,51.2,18,23,31,33.2,20.6,598,+11.6,14.5,828.2,7.2
recall+journal,32,6,25,0.0,0.0,0.0,0,0,0,83.8,4.8,709,-3.3,47.8,51.4,13.1
recall+journal,32,6,50,4.6,0.0,0.0,0,0,0,82.0,15.2,406,-1.0,29.4,86.5,13.8
recall+journal,32,6,75,10.4,5.0,3.2,49,63,76,78.8,16.4,591,+1.0,24.4,130.1,13.1
recall+journal,32,6,100,11.8,7.0,6.2,43,61,82,73.2,22.8,897,+2.6,24.0,152.1,13.2
recall+journal,32,6,125,17.8,14.2,12.6,37,48,68,69.2,19.2,759,-1.7,18.5,233.7,13.6
recall+journal,32,6,150,19.0,15.8,13.6,35,53,76,70.2,22.8,808,-0.5,13.3,247.7,11.8
recall+journal,32,6,175,21.8,17.6,13.6,37,53,84,68.6,21.8,873,-2.1,19.2,252.2,11.9
recall+journal,32,6,200,19.2,12.8,10.0,28,40,68,77.0,26.4,793,-7.9,13.2,214.6,12.1
recall+journal,32,6,225,29.4,21.0,18.8,22,29,40,68.2,28.0,730,+1.1,6.2,334.7,11.8
recall+journal,32,6,250,34.8,30.2,22.6,19,24,35,66.8,36.4,971,+5.1,3.4,396.5,10.3
recall+journal,32,6,275,42.6,30.6,27.4,19,24,31,59.0,38.8,859,+7.0,4.4,470.1,9.6
recall+journal,32,6,300,39.8,33.8,30.2,20,28,41,58.8,22.8,817,+4.6,4.0,480.3,9.6
recall+journal,32,6,325,45.8,39.8,32.0,18,23,33,54.2,28.2,751,+7.1,3.3,543.9,9.4
recall+journal,32,6,350,49.6,40.4,34.0,18,23,32,55.0,23.2,740,+6.2,2.6,571.8,8.7
recall+journal,32,6,375,47.4,39.6,36.4,20,24,31,54.2,30.4,892,+9.6,5.7,579.2,8.8
recall+journal,32,6,400,46.4,40.2,32.2,17,23,38,60.2,36.6,1010,+3.9,4.6,532.2,8.8
recall+journal,32,6,425,44.0,38.8,34.8,17,21,29,58.4,29.8,665,+4.9,4.8,561.4,8.6
recall+journal,32,6,450,46.2,39.0,35.0,17,22,30,58.6,39.0,833,+5.7,4.9,566.3,8.2
recall+journal,32,6,475,49.8,44.0,43.0,22,28,35,45.2,20.2,880,+16.0,2.4,654.7,8.0
recall+journal,32,6,500,51.6,44.8,40.0,17,21,28,50.2,34.6,827,+10.6,4.0,643.1,7.6
recall+journal,32,6,525,54.8,48.6,43.2,16,22,29,48.4,26.4,731,+6.2,3.1,693.5,7.6
recall+journal,32,6,550,53.8,45.2,40.8,18,23,31,50.2,27.2,926,+6.9,3.5,649.4,8.2
recall+journal,32,6,575,59.2,47.8,45.8,19,25,33,44.0,20.2,736,+10.3,7.5,720.3,7.8
recall+journal,32,6,599,60.0,50.4,46.0,16,22,29,40.2,18.6,701,+10.7,3.9,743.4,7.4
recall+journal,32,7,25,1.0,0.2,0.2,55,55,55,87.4,10.2,461,-0.3,33.6,53.6,13.8
recall+journal,32,7,50,11.6,8.4,7.4,31,41,62,79.0,38.4,871,+8.5,30.1,153.6,12.4
recall+journal,32,7,75,22.8,19.0,18.6,31,48,70,63.6,22.4,786,+10.5,30.7,287.1,11.6
recall+journal,32,7,100,33.4,30.0,27.4,29,39,59,53.8,20.8,1209,+16.5,29.0,407.1,9.6
recall+journal,32,7,125,23.8,21.4,17.6,32,40,54,60.8,18.4,1215,+17.5,30.2,288.8,11.9
recall+journal,32,7,150,23.4,21.4,20.4,35,45,63,61.6,16.2,890,+11.4,26.6,306.8,11.6
recall+journal,32,7,175,17.0,16.6,16.0,41,60,82,67.0,11.8,726,+13.8,30.0,249.8,12.1
recall+journal,32,7,200,13.2,12.2,11.2,38,44,60,68.2,13.0,587,+10.2,27.2,213.1,13.0
recall+journal,32,7,225,10.6,9.8,9.2,31,43,62,80.0,21.4,760,+2.1,17.0,150.4,13.8
recall+journal,32,7,250,33.0,30.4,26.2,23,30,45,60.8,23.2,680,+4.4,18.8,423.1,10.8
recall+journal,32,7,275,42.8,39.0,32.4,19,24,34,54.2,27.6,717,+10.6,18.0,538.0,9.9
recall+journal,32,7,300,43.8,38.2,30.8,18,21,26,60.6,37.4,1033,+8.5,9.0,518.7,9.2
recall+journal,32,7,325,51.8,44.6,38.0,20,23,31,50.4,29.0,845,+14.1,3.7,618.5,8.6
recall+journal,32,7,350,52.6,45.0,36.4,18,22,27,54.4,34.2,865,+7.5,7.8,609.3,8.6
recall+journal,32,7,375,49.4,43.8,39.8,18,22,27,50.8,29.8,756,+8.5,9.6,627.5,8.0
recall+journal,32,7,400,48.4,44.2,41.4,19,23,33,46.4,19.8,647,+12.7,6.3,645.2,9.1
recall+journal,32,7,425,56.0,46.4,39.4,18,22,31,46.8,21.2,743,+7.8,5.8,659.1,8.9
recall+journal,32,7,450,57.8,50.4,46.8,19,22,28,41.6,19.4,768,+16.9,14.8,741.5,7.8
recall+journal,32,7,475,50.4,45.0,37.4,17,21,28,48.4,23.4,746,+10.0,12.8,624.9,9.6
recall+journal,32,7,500,60.4,52.4,45.2,18,21,28,39.6,17.2,828,+14.1,18.2,737.9,8.2
recall+journal,32,7,525,57.6,40.0,36.8,17,20,28,50.2,27.8,1221,+16.2,14.7,609.4,8.8
recall+journal,32,7,550,47.6,41.2,34.2,18,22,28,54.8,36.8,1016,+9.1,8.6,570.5,9.2
recall+journal,32,7,575,39.8,34.2,30.4,18,22,29,60.6,33.4,877,+5.6,8.0,490.1,9.4
recall+journal,32,7,599,44.6,34.2,29.0,18,22,30,58.8,40.2,1052,+5.4,3.2,491.9,9.7
recall+journal,32,8,25,0.0,0.0,0.0,0,0,0,94.0,34.2,515,-0.5,32.6,39.4,12.6
recall+journal,32,8,50,0.6,0.2,0.2,68,68,68,94.6,56.4,831,-2.6,24.3,25.0,12.6
recall+journal,32,8,75,6.8,3.4,2.6,33,39,53,83.8,34.8,723,+2.0,30.2,98.3,13.2
recall+journal,32,8,100,24.8,17.0,12.2,23,28,41,76.4,39.0,762,+0.9,22.6,250.0,11.7
recall+journal,32,8,125,38.6,32.2,28.0,21,26,38,61.4,32.2,756,+6.1,2.3,465.9,9.7
recall+journal,32,8,150,32.8,27.8,25.2,21,26,34,60.6,26.2,948,+7.2,6.5,413.4,10.0
recall+journal,32,8,175,45.0,33.4,24.4,21,26,36,60.2,24.0,629,+2.0,2.7,453.9,11.2
recall+journal,32,8,200,36.8,33.2,28.6,22,27,40,58.4,36.6,875,+6.6,6.0,457.4,9.3
recall+journal,32,8,225,44.6,37.6,30.4,17,23,32,58.6,34.6,792,+7.3,2.6,522.9,9.5
recall+journal,32,8,250,49.0,42.6,38.0,19,23,30,50.6,31.8,740,+10.7,2.7,614.0,8.8
recall+journal,32,8,275,48.2,41.2,39.0,20,24,30,49.4,27.2,662,+11.6,4.1,618.7,8.5
recall+journal,32,8,300,48.4,42.0,34.0,21,27,37,52.4,29.0,752,+5.9,2.3,562.5,9.0
recall+journal,32,8,325,41.8,35.8,31.8,24,29,38,52.8,15.8,528,+6.5,3.1,522.2,10.1
recall+journal,32,8,350,38.2,32.2,26.8,19,24,34,61.4,38.8,891,+4.7,11.0,450.1,9.7
recall+journal,32,8,375,38.4,32.4,28.8,21,26,33,58.0,37.8,849,+11.9,2.9,477.2,9.6
recall+journal,32,8,400,23.8,22.6,19.0,20,24,32,69.6,40.6,811,+5.6,4.9,327.5,11.2
recall+journal,32,8,425,38.0,30.8,24.6,19,23,27,63.6,39.2,895,+4.9,3.6,430.8,10.2
recall+journal,32,8,450,50.8,44.2,39.4,18,23,31,49.8,34.2,792,+10.2,5.2,631.7,8.3
recall+journal,32,8,475,35.0,30.4,24.6,17,22,29,66.0,44.2,1021,+5.3,7.3,415.2,10.4
recall+journal,32,8,500,37.6,30.4,28.8,22,28,38,56.6,18.8,609,+8.3,13.4,471.4,10.4
recall+journal,32,8,525,44.4,37.4,33.0,19,24,33,51.2,22.2,799,+6.9,13.0,541.1,10.2
recall+journal,32,8,550,42.2,35.8,31.2,19,25,34,58.0,38.6,853,+5.4,10.7,510.4,9.2
recall+journal,32,8,575,34.2,26.0,21.0,20,26,35,64.0,34.4,839,-1.6,11.6,372.0,11.2
recall+journal,32,8,599,48.2,41.2,33.4,17,22,29,56.6,31.6,903,+5.4,15.5,569.4,9.3
told,32,1,25,0.0,0.0,0.0,0,0,0,95.6,44.0,879,-1.3,19.6,14.3,13.6
told,32,1,50,17.0,12.2,10.2,24,33,40,78.0,18.0,581,+0.7,34.4,206.8,13.8
told,32,1,75,52.6,45.6,36.4,20,25,34,50.2,25.4,736,+3.5,20.9,608.9,9.3
told,32,1,100,54.8,49.0,40.2,17,21,27,50.6,28.0,845,+9.5,23.9,667.1,8.0
told,32,1,125,51.8,47.8,41.4,20,25,33,45.2,25.2,762,+11.1,9.2,657.8,8.4
told,32,1,150,51.8,42.0,40.2,20,25,35,47.0,29.8,881,+23.9,2.2,636.2,8.0
told,32,1,175,47.8,37.6,32.8,21,26,37,54.2,32.8,1082,+16.5,0.2,536.7,8.7
told,32,1,200,48.4,41.2,37.0,19,24,33,50.8,32.4,876,+9.0,8.9,590.0,8.7
told,32,1,225,43.2,35.4,32.8,20,23,33,55.4,27.0,750,+11.2,3.6,536.1,10.1
told,32,1,250,62.6,57.6,51.0,17,21,28,39.0,25.0,851,+11.5,2.3,803.2,6.4
told,32,1,275,74.0,70.0,60.8,17,20,26,33.2,23.6,965,+13.7,1.1,950.1,4.8
told,32,1,300,49.2,45.2,40.4,18,21,30,50.6,37.4,899,+16.4,2.3,644.5,7.7
told,32,1,325,60.4,57.4,54.0,18,22,28,35.8,23.0,583,+12.7,0.6,830.8,6.6
told,32,1,350,62.4,50.8,48.4,19,25,36,38.8,26.2,995,+19.6,3.1,744.8,6.8
told,32,1,375,69.6,62.0,50.8,17,20,25,41.0,33.2,976,+10.5,1.1,821.3,6.4
told,32,1,400,56.4,49.0,45.4,17,21,28,44.6,29.2,571,+11.2,1.3,735.1,8.0
told,32,1,425,55.2,50.8,44.4,21,25,33,44.4,23.2,719,+7.2,0.1,697.5,8.1
told,32,1,450,54.8,50.8,44.0,18,22,29,45.0,27.6,711,+8.3,0.2,698.7,8.0
told,32,1,475,59.0,53.6,51.2,17,20,28,41.4,25.0,510,+13.4,0.1,808.6,6.8
told,32,1,500,67.2,60.6,49.4,16,19,25,41.8,27.2,794,+8.5,0.2,814.8,7.0
told,32,1,525,70.2,66.4,63.4,16,20,27,27.2,17.4,581,+15.3,0.2,972.1,5.3
told,32,1,550,49.6,43.6,38.6,16,21,27,52.2,37.6,673,+6.2,0.0,627.8,8.5
told,32,1,575,55.4,46.6,39.6,17,20,28,49.4,32.0,1115,+9.1,0.6,651.0,8.6
told,32,1,599,71.0,63.6,55.0,16,20,27,36.8,20.0,722,+10.3,0.9,881.8,6.4
told,32,2,25,0.6,0.0,0.0,0,0,0,92.0,14.4,909,-2.1,50.6,32.9,13.8
told,32,2,50,1.8,1.6,1.4,40,53,80,90.8,40.0,608,-2.6,23.4,50.4,12.7
told,32,2,75,21.8,17.4,16.8,21,27,37,75.6,39.4,631,+1.9,33.2,287.2,11.5
told,32,2,100,35.0,27.4,23.6,24,30,40,63.2,19.6,755,+2.2,27.1,394.8,10.6
told,32,2,125,38.6,35.8,32.4,20,23,33,58.8,28.6,518,+7.9,25.1,515.7,9.6
told,32,2,150,58.4,48.2,44.0,20,24,32,46.0,25.2,602,+11.1,19.5,704.0,7.5
told,32,2,175,56.6,48.6,41.2,24,31,43,38.2,18.4,2345,+7.4,20.0,571.8,8.4
told,32,2,200,52.8,45.0,40.4,20,26,36,46.6,22.0,743,+8.3,18.4,642.9,8.3
told,32,2,225,42.6,36.4,30.8,21,26,36,54.2,24.4,806,+6.5,15.1,503.8,10.1
told,32,2,250,60.2,54.2,48.2,18,21,31,41.2,17.6,635,+13.1,3.8,764.2,7.8
told,32,2,275,60.0,55.2,49.8,18,21,29,40.4,21.8,739,+11.2,2.3,781.5,7.2
told,32,2,300,56.8,51.2,39.4,19,24,32,49.0,32.0,1429,+6.7,0.2,636.3,7.2
told,32,2,325,54.0,50.8,42.4,17,20,28,47.4,33.8,1003,+14.1,2.4,688.9,7.9
told,32,2,350,57.6,54.2,48.8,18,22,30,39.4,24.0,798,+11.5,1.0,765.5,7.2
told,32,2,375,59.2,54.8,52.6,18,21,28,36.6,24.6,706,+16.0,1.5,805.0,7.0
told,32,2,400,55.2,51.4,47.6,19,23,31,41.8,24.4,964,+17.9,4.0,732.6,7.0
told,32,2,425,54.4,47.0,41.4,16,19,24,46.6,30.2,881,+12.3,4.0,678.7,8.5
told,32,2,450,67.6,62.2,55.8,17,20,27,34.2,21.2,731,+13.3,0.9,876.8,6.2
told,32,2,475,55.6,51.2,45.6,18,22,28,43.6,23.4,906,+9.0,0.4,714.7,8.0
told,32,2,500,53.8,47.6,42.6,19,23,31,46.4,24.2,875,+10.9,2.8,676.0,8.3
told,32,2,525,59.6,54.8,50.2,18,21,27,40.0,22.0,758,+14.1,1.0,786.0,7.0
told,32,2,550,47.6,40.8,38.0,17,21,28,54.2,39.4,819,+9.7,2.0,611.7,7.7
told,32,2,575,56.8,52.0,43.6,18,21,27,46.0,27.4,831,+10.1,0.1,708.6,7.9
told,32,2,599,60.6,52.6,44.2,16,20,28,45.8,28.0,838,+11.9,1.3,727.9,7.7
told,32,3,25,0.2,0.0,0.0,0,0,0,91.0,22.8,792,-1.7,39.4,30.7,14.9
told,32,3,50,2.0,1.4,1.0,37,71,79,91.2,43.0,560,-0.2,14.2,66.1,13.8
told,32,3,75,6.6,5.8,5.4,52,61,86,79.6,23.8,1095,+1.2,3.0,86.0,13.5
told,32,3,100,17.8,13.6,13.0,47,63,85,70.8,12.2,985,+8.3,0.3,189.6,12.2
told,32,3,125,10.0,7.0,6.6,46,58,71,80.6,31.8,1257,+7.1,0.1,107.6,13.5
told,32,3,150,12.0,10.2,9.2,49,58,75,69.4,15.8,579,+4.6,0.6,176.0,13.2
told,32,3,175,5.4,4.2,2.6,43,56,75,89.4,38.8,977,+2.3,1.7,65.9,13.2
told,32,3,200,36.0,33.0,29.6,20,25,36,61.4,29.6,609,+8.8,1.5,483.5,9.4
told,32,3,225,48.6,39.6,34.6,21,25,32,51.2,29.4,853,+11.8,3.4,565.3,9.3
told,32,3,250,54.0,44.6,33.2,20,26,37,53.0,25.0,1222,+5.0,4.9,554.5,8.4
told,32,3,275,48.0,43.8,40.0,20,25,34,49.2,20.8,670,+13.0,2.1,626.8,8.9
told,32,3,300,63.6,57.0,50.4,18,22,31,41.2,25.6,858,+14.3,2.8,797.8,7.0
told,32,3,325,56.4,49.6,47.4,18,23,31,44.2,25.6,722,+13.7,2.0,737.1,7.5
told,32,3,350,46.0,42.8,40.6,19,25,34,47.0,11.6,548,+6.7,0.4,632.2,9.1
told,32,3,375,52.2,48.6,43.8,17,20,27,47.4,28.6,755,+11.6,2.9,698.5,7.8
told,32,3,400,55.0,48.0,37.0,16,20,29,56.4,34.4,867,+6.1,1.2,635.3,7.7
told,32,3,425,53.2,49.0,45.0,19,23,31,46.8,23.8,743,+12.1,1.7,700.3,7.8
told,32,3,450,64.2,57.6,53.2,18,22,27,35.6,14.0,671,+14.0,0.2,831.6,7.0
told,32,3,475,64.8,58.6,49.6,16,20,28,37.8,20.4,606,+13.8,1.1,812.5,7.2
told,32,3,500,65.0,62.2,56.2,18,21,28,34.6,17.4,588,+15.0,0.3,876.6,6.4
told,32,3,525,59.8,50.6,46.6,17,21,29,46.0,26.4,681,+15.9,0.1,748.5,7.1
told,32,3,550,52.8,46.0,42.8,18,22,27,50.8,36.2,841,+12.7,0.7,670.1,7.8
told,32,3,575,50.4,46.0,34.8,16,20,28,57.6,36.4,950,+4.9,2.6,593.3,9.1
told,32,3,599,57.0,52.0,49.2,17,20,27,45.8,32.4,791,+12.1,1.4,766.2,6.9
told,32,4,25,0.0,0.0,0.0,0,0,0,92.2,15.0,756,-2.8,58.7,26.0,14.1
told,32,4,50,0.0,0.0,0.0,0,0,0,81.6,2.6,583,-2.7,28.1,54.7,13.4
told,32,4,75,0.0,0.0,0.0,0,0,0,84.6,2.8,397,-1.8,30.2,66.0,15.1
told,32,4,100,0.0,0.0,0.0,0,0,0,83.4,6.8,584,+19.9,24.6,81.3,13.4
told,32,4,125,14.4,12.0,11.6,29,41,59,72.6,17.4,376,+4.7,21.4,217.4,13.5
told,32,4,150,38.4,31.8,25.8,17,22,30,66.6,45.4,797,+3.4,18.3,451.0,10.4
told,32,4,175,56.0,46.6,37.2,17,21,29,56.8,35.4,968,+2.4,17.7,622.7,7.4
told,32,4,200,52.2,40.2,36.2,24,30,36,52.0,37.8,1256,+9.6,18.4,560.7,7.8
told,32,4,225,57.8,53.0,48.2,21,29,38,35.6,11.2,824,+12.2,20.1,728.1,8.0
told,32,4,250,57.2,51.2,45.6,23,30,38,40.8,20.6,806,+9.2,14.4,697.4,7.6
told,32,4,275,56.8,44.6,40.0,17,21,28,50.2,35.4,1118,+10.5,13.2,644.3,7.6
told,32,4,300,43.6,41.2,39.0,21,27,40,48.0,15.2,730,+5.6,23.1,589.5,9.1
told,32,4,325,64.0,61.6,56.8,18,23,31,32.8,16.0,723,+17.8,18.1,871.9,7.0
told,32,4,350,64.0,60.0,56.6,19,24,33,31.8,15.2,764,+12.3,18.7,851.4,7.0
told,32,4,375,71.8,68.2,62.6,19,23,30,24.8,10.4,739,+14.3,19.8,955.7,6.0
told,32,4,400,65.0,59.6,50.2,19,23,32,36.6,20.8,857,+8.2,16.6,794.9,6.6
told,32,4,425,61.8,55.0,50.4,16,21,28,38.2,23.0,935,+15.5,20.1,785.4,7.4
told,32,4,450,60.0,55.6,48.8,16,19,27,45.2,30.4,777,+8.0,16.8,781.7,6.6
told,32,4,475,68.0,61.6,56.4,18,22,27,35.6,19.6,749,+13.8,12.6,879.5,5.6
told,32,4,500,73.4,68.0,59.6,16,20,27,33.2,22.6,929,+10.4,11.5,929.2,5.0
told,32,4,525,65.2,62.8,60.2,17,21,29,31.0,13.2,676,+14.1,12.2,916.1,6.1
told,32,4,550,58.2,53.4,48.4,17,20,28,43.0,17.0,668,+6.3,10.2,770.7,7.3
told,32,4,575,67.6,61.0,54.4,18,24,36,36.2,20.8,996,+7.5,13.9,833.5,6.2
told,32,4,599,59.4,54.8,52.4,20,25,33,37.2,21.8,569,+11.5,18.5,801.8,6.5
told,32,5,25,0.4,0.0,0.0,0,0,0,89.2,11.8,830,-1.4,35.0,39.2,14.2
told,32,5,50,3.4,2.4,2.0,45,76,85,86.6,9.4,674,-0.5,18.1,76.6,14.4
told,32,5,75,6.8,5.6,4.2,55,63,77,78.4,19.4,1434,+0.8,21.0,63.5,13.8
told,32,5,100,9.4,8.2,6.6,49,60,72,74.4,12.8,678,+0.3,27.3,127.4,13.1
told,32,5,125,6.6,5.6,5.4,54,66,83,82.0,26.6,1107,+1.3,14.0,74.2,14.4
told,32,5,150,7.4,6.8,6.4,61,69,85,78.8,12.0,837,+1.3,16.2,107.4,13.7
told,32,5,175,11.0,8.6,7.6,50,60,72,73.8,9.6,824,+3.1,0.5,148.4,12.9
told,32,5,200,12.4,11.2,10.0,42,55,87,73.0,10.8,737,+3.5,2.2,171.8,13.2
told,32,5,225,7.2,6.6,5.8,43,70,81,81.2,21.8,743,-0.7,0.4,117.0,13.4
told,32,5,250,5.0,4.8,3.4,62,73,84,83.8,9.8,860,-0.4,0.6,72.3,14.3
told,32,5,275,10.2,9.0,8.2,49,59,69,72.8,11.0,781,+1.8,4.1,147.6,14.1
told,32,5,300,5.4,5.0,5.0,54,65,79,84.8,19.4,1154,+1.0,1.5,68.7,14.2
told,32,5,325,8.6,8.0,8.0,51,64,82,79.2,24.8,679,+1.4,1.4,128.9,12.8
told,32,5,350,6.4,5.8,5.0,55,73,93,84.6,28.0,1114,+1.2,0.1,67.2,13.5
told,32,5,375,8.2,7.8,7.2,52,63,73,80.0,6.8,822,+0.9,1.4,119.7,14.3
told,32,5,400,1.8,1.6,1.6,48,73,86,95.8,73.8,1031,-0.2,0.0,17.4,13.6
told,32,5,425,8.0,7.0,6.8,44,54,75,79.4,9.4,765,+1.5,0.4,114.2,14.4
told,32,5,450,5.8,5.6,5.4,46,61,81,85.2,16.2,933,+1.1,0.1,87.2,14.1
told,32,5,475,8.2,7.0,7.0,47,53,67,80.6,5.8,759,+1.8,0.1,120.6,14.6
told,32,5,500,13.8,13.0,12.4,44,53,66,68.8,8.2,408,+3.6,0.6,212.8,13.6
told,32,5,525,7.6,6.6,6.4,45,52,69,83.2,19.0,734,+2.5,0.1,107.8,14.1
told,32,5,550,17.4,16.8,16.6,46,55,73,64.4,8.4,439,+6.1,0.2,255.3,13.2
told,32,5,575,7.0,6.4,6.0,49,59,71,81.2,12.6,625,+2.1,0.3,110.8,14.6
told,32,5,599,16.6,11.8,11.6,46,57,70,72.8,17.4,825,+11.9,1.1,192.3,12.7
told,32,6,25,1.6,0.8,0.8,65,73,100,88.8,14.2,815,-2.1,37.7,44.3,13.7
told,32,6,50,14.6,13.8,13.6,30,35,52,77.6,23.2,885,+3.1,24.2,196.8,13.0
told,32,6,75,35.6,31.6,27.4,19,23,29,64.4,32.6,1077,+3.6,27.2,442.5,10.2
told,32,6,100,41.6,37.8,35.8,22,27,36,50.8,30.6,733,+14.1,23.4,557.6,9.2
told,32,6,125,60.0,50.6,45.8,18,22,31,43.0,22.4,614,+9.4,8.6,739.5,7.8
told,32,6,150,61.4,55.0,48.8,19,23,32,41.0,17.2,522,+11.7,5.4,783.5,7.5
told,32,6,175,51.8,47.4,42.2,18,23,35,48.4,28.6,693,+5.6,8.0,671.3,8.0
told,32,6,200,61.6,52.2,47.4,17,22,31,42.2,20.8,681,+18.3,4.1,762.5,7.1
told,32,6,225,48.0,45.4,42.0,17,22,31,51.8,26.6,613,+8.4,6.9,659.8,8.6
told,32,6,250,51.8,49.0,44.6,19,23,30,45.6,17.4,549,+10.0,7.4,701.8,7.6
told,32,6,275,53.6,50.6,46.0,19,24,31,45.2,22.4,616,+7.8,5.6,715.2,7.7
told,32,6,300,47.6,42.2,37.8,17,24,34,55.6,29.8,730,+10.2,5.4,611.4,8.2
told,32,6,325,45.8,38.0,35.2,19,23,30,55.0,33.4,807,+7.3,8.8,565.8,9.3
told,32,6,350,48.6,44.0,41.8,20,24,31,48.2,29.6,720,+10.2,2.6,647.0,7.5
told,32,6,375,45.6,41.8,37.8,19,24,33,50.8,27.2,763,+10.4,8.1,604.1,8.0
told,32,6,400,42.6,38.4,34.6,17,20,28,57.4,41.2,719,+9.4,5.2,567.0,8.8
told,32,6,425,63.2,57.2,48.2,16,19,25,42.2,28.6,649,+10.4,2.3,797.0,6.8
told,32,6,450,39.4,34.6,30.4,17,21,28,62.2,45.0,801,+2.8,11.3,499.9,8.9
told,32,6,475,46.4,41.4,36.8,19,23,28,53.2,34.4,818,+8.9,3.7,595.8,8.2
told,32,6,500,54.0,47.8,39.0,20,24,31,46.4,26.4,691,+6.3,4.9,649.4,8.9
told,32,6,525,64.6,56.4,53.4,18,21,28,38.6,23.8,680,+13.9,1.7,835.5,6.0
told,32,6,550,53.4,44.6,40.4,19,24,32,46.6,26.6,726,+11.5,2.4,652.6,8.5
told,32,6,575,57.0,53.0,50.4,18,22,29,42.0,27.4,579,+12.8,6.5,782.6,6.8
told,32,6,599,48.6,40.8,37.6,19,23,31,51.8,29.0,750,+11.1,3.2,604.7,8.4
told,32,7,25,1.4,1.0,0.6,34,54,60,90.4,23.2,657,-1.4,40.4,51.5,14.2
told,32,7,50,3.0,2.4,2.0,43,53,95,88.8,41.0,604,-0.2,25.9,82.0,13.5
told,32,7,75,31.0,28.8,26.8,23,28,37,59.8,26.2,517,+10.3,20.4,437.1,10.6
told,32,7,100,44.6,38.2,30.4,20,24,32,56.0,31.6,872,+8.2,24.6,513.1,9.4
told,32,7,125,53.0,49.0,43.8,20,25,31,45.4,24.4,836,+12.0,16.5,682.0,7.9
told,32,7,150,47.4,43.0,41.4,21,26,35,46.0,20.4,529,+19.9,15.9,650.3,8.8
told,32,7,175,52.6,48.0,46.0,21,25,32,43.8,23.6,642,+23.2,14.0,712.7,7.3
told,32,7,200,41.4,38.4,35.8,19,22,29,57.4,47.0,741,+12.7,3.0,566.9,8.6
told,32,7,225,49.6,47.0,43.0,19,23,30,45.8,27.0,673,+12.1,2.4,672.9,8.8
told,32,7,250,38.2,30.2,25.4,20,25,35,57.4,28.6,716,+4.4,3.4,439.4,11.8
told,32,7,275,58.0,54.2,48.8,21,24,30,36.6,17.2,662,+17.8,1.2,761.9,7.5
told,32,7,300,51.8,47.8,44.4,20,23,29,44.2,23.4,633,+16.7,6.5,698.9,8.5
told,32,7,325,47.6,45.2,42.2,19,22,29,48.8,33.0,735,+13.4,1.9,654.8,7.8
told,32,7,350,56.4,53.0,47.2,19,22,28,42.0,28.0,747,+19.0,1.8,745.3,7.3
told,32,7,375,50.2,45.6,41.8,18,22,28,46.8,32.2,688,+12.8,6.3,665.5,7.9
told,32,7,400,48.0,45.8,41.8,18,21,30,48.0,33.6,702,+15.4,1.8,658.2,8.5
told,32,7,425,41.8,38.8,36.4,19,23,30,51.2,26.8,666,+16.2,4.3,576.1,9.2
told,32,7,450,51.0,47.0,39.8,18,21,27,44.2,27.8,929,+13.7,1.1,645.4,8.4
told,32,7,475,60.4,55.6,51.0,17,20,29,38.6,26.4,676,+13.7,1.0,807.7,6.8
told,32,7,500,54.0,51.6,47.4,18,22,28,42.8,24.8,791,+16.9,1.1,738.6,7.4
told,32,7,525,55.8,49.0,44.4,18,22,29,46.6,28.4,897,+12.9,2.7,695.4,7.6
told,32,7,550,56.8,46.8,40.2,17,20,26,50.4,35.4,962,+7.2,3.7,659.0,7.6
told,32,7,575,43.4,35.6,31.2,17,20,26,61.4,50.4,973,+9.7,2.1,521.6,8.9
told,32,7,599,60.4,55.2,47.6,18,23,29,44.0,28.2,722,+11.0,7.4,760.4,7.7
told,32,8,25,1.2,0.8,0.4,42,55,55,95.2,55.2,608,-2.2,23.2,49.5,13.3
told,32,8,50,6.8,6.2,5.4,30,39,48,82.4,28.2,649,+0.2,3.8,131.9,13.0
told,32,8,75,21.0,13.6,6.4,20,28,37,81.2,37.4,929,-3.6,6.5,169.8,12.4
told,32,8,100,29.4,25.6,23.0,20,26,37,64.2,13.6,728,+3.5,15.4,379.2,11.2
told,32,8,125,52.8,48.2,40.8,18,23,29,49.0,17.8,814,+9.4,15.5,656.1,9.0
told,32,8,150,54.6,49.6,42.8,19,24,32,43.6,18.8,841,+10.8,12.8,672.1,8.2
told,32,8,175,57.8,52.4,48.6,20,24,36,34.4,8.4,715,+15.8,13.5,745.5,8.2
told,32,8,200,45.2,40.6,37.8,19,23,35,48.4,16.2,784,+11.6,10.6,595.7,8.8
told,32,8,225,59.0,51.8,46.8,20,25,34,40.6,19.8,853,+14.4,12.3,725.7,8.1
told,32,8,250,44.4,40.2,38.0,19,23,32,48.6,21.8,828,+10.0,11.9,585.0,9.2
told,32,8,275,42.0,36.2,32.4,19,24,34,54.0,26.2,771,+8.7,14.5,534.5,10.2
told,32,8,300,59.2,53.8,48.8,20,24,32,36.6,15.6,655,+12.2,7.5,764.1,7.4
told,32,8,325,51.2,40.2,32.2,18,22,30,53.0,30.4,677,+5.8,4.5,567.3,9.2
told,32,8,350,43.0,36.6,33.0,17,22,31,55.8,35.6,712,+7.7,5.3,539.8,9.7
told,32,8,375,50.4,42.4,37.4,18,24,31,45.4,24.0,681,+10.0,6.1,612.2,9.5
told,32,8,400,48.2,44.2,42.2,23,28,37,48.8,27.6,990,+19.0,5.4,627.3,8.2
told,32,8,425,47.0,42.8,40.6,20,24,33,47.4,20.2,519,+13.2,5.2,641.4,9.4
told,32,8,450,54.8,51.4,45.8,18,22,31,39.2,16.2,643,+13.6,3.7,736.1,8.8
told,32,8,475,59.8,54.4,52.2,18,22,31,37.6,15.8,793,+15.0,2.0,796.9,7.1
told,32,8,500,60.2,56.6,53.8,19,24,35,38.2,13.0,785,+9.6,7.5,806.8,6.8
told,32,8,525,49.6,42.2,38.6,19,25,33,51.6,29.2,777,+14.3,8.8,621.0,8.4
told,32,8,550,57.2,51.0,47.0,19,24,34,44.2,24.6,1073,+11.2,4.0,715.8,7.3
told,32,8,575,55.0,48.8,44.0,19,23,31,45.6,24.6,844,+14.1,8.3,697.9,8.1
told,32,8,599,51.4,47.6,43.0,20,24,32,42.6,19.8,918,+14.9,8.0,671.8,7.8
told+journal,32,1,25,0.8,0.2,0.2,56,56,56,89.4,39.8,561,-4.7,42.0,56.7,12.9
told+journal,32,1,50,7.8,5.8,4.0,29,40,66,86.4,25.8,591,-0.1,43.9,103.1,13.4
told+journal,32,1,75,22.2,17.8,14.6,24,31,42,77.0,37.8,817,+2.6,32.5,257.7,11.2
told+journal,32,1,100,18.0,14.6,13.2,24,31,40,78.0,42.0,823,+6.7,16.2,236.2,10.7
told+journal,32,1,125,33.6,29.4,27.0,20,27,41,63.6,36.6,865,+9.1,9.9,429.9,9.2
told+journal,32,1,150,33.4,29.8,26.2,20,24,32,62.4,29.0,727,+6.4,3.2,436.8,10.3
told+journal,32,1,175,43.8,37.2,31.6,22,28,40,50.8,27.6,829,+6.5,6.9,513.8,9.6
told+journal,32,1,200,45.6,38.6,34.2,20,25,37,53.0,21.6,722,+9.0,4.2,552.1,9.5
told+journal,32,1,225,50.0,43.6,36.8,18,23,33,50.2,28.2,618,+7.1,2.5,613.8,9.1
told+journal,32,1,250,57.2,45.4,39.0,17,21,30,52.4,34.8,843,+8.9,5.9,648.3,8.6
told+journal,32,1,275,48.2,40.0,33.8,17,21,27,57.0,35.0,953,+11.0,5.1,561.6,9.4
told+journal,32,1,300,47.8,42.2,40.8,18,23,32,47.0,24.0,755,+12.1,3.2,635.0,8.5
told+journal,32,1,325,47.8,40.8,37.2,19,25,35,52.4,30.2,740,+8.6,5.6,583.1,8.8
told+journal,32,1,350,58.4,45.6,43.2,18,23,31,46.0,24.8,864,+11.5,4.6,689.6,7.9
told+journal,32,1,375,47.4,40.4,35.4,18,22,30,56.2,35.6,1039,+11.8,6.7,573.7,8.4
told+journal,32,1,400,61.0,49.4,45.0,20,25,31,44.0,25.2,906,+14.7,8.2,714.9,7.4
told+journal,32,1,425,54.4,44.0,40.8,18,24,31,52.8,32.0,983,+8.7,4.6,643.4,7.6
told+journal,32,1,450,49.6,40.2,34.6,17,21,28,57.0,42.4,961,+8.1,8.8,576.0,8.7
told+journal,32,1,475,49.0,41.0,37.0,19,24,32,55.0,35.0,1165,+13.5,6.5,584.3,7.9
told+journal,32,1,500,58.8,46.6,45.2,21,27,41,43.0,14.8,645,+9.4,7.9,699.5,8.0
told+journal,32,1,525,52.4,42.8,38.4,18,25,34,51.8,29.2,854,+6.5,9.0,619.3,8.7
told+journal,32,1,550,55.0,46.4,40.4,19,24,32,47.0,14.2,713,+5.2,6.5,657.6,8.9
told+journal,32,1,575,56.8,51.2,45.8,18,21,29,47.6,25.0,909,+10.3,7.0,717.8,7.3
told+journal,32,1,599,56.2,50.0,42.8,19,22,30,46.4,22.4,922,+10.7,4.1,688.4,8.0
told+journal,32,2,25,0.0,0.0,0.0,0,0,0,92.6,15.8,670,-0.1,62.4,27.6,14.4
told+journal,32,2,50,1.2,0.6,0.4,46,57,57,92.2,35.2,641,-1.6,25.3,50.3,13.7
told+journal,32,2,75,21.2,15.6,14.4,24,33,47,70.8,28.4,710,+5.8,34.8,265.7,12.0
told+journal,32,2,100,29.6,19.4,18.2,25,32,45,71.2,36.0,866,+4.1,5.7,309.6,10.0
told+journal,32,2,125,45.2,37.8,29.4,18,22,30,61.6,41.0,918,+5.9,5.6,506.6,8.7
told+journal,32,2,150,43.4,36.4,31.2,20,24,31,54.6,21.2,597,+6.9,5.1,522.7,9.5
told+journal,32,2,175,47.0,42.4,41.0,20,24,32,47.2,23.4,723,+12.7,3.2,631.3,8.4
told+journal,32,2,200,42.2,34.6,32.8,19,24,33,56.6,36.2,874,+9.4,3.5,526.8,9.1
told+journal,32,2,225,51.4,44.8,40.6,19,23,29,51.8,38.0,950,+12.1,1.0,640.2,7.8
told+journal,32,2,250,43.2,36.6,29.4,17,21,28,62.2,45.2,1319,+5.4,3.7,489.7,9.1
told+journal,32,2,275,52.6,41.4,35.8,18,23,32,47.8,23.0,769,+8.3,2.8,597.0,10.0
told+journal,32,2,300,51.6,45.6,41.6,17,21,28,47.6,32.4,763,+9.6,0.6,666.2,8.8
told+journal,32,2,325,45.4,36.4,31.8,18,23,34,54.6,34.6,837,+6.1,2.8,523.1,9.5
told+journal,32,2,350,55.4,49.2,38.8,16,21,29,51.0,26.0,785,+5.3,10.4,654.0,8.5
told+journal,32,2,375,50.2,44.8,38.2,17,20,26,53.2,33.4,765,+5.7,5.1,630.8,8.8
told+journal,32,2,400,49.4,42.6,39.0,18,21,29,52.6,36.0,756,+9.9,2.7,625.0,8.6
told+journal,32,2,425,52.0,42.4,40.0,17,21,30,49.8,35.6,912,+11.1,4.5,638.0,8.4
told+journal,32,2,450,54.4,49.2,43.8,16,20,28,47.0,36.4,832,+7.5,3.9,700.0,7.2
told+journal,32,2,475,60.6,55.4,51.0,17,20,28,38.2,22.6,875,+9.3,7.7,790.9,6.7
told+journal,32,2,500,51.2,46.0,41.8,20,24,30,41.8,23.0,571,+7.9,4.8,670.2,8.8
told+journal,32,2,525,46.2,36.8,30.2,18,22,28,59.8,42.4,795,+3.3,8.5,524.2,8.8
told+journal,32,2,550,49.8,44.0,38.2,17,21,27,51.2,32.2,776,+6.4,11.5,626.7,8.8
told+journal,32,2,575,52.8,44.0,41.4,17,20,26,52.6,41.4,1046,+12.5,5.6,654.3,7.5
told+journal,32,2,599,58.0,49.8,44.0,18,21,28,43.6,23.8,828,+9.3,8.8,709.7,7.9
told+journal,32,3,25,0.0,0.0,0.0,0,0,0,92.8,28.6,810,-1.4,13.7,32.3,14.0
told+journal,32,3,50,5.0,3.6,2.6,35,56,96,84.6,38.2,596,+1.0,23.4,76.0,13.2
told+journal,32,3,75,26.6,21.2,18.4,27,35,54,69.8,18.2,621,+2.2,6.3,317.8,11.7
told+journal,32,3,100,48.6,37.2,30.4,20,23,30,55.2,30.0,760,+8.2,14.0,531.7,9.9
told+journal,32,3,125,50.8,44.4,40.0,17,21,30,51.6,32.4,657,+8.9,7.1,648.8,8.0
told+journal,32,3,150,42.8,33.4,30.8,18,23,35,59.8,38.2,782,+9.6,4.0,507.9,9.2
told+journal,32,3,175,48.4,40.4,37.6,21,26,39,46.4,22.4,619,+10.1,3.7,597.5,8.8
told+journal,32,3,200,55.4,48.2,41.8,18,22,29,50.8,37.2,760,+6.9,2.5,674.3,7.9
told+journal,32,3,225,61.8,48.8,44.8,18,22,28,43.8,29.2,811,+11.9,2.1,723.9,7.4
told+journal,32,3,250,62.0,52.6,46.8,18,21,28,43.2,25.4,651,+10.2,2.0,756.8,7.3
told+journal,32,3,275,60.0,52.4,47.6,19,24,31,39.6,21.6,645,+13.2,1.7,753.8,7.5
told+journal,32,3,300,53.4,48.6,40.4,17,21,28,50.4,32.4,1017,+10.2,2.5,650.9,7.6
told+journal,32,3,325,57.8,49.0,45.0,19,24,31,42.6,20.4,634,+9.9,3.3,712.6,8.6
told+journal,32,3,350,57.2,45.8,43.4,20,23,30,46.0,31.6,883,+16.1,2.8,689.8,8.4
told+journal,32,3,375,45.4,39.8,37.2,19,23,29,53.6,36.6,806,+13.1,3.5,592.7,9.3
told+journal,32,3,400,35.4,32.8,28.2,21,25,32,65.4,41.2,1078,+6.3,3.6,439.5,10.4
told+journal,32,3,425,60.0,55.2,51.4,18,21,28,39.6,24.8,760,+10.5,3.7,797.4,6.8
told+journal,32,3,450,49.8,46.4,40.8,18,21,27,51.6,34.4,789,+5.4,3.1,654.1,7.3
told+journal,32,3,475,52.2,42.2,38.6,19,23,28,52.6,35.2,1156,+16.2,6.9,615.8,8.2
told+journal,32,3,500,53.8,46.0,43.4,19,23,28,49.8,36.4,902,+19.1,4.2,680.3,7.6
told+journal,32,3,525,51.0,46.8,44.2,18,22,28,48.2,32.4,785,+11.7,4.1,689.8,8.2
told+journal,32,3,550,54.8,44.0,41.2,19,24,32,48.0,29.2,1003,+14.1,5.1,648.7,7.6
told+journal,32,3,575,46.2,41.2,37.0,19,23,29,51.0,34.6,923,+16.7,6.2,595.2,8.3
told+journal,32,3,599,51.8,44.4,39.0,19,22,30,52.6,34.2,888,+8.7,6.5,627.0,8.4
told+journal,32,4,25,0.2,0.0,0.0,0,0,0,91.6,24.4,1058,-0.6,30.9,16.7,14.3
told+journal,32,4,50,1.4,1.4,1.2,36,48,95,92.8,55.0,732,+1.3,34.8,51.7,12.6
told+journal,32,4,75,5.6,3.4,2.6,27,33,49,87.0,42.4,762,+2.8,34.6,93.2,13.0
told+journal,32,4,100,25.0,18.4,16.2,21,27,37,73.2,33.0,631,+2.1,24.7,289.8,12.0
told+journal,32,4,125,42.4,37.2,31.2,21,27,40,57.0,24.8,609,+7.1,19.6,513.4,10.0
told+journal,32,4,150,36.2,30.6,30.2,21,26,38,61.0,33.4,779,+11.0,25.4,470.1,9.6
told+journal,32,4,175,48.6,44.2,40.8,19,25,35,50.2,23.6,623,+8.2,22.3,632.8,8.7
told+journal,32,4,200,36.8,30.6,23.4,16,20,27,69.4,51.8,986,+4.6,17.6,414.8,9.8
told+journal,32,4,225,39.4,36.0,32.0,19,24,30,62.2,37.0,677,+7.4,25.3,527.8,9.2
told+journal,32,4,250,47.8,44.6,38.2,20,24,31,49.2,25.8,648,+9.8,20.4,618.6,8.8
told+journal,32,4,275,45.8,41.6,35.0,19,23,32,54.0,29.6,705,+6.2,24.1,575.0,8.4
told+journal,32,4,300,43.6,41.0,37.4,19,25,34,50.0,21.6,589,+7.7,19.6,596.5,8.6
told+journal,32,4,325,45.6,42.2,39.6,20,24,34,48.0,26.6,717,+6.3,20.9,618.4,9.0
told+journal,32,4,350,31.4,27.4,26.2,20,24,33,63.6,42.2,842,+11.5,17.3,424.5,9.8
told+journal,32,4,375,40.6,37.6,34.8,20,24,34,56.0,29.0,812,+5.2,20.0,542.7,9.5
told+journal,32,4,400,47.2,38.6,35.2,20,25,39,51.4,24.8,754,+5.2,24.9,564.0,8.8
told+journal,32,4,425,44.4,41.2,36.6,20,24,33,54.8,26.2,714,+5.3,21.6,584.1,9.1
told+journal,32,4,450,51.8,40.2,33.0,17,21,30,59.4,39.2,958,+7.0,23.5,563.9,8.8
told+journal,32,4,475,48.0,42.0,32.6,17,22,32,59.4,39.0,3839,+4.0,19.8,407.8,8.4
told+journal,32,4,500,41.4,35.6,32.2,19,22,28,58.2,33.8,748,+6.4,17.4,527.9,9.2
told+journal,32,4,525,41.2,32.0,28.0,19,25,35,62.0,36.6,989,+3.8,15.6,456.1,8.9
told+journal,32,4,550,41.0,37.6,34.0,18,22,30,59.6,38.8,875,+6.1,18.3,542.1,8.9
told+journal,32,4,575,50.2,44.2,40.4,20,25,34,48.6,23.6,827,+7.0,13.0,629.6,8.7
told+journal,32,4,599,47.2,38.4,34.4,18,22,28,56.0,27.0,654,+5.4,14.0,573.1,9.5
told+journal,32,5,25,0.8,0.4,0.2,70,70,70,91.6,6.4,778,-0.8,40.0,38.4,14.2
told+journal,32,5,50,9.0,7.2,6.6,29,38,56,85.4,36.4,639,+4.8,30.6,133.9,12.9
told+journal,32,5,75,28.8,23.8,21.0,20,24,34,67.4,26.2,735,+10.5,23.3,360.4,11.8
told+journal,32,5,100,48.0,38.2,35.2,18,22,31,53.8,22.2,924,+14.4,23.7,570.7,8.4
told+journal,32,5,125,49.6,38.2,36.0,19,23,33,54.2,31.8,1371,+14.5,18.8,556.7,8.9
told+journal,32,5,150,53.0,43.8,38.4,18,22,30,52.6,24.0,863,+11.1,9.6,627.0,9.0
told+journal,32,5,175,51.8,45.6,37.8,19,25,35,54.0,18.2,1229,+5.6,16.0,597.6,8.6
told+journal,32,5,200,52.2,43.6,37.8,16,21,31,54.8,25.2,891,+8.2,22.9,619.7,8.2
told+journal,32,5,225,47.6,43.2,36.6,17,20,26,56.0,29.4,1020,+7.5,16.8,590.0,8.7
told+journal,32,5,250,37.8,34.0,28.0,18,23,29,61.4,33.8,965,+3.9,15.8,456.7,10.3
told+journal,32,5,275,43.4,38.8,37.0,19,24,32,57.4,30.2,769,+7.5,15.9,578.1,8.8
told+journal,32,5,300,57.6,47.2,44.6,18,22,29,46.8,24.0,751,+11.5,21.2,710.4,8.0
told+journal,32,5,325,46.4,39.8,34.2,18,24,32,57.2,24.6,1048,+5.4,12.6,552.2,9.6
told+journal,32,5,350,54.0,43.0,41.0,19,24,33,50.8,31.2,841,+10.1,14.9,646.9,8.0
told+journal,32,5,375,42.2,35.6,32.2,20,25,34,57.4,27.8,910,+9.6,14.6,524.8,9.0
told+journal,32,5,400,50.8,45.8,40.2,18,22,29,49.2,24.4,755,+7.4,14.5,650.0,8.7
told+journal,32,5,425,54.8,48.2,42.0,17,22,30,47.4,19.4,871,+7.4,12.5,672.5,8.6
told+journal,32,5,450,47.8,42.2,37.6,18,22,35,51.6,28.0,636,+6.2,11.7,607.9,8.6
told+journal,32,5,475,55.8,48.6,43.6,18,22,30,46.2,28.6,927,+15.1,21.0,693.5,7.8
told+journal,32,5,500,49.4,43.8,39.4,18,24,31,50.4,23.8,915,+9.8,18.8,620.6,8.8
told+journal,32,5,525,59.6,55.8,53.4,18,22,29,40.2,21.6,846,+12.5,21.0,806.2,6.4
told+journal,32,5,550,59.2,46.4,39.8,17,21,29,53.4,29.4,1130,+8.5,19.9,650.3,8.0
told+journal,32,5,575,50.4,44.0,39.8,18,23,35,54.0,33.4,975,+8.9,26.2,620.4,7.8
told+journal,32,5,599,52.2,41.4,37.8,17,22,32,55.0,38.2,1011,+11.3,25.0,603.7,7.7
told+journal,32,6,25,0.0,0.0,0.0,0,0,0,97.0,55.4,637,-0.5,24.5,22.0,13.5
told+journal,32,6,50,0.0,0.0,0.0,0,0,0,88.0,22.6,433,-4.2,49.1,53.8,14.2
told+journal,32,6,75,0.0,0.0,0.0,0,0,0,81.4,2.4,227,-2.3,38.0,83.0,12.9
told+journal,32,6,100,2.0,0.0,0.0,0,0,0,77.0,7.8,254,-1.2,34.4,93.5,13.2
told+journal,32,6,125,4.6,1.2,0.2,68,68,68,74.6,21.0,772,+1.4,39.9,101.4,13.7
told+journal,32,6,150,13.0,10.8,7.4,54,66,79,72.4,12.6,632,+0.9,53.5,170.0,13.4
told+journal,32,6,175,12.8,10.4,7.8,46,72,91,71.2,10.8,460,+0.5,60.7,179.4,13.0
told+journal,32,6,200,15.2,11.8,10.2,45,60,81,71.6,14.8,551,+1.5,43.2,201.8,12.6
told+journal,32,6,225,16.6,13.8,12.4,44,57,81,71.8,22.2,782,-1.3,28.9,223.9,12.5
told+journal,32,6,250,18.6,14.4,11.4,36,52,72,70.0,30.8,773,-1.8,28.7,224.7,13.0
told+journal,32,6,275,34.2,26.2,22.6,19,26,37,64.8,40.0,778,+6.0,28.9,394.0,10.8
told+journal,32,6,300,44.4,34.0,26.8,17,23,33,59.6,38.2,892,+4.8,24.6,478.5,10.6
told+journal,32,6,325,58.2,48.0,42.2,21,26,34,38.4,21.4,774,+12.0,22.0,679.9,8.8
told+journal,32,6,350,53.8,44.2,36.6,20,24,32,47.4,29.2,872,+10.7,21.6,610.2,8.7
told+journal,32,6,375,52.0,45.0,33.4,18,22,30,57.0,41.8,1173,+7.6,17.4,572.8,9.1
told+journal,32,6,400,58.6,48.0,46.0,20,25,34,40.4,21.0,724,+14.1,11.6,719.8,7.5
told+journal,32,6,425,55.2,50.2,48.0,20,24,32,40.2,15.0,623,+15.9,6.5,740.7,7.3
told+journal,32,6,450,60.0,50.4,46.2,18,21,30,42.0,22.8,699,+14.2,5.4,738.0,7.8
told+journal,32,6,475,64.0,58.6,53.4,18,23,30,35.6,16.8,723,+15.9,5.5,830.0,6.4
told+journal,32,6,500,53.6,47.8,41.4,19,22,29,46.0,21.4,773,+9.3,3.9,665.5,8.9
told+journal,32,6,525,52.6,41.8,38.2,19,23,29,49.6,26.0,828,+11.7,2.7,618.9,9.2
told+journal,32,6,550,54.8,49.0,42.0,18,20,27,47.0,29.8,949,+13.1,4.8,675.3,8.2
told+journal,32,6,575,57.4,50.4,46.0,19,23,31,43.2,25.6,1049,+15.7,3.7,719.6,7.5
told+journal,32,6,599,56.8,40.0,38.4,19,23,30,50.4,32.4,1147,+17.4,4.0,614.9,8.0
told+journal,32,7,25,0.0,0.0,0.0,0,0,0,89.0,6.0,533,-1.5,40.8,54.7,14.8
told+journal,32,7,50,6.4,5.0,4.6,34,47,74,85.8,20.8,589,+2.9,23.8,104.9,13.6
told+journal,32,7,75,17.0,15.4,14.4,26,36,46,72.0,29.2,827,+7.9,16.3,243.7,11.4
told+journal,32,7,100,16.4,15.0,13.6,28,37,48,77.2,47.2,1054,+8.9,16.0,226.2,11.2
told+journal,32,7,125,23.0,20.4,18.6,27,32,41,67.2,25.6,917,+8.5,21.2,307.8,12.0
told+journal,32,7,150,31.4,28.2,25.6,22,27,39,60.2,25.0,659,+9.5,11.5,422.6,11.2
told+journal,32,7,175,44.2,40.0,37.4,19,23,30,53.6,29.6,876,+12.7,7.6,589.4,8.4
told+journal,32,7,200,42.0,34.8,31.0,21,29,43,56.2,26.0,844,+5.2,11.4,495.6,9.7
told+journal,32,7,225,50.8,45.8,43.4,19,24,32,48.8,20.6,723,+8.9,5.8,676.1,7.9
told+journal,32,7,250,46.4,41.2,37.4,18,22,27,56.2,37.2,999,+11.8,3.6,593.7,7.9
told+journal,32,7,275,55.8,50.8,47.6,18,23,30,45.0,23.2,1020,+13.6,3.6,734.2,6.8
told+journal,32,7,300,43.4,39.6,35.0,18,22,30,55.6,35.6,989,+11.4,11.2,559.7,9.6
told+journal,32,7,325,60.0,54.4,48.0,18,22,30,42.4,27.0,857,+12.6,9.9,757.7,7.1
told+journal,32,7,350,56.6,51.0,38.0,18,22,30,52.6,33.4,1543,+7.6,3.6,621.0,7.7
told+journal,32,7,375,55.6,48.6,46.2,18,22,28,42.2,20.4,844,+16.6,4.5,726.6,7.8
told+journal,32,7,400,55.2,46.2,35.4,17,22,30,56.6,36.8,1041,+4.2,7.7,601.6,8.6
told+journal,32,7,425,61.0,56.2,48.6,17,21,28,42.6,24.0,891,+11.8,6.2,769.4,6.8
told+journal,32,7,450,54.8,50.2,44.8,18,21,29,44.0,20.2,785,+14.1,5.7,716.0,8.0
told+journal,32,7,475,59.8,53.8,50.4,18,21,28,41.2,25.2,838,+15.6,4.3,782.2,6.8
told+journal,32,7,500,58.0,50.2,48.0,18,21,27,44.6,27.8,874,+16.3,5.4,743.7,6.7
told+journal,32,7,525,60.8,55.4,51.2,18,23,30,37.6,19.4,948,+10.1,7.5,787.4,7.0
told+journal,32,7,550,58.8,54.0,48.2,18,21,27,44.4,23.0,886,+11.7,10.3,758.8,7.2
told+journal,32,7,575,60.4,53.8,48.0,16,20,26,44.6,29.0,900,+10.0,5.5,761.5,7.0
told+journal,32,7,599,46.0,39.4,32.6,19,24,31,57.8,29.0,959,+4.0,6.4,534.1,9.6
told+journal,32,8,25,0.0,0.0,0.0,0,0,0,90.4,7.2,188,-0.2,32.2,71.0,14.2
told+journal,32,8,50,0.0,0.0,0.0,0,0,0,84.4,8.8,235,-3.9,31.0,67.8,14.3
told+journal,32,8,75,0.6,0.0,0.0,0,0,0,82.0,36.8,732,-0.3,21.0,84.8,12.7
told+journal,32,8,100,7.6,4.0,2.2,37,48,73,81.4,28.2,727,-4.0,19.9,104.8,13.6
told+journal,32,8,125,11.4,9.4,6.0,37,49,81,80.2,29.2,911,-0.3,22.9,151.8,13.3
told+journal,32,8,150,12.6,11.4,10.6,38,49,67,76.6,18.6,575,+3.5,24.9,202.5,12.4
told+journal,32,8,175,15.2,13.2,12.2,34,42,61,74.0,22.6,721,+3.4,28.1,224.4,13.2
told+journal,32,8,200,18.0,15.8,14.8,38,53,73,71.6,22.6,564,+4.4,30.0,258.5,12.0
told+journal,32,8,225,17.4,15.6,14.8,39,49,63,67.8,15.4,467,+4.0,29.0,267.0,12.5
told+journal,32,8,250,17.2,16.0,15.6,36,46,60,63.8,16.0,445,+4.1,21.8,276.4,12.7
told+journal,32,8,275,17.6,16.2,15.2,40,47,57,68.6,19.6,564,+5.0,24.0,269.7,12.2
told+journal,32,8,300,18.0,14.6,14.0,30,38,54,69.0,22.8,638,+8.4,28.9,258.9,11.4
told+journal,32,8,325,18.6,17.8,17.8,33,41,57,69.6,24.8,513,+8.8,23.6,293.6,11.9
told+journal,32,8,350,21.8,20.6,19.6,35,44,60,64.4,15.0,392,+6.1,23.3,324.0,11.8
told+journal,32,8,375,17.8,16.6,15.4,35,45,60,65.0,16.4,540,+5.4,22.0,272.6,12.6
told+journal,32,8,400,19.4,18.2,16.6,35,46,66,70.4,22.0,593,+4.3,22.8,280.2,11.8
told+journal,32,8,425,16.8,15.6,15.6,36,43,61,69.2,19.6,554,+6.6,16.4,269.0,12.6
told+journal,32,8,450,19.4,15.6,15.4,37,46,64,71.4,26.2,852,+9.0,8.3,262.8,11.6
told+journal,32,8,475,19.6,17.4,15.8,33,41,60,65.4,14.0,483,+4.9,6.9,286.9,12.5
told+journal,32,8,500,15.8,12.4,10.6,39,48,65,74.2,25.4,644,+2.6,8.3,213.9,12.2
told+journal,32,8,525,17.6,16.2,15.4,32,40,52,69.0,23.2,774,+8.8,14.5,267.2,11.9
told+journal,32,8,550,13.8,12.8,12.0,30,38,47,76.4,34.6,890,+5.5,13.3,222.7,11.7
told+journal,32,8,575,18.4,15.2,12.2,35,41,58,70.6,24.4,717,+4.2,12.7,245.6,12.2
told+journal,32,8,599,19.8,18.4,17.0,34,40,59,70.4,26.8,697,+7.3,8.1,290.8,10.9
told+recall,32,1,25,0.0,0.0,0.0,0,0,0,90.4,4.0,926,-0.6,53.2,24.0,14.6
told+recall,32,1,50,5.4,3.2,2.8,54,68,88,80.4,10.0,926,+0.7,19.7,72.1,14.1
told+recall,32,1,75,6.8,5.8,5.4,62,73,89,78.8,8.0,618,+1.5,29.7,100.4,13.8
told+recall,32,1,100,10.6,9.8,9.6,44,52,64,75.2,10.8,457,+2.3,16.2,172.1,13.9
told+recall,32,1,125,13.4,13.0,11.2,48,55,73,73.6,4.2,608,+2.0,5.6,182.9,13.1
told+recall,32,1,150,34.4,29.2,26.4,28,35,50,52.6,13.6,563,+7.4,3.7,419.9,10.8
told+recall,32,1,175,66.0,58.4,50.6,20,24,31,35.0,14.4,610,+14.1,3.7,813.5,7.0
told+recall,32,1,200,74.0,69.4,62.8,16,20,29,25.8,14.4,695,+15.5,9.2,975.6,5.8
told+recall,32,1,225,78.0,71.2,64.0,18,22,30,23.6,14.0,621,+15.6,2.2,1000.4,5.2
told+recall,32,1,250,63.2,57.4,54.8,18,23,30,38.8,26.6,826,+17.5,4.3,833.3,6.1
told+recall,32,1,275,50.8,48.2,42.4,18,23,34,40.4,14.2,922,+9.1,2.9,660.7,9.4
told+recall,32,1,300,62.4,55.4,43.0,15,18,25,51.2,41.6,1135,+7.4,6.6,722.7,7.0
told+recall,32,1,325,63.2,47.6,44.0,23,30,38,33.8,19.0,929,+15.4,1.0,691.3,8.0
told+recall,32,1,350,67.6,57.2,52.8,22,27,36,31.0,22.6,831,+14.8,0.5,806.5,7.0
told+recall,32,1,375,66.4,60.0,54.4,18,23,31,30.4,13.6,683,+16.0,0.1,858.5,6.8
told+recall,32,1,400,55.4,49.4,44.6,19,23,33,43.6,27.2,739,+17.6,0.2,716.4,7.7
told+recall,32,1,425,64.8,56.2,49.0,17,22,30,37.2,18.6,614,+15.3,0.4,803.5,7.7
told+recall,32,1,450,69.0,52.6,47.8,21,26,35,32.2,18.4,714,+14.5,0.7,772.2,7.9
told+recall,32,1,475,71.6,60.0,47.0,18,22,30,33.8,22.2,819,+16.3,0.4,801.6,7.4
told+recall,32,1,500,63.4,54.0,47.4,19,26,38,32.4,16.6,869,+14.5,0.7,756.9,7.7
told+recall,32,1,525,49.0,39.8,33.2,22,29,44,46.0,16.8,869,+13.4,0.1,553.4,10.0
told+recall,32,1,550,75.8,63.8,55.6,18,25,35,26.4,15.2,694,+16.4,0.2,889.4,6.7
told+recall,32,1,575,61.2,52.6,46.2,21,28,41,33.0,16.0,659,+12.4,0.5,732.1,8.6
told+recall,32,1,599,62.2,48.4,45.6,22,28,37,34.8,13.6,586,+11.1,0.2,716.7,8.6
told+recall,32,2,25,0.0,0.0,0.0,0,0,0,85.4,2.4,742,-6.0,42.9,44.9,15.1
told+recall,32,2,50,5.4,3.2,1.8,32,45,50,86.4,19.0,427,-1.0,20.0,83.9,14.0
told+recall,32,2,75,41.8,31.6,24.0,21,25,34,62.2,36.8,1050,+8.0,12.6,427.1,9.7
told+recall,32,2,100,48.6,38.4,33.6,21,28,37,53.8,25.4,842,+12.3,4.8,552.0,9.3
told+recall,32,2,125,52.6,45.6,29.0,20,25,31,55.2,33.4,851,+3.3,1.4,538.6,9.3
told+recall,32,2,150,54.8,52.0,48.4,20,22,28,39.8,25.0,771,+20.9,4.9,754.1,7.2
told+recall,32,2,175,55.2,43.0,40.2,21,25,30,48.4,27.8,998,+17.6,4.8,632.9,7.6
told+recall,32,2,200,60.4,51.4,37.4,18,21,27,54.0,37.4,954,+7.6,1.8,645.7,8.1
told+recall,32,2,225,45.0,31.8,25.8,19,27,35,61.8,39.8,991,+13.1,2.1,447.4,10.1
told+recall,32,2,250,62.2,51.0,46.2,20,25,37,40.0,20.8,789,+13.0,4.3,726.5,7.7
told+recall,32,2,275,60.2,42.4,37.0,21,25,31,45.2,28.2,890,+18.3,3.8,621.6,8.2
told+recall,32,2,300,57.6,49.4,45.8,20,26,33,43.2,25.0,714,+18.7,1.8,718.2,7.4
told+recall,32,2,325,51.2,47.0,41.8,19,22,29,49.6,21.8,649,+10.1,0.9,662.1,8.3
told+recall,32,2,350,56.8,53.4,48.8,19,22,29,43.6,24.2,691,+10.5,2.3,759.8,7.0
told+recall,32,2,375,57.4,40.0,34.4,19,23,28,54.4,38.2,1362,+15.6,0.9,567.5,7.8
told+recall,32,2,400,50.2,45.0,41.4,18,21,27,49.4,29.2,763,+7.1,1.8,659.2,8.2
told+recall,32,2,425,53.8,49.4,37.8,18,20,26,51.0,30.2,841,+9.2,1.0,638.5,8.2
told+recall,32,2,450,53.0,46.6,37.0,18,20,27,54.0,29.2,790,+6.2,0.2,622.9,8.9
told+recall,32,2,475,50.4,45.4,39.8,19,23,31,45.2,24.6,651,+9.1,0.2,641.1,9.4
told+recall,32,2,500,54.6,49.4,43.0,18,21,27,46.0,21.4,563,+10.2,1.6,699.5,8.4
told+recall,32,2,525,49.8,45.0,41.8,20,23,32,47.2,28.2,877,+20.1,0.4,652.7,7.8
told+recall,32,2,550,53.6,47.4,40.2,18,20,26,51.0,36.6,820,+8.8,0.5,656.2,7.8
told+recall,32,2,575,60.8,53.2,37.8,15,18,23,57.0,43.8,860,+5.9,0.9,669.3,8.1
told+recall,32,2,599,57.4,46.4,37.4,16,19,25,51.4,39.6,885,+9.6,0.4,639.6,8.2
told+recall,32,3,25,0.8,0.4,0.2,84,84,84,93.0,50.4,724,-3.9,21.0,35.2,13.4
told+recall,32,3,50,5.8,5.2,3.4,32,41,51,85.8,28.8,758,-1.6,18.8,82.2,13.7
told+recall,32,3,75,42.6,36.2,28.6,19,23,33,61.8,37.2,807,+6.4,21.4,493.1,9.6
told+recall,32,3,100,46.8,37.4,29.6,20,27,40,55.8,30.6,814,+8.1,26.7,502.7,10.0
told+recall,32,3,125,52.8,45.8,39.6,18,23,31,49.6,28.6,641,+9.2,22.5,651.4,8.0
told+recall,32,3,150,47.0,43.2,37.2,18,23,31,55.8,35.6,664,+6.3,16.9,600.3,9.1
told+recall,32,3,175,65.8,61.6,55.4,18,23,33,29.4,9.8,380,+13.8,12.1,875.9,7.2
told+recall,32,3,200,53.2,51.6,46.0,19,23,32,42.8,23.2,579,+12.9,14.4,725.4,8.0
told+recall,32,3,225,60.6,49.0,44.0,18,23,30,44.0,25.2,722,+11.0,14.7,711.3,8.0
told+recall,32,3,250,63.0,57.0,48.8,18,22,35,38.6,19.8,596,+11.6,9.4,786.8,7.6
told+recall,32,3,275,52.8,49.6,42.8,19,25,34,48.2,22.8,785,+5.6,13.5,669.9,8.3
told+recall,32,3,300,58.8,45.2,40.4,20,26,36,51.2,28.6,1132,+10.0,4.4,637.3,7.7
told+recall,32,3,325,49.0,41.8,36.6,18,21,30,54.2,35.4,833,+10.5,1.9,599.9,8.4
told+recall,32,3,350,48.4,44.4,38.2,16,20,28,54.2,35.6,726,+7.8,5.7,627.8,8.8
told+recall,32,3,375,54.4,50.2,45.0,17,20,26,48.2,31.4,646,+12.2,7.5,724.1,7.2
told+recall,32,3,400,58.0,53.0,50.4,18,23,32,41.4,17.6,508,+13.1,1.2,783.7,7.8
told+recall,32,3,425,61.2,45.6,43.6,18,23,29,49.4,34.6,931,+16.0,11.6,695.2,7.4
told+recall,32,3,450,45.2,40.8,36.4,18,21,26,55.6,40.8,2083,+12.6,7.9,531.6,8.1
told+recall,32,3,475,52.8,45.6,40.6,17,22,31,48.6,32.0,723,+11.3,3.2,658.8,8.0
told+recall,32,3,500,65.6,59.0,53.6,18,23,32,34.0,18.8,584,+12.6,4.7,842.6,6.8
told+recall,32,3,525,55.6,47.4,40.6,16,20,25,53.0,35.6,718,+8.1,6.5,676.3,8.3
told+recall,32,3,550,56.6,50.4,45.6,17,22,28,45.8,25.4,758,+11.3,7.6,727.4,8.0
told+recall,32,3,575,52.6,46.8,41.4,17,21,28,48.6,28.6,704,+9.0,4.3,669.0,8.6
told+recall,32,3,599,62.0,57.8,52.0,18,21,28,39.0,24.0,665,+17.6,3.1,821.2,6.9
told+recall,32,4,25,7.4,3.2,2.2,73,86,98,81.6,20.0,657,-3.4,5.6,86.6,13.5
told+recall,32,4,50,17.4,13.0,9.0,34,51,72,74.4,24.0,1179,+12.7,24.1,183.7,11.6
told+recall,32,4,75,32.8,26.2,21.4,21,28,36,63.6,17.6,408,+1.7,39.2,386.5,11.8
told+recall,32,4,100,48.0,40.8,37.2,20,25,33,50.4,32.0,899,+14.9,23.9,589.7,7.6
told+recall,32,4,125,52.0,44.4,38.2,18,24,32,52.4,38.2,927,+9.5,18.1,614.3,7.9
told+recall,32,4,150,55.0,50.6,47.4,21,26,40,39.4,16.4,557,+10.9,25.7,724.8,7.6
told+recall,32,4,175,56.4,53.0,48.0,18,21,28,39.6,25.2,723,+14.9,20.2,760.2,7.4
told+recall,32,4,200,53.8,49.8,39.4,16,19,25,52.4,41.6,924,+10.2,18.2,659.6,7.8
told+recall,32,4,225,65.8,57.8,48.6,18,21,28,43.6,29.0,966,+16.0,20.2,784.9,6.7
told+recall,32,4,250,51.8,43.6,38.8,18,22,29,50.8,34.8,860,+13.1,18.9,626.2,7.8
told+recall,32,4,275,55.0,48.4,40.8,17,20,27,50.0,31.4,871,+6.3,20.0,664.4,8.2
told+recall,32,4,300,60.0,51.6,47.8,18,21,26,43.6,30.6,931,+14.7,24.1,752.2,6.8
told+recall,32,4,325,63.0,56.4,51.8,18,21,28,38.0,23.6,838,+16.4,22.5,814.1,7.0
told+recall,32,4,350,59.2,55.8,49.0,19,23,29,38.6,25.4,860,+10.4,22.2,763.0,7.3
told+recall,32,4,375,62.0,54.4,49.0,18,21,25,43.4,30.0,1130,+14.6,20.4,766.9,6.6
told+recall,32,4,400,67.0,57.4,40.2,16,19,25,50.6,37.6,1169,+5.4,21.5,700.5,7.5
told+recall,32,4,425,59.2,49.2,37.4,15,19,25,52.8,42.6,2143,+5.4,18.5,590.8,8.3
told+recall,32,4,450,57.6,51.6,44.8,18,23,30,43.6,32.6,880,+7.1,21.5,715.8,7.4
told+recall,32,4,475,52.6,48.6,47.2,19,24,32,43.0,30.8,832,+13.5,19.8,710.7,7.4
told+recall,32,4,500,52.8,45.6,40.6,17,21,29,50.2,33.2,751,+10.5,18.5,657.2,8.2
told+recall,32,4,525,60.4,53.2,44.2,16,20,27,44.8,27.6,772,+10.9,19.6,727.6,8.4
told+recall,32,4,550,65.8,62.0,56.4,17,21,30,33.6,18.0,668,+16.0,21.2,881.2,6.6
told+recall,32,4,575,68.0,62.8,56.4,16,20,30,32.2,16.6,671,+9.3,23.6,883.6,6.8
told+recall,32,4,599,65.2,59.0,52.0,16,20,28,35.6,20.4,669,+12.7,26.4,831.8,7.1
told+recall,32,5,25,0.0,0.0,0.0,0,0,0,92.2,26.8,764,-0.3,21.3,37.2,14.1
told+recall,32,5,50,5.0,1.4,0.4,42,55,55,86.8,13.8,1018,-3.6,36.6,42.7,13.9
told+recall,32,5,75,5.2,2.2,0.8,41,54,65,85.8,24.4,492,-1.7,26.1,90.8,12.0
told+recall,32,5,100,11.2,8.4,7.6,33,52,76,75.0,23.4,758,+4.8,26.1,160.8,12.4
told+recall,32,5,125,9.0,7.8,7.4,50,61,80,73.4,7.0,289,+0.2,25.4,157.3,13.6
told+recall,32,5,150,8.0,6.4,5.2,36,42,57,77.6,25.4,678,-2.3,20.3,130.0,12.5
told+recall,32,5,175,11.0,8.4,6.6,31,36,41,79.4,25.4,486,-0.6,17.8,158.3,12.7
told+recall,32,5,200,21.0,18.0,16.8,34,43,65,64.0,15.8,455,+6.0,18.6,280.4,11.6
told+recall,32,5,225,22.8,20.4,19.2,28,36,50,63.8,24.4,605,+5.6,16.4,318.3,11.8
told+recall,32,5,250,20.6,18.0,17.0,30,38,55,69.4,19.8,523,+2.1,1.9,279.9,12.0
told+recall,32,5,275,24.8,23.0,21.2,26,32,45,68.0,29.6,717,+2.3,1.0,335.4,11.7
told+recall,32,5,300,58.0,49.2,45.0,23,27,34,38.6,18.2,604,+13.0,4.9,709.3,7.9
told+recall,32,5,325,55.8,50.4,45.8,24,30,39,37.6,19.4,819,+10.0,2.4,692.7,8.0
told+recall,32,5,350,58.0,54.2,47.4,19,24,31,41.2,29.8,778,+12.3,1.8,743.2,7.6
told+recall,32,5,375,55.8,43.2,38.8,18,23,31,50.0,39.2,1009,+10.3,3.1,626.3,7.8
told+recall,32,5,400,66.4,58.8,51.8,18,22,30,37.4,21.2,753,+11.0,3.1,823.7,6.5
told+recall,32,5,425,59.4,52.4,45.4,20,26,34,39.0,25.2,749,+14.5,2.6,722.0,8.0
told+recall,32,5,450,52.6,46.8,42.8,22,28,40,45.6,25.4,699,+9.9,0.6,661.2,8.2
told+recall,32,5,475,62.8,58.6,53.6,17,21,28,38.2,19.2,660,+12.2,4.0,838.3,6.5
told+recall,32,5,500,65.0,60.8,53.6,16,20,26,37.4,23.2,589,+10.8,3.7,857.3,6.7
told+recall,32,5,525,61.2,58.6,54.6,17,21,31,36.0,19.2,586,+12.5,2.6,841.0,7.1
told+recall,32,5,550,70.0,67.0,59.8,20,23,36,30.6,16.2,1077,+13.9,1.7,897.4,5.4
told+recall,32,5,575,62.2,58.2,50.8,17,21,28,38.6,28.4,697,+12.7,3.3,812.5,7.4
told+recall,32,5,599,60.6,57.8,51.0,17,21,30,40.0,30.8,779,+12.2,0.8,796.1,6.9
told+recall,32,6,25,3.0,2.6,2.4,38,70,95,85.4,17.0,1035,-1.7,20.6,50.1,14.6
told+recall,32,6,50,6.4,5.6,4.6,35,51,61,82.2,17.0,787,+0.2,24.4,101.2,13.5
told+recall,32,6,75,42.6,38.8,36.6,25,31,41,49.4,10.6,699,+12.8,4.7,557.2,9.9
told+recall,32,6,100,45.6,41.6,39.8,22,26,33,46.6,29.0,757,+15.9,24.7,612.3,8.4
told+recall,32,6,125,66.4,58.2,53.0,24,32,47,33.0,14.6,891,+9.4,22.1,780.6,6.7
told+recall,32,6,150,44.2,38.8,36.6,28,36,48,43.0,23.8,1342,+11.0,5.4,505.5,9.2
told+recall,32,6,175,64.0,57.6,52.0,18,23,30,37.4,22.6,795,+10.9,10.1,807.2,7.1
told+recall,32,6,200,65.8,58.8,47.2,17,21,25,41.6,27.6,1102,+10.5,5.4,768.1,6.3
told+recall,32,6,225,50.6,47.8,39.2,17,20,27,52.4,39.4,1145,+8.2,2.2,615.0,8.9
told+recall,32,6,250,54.6,48.4,44.0,19,24,31,42.4,23.0,910,+16.2,3.4,683.6,8.1
told+recall,32,6,275,60.2,58.4,52.2,17,21,29,37.0,23.6,799,+11.7,0.9,807.0,6.7
told+recall,32,6,300,52.8,50.4,47.4,16,20,27,42.2,20.2,844,+10.7,8.5,724.9,8.0
told+recall,32,6,325,66.0,61.2,54.2,17,21,28,31.2,11.6,684,+14.6,4.7,859.5,7.2
told+recall,32,6,350,68.0,55.6,54.4,19,24,32,31.4,12.2,930,+18.6,5.5,828.6,7.2
told+recall,32,6,375,62.8,60.0,56.4,17,22,31,35.2,22.8,726,+12.2,4.8,853.1,6.3
told+recall,32,6,400,65.4,59.8,52.4,17,21,27,40.4,28.4,795,+11.1,7.8,830.9,6.2
told+recall,32,6,425,73.4,68.4,63.0,16,21,27,27.2,14.0,694,+15.2,10.7,969.8,5.3
told+recall,32,6,450,60.2,54.4,50.2,19,23,29,39.6,29.4,946,+20.0,11.2,765.7,6.8
told+recall,32,6,475,71.4,63.6,57.0,16,21,30,29.4,20.0,773,+17.8,11.2,897.1,6.6
told+recall,32,6,500,67.2,61.4,55.0,18,22,28,35.6,19.0,624,+12.0,6.6,865.7,6.2
told+recall,32,6,525,67.0,59.8,56.4,17,20,26,35.6,25.2,868,+16.8,8.4,869.9,5.4
told+recall,32,6,550,56.6,51.6,44.2,17,21,27,46.0,25.4,1007,+9.9,7.9,705.9,8.1
told+recall,32,6,575,70.6,62.4,57.2,17,20,26,33.4,20.6,966,+13.1,6.6,886.2,6.0
told+recall,32,6,599,63.6,57.8,50.0,17,21,28,43.0,36.2,726,+11.0,1.9,799.2,6.3
told+recall,32,7,25,5.8,3.4,1.8,51,66,91,86.0,22.4,587,-2.0,45.9,80.5,12.4
told+recall,32,7,50,4.2,3.0,2.8,41,52,61,85.6,18.2,446,+1.0,27.9,96.5,13.3
told+recall,32,7,75,18.6,18.4,16.8,31,39,52,68.6,17.6,857,+5.6,4.6,246.3,12.4
told+recall,32,7,100,52.6,48.4,45.6,26,33,42,38.8,7.6,764,+12.1,0.5,664.3,8.0
told+recall,32,7,125,76.6,56.8,53.0,21,26,35,33.2,17.6,1137,+21.0,9.6,823.1,6.1
told+recall,32,7,150,78.0,65.2,57.4,24,31,41,29.2,20.8,1030,+13.3,2.1,866.0,5.5
told+recall,32,7,175,69.6,61.2,54.4,18,21,27,35.6,22.4,890,+14.4,9.6,856.9,6.8
told+recall,32,7,200,73.8,70.2,57.6,17,21,27,34.0,22.8,1049,+10.3,12.2,912.5,6.0
told+recall,32,7,225,73.0,61.0,58.8,18,22,29,30.2,19.8,984,+20.6,6.5,894.6,5.8
told+recall,32,7,250,73.4,67.0,57.2,17,20,27,35.6,23.2,864,+12.2,10.3,912.3,5.7
told+recall,32,7,275,60.2,55.8,52.8,17,21,28,39.4,28.6,928,+16.1,5.2,800.5,6.3
told+recall,32,7,300,66.2,50.8,45.8,21,26,34,36.8,18.8,893,+15.3,15.2,736.4,8.0
told+recall,32,7,325,60.8,45.8,42.8,20,25,34,39.6,23.2,669,+16.2,4.8,699.6,8.0
told+recall,32,7,350,67.2,55.0,49.8,18,22,31,36.4,20.6,842,+17.3,8.9,799.8,7.0
told+recall,32,7,375,74.6,71.2,62.4,16,20,27,30.2,22.8,832,+14.3,4.6,970.1,5.5
told+recall,32,7,400,74.4,67.8,62.6,16,20,28,29.2,18.0,964,+14.5,4.9,960.8,5.5
told+recall,32,7,425,66.0,60.8,54.8,17,21,28,31.8,13.8,772,+12.5,8.5,861.5,7.2
told+recall,32,7,450,80.4,66.8,63.6,18,21,26,26.0,18.6,1085,+21.4,9.1,973.3,5.1
told+recall,32,7,475,74.2,66.0,60.0,21,25,34,28.8,17.4,829,+16.2,14.3,916.7,5.5
told+recall,32,7,500,75.4,69.2,57.8,17,20,26,31.0,22.2,629,+12.7,0.8,940.4,6.2
told+recall,32,7,525,74.4,66.8,55.6,16,19,25,36.0,24.2,777,+11.7,0.3,909.2,6.1
told+recall,32,7,550,79.8,69.0,60.0,18,21,26,29.6,19.2,838,+15.8,1.4,955.3,5.8
told+recall,32,7,575,71.4,64.4,54.6,18,21,29,32.2,13.8,506,+13.8,0.1,892.8,7.4
told+recall,32,7,599,73.2,69.6,59.4,18,23,32,24.0,12.2,559,+15.4,0.1,941.5,6.9
told+recall,32,8,25,0.0,0.0,0.0,0,0,0,90.6,16.4,746,-7.7,24.7,34.3,14.0
told+recall,32,8,50,0.0,0.0,0.0,0,0,0,83.0,5.8,197,-4.4,16.3,75.0,13.1
told+recall,32,8,75,0.2,0.2,0.0,0,0,0,86.4,5.8,463,-1.6,20.6,60.7,14.1
told+recall,32,8,100,24.0,19.0,17.6,25,33,47,71.2,21.8,648,+5.5,11.6,305.1,11.6
told+recall,32,8,125,27.4,26.4,24.8,23,28,37,70.0,40.8,802,+5.8,7.5,373.3,10.0
told+recall,32,8,150,34.8,29.2,27.2,22,28,37,61.8,16.6,737,+7.8,10.8,430.4,11.0
told+recall,32,8,175,44.6,39.2,29.2,20,26,32,59.8,31.4,880,+3.7,14.0,505.7,10.0
told+recall,32,8,200,44.0,39.8,37.6,23,28,39,54.2,14.4,705,+4.9,7.2,572.6,8.7
told+recall,32,8,225,46.2,40.4,36.6,21,27,37,52.2,19.8,780,+4.9,7.7,573.0,9.1
told+recall,32,8,250,57.4,49.6,41.0,18,22,31,43.6,26.8,614,+8.5,12.8,682.0,8.5
told+recall,32,8,275,52.4,48.8,45.0,20,25,33,39.4,12.2,576,+14.4,9.6,709.5,8.3
told+recall,32,8,300,51.0,45.6,42.6,20,24,30,47.2,18.4,541,+9.3,9.4,674.7,8.7
told+recall,32,8,325,56.8,51.8,46.2,18,21,31,42.2,23.0,555,+9.0,7.2,741.1,8.1
told+recall,32,8,350,45.0,39.4,36.8,19,23,33,54.8,37.4,737,+13.0,8.7,588.9,8.0
told+recall,32,8,375,53.6,46.2,39.2,19,24,33,51.4,25.6,689,+9.2,3.7,645.7,8.4
told+recall,32,8,400,63.4,58.4,52.6,19,23,31,36.2,17.8,638,+16.3,7.5,826.0,7.6
told+recall,32,8,425,58.2,51.0,45.2,18,21,30,46.4,25.0,645,+11.8,4.5,731.6,7.5
told+recall,32,8,450,61.8,57.2,51.6,17,20,26,40.8,23.2,623,+13.0,3.0,820.1,6.9
told+recall,32,8,475,65.2,59.6,56.4,18,22,27,37.4,21.4,666,+15.0,6.1,869.1,6.0
told+recall,32,8,500,65.8,47.4,44.6,19,24,33,41.2,25.6,771,+14.7,8.3,721.9,7.8
told+recall,32,8,525,40.4,34.2,29.6,22,28,37,59.8,46.0,1051,+5.5,2.3,463.9,9.4
told+recall,32,8,550,61.2,49.6,41.4,19,22,29,44.8,28.6,929,+9.7,9.3,685.8,8.2
told+recall,32,8,575,50.8,37.2,28.4,16,20,27,62.2,46.8,1040,+4.2,9.5,509.1,9.5
told+recall,32,8,599,48.0,35.4,32.6,22,27,38,53.6,34.6,1145,+14.3,4.5,523.4,8.7
told+recall+journal,32,1,25,0.0,0.0,0.0,0,0,0,94.2,16.6,547,-0.5,50.6,43.7,13.2
told+recall+journal,32,1,50,0.0,0.0,0.0,0,0,0,83.4,6.8,340,-2.8,43.4,70.9,14.0
told+recall+journal,32,1,75,7.0,1.2,1.0,42,80,93,79.6,17.2,661,-0.0,36.1,93.3,14.3
told+recall+journal,32,1,100,13.6,9.2,7.0,38,53,74,73.0,18.8,607,+1.6,38.8,168.5,14.1
told+recall+journal,32,1,125,16.8,11.2,9.6,36,45,60,69.8,20.6,654,-1.7,27.5,212.3,12.9
told+recall+journal,32,1,150,20.4,16.0,14.4,31,45,68,71.0,26.4,743,+1.3,25.2,259.3,12.0
told+recall+journal,32,1,175,28.4,18.8,17.8,30,45,74,66.4,30.0,684,-3.0,24.4,316.9,12.4
told+recall+journal,32,1,200,30.6,19.4,13.8,28,37,59,70.2,28.2,773,-5.9,21.8,296.9,12.0
told+recall+journal,32,1,225,24.8,17.6,14.8,27,36,56,69.4,28.8,795,-4.7,14.4,284.1,12.1
told+recall+journal,32,1,250,30.8,19.2,16.8,28,57,84,65.4,26.4,691,-4.0,5.0,323.7,12.2
told+recall+journal,32,1,275,16.8,11.2,9.4,28,37,57,74.6,32.8,905,-5.0,8.7,205.2,12.0
told+recall+journal,32,1,300,29.6,23.2,20.8,33,48,77,60.6,23.6,687,-4.3,6.1,358.2,11.3
told+recall+journal,32,1,325,27.0,19.6,16.4,23,32,42,70.4,34.8,670,-3.8,10.7,308.7,12.0
told+recall+journal,32,1,350,33.8,27.8,25.0,21,27,40,65.4,37.0,742,+5.9,7.0,414.4,10.6
told+recall+journal,32,1,375,34.8,26.6,24.4,20,26,34,60.8,34.4,829,+7.7,11.4,417.0,10.6
told+recall+journal,32,1,400,30.8,26.4,25.2,22,28,35,66.0,37.8,887,+15.4,13.5,405.4,10.0
told+recall+journal,32,1,425,38.0,35.2,31.4,21,25,34,52.4,23.0,652,+10.3,14.4,510.5,10.3
told+recall+journal,32,1,450,42.8,39.8,36.0,20,24,30,56.4,32.8,765,+11.4,4.3,573.9,8.7
told+recall+journal,32,1,475,43.4,39.2,33.4,20,25,36,56.0,34.8,1016,+8.1,7.4,534.0,8.6
told+recall+journal,32,1,500,37.6,33.4,29.0,21,26,32,60.2,38.8,909,+7.4,1.5,470.3,9.5
told+recall+journal,32,1,525,45.0,35.0,32.2,21,26,34,51.8,26.6,800,+11.1,1.5,525.7,9.4
told+recall+journal,32,1,550,39.4,32.6,29.8,21,25,32,57.8,34.8,730,+5.9,1.2,480.6,9.5
told+recall+journal,32,1,575,51.4,43.2,39.0,20,23,30,46.6,21.0,656,+10.5,0.7,631.2,8.9
told+recall+journal,32,1,599,40.6,34.8,33.0,21,24,30,55.4,31.8,791,+13.6,1.4,528.6,9.4
told+recall+journal,32,2,25,0.0,0.0,0.0,0,0,0,91.8,15.0,666,-0.5,34.5,39.6,13.7
told+recall+journal,32,2,50,7.8,7.0,6.6,38,47,67,83.8,22.4,649,+3.0,10.6,131.7,12.7
told+recall+journal,32,2,75,9.2,2.4,1.8,34,49,77,83.8,43.6,1299,+4.0,6.3,57.6,13.2
told+recall+journal,32,2,100,27.4,24.0,20.6,32,43,56,64.2,30.2,1168,+16.6,0.8,320.5,10.4
told+recall+journal,32,2,125,23.2,21.0,17.4,23,28,35,68.2,35.6,993,+9.7,15.8,298.2,10.8
told+recall+journal,32,2,150,40.8,37.0,33.8,23,31,43,52.0,18.8,794,+10.1,13.6,520.0,10.0
told+recall+journal,32,2,175,38.4,32.2,26.4,20,25,34,60.4,26.8,1841,+6.3,8.8,402.5,10.0
told+recall+journal,32,2,200,53.4,44.6,35.6,17,21,29,56.6,40.0,1173,+8.0,4.2,589.4,8.2
told+recall+journal,32,2,225,47.4,38.0,31.2,17,21,25,60.2,48.0,1050,+8.7,4.3,523.3,9.1
told+recall+journal,32,2,250,60.6,44.8,41.8,18,22,29,47.8,30.4,1300,+16.1,5.5,665.6,7.6
told+recall+journal,32,2,275,48.2,41.6,33.2,18,21,26,58.6,45.0,1053,+7.1,5.6,557.7,8.5
told+recall+journal,32,2,300,61.0,55.4,49.8,18,21,29,39.0,23.4,718,+14.8,0.8,788.5,7.1
told+recall+journal,32,2,325,57.0,50.2,45.2,17,21,27,44.4,27.8,912,+11.9,2.1,714.7,7.4
told+recall+journal,32,2,350,63.6,55.0,53.2,18,22,27,36.8,24.2,869,+19.3,2.1,823.5,6.0
told+recall+journal,32,2,375,64.4,58.2,52.0,19,21,26,38.8,28.8,1035,+15.1,1.1,810.1,5.6
told+recall+journal,32,2,400,47.2,42.4,38.4,19,23,30,51.0,37.6,1006,+18.1,3.1,606.3,8.4
told+recall+journal,32,2,425,62.6,54.8,45.4,16,20,27,47.6,32.8,929,+7.8,5.4,743.6,7.6
told+recall+journal,32,2,450,57.4,48.4,40.2,19,22,29,50.2,31.4,910,+5.8,2.4,661.8,8.4
told+recall+journal,32,2,475,60.6,56.8,52.2,18,21,29,38.2,19.0,759,+13.9,2.6,811.4,6.4
told+recall+journal,32,2,500,56.8,49.6,46.2,19,23,32,42.8,26.6,936,+18.8,7.0,717.7,7.8
told+recall+journal,32,2,525,58.4,54.0,48.8,17,21,29,43.2,21.6,738,+8.3,5.6,766.6,7.3
told+recall+journal,32,2,550,58.2,54.2,47.4,18,22,29,43.0,24.8,887,+9.0,7.5,745.8,6.9
told+recall+journal,32,2,575,46.6,42.0,37.0,19,22,28,56.2,38.6,777,+7.6,7.1,601.6,7.8
told+recall+journal,32,2,599,58.2,53.4,47.8,18,22,30,42.0,23.2,729,+10.5,7.5,753.8,7.3
told+recall+journal,32,3,25,0.0,0.0,0.0,0,0,0,90.4,13.0,317,-0.8,17.5,63.5,14.6
told+recall+journal,32,3,50,0.0,0.0,0.0,0,0,0,80.2,7.8,163,-2.5,22.3,79.9,13.9
told+recall+journal,32,3,75,0.0,0.0,0.0,0,0,0,73.0,3.2,148,-5.2,25.1,85.5,13.4
told+recall+journal,32,3,100,0.0,0.0,0.0,0,0,0,75.6,2.4,149,-5.9,24.9,90.9,13.8
told+recall+journal,32,3,125,0.0,0.0,0.0,0,0,0,73.4,4.0,198,-11.3,33.4,100.7,14.1
told+recall+journal,32,3,150,0.0,0.0,0.0,0,0,0,71.0,1.8,128,-9.9,27.5,94.2,13.8
told+recall+journal,32,3,175,0.0,0.0,0.0,0,0,0,70.2,5.4,197,-10.6,28.1,96.8,13.6
told+recall+journal,32,3,200,0.0,0.0,0.0,0,0,0,71.4,6.6,265,-13.0,25.2,97.4,14.2
told+recall+journal,32,3,225,0.0,0.0,0.0,0,0,0,77.6,7.6,201,-7.3,22.0,91.6,14.2
told+recall+journal,32,3,250,6.4,0.2,0.0,0,0,0,77.8,19.6,530,-5.9,26.6,85.0,13.4
told+recall+journal,32,3,275,17.8,1.0,0.0,0,0,0,67.6,33.6,636,-4.6,25.2,113.7,11.8
told+recall+journal,32,3,300,30.2,1.8,0.0,0,0,0,50.8,12.0,488,-5.5,23.0,154.4,10.3
told+recall+journal,32,3,325,17.4,3.0,0.2,22,22,22,68.2,22.0,750,-7.3,25.8,120.8,12.0
told+recall+journal,32,3,350,22.2,11.0,8.2,34,51,71,73.0,29.4,819,-3.8,26.5,192.1,12.2
told+recall+journal,32,3,375,29.0,21.4,20.8,25,33,51,70.0,40.8,824,+8.4,16.9,334.1,10.9
told+recall+journal,32,3,400,31.2,28.8,27.8,24,31,45,63.2,42.2,800,+4.7,11.8,414.8,10.2
told+recall+journal,32,3,425,34.8,28.6,28.2,22,29,40,57.8,26.4,760,+7.4,14.1,448.6,10.6
told+recall+journal,32,3,450,39.8,35.4,33.6,20,27,37,55.6,24.4,867,+6.2,8.7,516.7,10.3
told+recall+journal,32,3,475,30.0,24.2,22.4,19,24,34,72.2,44.4,951,+4.4,7.6,352.6,10.9
told+recall+journal,32,3,500,38.6,33.6,31.4,21,25,34,59.4,35.2,869,+11.6,8.8,494.5,9.9
told+recall+journal,32,3,525,62.4,51.6,48.0,19,24,33,39.8,13.6,957,+16.5,8.2,750.6,8.0
told+recall+journal,32,3,550,51.8,48.4,44.8,18,22,28,47.6,29.8,784,+9.2,2.6,686.1,8.1
told+recall+journal,32,3,575,51.2,38.4,33.6,19,23,32,54.2,30.2,881,+7.6,6.4,570.9,9.4
told+recall+journal,32,3,599,64.6,57.4,51.8,17,21,29,31.8,18.0,890,+17.3,7.0,818.4,7.6
told+recall+journal,32,4,25,0.0,0.0,0.0,0,0,0,96.0,20.0,503,-0.2,33.9,51.7,14.2
told+recall+journal,32,4,50,0.4,0.0,0.0,0,0,0,81.2,12.0,278,-1.2,54.6,81.4,13.6
told+recall+journal,32,4,75,0.2,0.0,0.0,0,0,0,77.4,4.6,278,-4.1,42.3,79.9,14.1
told+recall+journal,32,4,100,8.2,3.6,3.4,56,72,90,79.8,15.0,532,+2.8,29.1,120.0,13.2
told+recall+journal,32,4,125,13.2,10.6,10.4,30,37,51,74.0,15.0,525,+4.3,24.5,202.1,13.6
told+recall+journal,32,4,150,26.0,21.2,18.4,24,31,41,71.0,26.2,811,+6.9,24.0,312.4,11.3
told+recall+journal,32,4,175,31.0,23.0,21.2,23,28,38,69.2,41.2,946,+4.1,20.2,348.8,10.7
told+recall+journal,32,4,200,41.4,32.8,27.8,18,23,30,64.4,41.8,999,+5.6,20.1,471.3,10.0
told+recall+journal,32,4,225,34.2,29.0,24.8,19,23,31,66.2,47.0,934,+4.6,16.5,404.4,10.0
told+recall+journal,32,4,250,49.2,41.4,35.8,20,24,31,53.2,27.0,856,+7.9,20.1,588.8,8.8
told+recall+journal,32,4,275,44.0,38.4,35.6,19,22,30,57.6,33.4,848,+10.9,20.9,568.0,8.9
told+recall+journal,32,4,300,57.8,46.0,43.0,20,24,32,48.4,31.2,1186,+16.5,21.2,675.1,6.9
told+recall+journal,32,4,325,59.2,51.8,45.2,19,24,29,46.0,25.0,839,+12.6,13.1,723.5,7.7
told+recall+journal,32,4,350,61.0,55.2,51.8,18,21,29,40.0,19.4,776,+14.3,17.3,803.4,7.2
told+recall+journal,32,4,375,50.2,40.2,35.8,17,22,29,55.0,39.2,1085,+10.7,11.0,583.6,8.1
told+recall+journal,32,4,400,62.6,53.2,45.4,17,21,27,44.4,27.8,889,+10.1,16.4,742.0,7.2
told+recall+journal,32,4,425,39.4,35.0,30.2,17,21,27,64.4,57.8,935,+9.8,12.4,473.8,8.8
told+recall+journal,32,4,450,51.6,44.4,42.0,19,22,29,49.4,33.0,887,+16.0,17.1,662.4,7.7
told+recall+journal,32,4,475,65.2,57.6,54.2,19,23,31,36.2,20.4,835,+18.4,18.9,834.7,6.1
told+recall+journal,32,4,500,56.2,44.4,41.6,20,24,31,46.0,30.2,1189,+17.1,13.1,654.6,7.5
told+recall+journal,32,4,525,58.6,51.2,47.4,20,23,31,40.0,23.4,658,+10.1,5.9,747.7,7.6
told+recall+journal,32,4,550,51.8,44.4,41.6,19,22,27,48.0,35.2,1080,+15.4,9.6,647.3,8.2
told+recall+journal,32,4,575,57.0,50.0,43.8,16,20,26,46.6,32.4,1004,+11.4,11.8,705.2,7.6
told+recall+journal,32,4,599,57.4,43.6,40.4,18,22,29,50.0,38.4,1137,+13.3,10.4,641.8,7.5
told+recall+journal,32,5,25,0.0,0.0,0.0,0,0,0,94.4,30.2,539,-0.2,57.4,40.0,14.2
told+recall+journal,32,5,50,1.4,1.2,1.2,43,56,98,88.8,28.6,613,-0.3,43.7,52.6,14.6
told+recall+journal,32,5,75,13.0,9.2,8.4,28,37,66,80.0,34.8,678,+0.7,37.8,171.1,12.7
told+recall+journal,32,5,100,14.6,13.4,10.8,28,37,54,76.8,25.4,669,+3.2,24.9,195.0,13.7
told+recall+journal,32,5,125,36.2,31.4,23.8,21,25,37,63.8,32.6,1066,+8.7,22.3,408.2,10.0
told+recall+journal,32,5,150,40.4,30.8,22.8,20,28,41,62.2,32.2,1111,+8.1,16.9,400.5,10.8
told+recall+journal,32,5,175,33.8,28.4,24.6,21,28,40,63.2,35.8,790,+7.6,18.7,404.6,10.8
told+recall+journal,32,5,200,41.0,30.4,26.4,19,25,31,61.6,29.0,594,+3.5,12.7,466.7,10.6
told+recall+journal,32,5,225,48.0,41.2,35.4,20,28,39,47.8,20.2,704,+7.5,3.0,575.2,9.9
told+recall+journal,32,5,250,51.8,44.0,37.2,18,22,29,52.4,32.0,741,+9.2,8.9,615.9,9.2
told+recall+journal,32,5,275,58.0,48.6,42.6,19,23,32,45.2,26.2,845,+14.3,1.8,691.0,7.9
told+recall+journal,32,5,300,53.4,44.2,36.4,19,23,30,54.2,38.0,944,+8.3,2.3,606.5,8.4
told+recall+journal,32,5,325,47.2,43.0,36.8,17,22,33,51.2,26.8,742,+7.9,3.4,601.8,9.0
told+recall+journal,32,5,350,56.8,46.0,39.8,17,22,29,48.2,28.0,827,+9.0,4.8,658.8,8.3
told+recall+journal,32,5,375,52.2,46.8,43.4,18,24,33,48.8,31.4,841,+7.8,2.7,679.3,7.2
told+recall+journal,32,5,400,52.2,46.2,44.0,19,23,31,45.8,21.4,627,+10.6,3.4,696.0,8.3
told+recall+journal,32,5,425,50.0,44.8,43.6,19,23,29,47.6,26.4,702,+11.3,4.3,675.4,7.5
told+recall+journal,32,5,450,58.0,55.0,50.4,18,22,28,40.4,15.8,668,+8.8,3.2,786.9,6.8
told+recall+journal,32,5,475,59.8,50.4,48.8,19,23,30,41.0,17.0,978,+15.5,7.9,751.9,6.9
told+recall+journal,32,5,500,47.0,43.6,42.6,19,24,32,50.4,23.0,642,+8.5,5.3,652.0,8.2
told+recall+journal,32,5,525,48.2,45.8,42.6,19,24,34,50.4,30.6,857,+7.9,4.6,651.7,7.5
told+recall+journal,32,5,550,46.0,42.8,36.0,19,24,33,55.6,33.2,906,+3.3,4.9,572.3,7.9
told+recall+journal,32,5,575,45.8,39.4,35.8,18,21,29,52.6,37.8,663,+10.8,1.4,587.1,9.0
told+recall+journal,32,5,599,63.0,55.8,52.4,17,21,29,39.4,24.8,750,+14.4,1.9,822.0,6.3
told+recall+journal,32,6,25,0.0,0.0,0.0,0,0,0,89.0,4.8,777,-4.1,32.2,19.2,14.5
told+recall+journal,32,6,50,0.0,0.0,0.0,0,0,0,87.4,18.2,390,-2.6,34.9,66.9,14.2
told+recall+journal,32,6,75,12.8,11.8,11.6,41,54,80,74.2,18.6,420,+4.1,23.5,204.6,13.1
told+recall+journal,32,6,100,16.0,10.4,8.6,25,31,42,78.8,30.8,735,+2.6,18.6,192.5,12.8
told+recall+journal,32,6,125,25.6,21.4,16.0,24,32,47,72.4,39.4,781,+1.9,8.3,289.9,11.7
told+recall+journal,32,6,150,34.2,26.6,18.4,19,22,28,73.2,45.0,900,+1.0,4.1,354.1,10.5
told+recall+journal,32,6,175,40.8,32.0,27.4,20,25,33,59.6,32.0,845,+10.6,7.4,466.3,10.1
told+recall+journal,32,6,200,42.4,38.4,31.8,20,26,36,57.4,24.8,711,+5.5,3.0,523.7,9.4
told+recall+journal,32,6,225,31.0,26.2,24.2,22,29,38,64.8,37.6,784,+8.0,10.8,394.4,10.4
told+recall+journal,32,6,250,40.0,35.0,30.8,19,24,33,60.6,32.4,978,+9.2,3.0,496.5,8.9
told+recall+journal,32,6,275,45.6,33.0,26.0,19,23,31,62.2,30.8,859,+4.3,4.5,464.9,10.2
told+recall+journal,32,6,300,37.0,29.8,22.8,18,23,34,66.2,30.2,874,+4.9,5.2,399.4,10.3
told+recall+journal,32,6,325,41.8,33.0,27.6,17,21,28,62.6,38.6,941,+6.9,1.6,475.3,9.7
told+recall+journal,32,6,350,41.2,35.4,31.2,20,27,41,56.4,30.2,823,+8.8,2.1,501.5,9.5
told+recall+journal,32,6,375,39.0,34.4,24.6,18,24,32,61.6,34.8,834,+5.1,2.1,443.8,10.9
told+recall+journal,32,6,400,45.4,37.2,32.6,20,25,34,53.8,19.4,745,+9.3,0.2,536.2,10.1
told+recall+journal,32,6,425,44.4,39.0,34.8,20,27,38,52.2,25.2,781,+7.3,3.1,551.5,8.8
told+recall+journal,32,6,450,51.6,45.4,37.2,19,23,29,53.8,30.2,779,+6.7,2.0,618.3,8.8
told+recall+journal,32,6,475,44.4,36.2,31.2,18,23,30,55.8,31.0,801,+11.4,1.9,527.0,9.2
told+recall+journal,32,6,500,29.8,25.4,23.4,19,23,30,65.8,34.6,692,+7.0,0.8,386.9,11.2
told+recall+journal,32,6,525,44.4,38.8,33.2,17,22,30,57.6,35.6,901,+9.9,2.6,551.4,9.4
told+recall+journal,32,6,550,45.4,40.0,32.4,18,22,28,56.0,24.8,803,+10.6,2.0,550.3,9.3
told+recall+journal,32,6,575,42.6,39.2,35.0,21,26,37,49.6,15.4,559,+5.7,0.4,560.6,9.4
told+recall+journal,32,6,599,48.4,38.8,28.0,17,21,30,61.2,37.0,1004,+5.8,0.4,501.9,9.8
told+recall+journal,32,7,25,0.0,0.0,0.0,0,0,0,90.4,7.6,640,-0.6,69.3,45.9,13.6
told+recall+journal,32,7,50,0.0,0.0,0.0,0,0,0,83.2,11.8,287,-1.3,61.4,77.7,13.6
told+recall+journal,32,7,75,8.2,1.0,0.8,40,47,52,81.4,22.0,742,-1.6,23.5,99.7,13.7
told+recall+journal,32,7,100,12.2,8.0,4.8,45,59,83,78.0,16.0,749,-0.1,21.3,149.4,13.4
told+recall+journal,32,7,125,16.6,9.6,5.6,29,36,58,78.6,31.2,916,-1.4,20.2,162.7,12.7
told+recall+journal,32,7,150,21.8,15.8,12.0,22,32,58,77.8,42.0,980,+4.1,27.5,233.7,12.4
told+recall+journal,32,7,175,32.2,23.6,18.0,21,28,37,71.6,40.0,795,+3.0,21.8,335.7,11.8
told+recall+journal,32,7,200,40.2,33.4,30.2,19,25,36,59.6,36.8,800,+5.0,13.1,488.5,9.8
told+recall+journal,32,7,225,38.8,29.8,27.2,20,28,40,60.6,23.8,743,+6.1,13.9,453.5,10.4
told+recall+journal,32,7,250,37.2,33.0,29.2,17,22,31,62.4,32.4,659,+6.2,8.6,480.8,10.4
told+recall+journal,32,7,275,42.2,35.0,32.4,17,22,33,60.2,30.8,699,+8.1,7.7,533.2,9.4
told+recall+journal,32,7,300,42.0,37.8,35.0,19,23,31,53.8,34.2,797,+10.9,2.7,560.7,9.0
told+recall+journal,32,7,325,39.0,36.0,30.4,18,23,33,58.0,34.0,805,+6.8,3.7,503.6,10.2
told+recall+journal,32,7,350,48.6,44.0,40.0,20,26,40,52.0,28.6,801,+9.4,4.0,619.1,8.2
told+recall+journal,32,7,375,44.4,35.0,33.8,21,26,34,56.6,32.8,887,+14.9,2.8,536.4,8.4
told+recall+journal,32,7,400,51.4,43.0,39.6,18,22,31,51.8,23.6,668,+11.6,2.2,639.3,8.2
told+recall+journal,32,7,425,53.6,47.4,39.6,18,23,30,51.6,29.0,692,+6.4,2.8,652.6,8.4
told+recall+journal,32,7,450,51.4,39.8,36.8,20,25,35,53.0,24.6,750,+9.3,2.5,591.2,8.6
told+recall+journal,32,7,475,53.4,45.0,40.0,17,22,32,50.8,32.6,740,+8.0,1.0,649.7,8.0
told+recall+journal,32,7,500,41.6,34.8,32.2,20,25,34,57.8,26.6,742,+5.4,2.0,515.3,9.8
told+recall+journal,32,7,525,55.4,47.4,43.6,19,23,31,44.8,18.0,624,+9.7,1.9,693.0,8.7
told+recall+journal,32,7,550,44.0,38.4,32.2,19,22,31,59.2,36.0,876,+8.6,2.2,535.3,8.2
told+recall+journal,32,7,575,49.6,45.2,37.6,17,21,28,53.6,31.0,741,+8.8,1.9,622.4,8.3
told+recall+journal,32,7,599,56.2,51.6,46.4,18,22,28,42.8,17.8,622,+10.0,0.9,735.8,7.8
told+recall+journal,32,8,25,0.6,0.2,0.0,0,0,0,89.6,24.0,469,-2.1,54.9,47.3,14.1
told+recall+journal,32,8,50,6.0,5.0,4.4,42,47,61,81.6,37.0,864,+4.1,59.6,97.6,12.8
told+recall+journal,32,8,75,17.2,12.6,11.6,34,43,63,73.2,35.2,3570,+10.8,22.4,81.7,10.9
told+recall+journal,32,8,100,22.8,20.2,19.4,30,44,68,65.6,28.0,952,+10.8,8.8,295.7,10.7
told+recall+journal,32,8,125,20.2,18.8,17.2,35,44,58,66.6,28.2,2046,+12.6,8.7,218.8,10.6
told+recall+journal,32,8,150,26.6,24.6,19.4,34,51,69,62.6,23.6,1106,+6.8,6.6,295.2,11.1
told+recall+journal,32,8,175,19.8,16.8,16.2,45,56,77,67.0,23.4,851,+9.4,7.9,243.2,11.4
told+recall+journal,32,8,200,20.0,16.8,16.2,36,55,71,64.2,30.8,2023,+23.5,12.7,213.3,10.7
told+recall+journal,32,8,225,22.2,19.8,17.4,34,55,69,64.2,31.4,1161,+7.8,5.5,253.9,11.0
told+recall+journal,32,8,250,21.2,19.0,18.6,40,54,70,62.6,27.2,957,+12.0,2.6,268.5,11.3
told+recall+journal,32,8,275,25.4,21.8,20.6,45,55,75,57.8,11.6,654,+8.3,1.0,305.2,11.9
told+recall+journal,32,8,300,14.0,13.2,12.2,45,55,69,76.4,27.4,839,+2.8,0.9,189.7,12.0
told+recall+journal,32,8,325,21.2,19.6,18.6,41,62,80,62.6,22.4,971,+8.9,0.8,259.5,12.1
told+recall+journal,32,8,350,24.6,22.0,21.8,50,59,74,60.8,23.0,1049,+14.1,2.9,291.6,11.3
told+recall+journal,32,8,375,25.8,25.0,23.0,46,58,70,63.0,32.0,1090,+9.4,2.9,308.5,10.2
told+recall+journal,32,8,400,18.8,15.4,14.4,48,58,68,68.2,18.8,1038,+7.8,5.9,221.7,12.0
told+recall+journal,32,8,425,16.8,15.2,13.4,47,55,73,71.6,25.8,3269,+8.9,2.4,98.5,11.4
told+recall+journal,32,8,450,20.6,18.2,17.2,43,56,73,66.0,25.4,1032,+13.7,2.5,251.8,11.6
told+recall+journal,32,8,475,21.8,17.6,16.4,41,57,75,67.4,30.8,2011,+17.1,0.3,204.8,11.1
told+recall+journal,32,8,500,20.4,15.8,13.6,44,54,64,69.2,23.6,1147,+9.0,1.3,220.9,11.8
told+recall+journal,32,8,525,18.4,15.0,14.6,47,63,83,71.4,38.8,1567,+12.2,0.6,189.2,10.4
told+recall+journal,32,8,550,18.6,17.6,16.2,51,63,79,65.8,37.6,1067,+15.8,4.1,234.2,11.5
told+recall+journal,32,8,575,24.0,19.6,18.0,46,58,82,63.0,31.6,1271,+10.7,2.8,255.1,10.0
told+recall+journal,32,8,599,19.4,17.6,17.6,50,61,78,62.2,31.4,987,+13.8,1.9,244.8,11.6
