War · reads Reads { told: false, recall: false, journal: false } · hidden 32 · genome 33445 · population 1000 (first 10000) · elite 100 breeding at 0.3 · tables 6 · hall 0 · rank 40 · letters None · longest 100 years · 8 trials · AMD Radeon RX 6750 XT (RADV NAVI22)
try  1 · gen  100 · best   1132.3 · elite    667.6 · median    189.3 · years  21.3 · road 0.35 · starved   692 · nobles  +6.3 · read 19.6 · walls  1.2 · fell 70.2% (mother 27.3%) · prince 24.9% · king 18.9% · crowned 15.7% (median year 28) · 3.4s
try  2 · gen  100 · best    797.6 · elite    313.4 · median     -7.7 · years  42.4 · road 0.41 · starved  3525 · nobles  +1.1 · read 21.5 · walls  8.6 · fell 81.5% (mother 41.6%) · prince 17.1% · king  8.2% · crowned  6.1% (median year 67) · 3.4s
try  3 · gen  100 · best    596.2 · elite    288.9 · median     -9.7 · years  31.9 · road 0.38 · starved  1418 · nobles  +3.9 · read 17.6 · walls  4.9 · fell 88.6% (mother 34.5%) · prince 13.9% · king  8.1% · crowned  5.2% (median year 62) · 3.4s
try  4 · gen  100 · best   1197.8 · elite    661.8 · median    188.1 · years  20.9 · road 0.35 · starved   640 · nobles  +6.2 · read  6.6 · walls  0.8 · fell 71.0% (mother 18.0%) · prince 23.4% · king 17.9% · crowned 15.1% (median year 26) · 3.4s
try  5 · gen  100 · best   1408.3 · elite    790.5 · median    244.1 · years  22.6 · road 0.46 · starved   869 · nobles  +2.7 · read 51.8 · walls  4.1 · fell 51.9% (mother 26.8%) · prince 33.8% · king 25.5% · crowned 20.0% (median year 28) · 3.4s
try  6 · gen  100 · best   1042.9 · elite    662.3 · median    149.5 · years  22.6 · road 0.41 · starved   999 · nobles  +2.1 · read 32.5 · walls  2.6 · fell 69.2% (mother 34.0%) · prince 26.1% · king 19.4% · crowned 14.0% (median year 29) · 3.4s
try  7 · gen  100 · best    840.0 · elite    541.4 · median    109.2 · years  33.3 · road 0.36 · starved  1054 · nobles  +2.9 · read 39.4 · walls  2.0 · fell 68.9% (mother 36.2%) · prince 24.2% · king 17.2% · crowned 12.4% (median year 44) · 3.4s
try  8 · gen  100 · best   1015.0 · elite    589.3 · median    171.0 · years  21.1 · road 0.37 · starved   680 · nobles  +2.6 · read 27.2 · walls  2.5 · fell 75.8% (mother 30.6%) · prince 23.1% · king 16.5% · crowned 12.9% (median year 26) · 3.4s
try  1 · gen  101 · best   1208.6 · elite    662.9 · median    189.7 · years  21.5 · road 0.35 · starved   683 · nobles  +5.7 · read 18.0 · walls  1.2 · fell 69.3% (mother 27.4%) · prince 25.9% · king 19.7% · crowned 16.3% (median year 28) · 3.5s
try  2 · gen  101 · best    871.1 · elite    318.9 · median     -0.9 · years  41.9 · road 0.41 · starved  4165 · nobles  +1.5 · read 23.0 · walls  8.6 · fell 80.7% (mother 41.0%) · prince 17.5% · king  8.7% · crowned  6.7% (median year 64) · 3.5s
try  3 · gen  101 · best    638.5 · elite    330.9 · median     -4.9 · years  31.7 · road 0.38 · starved  1302 · nobles  +4.1 · read 17.6 · walls  4.7 · fell 87.6% (mother 34.0%) · prince 14.6% · king  8.7% · crowned  5.9% (median year 61) · 3.5s
try  4 · gen  101 · best   1195.5 · elite    637.4 · median    187.7 · years  21.1 · road 0.35 · starved   627 · nobles  +6.0 · read  6.8 · walls  0.9 · fell 71.7% (mother 18.3%) · prince 23.2% · king 18.3% · crowned 15.2% (median year 26) · 3.5s
try  5 · gen  101 · best   1206.3 · elite    776.4 · median    242.6 · years  22.4 · road 0.46 · starved   909 · nobles  +2.7 · read 50.7 · walls  4.1 · fell 53.2% (mother 28.0%) · prince 33.5% · king 25.3% · crowned 19.9% (median year 27) · 3.5s
try  6 · gen  101 · best   1145.1 · elite    624.2 · median    160.1 · years  22.9 · road 0.42 · starved  1005 · nobles  +2.0 · read 33.9 · walls  2.7 · fell 68.7% (mother 32.4%) · prince 26.5% · king 19.5% · crowned 14.2% (median year 29) · 3.5s
try  7 · gen  101 · best    835.6 · elite    508.9 · median    142.0 · years  33.5 · road 0.36 · starved  1048 · nobles  +3.1 · read 40.3 · walls  2.2 · fell 68.3% (mother 35.8%) · prince 24.4% · king 17.3% · crowned 12.9% (median year 45) · 3.5s
try  8 · gen  101 · best    976.0 · elite    592.7 · median    165.4 · years  20.9 · road 0.37 · starved   700 · nobles  +3.2 · read 27.3 · walls  2.4 · fell 76.7% (mother 32.0%) · prince 23.5% · king 16.6% · crowned 12.7% (median year 27) · 3.5s
try  1 · gen  102 · best   1067.0 · elite    658.4 · median    191.4 · years  21.7 · road 0.35 · starved   713 · nobles  +5.9 · read 16.7 · walls  1.1 · fell 70.5% (mother 25.8%) · prince 26.0% · king 19.7% · crowned 16.2% (median year 28) · 3.4s
try  2 · gen  102 · best    540.9 · elite    320.8 · median     -4.2 · years  42.3 · road 0.42 · starved  4573 · nobles  +1.8 · read 25.8 · walls  8.6 · fell 82.0% (mother 42.7%) · prince 19.1% · king  9.2% · crowned  6.6% (median year 65) · 3.4s
try  3 · gen  102 · best    631.1 · elite    312.6 · median     -4.9 · years  31.5 · road 0.38 · starved  1299 · nobles  +4.3 · read 17.1 · walls  5.1 · fell 88.2% (mother 33.4%) · prince 14.7% · king  8.6% · crowned  6.0% (median year 60) · 3.4s
try  4 · gen  102 · best   1235.1 · elite    666.6 · median    182.3 · years  20.9 · road 0.34 · starved   641 · nobles  +5.9 · read  6.2 · walls  0.8 · fell 72.3% (mother 17.5%) · prince 23.2% · king 17.6% · crowned 15.1% (median year 27) · 3.4s
try  5 · gen  102 · best   1401.4 · elite    824.2 · median    245.0 · years  22.7 · road 0.47 · starved   902 · nobles  +2.7 · read 51.6 · walls  4.3 · fell 52.5% (mother 26.7%) · prince 34.4% · king 26.4% · crowned 20.1% (median year 27) · 3.4s
try  6 · gen  102 · best    997.9 · elite    669.3 · median    172.4 · years  22.7 · road 0.42 · starved  1034 · nobles  +1.9 · read 33.4 · walls  2.5 · fell 69.1% (mother 32.3%) · prince 27.4% · king 20.6% · crowned 14.6% (median year 29) · 3.4s
try  7 · gen  102 · best    973.7 · elite    553.9 · median    125.3 · years  32.7 · road 0.36 · starved  1057 · nobles  +3.2 · read 38.7 · walls  2.1 · fell 67.8% (mother 36.7%) · prince 24.9% · king 17.7% · crowned 13.0% (median year 45) · 3.4s
try  8 · gen  102 · best   1234.9 · elite    587.3 · median    175.1 · years  20.9 · road 0.36 · starved   702 · nobles  +3.5 · read 27.4 · walls  2.2 · fell 76.5% (mother 33.2%) · prince 23.2% · king 16.8% · crowned 13.1% (median year 27) · 3.4s
try  1 · gen  103 · best   1196.0 · elite    664.2 · median    185.2 · years  21.6 · road 0.35 · starved   741 · nobles  +5.1 · read 15.8 · walls  1.0 · fell 71.8% (mother 28.0%) · prince 25.2% · king 19.4% · crowned 15.9% (median year 28) · 3.3s
try  2 · gen  103 · best    655.8 · elite    328.3 · median     -1.5 · years  41.2 · road 0.41 · starved  2883 · nobles  +1.9 · read 24.9 · walls  8.5 · fell 80.9% (mother 43.2%) · prince 18.1% · king  9.8% · crowned  6.9% (median year 64) · 3.3s
try  3 · gen  103 · best    837.0 · elite    343.8 · median     -8.2 · years  31.1 · road 0.38 · starved  1289 · nobles  +4.4 · read 17.3 · walls  4.9 · fell 87.9% (mother 34.3%) · prince 14.1% · king  9.2% · crowned  6.3% (median year 58) · 3.3s
try  4 · gen  103 · best   1009.6 · elite    626.2 · median    188.9 · years  20.8 · road 0.34 · starved   682 · nobles  +5.8 · read  6.0 · walls  0.8 · fell 71.8% (mother 19.1%) · prince 22.9% · king 17.7% · crowned 15.1% (median year 26) · 3.3s
try  5 · gen  103 · best   1220.2 · elite    785.2 · median    250.1 · years  22.5 · road 0.46 · starved   886 · nobles  +3.1 · read 50.2 · walls  4.2 · fell 51.3% (mother 26.1%) · prince 34.1% · king 25.7% · crowned 20.0% (median year 27) · 3.3s
try  6 · gen  103 · best    994.4 · elite    651.6 · median    155.9 · years  21.9 · road 0.41 · starved   958 · nobles  +3.4 · read 30.7 · walls  2.5 · fell 69.2% (mother 30.8%) · prince 25.3% · king 19.0% · crowned 14.5% (median year 29) · 3.3s
try  7 · gen  103 · best   1028.0 · elite    580.1 · median    135.7 · years  33.4 · road 0.37 · starved  1072 · nobles  +3.7 · read 40.4 · walls  2.5 · fell 67.1% (mother 37.7%) · prince 25.8% · king 17.6% · crowned 13.5% (median year 45) · 3.3s
try  8 · gen  103 · best   1002.2 · elite    617.6 · median    182.8 · years  21.3 · road 0.37 · starved   653 · nobles  +3.5 · read 27.6 · walls  2.3 · fell 74.7% (mother 29.8%) · prince 24.1% · king 17.5% · crowned 13.7% (median year 27) · 3.3s
try  1 · gen  104 · best   1154.0 · elite    651.6 · median    186.4 · years  21.5 · road 0.35 · starved   738 · nobles  +5.5 · read 14.7 · walls  1.0 · fell 71.5% (mother 26.7%) · prince 24.7% · king 19.0% · crowned 15.9% (median year 28) · 3.2s
try  2 · gen  104 · best    644.5 · elite    322.8 · median     -0.9 · years  41.3 · road 0.41 · starved  2829 · nobles  +2.2 · read 24.8 · walls  8.6 · fell 81.1% (mother 42.3%) · prince 18.2% · king  9.4% · crowned  6.6% (median year 65) · 3.2s
try  3 · gen  104 · best    741.4 · elite    322.2 · median     -9.1 · years  30.6 · road 0.38 · starved  1313 · nobles  +4.4 · read 15.8 · walls  5.0 · fell 88.4% (mother 32.9%) · prince 13.9% · king  8.4% · crowned  5.8% (median year 58) · 3.2s
try  4 · gen  104 · best   1142.2 · elite    664.3 · median    190.1 · years  20.9 · road 0.35 · starved   645 · nobles  +6.0 · read  6.8 · walls  0.9 · fell 72.2% (mother 18.4%) · prince 23.8% · king 18.0% · crowned 15.6% (median year 26) · 3.2s
try  5 · gen  104 · best   1225.3 · elite    822.0 · median    236.2 · years  22.1 · road 0.46 · starved   834 · nobles  +3.3 · read 51.0 · walls  4.1 · fell 49.4% (mother 23.7%) · prince 33.3% · king 25.5% · crowned 20.1% (median year 27) · 3.2s
try  6 · gen  104 · best    968.2 · elite    637.2 · median    173.2 · years  21.5 · road 0.42 · starved   921 · nobles  +2.8 · read 30.4 · walls  2.4 · fell 68.1% (mother 31.1%) · prince 26.4% · king 19.8% · crowned 14.7% (median year 27) · 3.2s
try  7 · gen  104 · best    895.7 · elite    547.8 · median    139.5 · years  33.1 · road 0.37 · starved  1046 · nobles  +3.5 · read 38.9 · walls  2.7 · fell 66.5% (mother 36.9%) · prince 26.4% · king 18.1% · crowned 13.3% (median year 46) · 3.2s
try  8 · gen  104 · best    962.6 · elite    607.5 · median    182.5 · years  21.6 · road 0.36 · starved   644 · nobles  +4.3 · read 27.5 · walls  2.2 · fell 74.8% (mother 28.2%) · prince 24.1% · king 17.7% · crowned 14.2% (median year 28) · 3.2s
try  1 · gen  105 · best   1172.7 · elite    659.9 · median    186.7 · years  21.5 · road 0.35 · starved   751 · nobles  +5.9 · read 13.8 · walls  0.9 · fell 71.8% (mother 26.7%) · prince 25.0% · king 19.0% · crowned 15.8% (median year 28) · 3.5s
try  2 · gen  105 · best    592.0 · elite    321.9 · median     -1.5 · years  41.3 · road 0.42 · starved  6839 · nobles  +2.6 · read 25.4 · walls  8.5 · fell 81.1% (mother 44.8%) · prince 18.5% · king  9.6% · crowned  6.9% (median year 65) · 3.5s
try  3 · gen  105 · best    662.3 · elite    305.5 · median    -11.2 · years  30.6 · road 0.38 · starved  1354 · nobles  +4.5 · read 15.7 · walls  4.8 · fell 89.8% (mother 35.7%) · prince 13.7% · king  7.9% · crowned  5.5% (median year 58) · 3.5s
try  4 · gen  105 · best   1202.4 · elite    652.2 · median    184.8 · years  20.8 · road 0.35 · starved   642 · nobles  +5.5 · read  7.0 · walls  0.9 · fell 72.1% (mother 18.9%) · prince 23.9% · king 17.7% · crowned 15.3% (median year 26) · 3.5s
try  5 · gen  105 · best   1184.4 · elite    802.7 · median    247.0 · years  21.7 · road 0.46 · starved   835 · nobles  +4.1 · read 50.5 · walls  4.1 · fell 50.3% (mother 25.9%) · prince 34.6% · king 25.8% · crowned 20.5% (median year 27) · 3.5s
try  6 · gen  105 · best   1192.5 · elite    676.3 · median    179.3 · years  22.0 · road 0.42 · starved   941 · nobles  +3.0 · read 30.8 · walls  2.4 · fell 67.7% (mother 31.3%) · prince 26.9% · king 20.4% · crowned 15.0% (median year 28) · 3.5s
try  7 · gen  105 · best   1028.1 · elite    549.8 · median    142.8 · years  32.9 · road 0.37 · starved  1029 · nobles  +3.6 · read 37.6 · walls  2.6 · fell 64.9% (mother 35.4%) · prince 26.4% · king 18.1% · crowned 13.6% (median year 45) · 3.5s
try  8 · gen  105 · best    966.6 · elite    604.4 · median    181.9 · years  21.8 · road 0.37 · starved   647 · nobles  +3.7 · read 28.3 · walls  2.4 · fell 74.3% (mother 27.6%) · prince 24.7% · king 18.2% · crowned 14.5% (median year 27) · 3.5s
try  1 · gen  106 · best   1145.8 · elite    655.1 · median    184.9 · years  21.2 · road 0.35 · starved   749 · nobles  +6.3 · read 13.8 · walls  1.0 · fell 71.6% (mother 27.6%) · prince 26.0% · king 19.3% · crowned 15.9% (median year 28) · 3.4s
try  2 · gen  106 · best    795.9 · elite    360.2 · median     -3.9 · years  40.5 · road 0.41 · starved  5355 · nobles  +2.7 · read 25.5 · walls  8.5 · fell 80.5% (mother 42.7%) · prince 18.5% · king 10.0% · crowned  7.4% (median year 63) · 3.4s
try  3 · gen  106 · best    690.8 · elite    333.2 · median     -5.2 · years  30.3 · road 0.38 · starved  1616 · nobles  +4.9 · read 16.5 · walls  4.8 · fell 89.5% (mother 35.2%) · prince 15.1% · king  8.7% · crowned  5.9% (median year 57) · 3.4s
try  4 · gen  106 · best   1138.6 · elite    634.2 · median    187.9 · years  20.6 · road 0.35 · starved   643 · nobles  +5.6 · read  8.2 · walls  0.9 · fell 71.5% (mother 18.6%) · prince 24.2% · king 17.8% · crowned 15.1% (median year 26) · 3.4s
try  5 · gen  106 · best   1223.3 · elite    830.5 · median    238.8 · years  22.2 · road 0.47 · starved   844 · nobles  +3.8 · read 53.8 · walls  4.2 · fell 50.5% (mother 24.7%) · prince 34.8% · king 25.2% · crowned 20.2% (median year 26) · 3.4s
try  6 · gen  106 · best    937.6 · elite    647.3 · median    172.8 · years  22.2 · road 0.43 · starved   951 · nobles  +2.7 · read 30.7 · walls  2.5 · fell 67.9% (mother 30.5%) · prince 27.4% · king 20.9% · crowned 15.0% (median year 28) · 3.4s
try  7 · gen  106 · best    947.7 · elite    555.6 · median    128.1 · years  32.2 · road 0.36 · starved  1050 · nobles  +3.7 · read 36.2 · walls  2.5 · fell 67.3% (mother 37.7%) · prince 25.1% · king 17.1% · crowned 13.0% (median year 44) · 3.4s
try  8 · gen  106 · best    830.2 · elite    592.3 · median    172.7 · years  21.7 · road 0.36 · starved   675 · nobles  +3.1 · read 28.6 · walls  2.1 · fell 76.2% (mother 29.6%) · prince 23.8% · king 17.6% · crowned 13.4% (median year 28) · 3.4s
try  1 · gen  107 · best    999.2 · elite    654.8 · median    194.5 · years  21.1 · road 0.36 · starved   755 · nobles  +6.4 · read 14.3 · walls  1.0 · fell 71.1% (mother 28.5%) · prince 26.4% · king 19.9% · crowned 16.3% (median year 28) · 3.2s
try  2 · gen  107 · best    841.8 · elite    328.8 · median      1.2 · years  40.1 · road 0.41 · starved  2605 · nobles  +2.1 · read 23.9 · walls  8.5 · fell 80.4% (mother 43.3%) · prince 18.0% · king  9.8% · crowned  7.0% (median year 61) · 3.2s
try  3 · gen  107 · best    757.2 · elite    317.0 · median     -5.5 · years  30.2 · road 0.38 · starved  1354 · nobles  +4.8 · read 15.3 · walls  4.8 · fell 89.4% (mother 34.7%) · prince 14.2% · king  8.8% · crowned  6.0% (median year 57) · 3.2s
try  4 · gen  107 · best   1059.6 · elite    643.9 · median    184.4 · years  20.3 · road 0.34 · starved   690 · nobles  +6.0 · read  7.8 · walls  0.9 · fell 72.7% (mother 22.0%) · prince 23.7% · king 17.1% · crowned 14.9% (median year 26) · 3.2s
try  5 · gen  107 · best   1221.9 · elite    798.5 · median    242.7 · years  21.4 · road 0.46 · starved   846 · nobles  +3.3 · read 51.3 · walls  4.2 · fell 52.9% (mother 28.5%) · prince 34.2% · king 25.9% · crowned 19.8% (median year 26) · 3.2s
try  6 · gen  107 · best   1428.9 · elite    703.3 · median    177.6 · years  21.4 · road 0.42 · starved   920 · nobles  +3.3 · read 29.5 · walls  2.3 · fell 67.6% (mother 28.8%) · prince 26.7% · king 20.9% · crowned 15.5% (median year 28) · 3.2s
try  7 · gen  107 · best    966.3 · elite    557.6 · median    148.3 · years  31.7 · road 0.37 · starved  1030 · nobles  +3.5 · read 33.6 · walls  2.5 · fell 65.1% (mother 36.1%) · prince 26.0% · king 18.9% · crowned 14.0% (median year 44) · 3.2s
try  8 · gen  107 · best   1151.8 · elite    621.6 · median    178.3 · years  21.5 · road 0.35 · starved   648 · nobles  +3.3 · read 28.4 · walls  1.9 · fell 74.7% (mother 28.4%) · prince 24.2% · king 17.6% · crowned 13.7% (median year 27) · 3.2s
try  1 · gen  108 · best   1219.4 · elite    689.5 · median    185.1 · years  20.6 · road 0.36 · starved   766 · nobles  +6.5 · read 13.4 · walls  1.0 · fell 71.1% (mother 29.7%) · prince 25.5% · king 19.4% · crowned 15.7% (median year 26) · 3.2s
try  2 · gen  108 · best    727.9 · elite    351.7 · median     -4.7 · years  39.6 · road 0.41 · starved  3821 · nobles  +2.5 · read 23.0 · walls  8.4 · fell 80.7% (mother 43.8%) · prince 18.5% · king  9.9% · crowned  7.1% (median year 60) · 3.2s
try  3 · gen  108 · best    791.2 · elite    304.1 · median     -9.1 · years  30.2 · road 0.38 · starved  1687 · nobles  +4.8 · read 15.9 · walls  4.7 · fell 89.9% (mother 35.7%) · prince 14.3% · king  8.7% · crowned  5.9% (median year 59) · 3.2s
try  4 · gen  108 · best   1194.5 · elite    630.8 · median    172.6 · years  20.5 · road 0.35 · starved   742 · nobles  +5.8 · read  8.2 · walls  0.9 · fell 74.2% (mother 22.5%) · prince 24.0% · king 16.9% · crowned 14.4% (median year 26) · 3.2s
try  5 · gen  108 · best   1228.0 · elite    818.4 · median    243.2 · years  21.9 · road 0.47 · starved   862 · nobles  +2.7 · read 52.8 · walls  4.2 · fell 52.6% (mother 27.9%) · prince 34.5% · king 26.2% · crowned 19.8% (median year 27) · 3.2s
try  6 · gen  108 · best    983.4 · elite    647.4 · median    182.3 · years  21.3 · road 0.41 · starved   902 · nobles  +3.0 · read 28.8 · walls  2.4 · fell 65.8% (mother 28.0%) · prince 26.8% · king 20.5% · crowned 15.7% (median year 29) · 3.2s
try  7 · gen  108 · best   1054.4 · elite    587.1 · median    152.7 · years  31.3 · road 0.37 · starved  1073 · nobles  +3.1 · read 29.9 · walls  2.5 · fell 65.5% (mother 39.6%) · prince 26.6% · king 19.4% · crowned 14.4% (median year 42) · 3.2s
try  8 · gen  108 · best   1030.9 · elite    619.6 · median    187.9 · years  21.9 · road 0.36 · starved   644 · nobles  +3.3 · read 28.5 · walls  2.1 · fell 74.5% (mother 27.2%) · prince 24.7% · king 18.6% · crowned 14.1% (median year 27) · 3.2s
try  1 · gen  109 · best   1011.2 · elite    695.5 · median    193.1 · years  20.6 · road 0.36 · starved   739 · nobles  +6.5 · read 13.5 · walls  1.0 · fell 70.3% (mother 29.0%) · prince 26.5% · king 19.1% · crowned 15.8% (median year 26) · 3.3s
try  2 · gen  109 · best    854.2 · elite    354.5 · median     -4.6 · years  40.3 · road 0.41 · starved  3930 · nobles  +2.1 · read 25.4 · walls  8.4 · fell 78.9% (mother 44.6%) · prince 19.2% · king 10.6% · crowned  7.4% (median year 61) · 3.3s
try  3 · gen  109 · best    760.7 · elite    319.4 · median     -6.3 · years  30.6 · road 0.38 · starved  1444 · nobles  +5.3 · read 15.5 · walls  4.7 · fell 89.2% (mother 35.0%) · prince 13.8% · king  8.8% · crowned  5.8% (median year 58) · 3.3s
try  4 · gen  109 · best   1217.6 · elite    611.3 · median    171.2 · years  20.7 · road 0.35 · starved   782 · nobles  +5.9 · read  8.4 · walls  0.9 · fell 74.2% (mother 24.4%) · prince 23.6% · king 16.7% · crowned 14.0% (median year 26) · 3.3s
try  5 · gen  109 · best   1196.2 · elite    775.3 · median    233.3 · years  21.4 · road 0.47 · starved   890 · nobles  +2.5 · read 49.9 · walls  4.2 · fell 54.7% (mother 30.6%) · prince 33.1% · king 25.1% · crowned 19.5% (median year 27) · 3.3s
try  6 · gen  109 · best   1126.0 · elite    673.4 · median    182.5 · years  20.8 · road 0.41 · starved   904 · nobles  +2.8 · read 28.8 · walls  2.4 · fell 66.9% (mother 28.8%) · prince 27.1% · king 21.4% · crowned 15.8% (median year 28) · 3.3s
try  7 · gen  109 · best   1088.6 · elite    574.8 · median    143.0 · years  31.2 · road 0.37 · starved  1088 · nobles  +2.8 · read 28.7 · walls  2.5 · fell 66.1% (mother 40.3%) · prince 26.4% · king 18.7% · crowned 13.9% (median year 42) · 3.3s
try  8 · gen  109 · best   1167.6 · elite    593.2 · median    178.7 · years  21.8 · road 0.35 · starved   641 · nobles  +3.3 · read 28.6 · walls  1.9 · fell 74.8% (mother 27.1%) · prince 23.8% · king 18.2% · crowned 13.8% (median year 27) · 3.3s
try  1 · gen  110 · best   1150.2 · elite    662.2 · median    193.4 · years  20.5 · road 0.36 · starved   738 · nobles  +6.1 · read 12.7 · walls  1.0 · fell 72.2% (mother 28.2%) · prince 25.7% · king 19.0% · crowned 15.6% (median year 26) · 3.3s
try  2 · gen  110 · best    722.1 · elite    367.6 · median      1.6 · years  39.0 · road 0.41 · starved  3765 · nobles  +2.1 · read 26.1 · walls  8.4 · fell 77.3% (mother 42.9%) · prince 19.7% · king 10.7% · crowned  8.1% (median year 57) · 3.3s
try  3 · gen  110 · best    822.5 · elite    333.9 · median     -6.4 · years  30.5 · road 0.38 · starved  1401 · nobles  +5.4 · read 14.4 · walls  4.5 · fell 89.7% (mother 35.0%) · prince 13.7% · king  9.3% · crowned  6.1% (median year 58) · 3.3s
try  4 · gen  110 · best   1023.9 · elite    626.8 · median    178.2 · years  20.9 · road 0.35 · starved   796 · nobles  +6.0 · read  8.7 · walls  0.9 · fell 73.9% (mother 23.3%) · prince 24.4% · king 16.6% · crowned 14.2% (median year 26) · 3.3s
try  5 · gen  110 · best   1261.6 · elite    786.8 · median    229.4 · years  21.4 · road 0.47 · starved   909 · nobles  +2.5 · read 49.9 · walls  4.3 · fell 54.5% (mother 29.9%) · prince 33.2% · king 25.0% · crowned 19.3% (median year 26) · 3.3s
try  6 · gen  110 · best   1209.5 · elite    666.9 · median    177.9 · years  20.7 · road 0.41 · starved   909 · nobles  +2.9 · read 27.7 · walls  2.4 · fell 68.2% (mother 29.9%) · prince 27.0% · king 20.9% · crowned 15.9% (median year 28) · 3.3s
try  7 · gen  110 · best   1079.6 · elite    561.1 · median    140.0 · years  30.7 · road 0.37 · starved  1092 · nobles  +2.3 · read 28.0 · walls  2.4 · fell 66.7% (mother 39.7%) · prince 25.3% · king 17.9% · crowned 13.2% (median year 40) · 3.3s
try  8 · gen  110 · best   1220.9 · elite    614.0 · median    165.7 · years  21.7 · road 0.35 · starved   655 · nobles  +3.4 · read 27.8 · walls  1.8 · fell 75.7% (mother 28.9%) · prince 23.0% · king 17.6% · crowned 13.4% (median year 27) · 3.3s
try  1 · gen  111 · best   1007.6 · elite    661.5 · median    195.0 · years  20.4 · road 0.36 · starved   745 · nobles  +6.1 · read 13.6 · walls  0.9 · fell 71.4% (mother 29.2%) · prince 25.7% · king 19.6% · crowned 15.6% (median year 26) · 3.4s
try  2 · gen  111 · best    859.3 · elite    392.2 · median     17.2 · years  38.1 · road 0.42 · starved  4231 · nobles  +1.9 · read 29.8 · walls  8.3 · fell 75.6% (mother 43.4%) · prince 21.4% · king 11.6% · crowned  8.8% (median year 55) · 3.4s
try  3 · gen  111 · best    612.5 · elite    318.7 · median    -14.1 · years  31.0 · road 0.38 · starved  1508 · nobles  +5.6 · read 13.4 · walls  4.5 · fell 89.6% (mother 35.3%) · prince 14.0% · king  8.5% · crowned  5.4% (median year 58) · 3.4s
try  4 · gen  111 · best   1306.9 · elite    665.2 · median    188.7 · years  20.6 · road 0.35 · starved   674 · nobles  +6.3 · read  8.9 · walls  1.0 · fell 71.8% (mother 23.0%) · prince 26.0% · king 18.0% · crowned 15.0% (median year 26) · 3.4s
try  5 · gen  111 · best   1234.0 · elite    769.1 · median    238.4 · years  21.6 · road 0.47 · starved   951 · nobles  +2.6 · read 50.2 · walls  4.3 · fell 55.0% (mother 30.2%) · prince 33.2% · king 25.0% · crowned 19.7% (median year 27) · 3.4s
try  6 · gen  111 · best   1198.7 · elite    679.0 · median    191.0 · years  20.5 · road 0.41 · starved   870 · nobles  +2.0 · read 28.1 · walls  2.4 · fell 67.3% (mother 27.5%) · prince 26.6% · king 21.2% · crowned 16.4% (median year 28) · 3.4s
try  7 · gen  111 · best   1011.2 · elite    568.2 · median    141.7 · years  30.5 · road 0.37 · starved  1108 · nobles  +2.2 · read 27.0 · walls  2.4 · fell 66.3% (mother 38.3%) · prince 26.6% · king 18.9% · crowned 13.5% (median year 39) · 3.4s
try  8 · gen  111 · best   1183.6 · elite    606.2 · median    181.4 · years  21.5 · road 0.35 · starved   628 · nobles  +4.1 · read 27.9 · walls  1.6 · fell 73.6% (mother 26.6%) · prince 23.3% · king 18.0% · crowned 14.2% (median year 27) · 3.4s
try  1 · gen  112 · best    987.9 · elite    662.0 · median    188.7 · years  20.4 · road 0.36 · starved   737 · nobles  +5.7 · read 13.6 · walls  0.9 · fell 71.2% (mother 29.4%) · prince 25.2% · king 18.6% · crowned 15.0% (median year 26) · 3.3s
try  2 · gen  112 · best    796.6 · elite    449.7 · median     29.3 · years  37.3 · road 0.42 · starved  4080 · nobles  +2.2 · read 31.4 · walls  8.2 · fell 71.8% (mother 40.2%) · prince 21.8% · king 13.1% · crowned  9.4% (median year 52) · 3.3s
try  3 · gen  112 · best    640.9 · elite    311.9 · median    -10.5 · years  30.4 · road 0.37 · starved  1374 · nobles  +5.5 · read 11.2 · walls  4.4 · fell 89.9% (mother 35.0%) · prince 13.1% · king  8.4% · crowned  5.8% (median year 59) · 3.3s
try  4 · gen  112 · best   1152.5 · elite    673.2 · median    192.2 · years  20.8 · road 0.35 · starved   669 · nobles  +6.9 · read 10.1 · walls  1.0 · fell 71.0% (mother 20.3%) · prince 26.1% · king 19.0% · crowned 15.5% (median year 26) · 3.3s
try  5 · gen  112 · best   1420.4 · elite    773.8 · median    238.6 · years  21.3 · road 0.46 · starved   918 · nobles  +2.7 · read 48.8 · walls  4.1 · fell 56.4% (mother 31.8%) · prince 32.5% · king 25.3% · crowned 19.3% (median year 27) · 3.3s
try  6 · gen  112 · best   1125.6 · elite    699.8 · median    182.2 · years  20.5 · road 0.41 · starved   866 · nobles  +2.0 · read 28.4 · walls  2.5 · fell 68.2% (mother 28.0%) · prince 26.4% · king 20.8% · crowned 16.2% (median year 28) · 3.3s
try  7 · gen  112 · best    926.8 · elite    546.4 · median    142.7 · years  30.3 · road 0.37 · starved  1094 · nobles  +2.1 · read 26.9 · walls  2.4 · fell 66.6% (mother 39.8%) · prince 27.0% · king 18.9% · crowned 13.4% (median year 39) · 3.3s
try  8 · gen  112 · best   1189.6 · elite    653.2 · median    179.3 · years  21.3 · road 0.35 · starved   636 · nobles  +4.2 · read 27.2 · walls  1.6 · fell 73.7% (mother 29.1%) · prince 23.8% · king 17.9% · crowned 14.1% (median year 26) · 3.3s
try  1 · gen  113 · best   1057.2 · elite    621.8 · median    196.4 · years  20.6 · road 0.36 · starved   756 · nobles  +5.8 · read 14.6 · walls  1.0 · fell 70.7% (mother 28.0%) · prince 26.3% · king 19.5% · crowned 15.5% (median year 26) · 3.1s
try  2 · gen  113 · best   1065.9 · elite    482.1 · median     37.7 · years  34.7 · road 0.41 · starved  2443 · nobles  +3.0 · read 31.3 · walls  7.8 · fell 69.0% (mother 37.9%) · prince 21.7% · king 13.7% · crowned 10.5% (median year 47) · 3.1s
try  3 · gen  113 · best    618.5 · elite    301.4 · median     -5.4 · years  31.0 · road 0.37 · starved  1433 · nobles  +6.0 · read 12.9 · walls  4.6 · fell 89.4% (mother 34.4%) · prince 14.1% · king  8.8% · crowned  6.0% (median year 61) · 3.1s
try  4 · gen  113 · best   1206.0 · elite    670.2 · median    193.8 · years  20.2 · road 0.35 · starved   622 · nobles  +6.2 · read  9.1 · walls  1.1 · fell 68.8% (mother 19.3%) · prince 25.5% · king 18.4% · crowned 15.6% (median year 25) · 3.1s
try  5 · gen  113 · best   1178.7 · elite    787.4 · median    219.1 · years  20.1 · road 0.45 · starved   903 · nobles  +3.3 · read 44.6 · walls  3.9 · fell 57.0% (mother 33.2%) · prince 31.1% · king 23.9% · crowned 19.0% (median year 26) · 3.1s
try  6 · gen  113 · best   1029.1 · elite    660.7 · median    179.0 · years  20.4 · road 0.41 · starved   917 · nobles  +1.2 · read 27.7 · walls  2.3 · fell 69.8% (mother 30.4%) · prince 26.3% · king 20.9% · crowned 15.6% (median year 28) · 3.1s
try  7 · gen  113 · best    928.3 · elite    553.6 · median    150.9 · years  30.0 · road 0.37 · starved  1091 · nobles  +2.2 · read 28.0 · walls  2.2 · fell 66.1% (mother 39.5%) · prince 25.9% · king 18.7% · crowned 13.6% (median year 39) · 3.1s
try  8 · gen  113 · best   1302.0 · elite    630.5 · median    183.6 · years  20.8 · road 0.35 · starved   664 · nobles  +4.0 · read 26.2 · walls  1.5 · fell 74.4% (mother 29.3%) · prince 24.6% · king 19.0% · crowned 14.6% (median year 26) · 3.1s
try  1 · gen  114 · best   1011.3 · elite    663.8 · median    200.5 · years  20.4 · road 0.36 · starved   749 · nobles  +4.9 · read 14.5 · walls  1.1 · fell 70.1% (mother 28.0%) · prince 27.0% · king 20.1% · crowned 15.7% (median year 25) · 3.0s
try  2 · gen  114 · best   1079.3 · elite    476.0 · median     46.1 · years  33.3 · road 0.41 · starved  1802 · nobles  +3.3 · read 32.2 · walls  7.5 · fell 70.0% (mother 40.6%) · prince 21.9% · king 13.6% · crowned 10.2% (median year 44) · 3.0s
try  3 · gen  114 · best    862.5 · elite    307.7 · median     -8.6 · years  30.9 · road 0.37 · starved  1407 · nobles  +5.8 · read 12.0 · walls  4.5 · fell 89.3% (mother 34.4%) · prince 14.3% · king  8.9% · crowned  6.3% (median year 59) · 3.0s
try  4 · gen  114 · best    941.1 · elite    634.0 · median    193.4 · years  20.4 · road 0.35 · starved   713 · nobles  +6.2 · read  9.7 · walls  1.2 · fell 71.0% (mother 22.4%) · prince 25.5% · king 18.6% · crowned 15.4% (median year 25) · 3.0s
try  5 · gen  114 · best   1195.7 · elite    760.9 · median    225.7 · years  20.6 · road 0.47 · starved   924 · nobles  +2.6 · read 46.1 · walls  4.2 · fell 56.4% (mother 32.0%) · prince 31.7% · king 24.4% · crowned 19.4% (median year 26) · 3.0s
try  6 · gen  114 · best   1163.7 · elite    691.4 · median    173.1 · years  20.8 · road 0.42 · starved   904 · nobles  +1.0 · read 28.4 · walls  2.3 · fell 70.2% (mother 30.2%) · prince 26.8% · king 21.1% · crowned 15.9% (median year 29) · 3.0s
try  7 · gen  114 · best    896.4 · elite    534.6 · median    138.6 · years  29.6 · road 0.36 · starved  1089 · nobles  +2.5 · read 25.9 · walls  2.1 · fell 69.4% (mother 39.6%) · prince 25.3% · king 18.0% · crowned 13.0% (median year 39) · 3.0s
try  8 · gen  114 · best   1018.6 · elite    631.3 · median    177.9 · years  21.1 · road 0.35 · starved   668 · nobles  +3.8 · read 25.3 · walls  1.7 · fell 75.0% (mother 28.8%) · prince 23.1% · king 17.7% · crowned 13.6% (median year 27) · 3.0s
try  1 · gen  115 · best   1254.9 · elite    688.5 · median    197.1 · years  20.5 · road 0.36 · starved   764 · nobles  +5.1 · read 15.4 · walls  1.1 · fell 71.2% (mother 29.6%) · prince 27.2% · king 20.3% · crowned 15.7% (median year 26) · 3.3s
try  2 · gen  115 · best    962.8 · elite    471.1 · median     30.1 · years  31.9 · road 0.41 · starved  2788 · nobles  +3.3 · read 31.7 · walls  7.1 · fell 69.1% (mother 37.8%) · prince 21.3% · king 13.3% · crowned 10.0% (median year 42) · 3.3s
try  3 · gen  115 · best    823.4 · elite    334.2 · median     -8.4 · years  30.6 · road 0.37 · starved  1803 · nobles  +5.5 · read 12.0 · walls  4.1 · fell 89.7% (mother 34.0%) · prince 14.7% · king  9.1% · crowned  6.2% (median year 58) · 3.3s
try  4 · gen  115 · best    982.1 · elite    668.6 · median    199.1 · years  20.3 · road 0.35 · starved   652 · nobles  +6.2 · read 10.4 · walls  1.2 · fell 69.2% (mother 21.1%) · prince 25.6% · king 18.8% · crowned 15.8% (median year 25) · 3.3s
try  5 · gen  115 · best   1220.5 · elite    780.7 · median    224.1 · years  20.6 · road 0.46 · starved   943 · nobles  +3.0 · read 44.9 · walls  4.1 · fell 55.8% (mother 32.4%) · prince 32.8% · king 25.2% · crowned 19.5% (median year 26) · 3.3s
try  6 · gen  115 · best   1201.8 · elite    661.8 · median    175.3 · years  20.8 · road 0.41 · starved   901 · nobles  +0.2 · read 27.2 · walls  2.4 · fell 70.9% (mother 32.3%) · prince 26.0% · king 19.8% · crowned 15.4% (median year 29) · 3.3s
try  7 · gen  115 · best   1330.1 · elite    554.9 · median    147.3 · years  30.1 · road 0.36 · starved  1093 · nobles  +3.1 · read 28.1 · walls  2.1 · fell 67.7% (mother 39.0%) · prince 26.2% · king 17.9% · crowned 13.2% (median year 39) · 3.3s
try  8 · gen  115 · best   1194.6 · elite    631.6 · median    168.9 · years  21.1 · road 0.35 · starved   679 · nobles  +4.1 · read 25.4 · walls  1.6 · fell 74.8% (mother 28.6%) · prince 23.3% · king 17.8% · crowned 13.7% (median year 27) · 3.3s
try  1 · gen  116 · best    996.6 · elite    646.7 · median    188.5 · years  20.4 · road 0.37 · starved   787 · nobles  +4.8 · read 14.7 · walls  1.1 · fell 72.4% (mother 31.6%) · prince 27.1% · king 20.4% · crowned 15.4% (median year 26) · 3.0s
try  2 · gen  116 · best   1078.7 · elite    500.8 · median     31.3 · years  30.5 · road 0.41 · starved  1584 · nobles  +3.2 · read 31.8 · walls  6.6 · fell 68.5% (mother 38.5%) · prince 21.4% · king 12.9% · crowned 10.1% (median year 39) · 3.0s
try  3 · gen  116 · best    656.4 · elite    340.5 · median     -5.9 · years  30.7 · road 0.37 · starved  1345 · nobles  +5.4 · read 12.8 · walls  4.3 · fell 89.3% (mother 32.2%) · prince 14.3% · king  9.1% · crowned  6.4% (median year 58) · 3.0s
try  4 · gen  116 · best   1198.2 · elite    680.2 · median    198.2 · years  20.4 · road 0.36 · starved   646 · nobles  +6.4 · read 11.1 · walls  1.3 · fell 68.2% (mother 21.1%) · prince 25.8% · king 19.5% · crowned 15.9% (median year 25) · 3.0s
try  5 · gen  116 · best   1212.8 · elite    791.3 · median    219.1 · years  20.5 · road 0.46 · starved   962 · nobles  +3.2 · read 42.6 · walls  4.2 · fell 55.4% (mother 32.9%) · prince 33.0% · king 25.4% · crowned 19.1% (median year 26) · 3.0s
try  6 · gen  116 · best   1016.4 · elite    663.0 · median    153.2 · years  20.6 · road 0.41 · starved   941 · nobles  +0.4 · read 27.3 · walls  2.3 · fell 72.2% (mother 33.7%) · prince 25.9% · king 20.2% · crowned 14.9% (median year 30) · 3.0s
try  7 · gen  116 · best    985.9 · elite    567.6 · median    152.0 · years  30.2 · road 0.37 · starved  1041 · nobles  +2.9 · read 29.7 · walls  2.0 · fell 65.4% (mother 35.6%) · prince 27.0% · king 18.6% · crowned 13.6% (median year 38) · 3.0s
try  8 · gen  116 · best   1187.3 · elite    600.0 · median    175.7 · years  21.3 · road 0.35 · starved   698 · nobles  +4.4 · read 24.6 · walls  1.7 · fell 75.5% (mother 29.5%) · prince 23.5% · king 17.6% · crowned 13.7% (median year 27) · 3.0s
try  1 · gen  117 · best   1029.9 · elite    671.2 · median    191.4 · years  20.5 · road 0.37 · starved   784 · nobles  +4.8 · read 13.9 · walls  1.1 · fell 72.0% (mother 31.5%) · prince 27.6% · king 19.5% · crowned 15.3% (median year 26) · 3.0s
try  2 · gen  117 · best    737.2 · elite    478.4 · median     31.7 · years  30.5 · road 0.41 · starved  2457 · nobles  +3.0 · read 32.5 · walls  6.2 · fell 70.2% (mother 40.3%) · prince 22.0% · king 13.1% · crowned  9.8% (median year 39) · 3.0s
try  3 · gen  117 · best    570.6 · elite    328.2 · median     -6.5 · years  30.7 · road 0.37 · starved  2068 · nobles  +6.0 · read 11.8 · walls  4.4 · fell 89.1% (mother 34.7%) · prince 14.0% · king  9.1% · crowned  6.1% (median year 59) · 3.0s
try  4 · gen  117 · best   1175.0 · elite    677.1 · median    203.0 · years  19.9 · road 0.36 · starved   619 · nobles  +6.2 · read 11.5 · walls  1.3 · fell 66.1% (mother 19.9%) · prince 26.7% · king 19.7% · crowned 16.2% (median year 24) · 3.0s
try  5 · gen  117 · best   1405.6 · elite    794.8 · median    236.5 · years  20.5 · road 0.47 · starved   916 · nobles  +3.2 · read 40.7 · walls  4.3 · fell 54.4% (mother 32.1%) · prince 33.3% · king 25.7% · crowned 19.6% (median year 26) · 3.0s
try  6 · gen  117 · best   1129.9 · elite    639.7 · median    173.6 · years  20.9 · road 0.41 · starved   956 · nobles  +0.3 · read 28.1 · walls  2.3 · fell 72.1% (mother 33.7%) · prince 26.7% · king 20.3% · crowned 14.8% (median year 30) · 3.0s
try  7 · gen  117 · best    928.3 · elite    559.3 · median    146.9 · years  29.6 · road 0.36 · starved  1052 · nobles  +2.7 · read 28.1 · walls  2.1 · fell 67.2% (mother 36.4%) · prince 26.5% · king 17.9% · crowned 13.1% (median year 37) · 3.0s
try  8 · gen  117 · best   1189.8 · elite    655.3 · median    174.5 · years  21.3 · road 0.35 · starved   676 · nobles  +4.6 · read 25.3 · walls  1.8 · fell 74.2% (mother 26.0%) · prince 23.7% · king 18.1% · crowned 14.1% (median year 27) · 3.0s
try  1 · gen  118 · best    959.2 · elite    631.5 · median    191.4 · years  20.5 · road 0.37 · starved   813 · nobles  +5.6 · read 12.5 · walls  1.2 · fell 71.2% (mother 32.1%) · prince 27.7% · king 19.1% · crowned 15.0% (median year 26) · 3.0s
try  2 · gen  118 · best    902.4 · elite    508.5 · median     31.7 · years  30.3 · road 0.41 · starved  1946 · nobles  +3.2 · read 32.2 · walls  5.9 · fell 70.2% (mother 41.2%) · prince 22.8% · king 13.7% · crowned  9.8% (median year 39) · 3.0s
try  3 · gen  118 · best    684.9 · elite    314.5 · median     -5.7 · years  31.0 · road 0.37 · starved  1518 · nobles  +5.8 · read 12.5 · walls  4.2 · fell 89.2% (mother 33.1%) · prince 14.0% · king  8.6% · crowned  5.8% (median year 58) · 3.0s
try  4 · gen  118 · best   1276.5 · elite    692.2 · median    201.6 · years  20.0 · road 0.35 · starved   612 · nobles  +6.1 · read 11.4 · walls  1.3 · fell 67.0% (mother 21.4%) · prince 26.2% · king 19.8% · crowned 16.1% (median year 23) · 3.0s
try  5 · gen  118 · best   1255.7 · elite    821.3 · median    229.6 · years  20.0 · road 0.46 · starved   903 · nobles  +3.6 · read 39.4 · walls  4.1 · fell 55.8% (mother 32.4%) · prince 31.6% · king 24.6% · crowned 19.2% (median year 25) · 3.0s
try  6 · gen  118 · best   1167.2 · elite    667.5 · median    169.6 · years  20.2 · road 0.41 · starved   956 · nobles  +0.6 · read 25.8 · walls  2.4 · fell 71.7% (mother 35.6%) · prince 26.6% · king 20.4% · crowned 15.2% (median year 30) · 3.0s
try  7 · gen  118 · best   1148.6 · elite    561.1 · median    151.5 · years  29.3 · road 0.37 · starved  1097 · nobles  +2.3 · read 28.5 · walls  2.2 · fell 67.7% (mother 41.3%) · prince 26.8% · king 18.4% · crowned 13.0% (median year 37) · 3.0s
try  8 · gen  118 · best   1178.0 · elite    623.6 · median    178.6 · years  21.3 · road 0.35 · starved   691 · nobles  +4.4 · read 25.2 · walls  1.9 · fell 75.2% (mother 27.9%) · prince 23.9% · king 18.0% · crowned 14.1% (median year 27) · 3.0s
try  1 · gen  119 · best   1061.6 · elite    660.1 · median    188.1 · years  20.5 · road 0.37 · starved   841 · nobles  +5.4 · read 12.3 · walls  1.3 · fell 71.3% (mother 32.5%) · prince 28.0% · king 19.6% · crowned 15.1% (median year 25) · 3.0s
try  2 · gen  119 · best    908.9 · elite    503.9 · median     33.3 · years  30.7 · road 0.41 · starved  1488 · nobles  +3.1 · read 32.1 · walls  5.7 · fell 70.0% (mother 42.0%) · prince 23.8% · king 13.1% · crowned  9.7% (median year 39) · 3.0s
try  3 · gen  119 · best    648.0 · elite    314.3 · median     -1.5 · years  31.0 · road 0.37 · starved  1508 · nobles  +5.9 · read 13.0 · walls  4.0 · fell 89.1% (mother 33.7%) · prince 14.8% · king  9.4% · crowned  6.3% (median year 59) · 3.0s
try  4 · gen  119 · best   1188.8 · elite    659.1 · median    196.7 · years  20.2 · road 0.35 · starved   639 · nobles  +6.5 · read 11.3 · walls  1.3 · fell 68.9% (mother 22.5%) · prince 26.0% · king 19.4% · crowned 15.8% (median year 24) · 3.0s
try  5 · gen  119 · best   1197.6 · elite    784.5 · median    239.8 · years  20.5 · road 0.48 · starved   922 · nobles  +3.9 · read 40.2 · walls  4.3 · fell 54.2% (mother 31.6%) · prince 33.1% · king 24.4% · crowned 19.6% (median year 25) · 3.0s
try  6 · gen  119 · best   1019.7 · elite    671.6 · median    164.5 · years  20.2 · road 0.40 · starved   949 · nobles  +0.5 · read 26.3 · walls  2.3 · fell 71.8% (mother 34.8%) · prince 26.0% · king 20.0% · crowned 15.1% (median year 30) · 3.0s
try  7 · gen  119 · best    957.8 · elite    554.7 · median    144.6 · years  29.0 · road 0.37 · starved  1122 · nobles  +1.9 · read 28.6 · walls  2.1 · fell 69.9% (mother 42.1%) · prince 27.4% · king 18.4% · crowned 12.5% (median year 37) · 3.0s
try  8 · gen  119 · best   1012.3 · elite    619.3 · median    173.1 · years  21.3 · road 0.36 · starved   700 · nobles  +4.1 · read 25.1 · walls  1.7 · fell 75.5% (mother 29.3%) · prince 24.2% · king 17.9% · crowned 13.7% (median year 27) · 3.0s
try  1 · gen  120 · best   1220.7 · elite    660.3 · median    184.4 · years  20.1 · road 0.37 · starved   844 · nobles  +5.4 · read 11.3 · walls  1.3 · fell 71.3% (mother 34.5%) · prince 27.0% · king 19.2% · crowned 14.7% (median year 25) · 3.1s
try  2 · gen  120 · best   1152.2 · elite    507.6 · median     36.5 · years  29.8 · road 0.41 · starved  2139 · nobles  +2.3 · read 29.3 · walls  5.4 · fell 70.3% (mother 43.3%) · prince 24.9% · king 13.8% · crowned  9.4% (median year 38) · 3.1s
try  3 · gen  120 · best    699.6 · elite    301.8 · median     -4.9 · years  31.3 · road 0.37 · starved  1471 · nobles  +5.5 · read 13.8 · walls  3.9 · fell 89.1% (mother 33.3%) · prince 14.0% · king  8.6% · crowned  5.8% (median year 58) · 3.1s
try  4 · gen  120 · best   1048.2 · elite    693.6 · median    192.5 · years  20.3 · road 0.35 · starved   654 · nobles  +6.5 · read 11.7 · walls  1.4 · fell 69.4% (mother 23.4%) · prince 25.7% · king 19.3% · crowned 15.5% (median year 24) · 3.1s
try  5 · gen  120 · best   1269.7 · elite    755.1 · median    244.3 · years  20.3 · road 0.47 · starved   910 · nobles  +4.5 · read 40.3 · walls  4.2 · fell 54.7% (mother 30.7%) · prince 32.4% · king 23.8% · crowned 19.2% (median year 25) · 3.1s
try  6 · gen  120 · best   1136.8 · elite    648.1 · median    172.0 · years  20.3 · road 0.40 · starved   927 · nobles  +0.5 · read 26.7 · walls  2.5 · fell 70.9% (mother 34.7%) · prince 25.7% · king 19.8% · crowned 15.3% (median year 30) · 3.1s
try  7 · gen  120 · best    968.3 · elite    547.8 · median    143.3 · years  28.7 · road 0.37 · starved  1092 · nobles  +2.6 · read 29.2 · walls  2.3 · fell 68.0% (mother 40.9%) · prince 26.8% · king 18.1% · crowned 12.8% (median year 36) · 3.1s
try  8 · gen  120 · best    963.2 · elite    601.0 · median    176.3 · years  21.2 · road 0.36 · starved   726 · nobles  +3.9 · read 24.9 · walls  1.8 · fell 75.3% (mother 30.0%) · prince 23.8% · king 17.6% · crowned 13.5% (median year 27) · 3.1s
try  1 · gen  121 · best   1019.0 · elite    675.5 · median    196.8 · years  20.1 · road 0.36 · starved   779 · nobles  +5.5 · read 10.2 · walls  1.3 · fell 70.6% (mother 32.7%) · prince 26.4% · king 19.8% · crowned 15.7% (median year 25) · 3.4s
try  2 · gen  121 · best    893.0 · elite    466.8 · median     54.6 · years  29.2 · road 0.41 · starved  1599 · nobles  +2.5 · read 28.4 · walls  5.3 · fell 69.1% (mother 42.3%) · prince 25.1% · king 14.0% · crowned  9.9% (median year 38) · 3.4s
try  3 · gen  121 · best    639.2 · elite    317.8 · median    -10.4 · years  30.6 · road 0.37 · starved  1794 · nobles  +5.4 · read 14.1 · walls  3.9 · fell 89.7% (mother 33.0%) · prince 14.3% · king  9.1% · crowned  5.9% (median year 57) · 3.4s
try  4 · gen  121 · best   1227.5 · elite    685.1 · median    194.4 · years  20.2 · road 0.35 · starved   673 · nobles  +6.1 · read 11.1 · walls  1.3 · fell 69.6% (mother 21.0%) · prince 25.2% · king 19.1% · crowned 15.4% (median year 24) · 3.4s
try  5 · gen  121 · best   1197.7 · elite    750.1 · median    232.1 · years  20.5 · road 0.47 · starved   922 · nobles  +4.8 · read 40.9 · walls  4.2 · fell 54.9% (mother 29.8%) · prince 32.1% · king 22.8% · crowned 18.9% (median year 25) · 3.4s
try  6 · gen  121 · best   1181.8 · elite    689.5 · median    167.5 · years  20.1 · road 0.40 · starved   916 · nobles  +0.9 · read 26.6 · walls  2.6 · fell 70.3% (mother 34.2%) · prince 26.3% · king 20.3% · crowned 15.6% (median year 29) · 3.4s
try  7 · gen  121 · best    956.7 · elite    560.9 · median    149.6 · years  28.9 · road 0.37 · starved  1105 · nobles  +2.7 · read 28.5 · walls  2.3 · fell 67.9% (mother 41.3%) · prince 27.1% · king 18.2% · crowned 13.1% (median year 36) · 3.4s
try  8 · gen  121 · best    975.6 · elite    604.4 · median    178.7 · years  21.0 · road 0.36 · starved   709 · nobles  +4.1 · read 24.3 · walls  1.9 · fell 74.2% (mother 30.4%) · prince 24.0% · king 18.3% · crowned 13.8% (median year 26) · 3.4s
try  1 · gen  122 · best   1044.3 · elite    619.1 · median    194.7 · years  19.9 · road 0.37 · starved   809 · nobles  +4.9 · read  9.3 · walls  1.4 · fell 69.7% (mother 34.7%) · prince 26.8% · king 19.8% · crowned 15.5% (median year 25) · 2.9s
try  2 · gen  122 · best   1197.6 · elite    528.1 · median     43.3 · years  28.4 · road 0.41 · starved  1405 · nobles  +2.2 · read 26.1 · walls  5.1 · fell 68.1% (mother 43.1%) · prince 25.1% · king 14.3% · crowned 10.1% (median year 36) · 2.9s
try  3 · gen  122 · best    680.1 · elite    294.2 · median    -12.3 · years  30.8 · road 0.36 · starved  1532 · nobles  +5.0 · read 14.2 · walls  3.8 · fell 90.1% (mother 31.5%) · prince 14.0% · king  9.1% · crowned  5.7% (median year 59) · 2.9s
try  4 · gen  122 · best   1236.0 · elite    682.9 · median    199.2 · years  20.2 · road 0.35 · starved   592 · nobles  +5.8 · read 11.6 · walls  1.4 · fell 68.7% (mother 21.0%) · prince 25.5% · king 19.9% · crowned 16.1% (median year 25) · 2.9s
try  5 · gen  122 · best   1212.9 · elite    797.2 · median    217.7 · years  20.0 · road 0.47 · starved   947 · nobles  +5.4 · read 40.2 · walls  4.1 · fell 54.9% (mother 30.7%) · prince 32.0% · king 22.7% · crowned 19.1% (median year 25) · 2.9s
try  6 · gen  122 · best   1098.2 · elite    683.1 · median    171.0 · years  20.0 · road 0.41 · starved   921 · nobles  +0.7 · read 26.6 · walls  2.5 · fell 70.1% (mother 34.2%) · prince 25.6% · king 20.3% · crowned 15.7% (median year 28) · 2.9s
try  7 · gen  122 · best    923.1 · elite    576.0 · median    166.3 · years  28.3 · road 0.37 · starved  1041 · nobles  +2.6 · read 26.5 · walls  2.2 · fell 66.6% (mother 40.0%) · prince 27.4% · king 19.0% · crowned 13.8% (median year 34) · 2.9s
try  8 · gen  122 · best    988.3 · elite    604.7 · median    179.2 · years  20.8 · road 0.36 · starved   748 · nobles  +4.2 · read 23.5 · walls  1.8 · fell 75.6% (mother 32.2%) · prince 24.8% · king 18.4% · crowned 14.1% (median year 26) · 2.9s
try  1 · gen  123 · best   1417.1 · elite    658.6 · median    182.8 · years  20.1 · road 0.37 · starved   824 · nobles  +4.5 · read  8.4 · walls  1.5 · fell 71.9% (mother 36.8%) · prince 26.5% · king 19.3% · crowned 15.0% (median year 26) · 2.9s
try  2 · gen  123 · best   1122.0 · elite    528.2 · median     56.7 · years  27.2 · road 0.40 · starved  1378 · nobles  +2.0 · read 25.7 · walls  4.7 · fell 67.2% (mother 42.6%) · prince 26.0% · king 14.8% · crowned 10.3% (median year 35) · 2.9s
try  3 · gen  123 · best    685.1 · elite    297.0 · median     -7.1 · years  31.5 · road 0.36 · starved  1426 · nobles  +5.5 · read 14.4 · walls  4.1 · fell 88.8% (mother 31.7%) · prince 14.0% · king  9.1% · crowned  5.9% (median year 58) · 2.9s
try  4 · gen  123 · best   1043.0 · elite    717.9 · median    200.7 · years  20.3 · road 0.35 · starved   615 · nobles  +6.1 · read 11.7 · walls  1.4 · fell 68.7% (mother 21.7%) · prince 25.2% · king 19.6% · crowned 16.5% (median year 25) · 2.9s
try  5 · gen  123 · best   1220.1 · elite    771.0 · median    225.4 · years  20.4 · road 0.48 · starved   954 · nobles  +4.7 · read 41.6 · walls  4.2 · fell 54.9% (mother 31.2%) · prince 31.7% · king 23.4% · crowned 19.1% (median year 25) · 2.9s
try  6 · gen  123 · best   1181.6 · elite    673.8 · median    180.1 · years  20.3 · road 0.41 · starved   903 · nobles  +0.8 · read 28.0 · walls  2.5 · fell 68.9% (mother 31.6%) · prince 27.4% · king 21.6% · crowned 16.1% (median year 28) · 2.9s
try  7 · gen  123 · best    931.5 · elite    599.1 · median    167.2 · years  28.1 · road 0.38 · starved  1041 · nobles  +2.2 · read 26.2 · walls  2.3 · fell 65.5% (mother 40.1%) · prince 28.3% · king 19.1% · crowned 13.7% (median year 34) · 2.9s
try  8 · gen  123 · best   1239.3 · elite    592.2 · median    181.4 · years  20.6 · road 0.36 · starved   759 · nobles  +4.0 · read 22.6 · walls  1.7 · fell 75.9% (mother 33.0%) · prince 24.5% · king 18.6% · crowned 13.5% (median year 26) · 2.9s
try  1 · gen  124 · best    964.8 · elite    654.6 · median    184.4 · years  20.6 · road 0.37 · starved   845 · nobles  +4.9 · read  8.4 · walls  1.6 · fell 71.3% (mother 36.6%) · prince 27.0% · king 19.9% · crowned 15.2% (median year 26) · 3.0s
try  2 · gen  124 · best   1150.3 · elite    524.2 · median     62.9 · years  26.9 · road 0.40 · starved  1263 · nobles  +2.1 · read 26.0 · walls  4.2 · fell 67.8% (mother 41.3%) · prince 25.5% · king 15.1% · crowned 10.4% (median year 34) · 3.0s
try  3 · gen  124 · best    968.9 · elite    343.6 · median    -12.6 · years  30.9 · road 0.36 · starved  1490 · nobles  +5.7 · read 15.4 · walls  4.3 · fell 89.6% (mother 32.7%) · prince 13.5% · king  8.6% · crowned  5.8% (median year 57) · 3.0s
try  4 · gen  124 · best   1244.5 · elite    662.3 · median    202.8 · years  20.7 · road 0.36 · starved   631 · nobles  +6.2 · read 13.0 · walls  1.4 · fell 68.1% (mother 20.9%) · prince 26.4% · king 19.9% · crowned 15.8% (median year 25) · 3.0s
try  5 · gen  124 · best   1424.4 · elite    768.0 · median    232.2 · years  20.3 · road 0.47 · starved   946 · nobles  +4.9 · read 42.3 · walls  4.2 · fell 55.9% (mother 32.0%) · prince 32.2% · king 23.5% · crowned 19.0% (median year 25) · 3.0s
try  6 · gen  124 · best   1165.1 · elite    692.9 · median    179.4 · years  20.4 · road 0.41 · starved   881 · nobles  +0.9 · read 28.6 · walls  2.4 · fell 69.4% (mother 31.1%) · prince 27.0% · king 21.6% · crowned 16.5% (median year 28) · 3.0s
try  7 · gen  124 · best   1032.2 · elite    638.1 · median    166.5 · years  27.5 · road 0.37 · starved  1037 · nobles  +2.8 · read 26.2 · walls  2.1 · fell 65.5% (mother 40.3%) · prince 28.9% · king 19.6% · crowned 13.9% (median year 33) · 3.0s
try  8 · gen  124 · best   1170.6 · elite    592.0 · median    174.2 · years  20.6 · road 0.35 · starved   737 · nobles  +4.2 · read 21.7 · walls  1.6 · fell 76.5% (mother 33.0%) · prince 23.9% · king 17.7% · crowned 13.4% (median year 27) · 3.0s
try  1 · gen  125 · best    992.9 · elite    660.8 · median    194.8 · years  20.6 · road 0.38 · starved   800 · nobles  +4.4 · read  8.9 · walls  1.7 · fell 68.7% (mother 35.3%) · prince 27.6% · king 20.4% · crowned 15.8% (median year 26) · 3.0s
try  2 · gen  125 · best    945.1 · elite    527.0 · median     66.1 · years  26.9 · road 0.40 · starved  1230 · nobles  +2.3 · read 25.8 · walls  4.3 · fell 68.5% (mother 42.3%) · prince 26.5% · king 15.4% · crowned 10.6% (median year 35) · 3.0s
try  3 · gen  125 · best    610.9 · elite    330.1 · median     -6.9 · years  30.8 · road 0.36 · starved  2833 · nobles  +5.6 · read 15.8 · walls  4.3 · fell 88.7% (mother 33.4%) · prince 14.0% · king  9.3% · crowned  6.3% (median year 56) · 3.0s
try  4 · gen  125 · best   1237.1 · elite    667.8 · median    196.2 · years  20.4 · road 0.35 · starved   655 · nobles  +6.3 · read 12.7 · walls  1.4 · fell 69.7% (mother 21.6%) · prince 25.8% · king 19.6% · crowned 15.5% (median year 25) · 3.0s
try  5 · gen  125 · best   1241.7 · elite    769.6 · median    214.9 · years  19.6 · road 0.47 · starved   954 · nobles  +4.2 · read 41.3 · walls  4.2 · fell 56.9% (mother 36.0%) · prince 30.2% · king 23.0% · crowned 18.6% (median year 25) · 3.0s
try  6 · gen  125 · best   1221.1 · elite    658.8 · median    181.1 · years  19.6 · road 0.40 · starved   821 · nobles  +1.5 · read 27.6 · walls  2.3 · fell 69.1% (mother 29.6%) · prince 25.3% · king 20.2% · crowned 16.1% (median year 28) · 3.0s
try  7 · gen  125 · best   1173.1 · elite    610.9 · median    165.6 · years  27.5 · road 0.38 · starved  1087 · nobles  +2.4 · read 25.1 · walls  2.1 · fell 67.4% (mother 41.8%) · prince 29.4% · king 20.8% · crowned 14.0% (median year 33) · 3.0s
try  8 · gen  125 · best   1162.4 · elite    609.2 · median    175.8 · years  20.9 · road 0.36 · starved   748 · nobles  +4.0 · read 19.2 · walls  1.6 · fell 76.3% (mother 31.8%) · prince 23.6% · king 17.9% · crowned 13.8% (median year 27) · 3.0s
try  1 · gen  126 · best   1079.3 · elite    684.7 · median    205.7 · years  20.5 · road 0.38 · starved   750 · nobles  +4.3 · read  9.2 · walls  1.7 · fell 68.2% (mother 34.1%) · prince 28.8% · king 21.3% · crowned 16.0% (median year 26) · 3.0s
try  2 · gen  126 · best    946.7 · elite    531.0 · median     65.8 · years  26.2 · road 0.39 · starved  1265 · nobles  +2.4 · read 25.0 · walls  4.0 · fell 68.3% (mother 40.3%) · prince 25.4% · king 14.9% · crowned 10.4% (median year 33) · 3.0s
try  3 · gen  126 · best    580.9 · elite    313.7 · median    -11.5 · years  30.5 · road 0.36 · starved  1541 · nobles  +5.6 · read 16.8 · walls  3.9 · fell 89.3% (mother 34.0%) · prince 13.3% · king  8.9% · crowned  5.7% (median year 55) · 3.0s
try  4 · gen  126 · best   1212.5 · elite    692.8 · median    201.3 · years  20.3 · road 0.35 · starved   637 · nobles  +6.3 · read 12.8 · walls  1.3 · fell 68.7% (mother 21.5%) · prince 26.0% · king 20.0% · crowned 16.1% (median year 25) · 3.0s
try  5 · gen  126 · best   1184.2 · elite    797.1 · median    229.2 · years  19.7 · road 0.47 · starved   961 · nobles  +4.2 · read 42.4 · walls  4.1 · fell 56.1% (mother 34.9%) · prince 31.3% · king 23.9% · crowned 19.3% (median year 25) · 3.0s
try  6 · gen  126 · best   1234.9 · elite    733.0 · median    188.5 · years  20.0 · road 0.40 · starved   860 · nobles  +2.3 · read 26.9 · walls  2.4 · fell 67.9% (mother 29.5%) · prince 27.0% · king 21.1% · crowned 16.8% (median year 28) · 3.0s
try  7 · gen  126 · best   1144.5 · elite    623.1 · median    167.7 · years  26.9 · road 0.37 · starved  1045 · nobles  +2.7 · read 24.6 · walls  2.1 · fell 67.3% (mother 41.1%) · prince 28.1% · king 20.1% · crowned 13.9% (median year 32) · 3.0s
try  8 · gen  126 · best    980.2 · elite    633.3 · median    179.8 · years  20.9 · road 0.36 · starved   749 · nobles  +4.4 · read 18.1 · walls  1.7 · fell 75.6% (mother 30.8%) · prince 24.5% · king 18.5% · crowned 14.2% (median year 27) · 3.0s
try  1 · gen  127 · best   1218.8 · elite    662.3 · median    192.7 · years  20.4 · road 0.38 · starved   770 · nobles  +4.5 · read  9.3 · walls  1.6 · fell 69.4% (mother 34.0%) · prince 27.7% · king 19.7% · crowned 15.7% (median year 25) · 2.9s
try  2 · gen  127 · best    909.3 · elite    505.8 · median     78.4 · years  25.9 · road 0.40 · starved  1144 · nobles  +1.9 · read 26.2 · walls  3.7 · fell 67.8% (mother 40.5%) · prince 26.1% · king 15.2% · crowned 10.2% (median year 32) · 2.9s
try  3 · gen  127 · best    609.3 · elite    324.0 · median    -10.9 · years  30.7 · road 0.36 · starved  1432 · nobles  +5.7 · read 16.7 · walls  3.9 · fell 89.2% (mother 36.1%) · prince 13.4% · king  9.0% · crowned  5.9% (median year 55) · 2.9s
try  4 · gen  127 · best   1191.2 · elite    667.6 · median    194.5 · years  20.4 · road 0.35 · starved   667 · nobles  +6.1 · read 12.8 · walls  1.4 · fell 70.1% (mother 22.7%) · prince 24.6% · king 19.3% · crowned 15.8% (median year 25) · 2.9s
try  5 · gen  127 · best   1244.4 · elite    801.4 · median    240.8 · years  19.8 · road 0.47 · starved   925 · nobles  +5.3 · read 42.8 · walls  4.0 · fell 53.2% (mother 31.1%) · prince 33.3% · king 24.1% · crowned 19.6% (median year 25) · 2.9s
try  6 · gen  127 · best   1208.6 · elite    673.6 · median    191.3 · years  19.5 · road 0.40 · starved   864 · nobles  +2.4 · read 26.4 · walls  2.4 · fell 67.2% (mother 30.2%) · prince 26.6% · king 21.3% · crowned 16.8% (median year 27) · 2.9s
try  7 · gen  127 · best   1344.9 · elite    625.8 · median    175.2 · years  26.7 · road 0.37 · starved  1022 · nobles  +2.1 · read 24.0 · walls  1.9 · fell 65.8% (mother 39.0%) · prince 29.6% · king 20.0% · crowned 14.0% (median year 32) · 2.9s
try  8 · gen  127 · best   1195.0 · elite    611.8 · median    170.4 · years  21.1 · road 0.36 · starved   755 · nobles  +4.5 · read 16.3 · walls  1.7 · fell 76.2% (mother 29.4%) · prince 24.1% · king 17.8% · crowned 14.1% (median year 28) · 2.9s
try  1 · gen  128 · best   1231.0 · elite    672.2 · median    197.6 · years  20.7 · road 0.38 · starved   795 · nobles  +4.5 · read  8.4 · walls  1.5 · fell 68.4% (mother 34.6%) · prince 29.1% · king 20.1% · crowned 15.7% (median year 25) · 3.0s
try  2 · gen  128 · best    962.4 · elite    500.9 · median     64.0 · years  24.8 · road 0.39 · starved  1109 · nobles  +2.1 · read 24.9 · walls  3.6 · fell 68.4% (mother 41.6%) · prince 24.7% · king 14.6% · crowned  9.7% (median year 31) · 3.0s
try  3 · gen  128 · best    713.2 · elite    321.1 · median     -6.9 · years  31.1 · road 0.36 · starved  1601 · nobles  +5.9 · read 18.2 · walls  3.6 · fell 88.8% (mother 34.9%) · prince 13.2% · king  9.5% · crowned  6.3% (median year 58) · 3.0s
try  4 · gen  128 · best   1211.5 · elite    669.5 · median    200.8 · years  20.3 · road 0.35 · starved   623 · nobles  +6.5 · read 13.2 · walls  1.4 · fell 68.9% (mother 21.4%) · prince 25.3% · king 19.5% · crowned 16.1% (median year 25) · 3.0s
try  5 · gen  128 · best   1297.7 · elite    770.7 · median    230.5 · years  20.0 · road 0.48 · starved   882 · nobles  +4.7 · read 43.9 · walls  4.0 · fell 53.1% (mother 29.8%) · prince 32.1% · king 23.6% · crowned 19.2% (median year 25) · 3.0s
try  6 · gen  128 · best   1179.0 · elite    687.8 · median    185.6 · years  19.5 · road 0.40 · starved   866 · nobles  +2.3 · read 25.3 · walls  2.4 · fell 68.2% (mother 31.1%) · prince 26.6% · king 20.7% · crowned 16.5% (median year 28) · 3.0s
try  7 · gen  128 · best   1145.9 · elite    617.1 · median    181.2 · years  26.0 · road 0.37 · starved   927 · nobles  +2.4 · read 22.5 · walls  1.8 · fell 63.8% (mother 36.2%) · prince 29.2% · king 20.9% · crowned 14.7% (median year 31) · 3.0s
try  8 · gen  128 · best   1184.3 · elite    613.0 · median    175.4 · years  20.8 · road 0.36 · starved   840 · nobles  +3.5 · read 16.3 · walls  1.7 · fell 77.1% (mother 32.8%) · prince 24.5% · king 18.1% · crowned 13.7% (median year 27) · 3.0s
try  1 · gen  129 · best   1243.9 · elite    696.3 · median    200.0 · years  20.6 · road 0.38 · starved   748 · nobles  +4.5 · read  7.8 · walls  1.5 · fell 66.6% (mother 33.1%) · prince 28.9% · king 21.1% · crowned 16.0% (median year 25) · 2.9s
try  2 · gen  129 · best   1139.0 · elite    535.4 · median     54.9 · years  24.6 · road 0.39 · starved  1363 · nobles  +1.6 · read 25.7 · walls  3.5 · fell 68.1% (mother 43.2%) · prince 25.7% · king 15.3% · crowned 10.2% (median year 31) · 2.9s
try  3 · gen  129 · best    822.9 · elite    336.9 · median     -4.3 · years  30.5 · road 0.35 · starved  1316 · nobles  +6.2 · read 20.5 · walls  3.2 · fell 88.3% (mother 33.7%) · prince 13.3% · king  9.6% · crowned  6.5% (median year 58) · 2.9s
try  4 · gen  129 · best   1250.5 · elite    682.3 · median    184.9 · years  20.6 · road 0.35 · starved   705 · nobles  +6.6 · read 13.6 · walls  1.4 · fell 70.3% (mother 22.3%) · prince 24.6% · king 18.9% · crowned 15.8% (median year 26) · 2.9s
try  5 · gen  129 · best   1298.5 · elite    784.6 · median    228.9 · years  20.4 · road 0.48 · starved   947 · nobles  +4.5 · read 44.5 · walls  4.0 · fell 54.4% (mother 31.0%) · prince 32.0% · king 23.8% · crowned 19.2% (median year 25) · 2.9s
try  6 · gen  129 · best   1158.0 · elite    703.2 · median    177.7 · years  20.3 · road 0.41 · starved   875 · nobles  +2.5 · read 26.1 · walls  2.4 · fell 68.6% (mother 29.7%) · prince 26.6% · king 20.3% · crowned 16.2% (median year 28) · 2.9s
try  7 · gen  129 · best   1224.9 · elite    630.8 · median    174.2 · years  25.5 · road 0.37 · starved   944 · nobles  +2.3 · read 21.7 · walls  1.8 · fell 65.3% (mother 37.1%) · prince 28.5% · king 20.1% · crowned 14.5% (median year 31) · 2.9s
try  8 · gen  129 · best   1216.6 · elite    619.5 · median    183.1 · years  20.9 · road 0.36 · starved   737 · nobles  +3.9 · read 17.2 · walls  1.8 · fell 75.9% (mother 31.4%) · prince 24.8% · king 18.5% · crowned 14.3% (median year 27) · 2.9s
try  1 · gen  130 · best   1000.3 · elite    647.9 · median    198.9 · years  20.3 · road 0.38 · starved   768 · nobles  +4.3 · read  7.8 · walls  1.5 · fell 67.7% (mother 34.3%) · prince 28.5% · king 20.1% · crowned 15.6% (median year 25) · 3.0s
try  2 · gen  130 · best   1271.4 · elite    531.6 · median     58.1 · years  24.7 · road 0.39 · starved  1355 · nobles  +1.7 · read 26.5 · walls  3.6 · fell 70.3% (mother 45.2%) · prince 26.3% · king 15.5% · crowned 10.0% (median year 30) · 3.0s
try  3 · gen  130 · best    812.0 · elite    342.4 · median     -3.7 · years  30.9 · road 0.34 · starved  1282 · nobles  +6.2 · read 23.7 · walls  3.2 · fell 88.1% (mother 32.0%) · prince 12.9% · king  9.8% · crowned  6.8% (median year 57) · 3.0s
try  4 · gen  130 · best    956.8 · elite    660.3 · median    195.8 · years  20.8 · road 0.35 · starved   699 · nobles  +6.8 · read 14.2 · walls  1.5 · fell 71.1% (mother 22.0%) · prince 25.2% · king 19.1% · crowned 16.1% (median year 26) · 3.0s
try  5 · gen  130 · best   1189.3 · elite    762.2 · median    229.1 · years  20.2 · road 0.48 · starved   965 · nobles  +4.2 · read 42.8 · walls  3.9 · fell 55.7% (mother 33.1%) · prince 32.2% · king 23.3% · crowned 18.4% (median year 25) · 3.0s
try  6 · gen  130 · best   1157.7 · elite    680.8 · median    182.2 · years  19.9 · road 0.40 · starved   858 · nobles  +2.7 · read 25.8 · walls  2.5 · fell 66.7% (mother 29.2%) · prince 26.4% · king 19.7% · crowned 16.2% (median year 28) · 3.0s
try  7 · gen  130 · best   1237.6 · elite    653.6 · median    180.1 · years  25.5 · road 0.37 · starved   911 · nobles  +2.5 · read 20.0 · walls  1.8 · fell 63.8% (mother 34.8%) · prince 29.5% · king 20.6% · crowned 14.8% (median year 30) · 3.0s
try  8 · gen  130 · best    967.3 · elite    623.9 · median    186.9 · years  20.9 · road 0.36 · starved   729 · nobles  +3.8 · read 17.4 · walls  1.8 · fell 75.5% (mother 31.1%) · prince 25.2% · king 18.9% · crowned 14.6% (median year 27) · 3.0s
try  1 · gen  131 · best   1246.5 · elite    648.4 · median    193.7 · years  20.2 · road 0.38 · starved   792 · nobles  +4.5 · read  7.7 · walls  1.5 · fell 69.3% (mother 35.9%) · prince 28.5% · king 20.3% · crowned 15.4% (median year 25) · 2.9s
try  2 · gen  131 · best   1170.4 · elite    590.8 · median     73.1 · years  24.2 · road 0.39 · starved  1224 · nobles  +2.9 · read 25.6 · walls  3.5 · fell 69.1% (mother 42.8%) · prince 26.2% · king 16.2% · crowned 11.3% (median year 30) · 2.9s
try  3 · gen  131 · best    745.7 · elite    332.8 · median     -7.5 · years  30.8 · road 0.34 · starved  1219 · nobles  +6.7 · read 23.9 · walls  2.9 · fell 87.9% (mother 33.3%) · prince 12.4% · king  9.6% · crowned  6.7% (median year 58) · 2.9s
try  4 · gen  131 · best   1215.6 · elite    667.2 · median    181.9 · years  20.6 · road 0.35 · starved   734 · nobles  +6.4 · read 14.6 · walls  1.4 · fell 72.1% (mother 23.4%) · prince 24.7% · king 18.7% · crowned 15.3% (median year 26) · 2.9s
try  5 · gen  131 · best   1072.0 · elite    787.1 · median    226.1 · years  20.1 · road 0.48 · starved   959 · nobles  +4.2 · read 42.8 · walls  4.0 · fell 56.0% (mother 34.3%) · prince 32.8% · king 23.2% · crowned 18.4% (median year 25) · 2.9s
try  6 · gen  131 · best   1206.7 · elite    690.6 · median    182.0 · years  19.6 · road 0.40 · starved   841 · nobles  +3.3 · read 26.1 · walls  2.4 · fell 66.2% (mother 28.4%) · prince 26.6% · king 20.1% · crowned 16.7% (median year 27) · 2.9s
try  7 · gen  131 · best   1115.2 · elite    681.8 · median    184.6 · years  25.4 · road 0.37 · starved   871 · nobles  +2.7 · read 19.8 · walls  1.7 · fell 63.5% (mother 32.3%) · prince 29.7% · king 21.5% · crowned 15.4% (median year 30) · 2.9s
try  8 · gen  131 · best    990.2 · elite    627.2 · median    182.2 · years  21.1 · road 0.36 · starved   763 · nobles  +4.2 · read 16.7 · walls  1.9 · fell 75.6% (mother 32.3%) · prince 24.3% · king 18.4% · crowned 14.6% (median year 27) · 2.9s
try  1 · gen  132 · best   1184.7 · elite    638.8 · median    195.5 · years  20.5 · road 0.38 · starved   767 · nobles  +4.7 · read  7.8 · walls  1.4 · fell 69.2% (mother 32.8%) · prince 27.8% · king 19.6% · crowned 15.8% (median year 26) · 2.8s
try  2 · gen  132 · best    847.5 · elite    551.2 · median    106.6 · years  24.3 · road 0.39 · starved  1247 · nobles  +2.7 · read 26.0 · walls  3.3 · fell 66.7% (mother 39.3%) · prince 27.7% · king 16.7% · crowned 11.6% (median year 29) · 2.8s
try  3 · gen  132 · best    663.6 · elite    334.8 · median    -12.2 · years  30.5 · road 0.34 · starved  1311 · nobles  +5.7 · read 23.6 · walls  2.8 · fell 89.2% (mother 32.0%) · prince 12.9% · king  9.4% · crowned  6.1% (median year 58) · 2.8s
try  4 · gen  132 · best   1225.5 · elite    657.5 · median    185.5 · years  20.7 · road 0.35 · starved   692 · nobles  +6.4 · read 15.0 · walls  1.4 · fell 71.7% (mother 22.1%) · prince 24.8% · king 18.6% · crowned 15.4% (median year 26) · 2.8s
try  5 · gen  132 · best   1178.2 · elite    790.0 · median    227.4 · years  20.0 · road 0.48 · starved   918 · nobles  +4.2 · read 42.3 · walls  4.1 · fell 54.9% (mother 33.3%) · prince 32.3% · king 24.0% · crowned 19.0% (median year 25) · 2.8s
try  6 · gen  132 · best   1184.2 · elite    717.8 · median    182.9 · years  19.4 · road 0.40 · starved   872 · nobles  +3.6 · read 25.2 · walls  2.4 · fell 65.5% (mother 30.2%) · prince 27.4% · king 20.9% · crowned 16.8% (median year 26) · 2.8s
try  7 · gen  132 · best   1191.3 · elite    647.3 · median    191.0 · years  25.1 · road 0.37 · starved   850 · nobles  +3.1 · read 18.4 · walls  1.7 · fell 62.5% (mother 31.3%) · prince 29.5% · king 21.4% · crowned 15.5% (median year 30) · 2.8s
try  8 · gen  132 · best   1025.3 · elite    606.4 · median    178.6 · years  20.9 · road 0.37 · starved   792 · nobles  +3.4 · read 17.1 · walls  2.0 · fell 76.2% (mother 33.6%) · prince 24.3% · king 18.5% · crowned 14.0% (median year 27) · 2.8s
try  1 · gen  133 · best   1193.4 · elite    659.5 · median    196.8 · years  20.4 · road 0.37 · starved   783 · nobles  +4.0 · read  7.4 · walls  1.3 · fell 68.8% (mother 31.8%) · prince 28.0% · king 20.4% · crowned 15.6% (median year 25) · 3.0s
try  2 · gen  133 · best    921.9 · elite    561.5 · median    117.1 · years  24.3 · road 0.40 · starved  1215 · nobles  +1.8 · read 27.0 · walls  3.3 · fell 65.9% (mother 40.5%) · prince 29.1% · king 17.8% · crowned 11.2% (median year 29) · 3.0s
try  3 · gen  133 · best    556.6 · elite    341.9 · median     -6.8 · years  30.9 · road 0.34 · starved  1288 · nobles  +6.4 · read 25.1 · walls  3.3 · fell 88.5% (mother 35.1%) · prince 13.0% · king  9.7% · crowned  6.9% (median year 59) · 3.0s
try  4 · gen  133 · best   1016.8 · elite    658.3 · median    197.2 · years  20.8 · road 0.35 · starved   679 · nobles  +6.8 · read 13.6 · walls  1.4 · fell 71.1% (mother 23.1%) · prince 25.5% · king 20.0% · crowned 16.1% (median year 27) · 3.0s
try  5 · gen  133 · best   1238.0 · elite    790.0 · median    230.6 · years  19.9 · road 0.48 · starved   918 · nobles  +4.7 · read 41.3 · walls  4.0 · fell 54.4% (mother 32.5%) · prince 33.0% · king 24.1% · crowned 18.9% (median year 24) · 3.0s
try  6 · gen  133 · best   1438.2 · elite    729.3 · median    189.8 · years  18.8 · road 0.40 · starved   869 · nobles  +4.1 · read 24.9 · walls  2.4 · fell 63.9% (mother 30.6%) · prince 27.6% · king 21.4% · crowned 17.4% (median year 26) · 3.0s
try  7 · gen  133 · best   1176.3 · elite    668.9 · median    193.7 · years  24.8 · road 0.37 · starved   824 · nobles  +3.4 · read 18.4 · walls  1.6 · fell 62.7% (mother 29.0%) · prince 29.7% · king 21.6% · crowned 15.6% (median year 30) · 3.0s
try  8 · gen  133 · best    972.6 · elite    592.7 · median    177.2 · years  21.0 · road 0.37 · starved   778 · nobles  +4.1 · read 16.6 · walls  2.0 · fell 76.8% (mother 34.0%) · prince 24.3% · king 17.7% · crowned 13.4% (median year 27) · 3.0s
try  1 · gen  134 · best   1221.8 · elite    678.8 · median    198.1 · years  20.7 · road 0.38 · starved   776 · nobles  +4.2 · read  7.6 · walls  1.4 · fell 69.6% (mother 31.9%) · prince 28.4% · king 20.3% · crowned 15.6% (median year 26) · 2.9s
try  2 · gen  134 · best   1150.3 · elite    567.8 · median    130.5 · years  24.3 · road 0.41 · starved  1136 · nobles  +2.4 · read 26.0 · walls  3.4 · fell 65.0% (mother 39.6%) · prince 30.4% · king 17.7% · crowned 11.7% (median year 29) · 2.9s
try  3 · gen  134 · best   1032.8 · elite    351.1 · median     -9.1 · years  31.3 · road 0.34 · starved  1293 · nobles  +6.6 · read 24.2 · walls  3.5 · fell 87.8% (mother 34.6%) · prince 12.8% · king  9.7% · crowned  7.0% (median year 59) · 2.9s
try  4 · gen  134 · best   1026.8 · elite    659.1 · median    190.4 · years  20.7 · road 0.34 · starved   689 · nobles  +7.5 · read 13.2 · walls  1.3 · fell 71.3% (mother 22.5%) · prince 25.4% · king 19.6% · crowned 15.5% (median year 26) · 2.9s
try  5 · gen  134 · best   1231.0 · elite    769.7 · median    241.9 · years  19.4 · road 0.48 · starved   872 · nobles  +5.1 · read 39.7 · walls  3.9 · fell 53.8% (mother 31.6%) · prince 32.3% · king 24.4% · crowned 19.5% (median year 24) · 2.9s
try  6 · gen  134 · best   1007.9 · elite    699.8 · median    196.4 · years  19.0 · road 0.40 · starved   825 · nobles  +4.1 · read 26.0 · walls  2.5 · fell 63.2% (mother 28.0%) · prince 27.8% · king 20.9% · crowned 17.1% (median year 25) · 2.9s
try  7 · gen  134 · best   1152.9 · elite    664.0 · median    187.4 · years  24.8 · road 0.38 · starved   844 · nobles  +2.9 · read 19.7 · walls  1.8 · fell 63.0% (mother 31.8%) · prince 30.6% · king 21.0% · crowned 15.1% (median year 29) · 2.9s
try  8 · gen  134 · best   1044.9 · elite    633.6 · median    180.1 · years  21.2 · road 0.37 · starved   822 · nobles  +3.0 · read 18.2 · walls  2.2 · fell 75.8% (mother 33.1%) · prince 25.0% · king 18.7% · crowned 13.9% (median year 27) · 2.9s
try  1 · gen  135 · best   1018.5 · elite    675.6 · median    193.5 · years  20.4 · road 0.37 · starved   798 · nobles  +4.6 · read  7.8 · walls  1.4 · fell 70.8% (mother 32.8%) · prince 27.1% · king 19.4% · crowned 15.4% (median year 26) · 3.0s
try  2 · gen  135 · best   1010.3 · elite    593.3 · median    135.1 · years  23.4 · road 0.40 · starved  1040 · nobles  +2.7 · read 25.6 · walls  3.5 · fell 63.0% (mother 37.8%) · prince 30.6% · king 17.8% · crowned 12.3% (median year 28) · 3.0s
try  3 · gen  135 · best    797.8 · elite    322.7 · median    -13.1 · years  31.0 · road 0.34 · starved  1330 · nobles  +6.4 · read 23.9 · walls  3.5 · fell 88.7% (mother 35.5%) · prince 12.7% · king  9.6% · crowned  6.3% (median year 61) · 3.0s
try  4 · gen  135 · best    979.7 · elite    637.3 · median    189.0 · years  20.7 · road 0.34 · starved   724 · nobles  +7.5 · read 13.0 · walls  1.1 · fell 71.9% (mother 22.9%) · prince 24.2% · king 19.4% · crowned 15.1% (median year 26) · 3.0s
try  5 · gen  135 · best   1229.3 · elite    811.1 · median    244.7 · years  19.4 · road 0.48 · starved   846 · nobles  +4.9 · read 39.8 · walls  3.9 · fell 53.2% (mother 30.5%) · prince 33.5% · king 25.1% · crowned 19.5% (median year 24) · 3.0s
try  6 · gen  135 · best   1071.7 · elite    732.6 · median    190.4 · years  19.1 · road 0.41 · starved   837 · nobles  +4.0 · read 25.8 · walls  2.4 · fell 62.7% (mother 28.3%) · prince 28.4% · king 22.0% · crowned 17.4% (median year 26) · 3.0s
try  7 · gen  135 · best   1223.9 · elite    687.2 · median    184.2 · years  24.5 · road 0.38 · starved   862 · nobles  +2.8 · read 21.2 · walls  1.9 · fell 63.4% (mother 32.3%) · prince 30.7% · king 21.0% · crowned 14.9% (median year 29) · 3.0s
try  8 · gen  135 · best   1163.5 · elite    632.6 · median    179.6 · years  20.9 · road 0.37 · starved   742 · nobles  +3.4 · read 17.6 · walls  2.2 · fell 75.0% (mother 34.1%) · prince 25.4% · king 18.6% · crowned 14.2% (median year 27) · 3.0s
try  1 · gen  136 · best    953.4 · elite    628.4 · median    202.8 · years  20.4 · road 0.38 · starved   772 · nobles  +4.2 · read  8.7 · walls  1.6 · fell 70.9% (mother 33.0%) · prince 26.8% · king 19.6% · crowned 15.5% (median year 25) · 2.9s
try  2 · gen  136 · best    983.0 · elite    594.4 · median    139.0 · years  23.2 · road 0.41 · starved  1058 · nobles  +2.8 · read 25.3 · walls  3.5 · fell 63.9% (mother 39.5%) · prince 31.4% · king 17.6% · crowned 12.1% (median year 28) · 2.9s
try  3 · gen  136 · best    626.4 · elite    323.8 · median     -8.8 · years  31.0 · road 0.34 · starved  1321 · nobles  +6.5 · read 24.3 · walls  4.1 · fell 88.3% (mother 35.5%) · prince 12.6% · king  9.6% · crowned  6.9% (median year 60) · 2.9s
try  4 · gen  136 · best   1185.9 · elite    636.2 · median    189.3 · years  20.3 · road 0.33 · starved   699 · nobles  +7.6 · read 12.5 · walls  1.2 · fell 71.8% (mother 24.3%) · prince 24.8% · king 19.6% · crowned 15.6% (median year 26) · 2.9s
try  5 · gen  136 · best   1254.4 · elite    828.2 · median    232.9 · years  19.9 · road 0.48 · starved   859 · nobles  +4.5 · read 41.6 · walls  4.0 · fell 51.8% (mother 27.8%) · prince 33.1% · king 24.8% · crowned 19.4% (median year 24) · 2.9s
try  6 · gen  136 · best   1222.6 · elite    709.5 · median    193.1 · years  18.7 · road 0.40 · starved   846 · nobles  +3.6 · read 25.5 · walls  2.4 · fell 63.4% (mother 31.9%) · prince 27.7% · king 21.6% · crowned 16.9% (median year 25) · 2.9s
try  7 · gen  136 · best   1133.3 · elite    657.0 · median    193.0 · years  24.2 · road 0.38 · starved   834 · nobles  +2.4 · read 23.1 · walls  1.9 · fell 60.9% (mother 29.0%) · prince 31.2% · king 21.2% · crowned 15.1% (median year 28) · 2.9s
try  8 · gen  136 · best   1135.1 · elite    624.7 · median    176.2 · years  21.1 · road 0.37 · starved   768 · nobles  +3.4 · read 17.8 · walls  2.1 · fell 75.8% (mother 35.2%) · prince 25.5% · king 18.9% · crowned 13.7% (median year 27) · 2.9s
try  1 · gen  137 · best   1162.6 · elite    656.0 · median    184.1 · years  20.2 · road 0.37 · starved   772 · nobles  +4.4 · read  9.0 · walls  1.5 · fell 71.7% (mother 32.8%) · prince 25.4% · king 18.3% · crowned 14.7% (median year 25) · 2.9s
try  2 · gen  137 · best   1045.5 · elite    602.5 · median    146.2 · years  23.3 · road 0.42 · starved  1084 · nobles  +2.3 · read 27.5 · walls  3.6 · fell 61.9% (mother 38.4%) · prince 32.3% · king 18.3% · crowned 12.5% (median year 27) · 2.9s
try  3 · gen  137 · best    670.4 · elite    326.1 · median     -3.6 · years  31.8 · road 0.35 · starved  1342 · nobles  +6.6 · read 25.2 · walls  4.6 · fell 87.3% (mother 35.7%) · prince 13.0% · king 10.1% · crowned  7.2% (median year 61) · 2.9s
try  4 · gen  137 · best   1232.9 · elite    631.6 · median    184.8 · years  20.0 · road 0.34 · starved   725 · nobles  +7.2 · read 13.0 · walls  1.2 · fell 71.7% (mother 24.3%) · prince 24.9% · king 19.4% · crowned 15.5% (median year 26) · 2.9s
try  5 · gen  137 · best   1150.1 · elite    818.4 · median    239.3 · years  19.6 · road 0.48 · starved   834 · nobles  +4.5 · read 40.1 · walls  3.9 · fell 52.2% (mother 29.0%) · prince 32.8% · king 24.8% · crowned 19.0% (median year 24) · 2.9s
try  6 · gen  137 · best   1213.4 · elite    692.8 · median    191.3 · years  18.9 · road 0.40 · starved   870 · nobles  +3.7 · read 25.2 · walls  2.4 · fell 64.1% (mother 32.5%) · prince 27.8% · king 21.4% · crowned 16.9% (median year 26) · 2.9s
try  7 · gen  137 · best   1192.9 · elite    705.3 · median    188.2 · years  24.2 · road 0.38 · starved   825 · nobles  +2.4 · read 24.2 · walls  1.9 · fell 62.2% (mother 30.3%) · prince 32.5% · king 22.0% · crowned 15.9% (median year 28) · 2.9s
try  8 · gen  137 · best   1169.5 · elite    631.9 · median    189.6 · years  21.3 · road 0.37 · starved   734 · nobles  +3.2 · read 18.4 · walls  2.1 · fell 73.6% (mother 31.9%) · prince 26.3% · king 19.1% · crowned 14.4% (median year 27) · 2.9s
try  1 · gen  138 · best   1165.1 · elite    665.9 · median    183.0 · years  20.3 · road 0.37 · starved   814 · nobles  +4.6 · read  8.4 · walls  1.4 · fell 71.5% (mother 33.1%) · prince 26.0% · king 18.9% · crowned 14.9% (median year 25) · 2.9s
try  2 · gen  138 · best   1174.3 · elite    615.3 · median    150.4 · years  23.0 · road 0.42 · starved  1103 · nobles  +2.1 · read 27.4 · walls  3.6 · fell 64.0% (mother 41.9%) · prince 33.5% · king 18.2% · crowned 12.3% (median year 26) · 2.9s
try  3 · gen  138 · best    893.6 · elite    363.4 · median     -3.9 · years  31.7 · road 0.35 · starved  1318 · nobles  +6.4 · read 24.4 · walls  4.9 · fell 87.2% (mother 36.0%) · prince 13.0% · king 10.0% · crowned  7.4% (median year 60) · 2.9s
try  4 · gen  138 · best   1146.2 · elite    651.9 · median    194.0 · years  20.2 · road 0.34 · starved   696 · nobles  +6.9 · read 13.8 · walls  1.2 · fell 71.3% (mother 24.2%) · prince 25.7% · king 19.6% · crowned 15.3% (median year 25) · 2.9s
try  5 · gen  138 · best   1223.1 · elite    814.6 · median    255.3 · years  19.3 · road 0.48 · starved   784 · nobles  +4.8 · read 38.6 · walls  3.9 · fell 49.9% (mother 27.1%) · prince 34.0% · king 26.2% · crowned 20.2% (median year 23) · 2.9s
try  6 · gen  138 · best   1460.2 · elite    687.3 · median    196.8 · years  19.2 · road 0.41 · starved   884 · nobles  +3.5 · read 25.8 · walls  2.4 · fell 64.3% (mother 34.4%) · prince 28.4% · king 21.6% · crowned 16.6% (median year 25) · 2.9s
try  7 · gen  138 · best   1061.8 · elite    712.5 · median    194.1 · years  24.2 · road 0.39 · starved   834 · nobles  +2.6 · read 24.9 · walls  2.0 · fell 61.2% (mother 29.3%) · prince 32.7% · king 21.8% · crowned 15.4% (median year 27) · 2.9s
try  8 · gen  138 · best    995.6 · elite    639.8 · median    187.1 · years  21.2 · road 0.37 · starved   733 · nobles  +3.2 · read 19.7 · walls  1.9 · fell 72.4% (mother 31.6%) · prince 26.0% · king 19.9% · crowned 14.8% (median year 26) · 2.9s
try  1 · gen  139 · best   1069.4 · elite    635.3 · median    188.2 · years  20.5 · road 0.36 · starved   806 · nobles  +4.8 · read  9.0 · walls  1.3 · fell 71.4% (mother 32.6%) · prince 26.2% · king 19.0% · crowned 14.9% (median year 25) · 2.9s
try  2 · gen  139 · best   1272.6 · elite    597.5 · median    157.3 · years  23.3 · road 0.43 · starved  1085 · nobles  +1.7 · read 29.1 · walls  3.7 · fell 64.6% (mother 42.8%) · prince 33.4% · king 18.9% · crowned 12.2% (median year 27) · 2.9s
try  3 · gen  139 · best    718.7 · elite    365.7 · median      7.9 · years  31.6 · road 0.35 · starved  1273 · nobles  +7.0 · read 24.6 · walls  5.0 · fell 86.4% (mother 35.3%) · prince 13.8% · king 10.7% · crowned  8.2% (median year 60) · 2.9s
try  4 · gen  139 · best   1469.1 · elite    674.5 · median    193.5 · years  20.0 · road 0.34 · starved   662 · nobles  +7.4 · read 14.0 · walls  1.2 · fell 71.2% (mother 24.2%) · prince 25.5% · king 19.8% · crowned 15.5% (median year 25) · 2.9s
try  5 · gen  139 · best   1258.8 · elite    823.1 · median    244.8 · years  19.1 · road 0.48 · starved   806 · nobles  +4.9 · read 38.1 · walls  3.8 · fell 51.3% (mother 28.1%) · prince 33.7% · king 24.9% · crowned 20.0% (median year 23) · 2.9s
try  6 · gen  139 · best   1038.5 · elite    716.1 · median    207.1 · years  19.4 · road 0.41 · starved   887 · nobles  +4.2 · read 26.6 · walls  2.3 · fell 63.0% (mother 34.0%) · prince 30.0% · king 22.7% · crowned 17.2% (median year 26) · 2.9s
try  7 · gen  139 · best   1239.5 · elite    705.5 · median    207.5 · years  23.6 · road 0.38 · starved   785 · nobles  +3.6 · read 25.8 · walls  2.0 · fell 58.7% (mother 27.3%) · prince 32.8% · king 22.8% · crowned 16.8% (median year 27) · 2.9s
try  8 · gen  139 · best    973.3 · elite    662.0 · median    193.0 · years  21.3 · road 0.37 · starved   742 · nobles  +3.3 · read 20.9 · walls  1.8 · fell 72.9% (mother 31.9%) · prince 27.1% · king 20.4% · crowned 15.0% (median year 26) · 2.9s
try  1 · gen  140 · best   1231.5 · elite    642.8 · median    179.3 · years  20.4 · road 0.36 · starved   817 · nobles  +4.8 · read  8.5 · walls  1.2 · fell 71.9% (mother 33.2%) · prince 25.6% · king 18.1% · crowned 14.5% (median year 25) · 2.9s
try  2 · gen  140 · best    990.8 · elite    564.3 · median    158.8 · years  23.1 · road 0.43 · starved  1094 · nobles  +2.3 · read 27.9 · walls  3.8 · fell 65.3% (mother 41.3%) · prince 33.5% · king 18.1% · crowned 11.9% (median year 27) · 2.9s
try  3 · gen  140 · best    718.3 · elite    361.1 · median     -6.7 · years  32.0 · road 0.35 · starved  1291 · nobles  +6.7 · read 25.5 · walls  5.3 · fell 87.1% (mother 37.6%) · prince 13.0% · king  9.8% · crowned  7.4% (median year 60) · 2.9s
try  4 · gen  140 · best   1017.6 · elite    697.3 · median    192.1 · years  19.9 · road 0.34 · starved   665 · nobles  +7.3 · read 13.4 · walls  1.2 · fell 70.8% (mother 24.1%) · prince 25.7% · king 20.2% · crowned 16.0% (median year 25) · 2.9s
try  5 · gen  140 · best   1233.6 · elite    762.7 · median    249.7 · years  18.9 · road 0.47 · starved   798 · nobles  +4.6 · read 37.9 · walls  3.7 · fell 52.7% (mother 27.7%) · prince 32.1% · king 24.7% · crowned 19.4% (median year 23) · 2.9s
try  6 · gen  140 · best   1222.4 · elite    745.2 · median    200.2 · years  19.1 · road 0.41 · starved   900 · nobles  +4.0 · read 25.4 · walls  2.3 · fell 64.0% (mother 33.9%) · prince 29.3% · king 22.5% · crowned 17.0% (median year 26) · 2.9s
try  7 · gen  140 · best   1276.8 · elite    712.1 · median    189.3 · years  23.4 · road 0.39 · starved   804 · nobles  +2.8 · read 24.9 · walls  2.1 · fell 59.9% (mother 30.5%) · prince 32.6% · king 22.7% · crowned 15.7% (median year 27) · 2.9s
try  8 · gen  140 · best   1051.2 · elite    665.9 · median    191.4 · years  21.3 · road 0.37 · starved   707 · nobles  +3.8 · read 22.0 · walls  1.6 · fell 71.9% (mother 30.8%) · prince 26.5% · king 19.7% · crowned 15.5% (median year 27) · 2.9s
try  1 · gen  141 · best   1221.4 · elite    636.1 · median    195.0 · years  20.0 · road 0.36 · starved   765 · nobles  +5.5 · read  9.0 · walls  1.2 · fell 70.0% (mother 30.8%) · prince 26.5% · king 19.2% · crowned 15.4% (median year 25) · 2.9s
try  2 · gen  141 · best   1008.6 · elite    615.4 · median    153.6 · years  22.5 · road 0.42 · starved  1029 · nobles  +2.3 · read 27.2 · walls  3.6 · fell 64.0% (mother 41.1%) · prince 32.7% · king 18.7% · crowned 12.3% (median year 26) · 2.9s
try  3 · gen  141 · best    617.1 · elite    349.1 · median      0.4 · years  32.1 · road 0.35 · starved  1291 · nobles  +6.6 · read 25.8 · walls  5.5 · fell 86.5% (mother 38.2%) · prince 13.5% · king 10.2% · crowned  7.8% (median year 61) · 2.9s
try  4 · gen  141 · best   1223.5 · elite    714.1 · median    195.6 · years  19.6 · road 0.34 · starved   603 · nobles  +7.6 · read 12.8 · walls  0.9 · fell 68.8% (mother 21.0%) · prince 25.0% · king 19.4% · crowned 16.2% (median year 24) · 2.9s
try  5 · gen  141 · best   1170.5 · elite    760.6 · median    226.2 · years  18.9 · road 0.47 · starved   901 · nobles  +4.4 · read 36.2 · walls  3.6 · fell 57.7% (mother 33.4%) · prince 31.2% · king 24.0% · crowned 18.1% (median year 24) · 2.9s
try  6 · gen  141 · best   1428.6 · elite    709.8 · median    193.4 · years  19.1 · road 0.40 · starved   890 · nobles  +3.4 · read 25.1 · walls  2.3 · fell 63.8% (mother 32.4%) · prince 28.5% · king 21.7% · crowned 16.5% (median year 25) · 2.9s
try  7 · gen  141 · best   1031.0 · elite    708.9 · median    195.9 · years  23.1 · road 0.39 · starved   798 · nobles  +3.1 · read 24.2 · walls  2.2 · fell 59.8% (mother 32.7%) · prince 31.9% · king 22.5% · crowned 15.6% (median year 26) · 2.9s
try  8 · gen  141 · best   1022.5 · elite    660.6 · median    192.1 · years  21.3 · road 0.37 · starved   690 · nobles  +4.4 · read 22.8 · walls  1.6 · fell 70.6% (mother 30.2%) · prince 26.6% · king 19.8% · crowned 15.6% (median year 27) · 2.9s
try  1 · gen  142 · best   1204.3 · elite    675.5 · median    188.7 · years  20.2 · road 0.36 · starved   822 · nobles  +5.2 · read  9.2 · walls  1.2 · fell 71.0% (mother 32.4%) · prince 27.0% · king 18.7% · crowned 15.2% (median year 25) · 2.9s
try  2 · gen  142 · best   1157.2 · elite    634.8 · median    167.7 · years  22.6 · road 0.43 · starved  1010 · nobles  +2.4 · read 27.9 · walls  3.5 · fell 61.8% (mother 38.1%) · prince 33.8% · king 19.0% · crowned 13.1% (median year 26) · 2.9s
try  3 · gen  142 · best    768.6 · elite    365.5 · median     -4.7 · years  33.1 · road 0.35 · starved  1705 · nobles  +6.1 · read 25.7 · walls  5.7 · fell 86.2% (mother 38.3%) · prince 13.1% · king  9.9% · crowned  7.8% (median year 65) · 2.9s
try  4 · gen  142 · best   1288.0 · elite    671.1 · median    192.6 · years  19.8 · road 0.34 · starved   646 · nobles  +7.3 · read 13.1 · walls  1.1 · fell 70.6% (mother 22.7%) · prince 25.5% · king 19.7% · crowned 16.2% (median year 25) · 2.9s
try  5 · gen  142 · best   1171.3 · elite    774.2 · median    237.1 · years  18.6 · road 0.46 · starved   835 · nobles  +4.2 · read 35.2 · walls  3.5 · fell 55.5% (mother 29.8%) · prince 31.5% · king 24.8% · crowned 19.2% (median year 24) · 2.9s
try  6 · gen  142 · best   1404.5 · elite    728.8 · median    186.0 · years  18.8 · road 0.40 · starved   881 · nobles  +3.2 · read 24.8 · walls  2.3 · fell 65.7% (mother 33.6%) · prince 27.7% · king 21.4% · crowned 16.6% (median year 25) · 2.9s
try  7 · gen  142 · best   1185.4 · elite    704.1 · median    202.3 · years  22.5 · road 0.38 · starved   790 · nobles  +3.4 · read 24.1 · walls  2.0 · fell 60.5% (mother 32.8%) · prince 31.7% · king 22.9% · crowned 15.9% (median year 26) · 2.9s
try  8 · gen  142 · best    990.5 · elite    668.6 · median    191.5 · years  21.5 · road 0.37 · starved   731 · nobles  +4.1 · read 23.0 · walls  1.6 · fell 70.2% (mother 30.0%) · prince 26.8% · king 19.6% · crowned 15.4% (median year 27) · 2.9s
try  1 · gen  143 · best   1184.1 · elite    638.4 · median    184.0 · years  20.1 · road 0.36 · starved   832 · nobles  +5.5 · read 10.1 · walls  1.2 · fell 70.5% (mother 32.2%) · prince 27.0% · king 19.1% · crowned 15.1% (median year 25) · 3.0s
try  2 · gen  143 · best    991.7 · elite    630.1 · median    173.3 · years  22.6 · road 0.43 · starved  1033 · nobles  +2.1 · read 26.8 · walls  3.4 · fell 62.1% (mother 36.7%) · prince 34.9% · king 19.2% · crowned 13.2% (median year 26) · 3.0s
try  3 · gen  143 · best    775.3 · elite    371.6 · median     -0.6 · years  33.3 · road 0.34 · starved  1281 · nobles  +5.8 · read 25.9 · walls  6.1 · fell 85.2% (mother 38.4%) · prince 13.4% · king 10.2% · crowned  8.2% (median year 63) · 3.0s
try  4 · gen  143 · best   1014.6 · elite    656.8 · median    193.9 · years  19.5 · road 0.33 · starved   603 · nobles  +7.4 · read 12.6 · walls  0.9 · fell 69.7% (mother 22.0%) · prince 24.3% · king 18.9% · crowned 16.1% (median year 25) · 3.0s
try  5 · gen  143 · best   1252.6 · elite    786.5 · median    228.1 · years  18.5 · road 0.46 · starved   843 · nobles  +4.1 · read 35.8 · walls  3.4 · fell 56.4% (mother 29.6%) · prince 30.2% · king 23.8% · crowned 18.8% (median year 24) · 3.0s
try  6 · gen  143 · best   1157.2 · elite    738.3 · median    202.0 · years  18.7 · road 0.41 · starved   832 · nobles  +3.1 · read 25.1 · walls  2.4 · fell 63.0% (mother 32.1%) · prince 29.0% · king 23.0% · crowned 17.9% (median year 25) · 3.0s
try  7 · gen  143 · best   1026.7 · elite    703.4 · median    212.9 · years  22.7 · road 0.38 · starved   767 · nobles  +3.9 · read 24.0 · walls  2.0 · fell 58.6% (mother 31.5%) · prince 31.8% · king 23.4% · crowned 16.9% (median year 26) · 3.0s
try  8 · gen  143 · best   1242.0 · elite    679.4 · median    207.2 · years  21.6 · road 0.37 · starved   685 · nobles  +4.5 · read 23.5 · walls  1.7 · fell 68.7% (mother 29.1%) · prince 28.0% · king 20.6% · crowned 16.0% (median year 27) · 3.0s
try  1 · gen  144 · best   1104.9 · elite    669.3 · median    192.4 · years  20.2 · road 0.36 · starved   786 · nobles  +5.2 · read 10.9 · walls  1.3 · fell 68.2% (mother 31.2%) · prince 26.9% · king 19.8% · crowned 15.8% (median year 24) · 3.1s
try  2 · gen  144 · best   1017.0 · elite    613.8 · median    177.5 · years  22.8 · road 0.44 · starved  1059 · nobles  +2.9 · read 26.5 · walls  3.3 · fell 61.2% (mother 38.3%) · prince 36.4% · king 19.9% · crowned 13.5% (median year 26) · 3.1s
try  3 · gen  144 · best    834.8 · elite    383.1 · median      3.9 · years  33.8 · road 0.34 · starved  1279 · nobles  +5.6 · read 26.3 · walls  6.0 · fell 84.8% (mother 39.0%) · prince 13.9% · king 10.8% · crowned  8.8% (median year 65) · 3.1s
try  4 · gen  144 · best    998.5 · elite    677.1 · median    194.0 · years  19.4 · road 0.33 · starved   663 · nobles  +7.8 · read 13.2 · walls  0.9 · fell 70.3% (mother 24.0%) · prince 24.8% · king 19.5% · crowned 16.6% (median year 25) · 3.1s
try  5 · gen  144 · best   1183.9 · elite    766.0 · median    221.4 · years  18.5 · road 0.46 · starved   843 · nobles  +3.1 · read 35.8 · walls  3.5 · fell 57.9% (mother 31.5%) · prince 29.6% · king 23.2% · crowned 18.5% (median year 24) · 3.1s
try  6 · gen  144 · best   1190.9 · elite    732.5 · median    197.1 · years  18.4 · road 0.41 · starved   871 · nobles  +3.1 · read 24.2 · walls  2.4 · fell 64.3% (mother 33.4%) · prince 28.2% · king 21.9% · crowned 17.3% (median year 25) · 3.1s
try  7 · gen  144 · best   1191.2 · elite    700.2 · median    213.7 · years  22.7 · road 0.38 · starved   795 · nobles  +3.5 · read 23.7 · walls  2.1 · fell 58.3% (mother 31.3%) · prince 32.2% · king 22.5% · crowned 16.2% (median year 25) · 3.1s
try  8 · gen  144 · best   1180.6 · elite    697.9 · median    202.2 · years  21.3 · road 0.37 · starved   777 · nobles  +4.6 · read 23.5 · walls  1.5 · fell 68.1% (mother 29.7%) · prince 28.4% · king 21.3% · crowned 16.5% (median year 26) · 3.1s
try  1 · gen  145 · best    980.1 · elite    643.5 · median    194.1 · years  20.1 · road 0.36 · starved   796 · nobles  +5.3 · read 12.0 · walls  1.3 · fell 68.9% (mother 31.3%) · prince 27.0% · king 19.5% · crowned 15.4% (median year 25) · 2.9s
try  2 · gen  145 · best   1186.1 · elite    635.8 · median    176.8 · years  22.4 · road 0.42 · starved  1058 · nobles  +3.5 · read 24.1 · walls  3.2 · fell 61.9% (mother 38.8%) · prince 34.4% · king 19.1% · crowned 13.6% (median year 26) · 2.9s
try  3 · gen  145 · best    597.0 · elite    353.5 · median      1.3 · years  33.9 · road 0.34 · starved  1299 · nobles  +5.9 · read 25.7 · walls  6.1 · fell 84.9% (mother 39.7%) · prince 13.7% · king 10.4% · crowned  8.3% (median year 67) · 2.9s
try  4 · gen  145 · best   1162.0 · elite    703.6 · median    189.4 · years  19.7 · road 0.34 · starved   674 · nobles  +7.7 · read 14.0 · walls  0.9 · fell 70.0% (mother 23.9%) · prince 25.1% · king 19.8% · crowned 16.1% (median year 25) · 2.9s
try  5 · gen  145 · best   1213.2 · elite    756.4 · median    229.4 · years  18.4 · road 0.46 · starved   830 · nobles  +3.3 · read 36.0 · walls  3.5 · fell 58.0% (mother 29.6%) · prince 30.1% · king 23.9% · crowned 19.1% (median year 24) · 2.9s
try  6 · gen  145 · best   1036.6 · elite    742.1 · median    200.8 · years  18.8 · road 0.41 · starved   857 · nobles  +3.0 · read 24.1 · walls  2.5 · fell 62.8% (mother 31.0%) · prince 28.8% · king 22.9% · crowned 18.4% (median year 25) · 2.9s
try  7 · gen  145 · best   1229.5 · elite    687.3 · median    208.5 · years  22.4 · road 0.38 · starved   733 · nobles  +3.8 · read 24.6 · walls  2.0 · fell 57.3% (mother 29.5%) · prince 31.8% · king 22.8% · crowned 16.9% (median year 25) · 2.9s
try  8 · gen  145 · best   1204.1 · elite    695.7 · median    200.2 · years  21.7 · road 0.37 · starved   749 · nobles  +4.8 · read 24.3 · walls  1.5 · fell 69.8% (mother 31.7%) · prince 28.4% · king 20.8% · crowned 16.1% (median year 26) · 2.9s
try  1 · gen  146 · best   1204.1 · elite    649.1 · median    200.9 · years  20.0 · road 0.36 · starved   788 · nobles  +5.5 · read 12.5 · walls  1.3 · fell 68.3% (mother 31.3%) · prince 25.7% · king 19.2% · crowned 15.4% (median year 24) · 2.8s
try  2 · gen  146 · best   1262.6 · elite    635.6 · median    180.7 · years  22.4 · road 0.43 · starved  1011 · nobles  +3.4 · read 25.2 · walls  3.3 · fell 59.6% (mother 36.6%) · prince 34.5% · king 19.3% · crowned 13.6% (median year 26) · 2.8s
try  3 · gen  146 · best    877.5 · elite    415.6 · median      9.2 · years  33.8 · road 0.34 · starved  1256 · nobles  +6.7 · read 24.6 · walls  6.1 · fell 84.2% (mother 38.7%) · prince 13.9% · king 10.8% · crowned  9.2% (median year 64) · 2.8s
try  4 · gen  146 · best   1220.2 · elite    680.5 · median    188.7 · years  19.5 · road 0.33 · starved   692 · nobles  +8.3 · read 13.4 · walls  0.9 · fell 69.1% (mother 24.1%) · prince 24.9% · king 19.5% · crowned 16.4% (median year 25) · 2.8s
try  5 · gen  146 · best   1179.7 · elite    760.9 · median    217.1 · years  18.7 · road 0.46 · starved   858 · nobles  +3.2 · read 35.8 · walls  3.6 · fell 58.7% (mother 30.5%) · prince 30.5% · king 23.5% · crowned 18.6% (median year 24) · 2.8s
try  6 · gen  146 · best   1203.5 · elite    690.6 · median    204.0 · years  18.7 · road 0.41 · starved   847 · nobles  +2.7 · read 22.4 · walls  2.5 · fell 64.3% (mother 30.3%) · prince 28.2% · king 22.8% · crowned 17.9% (median year 26) · 2.8s
try  7 · gen  146 · best   1195.7 · elite    723.2 · median    208.0 · years  21.9 · road 0.38 · starved   724 · nobles  +4.3 · read 24.9 · walls  2.1 · fell 57.6% (mother 29.9%) · prince 32.0% · king 22.7% · crowned 16.7% (median year 25) · 2.8s
try  8 · gen  146 · best   1220.9 · elite    675.4 · median    197.7 · years  21.5 · road 0.37 · starved   732 · nobles  +4.8 · read 24.1 · walls  1.5 · fell 68.4% (mother 31.2%) · prince 28.1% · king 21.0% · crowned 16.1% (median year 27) · 2.8s
try  1 · gen  147 · best   1237.2 · elite    682.8 · median    197.6 · years  19.9 · road 0.36 · starved   778 · nobles  +5.1 · read 12.6 · walls  1.3 · fell 66.3% (mother 31.5%) · prince 27.3% · king 20.8% · crowned 16.4% (median year 24) · 3.0s
try  2 · gen  147 · best   1202.4 · elite    628.5 · median    185.3 · years  22.1 · road 0.42 · starved  1068 · nobles  +3.5 · read 24.5 · walls  3.2 · fell 59.8% (mother 38.0%) · prince 34.5% · king 20.2% · crowned 13.6% (median year 26) · 3.0s
try  3 · gen  147 · best    740.8 · elite    370.7 · median     16.1 · years  33.4 · road 0.34 · starved  1249 · nobles  +6.7 · read 23.0 · walls  6.1 · fell 84.4% (mother 40.0%) · prince 13.9% · king 11.1% · crowned  9.4% (median year 63) · 3.0s
try  4 · gen  147 · best    967.9 · elite    642.7 · median    190.6 · years  19.3 · road 0.33 · starved   693 · nobles  +7.6 · read 13.1 · walls  0.8 · fell 71.1% (mother 26.2%) · prince 24.1% · king 18.7% · crowned 15.8% (median year 25) · 3.0s
try  5 · gen  147 · best   1223.7 · elite    769.6 · median    215.7 · years  18.2 · road 0.45 · starved   855 · nobles  +3.4 · read 33.1 · walls  3.5 · fell 59.3% (mother 31.9%) · prince 30.1% · king 23.2% · crowned 19.0% (median year 24) · 3.0s
try  6 · gen  147 · best   1396.5 · elite    712.6 · median    203.2 · years  18.8 · road 0.41 · starved   801 · nobles  +2.4 · read 21.9 · walls  2.4 · fell 62.0% (mother 28.4%) · prince 28.3% · king 22.5% · crowned 18.0% (median year 25) · 3.0s
try  7 · gen  147 · best   1076.1 · elite    709.7 · median    214.9 · years  21.9 · road 0.39 · starved   741 · nobles  +3.8 · read 26.9 · walls  2.2 · fell 57.5% (mother 31.9%) · prince 33.2% · king 22.7% · crowned 16.6% (median year 25) · 3.0s
try  8 · gen  147 · best   1013.1 · elite    686.3 · median    202.8 · years  21.4 · road 0.38 · starved   728 · nobles  +4.5 · read 23.9 · walls  1.6 · fell 68.0% (mother 31.6%) · prince 29.1% · king 20.9% · crowned 16.3% (median year 26) · 3.0s
try  1 · gen  148 · best   1021.2 · elite    663.0 · median    194.3 · years  19.9 · road 0.36 · starved   753 · nobles  +5.2 · read 12.8 · walls  1.3 · fell 68.1% (mother 31.4%) · prince 26.4% · king 19.4% · crowned 15.4% (median year 24) · 2.9s
try  2 · gen  148 · best   1041.5 · elite    634.6 · median    175.6 · years  22.3 · road 0.42 · starved  1043 · nobles  +3.2 · read 25.6 · walls  3.2 · fell 60.0% (mother 39.0%) · prince 35.0% · king 20.5% · crowned 14.0% (median year 26) · 2.9s
try  3 · gen  148 · best    802.4 · elite    403.5 · median     18.5 · years  33.6 · road 0.35 · starved  1261 · nobles  +6.5 · read 22.8 · walls  6.1 · fell 84.0% (mother 36.7%) · prince 14.1% · king 11.3% · crowned  9.9% (median year 63) · 2.9s
try  4 · gen  148 · best   1446.5 · elite    645.3 · median    187.8 · years  19.5 · road 0.33 · starved   685 · nobles  +7.5 · read 13.0 · walls  0.9 · fell 72.0% (mother 26.6%) · prince 24.3% · king 18.5% · crowned 15.1% (median year 24) · 2.9s
try  5 · gen  148 · best   1302.4 · elite    764.3 · median    213.6 · years  17.7 · road 0.45 · starved   809 · nobles  +3.3 · read 32.6 · walls  3.4 · fell 59.6% (mother 30.5%) · prince 28.9% · king 22.7% · crowned 18.8% (median year 24) · 2.9s
try  6 · gen  148 · best   1480.3 · elite    747.7 · median    190.6 · years  18.7 · road 0.41 · starved   808 · nobles  +2.2 · read 21.0 · walls  2.4 · fell 63.2% (mother 31.3%) · prince 27.9% · king 22.3% · crowned 17.4% (median year 26) · 2.9s
try  7 · gen  148 · best   1035.5 · elite    732.6 · median    218.6 · years  21.8 · road 0.40 · starved   767 · nobles  +3.6 · read 27.6 · walls  2.3 · fell 57.0% (mother 32.3%) · prince 34.1% · king 24.0% · crowned 17.0% (median year 25) · 2.9s
try  8 · gen  148 · best   1174.5 · elite    681.0 · median    206.6 · years  21.5 · road 0.38 · starved   761 · nobles  +4.2 · read 23.8 · walls  1.7 · fell 67.9% (mother 33.2%) · prince 29.8% · king 21.4% · crowned 16.4% (median year 26) · 2.9s
try  1 · gen  149 · best    944.4 · elite    651.4 · median    188.3 · years  19.8 · road 0.36 · starved   782 · nobles  +4.4 · read 13.3 · walls  1.3 · fell 68.0% (mother 34.4%) · prince 27.1% · king 19.5% · crowned 15.4% (median year 24) · 2.9s
try  2 · gen  149 · best   1037.3 · elite    640.9 · median    185.0 · years  22.9 · road 0.43 · starved  1014 · nobles  +2.9 · read 26.3 · walls  3.3 · fell 59.7% (mother 37.5%) · prince 36.1% · king 21.0% · crowned 13.8% (median year 26) · 2.9s
try  3 · gen  149 · best    720.8 · elite    394.0 · median     12.4 · years  33.7 · road 0.35 · starved  1695 · nobles  +6.5 · read 22.7 · walls  6.0 · fell 84.6% (mother 38.2%) · prince 13.9% · king 10.9% · crowned  9.1% (median year 63) · 2.9s
try  4 · gen  149 · best   1025.7 · elite    680.5 · median    184.6 · years  19.5 · road 0.34 · starved   678 · nobles  +7.5 · read 12.3 · walls  0.9 · fell 71.4% (mother 25.3%) · prince 24.5% · king 18.7% · crowned 15.4% (median year 24) · 2.9s
try  5 · gen  149 · best   1186.4 · elite    778.5 · median    210.1 · years  17.8 · road 0.44 · starved   828 · nobles  +3.2 · read 31.6 · walls  3.3 · fell 60.6% (mother 31.4%) · prince 29.0% · king 22.3% · crowned 18.9% (median year 24) · 2.9s
try  6 · gen  149 · best   1159.0 · elite    752.4 · median    198.1 · years  18.4 · road 0.42 · starved   838 · nobles  +2.4 · read 21.3 · walls  2.5 · fell 63.5% (mother 31.6%) · prince 28.5% · king 22.7% · crowned 18.0% (median year 25) · 2.9s
try  7 · gen  149 · best   1021.8 · elite    752.5 · median    218.2 · years  21.8 · road 0.40 · starved   782 · nobles  +2.9 · read 29.7 · walls  2.4 · fell 57.4% (mother 33.3%) · prince 34.2% · king 23.6% · crowned 16.7% (median year 25) · 2.9s
try  8 · gen  149 · best   1015.3 · elite    680.9 · median    206.4 · years  21.5 · road 0.38 · starved   760 · nobles  +4.3 · read 23.9 · walls  1.7 · fell 66.9% (mother 33.0%) · prince 30.2% · king 21.8% · crowned 16.1% (median year 27) · 2.9s
try  1 · gen  150 · best   1023.6 · elite    650.0 · median    189.9 · years  19.7 · road 0.36 · starved   748 · nobles  +4.6 · read 13.3 · walls  1.2 · fell 67.2% (mother 31.1%) · prince 26.2% · king 19.6% · crowned 15.4% (median year 24) · 2.8s
try  2 · gen  150 · best   1155.6 · elite    647.6 · median    189.3 · years  22.5 · road 0.43 · starved  1060 · nobles  +3.4 · read 24.9 · walls  3.1 · fell 59.0% (mother 38.4%) · prince 36.0% · king 21.0% · crowned 14.0% (median year 26) · 2.8s
try  3 · gen  150 · best    749.8 · elite    389.4 · median     12.7 · years  32.6 · road 0.34 · starved  1254 · nobles  +7.1 · read 21.6 · walls  5.3 · fell 83.6% (mother 36.6%) · prince 13.8% · king 11.2% · crowned  9.6% (median year 60) · 2.8s
try  4 · gen  150 · best   1229.9 · elite    642.5 · median    191.7 · years  19.3 · road 0.33 · starved   707 · nobles  +6.7 · read 12.4 · walls  0.9 · fell 70.4% (mother 24.7%) · prince 23.8% · king 18.9% · crowned 15.8% (median year 24) · 2.8s
try  5 · gen  150 · best   1270.4 · elite    788.0 · median    203.3 · years  17.9 · road 0.44 · starved   836 · nobles  +3.6 · read 31.2 · walls  3.3 · fell 60.9% (mother 30.2%) · prince 28.2% · king 22.4% · crowned 18.8% (median year 24) · 2.8s
try  6 · gen  150 · best   1272.6 · elite    711.8 · median    196.8 · years  17.8 · road 0.41 · starved   814 · nobles  +2.9 · read 18.9 · walls  2.5 · fell 62.7% (mother 32.8%) · prince 27.4% · king 22.2% · crowned 17.7% (median year 25) · 2.8s
try  7 · gen  150 · best   1039.5 · elite    707.2 · median    229.8 · years  22.3 · road 0.41 · starved   787 · nobles  +2.5 · read 31.7 · walls  2.5 · fell 56.1% (mother 33.1%) · prince 35.6% · king 24.9% · crowned 17.0% (median year 25) · 2.8s
try  8 · gen  150 · best    973.4 · elite    689.2 · median    218.3 · years  21.2 · road 0.38 · starved   701 · nobles  +4.9 · read 24.2 · walls  1.7 · fell 65.4% (mother 30.5%) · prince 30.2% · king 22.1% · crowned 17.2% (median year 26) · 2.8s
try  1 · gen  151 · best   1180.5 · elite    685.9 · median    192.3 · years  19.5 · road 0.37 · starved   764 · nobles  +3.9 · read 12.2 · walls  1.3 · fell 67.5% (mother 33.2%) · prince 26.3% · king 19.6% · crowned 15.5% (median year 24) · 2.8s
try  2 · gen  151 · best    981.9 · elite    656.6 · median    209.7 · years  22.5 · road 0.43 · starved  1004 · nobles  +3.8 · read 25.0 · walls  3.1 · fell 56.7% (mother 34.7%) · prince 37.0% · king 22.4% · crowned 14.6% (median year 25) · 2.8s
try  3 · gen  151 · best    766.9 · elite    417.8 · median     24.5 · years  32.2 · road 0.34 · starved  1200 · nobles  +7.4 · read 20.0 · walls  4.8 · fell 83.1% (mother 36.5%) · prince 14.6% · king 11.7% · crowned 10.4% (median year 58) · 2.8s
try  4 · gen  151 · best   1177.9 · elite    642.6 · median    189.0 · years  19.3 · road 0.33 · starved   721 · nobles  +6.6 · read 11.0 · walls  0.9 · fell 71.2% (mother 25.7%) · prince 23.6% · king 18.5% · crowned 15.8% (median year 25) · 2.8s
try  5 · gen  151 · best   1208.1 · elite    761.6 · median    206.6 · years  17.5 · road 0.44 · starved   849 · nobles  +3.9 · read 29.5 · walls  3.2 · fell 61.2% (mother 31.2%) · prince 28.0% · king 22.1% · crowned 19.0% (median year 24) · 2.8s
try  6 · gen  151 · best   1191.1 · elite    736.5 · median    203.4 · years  18.4 · road 0.41 · starved   813 · nobles  +2.5 · read 17.6 · walls  2.6 · fell 63.6% (mother 31.3%) · prince 28.7% · king 23.1% · crowned 17.7% (median year 25) · 2.8s
try  7 · gen  151 · best   1203.8 · elite    712.7 · median    224.4 · years  22.3 · road 0.41 · starved   762 · nobles  +1.9 · read 32.1 · walls  2.5 · fell 55.9% (mother 31.9%) · prince 35.5% · king 24.3% · crowned 17.1% (median year 25) · 2.8s
try  8 · gen  151 · best   1208.1 · elite    736.1 · median    206.9 · years  21.6 · road 0.38 · starved   739 · nobles  +4.7 · read 24.6 · walls  1.8 · fell 65.9% (mother 32.7%) · prince 30.3% · king 22.5% · crowned 17.0% (median year 26) · 2.8s
try  1 · gen  152 · best   1307.1 · elite    662.5 · median    189.9 · years  19.7 · road 0.37 · starved   781 · nobles  +3.9 · read 12.3 · walls  1.3 · fell 67.8% (mother 32.9%) · prince 27.0% · king 19.9% · crowned 15.5% (median year 24) · 2.8s
try  2 · gen  152 · best    979.4 · elite    655.1 · median    189.1 · years  22.1 · road 0.41 · starved   986 · nobles  +4.5 · read 22.9 · walls  3.0 · fell 57.2% (mother 35.3%) · prince 35.4% · king 21.3% · crowned 14.4% (median year 26) · 2.8s
try  3 · gen  152 · best    695.6 · elite    427.1 · median     34.2 · years  31.9 · road 0.34 · starved  1196 · nobles  +6.7 · read 20.2 · walls  4.6 · fell 83.4% (mother 36.5%) · prince 15.3% · king 12.4% · crowned 10.4% (median year 57) · 2.8s
try  4 · gen  152 · best   1222.4 · elite    684.0 · median    194.4 · years  19.2 · road 0.33 · starved   680 · nobles  +6.5 · read 10.2 · walls  1.0 · fell 71.2% (mother 26.3%) · prince 23.7% · king 19.2% · crowned 16.0% (median year 24) · 2.8s
try  5 · gen  152 · best   1049.0 · elite    737.4 · median    201.8 · years  17.7 · road 0.44 · starved   879 · nobles  +3.3 · read 29.7 · walls  3.2 · fell 64.3% (mother 33.6%) · prince 26.8% · king 21.0% · crowned 18.0% (median year 24) · 2.8s
try  6 · gen  152 · best   1244.6 · elite    772.9 · median    207.9 · years  18.5 · road 0.42 · starved   780 · nobles  +2.8 · read 14.9 · walls  2.5 · fell 61.3% (mother 28.1%) · prince 28.8% · king 23.4% · crowned 18.7% (median year 24) · 2.8s
try  7 · gen  152 · best   1456.9 · elite    743.3 · median    225.8 · years  22.5 · road 0.42 · starved   777 · nobles  +2.3 · read 30.8 · walls  2.6 · fell 56.5% (mother 32.6%) · prince 36.6% · king 24.7% · crowned 17.1% (median year 25) · 2.8s
try  8 · gen  152 · best   1004.6 · elite    682.9 · median    207.6 · years  21.6 · road 0.39 · starved   725 · nobles  +4.5 · read 24.4 · walls  1.8 · fell 65.6% (mother 31.2%) · prince 30.7% · king 22.7% · crowned 17.0% (median year 26) · 2.8s
try  1 · gen  153 · best   1063.7 · elite    658.0 · median    186.9 · years  19.9 · road 0.37 · starved   834 · nobles  +3.9 · read 12.6 · walls  1.5 · fell 69.2% (mother 36.0%) · prince 26.3% · king 19.2% · crowned 14.9% (median year 24) · 2.8s
try  2 · gen  153 · best   1248.4 · elite    641.4 · median    183.7 · years  22.1 · road 0.42 · starved   967 · nobles  +4.6 · read 23.6 · walls  3.1 · fell 58.9% (mother 34.4%) · prince 34.9% · king 20.6% · crowned 13.8% (median year 25) · 2.8s
try  3 · gen  153 · best    794.1 · elite    411.8 · median     17.9 · years  31.1 · road 0.34 · starved  1186 · nobles  +6.5 · read 19.5 · walls  4.4 · fell 84.7% (mother 37.3%) · prince 14.4% · king 11.2% · crowned  9.5% (median year 56) · 2.8s
try  4 · gen  153 · best    975.7 · elite    668.2 · median    188.6 · years  19.4 · road 0.33 · starved   683 · nobles  +6.5 · read  9.9 · walls  1.0 · fell 71.6% (mother 25.4%) · prince 23.5% · king 19.2% · crowned 16.1% (median year 25) · 2.8s
try  5 · gen  153 · best   1252.9 · elite    755.9 · median    205.1 · years  17.3 · road 0.43 · starved   876 · nobles  +3.0 · read 29.8 · walls  3.3 · fell 64.7% (mother 34.5%) · prince 26.0% · king 20.6% · crowned 18.4% (median year 24) · 2.8s
try  6 · gen  153 · best   1163.4 · elite    750.8 · median    218.0 · years  18.5 · road 0.42 · starved   751 · nobles  +2.8 · read 13.7 · walls  2.6 · fell 61.5% (mother 29.5%) · prince 29.1% · king 23.6% · crowned 18.5% (median year 25) · 2.8s
try  7 · gen  153 · best   1445.7 · elite    747.6 · median    233.9 · years  22.6 · road 0.42 · starved   782 · nobles  +2.1 · read 31.2 · walls  2.6 · fell 56.0% (mother 32.7%) · prince 36.8% · king 25.0% · crowned 17.4% (median year 26) · 2.8s
try  8 · gen  153 · best   1048.6 · elite    740.7 · median    207.0 · years  21.5 · road 0.39 · starved   717 · nobles  +4.5 · read 23.4 · walls  1.9 · fell 65.7% (mother 33.2%) · prince 31.1% · king 22.2% · crowned 16.9% (median year 26) · 2.8s
try  1 · gen  154 · best   1216.0 · elite    659.3 · median    192.1 · years  19.9 · road 0.37 · starved   819 · nobles  +4.0 · read 13.3 · walls  1.5 · fell 68.3% (mother 34.4%) · prince 27.5% · king 19.9% · crowned 15.3% (median year 24) · 2.9s
try  2 · gen  154 · best   1189.4 · elite    650.4 · median    201.3 · years  21.9 · road 0.41 · starved   926 · nobles  +4.9 · read 23.4 · walls  2.9 · fell 58.2% (mother 35.4%) · prince 36.2% · king 21.5% · crowned 14.7% (median year 25) · 2.9s
try  3 · gen  154 · best    923.7 · elite    415.1 · median     10.7 · years  31.3 · road 0.34 · starved  1245 · nobles  +6.5 · read 19.9 · walls  4.1 · fell 84.4% (mother 38.3%) · prince 15.1% · king 11.8% · crowned  9.9% (median year 55) · 2.9s
try  4 · gen  154 · best   1030.1 · elite    675.2 · median    191.4 · years  19.4 · road 0.34 · starved   693 · nobles  +6.1 · read  9.8 · walls  1.0 · fell 71.9% (mother 25.3%) · prince 24.0% · king 19.3% · crowned 16.2% (median year 25) · 2.9s
try  5 · gen  154 · best   1019.8 · elite    744.4 · median    207.5 · years  17.1 · road 0.43 · starved   868 · nobles  +3.0 · read 29.4 · walls  3.5 · fell 64.7% (mother 37.3%) · prince 26.9% · king 21.7% · crowned 19.1% (median year 24) · 2.9s
try  6 · gen  154 · best   1169.6 · elite    774.4 · median    213.2 · years  19.0 · road 0.42 · starved   757 · nobles  +2.8 · read 13.2 · walls  2.7 · fell 61.3% (mother 27.9%) · prince 29.8% · king 24.2% · crowned 19.2% (median year 25) · 2.9s
try  7 · gen  154 · best   1179.8 · elite    752.0 · median    225.4 · years  22.7 · road 0.42 · starved   770 · nobles  +2.0 · read 30.0 · walls  2.6 · fell 57.3% (mother 31.8%) · prince 36.5% · king 24.6% · crowned 17.1% (median year 26) · 2.9s
try  8 · gen  154 · best   1195.7 · elite    740.5 · median    213.2 · years  21.7 · road 0.40 · starved   750 · nobles  +4.4 · read 22.1 · walls  2.0 · fell 66.2% (mother 32.2%) · prince 32.8% · king 22.2% · crowned 16.4% (median year 26) · 2.9s
try  1 · gen  155 · best   1026.1 · elite    630.9 · median    187.0 · years  19.9 · road 0.37 · starved   901 · nobles  +3.8 · read 13.5 · walls  1.6 · fell 69.1% (mother 37.1%) · prince 25.9% · king 19.3% · crowned 14.8% (median year 24) · 2.8s
try  2 · gen  155 · best   1224.0 · elite    663.7 · median    190.8 · years  21.8 · road 0.41 · starved   897 · nobles  +4.8 · read 24.0 · walls  2.8 · fell 57.9% (mother 33.1%) · prince 33.2% · king 20.1% · crowned 14.0% (median year 24) · 2.8s
try  3 · gen  155 · best    732.7 · elite    394.5 · median      9.4 · years  30.6 · road 0.33 · starved  1382 · nobles  +6.5 · read 19.8 · walls  4.2 · fell 85.4% (mother 40.4%) · prince 13.6% · king 11.2% · crowned  9.4% (median year 57) · 2.8s
try  4 · gen  155 · best   1236.3 · elite    690.0 · median    194.5 · years  19.3 · road 0.33 · starved   625 · nobles  +6.4 · read  9.4 · walls  1.0 · fell 71.5% (mother 23.1%) · prince 23.6% · king 19.6% · crowned 16.6% (median year 25) · 2.8s
try  5 · gen  155 · best   1415.9 · elite    796.2 · median    199.9 · years  17.6 · road 0.44 · starved   859 · nobles  +2.7 · read 31.4 · walls  3.6 · fell 63.1% (mother 32.3%) · prince 26.1% · king 22.0% · crowned 19.2% (median year 25) · 2.8s
try  6 · gen  155 · best   1185.5 · elite    734.8 · median    212.8 · years  18.5 · road 0.41 · starved   763 · nobles  +3.2 · read 12.1 · walls  2.6 · fell 61.3% (mother 28.1%) · prince 28.4% · king 23.0% · crowned 18.7% (median year 25) · 2.8s
try  7 · gen  155 · best   1470.4 · elite    767.3 · median    237.1 · years  22.2 · road 0.41 · starved   724 · nobles  +2.9 · read 28.0 · walls  2.5 · fell 55.2% (mother 29.7%) · prince 36.4% · king 24.3% · crowned 17.9% (median year 25) · 2.8s
try  8 · gen  155 · best   1189.3 · elite    700.2 · median    214.6 · years  21.8 · road 0.39 · starved   703 · nobles  +4.9 · read 21.1 · walls  2.0 · fell 65.4% (mother 29.0%) · prince 32.1% · king 22.3% · crowned 17.1% (median year 26) · 2.8s
try  1 · gen  156 · best    950.7 · elite    623.6 · median    188.3 · years  19.6 · road 0.37 · starved   793 · nobles  +3.6 · read 14.0 · walls  1.6 · fell 69.5% (mother 36.0%) · prince 26.1% · king 19.2% · crowned 14.8% (median year 24) · 2.8s
try  2 · gen  156 · best   1033.8 · elite    640.6 · median    192.9 · years  22.1 · road 0.42 · starved   898 · nobles  +4.5 · read 22.9 · walls  2.9 · fell 59.5% (mother 33.9%) · prince 35.3% · king 20.9% · crowned 14.1% (median year 24) · 2.8s
try  3 · gen  156 · best    820.0 · elite    410.3 · median     10.5 · years  30.8 · road 0.34 · starved  1177 · nobles  +7.1 · read 19.5 · walls  4.5 · fell 84.4% (mother 40.0%) · prince 13.9% · king 11.2% · crowned  9.9% (median year 58) · 2.8s
try  4 · gen  156 · best    967.2 · elite    650.2 · median    191.7 · years  19.5 · road 0.33 · starved   649 · nobles  +6.7 · read  9.9 · walls  1.0 · fell 71.8% (mother 23.1%) · prince 23.2% · king 18.9% · crowned 16.4% (median year 25) · 2.8s
try  5 · gen  156 · best   1180.9 · elite    764.6 · median    198.9 · years  18.2 · road 0.44 · starved   874 · nobles  +2.0 · read 31.7 · walls  3.8 · fell 63.2% (mother 34.0%) · prince 27.3% · king 22.1% · crowned 19.0% (median year 25) · 2.8s
try  6 · gen  156 · best   1218.5 · elite    752.8 · median    209.3 · years  18.9 · road 0.41 · starved   752 · nobles  +3.6 · read 12.5 · walls  2.6 · fell 62.0% (mother 26.7%) · prince 28.3% · king 23.1% · crowned 18.9% (median year 26) · 2.8s
try  7 · gen  156 · best   1230.4 · elite    765.8 · median    226.8 · years  22.0 · road 0.41 · starved   731 · nobles  +2.7 · read 26.7 · walls  2.6 · fell 56.1% (mother 30.6%) · prince 36.0% · king 24.5% · crowned 17.7% (median year 25) · 2.8s
try  8 · gen  156 · best   1003.2 · elite    712.3 · median    219.0 · years  21.5 · road 0.39 · starved   649 · nobles  +4.4 · read 20.2 · walls  2.0 · fell 64.9% (mother 28.0%) · prince 30.8% · king 21.9% · crowned 17.6% (median year 26) · 2.8s
try  1 · gen  157 · best    971.0 · elite    614.8 · median    180.1 · years  19.5 · road 0.37 · starved   799 · nobles  +3.3 · read 13.7 · walls  1.5 · fell 69.3% (mother 36.5%) · prince 25.8% · king 18.9% · crowned 14.4% (median year 24) · 2.8s
try  2 · gen  157 · best   1214.7 · elite    649.1 · median    180.3 · years  22.1 · road 0.41 · starved   886 · nobles  +4.3 · read 22.2 · walls  2.7 · fell 60.2% (mother 33.7%) · prince 34.0% · king 20.4% · crowned 13.9% (median year 25) · 2.8s
try  3 · gen  157 · best    829.7 · elite    415.4 · median     37.7 · years  30.8 · road 0.35 · starved  1252 · nobles  +7.1 · read 18.9 · walls  4.7 · fell 84.0% (mother 41.0%) · prince 15.1% · king 12.4% · crowned 10.8% (median year 58) · 2.8s
try  4 · gen  157 · best   1008.5 · elite    661.6 · median    192.0 · years  19.4 · road 0.33 · starved   677 · nobles  +8.3 · read 10.0 · walls  1.0 · fell 72.3% (mother 24.5%) · prince 22.9% · king 19.0% · crowned 16.5% (median year 25) · 2.8s
try  5 · gen  157 · best   1156.0 · elite    740.9 · median    205.5 · years  18.4 · road 0.45 · starved   907 · nobles  +2.0 · read 32.6 · walls  3.8 · fell 64.4% (mother 35.2%) · prince 26.8% · king 21.5% · crowned 18.4% (median year 25) · 2.8s
try  6 · gen  157 · best   1204.9 · elite    761.1 · median    220.9 · years  19.0 · road 0.42 · starved   726 · nobles  +3.6 · read 13.1 · walls  2.6 · fell 61.1% (mother 25.8%) · prince 28.9% · king 23.1% · crowned 19.1% (median year 25) · 2.8s
try  7 · gen  157 · best    982.0 · elite    726.4 · median    239.6 · years  22.3 · road 0.42 · starved   754 · nobles  +2.6 · read 26.3 · walls  2.7 · fell 56.3% (mother 30.6%) · prince 36.6% · king 24.8% · crowned 17.5% (median year 25) · 2.8s
try  8 · gen  157 · best   1024.2 · elite    716.1 · median    212.5 · years  21.9 · road 0.39 · starved   706 · nobles  +4.0 · read 19.9 · walls  2.1 · fell 65.1% (mother 28.4%) · prince 30.8% · king 22.2% · crowned 17.0% (median year 27) · 2.8s
try  1 · gen  158 · best   1023.2 · elite    640.2 · median    189.3 · years  19.5 · road 0.37 · starved   787 · nobles  +3.7 · read 14.1 · walls  1.6 · fell 69.8% (mother 36.8%) · prince 25.8% · king 19.1% · crowned 14.8% (median year 24) · 2.8s
try  2 · gen  158 · best   1069.7 · elite    648.2 · median    194.9 · years  22.4 · road 0.42 · starved   901 · nobles  +4.2 · read 20.7 · walls  2.8 · fell 59.4% (mother 33.3%) · prince 34.2% · king 21.1% · crowned 14.2% (median year 25) · 2.8s
try  3 · gen  158 · best    981.1 · elite    432.2 · median     57.1 · years  30.7 · road 0.36 · starved  1231 · nobles  +7.7 · read 18.0 · walls  4.7 · fell 83.7% (mother 39.6%) · prince 15.9% · king 12.8% · crowned 11.6% (median year 57) · 2.8s
try  4 · gen  158 · best   1246.3 · elite    695.3 · median    190.9 · years  19.3 · road 0.33 · starved   641 · nobles  +8.4 · read  9.7 · walls  1.0 · fell 70.6% (mother 22.3%) · prince 22.9% · king 19.1% · crowned 17.0% (median year 25) · 2.8s
try  5 · gen  158 · best   1455.4 · elite    754.0 · median    205.0 · years  17.9 · road 0.44 · starved   885 · nobles  +2.0 · read 31.7 · walls  3.8 · fell 64.3% (mother 36.5%) · prince 26.3% · king 21.5% · crowned 18.6% (median year 25) · 2.8s
try  6 · gen  158 · best   1224.6 · elite    737.1 · median    214.3 · years  18.3 · road 0.42 · starved   712 · nobles  +3.4 · read 11.7 · walls  2.5 · fell 60.9% (mother 25.5%) · prince 28.6% · king 23.1% · crowned 19.1% (median year 25) · 2.8s
try  7 · gen  158 · best   1463.0 · elite    771.6 · median    238.4 · years  22.1 · road 0.42 · starved   683 · nobles  +2.4 · read 26.2 · walls  2.8 · fell 54.3% (mother 28.6%) · prince 35.7% · king 25.0% · crowned 17.9% (median year 25) · 2.8s
try  8 · gen  158 · best   1223.1 · elite    765.6 · median    222.5 · years  21.9 · road 0.40 · starved   645 · nobles  +4.2 · read 19.4 · walls  2.2 · fell 63.5% (mother 24.5%) · prince 30.8% · king 22.5% · crowned 18.0% (median year 26) · 2.8s
try  1 · gen  159 · best   1229.8 · elite    646.0 · median    188.1 · years  19.6 · road 0.37 · starved   837 · nobles  +4.0 · read 14.5 · walls  1.6 · fell 70.6% (mother 38.8%) · prince 25.8% · king 18.9% · crowned 14.9% (median year 24) · 2.8s
try  2 · gen  159 · best   1016.1 · elite    673.5 · median    197.6 · years  22.3 · road 0.42 · starved   902 · nobles  +3.5 · read 20.4 · walls  2.7 · fell 61.2% (mother 32.8%) · prince 34.5% · king 21.2% · crowned 14.4% (median year 24) · 2.8s
try  3 · gen  159 · best    799.7 · elite    438.0 · median     62.1 · years  30.6 · road 0.36 · starved  1140 · nobles  +8.5 · read 15.8 · walls  4.7 · fell 83.0% (mother 37.9%) · prince 15.6% · king 12.7% · crowned 11.6% (median year 58) · 2.8s
try  4 · gen  159 · best   1212.8 · elite    657.5 · median    187.8 · years  19.3 · road 0.33 · starved   717 · nobles  +8.5 · read  9.1 · walls  1.1 · fell 73.1% (mother 25.7%) · prince 22.1% · king 18.6% · crowned 16.3% (median year 25) · 2.8s
try  5 · gen  159 · best   1265.4 · elite    771.5 · median    204.2 · years  17.9 · road 0.44 · starved   924 · nobles  +1.6 · read 32.1 · walls  4.0 · fell 64.5% (mother 39.0%) · prince 26.4% · king 21.9% · crowned 18.8% (median year 25) · 2.8s
try  6 · gen  159 · best   1188.5 · elite    765.8 · median    219.2 · years  18.4 · road 0.41 · starved   700 · nobles  +3.5 · read 10.6 · walls  2.5 · fell 60.3% (mother 25.0%) · prince 28.7% · king 23.1% · crowned 19.4% (median year 25) · 2.8s
try  7 · gen  159 · best   1016.6 · elite    767.7 · median    249.1 · years  21.9 · road 0.42 · starved   634 · nobles  +3.2 · read 25.3 · walls  2.7 · fell 52.4% (mother 26.5%) · prince 35.7% · king 24.9% · crowned 18.8% (median year 25) · 2.8s
try  8 · gen  159 · best   1232.1 · elite    732.2 · median    221.5 · years  22.0 · road 0.40 · starved   632 · nobles  +4.7 · read 17.4 · walls  2.3 · fell 64.3% (mother 23.7%) · prince 30.1% · king 22.1% · crowned 17.9% (median year 27) · 2.8s
try  1 · gen  160 · best   1038.2 · elite    646.1 · median    189.5 · years  19.3 · road 0.37 · starved   849 · nobles  +3.9 · read 13.1 · walls  1.6 · fell 69.7% (mother 38.2%) · prince 25.0% · king 19.3% · crowned 15.6% (median year 24) · 2.8s
try  2 · gen  160 · best   1021.1 · elite    681.1 · median    181.9 · years  21.8 · road 0.42 · starved   880 · nobles  +3.0 · read 19.6 · walls  2.8 · fell 61.8% (mother 33.7%) · prince 33.0% · king 20.4% · crowned 13.9% (median year 24) · 2.8s
try  3 · gen  160 · best    843.1 · elite    456.8 · median     62.1 · years  29.9 · road 0.36 · starved  1173 · nobles  +8.8 · read 14.7 · walls  4.6 · fell 83.2% (mother 39.0%) · prince 15.6% · king 12.6% · crowned 11.7% (median year 57) · 2.8s
try  4 · gen  160 · best    996.7 · elite    647.2 · median    194.4 · years  19.5 · road 0.33 · starved   708 · nobles  +8.5 · read  8.4 · walls  1.0 · fell 73.2% (mother 25.5%) · prince 22.5% · king 19.0% · crowned 16.4% (median year 25) · 2.8s
try  5 · gen  160 · best   1174.8 · elite    767.5 · median    194.7 · years  17.3 · road 0.44 · starved   909 · nobles  +1.7 · read 29.6 · walls  4.1 · fell 65.6% (mother 42.4%) · prince 26.0% · king 21.8% · crowned 18.9% (median year 25) · 2.8s
try  6 · gen  160 · best   1071.3 · elite    764.5 · median    212.4 · years  18.4 · road 0.42 · starved   708 · nobles  +3.0 · read 11.3 · walls  2.5 · fell 60.7% (mother 26.4%) · prince 29.0% · king 23.2% · crowned 19.4% (median year 25) · 2.8s
try  7 · gen  160 · best   1287.2 · elite    772.3 · median    236.6 · years  22.0 · road 0.41 · starved   677 · nobles  +3.1 · read 24.9 · walls  2.6 · fell 53.1% (mother 27.6%) · prince 35.5% · king 25.1% · crowned 18.6% (median year 25) · 2.8s
try  8 · gen  160 · best   1002.5 · elite    700.8 · median    230.7 · years  21.8 · road 0.40 · starved   670 · nobles  +5.1 · read 15.5 · walls  2.4 · fell 64.3% (mother 21.9%) · prince 29.6% · king 21.6% · crowned 18.3% (median year 26) · 2.8s
try  1 · gen  161 · best   1208.7 · elite    648.9 · median    188.4 · years  19.3 · road 0.37 · starved   843 · nobles  +3.8 · read 13.5 · walls  1.6 · fell 69.1% (mother 37.4%) · prince 25.5% · king 19.5% · crowned 15.3% (median year 24) · 2.8s
try  2 · gen  161 · best   1018.9 · elite    664.0 · median    199.2 · years  21.4 · road 0.41 · starved   979 · nobles  +3.2 · read 20.0 · walls  2.8 · fell 60.3% (mother 33.5%) · prince 32.5% · king 20.9% · crowned 14.5% (median year 24) · 2.8s
try  3 · gen  161 · best    842.8 · elite    461.0 · median     80.8 · years  30.5 · road 0.37 · starved  1170 · nobles  +9.4 · read 14.2 · walls  4.7 · fell 82.3% (mother 40.1%) · prince 16.2% · king 13.4% · crowned 12.4% (median year 57) · 2.8s
try  4 · gen  161 · best   1214.8 · elite    672.0 · median    184.4 · years  19.5 · road 0.33 · starved   679 · nobles  +8.6 · read  8.9 · walls  1.0 · fell 72.4% (mother 24.8%) · prince 21.6% · king 18.4% · crowned 16.0% (median year 25) · 2.8s
try  5 · gen  161 · best   1223.5 · elite    762.2 · median    208.2 · years  17.7 · road 0.44 · starved   892 · nobles  +2.1 · read 30.0 · walls  4.1 · fell 63.5% (mother 40.0%) · prince 27.3% · king 23.0% · crowned 19.9% (median year 26) · 2.8s
try  6 · gen  161 · best   1420.4 · elite    764.3 · median    216.3 · years  18.1 · road 0.42 · starved   764 · nobles  +3.1 · read 10.7 · walls  2.7 · fell 61.0% (mother 28.6%) · prince 29.5% · king 23.5% · crowned 19.0% (median year 24) · 2.8s
try  7 · gen  161 · best   1221.8 · elite    773.2 · median    243.7 · years  22.2 · road 0.41 · starved   650 · nobles  +3.2 · read 24.0 · walls  2.6 · fell 53.1% (mother 26.0%) · prince 35.7% · king 25.5% · crowned 18.8% (median year 25) · 2.8s
try  8 · gen  161 · best   1472.7 · elite    738.4 · median    231.4 · years  22.0 · road 0.40 · starved   601 · nobles  +5.9 · read 15.5 · walls  2.5 · fell 64.1% (mother 21.1%) · prince 29.7% · king 22.3% · crowned 18.6% (median year 26) · 2.8s
try  1 · gen  162 · best   1191.7 · elite    676.6 · median    198.1 · years  19.5 · road 0.37 · starved   792 · nobles  +4.6 · read 13.0 · walls  1.6 · fell 67.8% (mother 36.3%) · prince 25.8% · king 19.8% · crowned 16.1% (median year 24) · 2.8s
try  2 · gen  162 · best   1080.7 · elite    683.1 · median    192.6 · years  21.2 · road 0.41 · starved   867 · nobles  +3.2 · read 20.0 · walls  2.7 · fell 59.7% (mother 31.3%) · prince 32.9% · king 21.1% · crowned 14.3% (median year 24) · 2.8s
try  3 · gen  162 · best    806.4 · elite    446.4 · median     89.1 · years  30.4 · road 0.36 · starved  1158 · nobles  +9.8 · read 14.1 · walls  4.7 · fell 82.2% (mother 39.1%) · prince 15.9% · king 13.4% · crowned 12.2% (median year 58) · 2.8s
try  4 · gen  162 · best   1024.8 · elite    661.4 · median    191.6 · years  19.2 · road 0.33 · starved   670 · nobles  +8.4 · read  8.8 · walls  0.9 · fell 71.9% (mother 22.9%) · prince 22.9% · king 18.7% · crowned 16.4% (median year 25) · 2.8s
try  5 · gen  162 · best   1194.3 · elite    752.1 · median    208.8 · years  17.8 · road 0.44 · starved   933 · nobles  +1.7 · read 29.8 · walls  4.2 · fell 65.0% (mother 44.3%) · prince 26.5% · king 22.1% · crowned 19.2% (median year 26) · 2.8s
try  6 · gen  162 · best   1433.3 · elite    758.1 · median    211.5 · years  17.9 · road 0.41 · starved   786 · nobles  +2.9 · read  9.8 · walls  2.7 · fell 62.9% (mother 30.9%) · prince 28.3% · king 22.7% · crowned 18.7% (median year 25) · 2.8s
try  7 · gen  162 · best   1043.4 · elite    762.8 · median    245.8 · years  22.0 · road 0.42 · starved   670 · nobles  +2.6 · read 23.0 · walls  2.7 · fell 53.0% (mother 27.8%) · prince 36.8% · king 25.2% · crowned 18.4% (median year 25) · 2.8s
try  8 · gen  162 · best   1232.8 · elite    743.7 · median    226.9 · years  21.8 · road 0.39 · starved   555 · nobles  +6.4 · read 14.9 · walls  2.5 · fell 63.4% (mother 21.1%) · prince 29.5% · king 22.2% · crowned 18.5% (median year 27) · 2.8s
try  1 · gen  163 · best   1191.9 · elite    676.0 · median    193.2 · years  19.1 · road 0.37 · starved   752 · nobles  +5.1 · read 12.0 · walls  1.6 · fell 66.6% (mother 36.3%) · prince 25.8% · king 20.0% · crowned 16.6% (median year 24) · 2.8s
try  2 · gen  163 · best   1177.9 · elite    652.2 · median    189.8 · years  21.4 · road 0.41 · starved   948 · nobles  +3.0 · read 20.5 · walls  2.9 · fell 62.5% (mother 33.2%) · prince 32.6% · king 20.2% · crowned 13.5% (median year 24) · 2.8s
try  3 · gen  163 · best    993.1 · elite    470.2 · median    100.4 · years  30.5 · road 0.37 · starved  1132 · nobles +10.5 · read 15.1 · walls  4.7 · fell 81.7% (mother 37.0%) · prince 16.2% · king 13.3% · crowned 12.3% (median year 55) · 2.8s
try  4 · gen  163 · best   1227.5 · elite    638.1 · median    188.0 · years  19.3 · road 0.32 · starved   693 · nobles  +8.5 · read  8.5 · walls  0.9 · fell 72.5% (mother 24.0%) · prince 22.4% · king 18.6% · crowned 16.2% (median year 25) · 2.8s
try  5 · gen  163 · best   1193.9 · elite    793.3 · median    210.5 · years  17.4 · road 0.44 · starved   895 · nobles  +2.3 · read 29.0 · walls  4.2 · fell 63.6% (mother 43.1%) · prince 27.8% · king 23.9% · crowned 20.2% (median year 26) · 2.8s
try  6 · gen  163 · best   1125.8 · elite    749.0 · median    211.4 · years  18.4 · road 0.41 · starved   824 · nobles  +2.7 · read 10.5 · walls  2.8 · fell 62.8% (mother 32.1%) · prince 28.7% · king 22.8% · crowned 18.9% (median year 26) · 2.8s
try  7 · gen  163 · best   1094.0 · elite    756.0 · median    244.5 · years  22.4 · road 0.42 · starved   705 · nobles  +2.6 · read 23.3 · walls  2.8 · fell 53.8% (mother 28.2%) · prince 37.3% · king 25.8% · crowned 18.2% (median year 25) · 2.8s
try  8 · gen  163 · best   1184.4 · elite    736.2 · median    225.7 · years  21.5 · road 0.39 · starved   561 · nobles  +6.3 · read 14.6 · walls  2.4 · fell 63.5% (mother 21.0%) · prince 29.1% · king 22.2% · crowned 18.1% (median year 26) · 2.8s
try  1 · gen  164 · best   1200.9 · elite    661.5 · median    196.4 · years  19.1 · road 0.37 · starved   797 · nobles  +5.4 · read 11.5 · walls  1.6 · fell 66.6% (mother 38.6%) · prince 26.4% · king 20.7% · crowned 17.0% (median year 24) · 2.8s
try  2 · gen  164 · best   1049.0 · elite    635.3 · median    195.5 · years  21.7 · road 0.41 · starved   896 · nobles  +3.3 · read 20.9 · walls  3.0 · fell 62.4% (mother 32.9%) · prince 32.7% · king 20.4% · crowned 13.7% (median year 24) · 2.8s
try  3 · gen  164 · best    777.3 · elite    455.8 · median     80.1 · years  30.6 · road 0.36 · starved  1130 · nobles  +9.8 · read 16.6 · walls  4.7 · fell 81.9% (mother 35.7%) · prince 16.1% · king 12.6% · crowned 11.8% (median year 56) · 2.8s
try  4 · gen  164 · best   1006.6 · elite    656.6 · median    190.5 · years  19.4 · road 0.33 · starved   687 · nobles  +8.5 · read  8.9 · walls  0.9 · fell 72.2% (mother 24.3%) · prince 23.2% · king 18.9% · crowned 16.4% (median year 25) · 2.8s
try  5 · gen  164 · best   1186.2 · elite    773.4 · median    207.1 · years  18.2 · road 0.45 · starved   924 · nobles  +2.2 · read 31.6 · walls  4.4 · fell 63.5% (mother 40.9%) · prince 27.5% · king 22.9% · crowned 19.9% (median year 26) · 2.8s
try  6 · gen  164 · best   1237.6 · elite    758.0 · median    214.6 · years  18.7 · road 0.42 · starved   800 · nobles  +3.1 · read 10.3 · walls  2.8 · fell 61.2% (mother 28.5%) · prince 30.0% · king 23.6% · crowned 19.1% (median year 25) · 2.8s
try  7 · gen  164 · best   1037.4 · elite    758.5 · median    243.0 · years  22.6 · road 0.42 · starved   716 · nobles  +2.8 · read 23.1 · walls  2.8 · fell 54.0% (mother 28.7%) · prince 37.0% · king 25.8% · crowned 18.0% (median year 25) · 2.8s
try  8 · gen  164 · best   1227.3 · elite    736.6 · median    227.6 · years  21.7 · road 0.40 · starved   595 · nobles  +6.4 · read 13.9 · walls  2.6 · fell 63.1% (mother 20.9%) · prince 30.6% · king 22.5% · crowned 18.3% (median year 26) · 2.8s
try  1 · gen  165 · best   1428.7 · elite    718.5 · median    195.5 · years  18.8 · road 0.37 · starved   786 · nobles  +5.6 · read 11.5 · walls  1.7 · fell 65.9% (mother 39.2%) · prince 25.8% · king 20.8% · crowned 17.1% (median year 23) · 2.8s
try  2 · gen  165 · best   1027.6 · elite    611.9 · median    194.7 · years  21.5 · road 0.41 · starved   888 · nobles  +3.7 · read 21.2 · walls  3.0 · fell 62.5% (mother 32.8%) · prince 31.5% · king 20.1% · crowned 13.6% (median year 24) · 2.8s
try  3 · gen  165 · best    703.3 · elite    452.2 · median     88.6 · years  30.7 · road 0.36 · starved  1105 · nobles +10.6 · read 16.5 · walls  4.5 · fell 81.6% (mother 37.2%) · prince 16.1% · king 12.4% · crowned 11.7% (median year 56) · 2.8s
try  4 · gen  165 · best   1189.9 · elite    689.7 · median    182.0 · years  19.6 · road 0.33 · starved   717 · nobles  +9.1 · read  8.6 · walls  0.8 · fell 74.1% (mother 25.3%) · prince 22.1% · king 17.8% · crowned 15.5% (median year 25) · 2.8s
try  5 · gen  165 · best   1161.8 · elite    750.7 · median    214.1 · years  18.4 · road 0.45 · starved   938 · nobles  +2.3 · read 32.4 · walls  4.4 · fell 63.1% (mother 40.8%) · prince 28.6% · king 23.5% · crowned 19.6% (median year 26) · 2.8s
try  6 · gen  165 · best   1277.3 · elite    763.2 · median    215.2 · years  18.6 · road 0.42 · starved   777 · nobles  +3.1 · read 10.5 · walls  2.8 · fell 60.1% (mother 28.5%) · prince 30.1% · king 23.5% · crowned 19.1% (median year 25) · 2.8s
try  7 · gen  165 · best   1216.8 · elite    792.5 · median    241.1 · years  22.4 · road 0.42 · starved   687 · nobles  +2.4 · read 22.3 · walls  2.8 · fell 52.4% (mother 27.0%) · prince 37.9% · king 26.2% · crowned 18.2% (median year 25) · 2.8s
try  8 · gen  165 · best   1208.5 · elite    741.5 · median    234.1 · years  21.4 · road 0.40 · starved   524 · nobles  +6.8 · read 13.2 · walls  2.5 · fell 62.2% (mother 20.9%) · prince 30.1% · king 22.5% · crowned 19.0% (median year 26) · 2.8s
try  1 · gen  166 · best   1245.9 · elite    680.0 · median    194.1 · years  18.5 · road 0.37 · starved   799 · nobles  +5.8 · read 11.3 · walls  1.6 · fell 66.4% (mother 41.0%) · prince 25.9% · king 20.7% · crowned 16.9% (median year 23) · 2.8s
try  2 · gen  166 · best    946.0 · elite    626.7 · median    180.3 · years  21.0 · road 0.40 · starved   945 · nobles  +4.1 · read 20.8 · walls  3.0 · fell 62.9% (mother 32.8%) · prince 32.1% · king 20.1% · crowned 13.7% (median year 24) · 2.8s
try  3 · gen  166 · best   1012.8 · elite    481.0 · median    101.3 · years  30.4 · road 0.36 · starved  1096 · nobles +10.1 · read 16.0 · walls  4.0 · fell 81.1% (mother 35.6%) · prince 16.2% · king 13.6% · crowned 12.6% (median year 55) · 2.8s
try  4 · gen  166 · best   1003.0 · elite    640.2 · median    187.1 · years  19.2 · road 0.33 · starved   709 · nobles  +8.9 · read  7.3 · walls  0.8 · fell 72.7% (mother 24.4%) · prince 21.9% · king 17.9% · crowned 15.6% (median year 24) · 2.8s
try  5 · gen  166 · best   1203.5 · elite    735.7 · median    211.2 · years  18.4 · road 0.45 · starved   913 · nobles  +1.8 · read 32.2 · walls  4.4 · fell 62.2% (mother 40.8%) · prince 28.0% · king 22.9% · crowned 19.9% (median year 26) · 2.8s
try  6 · gen  166 · best   1218.9 · elite    774.7 · median    217.9 · years  18.0 · road 0.42 · starved   781 · nobles  +2.9 · read 10.2 · walls  3.0 · fell 61.2% (mother 31.4%) · prince 29.8% · king 23.5% · crowned 19.3% (median year 25) · 2.8s
try  7 · gen  166 · best   1228.3 · elite    763.1 · median    250.6 · years  22.1 · road 0.42 · starved   630 · nobles  +2.4 · read 21.0 · walls  2.7 · fell 52.4% (mother 25.7%) · prince 37.0% · king 25.8% · crowned 18.4% (median year 25) · 2.8s
try  8 · gen  166 · best   1223.3 · elite    742.2 · median    241.3 · years  21.5 · road 0.40 · starved   565 · nobles  +7.4 · read 12.5 · walls  2.5 · fell 63.1% (mother 21.4%) · prince 30.6% · king 22.6% · crowned 19.0% (median year 26) · 2.8s
try  1 · gen  167 · best   1024.4 · elite    683.4 · median    196.7 · years  18.5 · road 0.37 · starved   794 · nobles  +5.5 · read 11.0 · walls  1.6 · fell 65.6% (mother 40.6%) · prince 25.5% · king 20.4% · crowned 17.0% (median year 23) · 2.8s
try  2 · gen  167 · best   1172.4 · elite    670.3 · median    191.9 · years  20.8 · road 0.40 · starved   844 · nobles  +3.8 · read 21.4 · walls  3.0 · fell 61.3% (mother 31.4%) · prince 31.7% · king 21.0% · crowned 14.3% (median year 23) · 2.8s
try  3 · gen  167 · best    894.7 · elite    486.3 · median     97.1 · years  30.1 · road 0.36 · starved  1080 · nobles  +9.6 · read 16.1 · walls  4.1 · fell 82.1% (mother 35.1%) · prince 16.5% · king 13.4% · crowned 12.4% (median year 55) · 2.8s
try  4 · gen  167 · best   1217.2 · elite    649.2 · median    189.4 · years  19.2 · road 0.32 · starved   684 · nobles  +9.4 · read  7.7 · walls  0.8 · fell 73.3% (mother 23.8%) · prince 22.6% · king 18.0% · crowned 15.7% (median year 25) · 2.8s
try  5 · gen  167 · best   1053.2 · elite    747.3 · median    214.2 · years  18.6 · road 0.45 · starved   923 · nobles  +1.9 · read 32.1 · walls  4.3 · fell 62.4% (mother 41.3%) · prince 28.2% · king 23.1% · crowned 19.4% (median year 26) · 2.8s
try  6 · gen  167 · best   1227.9 · elite    745.6 · median    218.1 · years  18.1 · road 0.42 · starved   842 · nobles  +2.7 · read 11.2 · walls  3.1 · fell 60.2% (mother 31.1%) · prince 29.3% · king 23.4% · crowned 18.9% (median year 25) · 2.8s
try  7 · gen  167 · best   1470.5 · elite    760.1 · median    253.0 · years  22.5 · road 0.43 · starved   691 · nobles  +2.4 · read 20.2 · walls  2.6 · fell 54.2% (mother 27.8%) · prince 38.2% · king 26.1% · crowned 18.0% (median year 25) · 2.8s
try  8 · gen  167 · best   1044.5 · elite    768.5 · median    237.0 · years  21.3 · road 0.40 · starved   560 · nobles  +7.2 · read 11.5 · walls  2.5 · fell 62.5% (mother 22.3%) · prince 30.2% · king 23.1% · crowned 19.2% (median year 26) · 2.8s
try  1 · gen  168 · best   1219.7 · elite    684.8 · median    197.8 · years  18.7 · road 0.37 · starved   798 · nobles  +6.1 · read 11.3 · walls  1.6 · fell 65.8% (mother 38.8%) · prince 25.6% · king 20.5% · crowned 17.1% (median year 24) · 2.8s
try  2 · gen  168 · best   1220.9 · elite    656.2 · median    187.6 · years  21.1 · road 0.41 · starved   863 · nobles  +3.4 · read 21.5 · walls  3.0 · fell 61.9% (mother 33.2%) · prince 31.9% · king 20.1% · crowned 13.9% (median year 23) · 2.8s
try  3 · gen  168 · best    876.1 · elite    500.1 · median    112.8 · years  30.1 · road 0.36 · starved  1031 · nobles  +9.1 · read 16.1 · walls  4.3 · fell 81.2% (mother 34.7%) · prince 16.4% · king 14.0% · crowned 13.1% (median year 54) · 2.8s
try  4 · gen  168 · best    984.9 · elite    641.6 · median    189.7 · years  19.3 · road 0.32 · starved   709 · nobles  +9.3 · read  7.6 · walls  0.8 · fell 73.7% (mother 23.8%) · prince 22.4% · king 18.3% · crowned 16.0% (median year 25) · 2.8s
try  5 · gen  168 · best   1157.0 · elite    768.4 · median    217.6 · years  18.7 · road 0.46 · starved   892 · nobles  +2.1 · read 32.9 · walls  4.3 · fell 61.6% (mother 40.0%) · prince 29.1% · king 23.6% · crowned 20.0% (median year 26) · 2.8s
try  6 · gen  168 · best   1186.2 · elite    779.7 · median    217.9 · years  18.5 · road 0.43 · starved   805 · nobles  +2.6 · read 11.4 · walls  3.1 · fell 59.3% (mother 31.8%) · prince 30.3% · king 24.4% · crowned 19.5% (median year 25) · 2.8s
try  7 · gen  168 · best   1049.1 · elite    751.1 · median    256.0 · years  22.1 · road 0.42 · starved   619 · nobles  +3.0 · read 19.5 · walls  2.6 · fell 51.9% (mother 24.2%) · prince 37.1% · king 25.7% · crowned 18.6% (median year 24) · 2.8s
try  8 · gen  168 · best   1208.2 · elite    761.3 · median    231.8 · years  21.3 · road 0.40 · starved   580 · nobles  +7.5 · read 11.3 · walls  2.6 · fell 62.8% (mother 23.0%) · prince 29.8% · king 22.0% · crowned 18.4% (median year 25) · 2.8s
try  1 · gen  169 · best   1183.5 · elite    692.8 · median    194.7 · years  18.6 · road 0.37 · starved   808 · nobles  +6.1 · read 11.9 · walls  1.5 · fell 66.8% (mother 41.0%) · prince 25.4% · king 20.1% · crowned 16.6% (median year 23) · 2.8s
try  2 · gen  169 · best   1015.8 · elite    665.3 · median    199.7 · years  21.3 · road 0.41 · starved   918 · nobles  +3.6 · read 21.3 · walls  2.9 · fell 61.4% (mother 32.6%) · prince 32.7% · king 21.4% · crowned 14.3% (median year 24) · 2.8s
try  3 · gen  169 · best   1004.1 · elite    467.5 · median    109.2 · years  29.9 · road 0.36 · starved  1128 · nobles  +9.0 · read 14.3 · walls  4.4 · fell 81.2% (mother 38.0%) · prince 16.5% · king 13.7% · crowned 12.8% (median year 55) · 2.8s
try  4 · gen  169 · best    979.1 · elite    644.9 · median    185.9 · years  19.1 · road 0.32 · starved   661 · nobles  +9.4 · read  7.1 · walls  0.8 · fell 73.3% (mother 24.1%) · prince 21.6% · king 17.9% · crowned 15.8% (median year 24) · 2.8s
try  5 · gen  169 · best   1434.1 · elite    762.2 · median    216.4 · years  18.9 · road 0.46 · starved   885 · nobles  +1.9 · read 33.2 · walls  4.2 · fell 61.0% (mother 39.2%) · prince 29.4% · king 23.6% · crowned 19.6% (median year 26) · 2.8s
try  6 · gen  169 · best   1226.9 · elite    786.8 · median    225.6 · years  18.5 · road 0.43 · starved   769 · nobles  +3.4 · read 11.0 · walls  3.1 · fell 57.5% (mother 28.8%) · prince 31.6% · king 24.8% · crowned 20.1% (median year 24) · 2.8s
try  7 · gen  169 · best   1090.7 · elite    768.6 · median    258.4 · years  21.8 · road 0.42 · starved   607 · nobles  +3.3 · read 19.4 · walls  2.4 · fell 51.4% (mother 24.0%) · prince 37.1% · king 26.3% · crowned 19.0% (median year 24) · 2.8s
try  8 · gen  169 · best   1222.0 · elite    757.9 · median    230.0 · years  21.5 · road 0.40 · starved   574 · nobles  +7.2 · read 11.5 · walls  2.6 · fell 61.7% (mother 22.8%) · prince 30.4% · king 23.2% · crowned 18.7% (median year 25) · 2.8s
try  1 · gen  170 · best   1292.4 · elite    713.3 · median    190.2 · years  18.6 · road 0.37 · starved   861 · nobles  +6.0 · read 12.3 · walls  1.7 · fell 67.0% (mother 42.3%) · prince 25.9% · king 20.6% · crowned 16.6% (median year 23) · 2.8s
try  2 · gen  170 · best   1203.1 · elite    651.8 · median    191.3 · years  21.0 · road 0.41 · starved   876 · nobles  +3.3 · read 20.1 · walls  2.8 · fell 60.6% (mother 31.9%) · prince 33.2% · king 21.2% · crowned 14.3% (median year 23) · 2.8s
try  3 · gen  170 · best    785.7 · elite    479.7 · median    115.7 · years  30.1 · road 0.36 · starved  1090 · nobles  +9.3 · read 14.3 · walls  4.5 · fell 81.1% (mother 37.5%) · prince 16.7% · king 14.4% · crowned 13.0% (median year 54) · 2.8s
try  4 · gen  170 · best    980.3 · elite    654.5 · median    188.1 · years  19.2 · road 0.32 · starved   695 · nobles  +9.4 · read  7.2 · walls  0.8 · fell 73.6% (mother 24.5%) · prince 22.1% · king 18.2% · crowned 15.9% (median year 25) · 2.8s
try  5 · gen  170 · best   1164.8 · elite    771.2 · median    224.0 · years  18.9 · road 0.46 · starved   926 · nobles  +1.5 · read 32.8 · walls  4.3 · fell 61.5% (mother 40.3%) · prince 30.2% · king 24.4% · crowned 20.2% (median year 26) · 2.8s
try  6 · gen  170 · best   1292.8 · elite    799.3 · median    226.9 · years  18.4 · road 0.44 · starved   752 · nobles  +3.3 · read 10.4 · walls  3.0 · fell 56.5% (mother 28.2%) · prince 30.6% · king 24.4% · crowned 19.8% (median year 24) · 2.8s
try  7 · gen  170 · best   1289.9 · elite    815.2 · median    250.6 · years  21.8 · road 0.42 · starved   631 · nobles  +2.8 · read 19.6 · walls  2.5 · fell 51.7% (mother 24.4%) · prince 37.9% · king 26.4% · crowned 18.6% (median year 24) · 2.8s
try  8 · gen  170 · best   1165.9 · elite    763.9 · median    226.1 · years  21.1 · road 0.40 · starved   618 · nobles  +6.2 · read 10.5 · walls  2.6 · fell 62.9% (mother 26.5%) · prince 29.8% · king 23.0% · crowned 18.5% (median year 25) · 2.8s
try  1 · gen  171 · best    975.0 · elite    712.6 · median    196.2 · years  18.6 · road 0.37 · starved   802 · nobles  +6.6 · read 12.7 · walls  1.4 · fell 65.9% (mother 40.5%) · prince 26.1% · king 21.2% · crowned 17.1% (median year 23) · 2.8s
try  2 · gen  171 · best   1018.5 · elite    662.1 · median    188.6 · years  21.2 · road 0.41 · starved   913 · nobles  +3.1 · read 20.7 · walls  2.8 · fell 61.6% (mother 33.6%) · prince 33.2% · king 20.6% · crowned 14.1% (median year 23) · 2.8s
try  3 · gen  171 · best    935.4 · elite    499.2 · median    126.7 · years  29.6 · road 0.36 · starved  1030 · nobles  +9.4 · read 14.2 · walls  4.4 · fell 80.2% (mother 36.3%) · prince 17.2% · king 15.2% · crowned 13.9% (median year 53) · 2.8s
try  4 · gen  171 · best   1026.5 · elite    663.8 · median    179.6 · years  19.1 · road 0.32 · starved   714 · nobles  +9.2 · read  7.4 · walls  0.9 · fell 73.6% (mother 23.4%) · prince 21.9% · king 18.1% · crowned 15.7% (median year 24) · 2.8s
try  5 · gen  171 · best   1191.5 · elite    773.1 · median    221.9 · years  18.8 · road 0.46 · starved   915 · nobles  +1.9 · read 32.4 · walls  4.3 · fell 61.2% (mother 39.8%) · prince 29.5% · king 24.9% · crowned 20.3% (median year 26) · 2.8s
try  6 · gen  171 · best   1168.7 · elite    794.5 · median    226.0 · years  18.2 · road 0.43 · starved   750 · nobles  +3.7 · read  9.3 · walls  3.0 · fell 56.5% (mother 28.0%) · prince 30.5% · king 24.6% · crowned 20.2% (median year 24) · 2.8s
try  7 · gen  171 · best   1230.0 · elite    785.9 · median    248.3 · years  21.9 · road 0.42 · starved   597 · nobles  +3.2 · read 20.0 · walls  2.5 · fell 50.1% (mother 24.1%) · prince 36.8% · king 25.8% · crowned 19.0% (median year 24) · 2.8s
try  8 · gen  171 · best   1281.4 · elite    758.7 · median    237.6 · years  21.3 · road 0.40 · starved   650 · nobles  +6.0 · read  9.9 · walls  2.5 · fell 62.4% (mother 26.7%) · prince 30.8% · king 23.3% · crowned 18.5% (median year 25) · 2.8s
try  1 · gen  172 · best   1008.6 · elite    708.4 · median    183.8 · years  18.1 · road 0.36 · starved   888 · nobles  +6.7 · read 12.7 · walls  1.3 · fell 67.3% (mother 42.4%) · prince 25.5% · king 19.9% · crowned 16.6% (median year 23) · 2.8s
try  2 · gen  172 · best   1012.7 · elite    662.1 · median    197.6 · years  21.5 · road 0.42 · starved   899 · nobles  +3.1 · read 21.0 · walls  3.2 · fell 59.9% (mother 31.8%) · prince 34.7% · king 21.6% · crowned 14.0% (median year 24) · 2.8s
try  3 · gen  172 · best    813.7 · elite    473.8 · median    112.7 · years  29.8 · road 0.36 · starved  1104 · nobles  +9.6 · read 13.9 · walls  4.2 · fell 80.8% (mother 36.3%) · prince 16.5% · king 14.3% · crowned 13.2% (median year 54) · 2.8s
try  4 · gen  172 · best   1253.9 · elite    661.1 · median    181.1 · years  19.1 · road 0.32 · starved   735 · nobles  +9.4 · read  7.9 · walls  0.9 · fell 73.4% (mother 24.8%) · prince 22.1% · king 17.8% · crowned 15.7% (median year 24) · 2.8s
try  5 · gen  172 · best   1441.8 · elite    792.2 · median    219.4 · years  19.4 · road 0.47 · starved   909 · nobles  +1.8 · read 33.8 · walls  4.4 · fell 59.2% (mother 37.4%) · prince 30.4% · king 24.8% · crowned 20.0% (median year 26) · 2.8s
try  6 · gen  172 · best   1210.1 · elite    784.7 · median    236.1 · years  18.3 · road 0.43 · starved   756 · nobles  +3.8 · read  9.6 · walls  3.2 · fell 56.5% (mother 29.5%) · prince 31.2% · king 25.2% · crowned 20.2% (median year 24) · 2.8s
try  7 · gen  172 · best   1287.0 · elite    829.4 · median    260.8 · years  21.8 · road 0.42 · starved   603 · nobles  +3.3 · read 19.6 · walls  2.6 · fell 50.5% (mother 24.9%) · prince 38.2% · king 27.3% · crowned 19.6% (median year 24) · 2.8s
try  8 · gen  172 · best   1276.3 · elite    747.7 · median    226.1 · years  21.4 · road 0.40 · starved   659 · nobles  +6.7 · read  9.7 · walls  2.4 · fell 62.5% (mother 25.8%) · prince 30.8% · king 22.7% · crowned 18.5% (median year 25) · 2.8s
try  1 · gen  173 · best   1209.7 · elite    685.4 · median    195.9 · years  18.1 · road 0.36 · starved   851 · nobles  +6.9 · read 12.0 · walls  1.3 · fell 67.8% (mother 43.9%) · prince 25.8% · king 20.5% · crowned 17.1% (median year 23) · 2.8s
try  2 · gen  173 · best   1176.1 · elite    686.7 · median    202.6 · years  21.0 · road 0.41 · starved   846 · nobles  +3.7 · read 19.5 · walls  3.3 · fell 57.7% (mother 31.6%) · prince 33.8% · king 21.6% · crowned 14.5% (median year 23) · 2.8s
try  3 · gen  173 · best    947.5 · elite    482.2 · median    111.1 · years  30.1 · road 0.36 · starved  1118 · nobles  +9.6 · read 11.6 · walls  4.1 · fell 80.6% (mother 36.3%) · prince 17.0% · king 14.8% · crowned 13.4% (median year 55) · 2.8s
try  4 · gen  173 · best   1188.5 · elite    677.4 · median    186.0 · years  19.1 · road 0.32 · starved   714 · nobles  +9.4 · read  7.8 · walls  1.0 · fell 72.9% (mother 23.9%) · prince 22.2% · king 17.7% · crowned 16.0% (median year 25) · 2.8s
try  5 · gen  173 · best   1446.0 · elite    793.3 · median    228.0 · years  20.2 · road 0.47 · starved   896 · nobles  +2.2 · read 34.9 · walls  4.3 · fell 57.1% (mother 35.0%) · prince 32.1% · king 25.2% · crowned 20.5% (median year 27) · 2.8s
try  6 · gen  173 · best   1297.6 · elite    819.7 · median    224.8 · years  18.3 · road 0.43 · starved   766 · nobles  +3.5 · read  9.6 · walls  3.2 · fell 56.9% (mother 29.6%) · prince 30.6% · king 24.4% · crowned 19.9% (median year 24) · 2.8s
try  7 · gen  173 · best   1264.4 · elite    797.9 · median    251.1 · years  21.3 · road 0.42 · starved   601 · nobles  +2.8 · read 19.4 · walls  2.6 · fell 52.3% (mother 26.9%) · prince 37.6% · king 26.5% · crowned 18.8% (median year 23) · 2.8s
try  8 · gen  173 · best   1241.0 · elite    736.4 · median    224.2 · years  21.1 · road 0.39 · starved   657 · nobles  +6.4 · read  9.3 · walls  2.3 · fell 62.8% (mother 28.0%) · prince 29.9% · king 22.5% · crowned 18.5% (median year 25) · 2.8s
try  1 · gen  174 · best   1043.6 · elite    708.1 · median    185.2 · years  17.9 · road 0.36 · starved   863 · nobles  +6.9 · read 11.7 · walls  1.4 · fell 68.5% (mother 44.3%) · prince 25.9% · king 20.4% · crowned 16.9% (median year 23) · 2.8s
try  2 · gen  174 · best   1178.6 · elite    660.8 · median    204.6 · years  20.7 · road 0.41 · starved   834 · nobles  +3.8 · read 17.7 · walls  3.4 · fell 57.0% (mother 31.4%) · prince 34.9% · king 21.9% · crowned 14.6% (median year 23) · 2.8s
try  3 · gen  174 · best   1070.3 · elite    469.5 · median    114.8 · years  29.6 · road 0.36 · starved  1102 · nobles  +9.5 · read 11.8 · walls  4.2 · fell 79.7% (mother 37.0%) · prince 17.4% · king 15.0% · crowned 13.6% (median year 56) · 2.8s
try  4 · gen  174 · best    979.2 · elite    634.3 · median    179.1 · years  19.2 · road 0.32 · starved   777 · nobles  +9.2 · read  7.6 · walls  1.1 · fell 73.8% (mother 25.0%) · prince 22.5% · king 18.0% · crowned 15.3% (median year 24) · 2.8s
try  5 · gen  174 · best   1207.1 · elite    773.0 · median    221.8 · years  20.3 · road 0.47 · starved   895 · nobles  +2.0 · read 35.7 · walls  4.2 · fell 58.3% (mother 36.5%) · prince 32.3% · king 25.1% · crowned 19.7% (median year 27) · 2.8s
try  6 · gen  174 · best   1248.1 · elite    791.9 · median    234.8 · years  18.6 · road 0.43 · starved   759 · nobles  +3.7 · read  9.5 · walls  3.1 · fell 55.8% (mother 28.2%) · prince 31.9% · king 25.4% · crowned 20.4% (median year 24) · 2.8s
try  7 · gen  174 · best   1274.4 · elite    768.5 · median    258.0 · years  21.7 · road 0.42 · starved   614 · nobles  +3.2 · read 19.5 · walls  2.6 · fell 50.6% (mother 26.2%) · prince 38.4% · king 26.8% · crowned 19.0% (median year 24) · 2.8s
try  8 · gen  174 · best   1259.1 · elite    757.8 · median    221.3 · years  21.3 · road 0.40 · starved   673 · nobles  +6.7 · read  9.5 · walls  2.3 · fell 64.6% (mother 27.6%) · prince 30.7% · king 22.3% · crowned 18.0% (median year 25) · 2.8s
try  1 · gen  175 · best   1146.7 · elite    700.0 · median    191.0 · years  18.2 · road 0.37 · starved   861 · nobles  +7.1 · read 11.8 · walls  1.4 · fell 68.4% (mother 43.0%) · prince 26.2% · king 20.5% · crowned 16.9% (median year 23) · 2.8s
try  2 · gen  175 · best   1240.2 · elite    675.0 · median    214.8 · years  20.5 · road 0.42 · starved   804 · nobles  +4.1 · read 17.6 · walls  3.6 · fell 56.3% (mother 30.0%) · prince 34.7% · king 22.8% · crowned 15.2% (median year 23) · 2.8s
try  3 · gen  175 · best    849.4 · elite    475.1 · median    113.7 · years  29.6 · road 0.36 · starved  1079 · nobles +10.0 · read 11.3 · walls  4.4 · fell 80.3% (mother 37.7%) · prince 16.9% · king 14.8% · crowned 13.6% (median year 56) · 2.8s
try  4 · gen  175 · best   1210.2 · elite    693.8 · median    189.5 · years  18.9 · road 0.32 · starved   678 · nobles  +9.1 · read  7.4 · walls  1.0 · fell 72.4% (mother 23.0%) · prince 23.3% · king 18.8% · crowned 16.1% (median year 24) · 2.8s
try  5 · gen  175 · best   1238.1 · elite    769.0 · median    226.8 · years  20.2 · road 0.47 · starved   891 · nobles  +2.0 · read 35.0 · walls  4.0 · fell 57.9% (mother 34.1%) · prince 32.3% · king 25.0% · crowned 19.6% (median year 27) · 2.8s
try  6 · gen  175 · best   1249.3 · elite    795.2 · median    220.4 · years  18.6 · road 0.43 · starved   744 · nobles  +2.8 · read  9.9 · walls  3.0 · fell 57.0% (mother 28.2%) · prince 30.7% · king 24.4% · crowned 20.1% (median year 24) · 2.8s
try  7 · gen  175 · best   1109.3 · elite    780.0 · median    255.4 · years  22.2 · road 0.42 · starved   662 · nobles  +3.7 · read 19.9 · walls  2.6 · fell 52.7% (mother 27.8%) · prince 38.5% · king 26.0% · crowned 18.9% (median year 24) · 2.8s
try  8 · gen  175 · best   1231.8 · elite    743.5 · median    228.7 · years  21.1 · road 0.39 · starved   619 · nobles  +7.2 · read  9.3 · walls  2.2 · fell 63.0% (mother 25.7%) · prince 30.0% · king 22.6% · crowned 18.5% (median year 25) · 2.8s
try  1 · gen  176 · best    996.0 · elite    666.0 · median    182.0 · years  18.1 · road 0.37 · starved   876 · nobles  +6.5 · read 12.4 · walls  1.5 · fell 70.0% (mother 45.9%) · prince 25.4% · king 19.4% · crowned 16.0% (median year 24) · 2.8s
try  2 · gen  176 · best   1300.4 · elite    700.2 · median    209.3 · years  20.5 · road 0.41 · starved   817 · nobles  +3.9 · read 17.4 · walls  3.6 · fell 57.0% (mother 31.5%) · prince 34.5% · king 22.4% · crowned 14.8% (median year 23) · 2.8s
try  3 · gen  176 · best    879.8 · elite    513.3 · median    113.4 · years  29.6 · road 0.36 · starved  1052 · nobles +10.2 · read 10.9 · walls  4.3 · fell 79.4% (mother 36.2%) · prince 16.9% · king 15.1% · crowned 14.0% (median year 56) · 2.8s
try  4 · gen  176 · best   1205.4 · elite    667.1 · median    192.4 · years  18.7 · road 0.32 · starved   685 · nobles  +8.8 · read  7.0 · walls  1.0 · fell 71.4% (mother 23.5%) · prince 23.5% · king 19.0% · crowned 16.5% (median year 24) · 2.8s
try  5 · gen  176 · best   1201.1 · elite    787.6 · median    226.8 · years  19.8 · road 0.46 · starved   856 · nobles  +2.7 · read 32.6 · walls  3.7 · fell 57.7% (mother 34.8%) · prince 32.6% · king 25.1% · crowned 19.7% (median year 27) · 2.8s
try  6 · gen  176 · best   1208.6 · elite    787.8 · median    226.0 · years  18.6 · road 0.44 · starved   773 · nobles  +2.6 · read  9.7 · walls  3.2 · fell 58.5% (mother 30.6%) · prince 31.5% · king 24.4% · crowned 19.4% (median year 25) · 2.8s
try  7 · gen  176 · best   1218.1 · elite    797.3 · median    250.8 · years  21.8 · road 0.42 · starved   636 · nobles  +3.7 · read 18.6 · walls  2.5 · fell 51.5% (mother 25.8%) · prince 38.6% · king 26.1% · crowned 18.8% (median year 24) · 2.8s
try  8 · gen  176 · best   1200.4 · elite    750.2 · median    226.1 · years  20.8 · road 0.39 · starved   618 · nobles  +6.8 · read  8.7 · walls  2.1 · fell 61.8% (mother 26.1%) · prince 30.5% · king 22.4% · crowned 18.6% (median year 25) · 2.8s
try  1 · gen  177 · best   1214.3 · elite    684.3 · median    190.8 · years  18.0 · road 0.37 · starved   805 · nobles  +5.8 · read 13.4 · walls  1.4 · fell 67.5% (mother 41.3%) · prince 25.9% · king 20.3% · crowned 16.5% (median year 23) · 2.7s
try  2 · gen  177 · best   1212.8 · elite    695.6 · median    211.1 · years  20.7 · road 0.42 · starved   802 · nobles  +3.7 · read 17.6 · walls  3.7 · fell 56.7% (mother 29.8%) · prince 34.0% · king 22.4% · crowned 14.8% (median year 22) · 2.7s
try  3 · gen  177 · best    978.5 · elite    506.4 · median    116.4 · years  29.6 · road 0.36 · starved  1068 · nobles +10.3 · read 10.7 · walls  4.2 · fell 79.7% (mother 34.4%) · prince 16.9% · king 15.0% · crowned 13.9% (median year 54) · 2.7s
try  4 · gen  177 · best    987.7 · elite    642.4 · median    191.1 · years  18.6 · road 0.32 · starved   711 · nobles  +9.1 · read  6.6 · walls  1.0 · fell 72.6% (mother 24.2%) · prince 23.6% · king 18.2% · crowned 16.0% (median year 24) · 2.7s
try  5 · gen  177 · best   1419.6 · elite    823.3 · median    229.9 · years  20.4 · road 0.47 · starved   834 · nobles  +2.7 · read 34.0 · walls  3.9 · fell 56.2% (mother 32.0%) · prince 33.1% · king 25.1% · crowned 20.1% (median year 26) · 2.7s
try  6 · gen  177 · best   1162.5 · elite    787.1 · median    228.2 · years  17.9 · road 0.43 · starved   747 · nobles  +3.3 · read  9.4 · walls  3.1 · fell 57.7% (mother 30.0%) · prince 31.1% · king 24.1% · crowned 19.5% (median year 24) · 2.7s
try  7 · gen  177 · best   1198.8 · elite    735.6 · median    259.8 · years  21.6 · road 0.42 · starved   644 · nobles  +3.3 · read 18.4 · walls  2.5 · fell 51.4% (mother 25.8%) · prince 38.0% · king 26.4% · crowned 18.7% (median year 24) · 2.7s
try  8 · gen  177 · best   1181.3 · elite    756.1 · median    227.5 · years  21.1 · road 0.40 · starved   662 · nobles  +6.6 · read  9.3 · walls  2.2 · fell 63.5% (mother 28.4%) · prince 30.5% · king 22.4% · crowned 18.4% (median year 25) · 2.7s
try  1 · gen  178 · best   1253.0 · elite    677.0 · median    201.4 · years  18.0 · road 0.37 · starved   889 · nobles  +6.5 · read 13.4 · walls  1.5 · fell 67.5% (mother 42.2%) · prince 27.0% · king 21.0% · crowned 16.9% (median year 23) · 2.8s
try  2 · gen  178 · best   1210.0 · elite    678.1 · median    216.2 · years  20.4 · road 0.42 · starved   792 · nobles  +3.9 · read 17.9 · walls  3.7 · fell 53.5% (mother 27.8%) · prince 33.9% · king 23.0% · crowned 15.4% (median year 22) · 2.8s
try  3 · gen  178 · best    859.5 · elite    475.5 · median    124.0 · years  29.6 · road 0.36 · starved  1046 · nobles +10.4 · read 11.4 · walls  4.1 · fell 79.9% (mother 35.8%) · prince 17.8% · king 15.7% · crowned 14.2% (median year 55) · 2.8s
try  4 · gen  178 · best   1049.2 · elite    628.9 · median    185.5 · years  18.4 · road 0.31 · starved   727 · nobles  +9.2 · read  5.5 · walls  0.9 · fell 72.6% (mother 25.0%) · prince 23.1% · king 18.6% · crowned 15.9% (median year 24) · 2.8s
try  5 · gen  178 · best   1185.7 · elite    758.8 · median    243.6 · years  20.3 · road 0.47 · starved   812 · nobles  +2.8 · read 33.2 · walls  3.8 · fell 53.6% (mother 30.6%) · prince 34.4% · king 25.8% · crowned 20.2% (median year 26) · 2.8s
try  6 · gen  178 · best   1097.9 · elite    767.7 · median    218.2 · years  18.1 · road 0.43 · starved   771 · nobles  +3.1 · read  9.2 · walls  3.0 · fell 59.1% (mother 31.0%) · prince 30.9% · king 23.6% · crowned 18.8% (median year 24) · 2.8s
try  7 · gen  178 · best   1092.4 · elite    751.6 · median    258.1 · years  21.8 · road 0.42 · starved   640 · nobles  +3.3 · read 19.1 · walls  2.5 · fell 51.5% (mother 26.1%) · prince 38.8% · king 25.7% · crowned 18.3% (median year 24) · 2.8s
try  8 · gen  178 · best   1229.0 · elite    756.5 · median    234.7 · years  21.0 · road 0.40 · starved   644 · nobles  +6.3 · read  9.3 · walls  2.3 · fell 61.5% (mother 26.7%) · prince 31.5% · king 22.7% · crowned 18.6% (median year 25) · 2.8s
try  1 · gen  179 · best   1204.2 · elite    674.2 · median    196.1 · years  17.8 · road 0.37 · starved   851 · nobles  +6.2 · read 12.4 · walls  1.5 · fell 67.5% (mother 43.3%) · prince 26.2% · king 20.3% · crowned 16.5% (median year 23) · 2.7s
try  2 · gen  179 · best   1248.0 · elite    696.4 · median    220.3 · years  20.7 · road 0.42 · starved   796 · nobles  +4.1 · read 18.7 · walls  3.7 · fell 54.0% (mother 28.3%) · prince 35.6% · king 23.6% · crowned 15.6% (median year 22) · 2.7s
try  3 · gen  179 · best    827.4 · elite    497.3 · median    111.6 · years  29.8 · road 0.36 · starved  1061 · nobles +10.1 · read 11.5 · walls  4.3 · fell 80.6% (mother 36.3%) · prince 17.0% · king 14.7% · crowned 13.5% (median year 55) · 2.7s
try  4 · gen  179 · best    968.9 · elite    631.2 · median    188.2 · years  18.6 · road 0.32 · starved   714 · nobles  +9.0 · read  5.6 · walls  0.9 · fell 71.1% (mother 23.4%) · prince 23.2% · king 18.6% · crowned 15.9% (median year 23) · 2.7s
try  5 · gen  179 · best   1272.6 · elite    785.5 · median    247.5 · years  19.7 · road 0.46 · starved   793 · nobles  +3.3 · read 32.8 · walls  3.7 · fell 53.6% (mother 30.0%) · prince 33.7% · king 25.4% · crowned 20.2% (median year 25) · 2.7s
try  6 · gen  179 · best   1220.2 · elite    797.2 · median    227.5 · years  18.4 · road 0.44 · starved   740 · nobles  +3.4 · read  9.2 · walls  3.0 · fell 57.5% (mother 28.6%) · prince 31.2% · king 24.3% · crowned 19.9% (median year 24) · 2.7s
try  7 · gen  179 · best   1214.1 · elite    773.8 · median    261.5 · years  21.7 · road 0.42 · starved   625 · nobles  +3.4 · read 18.2 · walls  2.5 · fell 51.2% (mother 25.7%) · prince 38.5% · king 26.6% · crowned 19.2% (median year 24) · 2.7s
try  8 · gen  179 · best   1266.6 · elite    755.0 · median    235.4 · years  21.2 · road 0.40 · starved   676 · nobles  +5.6 · read  9.8 · walls  2.4 · fell 60.5% (mother 27.5%) · prince 32.2% · king 23.4% · crowned 19.1% (median year 25) · 2.7s
try  1 · gen  180 · best   1295.4 · elite    694.1 · median    186.3 · years  18.0 · road 0.37 · starved   866 · nobles  +6.7 · read 12.5 · walls  1.5 · fell 68.6% (mother 43.8%) · prince 26.5% · king 20.4% · crowned 16.4% (median year 23) · 2.7s
try  2 · gen  180 · best   1198.2 · elite    707.6 · median    221.4 · years  20.6 · road 0.42 · starved   794 · nobles  +3.9 · read 18.0 · walls  3.6 · fell 54.1% (mother 29.4%) · prince 34.2% · king 23.2% · crowned 15.5% (median year 22) · 2.7s
try  3 · gen  180 · best    804.0 · elite    482.0 · median    116.3 · years  30.2 · road 0.36 · starved  1057 · nobles +10.1 · read 11.9 · walls  4.5 · fell 80.5% (mother 34.2%) · prince 17.3% · king 14.4% · crowned 13.3% (median year 55) · 2.7s
try  4 · gen  180 · best    976.7 · elite    640.6 · median    192.1 · years  18.5 · road 0.32 · starved   709 · nobles  +8.7 · read  5.2 · walls  0.9 · fell 70.7% (mother 23.8%) · prince 24.2% · king 18.8% · crowned 15.9% (median year 23) · 2.7s
try  5 · gen  180 · best   1462.4 · elite    791.2 · median    225.7 · years  19.3 · road 0.46 · starved   807 · nobles  +2.9 · read 31.5 · walls  3.7 · fell 54.6% (mother 32.2%) · prince 32.7% · king 25.1% · crowned 19.6% (median year 25) · 2.7s
try  6 · gen  180 · best   1189.3 · elite    793.0 · median    234.9 · years  18.5 · road 0.44 · starved   748 · nobles  +3.7 · read  9.5 · walls  3.2 · fell 56.0% (mother 28.9%) · prince 32.3% · king 25.1% · crowned 19.9% (median year 24) · 2.7s
try  7 · gen  180 · best   1176.1 · elite    745.9 · median    247.7 · years  21.4 · road 0.41 · starved   651 · nobles  +3.2 · read 17.5 · walls  2.3 · fell 53.1% (mother 26.9%) · prince 37.3% · king 25.2% · crowned 18.0% (median year 24) · 2.7s
try  8 · gen  180 · best   1206.7 · elite    787.5 · median    227.7 · years  21.2 · road 0.40 · starved   643 · nobles  +5.8 · read 10.0 · walls  2.4 · fell 62.0% (mother 28.0%) · prince 31.6% · king 23.0% · crowned 18.4% (median year 25) · 2.7s
try  1 · gen  181 · best   1210.9 · elite    702.1 · median    193.1 · years  17.9 · road 0.37 · starved   811 · nobles  +6.1 · read 12.6 · walls  1.6 · fell 65.9% (mother 40.7%) · prince 26.9% · king 20.9% · crowned 17.2% (median year 23) · 2.8s
try  2 · gen  181 · best   1068.2 · elite    656.0 · median    212.2 · years  21.0 · road 0.42 · starved   852 · nobles  +4.1 · read 17.4 · walls  3.5 · fell 57.4% (mother 30.7%) · prince 33.5% · king 22.0% · crowned 14.8% (median year 23) · 2.8s
try  3 · gen  181 · best    754.5 · elite    468.6 · median    109.4 · years  30.6 · road 0.36 · starved  1064 · nobles  +9.9 · read 12.3 · walls  4.4 · fell 80.8% (mother 35.0%) · prince 17.0% · king 14.4% · crowned 13.1% (median year 58) · 2.8s
try  4 · gen  181 · best   1033.6 · elite    657.9 · median    186.6 · years  18.0 · road 0.32 · starved   713 · nobles  +8.1 · read  5.1 · walls  1.0 · fell 70.9% (mother 25.4%) · prince 23.5% · king 18.9% · crowned 16.0% (median year 22) · 2.8s
try  5 · gen  181 · best   1235.9 · elite    785.5 · median    241.3 · years  18.9 · road 0.45 · starved   794 · nobles  +3.8 · read 30.3 · walls  3.5 · fell 54.3% (mother 31.5%) · prince 33.4% · king 25.6% · crowned 20.2% (median year 24) · 2.8s
try  6 · gen  181 · best   1207.4 · elite    765.8 · median    223.7 · years  18.0 · road 0.44 · starved   767 · nobles  +3.3 · read  9.2 · walls  3.1 · fell 58.4% (mother 32.0%) · prince 30.9% · king 24.0% · crowned 19.4% (median year 24) · 2.8s
try  7 · gen  181 · best   1272.6 · elite    781.8 · median    251.3 · years  21.3 · road 0.42 · starved   685 · nobles  +3.4 · read 17.5 · walls  2.5 · fell 52.8% (mother 28.1%) · prince 38.1% · king 25.8% · crowned 18.5% (median year 24) · 2.8s
try  8 · gen  181 · best    979.9 · elite    735.0 · median    236.1 · years  20.7 · road 0.40 · starved   618 · nobles  +6.0 · read  9.7 · walls  2.3 · fell 60.6% (mother 26.8%) · prince 32.4% · king 23.3% · crowned 18.5% (median year 25) · 2.8s
try  1 · gen  182 · best   1085.0 · elite    693.9 · median    195.1 · years  17.8 · road 0.37 · starved   833 · nobles  +5.9 · read 11.7 · walls  1.6 · fell 66.9% (mother 44.0%) · prince 27.3% · king 21.2% · crowned 17.0% (median year 23) · 2.8s
try  2 · gen  182 · best   1007.3 · elite    674.5 · median    210.1 · years  21.3 · road 0.42 · starved   835 · nobles  +4.1 · read 18.1 · walls  3.6 · fell 55.2% (mother 29.9%) · prince 33.7% · king 22.5% · crowned 14.9% (median year 23) · 2.8s
try  3 · gen  182 · best    820.7 · elite    492.6 · median    117.2 · years  30.2 · road 0.35 · starved  1036 · nobles  +9.7 · read 13.3 · walls  4.3 · fell 79.5% (mother 35.0%) · prince 17.1% · king 14.8% · crowned 13.6% (median year 56) · 2.8s
try  4 · gen  182 · best   1013.8 · elite    683.0 · median    180.4 · years  17.8 · road 0.32 · starved   717 · nobles  +7.3 · read  5.6 · walls  1.0 · fell 70.4% (mother 25.8%) · prince 23.7% · king 19.0% · crowned 15.2% (median year 22) · 2.8s
try  5 · gen  182 · best   1197.1 · elite    798.4 · median    246.1 · years  19.2 · road 0.46 · starved   829 · nobles  +3.7 · read 31.0 · walls  3.7 · fell 53.1% (mother 30.7%) · prince 34.0% · king 25.7% · crowned 20.0% (median year 24) · 2.8s
try  6 · gen  182 · best   1290.0 · elite    775.9 · median    230.9 · years  18.3 · road 0.43 · starved   770 · nobles  +3.8 · read 10.2 · walls  3.1 · fell 57.1% (mother 29.4%) · prince 30.9% · king 24.2% · crowned 20.0% (median year 24) · 2.8s
try  7 · gen  182 · best   1232.6 · elite    814.1 · median    246.6 · years  21.3 · road 0.42 · starved   648 · nobles  +3.1 · read 17.8 · walls  2.5 · fell 52.8% (mother 27.0%) · prince 38.5% · king 25.9% · crowned 18.7% (median year 24) · 2.8s
try  8 · gen  182 · best   1059.3 · elite    761.0 · median    231.4 · years  20.7 · road 0.39 · starved   623 · nobles  +6.0 · read  9.7 · walls  2.2 · fell 61.3% (mother 27.3%) · prince 31.6% · king 22.9% · crowned 18.6% (median year 25) · 2.8s
try  1 · gen  183 · best   1014.6 · elite    702.0 · median    201.8 · years  17.4 · road 0.37 · starved   837 · nobles  +6.3 · read 10.8 · walls  1.8 · fell 66.9% (mother 44.0%) · prince 27.6% · king 21.1% · crowned 16.8% (median year 22) · 2.8s
try  2 · gen  183 · best   1222.6 · elite    696.5 · median    224.4 · years  21.0 · road 0.42 · starved   769 · nobles  +4.4 · read 18.1 · walls  3.5 · fell 53.0% (mother 27.2%) · prince 34.1% · king 23.5% · crowned 15.7% (median year 23) · 2.8s
try  3 · gen  183 · best    936.5 · elite    487.9 · median    102.5 · years  30.0 · road 0.35 · starved  1048 · nobles  +9.7 · read 12.7 · walls  4.0 · fell 80.9% (mother 35.1%) · prince 17.5% · king 14.6% · crowned 13.2% (median year 56) · 2.8s
try  4 · gen  183 · best   1244.6 · elite    710.9 · median    192.2 · years  17.5 · road 0.32 · starved   646 · nobles  +7.8 · read  4.2 · walls  1.0 · fell 68.5% (mother 23.1%) · prince 24.0% · king 19.6% · crowned 16.3% (median year 22) · 2.8s
try  5 · gen  183 · best   1265.3 · elite    795.1 · median    240.9 · years  19.2 · road 0.46 · starved   851 · nobles  +3.6 · read 30.4 · walls  3.8 · fell 53.5% (mother 32.5%) · prince 33.7% · king 25.7% · crowned 20.1% (median year 24) · 2.8s
try  6 · gen  183 · best   1094.0 · elite    781.5 · median    235.1 · years  17.7 · road 0.43 · starved   758 · nobles  +3.7 · read 10.6 · walls  3.1 · fell 58.3% (mother 31.0%) · prince 31.2% · king 24.4% · crowned 19.6% (median year 24) · 2.8s
try  7 · gen  183 · best   1261.7 · elite    770.7 · median    260.2 · years  21.5 · road 0.42 · starved   669 · nobles  +3.4 · read 17.9 · walls  2.5 · fell 53.9% (mother 27.6%) · prince 38.9% · king 25.9% · crowned 19.2% (median year 25) · 2.8s
try  8 · gen  183 · best   1186.4 · elite    776.1 · median    226.1 · years  20.7 · road 0.39 · starved   622 · nobles  +5.8 · read 10.1 · walls  2.2 · fell 59.9% (mother 25.5%) · prince 30.9% · king 22.5% · crowned 18.6% (median year 25) · 2.8s
try  1 · gen  184 · best   1225.6 · elite    706.7 · median    195.6 · years  17.3 · road 0.37 · starved   819 · nobles  +6.3 · read 10.2 · walls  1.9 · fell 66.1% (mother 43.9%) · prince 26.6% · king 20.7% · crowned 16.5% (median year 22) · 2.8s
try  2 · gen  184 · best   1199.7 · elite    673.4 · median    218.5 · years  20.9 · road 0.42 · starved   790 · nobles  +3.9 · read 18.1 · walls  3.5 · fell 54.0% (mother 28.4%) · prince 34.4% · king 23.8% · crowned 15.6% (median year 23) · 2.8s
try  3 · gen  184 · best    843.6 · elite    477.8 · median    121.5 · years  30.3 · road 0.35 · starved  1038 · nobles  +9.8 · read 12.5 · walls  4.1 · fell 80.8% (mother 34.6%) · prince 17.5% · king 14.6% · crowned 13.3% (median year 55) · 2.8s
try  4 · gen  184 · best   1016.9 · elite    659.0 · median    192.7 · years  17.4 · road 0.31 · starved   705 · nobles  +7.5 · read  4.0 · walls  1.0 · fell 69.3% (mother 25.2%) · prince 24.3% · king 19.6% · crowned 16.0% (median year 22) · 2.8s
try  5 · gen  184 · best   1189.7 · elite    804.1 · median    245.7 · years  19.2 · road 0.46 · starved   838 · nobles  +3.8 · read 29.5 · walls  3.7 · fell 53.1% (mother 31.9%) · prince 33.8% · king 26.0% · crowned 20.7% (median year 24) · 2.8s
try  6 · gen  184 · best   1208.8 · elite    774.1 · median    217.4 · years  18.0 · road 0.43 · starved   744 · nobles  +3.7 · read 11.5 · walls  3.0 · fell 58.2% (mother 28.6%) · prince 30.5% · king 23.9% · crowned 19.4% (median year 24) · 2.8s
try  7 · gen  184 · best   1247.8 · elite    784.3 · median    251.5 · years  21.3 · road 0.42 · starved   659 · nobles  +3.2 · read 17.4 · walls  2.5 · fell 52.8% (mother 27.8%) · prince 38.6% · king 25.9% · crowned 18.6% (median year 24) · 2.8s
try  8 · gen  184 · best   1241.7 · elite    760.0 · median    231.5 · years  20.6 · road 0.40 · starved   661 · nobles  +5.8 · read  9.6 · walls  2.2 · fell 60.0% (mother 29.3%) · prince 31.1% · king 23.3% · crowned 18.9% (median year 24) · 2.8s
try  1 · gen  185 · best   1227.3 · elite    692.1 · median    191.6 · years  17.7 · road 0.38 · starved   853 · nobles  +6.4 · read 10.4 · walls  2.0 · fell 67.1% (mother 43.7%) · prince 26.1% · king 20.6% · crowned 16.5% (median year 22) · 2.8s
try  2 · gen  185 · best   1203.3 · elite    705.5 · median    210.0 · years  20.3 · road 0.41 · starved   826 · nobles  +3.9 · read 16.8 · walls  3.4 · fell 55.2% (mother 29.9%) · prince 34.0% · king 23.5% · crowned 15.5% (median year 23) · 2.8s
try  3 · gen  185 · best    784.1 · elite    471.1 · median    126.4 · years  30.0 · road 0.35 · starved  1075 · nobles  +9.9 · read 12.6 · walls  3.9 · fell 80.5% (mother 34.2%) · prince 17.1% · king 14.5% · crowned 13.3% (median year 55) · 2.8s
try  4 · gen  185 · best   1000.8 · elite    674.6 · median    190.7 · years  17.5 · road 0.32 · starved   690 · nobles  +7.4 · read  4.2 · walls  1.0 · fell 69.7% (mother 25.0%) · prince 24.2% · king 19.2% · crowned 16.0% (median year 22) · 2.8s
try  5 · gen  185 · best   1265.2 · elite    792.6 · median    253.8 · years  19.1 · road 0.46 · starved   824 · nobles  +3.8 · read 29.4 · walls  3.8 · fell 51.8% (mother 32.4%) · prince 34.8% · king 26.4% · crowned 20.6% (median year 24) · 2.8s
try  6 · gen  185 · best   1314.2 · elite    768.3 · median    227.4 · years  17.7 · road 0.43 · starved   726 · nobles  +3.9 · read 11.7 · walls  2.9 · fell 57.5% (mother 29.6%) · prince 30.6% · king 23.9% · crowned 19.9% (median year 23) · 2.8s
try  7 · gen  185 · best   1439.2 · elite    779.0 · median    246.9 · years  21.2 · road 0.42 · starved   658 · nobles  +3.3 · read 18.2 · walls  2.5 · fell 53.4% (mother 27.7%) · prince 38.6% · king 25.6% · crowned 18.6% (median year 24) · 2.8s
try  8 · gen  185 · best   1228.5 · elite    761.1 · median    223.3 · years  20.7 · road 0.40 · starved   722 · nobles  +5.5 · read 10.0 · walls  2.1 · fell 62.9% (mother 31.1%) · prince 31.4% · king 22.9% · crowned 18.0% (median year 25) · 2.8s
try  1 · gen  186 · best   1133.5 · elite    697.9 · median    198.4 · years  17.6 · road 0.38 · starved   837 · nobles  +6.4 · read 10.7 · walls  1.9 · fell 65.8% (mother 43.1%) · prince 27.5% · king 21.3% · crowned 16.9% (median year 22) · 2.8s
try  2 · gen  186 · best   1280.7 · elite    669.1 · median    207.7 · years  20.9 · road 0.42 · starved   869 · nobles  +3.7 · read 17.5 · walls  3.6 · fell 57.0% (mother 32.3%) · prince 34.0% · king 22.9% · crowned 14.9% (median year 23) · 2.8s
try  3 · gen  186 · best    850.0 · elite    480.3 · median    119.7 · years  29.1 · road 0.35 · starved   996 · nobles +10.0 · read 11.0 · walls  4.2 · fell 79.7% (mother 36.8%) · prince 17.5% · king 15.1% · crowned 13.6% (median year 54) · 2.8s
try  4 · gen  186 · best   1216.4 · elite    658.8 · median    189.2 · years  17.5 · road 0.32 · starved   717 · nobles  +7.5 · read  5.0 · walls  1.0 · fell 69.2% (mother 25.3%) · prince 25.5% · king 19.8% · crowned 15.9% (median year 21) · 2.8s
try  5 · gen  186 · best   1245.7 · elite    837.5 · median    240.4 · years  19.1 · road 0.46 · starved   825 · nobles  +3.7 · read 30.1 · walls  3.8 · fell 51.6% (mother 33.5%) · prince 34.8% · king 25.8% · crowned 20.7% (median year 24) · 2.8s
try  6 · gen  186 · best   1184.6 · elite    784.5 · median    238.3 · years  17.9 · road 0.43 · starved   711 · nobles  +3.4 · read 13.1 · walls  2.9 · fell 56.7% (mother 26.9%) · prince 31.3% · king 24.6% · crowned 19.9% (median year 23) · 2.8s
try  7 · gen  186 · best   1226.3 · elite    772.9 · median    243.6 · years  21.0 · road 0.41 · starved   643 · nobles  +3.2 · read 17.4 · walls  2.4 · fell 53.5% (mother 27.4%) · prince 36.2% · king 25.5% · crowned 18.6% (median year 24) · 2.8s
try  8 · gen  186 · best   1190.2 · elite    762.1 · median    231.1 · years  20.3 · road 0.39 · starved   625 · nobles  +6.4 · read  9.6 · walls  2.0 · fell 61.5% (mother 27.5%) · prince 31.4% · king 23.2% · crowned 19.1% (median year 25) · 2.8s
try  1 · gen  187 · best   1207.3 · elite    726.0 · median    201.5 · years  17.7 · road 0.38 · starved   835 · nobles  +5.6 · read 11.4 · walls  1.9 · fell 65.7% (mother 44.2%) · prince 28.3% · king 21.9% · crowned 17.0% (median year 22) · 2.7s
try  2 · gen  187 · best   1245.6 · elite    687.2 · median    196.9 · years  20.6 · road 0.41 · starved   863 · nobles  +3.3 · read 16.2 · walls  3.6 · fell 57.5% (mother 34.1%) · prince 33.9% · king 22.7% · crowned 14.5% (median year 23) · 2.7s
try  3 · gen  187 · best    945.0 · elite    494.3 · median    116.2 · years  29.2 · road 0.35 · starved  1048 · nobles  +9.9 · read 10.8 · walls  4.4 · fell 80.3% (mother 35.6%) · prince 16.7% · king 14.2% · crowned 13.1% (median year 53) · 2.7s
try  4 · gen  187 · best   1042.2 · elite    643.5 · median    195.1 · years  17.3 · road 0.32 · starved   697 · nobles  +7.2 · read  4.4 · walls  1.0 · fell 68.4% (mother 24.7%) · prince 24.9% · king 20.0% · crowned 16.3% (median year 22) · 2.7s
try  5 · gen  187 · best   1080.8 · elite    811.7 · median    253.3 · years  19.0 · road 0.47 · starved   827 · nobles  +3.9 · read 28.3 · walls  3.9 · fell 50.9% (mother 33.5%) · prince 35.3% · king 26.1% · crowned 20.5% (median year 24) · 2.7s
try  6 · gen  187 · best   1374.7 · elite    766.6 · median    241.6 · years  17.8 · road 0.43 · starved   692 · nobles  +3.7 · read 12.4 · walls  2.8 · fell 56.7% (mother 26.4%) · prince 31.3% · king 24.8% · crowned 19.8% (median year 23) · 2.7s
try  7 · gen  187 · best   1231.4 · elite    787.6 · median    246.1 · years  20.9 · road 0.41 · starved   650 · nobles  +2.7 · read 17.2 · walls  2.5 · fell 54.5% (mother 26.8%) · prince 36.3% · king 26.0% · crowned 18.7% (median year 23) · 2.7s
try  8 · gen  187 · best   1032.6 · elite    719.0 · median    219.8 · years  20.4 · road 0.39 · starved   690 · nobles  +5.6 · read  9.7 · walls  2.0 · fell 62.2% (mother 28.7%) · prince 29.9% · king 22.0% · crowned 18.1% (median year 25) · 2.7s
try  1 · gen  188 · best   1072.3 · elite    724.5 · median    205.8 · years  17.7 · road 0.38 · starved   806 · nobles  +5.8 · read 11.7 · walls  1.7 · fell 63.7% (mother 41.7%) · prince 29.2% · king 22.4% · crowned 17.5% (median year 22) · 2.7s
try  2 · gen  188 · best   1196.1 · elite    697.5 · median    212.4 · years  21.0 · road 0.42 · starved   927 · nobles  +3.0 · read 17.2 · walls  3.6 · fell 57.7% (mother 36.2%) · prince 36.4% · king 24.1% · crowned 14.7% (median year 23) · 2.7s
try  3 · gen  188 · best    717.9 · elite    466.7 · median    127.2 · years  29.1 · road 0.35 · starved  1083 · nobles +10.1 · read  9.7 · walls  4.1 · fell 80.1% (mother 35.0%) · prince 17.5% · king 14.8% · crowned 13.2% (median year 52) · 2.7s
try  4 · gen  188 · best   1018.7 · elite    674.8 · median    196.2 · years  17.5 · road 0.32 · starved   677 · nobles  +7.2 · read  4.0 · walls  1.0 · fell 68.8% (mother 25.4%) · prince 25.0% · king 20.0% · crowned 16.1% (median year 22) · 2.7s
try  5 · gen  188 · best   1183.1 · elite    783.7 · median    247.4 · years  18.8 · road 0.46 · starved   841 · nobles  +3.5 · read 27.2 · walls  3.9 · fell 51.6% (mother 35.2%) · prince 33.6% · king 26.2% · crowned 20.2% (median year 24) · 2.7s
try  6 · gen  188 · best   1257.4 · elite    765.9 · median    237.8 · years  17.4 · road 0.42 · starved   716 · nobles  +4.6 · read 11.4 · walls  2.5 · fell 58.0% (mother 28.0%) · prince 30.8% · king 24.0% · crowned 19.5% (median year 23) · 2.7s
try  7 · gen  188 · best   1259.5 · elite    773.7 · median    237.0 · years  20.5 · road 0.41 · starved   656 · nobles  +2.8 · read 17.1 · walls  2.4 · fell 54.7% (mother 28.0%) · prince 36.3% · king 25.8% · crowned 18.4% (median year 22) · 2.7s
try  8 · gen  188 · best   1180.8 · elite    736.8 · median    217.2 · years  20.4 · road 0.39 · starved   701 · nobles  +5.5 · read  9.5 · walls  2.1 · fell 64.6% (mother 30.7%) · prince 30.4% · king 22.4% · crowned 18.3% (median year 25) · 2.7s
try  1 · gen  189 · best   1237.5 · elite    703.0 · median    210.6 · years  18.1 · road 0.38 · starved   824 · nobles  +5.9 · read 11.9 · walls  1.6 · fell 64.3% (mother 42.5%) · prince 29.5% · king 22.1% · crowned 17.5% (median year 22) · 2.7s
try  2 · gen  189 · best   1231.2 · elite    709.8 · median    217.0 · years  20.5 · road 0.42 · starved   897 · nobles  +3.7 · read 17.7 · walls  3.6 · fell 55.4% (mother 33.3%) · prince 35.3% · king 24.8% · crowned 15.9% (median year 23) · 2.7s
try  3 · gen  189 · best    839.8 · elite    507.0 · median    119.1 · years  29.1 · road 0.35 · starved  1007 · nobles +10.1 · read  9.4 · walls  4.2 · fell 79.8% (mother 35.9%) · prince 17.6% · king 15.0% · crowned 13.6% (median year 53) · 2.7s
try  4 · gen  189 · best   1228.7 · elite    691.0 · median    196.7 · years  17.7 · road 0.32 · starved   689 · nobles  +7.4 · read  4.5 · walls  1.1 · fell 68.3% (mother 26.0%) · prince 26.0% · king 20.2% · crowned 15.9% (median year 21) · 2.7s
try  5 · gen  189 · best   1382.3 · elite    807.1 · median    242.1 · years  18.5 · road 0.46 · starved   870 · nobles  +3.5 · read 25.9 · walls  3.8 · fell 54.3% (mother 37.7%) · prince 33.5% · king 25.8% · crowned 19.8% (median year 24) · 2.7s
try  6 · gen  189 · best   1305.6 · elite    803.3 · median    220.0 · years  16.9 · road 0.41 · starved   702 · nobles  +4.6 · read 10.3 · walls  2.4 · fell 58.8% (mother 27.4%) · prince 29.9% · king 23.4% · crowned 19.6% (median year 23) · 2.7s
try  7 · gen  189 · best   1211.3 · elite    775.1 · median    235.7 · years  20.6 · road 0.41 · starved   684 · nobles  +3.2 · read 16.5 · walls  2.3 · fell 55.5% (mother 29.8%) · prince 35.3% · king 25.6% · crowned 18.2% (median year 23) · 2.7s
try  8 · gen  189 · best   1062.9 · elite    705.5 · median    220.7 · years  20.5 · road 0.39 · starved   695 · nobles  +5.2 · read 10.1 · walls  2.1 · fell 64.8% (mother 31.4%) · prince 30.7% · king 22.5% · crowned 17.9% (median year 25) · 2.7s
try  1 · gen  190 · best   1195.7 · elite    693.6 · median    211.6 · years  18.0 · road 0.38 · starved   812 · nobles  +5.5 · read 11.3 · walls  1.5 · fell 63.6% (mother 41.8%) · prince 29.9% · king 21.9% · crowned 17.2% (median year 22) · 2.7s
try  2 · gen  190 · best   1168.3 · elite    720.8 · median    218.6 · years  21.0 · road 0.42 · starved   906 · nobles  +3.8 · read 19.1 · walls  3.6 · fell 55.3% (mother 34.6%) · prince 36.5% · king 24.5% · crowned 16.3% (median year 24) · 2.7s
try  3 · gen  190 · best    819.3 · elite    486.2 · median    135.1 · years  28.8 · road 0.35 · starved   982 · nobles  +9.8 · read  9.2 · walls  4.1 · fell 80.5% (mother 35.9%) · prince 17.7% · king 15.2% · crowned 13.7% (median year 53) · 2.7s
try  4 · gen  190 · best   1014.4 · elite    709.8 · median    202.8 · years  17.6 · road 0.33 · starved   674 · nobles  +6.9 · read  4.3 · walls  1.3 · fell 67.7% (mother 24.8%) · prince 26.7% · king 20.8% · crowned 16.4% (median year 21) · 2.7s
try  5 · gen  190 · best   1204.3 · elite    796.1 · median    228.1 · years  17.9 · road 0.45 · starved   855 · nobles  +3.5 · read 23.6 · walls  3.7 · fell 55.0% (mother 38.5%) · prince 32.0% · king 25.1% · crowned 19.6% (median year 24) · 2.7s
try  6 · gen  190 · best   1177.5 · elite    766.9 · median    223.3 · years  17.5 · road 0.42 · starved   705 · nobles  +4.5 · read 11.3 · walls  2.4 · fell 57.6% (mother 26.3%) · prince 30.1% · king 23.1% · crowned 19.3% (median year 23) · 2.7s
try  7 · gen  190 · best   1176.2 · elite    777.4 · median    257.4 · years  20.2 · road 0.41 · starved   631 · nobles  +3.5 · read 15.9 · walls  2.2 · fell 51.4% (mother 27.8%) · prince 36.8% · king 26.9% · crowned 19.6% (median year 23) · 2.7s
try  8 · gen  190 · best   1456.3 · elite    752.3 · median    212.5 · years  20.6 · road 0.39 · starved   730 · nobles  +5.6 · read  9.9 · walls  2.1 · fell 64.3% (mother 32.1%) · prince 30.3% · king 21.7% · crowned 17.4% (median year 25) · 2.7s
try  1 · gen  191 · best   1230.5 · elite    722.8 · median    203.3 · years  18.2 · road 0.38 · starved   807 · nobles  +5.5 · read 11.4 · walls  1.6 · fell 63.6% (mother 41.8%) · prince 29.5% · king 22.0% · crowned 17.4% (median year 23) · 2.7s
try  2 · gen  191 · best   1128.5 · elite    702.6 · median    207.0 · years  21.6 · road 0.43 · starved   928 · nobles  +3.3 · read 21.1 · walls  3.7 · fell 56.5% (mother 36.2%) · prince 36.3% · king 24.8% · crowned 15.5% (median year 24) · 2.7s
try  3 · gen  191 · best    860.1 · elite    487.6 · median    120.8 · years  28.9 · road 0.34 · starved   972 · nobles  +9.6 · read  8.1 · walls  4.3 · fell 80.1% (mother 36.7%) · prince 17.0% · king 14.8% · crowned 13.4% (median year 54) · 2.7s
try  4 · gen  191 · best   1067.1 · elite    711.7 · median    198.7 · years  17.5 · road 0.33 · starved   660 · nobles  +7.4 · read  4.4 · walls  1.2 · fell 66.9% (mother 23.8%) · prince 27.0% · king 20.6% · crowned 16.8% (median year 21) · 2.7s
try  5 · gen  191 · best   1259.4 · elite    790.3 · median    234.7 · years  17.9 · road 0.45 · starved   874 · nobles  +3.4 · read 23.4 · walls  3.7 · fell 55.8% (mother 40.0%) · prince 32.8% · king 25.9% · crowned 20.0% (median year 24) · 2.7s
try  6 · gen  191 · best   1193.8 · elite    782.8 · median    219.4 · years  17.2 · road 0.42 · starved   686 · nobles  +4.8 · read 11.2 · walls  2.3 · fell 57.5% (mother 26.7%) · prince 29.5% · king 23.8% · crowned 19.9% (median year 23) · 2.7s
try  7 · gen  191 · best   1244.9 · elite    774.5 · median    262.8 · years  20.2 · road 0.41 · starved   649 · nobles  +3.4 · read 14.8 · walls  2.2 · fell 51.8% (mother 27.4%) · prince 37.5% · king 27.0% · crowned 19.4% (median year 23) · 2.7s
try  8 · gen  191 · best   1213.5 · elite    744.4 · median    216.0 · years  21.1 · road 0.39 · starved   760 · nobles  +5.8 · read 11.5 · walls  2.1 · fell 63.5% (mother 32.2%) · prince 30.9% · king 22.5% · crowned 18.0% (median year 25) · 2.7s
try  1 · gen  192 · best   1008.8 · elite    710.5 · median    212.6 · years  18.4 · road 0.38 · starved   790 · nobles  +5.9 · read 11.8 · walls  1.5 · fell 62.3% (mother 40.3%) · prince 30.4% · king 22.6% · crowned 17.8% (median year 23) · 2.7s
try  2 · gen  192 · best    994.8 · elite    667.4 · median    227.1 · years  21.6 · road 0.43 · starved   945 · nobles  +3.2 · read 21.2 · walls  3.8 · fell 56.5% (mother 36.7%) · prince 38.4% · king 25.9% · crowned 15.9% (median year 24) · 2.7s
try  3 · gen  192 · best    894.9 · elite    468.8 · median    131.5 · years  29.1 · road 0.34 · starved   988 · nobles  +9.5 · read  8.3 · walls  4.5 · fell 79.2% (mother 35.8%) · prince 17.2% · king 15.4% · crowned 13.5% (median year 52) · 2.7s
try  4 · gen  192 · best   1194.6 · elite    666.5 · median    197.9 · years  17.7 · road 0.33 · starved   673 · nobles  +7.3 · read  4.8 · walls  1.3 · fell 67.5% (mother 23.4%) · prince 26.2% · king 20.5% · crowned 16.4% (median year 21) · 2.7s
try  5 · gen  192 · best   1113.5 · elite    797.9 · median    249.3 · years  17.9 · road 0.45 · starved   855 · nobles  +3.5 · read 23.5 · walls  3.6 · fell 54.2% (mother 36.8%) · prince 33.4% · king 26.4% · crowned 20.4% (median year 23) · 2.7s
try  6 · gen  192 · best   1392.5 · elite    778.0 · median    224.8 · years  17.3 · road 0.42 · starved   688 · nobles  +4.8 · read 11.4 · walls  2.2 · fell 57.5% (mother 26.3%) · prince 30.1% · king 23.9% · crowned 19.8% (median year 23) · 2.7s
try  7 · gen  192 · best   1210.5 · elite    778.8 · median    262.1 · years  20.2 · road 0.41 · starved   634 · nobles  +3.9 · read 14.7 · walls  2.2 · fell 50.8% (mother 27.5%) · prince 37.1% · king 27.4% · crowned 19.9% (median year 23) · 2.7s
try  8 · gen  192 · best   1054.2 · elite    734.8 · median    216.7 · years  21.1 · road 0.39 · starved   774 · nobles  +6.1 · read 11.4 · walls  2.1 · fell 64.6% (mother 32.1%) · prince 31.5% · king 21.8% · crowned 17.8% (median year 26) · 2.7s
try  1 · gen  193 · best   1164.6 · elite    712.9 · median    212.9 · years  18.4 · road 0.38 · starved   784 · nobles  +6.2 · read 11.8 · walls  1.4 · fell 63.0% (mother 40.5%) · prince 30.3% · king 22.9% · crowned 17.7% (median year 23) · 2.7s
try  2 · gen  193 · best   1219.1 · elite    707.7 · median    225.9 · years  21.7 · road 0.43 · starved   955 · nobles  +3.0 · read 20.9 · walls  3.7 · fell 56.2% (mother 37.0%) · prince 38.8% · king 26.7% · crowned 16.1% (median year 24) · 2.7s
try  3 · gen  193 · best    749.4 · elite    476.3 · median    123.5 · years  29.0 · road 0.35 · starved   990 · nobles  +8.8 · read  7.9 · walls  4.6 · fell 79.5% (mother 35.2%) · prince 17.0% · king 14.9% · crowned 13.3% (median year 52) · 2.7s
try  4 · gen  193 · best   1229.1 · elite    712.1 · median    208.6 · years  17.7 · road 0.33 · starved   602 · nobles  +7.5 · read  4.7 · walls  1.2 · fell 65.7% (mother 20.5%) · prince 26.8% · king 21.0% · crowned 17.1% (median year 21) · 2.7s
try  5 · gen  193 · best   1234.8 · elite    805.3 · median    243.0 · years  18.2 · road 0.46 · starved   855 · nobles  +3.5 · read 23.9 · walls  3.7 · fell 53.7% (mother 35.2%) · prince 33.7% · king 26.0% · crowned 20.2% (median year 24) · 2.7s
try  6 · gen  193 · best   1207.9 · elite    765.8 · median    228.0 · years  17.6 · road 0.41 · starved   697 · nobles  +5.2 · read 11.8 · walls  2.2 · fell 58.7% (mother 27.4%) · prince 30.3% · king 23.5% · crowned 19.5% (median year 24) · 2.7s
try  7 · gen  193 · best   1453.6 · elite    768.9 · median    251.6 · years  20.6 · road 0.41 · starved   718 · nobles  +3.5 · read 14.4 · walls  2.2 · fell 53.5% (mother 31.0%) · prince 37.1% · king 26.5% · crowned 19.1% (median year 23) · 2.7s
try  8 · gen  193 · best   1194.1 · elite    723.6 · median    205.7 · years  21.1 · road 0.39 · starved   805 · nobles  +6.0 · read 11.0 · walls  2.1 · fell 65.6% (mother 34.2%) · prince 30.9% · king 21.3% · crowned 17.7% (median year 26) · 2.7s
try  1 · gen  194 · best   1216.3 · elite    699.5 · median    210.3 · years  18.6 · road 0.38 · starved   827 · nobles  +6.6 · read 11.6 · walls  1.3 · fell 63.3% (mother 40.0%) · prince 29.4% · king 22.5% · crowned 17.6% (median year 23) · 2.7s
try  2 · gen  194 · best   1050.9 · elite    664.3 · median    222.2 · years  21.4 · road 0.43 · starved  1007 · nobles  +2.8 · read 21.1 · walls  3.7 · fell 57.2% (mother 38.7%) · prince 37.5% · king 26.0% · crowned 15.4% (median year 24) · 2.7s
try  3 · gen  194 · best    942.7 · elite    499.5 · median    138.3 · years  29.1 · road 0.35 · starved   993 · nobles  +9.4 · read  7.8 · walls  4.6 · fell 79.2% (mother 36.2%) · prince 18.0% · king 15.6% · crowned 14.2% (median year 52) · 2.7s
try  4 · gen  194 · best   1054.7 · elite    694.7 · median    204.1 · years  17.7 · road 0.33 · starved   644 · nobles  +7.2 · read  5.1 · walls  1.3 · fell 65.7% (mother 21.5%) · prince 27.3% · king 21.6% · crowned 16.6% (median year 21) · 2.7s
try  5 · gen  194 · best   1228.0 · elite    800.4 · median    250.9 · years  18.5 · road 0.47 · starved   846 · nobles  +3.0 · read 24.5 · walls  3.8 · fell 53.0% (mother 35.0%) · prince 34.0% · king 26.2% · crowned 20.1% (median year 24) · 2.7s
try  6 · gen  194 · best   1073.9 · elite    762.5 · median    229.6 · years  17.7 · road 0.42 · starved   717 · nobles  +4.4 · read 14.1 · walls  2.2 · fell 57.6% (mother 28.3%) · prince 29.9% · king 24.2% · crowned 20.4% (median year 24) · 2.7s
try  7 · gen  194 · best   1212.5 · elite    774.8 · median    243.2 · years  20.5 · road 0.40 · starved   669 · nobles  +4.1 · read 14.2 · walls  2.1 · fell 52.3% (mother 28.9%) · prince 35.9% · king 25.2% · crowned 19.2% (median year 23) · 2.7s
try  8 · gen  194 · best   1040.1 · elite    738.2 · median    210.7 · years  21.2 · road 0.39 · starved   790 · nobles  +6.2 · read 11.4 · walls  2.1 · fell 65.7% (mother 33.8%) · prince 32.0% · king 22.1% · crowned 18.1% (median year 27) · 2.7s
try  1 · gen  195 · best   1246.2 · elite    717.0 · median    208.6 · years  18.5 · road 0.38 · starved   847 · nobles  +6.1 · read 11.1 · walls  1.4 · fell 64.6% (mother 42.3%) · prince 30.3% · king 22.9% · crowned 17.4% (median year 23) · 2.7s
try  2 · gen  195 · best   1045.3 · elite    677.4 · median    228.7 · years  21.3 · road 0.43 · starved   946 · nobles  +3.2 · read 21.2 · walls  3.7 · fell 55.5% (mother 37.7%) · prince 37.2% · king 25.5% · crowned 15.8% (median year 24) · 2.7s
try  3 · gen  195 · best   1050.9 · elite    493.5 · median    136.3 · years  29.5 · road 0.34 · starved   980 · nobles  +9.4 · read  8.8 · walls  4.6 · fell 79.1% (mother 35.3%) · prince 17.3% · king 15.4% · crowned 14.0% (median year 52) · 2.7s
try  4 · gen  195 · best   1315.5 · elite    707.9 · median    209.5 · years  17.9 · road 0.34 · starved   611 · nobles  +6.9 · read  5.1 · walls  1.4 · fell 65.1% (mother 20.5%) · prince 27.2% · king 21.6% · crowned 16.8% (median year 21) · 2.7s
try  5 · gen  195 · best   1220.6 · elite    778.8 · median    236.4 · years  18.1 · road 0.46 · starved   886 · nobles  +3.2 · read 23.7 · walls  3.7 · fell 54.9% (mother 38.2%) · prince 33.2% · king 25.7% · crowned 19.7% (median year 24) · 2.7s
try  6 · gen  195 · best   1415.3 · elite    778.8 · median    220.2 · years  18.0 · road 0.42 · starved   705 · nobles  +4.4 · read 14.4 · walls  2.2 · fell 58.4% (mother 27.2%) · prince 30.0% · king 23.6% · crowned 19.7% (median year 24) · 2.7s
try  7 · gen  195 · best   1212.1 · elite    763.4 · median    241.0 · years  20.5 · road 0.40 · starved   709 · nobles  +4.3 · read 13.8 · walls  2.0 · fell 54.0% (mother 30.9%) · prince 36.1% · king 24.3% · crowned 18.7% (median year 24) · 2.7s
try  8 · gen  195 · best   1227.9 · elite    723.6 · median    216.1 · years  21.5 · road 0.39 · starved   775 · nobles  +6.3 · read 11.7 · walls  2.2 · fell 65.7% (mother 33.4%) · prince 31.2% · king 21.3% · crowned 17.8% (median year 27) · 2.7s
try  1 · gen  196 · best   1223.5 · elite    712.6 · median    206.9 · years  18.5 · road 0.38 · starved   805 · nobles  +6.0 · read 11.2 · walls  1.3 · fell 63.8% (mother 41.3%) · prince 29.2% · king 22.7% · crowned 17.8% (median year 23) · 2.7s
try  2 · gen  196 · best   1238.0 · elite    702.8 · median    231.1 · years  21.4 · road 0.43 · starved   965 · nobles  +3.0 · read 21.2 · walls  3.7 · fell 56.5% (mother 37.8%) · prince 38.6% · king 25.6% · crowned 15.6% (median year 24) · 2.7s
try  3 · gen  196 · best   1050.1 · elite    505.9 · median    126.9 · years  29.3 · road 0.34 · starved  1003 · nobles  +9.5 · read  8.8 · walls  4.3 · fell 78.5% (mother 35.1%) · prince 18.0% · king 15.4% · crowned 13.9% (median year 52) · 2.7s
try  4 · gen  196 · best   1042.9 · elite    706.5 · median    209.7 · years  17.7 · road 0.34 · starved   582 · nobles  +6.8 · read  5.7 · walls  1.4 · fell 65.0% (mother 21.2%) · prince 27.2% · king 21.7% · crowned 17.2% (median year 21) · 2.7s
try  5 · gen  196 · best   1191.7 · elite    801.6 · median    251.9 · years  18.2 · road 0.46 · starved   842 · nobles  +3.2 · read 23.5 · walls  3.8 · fell 53.0% (mother 36.9%) · prince 33.8% · king 26.4% · crowned 20.9% (median year 23) · 2.7s
try  6 · gen  196 · best   1206.1 · elite    775.6 · median    223.9 · years  18.1 · road 0.42 · starved   701 · nobles  +4.6 · read 15.4 · walls  2.2 · fell 58.8% (mother 27.7%) · prince 29.9% · king 23.4% · crowned 19.9% (median year 24) · 2.7s
try  7 · gen  196 · best   1309.3 · elite    788.0 · median    244.3 · years  20.5 · road 0.40 · starved   690 · nobles  +4.4 · read 13.3 · walls  2.1 · fell 53.7% (mother 29.2%) · prince 36.7% · king 25.7% · crowned 19.1% (median year 23) · 2.7s
try  8 · gen  196 · best   1143.5 · elite    705.5 · median    211.2 · years  21.6 · road 0.40 · starved   836 · nobles  +6.3 · read 11.9 · walls  2.3 · fell 66.2% (mother 33.2%) · prince 32.1% · king 21.9% · crowned 17.7% (median year 27) · 2.7s
try  1 · gen  197 · best   1184.8 · elite    744.1 · median    210.9 · years  18.9 · road 0.38 · starved   831 · nobles  +5.6 · read 11.5 · walls  1.3 · fell 63.5% (mother 40.6%) · prince 30.4% · king 23.1% · crowned 17.9% (median year 23) · 2.7s
try  2 · gen  197 · best   1182.6 · elite    709.6 · median    218.4 · years  21.1 · road 0.43 · starved   957 · nobles  +3.1 · read 21.0 · walls  3.8 · fell 56.0% (mother 38.6%) · prince 37.9% · king 25.3% · crowned 15.8% (median year 24) · 2.7s
try  3 · gen  197 · best    847.9 · elite    512.4 · median    127.5 · years  29.1 · road 0.34 · starved  1014 · nobles  +9.2 · read  9.4 · walls  4.2 · fell 79.1% (mother 34.6%) · prince 17.5% · king 15.1% · crowned 13.8% (median year 51) · 2.7s
try  4 · gen  197 · best   1224.9 · elite    683.8 · median    206.0 · years  17.6 · road 0.33 · starved   624 · nobles  +6.8 · read  5.8 · walls  1.5 · fell 67.2% (mother 23.4%) · prince 26.5% · king 21.4% · crowned 16.6% (median year 21) · 2.7s
try  5 · gen  197 · best   1427.7 · elite    785.0 · median    249.0 · years  18.0 · road 0.46 · starved   835 · nobles  +3.8 · read 23.2 · walls  3.8 · fell 53.2% (mother 34.2%) · prince 33.2% · king 25.5% · crowned 20.0% (median year 23) · 2.7s
try  6 · gen  197 · best   1289.3 · elite    750.9 · median    216.7 · years  18.0 · road 0.42 · starved   682 · nobles  +4.0 · read 15.8 · walls  2.2 · fell 61.1% (mother 28.9%) · prince 27.6% · king 22.1% · crowned 18.7% (median year 24) · 2.7s
try  7 · gen  197 · best   1237.0 · elite    759.8 · median    247.8 · years  20.9 · road 0.41 · starved   693 · nobles  +4.2 · read 13.3 · walls  2.1 · fell 53.0% (mother 27.8%) · prince 36.8% · king 25.3% · crowned 18.8% (median year 23) · 2.7s
try  8 · gen  197 · best   1209.7 · elite    724.2 · median    209.8 · years  21.3 · road 0.39 · starved   798 · nobles  +6.8 · read 11.7 · walls  2.2 · fell 65.8% (mother 33.6%) · prince 31.0% · king 21.5% · crowned 17.9% (median year 27) · 2.7s
try  1 · gen  198 · best   1222.0 · elite    711.1 · median    209.0 · years  18.8 · road 0.38 · starved   808 · nobles  +5.5 · read 11.6 · walls  1.3 · fell 63.8% (mother 40.7%) · prince 29.4% · king 22.0% · crowned 17.2% (median year 23) · 2.7s
try  2 · gen  198 · best   1059.8 · elite    699.9 · median    219.2 · years  20.8 · road 0.43 · starved   991 · nobles  +2.8 · read 20.4 · walls  3.8 · fell 56.7% (mother 39.0%) · prince 38.1% · king 25.7% · crowned 15.6% (median year 24) · 2.7s
try  3 · gen  198 · best    849.3 · elite    509.7 · median    128.3 · years  28.9 · road 0.34 · starved   985 · nobles  +9.8 · read  9.2 · walls  4.3 · fell 79.3% (mother 35.0%) · prince 17.4% · king 14.9% · crowned 13.7% (median year 51) · 2.7s
try  4 · gen  198 · best   1042.9 · elite    667.0 · median    205.5 · years  17.7 · road 0.34 · starved   621 · nobles  +6.6 · read  5.9 · walls  1.5 · fell 66.4% (mother 23.0%) · prince 26.7% · king 21.4% · crowned 16.7% (median year 21) · 2.7s
try  5 · gen  198 · best   1234.8 · elite    773.7 · median    245.5 · years  18.2 · road 0.46 · starved   861 · nobles  +3.2 · read 23.5 · walls  3.8 · fell 54.7% (mother 37.0%) · prince 33.5% · king 26.0% · crowned 19.9% (median year 23) · 2.7s
try  6 · gen  198 · best   1262.3 · elite    779.4 · median    213.8 · years  18.2 · road 0.42 · starved   672 · nobles  +4.3 · read 16.2 · walls  2.1 · fell 60.5% (mother 26.9%) · prince 28.0% · king 22.7% · crowned 19.3% (median year 24) · 2.7s
try  7 · gen  198 · best   1068.1 · elite    789.0 · median    251.5 · years  20.6 · road 0.41 · starved   691 · nobles  +4.0 · read 12.4 · walls  2.1 · fell 53.0% (mother 29.2%) · prince 37.4% · king 25.8% · crowned 19.4% (median year 23) · 2.7s
try  8 · gen  198 · best   1206.8 · elite    717.3 · median    218.3 · years  21.0 · road 0.39 · starved   791 · nobles  +7.0 · read 11.0 · walls  2.2 · fell 64.3% (mother 32.2%) · prince 31.0% · king 21.2% · crowned 18.2% (median year 26) · 2.7s
try  1 · gen  199 · best   1205.2 · elite    702.5 · median    205.3 · years  19.1 · road 0.39 · starved   829 · nobles  +5.0 · read 11.3 · walls  1.3 · fell 65.9% (mother 42.0%) · prince 30.4% · king 23.1% · crowned 17.1% (median year 24) · 2.7s
try  2 · gen  199 · best   1253.7 · elite    690.6 · median    219.2 · years  21.5 · road 0.44 · starved  1014 · nobles  +2.8 · read 21.4 · walls  3.8 · fell 58.1% (mother 40.2%) · prince 39.1% · king 25.7% · crowned 15.5% (median year 24) · 2.7s
try  3 · gen  199 · best    895.9 · elite    505.0 · median    124.6 · years  29.0 · road 0.34 · starved  1005 · nobles +10.7 · read  8.6 · walls  4.2 · fell 79.2% (mother 34.9%) · prince 17.5% · king 15.0% · crowned 13.8% (median year 52) · 2.7s
try  4 · gen  199 · best   1031.0 · elite    691.7 · median    199.7 · years  17.8 · road 0.34 · starved   624 · nobles  +6.8 · read  5.0 · walls  1.5 · fell 67.1% (mother 22.8%) · prince 26.4% · king 20.8% · crowned 16.3% (median year 21) · 2.7s
try  5 · gen  199 · best   1055.6 · elite    764.8 · median    248.7 · years  18.1 · road 0.46 · starved   876 · nobles  +3.9 · read 23.5 · walls  3.7 · fell 54.7% (mother 37.8%) · prince 34.3% · king 25.8% · crowned 19.7% (median year 23) · 2.7s
try  6 · gen  199 · best   1173.6 · elite    792.7 · median    224.5 · years  18.4 · road 0.42 · starved   675 · nobles  +4.5 · read 17.0 · walls  2.4 · fell 61.0% (mother 25.7%) · prince 28.8% · king 23.0% · crowned 20.0% (median year 25) · 2.7s
try  7 · gen  199 · best   1152.7 · elite    755.2 · median    253.2 · years  20.9 · road 0.41 · starved   718 · nobles  +3.6 · read 12.7 · walls  2.2 · fell 53.9% (mother 30.5%) · prince 37.0% · king 25.5% · crowned 18.9% (median year 23) · 2.7s
try  8 · gen  199 · best   1193.4 · elite    743.8 · median    223.5 · years  21.5 · road 0.40 · starved   752 · nobles  +7.1 · read 12.0 · walls  2.3 · fell 63.7% (mother 31.6%) · prince 32.0% · king 21.9% · crowned 18.5% (median year 26) · 2.7s
try  1 · gen  200 · best   1184.9 · elite    744.8 · median    214.3 · years  19.0 · road 0.38 · starved   797 · nobles  +5.7 · read 12.2 · walls  1.2 · fell 65.0% (mother 39.9%) · prince 30.0% · king 22.9% · crowned 18.0% (median year 24) · 2.7s
try  2 · gen  200 · best   1032.6 · elite    664.3 · median    213.7 · years  21.2 · road 0.43 · starved   971 · nobles  +2.9 · read 21.2 · walls  3.9 · fell 57.0% (mother 39.6%) · prince 37.1% · king 24.1% · crowned 15.0% (median year 24) · 2.7s
try  3 · gen  200 · best    848.4 · elite    499.2 · median    136.7 · years  29.4 · road 0.34 · starved   991 · nobles +11.1 · read  8.4 · walls  4.3 · fell 78.9% (mother 34.1%) · prince 17.7% · king 15.2% · crowned 13.9% (median year 53) · 2.7s
try  4 · gen  200 · best   1237.7 · elite    691.2 · median    198.5 · years  17.7 · road 0.34 · starved   620 · nobles  +6.6 · read  5.4 · walls  1.5 · fell 65.6% (mother 22.8%) · prince 26.2% · king 20.9% · crowned 16.7% (median year 21) · 2.7s
try  5 · gen  200 · best   1213.3 · elite    781.8 · median    233.3 · years  18.3 · road 0.46 · starved   857 · nobles  +4.4 · read 24.2 · walls  3.9 · fell 53.6% (mother 34.1%) · prince 33.5% · king 25.2% · crowned 19.7% (median year 23) · 2.7s
try  6 · gen  200 · best   1199.8 · elite    767.2 · median    221.7 · years  18.4 · road 0.43 · starved   657 · nobles  +4.7 · read 17.7 · walls  2.5 · fell 59.4% (mother 23.9%) · prince 28.6% · king 22.9% · crowned 19.9% (median year 24) · 2.7s
try  7 · gen  200 · best   1271.0 · elite    746.8 · median    248.5 · years  20.6 · road 0.41 · starved   682 · nobles  +4.2 · read 12.6 · walls  2.2 · fell 53.5% (mother 29.8%) · prince 36.4% · king 25.7% · crowned 19.0% (median year 23) · 2.7s
try  8 · gen  200 · best   1211.3 · elite    758.6 · median    225.7 · years  21.1 · road 0.39 · starved   716 · nobles  +7.4 · read 11.8 · walls  2.3 · fell 62.2% (mother 30.6%) · prince 32.1% · king 22.8% · crowned 18.8% (median year 26) · 2.7s
try  1 · gen  201 · best   1203.2 · elite    724.4 · median    204.5 · years  19.3 · road 0.38 · starved   772 · nobles  +5.0 · read 12.9 · walls  1.2 · fell 64.5% (mother 37.8%) · prince 28.7% · king 21.6% · crowned 17.3% (median year 24) · 2.8s
try  2 · gen  201 · best    988.6 · elite    660.9 · median    221.1 · years  20.9 · road 0.43 · starved   965 · nobles  +2.9 · read 20.3 · walls  3.9 · fell 57.4% (mother 38.8%) · prince 36.2% · king 25.0% · crowned 15.9% (median year 24) · 2.8s
try  3 · gen  201 · best    967.0 · elite    484.3 · median    110.5 · years  30.0 · road 0.34 · starved  1070 · nobles +10.1 · read  8.8 · walls  4.4 · fell 80.2% (mother 35.0%) · prince 17.5% · king 14.8% · crowned 13.2% (median year 54) · 2.8s
try  4 · gen  201 · best   1202.1 · elite    708.0 · median    206.9 · years  17.6 · road 0.34 · starved   612 · nobles  +7.0 · read  5.3 · walls  1.6 · fell 65.7% (mother 22.9%) · prince 26.3% · king 21.3% · crowned 16.9% (median year 21) · 2.8s
try  5 · gen  201 · best   1207.8 · elite    807.6 · median    246.7 · years  18.1 · road 0.47 · starved   832 · nobles  +4.5 · read 24.3 · walls  4.0 · fell 52.7% (mother 34.5%) · prince 34.3% · king 25.9% · crowned 20.2% (median year 23) · 2.8s
try  6 · gen  201 · best   1151.5 · elite    767.2 · median    229.4 · years  18.8 · road 0.44 · starved   659 · nobles  +4.1 · read 18.6 · walls  2.6 · fell 59.7% (mother 22.8%) · prince 29.4% · king 23.7% · crowned 19.9% (median year 25) · 2.8s
try  7 · gen  201 · best   1040.0 · elite    752.3 · median    239.5 · years  20.8 · road 0.41 · starved   678 · nobles  +4.0 · read 11.7 · walls  2.2 · fell 54.3% (mother 28.1%) · prince 35.4% · king 24.8% · crowned 18.6% (median year 24) · 2.8s
try  8 · gen  201 · best   1191.4 · elite    752.8 · median    220.9 · years  20.7 · road 0.39 · starved   694 · nobles  +7.3 · read 11.5 · walls  2.2 · fell 61.9% (mother 30.0%) · prince 31.9% · king 22.4% · crowned 18.7% (median year 25) · 2.8s
try  1 · gen  202 · best   1223.8 · elite    694.1 · median    207.1 · years  19.5 · road 0.38 · starved   792 · nobles  +6.2 · read 13.4 · walls  1.2 · fell 65.2% (mother 37.6%) · prince 28.9% · king 22.0% · crowned 17.9% (median year 24) · 2.7s
try  2 · gen  202 · best   1299.7 · elite    711.1 · median    215.3 · years  21.1 · road 0.43 · starved   983 · nobles  +3.3 · read 21.2 · walls  3.9 · fell 56.9% (mother 38.9%) · prince 37.6% · king 25.3% · crowned 15.8% (median year 24) · 2.7s
try  3 · gen  202 · best    848.8 · elite    480.0 · median    125.1 · years  29.8 · road 0.34 · starved  1030 · nobles +10.3 · read  8.8 · walls  4.4 · fell 79.8% (mother 35.1%) · prince 17.3% · king 14.8% · crowned 13.2% (median year 52) · 2.7s
try  4 · gen  202 · best   1229.9 · elite    690.5 · median    208.6 · years  17.6 · road 0.34 · starved   617 · nobles  +7.0 · read  5.6 · walls  1.6 · fell 66.0% (mother 23.1%) · prince 26.5% · king 21.2% · crowned 17.0% (median year 21) · 2.7s
try  5 · gen  202 · best   1183.2 · elite    794.0 · median    233.3 · years  18.0 · road 0.46 · starved   853 · nobles  +3.9 · read 23.9 · walls  4.1 · fell 55.2% (mother 36.6%) · prince 32.7% · king 24.7% · crowned 19.2% (median year 23) · 2.7s
try  6 · gen  202 · best   1221.1 · elite    774.5 · median    220.3 · years  18.5 · road 0.43 · starved   667 · nobles  +3.6 · read 18.0 · walls  2.7 · fell 59.9% (mother 24.1%) · prince 27.9% · king 22.6% · crowned 19.2% (median year 25) · 2.7s
try  7 · gen  202 · best   1012.0 · elite    751.7 · median    247.0 · years  20.6 · road 0.40 · starved   695 · nobles  +3.5 · read 11.4 · walls  2.2 · fell 54.4% (mother 29.5%) · prince 36.3% · king 25.5% · crowned 19.0% (median year 24) · 2.7s
try  8 · gen  202 · best   1198.6 · elite    741.7 · median    224.0 · years  21.1 · road 0.40 · starved   724 · nobles  +7.6 · read 11.8 · walls  2.3 · fell 61.9% (mother 31.1%) · prince 32.3% · king 23.0% · crowned 18.9% (median year 25) · 2.7s
try  1 · gen  203 · best   1447.2 · elite    746.1 · median    220.6 · years  19.8 · road 0.39 · starved   785 · nobles  +6.2 · read 13.3 · walls  1.3 · fell 64.1% (mother 35.6%) · prince 30.4% · king 23.0% · crowned 18.2% (median year 24) · 2.7s
try  2 · gen  203 · best   1088.3 · elite    706.6 · median    206.0 · years  20.7 · road 0.42 · starved   982 · nobles  +3.5 · read 20.5 · walls  3.8 · fell 56.4% (mother 38.6%) · prince 35.9% · king 24.2% · crowned 15.7% (median year 24) · 2.7s
try  3 · gen  203 · best    961.3 · elite    482.4 · median    126.8 · years  29.3 · road 0.34 · starved  1043 · nobles +10.0 · read  8.8 · walls  4.6 · fell 80.2% (mother 37.3%) · prince 17.9% · king 15.0% · crowned 13.5% (median year 52) · 2.7s
try  4 · gen  203 · best   1234.8 · elite    708.2 · median    203.2 · years  17.8 · road 0.34 · starved   628 · nobles  +7.0 · read  5.7 · walls  1.6 · fell 67.0% (mother 23.2%) · prince 27.2% · king 21.1% · crowned 16.8% (median year 22) · 2.7s
try  5 · gen  203 · best   1194.6 · elite    773.2 · median    242.5 · years  18.1 · road 0.46 · starved   870 · nobles  +3.7 · read 24.7 · walls  4.0 · fell 54.5% (mother 36.1%) · prince 34.4% · king 25.8% · crowned 19.6% (median year 24) · 2.7s
try  6 · gen  203 · best   1248.9 · elite    791.7 · median    222.2 · years  18.9 · road 0.43 · starved   665 · nobles  +3.6 · read 17.7 · walls  2.7 · fell 59.7% (mother 23.1%) · prince 28.9% · king 23.6% · crowned 19.8% (median year 25) · 2.7s
try  7 · gen  203 · best   1246.9 · elite    790.8 · median    250.1 · years  20.3 · road 0.40 · starved   687 · nobles  +3.9 · read 11.0 · walls  2.2 · fell 53.5% (mother 30.1%) · prince 35.8% · king 25.3% · crowned 19.2% (median year 23) · 2.7s
try  8 · gen  203 · best   1233.5 · elite    760.3 · median    222.2 · years  21.0 · road 0.39 · starved   720 · nobles  +7.7 · read 11.3 · walls  2.2 · fell 62.8% (mother 30.2%) · prince 31.2% · king 22.3% · crowned 18.8% (median year 25) · 2.7s
try  1 · gen  204 · best   1215.5 · elite    735.2 · median    221.1 · years  19.4 · road 0.38 · starved   709 · nobles  +5.8 · read 13.4 · walls  1.3 · fell 63.2% (mother 34.0%) · prince 29.2% · king 22.7% · crowned 18.8% (median year 25) · 2.7s
try  2 · gen  204 · best   1057.0 · elite    709.1 · median    219.7 · years  20.4 · road 0.42 · starved   943 · nobles  +3.7 · read 20.4 · walls  3.8 · fell 56.2% (mother 38.0%) · prince 35.4% · king 24.7% · crowned 16.6% (median year 24) · 2.7s
try  3 · gen  204 · best    815.6 · elite    475.6 · median    118.4 · years  29.7 · road 0.34 · starved  1086 · nobles +10.0 · read  8.7 · walls  5.0 · fell 80.5% (mother 39.0%) · prince 17.1% · king 14.4% · crowned 12.8% (median year 54) · 2.7s
try  4 · gen  204 · best   1239.5 · elite    701.4 · median    207.9 · years  17.9 · road 0.34 · starved   570 · nobles  +7.3 · read  5.3 · walls  1.6 · fell 64.9% (mother 20.6%) · prince 27.1% · king 21.4% · crowned 17.2% (median year 21) · 2.7s
try  5 · gen  204 · best   1227.9 · elite    806.6 · median    236.4 · years  18.2 · road 0.46 · starved   844 · nobles  +3.8 · read 24.6 · walls  4.1 · fell 54.5% (mother 36.4%) · prince 33.2% · king 25.3% · crowned 19.7% (median year 23) · 2.7s
try  6 · gen  204 · best   1237.6 · elite    762.5 · median    219.9 · years  18.2 · road 0.43 · starved   654 · nobles  +3.2 · read 16.7 · walls  2.5 · fell 59.3% (mother 24.0%) · prince 27.8% · king 23.1% · crowned 19.7% (median year 25) · 2.7s
try  7 · gen  204 · best   1238.1 · elite    753.7 · median    249.1 · years  20.3 · road 0.40 · starved   706 · nobles  +4.4 · read 11.6 · walls  2.1 · fell 54.1% (mother 31.0%) · prince 37.0% · king 25.8% · crowned 18.8% (median year 23) · 2.7s
try  8 · gen  204 · best   1186.5 · elite    751.4 · median    228.8 · years  20.9 · road 0.39 · starved   677 · nobles  +7.5 · read 11.8 · walls  2.2 · fell 61.4% (mother 28.8%) · prince 31.2% · king 22.7% · crowned 18.9% (median year 25) · 2.7s
try  1 · gen  205 · best   1302.5 · elite    785.6 · median    215.0 · years  19.3 · road 0.38 · starved   719 · nobles  +5.5 · read 13.3 · walls  1.4 · fell 64.0% (mother 33.7%) · prince 30.5% · king 23.5% · crowned 19.0% (median year 24) · 2.8s
try  2 · gen  205 · best   1030.8 · elite    659.1 · median    213.6 · years  20.4 · road 0.41 · starved   947 · nobles  +3.9 · read 20.7 · walls  3.8 · fell 57.1% (mother 38.8%) · prince 34.8% · king 24.2% · crowned 16.3% (median year 24) · 2.8s
try  3 · gen  205 · best    840.7 · elite    497.7 · median    118.7 · years  30.0 · road 0.34 · starved  1070 · nobles  +9.2 · read  9.0 · walls  5.1 · fell 79.8% (mother 37.2%) · prince 17.8% · king 15.0% · crowned 13.4% (median year 54) · 2.8s
try  4 · gen  205 · best   1228.8 · elite    703.0 · median    210.7 · years  17.7 · road 0.34 · starved   571 · nobles  +7.2 · read  5.0 · walls  1.7 · fell 64.3% (mother 21.0%) · prince 27.0% · king 21.4% · crowned 17.4% (median year 21) · 2.8s
try  5 · gen  205 · best   1209.1 · elite    794.8 · median    232.3 · years  18.0 · road 0.46 · starved   915 · nobles  +4.0 · read 24.5 · walls  4.0 · fell 55.0% (mother 38.2%) · prince 33.3% · king 25.5% · crowned 19.8% (median year 24) · 2.8s
try  6 · gen  205 · best   1197.8 · elite    790.6 · median    224.2 · years  18.7 · road 0.44 · starved   650 · nobles  +3.3 · read 17.3 · walls  2.6 · fell 59.3% (mother 21.3%) · prince 28.9% · king 23.8% · crowned 20.1% (median year 25) · 2.8s
try  7 · gen  205 · best   1482.5 · elite    776.0 · median    244.6 · years  20.5 · road 0.40 · starved   705 · nobles  +4.3 · read 12.0 · walls  2.0 · fell 54.7% (mother 29.5%) · prince 35.8% · king 25.5% · crowned 18.5% (median year 24) · 2.8s
try  8 · gen  205 · best   1178.3 · elite    764.9 · median    229.9 · years  20.8 · road 0.39 · starved   664 · nobles  +7.4 · read 11.5 · walls  2.3 · fell 60.6% (mother 28.5%) · prince 31.5% · king 23.4% · crowned 19.1% (median year 25) · 2.8s
try  1 · gen  206 · best   1231.0 · elite    759.3 · median    212.9 · years  19.5 · road 0.39 · starved   753 · nobles  +5.1 · read 13.5 · walls  1.4 · fell 63.8% (mother 34.5%) · prince 30.3% · king 23.1% · crowned 18.4% (median year 24) · 2.7s
try  2 · gen  206 · best   1230.7 · elite    669.1 · median    215.8 · years  20.3 · road 0.41 · starved  1013 · nobles  +3.1 · read 20.9 · walls  3.6 · fell 58.4% (mother 39.7%) · prince 35.1% · king 24.6% · crowned 15.5% (median year 24) · 2.7s
try  3 · gen  206 · best    831.0 · elite    500.6 · median    122.6 · years  30.4 · road 0.34 · starved  1016 · nobles  +9.6 · read  9.4 · walls  5.1 · fell 79.1% (mother 35.3%) · prince 17.6% · king 15.0% · crowned 13.5% (median year 53) · 2.7s
try  4 · gen  206 · best   1288.4 · elite    696.9 · median    208.9 · years  17.6 · road 0.34 · starved   587 · nobles  +6.9 · read  5.6 · walls  1.7 · fell 64.6% (mother 22.5%) · prince 27.4% · king 21.8% · crowned 17.2% (median year 21) · 2.7s
try  5 · gen  206 · best   1054.4 · elite    804.5 · median    255.4 · years  18.9 · road 0.48 · starved   857 · nobles  +3.6 · read 26.9 · walls  4.3 · fell 50.8% (mother 33.5%) · prince 35.4% · king 26.8% · crowned 20.8% (median year 24) · 2.7s
try  6 · gen  206 · best   1212.8 · elite    787.8 · median    227.1 · years  18.0 · road 0.43 · starved   639 · nobles  +3.6 · read 16.9 · walls  2.5 · fell 60.0% (mother 21.1%) · prince 28.6% · king 24.0% · crowned 20.5% (median year 24) · 2.7s
try  7 · gen  206 · best   1068.3 · elite    789.4 · median    254.0 · years  20.4 · road 0.40 · starved   712 · nobles  +4.6 · read 11.9 · walls  2.0 · fell 53.7% (mother 31.4%) · prince 36.8% · king 26.2% · crowned 19.5% (median year 24) · 2.7s
try  8 · gen  206 · best   1228.9 · elite    755.0 · median    230.6 · years  21.0 · road 0.39 · starved   699 · nobles  +7.1 · read 11.3 · walls  2.4 · fell 61.6% (mother 29.6%) · prince 31.9% · king 23.1% · crowned 19.3% (median year 25) · 2.7s
try  1 · gen  207 · best   1033.2 · elite    695.5 · median    208.3 · years  19.4 · road 0.38 · starved   795 · nobles  +5.3 · read 13.5 · walls  1.4 · fell 66.7% (mother 36.5%) · prince 28.9% · king 21.5% · crowned 17.2% (median year 24) · 2.8s
try  2 · gen  207 · best   1212.6 · elite    698.2 · median    211.5 · years  20.6 · road 0.41 · starved   955 · nobles  +3.2 · read 20.7 · walls  3.6 · fell 57.9% (mother 39.0%) · prince 35.2% · king 24.8% · crowned 15.9% (median year 24) · 2.8s
try  3 · gen  207 · best    827.9 · elite    503.9 · median    136.3 · years  30.5 · road 0.35 · starved   970 · nobles  +9.8 · read  9.6 · walls  5.2 · fell 78.8% (mother 35.0%) · prince 18.1% · king 15.6% · crowned 14.1% (median year 53) · 2.8s
try  4 · gen  207 · best   1043.4 · elite    704.4 · median    204.3 · years  17.6 · road 0.34 · starved   591 · nobles  +7.0 · read  5.4 · walls  1.8 · fell 66.0% (mother 23.3%) · prince 27.4% · king 21.5% · crowned 16.9% (median year 21) · 2.8s
try  5 · gen  207 · best   1273.5 · elite    809.8 · median    262.9 · years  19.1 · road 0.48 · starved   856 · nobles  +3.7 · read 27.7 · walls  4.3 · fell 51.5% (mother 34.8%) · prince 36.5% · king 27.2% · crowned 20.2% (median year 24) · 2.8s
try  6 · gen  207 · best   1218.2 · elite    777.8 · median    236.1 · years  17.9 · road 0.43 · starved   629 · nobles  +3.8 · read 16.4 · walls  2.5 · fell 60.1% (mother 21.5%) · prince 29.0% · king 24.0% · crowned 20.7% (median year 24) · 2.8s
try  7 · gen  207 · best   1267.1 · elite    802.9 · median    246.5 · years  20.3 · road 0.40 · starved   694 · nobles  +4.9 · read 11.8 · walls  2.0 · fell 52.7% (mother 30.7%) · prince 36.8% · king 25.9% · crowned 19.5% (median year 23) · 2.8s
try  8 · gen  207 · best   1207.2 · elite    758.5 · median    232.5 · years  20.9 · road 0.39 · starved   705 · nobles  +7.6 · read 11.5 · walls  2.6 · fell 61.2% (mother 30.8%) · prince 31.3% · king 23.0% · crowned 19.3% (median year 25) · 2.8s
try  1 · gen  208 · best   1201.9 · elite    713.3 · median    210.6 · years  19.2 · road 0.39 · starved   728 · nobles  +5.3 · read 13.3 · walls  1.4 · fell 64.7% (mother 33.8%) · prince 28.9% · king 21.7% · crowned 17.5% (median year 24) · 2.7s
try  2 · gen  208 · best   1159.4 · elite    696.8 · median    201.3 · years  20.5 · road 0.41 · starved   984 · nobles  +3.2 · read 19.9 · walls  3.6 · fell 60.3% (mother 42.2%) · prince 34.6% · king 24.6% · crowned 15.5% (median year 25) · 2.7s
try  3 · gen  208 · best    866.9 · elite    505.3 · median    134.9 · years  30.5 · road 0.35 · starved  1039 · nobles  +9.8 · read 10.1 · walls  5.2 · fell 78.6% (mother 33.7%) · prince 17.8% · king 14.9% · crowned 13.8% (median year 52) · 2.7s
try  4 · gen  208 · best   1221.6 · elite    750.2 · median    207.2 · years  17.5 · road 0.34 · starved   571 · nobles  +6.7 · read  5.3 · walls  1.7 · fell 64.6% (mother 23.0%) · prince 27.0% · king 21.9% · crowned 17.4% (median year 21) · 2.7s
try  5 · gen  208 · best   1435.2 · elite    852.5 · median    255.7 · years  19.1 · road 0.48 · starved   896 · nobles  +4.0 · read 26.3 · walls  4.4 · fell 50.5% (mother 36.6%) · prince 36.8% · king 27.5% · crowned 20.4% (median year 24) · 2.7s
try  6 · gen  208 · best   1220.9 · elite    788.6 · median    227.6 · years  17.6 · road 0.43 · starved   628 · nobles  +3.8 · read 16.5 · walls  2.5 · fell 60.3% (mother 21.6%) · prince 28.2% · king 23.6% · crowned 20.5% (median year 24) · 2.7s
try  7 · gen  208 · best   1256.5 · elite    757.9 · median    246.4 · years  20.3 · road 0.40 · starved   698 · nobles  +4.5 · read 12.3 · walls  2.0 · fell 53.0% (mother 29.6%) · prince 36.5% · king 25.8% · crowned 18.9% (median year 23) · 2.7s
try  8 · gen  208 · best   1214.4 · elite    770.7 · median    225.0 · years  21.0 · road 0.40 · starved   688 · nobles  +7.8 · read 11.8 · walls  2.8 · fell 60.3% (mother 29.3%) · prince 31.0% · king 23.0% · crowned 18.9% (median year 25) · 2.7s
try  1 · gen  209 · best   1231.8 · elite    700.1 · median    209.8 · years  19.3 · road 0.39 · starved   754 · nobles  +4.8 · read 13.6 · walls  1.4 · fell 66.4% (mother 34.8%) · prince 28.5% · king 21.8% · crowned 17.2% (median year 24) · 2.8s
try  2 · gen  209 · best   1218.7 · elite    700.5 · median    197.2 · years  20.4 · road 0.41 · starved   947 · nobles  +3.5 · read 20.3 · walls  3.6 · fell 58.0% (mother 39.6%) · prince 34.0% · king 23.8% · crowned 15.6% (median year 24) · 2.8s
try  3 · gen  209 · best    829.1 · elite    503.5 · median    133.3 · years  30.7 · road 0.35 · starved  1037 · nobles  +9.8 · read 10.0 · walls  5.0 · fell 78.3% (mother 32.9%) · prince 18.0% · king 15.1% · crowned 14.0% (median year 52) · 2.8s
try  4 · gen  209 · best   1190.0 · elite    690.6 · median    212.1 · years  17.5 · road 0.34 · starved   600 · nobles  +7.2 · read  5.1 · walls  1.7 · fell 64.8% (mother 23.7%) · prince 26.6% · king 21.8% · crowned 17.8% (median year 21) · 2.8s
try  5 · gen  209 · best   1201.3 · elite    801.5 · median    250.3 · years  18.7 · road 0.46 · starved   872 · nobles  +4.9 · read 24.5 · walls  4.3 · fell 52.0% (mother 37.0%) · prince 36.5% · king 25.6% · crowned 20.0% (median year 23) · 2.8s
try  6 · gen  209 · best   1230.1 · elite    789.5 · median    229.3 · years  17.7 · road 0.43 · starved   613 · nobles  +3.4 · read 16.1 · walls  2.5 · fell 60.4% (mother 22.7%) · prince 29.2% · king 24.1% · crowned 20.9% (median year 24) · 2.8s
try  7 · gen  209 · best   1246.3 · elite    773.6 · median    247.2 · years  20.2 · road 0.40 · starved   678 · nobles  +4.9 · read 12.2 · walls  2.0 · fell 53.2% (mother 30.5%) · prince 36.1% · king 25.1% · crowned 18.6% (median year 23) · 2.8s
try  8 · gen  209 · best   1163.0 · elite    746.4 · median    224.2 · years  21.0 · road 0.40 · starved   772 · nobles  +7.3 · read 11.5 · walls  2.9 · fell 60.8% (mother 31.1%) · prince 30.9% · king 22.8% · crowned 19.1% (median year 25) · 2.8s
try  1 · gen  210 · best   1070.5 · elite    700.7 · median    209.3 · years  19.5 · road 0.39 · starved   748 · nobles  +4.9 · read 13.8 · walls  1.4 · fell 65.4% (mother 33.0%) · prince 29.2% · king 21.7% · crowned 17.4% (median year 24) · 2.8s
try  2 · gen  210 · best   1200.3 · elite    699.4 · median    195.7 · years  20.3 · road 0.41 · starved   970 · nobles  +3.5 · read 20.9 · walls  3.8 · fell 59.4% (mother 40.1%) · prince 34.1% · king 23.3% · crowned 15.5% (median year 24) · 2.8s
try  3 · gen  210 · best    809.8 · elite    474.9 · median    133.0 · years  30.8 · road 0.35 · starved  1072 · nobles +10.1 · read  9.4 · walls  5.0 · fell 78.9% (mother 34.2%) · prince 17.6% · king 14.9% · crowned 13.4% (median year 52) · 2.8s
try  4 · gen  210 · best   1228.6 · elite    717.7 · median    209.1 · years  17.5 · road 0.34 · starved   581 · nobles  +7.1 · read  5.2 · walls  1.6 · fell 65.0% (mother 23.5%) · prince 26.5% · king 21.7% · crowned 17.4% (median year 21) · 2.8s
try  5 · gen  210 · best   1198.7 · elite    794.4 · median    264.3 · years  19.2 · road 0.48 · starved   831 · nobles  +5.0 · read 24.8 · walls  4.4 · fell 48.2% (mother 33.4%) · prince 37.6% · king 26.0% · crowned 20.6% (median year 23) · 2.8s
try  6 · gen  210 · best   1247.9 · elite    778.1 · median    226.3 · years  17.8 · road 0.43 · starved   624 · nobles  +3.1 · read 16.6 · walls  2.3 · fell 60.5% (mother 21.6%) · prince 28.7% · king 23.5% · crowned 20.0% (median year 23) · 2.8s
try  7 · gen  210 · best   1216.9 · elite    775.8 · median    245.1 · years  20.5 · road 0.41 · starved   712 · nobles  +4.8 · read 12.9 · walls  1.9 · fell 54.7% (mother 30.1%) · prince 36.5% · king 24.9% · crowned 18.3% (median year 23) · 2.8s
try  8 · gen  210 · best   1276.3 · elite    736.3 · median    219.1 · years  21.0 · road 0.40 · starved   792 · nobles  +6.5 · read 12.0 · walls  3.0 · fell 61.4% (mother 32.6%) · prince 30.9% · king 23.0% · crowned 19.0% (median year 25) · 2.8s
try  1 · gen  211 · best   1186.1 · elite    711.5 · median    207.0 · years  19.2 · road 0.38 · starved   822 · nobles  +5.0 · read 13.8 · walls  1.3 · fell 65.9% (mother 34.8%) · prince 28.7% · king 21.4% · crowned 17.4% (median year 25) · 2.8s
try  2 · gen  211 · best    911.9 · elite    634.4 · median    193.6 · years  19.4 · road 0.39 · starved   965 · nobles  +3.5 · read 20.0 · walls  3.6 · fell 63.1% (mother 44.0%) · prince 31.5% · king 22.6% · crowned 15.1% (median year 24) · 2.8s
try  3 · gen  211 · best    782.9 · elite    490.4 · median    138.6 · years  31.0 · road 0.36 · starved  1040 · nobles +10.2 · read  9.6 · walls  5.3 · fell 79.3% (mother 34.7%) · prince 18.2% · king 14.9% · crowned 13.6% (median year 53) · 2.8s
try  4 · gen  211 · best   1453.0 · elite    746.9 · median    206.7 · years  17.4 · road 0.34 · starved   611 · nobles  +7.3 · read  5.5 · walls  1.6 · fell 66.3% (mother 26.0%) · prince 26.4% · king 21.1% · crowned 17.5% (median year 21) · 2.8s
try  5 · gen  211 · best   1281.7 · elite    818.8 · median    255.7 · years  18.9 · road 0.46 · starved   858 · nobles  +5.8 · read 22.5 · walls  4.2 · fell 50.1% (mother 36.0%) · prince 38.4% · king 25.4% · crowned 20.0% (median year 23) · 2.8s
try  6 · gen  211 · best   1194.5 · elite    759.1 · median    226.7 · years  18.1 · road 0.42 · starved   615 · nobles  +3.6 · read 17.0 · walls  2.2 · fell 61.3% (mother 21.3%) · prince 28.7% · king 24.0% · crowned 20.2% (median year 24) · 2.8s
try  7 · gen  211 · best   1211.4 · elite    759.5 · median    245.2 · years  20.6 · road 0.41 · starved   716 · nobles  +4.8 · read 13.5 · walls  1.9 · fell 55.1% (mother 29.7%) · prince 35.8% · king 25.2% · crowned 18.5% (median year 23) · 2.8s
try  8 · gen  211 · best   1212.0 · elite    777.7 · median    229.5 · years  20.8 · road 0.40 · starved   736 · nobles  +6.6 · read 11.9 · walls  3.1 · fell 59.7% (mother 31.1%) · prince 32.0% · king 23.3% · crowned 18.8% (median year 25) · 2.8s
try  1 · gen  212 · best   1227.0 · elite    707.5 · median    208.1 · years  19.2 · road 0.38 · starved   771 · nobles  +5.4 · read 13.9 · walls  1.3 · fell 66.4% (mother 35.2%) · prince 28.5% · king 21.5% · crowned 17.4% (median year 24) · 2.7s
try  2 · gen  212 · best   1053.4 · elite    679.7 · median    191.7 · years  19.6 · road 0.40 · starved   963 · nobles  +3.4 · read 20.5 · walls  3.5 · fell 62.4% (mother 43.5%) · prince 34.0% · king 23.4% · crowned 15.1% (median year 24) · 2.7s
try  3 · gen  212 · best    851.9 · elite    499.3 · median    129.0 · years  31.3 · road 0.35 · starved  1094 · nobles  +9.5 · read 10.1 · walls  5.3 · fell 78.9% (mother 33.3%) · prince 17.6% · king 14.6% · crowned 13.3% (median year 52) · 2.7s
try  4 · gen  212 · best   1313.9 · elite    697.1 · median    204.5 · years  17.4 · road 0.34 · starved   655 · nobles  +7.0 · read  5.0 · walls  1.6 · fell 66.9% (mother 28.2%) · prince 27.1% · king 21.5% · crowned 16.8% (median year 21) · 2.7s
try  5 · gen  212 · best   1068.3 · elite    796.0 · median    257.3 · years  18.3 · road 0.46 · starved   786 · nobles  +6.1 · read 21.7 · walls  4.0 · fell 47.5% (mother 33.0%) · prince 36.8% · king 25.5% · crowned 20.5% (median year 22) · 2.7s
try  6 · gen  212 · best   1453.9 · elite    764.1 · median    232.1 · years  17.9 · road 0.42 · starved   621 · nobles  +3.6 · read 16.5 · walls  2.2 · fell 60.8% (mother 21.6%) · prince 28.6% · king 23.8% · crowned 20.2% (median year 24) · 2.7s
try  7 · gen  212 · best   1207.5 · elite    791.9 · median    237.0 · years  20.4 · road 0.40 · starved   740 · nobles  +4.9 · read 13.1 · walls  2.0 · fell 55.4% (mother 31.4%) · prince 36.9% · king 25.4% · crowned 19.0% (median year 23) · 2.7s
try  8 · gen  212 · best   1222.2 · elite    782.5 · median    222.6 · years  20.9 · road 0.40 · starved   723 · nobles  +6.0 · read 12.1 · walls  3.0 · fell 61.8% (mother 32.8%) · prince 31.7% · king 22.8% · crowned 18.7% (median year 25) · 2.7s
try  1 · gen  213 · best   1137.6 · elite    710.1 · median    216.2 · years  19.2 · road 0.39 · starved   752 · nobles  +4.7 · read 13.8 · walls  1.3 · fell 65.9% (mother 34.8%) · prince 29.5% · king 21.7% · crowned 17.7% (median year 24) · 2.7s
try  2 · gen  213 · best   1171.4 · elite    693.6 · median    208.9 · years  19.7 · road 0.41 · starved   909 · nobles  +3.5 · read 21.3 · walls  3.5 · fell 57.9% (mother 39.4%) · prince 34.5% · king 24.0% · crowned 15.6% (median year 23) · 2.7s
try  3 · gen  213 · best   1032.1 · elite    519.8 · median    136.0 · years  31.2 · road 0.35 · starved  1061 · nobles +10.1 · read 10.2 · walls  5.4 · fell 78.8% (mother 34.7%) · prince 18.2% · king 15.3% · crowned 13.7% (median year 52) · 2.7s
try  4 · gen  213 · best   1206.6 · elite    688.5 · median    202.5 · years  17.3 · road 0.34 · starved   636 · nobles  +6.8 · read  4.7 · walls  1.5 · fell 66.7% (mother 27.2%) · prince 27.1% · king 21.5% · crowned 16.6% (median year 21) · 2.7s
try  5 · gen  213 · best   1303.2 · elite    825.7 · median    254.0 · years  18.7 · road 0.46 · starved   855 · nobles  +5.4 · read 21.4 · walls  4.1 · fell 50.8% (mother 35.6%) · prince 37.9% · king 26.0% · crowned 20.0% (median year 23) · 2.7s
try  6 · gen  213 · best   1173.6 · elite    793.2 · median    224.7 · years  17.8 · road 0.42 · starved   630 · nobles  +3.5 · read 16.3 · walls  2.4 · fell 61.4% (mother 22.3%) · prince 28.3% · king 23.6% · crowned 20.1% (median year 24) · 2.7s
try  7 · gen  213 · best   1208.9 · elite    793.9 · median    252.4 · years  20.5 · road 0.41 · starved   688 · nobles  +4.9 · read 13.5 · walls  1.9 · fell 54.0% (mother 28.9%) · prince 38.0% · king 26.2% · crowned 19.5% (median year 23) · 2.7s
try  8 · gen  213 · best   1231.1 · elite    740.3 · median    229.1 · years  20.6 · road 0.40 · starved   701 · nobles  +6.3 · read 12.5 · walls  3.0 · fell 59.5% (mother 32.2%) · prince 31.6% · king 22.7% · crowned 18.8% (median year 25) · 2.7s
try  1 · gen  214 · best   1202.8 · elite    711.1 · median    209.2 · years  19.6 · road 0.39 · starved   768 · nobles  +4.7 · read 14.2 · walls  1.3 · fell 65.8% (mother 35.3%) · prince 29.4% · king 21.6% · crowned 17.2% (median year 24) · 2.7s
try  2 · gen  214 · best   1219.3 · elite    675.8 · median    206.0 · years  19.4 · road 0.40 · starved   887 · nobles  +3.9 · read 21.7 · walls  3.6 · fell 58.9% (mother 38.9%) · prince 33.4% · king 23.5% · crowned 15.4% (median year 23) · 2.7s
try  3 · gen  214 · best    812.0 · elite    482.7 · median    129.5 · years  31.4 · road 0.35 · starved  1071 · nobles  +9.4 · read 11.2 · walls  4.9 · fell 78.9% (mother 33.5%) · prince 17.3% · king 14.6% · crowned 13.1% (median year 53) · 2.7s
try  4 · gen  214 · best   1055.2 · elite    705.9 · median    203.0 · years  17.8 · road 0.34 · starved   626 · nobles  +6.7 · read  4.6 · walls  1.6 · fell 65.3% (mother 24.7%) · prince 26.5% · king 20.7% · crowned 16.8% (median year 21) · 2.7s
try  5 · gen  214 · best   1189.5 · elite    773.2 · median    248.8 · years  18.3 · road 0.46 · starved   864 · nobles  +5.6 · read 20.5 · walls  3.8 · fell 50.9% (mother 36.7%) · prince 37.3% · king 25.4% · crowned 19.4% (median year 23) · 2.7s
try  6 · gen  214 · best   1206.6 · elite    781.6 · median    221.9 · years  18.0 · road 0.42 · starved   643 · nobles  +3.6 · read 16.8 · walls  2.3 · fell 61.8% (mother 23.1%) · prince 29.4% · king 23.6% · crowned 20.3% (median year 24) · 2.7s
try  7 · gen  214 · best   1228.7 · elite    786.9 · median    248.3 · years  20.3 · road 0.41 · starved   642 · nobles  +4.2 · read 13.4 · walls  1.9 · fell 54.2% (mother 27.1%) · prince 37.2% · king 26.0% · crowned 18.8% (median year 23) · 2.7s
try  8 · gen  214 · best   1453.4 · elite    801.5 · median    232.2 · years  20.4 · road 0.40 · starved   687 · nobles  +5.9 · read 12.5 · walls  3.0 · fell 58.7% (mother 31.8%) · prince 31.7% · king 24.0% · crowned 19.4% (median year 25) · 2.7s
try  1 · gen  215 · best   1216.3 · elite    712.8 · median    214.8 · years  19.6 · road 0.39 · starved   724 · nobles  +5.2 · read 14.4 · walls  1.4 · fell 64.7% (mother 34.1%) · prince 29.2% · king 21.9% · crowned 17.8% (median year 24) · 2.7s
try  2 · gen  215 · best   1037.0 · elite    684.5 · median    203.9 · years  19.0 · road 0.40 · starved   908 · nobles  +4.1 · read 21.4 · walls  3.5 · fell 59.3% (mother 39.6%) · prince 33.2% · king 24.0% · crowned 16.0% (median year 23) · 2.7s
try  3 · gen  215 · best    810.3 · elite    484.2 · median    135.0 · years  31.5 · road 0.35 · starved  1049 · nobles  +9.7 · read 11.3 · walls  5.1 · fell 78.0% (mother 33.7%) · prince 17.8% · king 15.1% · crowned 13.7% (median year 54) · 2.7s
try  4 · gen  215 · best   1218.7 · elite    687.8 · median    206.4 · years  17.6 · road 0.34 · starved   632 · nobles  +6.4 · read  4.6 · walls  1.6 · fell 66.9% (mother 26.1%) · prince 26.8% · king 21.2% · crowned 16.6% (median year 21) · 2.7s
try  5 · gen  215 · best   1235.9 · elite    795.6 · median    267.3 · years  17.8 · road 0.45 · starved   832 · nobles  +5.9 · read 18.6 · walls  3.8 · fell 51.5% (mother 37.5%) · prince 36.9% · king 26.3% · crowned 20.1% (median year 23) · 2.7s
try  6 · gen  215 · best   1254.8 · elite    772.1 · median    223.8 · years  17.7 · road 0.41 · starved   619 · nobles  +3.7 · read 16.8 · walls  2.0 · fell 60.3% (mother 22.4%) · prince 28.5% · king 23.6% · crowned 20.3% (median year 24) · 2.7s
try  7 · gen  215 · best   1271.8 · elite    753.3 · median    255.7 · years  20.1 · road 0.40 · starved   650 · nobles  +4.3 · read 13.8 · walls  1.9 · fell 53.8% (mother 29.2%) · prince 37.0% · king 25.7% · crowned 18.8% (median year 23) · 2.7s
try  8 · gen  215 · best   1013.3 · elite    761.6 · median    233.4 · years  20.5 · road 0.40 · starved   693 · nobles  +6.1 · read 12.4 · walls  3.0 · fell 59.0% (mother 32.0%) · prince 31.6% · king 22.9% · crowned 19.0% (median year 25) · 2.7s
try  1 · gen  216 · best   1211.4 · elite    723.1 · median    218.8 · years  19.8 · road 0.39 · starved   733 · nobles  +5.5 · read 15.1 · walls  1.4 · fell 63.9% (mother 32.6%) · prince 30.3% · king 22.6% · crowned 18.7% (median year 24) · 2.7s
try  2 · gen  216 · best   1155.7 · elite    676.4 · median    204.2 · years  20.2 · road 0.41 · starved   951 · nobles  +3.7 · read 21.6 · walls  3.6 · fell 59.5% (mother 40.6%) · prince 35.2% · king 24.1% · crowned 15.3% (median year 24) · 2.7s
try  3 · gen  216 · best   1024.6 · elite    502.3 · median    130.7 · years  31.4 · road 0.35 · starved  1046 · nobles  +9.4 · read 12.3 · walls  5.1 · fell 78.1% (mother 33.6%) · prince 18.5% · king 15.3% · crowned 13.7% (median year 52) · 2.7s
try  4 · gen  216 · best    982.9 · elite    674.6 · median    218.6 · years  17.6 · road 0.34 · starved   603 · nobles  +6.7 · read  3.9 · walls  1.6 · fell 64.3% (mother 24.8%) · prince 27.7% · king 22.1% · crowned 17.7% (median year 21) · 2.7s
try  5 · gen  216 · best   1221.3 · elite    808.1 · median    258.0 · years  17.9 · road 0.46 · starved   831 · nobles  +5.2 · read 18.9 · walls  4.0 · fell 50.9% (mother 36.8%) · prince 36.4% · king 26.1% · crowned 19.8% (median year 22) · 2.7s
try  6 · gen  216 · best   1199.2 · elite    763.0 · median    222.9 · years  17.6 · road 0.41 · starved   657 · nobles  +4.1 · read 15.8 · walls  2.2 · fell 61.1% (mother 24.2%) · prince 28.0% · king 23.1% · crowned 20.0% (median year 24) · 2.7s
try  7 · gen  216 · best   1218.1 · elite    779.0 · median    256.3 · years  20.4 · road 0.41 · starved   622 · nobles  +4.6 · read 14.8 · walls  1.9 · fell 52.4% (mother 27.2%) · prince 37.7% · king 26.3% · crowned 19.3% (median year 23) · 2.7s
try  8 · gen  216 · best   1078.4 · elite    763.9 · median    232.0 · years  20.5 · road 0.40 · starved   707 · nobles  +5.9 · read 12.2 · walls  2.9 · fell 58.8% (mother 32.2%) · prince 32.8% · king 23.6% · crowned 19.1% (median year 25) · 2.7s
try  1 · gen  217 · best   1238.3 · elite    727.3 · median    205.5 · years  19.9 · road 0.39 · starved   791 · nobles  +4.6 · read 15.2 · walls  1.4 · fell 65.3% (mother 33.4%) · prince 29.3% · king 22.0% · crowned 17.7% (median year 25) · 2.8s
try  2 · gen  217 · best   1036.9 · elite    694.1 · median    209.3 · years  20.3 · road 0.41 · starved   958 · nobles  +3.9 · read 21.1 · walls  3.6 · fell 58.7% (mother 39.6%) · prince 36.1% · king 24.1% · crowned 15.6% (median year 24) · 2.8s
try  3 · gen  217 · best    979.5 · elite    488.2 · median    127.4 · years  31.2 · road 0.35 · starved  1054 · nobles  +9.7 · read 12.6 · walls  5.0 · fell 78.2% (mother 32.7%) · prince 18.3% · king 15.3% · crowned 13.6% (median year 53) · 2.8s
try  4 · gen  217 · best   1235.5 · elite    744.9 · median    209.5 · years  17.2 · road 0.34 · starved   592 · nobles  +6.3 · read  3.9 · walls  1.7 · fell 64.4% (mother 25.1%) · prince 27.2% · king 22.1% · crowned 17.5% (median year 21) · 2.8s
try  5 · gen  217 · best   1255.5 · elite    815.8 · median    258.3 · years  18.1 · road 0.46 · starved   809 · nobles  +5.3 · read 18.6 · walls  3.9 · fell 50.2% (mother 35.2%) · prince 37.2% · king 26.4% · crowned 20.7% (median year 22) · 2.8s
try  6 · gen  217 · best   1154.1 · elite    767.7 · median    215.4 · years  17.7 · road 0.41 · starved   712 · nobles  +4.1 · read 15.4 · walls  2.0 · fell 62.4% (mother 25.9%) · prince 29.2% · king 23.6% · crowned 20.0% (median year 25) · 2.8s
try  7 · gen  217 · best   1307.9 · elite    780.1 · median    256.0 · years  20.5 · road 0.41 · starved   659 · nobles  +4.3 · read 14.7 · walls  1.9 · fell 54.3% (mother 28.1%) · prince 36.7% · king 25.8% · crowned 18.8% (median year 23) · 2.8s
try  8 · gen  217 · best   1191.9 · elite    771.0 · median    239.6 · years  20.7 · road 0.40 · starved   708 · nobles  +5.9 · read 13.1 · walls  2.8 · fell 58.8% (mother 31.0%) · prince 33.4% · king 24.6% · crowned 19.7% (median year 25) · 2.8s
try  1 · gen  218 · best   1424.0 · elite    713.7 · median    217.9 · years  19.8 · road 0.39 · starved   713 · nobles  +5.2 · read 14.9 · walls  1.4 · fell 64.3% (mother 30.8%) · prince 29.1% · king 21.8% · crowned 17.8% (median year 24) · 2.7s
try  2 · gen  218 · best   1206.4 · elite    714.4 · median    214.9 · years  20.1 · road 0.41 · starved   924 · nobles  +4.3 · read 20.2 · walls  3.5 · fell 58.3% (mother 38.7%) · prince 36.3% · king 24.4% · crowned 15.8% (median year 24) · 2.7s
try  3 · gen  218 · best    798.1 · elite    497.4 · median    133.9 · years  31.8 · road 0.35 · starved  1070 · nobles  +9.8 · read 12.7 · walls  4.7 · fell 78.6% (mother 32.5%) · prince 17.9% · king 15.1% · crowned 13.4% (median year 53) · 2.7s
try  4 · gen  218 · best   1247.1 · elite    740.0 · median    208.0 · years  17.5 · road 0.34 · starved   611 · nobles  +6.2 · read  4.3 · walls  1.9 · fell 65.2% (mother 26.1%) · prince 27.8% · king 22.0% · crowned 17.4% (median year 21) · 2.7s
try  5 · gen  218 · best   1252.0 · elite    833.0 · median    263.5 · years  18.6 · road 0.47 · starved   817 · nobles  +5.4 · read 18.9 · walls  4.1 · fell 48.7% (mother 33.7%) · prince 38.1% · king 27.2% · crowned 20.7% (median year 22) · 2.7s
try  6 · gen  218 · best   1166.7 · elite    765.9 · median    227.5 · years  18.0 · road 0.42 · starved   691 · nobles  +4.0 · read 15.7 · walls  1.9 · fell 61.5% (mother 24.5%) · prince 29.1% · king 23.9% · crowned 20.3% (median year 25) · 2.7s
try  7 · gen  218 · best   1206.6 · elite    796.4 · median    253.1 · years  20.3 · road 0.41 · starved   624 · nobles  +4.3 · read 14.8 · walls  1.9 · fell 52.7% (mother 27.4%) · prince 37.3% · king 26.3% · crowned 19.4% (median year 23) · 2.7s
try  8 · gen  218 · best   1210.0 · elite    765.7 · median    231.2 · years  20.7 · road 0.40 · starved   696 · nobles  +5.7 · read 13.2 · walls  2.8 · fell 59.2% (mother 31.3%) · prince 31.6% · king 23.4% · crowned 19.1% (median year 25) · 2.7s
try  1 · gen  219 · best   1210.0 · elite    703.7 · median    204.4 · years  19.7 · road 0.39 · starved   801 · nobles  +5.0 · read 15.2 · walls  1.5 · fell 65.5% (mother 33.0%) · prince 28.8% · king 21.4% · crowned 17.5% (median year 25) · 2.7s
try  2 · gen  219 · best   1221.7 · elite    704.8 · median    213.5 · years  20.3 · road 0.41 · starved   940 · nobles  +4.2 · read 19.2 · walls  3.5 · fell 58.6% (mother 39.6%) · prince 36.5% · king 24.5% · crowned 15.8% (median year 24) · 2.7s
try  3 · gen  219 · best    860.1 · elite    493.4 · median    117.5 · years  32.0 · road 0.34 · starved  1063 · nobles  +9.7 · read 12.6 · walls  4.7 · fell 79.3% (mother 32.8%) · prince 17.1% · king 14.2% · crowned 12.8% (median year 54) · 2.7s
try  4 · gen  219 · best   1252.2 · elite    706.3 · median    208.0 · years  17.7 · road 0.34 · starved   615 · nobles  +6.5 · read  4.8 · walls  1.9 · fell 65.3% (mother 26.0%) · prince 27.4% · king 21.8% · crowned 17.0% (median year 21) · 2.7s
try  5 · gen  219 · best   1462.3 · elite    838.8 · median    257.6 · years  18.2 · road 0.46 · starved   813 · nobles  +5.4 · read 17.0 · walls  3.9 · fell 49.8% (mother 33.4%) · prince 37.2% · king 26.2% · crowned 20.0% (median year 22) · 2.7s
try  6 · gen  219 · best   1190.4 · elite    788.1 · median    215.4 · years  18.0 · road 0.41 · starved   690 · nobles  +4.3 · read 16.0 · walls  1.9 · fell 62.1% (mother 25.6%) · prince 28.0% · king 22.9% · crowned 19.9% (median year 25) · 2.7s
try  7 · gen  219 · best   1246.8 · elite    767.5 · median    258.3 · years  20.3 · road 0.41 · starved   639 · nobles  +4.2 · read 14.5 · walls  1.8 · fell 53.1% (mother 26.8%) · prince 36.9% · king 26.4% · crowned 19.2% (median year 23) · 2.7s
try  8 · gen  219 · best   1232.6 · elite    773.6 · median    229.3 · years  20.6 · road 0.40 · starved   676 · nobles  +6.1 · read 14.0 · walls  2.6 · fell 58.1% (mother 29.2%) · prince 32.8% · king 24.3% · crowned 19.5% (median year 25) · 2.7s
try  1 · gen  220 · best   1226.6 · elite    722.5 · median    212.5 · years  19.5 · road 0.39 · starved   728 · nobles  +4.6 · read 15.8 · walls  1.5 · fell 65.4% (mother 32.7%) · prince 29.3% · king 22.2% · crowned 18.1% (median year 24) · 2.7s
try  2 · gen  220 · best   1425.7 · elite    683.5 · median    221.8 · years  20.7 · road 0.42 · starved   966 · nobles  +4.0 · read 19.3 · walls  3.6 · fell 57.2% (mother 39.8%) · prince 38.6% · king 25.4% · crowned 16.1% (median year 24) · 2.7s
try  3 · gen  220 · best   1159.1 · elite    512.2 · median    138.7 · years  32.1 · road 0.35 · starved   970 · nobles +10.4 · read 13.9 · walls  4.7 · fell 77.0% (mother 30.5%) · prince 19.3% · king 15.5% · crowned 14.2% (median year 53) · 2.7s
try  4 · gen  220 · best   1120.5 · elite    707.3 · median    211.2 · years  18.0 · road 0.35 · starved   643 · nobles  +6.1 · read  5.1 · walls  1.9 · fell 66.3% (mother 25.6%) · prince 27.7% · king 22.6% · crowned 17.5% (median year 22) · 2.7s
try  5 · gen  220 · best   1215.3 · elite    819.1 · median    259.7 · years  17.9 · road 0.45 · starved   790 · nobles  +4.7 · read 16.4 · walls  3.7 · fell 50.8% (mother 32.9%) · prince 36.5% · king 26.2% · crowned 20.1% (median year 22) · 2.7s
try  6 · gen  220 · best   1467.5 · elite    758.7 · median    222.7 · years  18.3 · road 0.42 · starved   673 · nobles  +4.4 · read 16.8 · walls  2.0 · fell 60.8% (mother 23.6%) · prince 28.8% · king 23.6% · crowned 20.2% (median year 25) · 2.7s
try  7 · gen  220 · best   1217.4 · elite    784.7 · median    254.0 · years  20.2 · road 0.41 · starved   610 · nobles  +4.6 · read 14.0 · walls  1.8 · fell 52.3% (mother 27.4%) · prince 36.7% · king 26.2% · crowned 19.4% (median year 23) · 2.7s
try  8 · gen  220 · best   1243.2 · elite    762.9 · median    225.4 · years  20.5 · road 0.40 · starved   670 · nobles  +6.0 · read 15.1 · walls  2.6 · fell 58.2% (mother 29.3%) · prince 31.9% · king 23.3% · crowned 18.7% (median year 24) · 2.7s
try  1 · gen  221 · best   1258.2 · elite    734.3 · median    205.2 · years  19.6 · road 0.39 · starved   855 · nobles  +4.9 · read 15.9 · walls  1.6 · fell 66.2% (mother 35.8%) · prince 28.8% · king 21.6% · crowned 17.6% (median year 25) · 2.8s
try  2 · gen  221 · best   1040.5 · elite    719.1 · median    209.9 · years  21.0 · road 0.42 · starved  1010 · nobles  +3.8 · read 20.3 · walls  3.7 · fell 58.3% (mother 40.2%) · prince 38.6% · king 25.1% · crowned 15.6% (median year 24) · 2.8s
try  3 · gen  221 · best    860.1 · elite    495.1 · median    138.0 · years  32.0 · road 0.35 · starved  1024 · nobles  +9.9 · read 14.6 · walls  4.9 · fell 78.3% (mother 32.0%) · prince 18.9% · king 15.2% · crowned 13.7% (median year 54) · 2.8s
try  4 · gen  221 · best   1179.5 · elite    702.5 · median    214.7 · years  18.0 · road 0.35 · starved   610 · nobles  +5.8 · read  4.7 · walls  2.0 · fell 65.3% (mother 23.9%) · prince 27.4% · king 22.1% · crowned 17.6% (median year 22) · 2.8s
try  5 · gen  221 · best   1287.2 · elite    824.1 · median    261.2 · years  18.2 · road 0.45 · starved   795 · nobles  +4.8 · read 16.8 · walls  3.6 · fell 49.6% (mother 31.9%) · prince 36.8% · king 26.1% · crowned 20.3% (median year 22) · 2.8s
try  6 · gen  221 · best   1084.8 · elite    764.9 · median    223.2 · years  18.2 · road 0.42 · starved   658 · nobles  +3.8 · read 17.4 · walls  1.9 · fell 60.3% (mother 22.3%) · prince 28.8% · king 23.5% · crowned 19.9% (median year 24) · 2.8s
try  7 · gen  221 · best   1219.8 · elite    781.0 · median    253.8 · years  20.0 · road 0.41 · starved   613 · nobles  +5.0 · read 14.0 · walls  1.8 · fell 53.4% (mother 28.0%) · prince 36.5% · king 26.3% · crowned 19.4% (median year 23) · 2.8s
try  8 · gen  221 · best   1288.3 · elite    805.8 · median    227.2 · years  20.0 · road 0.39 · starved   686 · nobles  +6.0 · read 14.6 · walls  2.6 · fell 58.2% (mother 29.1%) · prince 32.0% · king 23.7% · crowned 19.0% (median year 24) · 2.8s
try  1 · gen  222 · best    985.7 · elite    708.3 · median    210.0 · years  19.6 · road 0.39 · starved   771 · nobles  +5.0 · read 16.0 · walls  1.5 · fell 65.6% (mother 34.9%) · prince 28.6% · king 21.8% · crowned 18.0% (median year 24) · 2.7s
try  2 · gen  222 · best   1150.1 · elite    681.3 · median    209.5 · years  20.6 · road 0.41 · starved   964 · nobles  +4.1 · read 19.6 · walls  3.6 · fell 59.0% (mother 40.7%) · prince 36.9% · king 24.2% · crowned 15.6% (median year 24) · 2.7s
try  3 · gen  222 · best    841.5 · elite    527.3 · median    134.2 · years  32.1 · road 0.35 · starved  1035 · nobles  +9.9 · read 14.6 · walls  5.2 · fell 77.1% (mother 30.8%) · prince 19.1% · king 15.4% · crowned 13.8% (median year 53) · 2.7s
try  4 · gen  222 · best   1231.6 · elite    672.2 · median    207.3 · years  17.9 · road 0.35 · starved   623 · nobles  +5.5 · read  4.4 · walls  1.9 · fell 67.1% (mother 25.6%) · prince 27.5% · king 21.6% · crowned 16.7% (median year 22) · 2.7s
try  5 · gen  222 · best   1496.9 · elite    836.3 · median    255.7 · years  18.0 · road 0.45 · starved   765 · nobles  +4.6 · read 16.8 · walls  3.5 · fell 49.6% (mother 31.8%) · prince 36.4% · king 26.6% · crowned 20.6% (median year 22) · 2.7s
try  6 · gen  222 · best   1134.6 · elite    756.8 · median    218.3 · years  18.4 · road 0.42 · starved   671 · nobles  +4.1 · read 17.8 · walls  2.1 · fell 61.7% (mother 22.1%) · prince 28.4% · king 22.8% · crowned 19.5% (median year 25) · 2.7s
try  7 · gen  222 · best   1253.7 · elite    736.2 · median    250.7 · years  20.4 · road 0.41 · starved   622 · nobles  +5.2 · read 14.0 · walls  1.9 · fell 52.9% (mother 26.5%) · prince 37.0% · king 26.1% · crowned 19.0% (median year 23) · 2.7s
try  8 · gen  222 · best   1144.2 · elite    740.1 · median    239.3 · years  20.0 · road 0.40 · starved   673 · nobles  +6.0 · read 14.3 · walls  2.6 · fell 56.5% (mother 28.5%) · prince 32.9% · king 24.0% · crowned 19.2% (median year 24) · 2.7s
try  1 · gen  223 · best   1195.9 · elite    695.1 · median    211.8 · years  19.4 · road 0.39 · starved   778 · nobles  +5.1 · read 16.3 · walls  1.5 · fell 65.6% (mother 36.0%) · prince 28.9% · king 22.0% · crowned 18.0% (median year 24) · 2.7s
try  2 · gen  223 · best   1202.2 · elite    682.0 · median    212.7 · years  20.6 · road 0.42 · starved   925 · nobles  +4.0 · read 19.7 · walls  3.7 · fell 57.5% (mother 38.8%) · prince 36.5% · king 24.8% · crowned 16.2% (median year 24) · 2.7s
try  3 · gen  223 · best   1067.2 · elite    543.8 · median    137.2 · years  31.4 · road 0.35 · starved   989 · nobles +10.5 · read 13.7 · walls  5.6 · fell 77.0% (mother 31.4%) · prince 18.5% · king 15.3% · crowned 13.8% (median year 53) · 2.7s
try  4 · gen  223 · best   1016.9 · elite    691.1 · median    210.9 · years  17.8 · road 0.35 · starved   628 · nobles  +5.8 · read  4.0 · walls  2.0 · fell 68.0% (mother 26.8%) · prince 27.9% · king 21.7% · crowned 16.9% (median year 22) · 2.7s
try  5 · gen  223 · best   1272.8 · elite    822.1 · median    258.6 · years  17.7 · road 0.45 · starved   773 · nobles  +4.5 · read 16.5 · walls  3.4 · fell 49.8% (mother 31.6%) · prince 35.5% · king 26.2% · crowned 20.5% (median year 22) · 2.7s
try  6 · gen  223 · best   1277.6 · elite    765.9 · median    219.4 · years  18.0 · road 0.41 · starved   656 · nobles  +4.4 · read 17.4 · walls  2.0 · fell 61.8% (mother 23.9%) · prince 28.0% · king 23.1% · crowned 19.8% (median year 25) · 2.7s
try  7 · gen  223 · best   1067.8 · elite    752.8 · median    263.4 · years  20.7 · road 0.41 · starved   652 · nobles  +5.2 · read 13.9 · walls  2.0 · fell 53.2% (mother 27.4%) · prince 38.0% · king 26.3% · crowned 19.2% (median year 23) · 2.7s
try  8 · gen  223 · best   1091.8 · elite    775.6 · median    233.7 · years  19.7 · road 0.40 · starved   654 · nobles  +5.7 · read 14.2 · walls  2.6 · fell 56.8% (mother 28.9%) · prince 33.1% · king 24.3% · crowned 19.0% (median year 23) · 2.7s
try  1 · gen  224 · best   1209.4 · elite    727.1 · median    213.3 · years  19.6 · road 0.39 · starved   835 · nobles  +6.0 · read 16.8 · walls  1.5 · fell 65.7% (mother 36.5%) · prince 29.3% · king 21.9% · crowned 17.5% (median year 24) · 2.8s
try  2 · gen  224 · best   1183.2 · elite    731.7 · median    220.9 · years  20.6 · road 0.42 · starved   914 · nobles  +3.7 · read 19.7 · walls  3.7 · fell 56.1% (mother 37.6%) · prince 38.2% · king 26.1% · crowned 16.4% (median year 23) · 2.8s
try  3 · gen  224 · best    882.3 · elite    522.5 · median    144.4 · years  32.2 · road 0.35 · starved  1013 · nobles +10.5 · read 13.9 · walls  5.5 · fell 77.2% (mother 30.3%) · prince 18.7% · king 15.3% · crowned 13.9% (median year 53) · 2.8s
try  4 · gen  224 · best   1232.8 · elite    728.1 · median    210.8 · years  17.8 · road 0.35 · starved   631 · nobles  +5.8 · read  4.1 · walls  2.1 · fell 66.7% (mother 26.2%) · prince 27.6% · king 21.6% · crowned 17.1% (median year 22) · 2.8s
try  5 · gen  224 · best   1242.4 · elite    825.9 · median    255.0 · years  17.8 · road 0.45 · starved   781 · nobles  +4.2 · read 16.3 · walls  3.3 · fell 50.6% (mother 31.2%) · prince 35.3% · king 26.4% · crowned 20.7% (median year 22) · 2.8s
try  6 · gen  224 · best   1198.6 · elite    757.6 · median    223.9 · years  18.2 · road 0.41 · starved   651 · nobles  +4.2 · read 17.3 · walls  2.0 · fell 62.1% (mother 22.4%) · prince 28.7% · king 23.2% · crowned 19.9% (median year 25) · 2.8s
try  7 · gen  224 · best   1435.2 · elite    781.3 · median    249.1 · years  20.7 · road 0.41 · starved   663 · nobles  +4.6 · read 13.5 · walls  1.9 · fell 54.3% (mother 28.5%) · prince 37.1% · king 24.6% · crowned 18.5% (median year 23) · 2.8s
try  8 · gen  224 · best   1197.9 · elite    756.3 · median    242.4 · years  19.9 · road 0.40 · starved   669 · nobles  +5.5 · read 14.6 · walls  2.7 · fell 56.9% (mother 28.9%) · prince 33.8% · king 24.8% · crowned 18.9% (median year 23) · 2.8s
try  1 · gen  225 · best   1205.0 · elite    729.2 · median    208.8 · years  19.2 · road 0.38 · starved   721 · nobles  +5.9 · read 16.6 · walls  1.4 · fell 65.4% (mother 34.7%) · prince 28.8% · king 21.5% · crowned 18.2% (median year 24) · 2.8s
try  2 · gen  225 · best   1182.3 · elite    685.3 · median    223.6 · years  20.5 · road 0.42 · starved   903 · nobles  +3.7 · read 20.5 · walls  3.7 · fell 55.5% (mother 37.6%) · prince 38.5% · king 25.4% · crowned 16.5% (median year 23) · 2.8s
try  3 · gen  225 · best    867.9 · elite    503.6 · median    138.5 · years  32.6 · road 0.35 · starved  1161 · nobles +11.1 · read 12.5 · walls  5.2 · fell 77.6% (mother 33.1%) · prince 18.9% · king 15.4% · crowned 13.9% (median year 55) · 2.8s
try  4 · gen  225 · best   1259.4 · elite    709.8 · median    209.6 · years  17.8 · road 0.35 · starved   670 · nobles  +5.4 · read  4.5 · walls  2.1 · fell 67.1% (mother 27.0%) · prince 27.8% · king 22.1% · crowned 16.7% (median year 22) · 2.8s
try  5 · gen  225 · best   1174.4 · elite    802.3 · median    254.7 · years  17.7 · road 0.44 · starved   818 · nobles  +4.4 · read 16.7 · walls  3.3 · fell 52.0% (mother 30.1%) · prince 34.0% · king 26.2% · crowned 20.5% (median year 22) · 2.8s
try  6 · gen  225 · best   1214.1 · elite    800.8 · median    216.3 · years  18.2 · road 0.41 · starved   653 · nobles  +4.3 · read 16.7 · walls  2.0 · fell 61.9% (mother 23.9%) · prince 28.5% · king 23.3% · crowned 20.0% (median year 25) · 2.8s
try  7 · gen  225 · best   1257.4 · elite    796.2 · median    253.1 · years  20.6 · road 0.41 · starved   632 · nobles  +4.6 · read 13.7 · walls  2.0 · fell 54.1% (mother 26.5%) · prince 37.7% · king 26.0% · crowned 19.2% (median year 23) · 2.8s
try  8 · gen  225 · best   1129.7 · elite    752.4 · median    235.3 · years  19.7 · road 0.40 · starved   678 · nobles  +5.7 · read 15.6 · walls  2.6 · fell 56.6% (mother 29.0%) · prince 33.0% · king 24.2% · crowned 18.9% (median year 23) · 2.8s
try  1 · gen  226 · best   1058.0 · elite    727.2 · median    213.5 · years  19.3 · road 0.39 · starved   764 · nobles  +6.1 · read 17.0 · walls  1.4 · fell 65.8% (mother 35.3%) · prince 28.9% · king 22.1% · crowned 18.2% (median year 24) · 2.8s
try  2 · gen  226 · best   1182.6 · elite    694.0 · median    237.3 · years  21.2 · road 0.44 · starved   931 · nobles  +3.2 · read 22.5 · walls  3.8 · fell 55.2% (mother 36.6%) · prince 40.3% · king 27.3% · crowned 15.7% (median year 23) · 2.8s
try  3 · gen  226 · best    864.1 · elite    512.8 · median    134.5 · years  33.2 · road 0.34 · starved  1075 · nobles +11.3 · read 12.2 · walls  4.7 · fell 77.1% (mother 31.6%) · prince 19.3% · king 15.8% · crowned 14.4% (median year 56) · 2.8s
try  4 · gen  226 · best   1042.6 · elite    712.5 · median    211.6 · years  18.2 · road 0.35 · starved   644 · nobles  +5.8 · read  5.0 · walls  2.2 · fell 66.7% (mother 24.6%) · prince 27.7% · king 22.3% · crowned 17.3% (median year 22) · 2.8s
try  5 · gen  226 · best   1213.5 · elite    805.5 · median    247.7 · years  17.6 · road 0.44 · starved   815 · nobles  +4.5 · read 16.7 · walls  3.1 · fell 52.2% (mother 30.7%) · prince 34.2% · king 25.9% · crowned 20.7% (median year 22) · 2.8s
try  6 · gen  226 · best   1159.9 · elite    765.8 · median    221.7 · years  18.3 · road 0.41 · starved   664 · nobles  +4.4 · read 17.2 · walls  2.0 · fell 61.6% (mother 23.5%) · prince 28.9% · king 23.8% · crowned 19.8% (median year 25) · 2.8s
try  7 · gen  226 · best   1239.3 · elite    791.1 · median    243.1 · years  20.7 · road 0.41 · starved   660 · nobles  +4.1 · read 13.5 · walls  1.9 · fell 54.8% (mother 28.8%) · prince 37.6% · king 25.6% · crowned 18.6% (median year 23) · 2.8s
try  8 · gen  226 · best   1210.7 · elite    754.3 · median    237.2 · years  19.8 · road 0.40 · starved   725 · nobles  +5.3 · read 15.8 · walls  2.7 · fell 57.6% (mother 30.4%) · prince 34.3% · king 25.2% · crowned 18.7% (median year 23) · 2.8s
try  1 · gen  227 · best   1203.9 · elite    742.2 · median    215.2 · years  19.2 · road 0.38 · starved   753 · nobles  +5.9 · read 17.0 · walls  1.3 · fell 64.9% (mother 34.3%) · prince 28.6% · king 21.7% · crowned 18.4% (median year 24) · 2.8s
try  2 · gen  227 · best   1055.7 · elite    690.2 · median    241.9 · years  21.2 · road 0.43 · starved   889 · nobles  +3.6 · read 22.1 · walls  3.7 · fell 53.6% (mother 34.2%) · prince 39.2% · king 27.1% · crowned 16.5% (median year 23) · 2.8s
try  3 · gen  227 · best    788.8 · elite    505.2 · median    129.8 · years  32.4 · road 0.34 · starved  1081 · nobles +10.9 · read 11.0 · walls  4.6 · fell 77.2% (mother 32.1%) · prince 19.0% · king 15.8% · crowned 14.1% (median year 56) · 2.8s
try  4 · gen  227 · best    984.1 · elite    676.6 · median    210.5 · years  18.2 · road 0.35 · starved   630 · nobles  +6.2 · read  5.1 · walls  2.3 · fell 68.2% (mother 25.8%) · prince 27.2% · king 21.8% · crowned 17.1% (median year 23) · 2.8s
try  5 · gen  227 · best   1259.7 · elite    842.6 · median    252.1 · years  18.2 · road 0.45 · starved   751 · nobles  +4.1 · read 18.5 · walls  3.3 · fell 50.5% (mother 27.5%) · prince 34.7% · king 26.7% · crowned 20.9% (median year 22) · 2.8s
try  6 · gen  227 · best   1232.8 · elite    752.9 · median    227.3 · years  18.3 · road 0.42 · starved   681 · nobles  +4.6 · read 16.3 · walls  2.2 · fell 61.8% (mother 23.0%) · prince 29.3% · king 23.6% · crowned 19.9% (median year 25) · 2.8s
try  7 · gen  227 · best   1187.3 · elite    773.3 · median    238.0 · years  20.4 · road 0.40 · starved   652 · nobles  +4.9 · read 12.8 · walls  1.9 · fell 55.5% (mother 27.7%) · prince 35.2% · king 24.4% · crowned 18.6% (median year 24) · 2.8s
try  8 · gen  227 · best   1143.6 · elite    766.5 · median    240.3 · years  20.0 · road 0.40 · starved   707 · nobles  +5.6 · read 15.8 · walls  2.8 · fell 57.2% (mother 30.1%) · prince 34.9% · king 25.0% · crowned 18.5% (median year 23) · 2.8s
try  1 · gen  228 · best    977.5 · elite    736.9 · median    221.6 · years  19.5 · road 0.39 · starved   758 · nobles  +6.3 · read 17.8 · walls  1.3 · fell 65.7% (mother 34.2%) · prince 30.3% · king 22.4% · crowned 18.3% (median year 24) · 2.8s
try  2 · gen  228 · best   1027.6 · elite    714.7 · median    241.5 · years  21.2 · road 0.43 · starved   905 · nobles  +3.7 · read 22.6 · walls  3.9 · fell 52.7% (mother 34.7%) · prince 39.7% · king 26.7% · crowned 16.5% (median year 23) · 2.8s
try  3 · gen  228 · best    911.9 · elite    516.0 · median    131.3 · years  32.6 · road 0.34 · starved  1101 · nobles +10.6 · read 11.2 · walls  4.6 · fell 78.0% (mother 33.3%) · prince 19.0% · king 15.8% · crowned 13.9% (median year 55) · 2.8s
try  4 · gen  228 · best   1009.9 · elite    721.0 · median    212.9 · years  18.7 · road 0.35 · starved   631 · nobles  +6.0 · read  5.5 · walls  2.3 · fell 68.2% (mother 23.6%) · prince 27.9% · king 21.7% · crowned 17.1% (median year 23) · 2.8s
try  5 · gen  228 · best   1469.0 · elite    834.9 · median    263.3 · years  17.7 · road 0.45 · starved   717 · nobles  +3.8 · read 18.2 · walls  3.2 · fell 52.6% (mother 29.5%) · prince 34.3% · king 26.4% · crowned 21.0% (median year 22) · 2.8s
try  6 · gen  228 · best   1213.0 · elite    785.4 · median    222.7 · years  18.3 · road 0.42 · starved   660 · nobles  +4.0 · read 17.1 · walls  2.3 · fell 60.7% (mother 21.7%) · prince 28.9% · king 23.2% · crowned 19.8% (median year 25) · 2.8s
try  7 · gen  228 · best   1454.5 · elite    796.5 · median    250.9 · years  20.3 · road 0.40 · starved   639 · nobles  +5.0 · read 12.8 · walls  1.9 · fell 54.8% (mother 26.9%) · prince 36.3% · king 25.0% · crowned 19.1% (median year 23) · 2.8s
try  8 · gen  228 · best   1213.1 · elite    748.7 · median    224.0 · years  19.7 · road 0.40 · starved   747 · nobles  +5.3 · read 15.6 · walls  2.7 · fell 60.1% (mother 33.0%) · prince 32.7% · king 23.9% · crowned 18.0% (median year 24) · 2.8s
try  1 · gen  229 · best   1031.0 · elite    726.0 · median    222.0 · years  19.4 · road 0.39 · starved   804 · nobles  +5.6 · read 17.6 · walls  1.2 · fell 64.5% (mother 33.5%) · prince 29.5% · king 22.1% · crowned 18.5% (median year 24) · 2.7s
try  2 · gen  229 · best   1106.3 · elite    729.8 · median    239.9 · years  20.6 · road 0.42 · starved   832 · nobles  +3.9 · read 22.0 · walls  3.7 · fell 52.2% (mother 34.3%) · prince 38.5% · king 26.9% · crowned 17.0% (median year 23) · 2.7s
try  3 · gen  229 · best   1053.6 · elite    496.4 · median    133.1 · years  32.3 · road 0.34 · starved  1113 · nobles  +9.4 · read 11.5 · walls  4.9 · fell 78.1% (mother 32.5%) · prince 18.8% · king 15.1% · crowned 13.2% (median year 55) · 2.7s
try  4 · gen  229 · best   1211.5 · elite    716.7 · median    209.5 · years  18.6 · road 0.35 · starved   616 · nobles  +6.4 · read  5.7 · walls  2.2 · fell 68.1% (mother 23.3%) · prince 27.7% · king 21.7% · crowned 17.6% (median year 23) · 2.7s
try  5 · gen  229 · best   1228.8 · elite    795.7 · median    241.0 · years  17.5 · road 0.44 · starved   751 · nobles  +3.8 · read 17.6 · walls  3.2 · fell 54.1% (mother 28.9%) · prince 32.9% · king 25.1% · crowned 20.0% (median year 21) · 2.7s
try  6 · gen  229 · best   1291.0 · elite    766.3 · median    225.5 · years  17.9 · road 0.41 · starved   663 · nobles  +3.8 · read 16.3 · walls  2.3 · fell 62.1% (mother 22.8%) · prince 28.6% · king 23.6% · crowned 19.7% (median year 25) · 2.7s
try  7 · gen  229 · best   1212.9 · elite    775.3 · median    239.4 · years  20.7 · road 0.41 · starved   651 · nobles  +4.9 · read 13.6 · walls  2.0 · fell 56.3% (mother 26.6%) · prince 36.2% · king 24.0% · crowned 18.5% (median year 23) · 2.7s
try  8 · gen  229 · best   1220.3 · elite    756.8 · median    227.1 · years  19.8 · road 0.39 · starved   768 · nobles  +5.9 · read 16.4 · walls  2.7 · fell 58.6% (mother 31.1%) · prince 33.1% · king 23.6% · crowned 18.3% (median year 24) · 2.7s
try  1 · gen  230 · best   1171.9 · elite    719.0 · median    208.6 · years  19.0 · road 0.38 · starved   742 · nobles  +5.7 · read 16.9 · walls  1.2 · fell 66.2% (mother 35.8%) · prince 28.7% · king 21.7% · crowned 18.1% (median year 24) · 2.8s
try  2 · gen  230 · best   1195.7 · elite    711.8 · median    239.3 · years  20.9 · road 0.42 · starved   894 · nobles  +3.8 · read 22.7 · walls  3.8 · fell 53.4% (mother 33.8%) · prince 38.3% · king 26.4% · crowned 16.6% (median year 24) · 2.8s
try  3 · gen  230 · best    822.1 · elite    492.9 · median    124.2 · years  32.1 · road 0.34 · starved  1626 · nobles +10.2 · read 11.2 · walls  4.6 · fell 79.1% (mother 32.9%) · prince 18.9% · king 14.9% · crowned 13.2% (median year 55) · 2.8s
try  4 · gen  230 · best   1202.1 · elite    721.8 · median    211.2 · years  18.8 · road 0.36 · starved   593 · nobles  +6.3 · read  5.8 · walls  2.3 · fell 66.9% (mother 21.4%) · prince 28.2% · king 22.3% · crowned 17.7% (median year 23) · 2.8s
try  5 · gen  230 · best   1218.1 · elite    822.0 · median    250.9 · years  17.7 · road 0.44 · starved   756 · nobles  +3.8 · read 16.9 · walls  3.2 · fell 54.1% (mother 29.2%) · prince 33.1% · king 26.0% · crowned 20.5% (median year 22) · 2.8s
try  6 · gen  230 · best   1276.5 · elite    739.4 · median    221.8 · years  17.8 · road 0.41 · starved   667 · nobles  +4.2 · read 16.5 · walls  2.3 · fell 62.1% (mother 22.6%) · prince 28.9% · king 23.4% · crowned 19.9% (median year 25) · 2.8s
try  7 · gen  230 · best   1057.5 · elite    742.5 · median    251.2 · years  20.5 · road 0.41 · starved   598 · nobles  +4.7 · read 14.0 · walls  2.1 · fell 54.9% (mother 25.1%) · prince 36.6% · king 24.9% · crowned 18.9% (median year 23) · 2.8s
try  8 · gen  230 · best   1223.2 · elite    758.6 · median    219.1 · years  19.7 · road 0.40 · starved   784 · nobles  +5.7 · read 16.7 · walls  2.8 · fell 58.8% (mother 30.7%) · prince 32.9% · king 23.3% · crowned 18.0% (median year 24) · 2.8s
try  1 · gen  231 · best   1240.3 · elite    726.8 · median    213.4 · years  19.0 · road 0.39 · starved   734 · nobles  +5.7 · read 17.9 · walls  1.2 · fell 65.9% (mother 34.8%) · prince 29.5% · king 22.3% · crowned 18.2% (median year 24) · 2.7s
try  2 · gen  231 · best   1207.7 · elite    756.1 · median    234.8 · years  20.8 · road 0.42 · starved   774 · nobles  +3.7 · read 23.8 · walls  3.6 · fell 51.8% (mother 29.4%) · prince 38.0% · king 26.3% · crowned 17.1% (median year 23) · 2.7s
try  3 · gen  231 · best    791.1 · elite    500.6 · median    123.7 · years  32.7 · road 0.33 · starved  1150 · nobles +10.6 · read 12.0 · walls  4.2 · fell 78.7% (mother 33.2%) · prince 18.9% · king 15.0% · crowned 13.4% (median year 56) · 2.7s
try  4 · gen  231 · best   1062.9 · elite    741.2 · median    214.3 · years  18.8 · road 0.36 · starved   592 · nobles  +6.6 · read  6.3 · walls  2.3 · fell 66.7% (mother 22.5%) · prince 27.9% · king 22.4% · crowned 18.0% (median year 24) · 2.7s
try  5 · gen  231 · best   1296.5 · elite    833.4 · median    240.3 · years  17.4 · road 0.44 · starved   746 · nobles  +3.8 · read 17.0 · walls  3.2 · fell 54.6% (mother 30.4%) · prince 32.5% · king 25.5% · crowned 20.4% (median year 21) · 2.7s
try  6 · gen  231 · best   1001.5 · elite    734.4 · median    214.5 · years  18.0 · road 0.42 · starved   664 · nobles  +3.8 · read 17.0 · walls  2.3 · fell 64.0% (mother 22.3%) · prince 27.9% · king 22.2% · crowned 18.9% (median year 25) · 2.7s
try  7 · gen  231 · best   1197.2 · elite    799.0 · median    255.7 · years  20.8 · road 0.41 · starved   631 · nobles  +5.1 · read 13.2 · walls  2.2 · fell 56.2% (mother 25.5%) · prince 37.5% · king 25.8% · crowned 19.4% (median year 24) · 2.7s
try  8 · gen  231 · best   1265.5 · elite    786.2 · median    236.1 · years  19.3 · road 0.39 · starved   689 · nobles  +6.3 · read 16.6 · walls  2.7 · fell 58.5% (mother 30.2%) · prince 32.8% · king 24.8% · crowned 19.4% (median year 24) · 2.7s
try  1 · gen  232 · best   1185.6 · elite    749.5 · median    210.6 · years  19.4 · road 0.38 · starved   719 · nobles  +6.1 · read 19.0 · walls  1.2 · fell 65.5% (mother 32.8%) · prince 29.7% · king 21.9% · crowned 18.1% (median year 25) · 2.7s
try  2 · gen  232 · best   1218.7 · elite    760.6 · median    228.3 · years  20.6 · road 0.42 · starved   742 · nobles  +3.9 · read 23.2 · walls  3.5 · fell 52.1% (mother 27.5%) · prince 36.6% · king 25.6% · crowned 17.3% (median year 23) · 2.7s
try  3 · gen  232 · best    876.8 · elite    493.0 · median    124.2 · years  32.6 · road 0.33 · starved  1070 · nobles +10.4 · read 11.8 · walls  4.1 · fell 77.0% (mother 31.5%) · prince 19.2% · king 15.0% · crowned 13.8% (median year 56) · 2.7s
try  4 · gen  232 · best   1185.5 · elite    713.4 · median    210.7 · years  19.0 · road 0.35 · starved   643 · nobles  +6.3 · read  6.2 · walls  2.2 · fell 69.3% (mother 23.0%) · prince 27.3% · king 21.5% · crowned 16.9% (median year 23) · 2.7s
try  5 · gen  232 · best   1221.4 · elite    795.4 · median    240.6 · years  17.4 · road 0.44 · starved   742 · nobles  +3.7 · read 17.1 · walls  3.2 · fell 54.3% (mother 29.1%) · prince 31.9% · king 25.2% · crowned 20.2% (median year 22) · 2.7s
try  6 · gen  232 · best   1220.4 · elite    756.3 · median    217.2 · years  17.9 · road 0.42 · starved   658 · nobles  +3.6 · read 17.0 · walls  2.2 · fell 63.2% (mother 23.4%) · prince 28.3% · king 23.2% · crowned 19.4% (median year 25) · 2.7s
try  7 · gen  232 · best   1062.2 · elite    772.4 · median    257.3 · years  20.8 · road 0.41 · starved   635 · nobles  +5.1 · read 12.6 · walls  2.1 · fell 56.3% (mother 24.3%) · prince 37.7% · king 26.1% · crowned 19.5% (median year 24) · 2.7s
try  8 · gen  232 · best   1214.0 · elite    782.9 · median    233.3 · years  19.7 · road 0.39 · starved   693 · nobles  +6.0 · read 16.1 · walls  2.6 · fell 58.0% (mother 30.4%) · prince 33.5% · king 24.5% · crowned 19.0% (median year 24) · 2.7s
try  1 · gen  233 · best   1016.7 · elite    733.2 · median    215.8 · years  19.2 · road 0.38 · starved   720 · nobles  +6.5 · read 18.3 · walls  1.1 · fell 66.7% (mother 33.8%) · prince 29.4% · king 21.8% · crowned 18.4% (median year 24) · 2.7s
try  2 · gen  233 · best   1062.2 · elite    705.1 · median    239.0 · years  20.8 · road 0.41 · starved   709 · nobles  +4.8 · read 23.9 · walls  3.4 · fell 52.8% (mother 25.6%) · prince 34.7% · king 24.9% · crowned 17.2% (median year 23) · 2.7s
try  3 · gen  233 · best    976.5 · elite    512.5 · median    116.8 · years  32.1 · road 0.33 · starved  1105 · nobles  +9.9 · read 11.2 · walls  4.1 · fell 78.6% (mother 34.6%) · prince 19.1% · king 15.1% · crowned 13.1% (median year 56) · 2.7s
try  4 · gen  233 · best   1233.2 · elite    695.7 · median    209.7 · years  19.0 · road 0.36 · starved   649 · nobles  +6.8 · read  6.2 · walls  2.2 · fell 68.2% (mother 23.0%) · prince 28.4% · king 21.9% · crowned 17.2% (median year 24) · 2.7s
try  5 · gen  233 · best   1438.8 · elite    783.1 · median    234.3 · years  17.6 · road 0.44 · starved   849 · nobles  +3.7 · read 17.2 · walls  3.3 · fell 57.4% (mother 33.3%) · prince 32.5% · king 24.5% · crowned 19.7% (median year 22) · 2.7s
try  6 · gen  233 · best   1215.0 · elite    737.2 · median    217.7 · years  18.2 · road 0.42 · starved   678 · nobles  +3.1 · read 17.1 · walls  2.2 · fell 63.4% (mother 22.2%) · prince 28.1% · king 22.8% · crowned 19.1% (median year 26) · 2.7s
try  7 · gen  233 · best   1289.9 · elite    794.1 · median    263.8 · years  20.4 · road 0.41 · starved   576 · nobles  +5.5 · read 11.7 · walls  2.2 · fell 56.3% (mother 23.5%) · prince 37.2% · king 25.6% · crowned 19.5% (median year 23) · 2.7s
try  8 · gen  233 · best   1459.0 · elite    775.7 · median    228.9 · years  19.5 · road 0.39 · starved   665 · nobles  +6.6 · read 15.4 · walls  2.5 · fell 57.9% (mother 30.0%) · prince 33.3% · king 24.1% · crowned 18.6% (median year 23) · 2.7s
try  1 · gen  234 · best   1159.7 · elite    753.3 · median    219.2 · years  19.0 · road 0.38 · starved   730 · nobles  +6.5 · read 18.0 · walls  1.1 · fell 64.9% (mother 32.4%) · prince 29.3% · king 22.3% · crowned 18.8% (median year 24) · 2.8s
try  2 · gen  234 · best   1036.9 · elite    704.2 · median    231.4 · years  21.0 · road 0.41 · starved   706 · nobles  +4.8 · read 24.2 · walls  3.5 · fell 51.9% (mother 24.9%) · prince 34.5% · king 24.1% · crowned 16.9% (median year 23) · 2.8s
try  3 · gen  234 · best   1226.2 · elite    519.2 · median    126.0 · years  32.4 · road 0.34 · starved  1111 · nobles +10.2 · read  9.7 · walls  4.1 · fell 78.4% (mother 33.5%) · prince 20.1% · king 15.7% · crowned 13.6% (median year 56) · 2.8s
try  4 · gen  234 · best   1058.8 · elite    728.3 · median    215.9 · years  19.0 · road 0.36 · starved   584 · nobles  +6.5 · read  6.4 · walls  2.2 · fell 66.7% (mother 21.2%) · prince 28.5% · king 22.2% · crowned 17.9% (median year 23) · 2.8s
try  5 · gen  234 · best   1306.0 · elite    788.0 · median    241.7 · years  17.3 · road 0.44 · starved   767 · nobles  +3.8 · read 16.6 · walls  3.2 · fell 55.3% (mother 30.2%) · prince 31.5% · king 24.6% · crowned 19.9% (median year 22) · 2.8s
try  6 · gen  234 · best   1200.2 · elite    761.8 · median    226.3 · years  18.1 · road 0.43 · starved   651 · nobles  +2.9 · read 17.4 · walls  2.3 · fell 61.9% (mother 22.4%) · prince 28.3% · king 23.6% · crowned 19.9% (median year 25) · 2.8s
try  7 · gen  234 · best   1150.0 · elite    745.3 · median    265.8 · years  20.3 · road 0.41 · starved   556 · nobles  +5.1 · read 11.4 · walls  2.2 · fell 55.8% (mother 21.7%) · prince 36.8% · king 25.4% · crowned 19.7% (median year 23) · 2.8s
try  8 · gen  234 · best   1221.3 · elite    781.1 · median    235.4 · years  19.8 · road 0.40 · starved   673 · nobles  +6.7 · read 15.5 · walls  2.6 · fell 56.7% (mother 30.4%) · prince 33.6% · king 24.7% · crowned 19.2% (median year 24) · 2.8s
try  1 · gen  235 · best   1043.0 · elite    730.2 · median    214.9 · years  19.2 · road 0.38 · starved   765 · nobles  +5.9 · read 18.2 · walls  1.0 · fell 66.6% (mother 34.3%) · prince 28.5% · king 21.8% · crowned 18.3% (median year 24) · 2.8s
try  2 · gen  235 · best   1306.0 · elite    755.5 · median    233.6 · years  20.7 · road 0.41 · starved   689 · nobles  +4.7 · read 23.5 · walls  3.5 · fell 51.6% (mother 25.1%) · prince 35.5% · king 24.8% · crowned 17.1% (median year 23) · 2.8s
try  3 · gen  235 · best    836.5 · elite    484.5 · median    130.0 · years  33.4 · road 0.33 · starved  1120 · nobles +10.6 · read  9.4 · walls  4.0 · fell 77.5% (mother 34.8%) · prince 20.3% · king 15.9% · crowned 13.8% (median year 57) · 2.8s
try  4 · gen  235 · best   1267.0 · elite    729.1 · median    217.0 · years  18.8 · road 0.35 · starved   589 · nobles  +7.1 · read  6.7 · walls  2.2 · fell 65.8% (mother 19.9%) · prince 28.5% · king 22.3% · crowned 18.2% (median year 23) · 2.8s
try  5 · gen  235 · best   1286.0 · elite    806.5 · median    236.3 · years  17.0 · road 0.43 · starved   821 · nobles  +4.2 · read 15.8 · walls  3.1 · fell 56.6% (mother 32.7%) · prince 32.6% · king 24.6% · crowned 20.1% (median year 22) · 2.8s
try  6 · gen  235 · best   1186.3 · elite    754.2 · median    222.4 · years  18.1 · road 0.42 · starved   636 · nobles  +3.1 · read 17.8 · walls  2.3 · fell 61.8% (mother 20.3%) · prince 28.9% · king 23.0% · crowned 19.6% (median year 25) · 2.8s
try  7 · gen  235 · best   1221.2 · elite    788.9 · median    260.1 · years  20.2 · road 0.40 · starved   537 · nobles  +5.4 · read 10.7 · walls  2.2 · fell 56.2% (mother 21.3%) · prince 37.2% · king 25.9% · crowned 19.6% (median year 23) · 2.8s
try  8 · gen  235 · best   1087.9 · elite    766.0 · median    237.4 · years  19.9 · road 0.40 · starved   660 · nobles  +6.1 · read 15.9 · walls  2.7 · fell 56.2% (mother 29.2%) · prince 34.8% · king 24.7% · crowned 18.9% (median year 23) · 2.8s
try  1 · gen  236 · best   1236.9 · elite    742.4 · median    207.8 · years  19.3 · road 0.38 · starved   771 · nobles  +6.4 · read 18.4 · walls  1.0 · fell 67.7% (mother 36.5%) · prince 28.6% · king 21.8% · crowned 17.5% (median year 24) · 2.7s
try  2 · gen  236 · best   1051.7 · elite    714.7 · median    223.1 · years  20.9 · road 0.41 · starved   742 · nobles  +3.9 · read 24.0 · walls  3.5 · fell 54.3% (mother 29.0%) · prince 35.1% · king 24.4% · crowned 16.4% (median year 23) · 2.7s
try  3 · gen  236 · best    864.7 · elite    498.1 · median    116.7 · years  32.5 · road 0.33 · starved  1115 · nobles +10.1 · read  9.8 · walls  3.9 · fell 77.9% (mother 34.5%) · prince 19.6% · king 15.2% · crowned 12.9% (median year 56) · 2.7s
try  4 · gen  236 · best    986.7 · elite    713.3 · median    216.5 · years  18.9 · road 0.35 · starved   549 · nobles  +7.3 · read  6.8 · walls  2.2 · fell 67.2% (mother 19.9%) · prince 28.3% · king 21.9% · crowned 17.9% (median year 23) · 2.7s
try  5 · gen  236 · best   1225.6 · elite    835.9 · median    232.5 · years  17.3 · road 0.43 · starved   787 · nobles  +4.0 · read 16.9 · walls  3.1 · fell 56.0% (mother 30.8%) · prince 31.2% · king 24.4% · crowned 20.6% (median year 22) · 2.7s
try  6 · gen  236 · best   1186.5 · elite    737.8 · median    214.7 · years  18.4 · road 0.42 · starved   667 · nobles  +3.2 · read 18.2 · walls  2.2 · fell 63.6% (mother 20.1%) · prince 28.3% · king 22.8% · crowned 18.8% (median year 26) · 2.7s
try  7 · gen  236 · best   1203.3 · elite    746.8 · median    255.2 · years  20.1 · road 0.40 · starved   509 · nobles  +5.3 · read 10.8 · walls  2.2 · fell 56.3% (mother 20.9%) · prince 35.8% · king 25.0% · crowned 19.5% (median year 23) · 2.7s
try  8 · gen  236 · best   1226.9 · elite    781.8 · median    234.2 · years  19.6 · road 0.40 · starved   662 · nobles  +5.9 · read 15.8 · walls  2.7 · fell 56.2% (mother 28.6%) · prince 34.8% · king 24.5% · crowned 18.8% (median year 23) · 2.7s
try  1 · gen  237 · best   1194.5 · elite    726.7 · median    213.1 · years  19.2 · road 0.38 · starved   719 · nobles  +5.9 · read 18.4 · walls  1.0 · fell 67.0% (mother 35.1%) · prince 28.4% · king 22.1% · crowned 18.4% (median year 24) · 2.8s
try  2 · gen  237 · best   1304.9 · elite    709.3 · median    240.7 · years  20.7 · road 0.41 · starved   758 · nobles  +3.6 · read 23.6 · walls  3.5 · fell 53.5% (mother 29.7%) · prince 37.1% · king 26.0% · crowned 16.6% (median year 23) · 2.8s
try  3 · gen  237 · best    931.5 · elite    506.0 · median    130.0 · years  32.9 · road 0.33 · starved  1167 · nobles +10.2 · read 10.1 · walls  4.0 · fell 77.1% (mother 35.4%) · prince 21.0% · king 16.5% · crowned 14.2% (median year 55) · 2.8s
try  4 · gen  237 · best   1157.5 · elite    698.0 · median    219.3 · years  18.6 · road 0.35 · starved   571 · nobles  +7.3 · read  6.3 · walls  2.1 · fell 67.7% (mother 21.7%) · prince 28.3% · king 21.8% · crowned 17.8% (median year 23) · 2.8s
try  5 · gen  237 · best   1278.8 · elite    820.7 · median    241.6 · years  17.2 · road 0.43 · starved   782 · nobles  +4.1 · read 16.6 · walls  3.1 · fell 56.4% (mother 30.1%) · prince 31.2% · king 24.4% · crowned 20.2% (median year 22) · 2.8s
try  6 · gen  237 · best   1225.2 · elite    768.0 · median    223.4 · years  18.5 · road 0.41 · starved   667 · nobles  +3.7 · read 18.5 · walls  2.2 · fell 63.5% (mother 22.0%) · prince 29.4% · king 23.6% · crowned 19.7% (median year 26) · 2.8s
try  7 · gen  237 · best   1214.0 · elite    798.6 · median    251.0 · years  20.2 · road 0.40 · starved   546 · nobles  +5.3 · read 11.1 · walls  2.2 · fell 56.7% (mother 21.5%) · prince 35.9% · king 26.0% · crowned 20.0% (median year 23) · 2.8s
try  8 · gen  237 · best   1456.5 · elite    777.8 · median    246.0 · years  20.0 · road 0.41 · starved   682 · nobles  +5.7 · read 15.8 · walls  2.8 · fell 56.1% (mother 29.7%) · prince 35.7% · king 25.4% · crowned 19.1% (median year 24) · 2.8s
try  1 · gen  238 · best   1227.1 · elite    759.4 · median    213.1 · years  19.5 · road 0.38 · starved   683 · nobles  +6.1 · read 19.0 · walls  0.9 · fell 65.1% (mother 32.0%) · prince 28.4% · king 22.0% · crowned 18.5% (median year 25) · 2.7s
try  2 · gen  238 · best   1069.4 · elite    718.3 · median    235.3 · years  20.5 · road 0.41 · starved   741 · nobles  +3.7 · read 22.5 · walls  3.5 · fell 53.3% (mother 28.8%) · prince 34.7% · king 24.8% · crowned 16.5% (median year 23) · 2.7s
try  3 · gen  238 · best    867.4 · elite    497.1 · median    131.0 · years  33.0 · road 0.34 · starved  1174 · nobles  +9.9 · read  9.4 · walls  4.2 · fell 77.8% (mother 37.2%) · prince 20.8% · king 16.0% · crowned 13.6% (median year 56) · 2.7s
try  4 · gen  238 · best   1197.1 · elite    723.4 · median    212.4 · years  18.9 · road 0.35 · starved   592 · nobles  +7.7 · read  6.7 · walls  2.1 · fell 66.7% (mother 21.6%) · prince 27.8% · king 21.8% · crowned 18.0% (median year 24) · 2.7s
try  5 · gen  238 · best   1239.8 · elite    821.2 · median    231.2 · years  17.3 · road 0.43 · starved   761 · nobles  +3.9 · read 17.1 · walls  3.1 · fell 55.8% (mother 30.3%) · prince 30.9% · king 24.4% · crowned 20.5% (median year 22) · 2.7s
try  6 · gen  238 · best   1269.7 · elite    763.4 · median    210.6 · years  18.5 · road 0.41 · starved   702 · nobles  +3.6 · read 17.7 · walls  2.2 · fell 64.2% (mother 23.1%) · prince 28.7% · king 22.4% · crowned 19.1% (median year 26) · 2.7s
try  7 · gen  238 · best   1288.2 · elite    805.7 · median    242.1 · years  20.1 · road 0.40 · starved   547 · nobles  +5.8 · read 10.7 · walls  2.2 · fell 57.3% (mother 22.1%) · prince 36.3% · king 25.2% · crowned 19.6% (median year 23) · 2.7s
try  8 · gen  238 · best   1043.5 · elite    784.8 · median    246.9 · years  20.5 · road 0.41 · starved   664 · nobles  +5.3 · read 16.0 · walls  3.0 · fell 55.6% (mother 28.6%) · prince 35.7% · king 25.1% · crowned 19.1% (median year 24) · 2.7s
try  1 · gen  239 · best   1215.8 · elite    718.3 · median    208.9 · years  19.6 · road 0.38 · starved   721 · nobles  +5.3 · read 20.0 · walls  0.9 · fell 67.5% (mother 33.5%) · prince 28.8% · king 21.9% · crowned 17.9% (median year 25) · 2.7s
try  2 · gen  239 · best   1208.1 · elite    684.9 · median    233.6 · years  20.5 · road 0.41 · starved   703 · nobles  +4.0 · read 21.5 · walls  3.6 · fell 53.2% (mother 27.3%) · prince 34.6% · king 24.9% · crowned 16.8% (median year 23) · 2.7s
try  3 · gen  239 · best    837.6 · elite    504.4 · median    131.3 · years  32.7 · road 0.34 · starved  1126 · nobles +10.0 · read  9.3 · walls  4.1 · fell 77.8% (mother 35.6%) · prince 20.0% · king 16.1% · crowned 13.9% (median year 56) · 2.7s
try  4 · gen  239 · best   1224.4 · elite    743.9 · median    209.3 · years  18.9 · road 0.35 · starved   582 · nobles  +7.3 · read  7.2 · walls  2.2 · fell 67.4% (mother 20.1%) · prince 27.2% · king 21.8% · crowned 17.9% (median year 23) · 2.7s
try  5 · gen  239 · best   1233.4 · elite    800.0 · median    229.6 · years  17.0 · road 0.43 · starved   791 · nobles  +3.3 · read 17.1 · walls  3.0 · fell 58.1% (mother 32.9%) · prince 30.2% · king 23.5% · crowned 19.5% (median year 22) · 2.7s
try  6 · gen  239 · best   1376.3 · elite    758.8 · median    212.7 · years  18.0 · road 0.41 · starved   701 · nobles  +3.5 · read 17.5 · walls  2.2 · fell 64.5% (mother 23.0%) · prince 27.8% · king 23.2% · crowned 19.8% (median year 26) · 2.7s
try  7 · gen  239 · best   1071.7 · elite    733.7 · median    249.6 · years  20.0 · road 0.40 · starved   541 · nobles  +5.7 · read 10.9 · walls  2.2 · fell 57.3% (mother 21.0%) · prince 35.2% · king 23.8% · crowned 18.8% (median year 23) · 2.7s
try  8 · gen  239 · best   1270.9 · elite    773.9 · median    239.0 · years  20.3 · road 0.41 · starved   704 · nobles  +5.8 · read 15.6 · walls  2.9 · fell 56.1% (mother 30.4%) · prince 35.9% · king 24.9% · crowned 19.0% (median year 24) · 2.7s
try  1 · gen  240 · best   1101.9 · elite    720.2 · median    209.9 · years  19.7 · road 0.39 · starved   724 · nobles  +4.8 · read 20.3 · walls  0.9 · fell 69.7% (mother 35.0%) · prince 27.8% · king 21.9% · crowned 17.6% (median year 25) · 2.8s
try  2 · gen  240 · best   1202.0 · elite    686.9 · median    231.3 · years  20.9 · road 0.42 · starved   764 · nobles  +3.6 · read 22.3 · walls  3.6 · fell 55.1% (mother 30.1%) · prince 36.0% · king 24.9% · crowned 15.9% (median year 23) · 2.8s
try  3 · gen  240 · best    795.4 · elite    489.5 · median    119.0 · years  32.7 · road 0.33 · starved  1166 · nobles  +9.2 · read 10.0 · walls  4.0 · fell 78.3% (mother 36.8%) · prince 19.8% · king 15.3% · crowned 12.7% (median year 55) · 2.8s
try  4 · gen  240 · best    997.1 · elite    721.6 · median    210.2 · years  19.1 · road 0.35 · starved   613 · nobles  +6.8 · read  6.3 · walls  2.1 · fell 68.8% (mother 21.6%) · prince 27.7% · king 21.5% · crowned 17.5% (median year 24) · 2.8s
try  5 · gen  240 · best   1214.9 · elite    786.6 · median    225.4 · years  16.9 · road 0.43 · starved   731 · nobles  +3.7 · read 16.9 · walls  3.1 · fell 57.3% (mother 30.2%) · prince 31.1% · king 24.0% · crowned 19.8% (median year 22) · 2.8s
try  6 · gen  240 · best   1421.8 · elite    748.1 · median    219.5 · years  18.4 · road 0.42 · starved   678 · nobles  +3.3 · read 18.8 · walls  2.2 · fell 63.6% (mother 20.8%) · prince 28.8% · king 23.2% · crowned 19.6% (median year 26) · 2.8s
try  7 · gen  240 · best   1236.6 · elite    807.9 · median    248.8 · years  20.1 · road 0.40 · starved   553 · nobles  +5.4 · read 11.3 · walls  2.3 · fell 57.6% (mother 21.1%) · prince 36.0% · king 25.1% · crowned 19.4% (median year 23) · 2.8s
try  8 · gen  240 · best   1157.4 · elite    772.1 · median    235.9 · years  20.5 · road 0.41 · starved   718 · nobles  +5.3 · read 15.5 · walls  2.9 · fell 56.6% (mother 31.4%) · prince 35.7% · king 25.4% · crowned 18.8% (median year 24) · 2.8s
try  1 · gen  241 · best    981.4 · elite    679.6 · median    210.1 · years  20.1 · road 0.39 · starved   739 · nobles  +4.8 · read 20.8 · walls  0.9 · fell 68.2% (mother 34.3%) · prince 29.2% · king 22.0% · crowned 17.2% (median year 25) · 2.7s
try  2 · gen  241 · best   1181.7 · elite    691.5 · median    226.7 · years  20.4 · road 0.41 · starved   803 · nobles  +3.1 · read 20.6 · walls  3.7 · fell 57.4% (mother 33.7%) · prince 35.2% · king 25.1% · crowned 16.0% (median year 24) · 2.7s
try  3 · gen  241 · best    861.8 · elite    514.4 · median    138.2 · years  32.8 · road 0.34 · starved  1112 · nobles  +9.8 · read  9.7 · walls  4.2 · fell 76.6% (mother 34.0%) · prince 20.7% · king 16.6% · crowned 14.1% (median year 54) · 2.7s
try  4 · gen  241 · best   1016.2 · elite    693.0 · median    210.1 · years  19.0 · road 0.35 · starved   627 · nobles  +6.8 · read  6.5 · walls  2.1 · fell 68.2% (mother 21.9%) · prince 27.9% · king 21.5% · crowned 17.5% (median year 24) · 2.7s
try  5 · gen  241 · best   1255.3 · elite    805.8 · median    230.0 · years  16.8 · road 0.42 · starved   773 · nobles  +3.6 · read 16.5 · walls  3.0 · fell 58.5% (mother 30.8%) · prince 30.5% · king 23.8% · crowned 19.7% (median year 22) · 2.7s
try  6 · gen  241 · best   1214.3 · elite    761.7 · median    218.1 · years  18.5 · road 0.42 · starved   680 · nobles  +3.1 · read 19.4 · walls  2.3 · fell 63.5% (mother 20.8%) · prince 28.9% · king 23.4% · crowned 19.6% (median year 26) · 2.7s
try  7 · gen  241 · best   1213.6 · elite    760.8 · median    255.0 · years  19.9 · road 0.40 · starved   563 · nobles  +5.4 · read 11.3 · walls  2.3 · fell 56.7% (mother 22.4%) · prince 35.8% · king 24.3% · crowned 19.1% (median year 23) · 2.7s
try  8 · gen  241 · best   1222.6 · elite    767.9 · median    238.4 · years  20.1 · road 0.40 · starved   706 · nobles  +5.8 · read 15.5 · walls  2.8 · fell 57.0% (mother 30.7%) · prince 34.5% · king 23.7% · crowned 18.8% (median year 24) · 2.7s
try  1 · gen  242 · best   1440.9 · elite    707.3 · median    211.8 · years  20.3 · road 0.39 · starved   754 · nobles  +5.0 · read 21.3 · walls  1.0 · fell 67.4% (mother 33.5%) · prince 29.8% · king 21.8% · crowned 17.3% (median year 25) · 2.7s
try  2 · gen  242 · best   1254.2 · elite    714.1 · median    222.5 · years  21.0 · road 0.41 · starved   814 · nobles  +3.4 · read 20.9 · walls  3.8 · fell 57.7% (mother 34.1%) · prince 35.7% · king 25.2% · crowned 16.1% (median year 23) · 2.7s
try  3 · gen  242 · best    919.8 · elite    519.2 · median    133.7 · years  32.2 · road 0.34 · starved  1071 · nobles  +9.5 · read  9.4 · walls  4.0 · fell 76.2% (mother 34.7%) · prince 20.5% · king 16.3% · crowned 13.9% (median year 54) · 2.7s
try  4 · gen  242 · best   1216.0 · elite    704.7 · median    214.0 · years  18.9 · road 0.35 · starved   626 · nobles  +6.4 · read  5.9 · walls  2.1 · fell 67.5% (mother 21.9%) · prince 27.9% · king 21.9% · crowned 17.2% (median year 23) · 2.7s
try  5 · gen  242 · best   1271.8 · elite    810.7 · median    222.7 · years  16.5 · road 0.41 · starved   720 · nobles  +3.6 · read 16.9 · walls  2.7 · fell 57.8% (mother 30.2%) · prince 29.7% · king 24.2% · crowned 19.9% (median year 22) · 2.7s
try  6 · gen  242 · best   1242.1 · elite    772.3 · median    216.5 · years  18.3 · road 0.42 · starved   685 · nobles  +3.1 · read 19.4 · walls  2.4 · fell 63.2% (mother 22.8%) · prince 28.8% · king 23.2% · crowned 19.8% (median year 25) · 2.7s
try  7 · gen  242 · best   1064.3 · elite    762.6 · median    256.7 · years  19.9 · road 0.40 · starved   531 · nobles  +5.5 · read 11.8 · walls  2.3 · fell 57.5% (mother 20.7%) · prince 35.2% · king 24.3% · crowned 19.5% (median year 23) · 2.7s
try  8 · gen  242 · best   1236.8 · elite    766.4 · median    229.0 · years  20.0 · road 0.40 · starved   724 · nobles  +6.0 · read 15.2 · walls  2.6 · fell 58.4% (mother 31.1%) · prince 34.2% · king 23.8% · crowned 19.1% (median year 24) · 2.7s
try  1 · gen  243 · best   1435.8 · elite    709.2 · median    216.7 · years  20.2 · road 0.39 · starved   679 · nobles  +5.7 · read 21.1 · walls  1.0 · fell 64.8% (mother 31.3%) · prince 29.8% · king 22.5% · crowned 18.5% (median year 26) · 2.8s
try  2 · gen  243 · best   1074.2 · elite    689.3 · median    232.1 · years  20.9 · road 0.42 · starved   809 · nobles  +3.1 · read 20.5 · walls  3.8 · fell 56.8% (mother 33.9%) · prince 36.3% · king 24.8% · crowned 16.1% (median year 24) · 2.8s
try  3 · gen  243 · best    829.2 · elite    506.9 · median    139.2 · years  31.7 · road 0.34 · starved  1052 · nobles  +9.5 · read  9.2 · walls  4.1 · fell 75.9% (mother 35.3%) · prince 20.2% · king 16.4% · crowned 13.7% (median year 54) · 2.8s
try  4 · gen  243 · best   1405.7 · elite    717.6 · median    208.0 · years  18.7 · road 0.35 · starved   608 · nobles  +7.1 · read  5.6 · walls  2.1 · fell 67.0% (mother 21.4%) · prince 27.8% · king 21.3% · crowned 17.5% (median year 23) · 2.8s
try  5 · gen  243 · best   1289.4 · elite    776.1 · median    229.4 · years  16.5 · road 0.41 · starved   714 · nobles  +3.5 · read 17.0 · walls  2.6 · fell 56.5% (mother 29.4%) · prince 30.1% · king 24.4% · crowned 20.0% (median year 22) · 2.8s
try  6 · gen  243 · best   1290.1 · elite    756.0 · median    206.7 · years  18.1 · road 0.41 · starved   721 · nobles  +2.9 · read 19.1 · walls  2.3 · fell 65.0% (mother 25.0%) · prince 28.2% · king 22.7% · crowned 18.5% (median year 26) · 2.8s
try  7 · gen  243 · best   1219.4 · elite    771.7 · median    253.3 · years  19.7 · road 0.40 · starved   547 · nobles  +5.4 · read 12.4 · walls  2.3 · fell 57.0% (mother 22.0%) · prince 34.8% · king 24.1% · crowned 19.4% (median year 23) · 2.8s
try  8 · gen  243 · best   1199.9 · elite    763.7 · median    227.7 · years  20.1 · road 0.41 · starved   709 · nobles  +5.5 · read 14.5 · walls  2.6 · fell 59.4% (mother 31.3%) · prince 34.5% · king 23.9% · crowned 18.9% (median year 25) · 2.8s
try  1 · gen  244 · best   1225.8 · elite    706.9 · median    207.6 · years  20.1 · road 0.39 · starved   772 · nobles  +5.0 · read 20.8 · walls  1.2 · fell 66.7% (mother 35.2%) · prince 29.8% · king 21.9% · crowned 17.3% (median year 25) · 2.7s
try  2 · gen  244 · best   1022.0 · elite    676.5 · median    223.5 · years  20.8 · road 0.42 · starved   843 · nobles  +3.4 · read 21.0 · walls  3.7 · fell 57.5% (mother 34.7%) · prince 36.4% · king 24.7% · crowned 15.6% (median year 24) · 2.7s
try  3 · gen  244 · best    921.9 · elite    518.3 · median    143.8 · years  31.5 · road 0.34 · starved  1029 · nobles  +9.8 · read  9.5 · walls  4.1 · fell 76.5% (mother 35.9%) · prince 20.8% · king 16.9% · crowned 14.2% (median year 53) · 2.7s
try  4 · gen  244 · best   1225.3 · elite    724.2 · median    207.6 · years  18.5 · road 0.35 · starved   594 · nobles  +6.9 · read  5.6 · walls  2.0 · fell 67.4% (mother 21.9%) · prince 28.6% · king 22.4% · crowned 17.6% (median year 23) · 2.7s
try  5 · gen  244 · best   1216.0 · elite    827.7 · median    236.6 · years  16.7 · road 0.41 · starved   714 · nobles  +3.9 · read 17.5 · walls  2.9 · fell 55.5% (mother 28.6%) · prince 31.0% · king 24.3% · crowned 20.4% (median year 22) · 2.7s
try  6 · gen  244 · best   1427.6 · elite    755.2 · median    208.5 · years  18.1 · road 0.42 · starved   697 · nobles  +3.1 · read 19.2 · walls  2.4 · fell 63.4% (mother 23.7%) · prince 28.5% · king 23.2% · crowned 19.0% (median year 26) · 2.7s
try  7 · gen  244 · best   1447.6 · elite    786.0 · median    253.7 · years  19.8 · road 0.41 · starved   550 · nobles  +5.4 · read 12.3 · walls  2.4 · fell 57.0% (mother 21.9%) · prince 35.3% · king 25.1% · crowned 19.4% (median year 23) · 2.7s
try  8 · gen  244 · best   1230.2 · elite    735.5 · median    229.1 · years  20.7 · road 0.41 · starved   777 · nobles  +5.4 · read 14.6 · walls  2.7 · fell 59.5% (mother 31.5%) · prince 34.6% · king 23.8% · crowned 18.6% (median year 25) · 2.7s
try  1 · gen  245 · best   1228.8 · elite    704.1 · median    220.7 · years  20.4 · road 0.39 · starved   716 · nobles  +4.8 · read 21.1 · walls  1.2 · fell 65.1% (mother 30.7%) · prince 30.4% · king 22.6% · crowned 18.1% (median year 25) · 2.8s
try  2 · gen  245 · best   1214.2 · elite    700.3 · median    217.0 · years  20.5 · road 0.41 · starved   845 · nobles  +3.5 · read 20.4 · walls  3.7 · fell 58.5% (mother 35.8%) · prince 35.5% · king 23.9% · crowned 15.8% (median year 23) · 2.8s
try  3 · gen  245 · best   1019.9 · elite    527.0 · median    146.5 · years  31.0 · road 0.34 · starved  1055 · nobles  +9.8 · read 10.2 · walls  4.1 · fell 76.1% (mother 35.7%) · prince 20.7% · king 16.5% · crowned 14.5% (median year 52) · 2.8s
try  4 · gen  245 · best   1220.1 · elite    726.5 · median    219.7 · years  18.4 · road 0.35 · starved   567 · nobles  +6.6 · read  5.5 · walls  2.0 · fell 66.9% (mother 21.1%) · prince 28.3% · king 22.4% · crowned 17.8% (median year 23) · 2.8s
try  5 · gen  245 · best   1463.6 · elite    810.0 · median    235.3 · years  17.2 · road 0.42 · starved   754 · nobles  +3.8 · read 18.7 · walls  3.0 · fell 56.4% (mother 31.4%) · prince 31.1% · king 24.3% · crowned 20.0% (median year 22) · 2.8s
try  6 · gen  245 · best   1153.3 · elite    745.2 · median    205.2 · years  18.0 · road 0.41 · starved   700 · nobles  +3.1 · read 19.7 · walls  2.4 · fell 64.8% (mother 25.2%) · prince 27.9% · king 22.6% · crowned 19.0% (median year 26) · 2.8s
try  7 · gen  245 · best   1105.1 · elite    760.8 · median    252.4 · years  19.7 · road 0.41 · starved   585 · nobles  +5.3 · read 12.5 · walls  2.4 · fell 57.0% (mother 24.2%) · prince 35.4% · king 25.5% · crowned 19.5% (median year 23) · 2.8s
try  8 · gen  245 · best   1226.1 · elite    738.7 · median    222.7 · years  20.5 · road 0.41 · starved   738 · nobles  +5.3 · read 13.6 · walls  2.6 · fell 61.5% (mother 32.2%) · prince 34.2% · king 22.7% · crowned 18.2% (median year 25) · 2.8s
try  1 · gen  246 · best   1213.9 · elite    722.5 · median    215.1 · years  20.7 · road 0.40 · starved   749 · nobles  +4.7 · read 22.0 · walls  1.2 · fell 66.4% (mother 31.2%) · prince 30.3% · king 22.3% · crowned 17.5% (median year 25) · 2.8s
try  2 · gen  246 · best   1295.7 · elite    702.2 · median    222.7 · years  21.1 · road 0.42 · starved   850 · nobles  +3.5 · read 22.4 · walls  3.6 · fell 57.0% (mother 34.6%) · prince 36.0% · king 25.2% · crowned 16.0% (median year 24) · 2.8s
try  3 · gen  246 · best    831.1 · elite    528.8 · median    144.4 · years  30.7 · road 0.33 · starved   970 · nobles  +9.9 · read 10.6 · walls  3.9 · fell 75.1% (mother 33.3%) · prince 19.8% · king 16.5% · crowned 14.4% (median year 51) · 2.8s
try  4 · gen  246 · best   1217.7 · elite    747.0 · median    213.1 · years  18.6 · road 0.35 · starved   586 · nobles  +6.7 · read  5.4 · walls  1.9 · fell 66.2% (mother 20.1%) · prince 28.1% · king 22.6% · crowned 17.6% (median year 23) · 2.8s
try  5 · gen  246 · best   1220.2 · elite    802.4 · median    233.2 · years  16.9 · road 0.42 · starved   778 · nobles  +3.8 · read 19.3 · walls  2.9 · fell 56.1% (mother 31.2%) · prince 30.6% · king 23.8% · crowned 19.5% (median year 22) · 2.8s
try  6 · gen  246 · best   1244.7 · elite    731.4 · median    208.7 · years  17.8 · road 0.41 · starved   709 · nobles  +3.2 · read 19.5 · walls  2.5 · fell 64.2% (mother 25.0%) · prince 27.9% · king 22.2% · crowned 18.7% (median year 25) · 2.8s
try  7 · gen  246 · best   1054.0 · elite    742.7 · median    260.4 · years  19.7 · road 0.41 · starved   580 · nobles  +5.3 · read 12.9 · walls  2.4 · fell 56.3% (mother 23.6%) · prince 36.2% · king 24.9% · crowned 19.5% (median year 23) · 2.8s
try  8 · gen  246 · best   1186.7 · elite    739.9 · median    231.7 · years  20.7 · road 0.41 · starved   785 · nobles  +4.9 · read 13.3 · walls  2.7 · fell 61.1% (mother 32.8%) · prince 34.0% · king 23.1% · crowned 18.4% (median year 25) · 2.8s
try  1 · gen  247 · best   1237.7 · elite    759.6 · median    220.1 · years  20.4 · road 0.39 · starved   703 · nobles  +5.3 · read 21.9 · walls  1.1 · fell 64.5% (mother 30.6%) · prince 30.1% · king 22.7% · crowned 18.6% (median year 26) · 2.7s
try  2 · gen  247 · best   1223.2 · elite    689.1 · median    220.3 · years  20.8 · road 0.41 · starved   873 · nobles  +3.9 · read 21.8 · walls  3.5 · fell 56.5% (mother 35.7%) · prince 35.4% · king 24.3% · crowned 15.9% (median year 23) · 2.7s
try  3 · gen  247 · best    896.4 · elite    558.5 · median    147.8 · years  31.5 · road 0.34 · starved   975 · nobles +10.6 · read 11.1 · walls  4.0 · fell 75.3% (mother 33.9%) · prince 21.0% · king 17.1% · crowned 15.2% (median year 53) · 2.7s
try  4 · gen  247 · best   1228.7 · elite    712.5 · median    214.9 · years  18.4 · road 0.35 · starved   571 · nobles  +6.8 · read  4.8 · walls  1.9 · fell 67.1% (mother 20.9%) · prince 28.5% · king 22.8% · crowned 17.9% (median year 23) · 2.7s
try  5 · gen  247 · best   1276.4 · elite    785.8 · median    234.8 · years  17.4 · road 0.43 · starved   815 · nobles  +3.9 · read 20.2 · walls  3.1 · fell 56.5% (mother 32.5%) · prince 31.3% · king 24.3% · crowned 19.3% (median year 22) · 2.7s
try  6 · gen  247 · best   1222.2 · elite    773.9 · median    210.4 · years  17.4 · road 0.41 · starved   709 · nobles  +3.3 · read 19.4 · walls  2.5 · fell 64.0% (mother 27.6%) · prince 28.4% · king 23.2% · crowned 19.2% (median year 25) · 2.7s
try  7 · gen  247 · best   1209.8 · elite    774.4 · median    258.0 · years  19.7 · road 0.41 · starved   554 · nobles  +5.1 · read 12.9 · walls  2.5 · fell 56.2% (mother 22.6%) · prince 36.2% · king 25.8% · crowned 19.7% (median year 23) · 2.7s
try  8 · gen  247 · best   1233.2 · elite    738.2 · median    225.6 · years  20.0 · road 0.40 · starved   703 · nobles  +5.4 · read 12.7 · walls  2.5 · fell 60.4% (mother 31.9%) · prince 33.4% · king 23.4% · crowned 18.5% (median year 24) · 2.7s
try  1 · gen  248 · best   1033.9 · elite    721.6 · median    205.9 · years  20.1 · road 0.39 · starved   704 · nobles  +4.9 · read 22.4 · walls  1.1 · fell 64.7% (mother 30.5%) · prince 29.7% · king 21.9% · crowned 17.7% (median year 25) · 2.7s
try  2 · gen  248 · best   1199.4 · elite    708.6 · median    217.3 · years  21.0 · road 0.42 · starved   850 · nobles  +3.6 · read 22.3 · walls  3.6 · fell 56.3% (mother 35.8%) · prince 35.5% · king 25.0% · crowned 15.9% (median year 23) · 2.7s
try  3 · gen  248 · best    976.4 · elite    514.4 · median    147.3 · years  31.2 · road 0.34 · starved   983 · nobles +10.2 · read 10.6 · walls  4.1 · fell 74.8% (mother 34.6%) · prince 20.8% · king 17.5% · crowned 15.1% (median year 53) · 2.7s
try  4 · gen  248 · best   1240.0 · elite    716.1 · median    227.6 · years  18.6 · road 0.35 · starved   586 · nobles  +7.0 · read  4.5 · walls  2.0 · fell 66.4% (mother 20.6%) · prince 29.0% · king 22.6% · crowned 18.0% (median year 23) · 2.7s
try  5 · gen  248 · best   1233.8 · elite    782.4 · median    242.1 · years  17.7 · road 0.43 · starved   800 · nobles  +4.3 · read 20.2 · walls  3.4 · fell 54.3% (mother 32.3%) · prince 33.8% · king 25.1% · crowned 20.1% (median year 22) · 2.7s
try  6 · gen  248 · best   1028.4 · elite    762.7 · median    223.5 · years  17.6 · road 0.43 · starved   703 · nobles  +3.5 · read 19.5 · walls  2.8 · fell 61.1% (mother 25.3%) · prince 28.4% · king 24.1% · crowned 20.0% (median year 24) · 2.7s
try  7 · gen  248 · best   1307.2 · elite    792.3 · median    244.0 · years  19.7 · road 0.41 · starved   555 · nobles  +5.3 · read 13.0 · walls  2.4 · fell 56.3% (mother 22.6%) · prince 36.0% · king 24.9% · crowned 18.9% (median year 23) · 2.7s
try  8 · gen  248 · best   1207.8 · elite    762.6 · median    242.6 · years  20.1 · road 0.41 · starved   740 · nobles  +5.8 · read 12.3 · walls  2.5 · fell 59.7% (mother 32.2%) · prince 34.9% · king 24.5% · crowned 19.1% (median year 24) · 2.7s
try  1 · gen  249 · best   1002.4 · elite    718.4 · median    218.9 · years  20.5 · road 0.39 · starved   726 · nobles  +5.6 · read 21.8 · walls  1.1 · fell 64.9% (mother 30.3%) · prince 31.0% · king 22.7% · crowned 17.9% (median year 25) · 2.7s
try  2 · gen  249 · best   1209.1 · elite    708.6 · median    211.6 · years  20.6 · road 0.42 · starved   885 · nobles  +3.6 · read 21.8 · walls  3.6 · fell 58.3% (mother 40.2%) · prince 36.4% · king 24.8% · crowned 15.7% (median year 24) · 2.7s
try  3 · gen  249 · best    852.4 · elite    545.0 · median    145.0 · years  30.7 · road 0.34 · starved   989 · nobles +10.1 · read 11.1 · walls  4.0 · fell 74.8% (mother 34.5%) · prince 20.8% · king 17.4% · crowned 15.1% (median year 52) · 2.7s
try  4 · gen  249 · best   1223.4 · elite    733.3 · median    215.0 · years  18.5 · road 0.34 · starved   556 · nobles  +7.5 · read  4.6 · walls  1.9 · fell 66.7% (mother 20.0%) · prince 27.4% · king 22.5% · crowned 18.3% (median year 23) · 2.7s
try  5 · gen  249 · best   1265.9 · elite    822.3 · median    239.0 · years  17.8 · road 0.44 · starved   802 · nobles  +4.7 · read 20.7 · walls  3.4 · fell 53.6% (mother 32.1%) · prince 33.0% · king 25.1% · crowned 20.0% (median year 22) · 2.7s
try  6 · gen  249 · best   1201.3 · elite    772.7 · median    229.9 · years  17.5 · road 0.43 · starved   702 · nobles  +3.5 · read 19.3 · walls  2.9 · fell 60.5% (mother 25.8%) · prince 29.0% · king 23.8% · crowned 19.9% (median year 24) · 2.7s
try  7 · gen  249 · best   1213.7 · elite    807.7 · median    245.3 · years  19.6 · road 0.40 · starved   559 · nobles  +5.7 · read 12.7 · walls  2.3 · fell 56.0% (mother 21.9%) · prince 35.2% · king 25.0% · crowned 19.4% (median year 23) · 2.7s
try  8 · gen  249 · best   1178.5 · elite    757.7 · median    231.5 · years  20.1 · road 0.40 · starved   727 · nobles  +5.6 · read 12.5 · walls  2.5 · fell 61.2% (mother 33.9%) · prince 33.8% · king 23.6% · crowned 18.4% (median year 24) · 2.7s
try  1 · gen  250 · best   1218.1 · elite    754.2 · median    217.0 · years  20.5 · road 0.39 · starved   717 · nobles  +6.0 · read 22.7 · walls  1.1 · fell 64.1% (mother 30.7%) · prince 30.3% · king 22.6% · crowned 18.5% (median year 25) · 2.6s
try  2 · gen  250 · best   1194.5 · elite    697.0 · median    227.9 · years  20.8 · road 0.42 · starved   873 · nobles  +4.1 · read 22.0 · walls  3.6 · fell 56.2% (mother 37.8%) · prince 36.7% · king 25.1% · crowned 16.0% (median year 24) · 2.6s
try  3 · gen  250 · best    881.5 · elite    535.2 · median    134.8 · years  30.4 · road 0.33 · starved  1011 · nobles +10.2 · read 11.1 · walls  3.9 · fell 75.5% (mother 34.3%) · prince 19.8% · king 16.6% · crowned 14.4% (median year 52) · 2.6s
try  4 · gen  250 · best   1204.5 · elite    752.3 · median    217.3 · years  18.7 · road 0.34 · starved   560 · nobles  +7.7 · read  4.7 · walls  2.0 · fell 66.7% (mother 20.1%) · prince 28.0% · king 22.1% · crowned 18.3% (median year 23) · 2.6s
try  5 · gen  250 · best   1228.1 · elite    804.3 · median    244.8 · years  17.7 · road 0.44 · starved   794 · nobles  +4.3 · read 20.7 · walls  3.5 · fell 53.8% (mother 33.8%) · prince 33.3% · king 24.5% · crowned 19.8% (median year 22) · 2.6s
try  6 · gen  250 · best   1157.5 · elite    753.1 · median    221.0 · years  17.8 · road 0.43 · starved   697 · nobles  +2.9 · read 20.1 · walls  3.0 · fell 61.0% (mother 26.2%) · prince 29.2% · king 23.6% · crowned 19.5% (median year 25) · 2.6s
try  7 · gen  250 · best   1308.5 · elite    793.2 · median    256.4 · years  19.6 · road 0.41 · starved   562 · nobles  +5.8 · read 13.1 · walls  2.4 · fell 56.1% (mother 22.5%) · prince 36.0% · king 25.7% · crowned 19.9% (median year 23) · 2.6s
try  8 · gen  250 · best   1216.5 · elite    773.1 · median    227.2 · years  19.7 · road 0.40 · starved   698 · nobles  +5.7 · read 12.3 · walls  2.5 · fell 60.1% (mother 33.2%) · prince 32.9% · king 22.9% · crowned 18.6% (median year 24) · 2.6s
try  1 · gen  251 · best   1448.7 · elite    724.0 · median    216.6 · years  20.3 · road 0.38 · starved   691 · nobles  +5.6 · read 23.4 · walls  1.0 · fell 63.7% (mother 30.8%) · prince 29.9% · king 22.9% · crowned 18.5% (median year 25) · 2.7s
try  2 · gen  251 · best    993.9 · elite    671.9 · median    227.6 · years  21.0 · road 0.42 · starved   868 · nobles  +3.9 · read 22.7 · walls  3.6 · fell 56.1% (mother 36.5%) · prince 37.8% · king 25.2% · crowned 15.6% (median year 24) · 2.7s
try  3 · gen  251 · best    991.8 · elite    542.2 · median    148.9 · years  30.0 · road 0.33 · starved   957 · nobles +10.5 · read 10.7 · walls  4.1 · fell 75.1% (mother 36.7%) · prince 20.8% · king 17.5% · crowned 15.3% (median year 52) · 2.7s
try  4 · gen  251 · best   1254.5 · elite    754.6 · median    213.2 · years  18.6 · road 0.34 · starved   570 · nobles  +7.5 · read  4.9 · walls  1.9 · fell 67.8% (mother 22.1%) · prince 27.0% · king 22.1% · crowned 18.2% (median year 24) · 2.7s
try  5 · gen  251 · best   1240.0 · elite    811.0 · median    255.1 · years  18.3 · road 0.45 · starved   802 · nobles  +4.3 · read 22.1 · walls  3.8 · fell 51.2% (mother 33.0%) · prince 34.8% · king 25.5% · crowned 20.1% (median year 22) · 2.7s
try  6 · gen  251 · best   1172.5 · elite    759.0 · median    220.8 · years  18.1 · road 0.43 · starved   723 · nobles  +3.0 · read 20.0 · walls  3.0 · fell 60.8% (mother 26.8%) · prince 30.1% · king 23.6% · crowned 19.1% (median year 24) · 2.7s
try  7 · gen  251 · best   1226.7 · elite    762.9 · median    257.6 · years  19.5 · road 0.41 · starved   587 · nobles  +5.7 · read 12.9 · walls  2.3 · fell 56.6% (mother 23.5%) · prince 35.1% · king 24.9% · crowned 19.3% (median year 23) · 2.7s
try  8 · gen  251 · best   1065.1 · elite    753.7 · median    226.1 · years  19.9 · road 0.41 · starved   825 · nobles  +5.3 · read 11.6 · walls  2.6 · fell 60.0% (mother 33.7%) · prince 33.8% · king 23.4% · crowned 18.4% (median year 24) · 2.7s
try  1 · gen  252 · best   1428.5 · elite    760.1 · median    216.4 · years  20.7 · road 0.38 · starved   699 · nobles  +5.5 · read 22.7 · walls  1.0 · fell 63.9% (mother 29.6%) · prince 30.2% · king 23.3% · crowned 18.8% (median year 26) · 2.7s
try  2 · gen  252 · best   1032.0 · elite    711.3 · median    229.4 · years  20.8 · road 0.42 · starved   838 · nobles  +4.2 · read 22.7 · walls  3.5 · fell 54.9% (mother 34.5%) · prince 37.2% · king 25.3% · crowned 16.7% (median year 23) · 2.7s
try  3 · gen  252 · best    822.0 · elite    538.6 · median    146.0 · years  30.5 · road 0.34 · starved   982 · nobles +10.5 · read 11.1 · walls  4.4 · fell 75.0% (mother 36.7%) · prince 20.6% · king 17.3% · crowned 14.9% (median year 52) · 2.7s
try  4 · gen  252 · best   1227.8 · elite    715.5 · median    210.9 · years  18.6 · road 0.34 · starved   579 · nobles  +7.2 · read  5.1 · walls  1.9 · fell 67.7% (mother 20.5%) · prince 26.7% · king 21.9% · crowned 17.8% (median year 24) · 2.7s
try  5 · gen  252 · best   1438.2 · elite    835.8 · median    254.5 · years  18.3 · road 0.45 · starved   784 · nobles  +4.3 · read 22.2 · walls  3.7 · fell 50.7% (mother 32.5%) · prince 34.3% · king 25.2% · crowned 20.5% (median year 22) · 2.7s
try  6 · gen  252 · best   1220.4 · elite    743.7 · median    224.5 · years  18.0 · road 0.43 · starved   726 · nobles  +2.8 · read 18.8 · walls  3.0 · fell 61.1% (mother 28.0%) · prince 29.5% · king 22.9% · crowned 19.4% (median year 24) · 2.7s
try  7 · gen  252 · best   1204.2 · elite    766.5 · median    246.7 · years  19.5 · road 0.40 · starved   601 · nobles  +5.8 · read 12.9 · walls  2.3 · fell 57.2% (mother 24.6%) · prince 34.8% · king 24.5% · crowned 19.1% (median year 23) · 2.7s
try  8 · gen  252 · best   1208.6 · elite    757.3 · median    219.7 · years  19.8 · road 0.40 · starved   747 · nobles  +5.2 · read 12.0 · walls  2.5 · fell 61.0% (mother 34.6%) · prince 33.6% · king 23.1% · crowned 18.2% (median year 24) · 2.7s
try  1 · gen  253 · best   1167.0 · elite    696.5 · median    218.2 · years  20.8 · road 0.38 · starved   691 · nobles  +5.2 · read 23.6 · walls  0.9 · fell 64.5% (mother 29.8%) · prince 30.1% · king 23.2% · crowned 18.6% (median year 26) · 2.7s
try  2 · gen  253 · best   1233.2 · elite    709.9 · median    235.5 · years  21.2 · road 0.42 · starved   838 · nobles  +3.8 · read 22.6 · walls  3.5 · fell 55.6% (mother 34.8%) · prince 37.8% · king 25.8% · crowned 16.0% (median year 23) · 2.7s
try  3 · gen  253 · best    922.5 · elite    531.8 · median    136.0 · years  30.3 · road 0.34 · starved   993 · nobles +10.5 · read 11.4 · walls  4.5 · fell 75.5% (mother 37.4%) · prince 19.8% · king 16.4% · crowned 14.3% (median year 53) · 2.7s
try  4 · gen  253 · best   1039.4 · elite    733.4 · median    218.3 · years  18.6 · road 0.35 · starved   561 · nobles  +7.1 · read  5.3 · walls  1.9 · fell 67.6% (mother 20.5%) · prince 27.5% · king 22.6% · crowned 18.2% (median year 24) · 2.7s
try  5 · gen  253 · best   1307.6 · elite    816.6 · median    247.3 · years  18.5 · road 0.45 · starved   811 · nobles  +4.3 · read 23.6 · walls  3.8 · fell 50.7% (mother 33.2%) · prince 33.8% · king 25.1% · crowned 19.9% (median year 23) · 2.7s
try  6 · gen  253 · best   1052.3 · elite    725.5 · median    216.3 · years  17.7 · road 0.42 · starved   754 · nobles  +3.0 · read 18.1 · walls  3.0 · fell 63.1% (mother 29.5%) · prince 28.0% · king 22.5% · crowned 19.0% (median year 25) · 2.7s
try  7 · gen  253 · best   1490.3 · elite    759.3 · median    253.3 · years  19.4 · road 0.41 · starved   560 · nobles  +5.4 · read 13.0 · walls  2.3 · fell 55.5% (mother 24.0%) · prince 35.5% · king 25.6% · crowned 19.8% (median year 23) · 2.7s
try  8 · gen  253 · best   1055.1 · elite    735.3 · median    232.9 · years  19.8 · road 0.41 · starved   755 · nobles  +4.4 · read 12.2 · walls  2.7 · fell 59.9% (mother 36.2%) · prince 33.2% · king 24.0% · crowned 18.5% (median year 24) · 2.7s
try  1 · gen  254 · best   1264.2 · elite    726.2 · median    214.5 · years  20.7 · road 0.38 · starved   717 · nobles  +5.1 · read 22.4 · walls  0.8 · fell 65.4% (mother 31.5%) · prince 29.9% · king 22.6% · crowned 18.4% (median year 26) · 2.7s
try  2 · gen  254 · best   1038.4 · elite    715.3 · median    220.6 · years  20.5 · road 0.42 · starved   825 · nobles  +4.0 · read 21.3 · walls  3.5 · fell 55.8% (mother 36.1%) · prince 37.0% · king 25.1% · crowned 16.0% (median year 23) · 2.7s
try  3 · gen  254 · best    903.1 · elite    522.1 · median    142.8 · years  31.1 · road 0.33 · starved   993 · nobles +10.7 · read 12.0 · walls  4.5 · fell 76.0% (mother 36.1%) · prince 20.0% · king 16.9% · crowned 14.6% (median year 54) · 2.7s
try  4 · gen  254 · best   1018.4 · elite    727.2 · median    210.5 · years  18.4 · road 0.34 · starved   543 · nobles  +7.2 · read  5.3 · walls  1.8 · fell 68.3% (mother 20.0%) · prince 26.8% · king 21.5% · crowned 17.7% (median year 24) · 2.7s
try  5 · gen  254 · best   1194.3 · elite    788.2 · median    251.9 · years  18.7 · road 0.46 · starved   833 · nobles  +4.3 · read 24.7 · walls  3.8 · fell 51.3% (mother 34.3%) · prince 35.0% · king 25.4% · crowned 20.0% (median year 23) · 2.7s
try  6 · gen  254 · best   1131.6 · elite    749.8 · median    218.2 · years  18.5 · road 0.44 · starved   744 · nobles  +2.3 · read 18.9 · walls  3.0 · fell 61.7% (mother 28.2%) · prince 29.5% · king 23.8% · crowned 18.7% (median year 25) · 2.7s
try  7 · gen  254 · best   1273.0 · elite    787.7 · median    248.6 · years  19.6 · road 0.41 · starved   632 · nobles  +5.1 · read 13.0 · walls  2.4 · fell 56.6% (mother 26.5%) · prince 36.3% · king 25.6% · crowned 19.0% (median year 23) · 2.7s
try  8 · gen  254 · best   1222.7 · elite    722.2 · median    224.3 · years  20.2 · road 0.41 · starved   753 · nobles  +4.5 · read 13.3 · walls  2.8 · fell 59.4% (mother 35.3%) · prince 33.8% · king 23.2% · crowned 18.2% (median year 24) · 2.7s
try  1 · gen  255 · best   1217.0 · elite    718.3 · median    215.7 · years  20.7 · road 0.38 · starved   713 · nobles  +4.9 · read 21.2 · walls  0.8 · fell 65.6% (mother 30.7%) · prince 29.7% · king 22.8% · crowned 18.4% (median year 26) · 2.8s
try  2 · gen  255 · best   1135.8 · elite    691.6 · median    227.9 · years  20.7 · road 0.42 · starved   875 · nobles  +3.5 · read 21.5 · walls  3.5 · fell 57.1% (mother 37.8%) · prince 38.6% · king 25.5% · crowned 15.4% (median year 24) · 2.8s
try  3 · gen  255 · best    837.6 · elite    533.7 · median    140.7 · years  31.3 · road 0.34 · starved   969 · nobles +10.7 · read 12.5 · walls  4.6 · fell 75.2% (mother 35.3%) · prince 19.9% · king 17.0% · crowned 14.6% (median year 53) · 2.8s
try  4 · gen  255 · best   1244.4 · elite    723.0 · median    210.9 · years  18.4 · road 0.34 · starved   543 · nobles  +7.4 · read  5.3 · walls  1.7 · fell 66.8% (mother 18.6%) · prince 26.0% · king 21.0% · crowned 17.8% (median year 23) · 2.8s
try  5 · gen  255 · best   1291.8 · elite    827.0 · median    241.9 · years  18.5 · road 0.46 · starved   846 · nobles  +3.9 · read 24.3 · walls  3.7 · fell 52.2% (mother 36.5%) · prince 35.2% · king 25.5% · crowned 19.9% (median year 23) · 2.8s
try  6 · gen  255 · best   1232.0 · elite    755.8 · median    226.7 · years  18.4 · road 0.44 · starved   757 · nobles  +2.5 · read 19.0 · walls  3.1 · fell 60.0% (mother 27.9%) · prince 29.4% · king 23.3% · crowned 19.2% (median year 24) · 2.8s
try  7 · gen  255 · best   1090.1 · elite    781.1 · median    252.9 · years  19.4 · road 0.41 · starved   612 · nobles  +4.9 · read 12.3 · walls  2.2 · fell 57.1% (mother 25.9%) · prince 36.2% · king 25.4% · crowned 19.4% (median year 23) · 2.8s
try  8 · gen  255 · best   1233.3 · elite    753.8 · median    237.4 · years  20.2 · road 0.42 · starved   762 · nobles  +4.9 · read 13.2 · walls  3.0 · fell 59.3% (mother 36.7%) · prince 34.2% · king 24.7% · crowned 19.5% (median year 25) · 2.8s
try  1 · gen  256 · best    997.4 · elite    725.9 · median    222.2 · years  20.5 · road 0.39 · starved   698 · nobles  +4.8 · read 19.6 · walls  0.9 · fell 64.4% (mother 30.9%) · prince 30.2% · king 23.2% · crowned 18.9% (median year 26) · 2.7s
try  2 · gen  256 · best   1446.2 · elite    725.3 · median    234.6 · years  20.7 · road 0.43 · starved   833 · nobles  +4.0 · read 21.3 · walls  3.6 · fell 55.6% (mother 36.5%) · prince 39.6% · king 27.1% · crowned 16.4% (median year 23) · 2.7s
try  3 · gen  256 · best    833.9 · elite    511.5 · median    139.9 · years  31.6 · road 0.34 · starved  1005 · nobles +10.3 · read 12.4 · walls  4.7 · fell 76.0% (mother 36.5%) · prince 19.6% · king 16.8% · crowned 14.3% (median year 53) · 2.7s
try  4 · gen  256 · best   1137.7 · elite    703.7 · median    209.3 · years  18.6 · road 0.34 · starved   587 · nobles  +7.8 · read  5.5 · walls  1.6 · fell 68.3% (mother 21.0%) · prince 26.0% · king 21.5% · crowned 17.7% (median year 23) · 2.7s
try  5 · gen  256 · best   1217.7 · elite    813.5 · median    247.5 · years  18.8 · road 0.46 · starved   872 · nobles  +4.2 · read 24.4 · walls  3.8 · fell 52.8% (mother 36.1%) · prince 35.9% · king 25.8% · crowned 19.9% (median year 23) · 2.7s
try  6 · gen  256 · best   1223.5 · elite    754.6 · median    224.2 · years  18.6 · road 0.44 · starved   735 · nobles  +2.1 · read 18.8 · walls  3.0 · fell 62.3% (mother 28.6%) · prince 29.0% · king 23.3% · crowned 18.8% (median year 25) · 2.7s
try  7 · gen  256 · best   1273.6 · elite    811.6 · median    259.0 · years  19.4 · road 0.41 · starved   564 · nobles  +5.0 · read 12.9 · walls  2.2 · fell 54.5% (mother 24.8%) · prince 36.4% · king 25.9% · crowned 20.0% (median year 22) · 2.7s
try  8 · gen  256 · best   1261.6 · elite    754.4 · median    237.8 · years  20.1 · road 0.42 · starved   795 · nobles  +5.0 · read 13.4 · walls  3.2 · fell 59.3% (mother 37.2%) · prince 35.2% · king 24.8% · crowned 18.6% (median year 25) · 2.7s
try  1 · gen  257 · best   1032.4 · elite    716.9 · median    221.0 · years  20.8 · road 0.38 · starved   714 · nobles  +5.3 · read 20.2 · walls  0.8 · fell 64.2% (mother 29.1%) · prince 30.3% · king 23.2% · crowned 18.7% (median year 26) · 2.7s
try  2 · gen  257 · best   1217.4 · elite    736.6 · median    231.5 · years  20.5 · road 0.42 · starved   807 · nobles  +4.4 · read 20.5 · walls  3.7 · fell 54.7% (mother 35.7%) · prince 38.7% · king 25.9% · crowned 16.5% (median year 23) · 2.7s
try  3 · gen  257 · best    997.5 · elite    519.7 · median    145.3 · years  31.8 · road 0.34 · starved  1019 · nobles +10.9 · read 12.5 · walls  4.6 · fell 75.9% (mother 36.0%) · prince 20.6% · king 16.9% · crowned 14.7% (median year 54) · 2.7s
try  4 · gen  257 · best   1062.2 · elite    675.0 · median    208.8 · years  18.5 · road 0.34 · starved   600 · nobles  +7.8 · read  5.7 · walls  1.5 · fell 69.2% (mother 21.0%) · prince 26.2% · king 20.9% · crowned 17.5% (median year 23) · 2.7s
try  5 · gen  257 · best   1234.5 · elite    808.6 · median    248.2 · years  18.6 · road 0.46 · starved   836 · nobles  +4.0 · read 23.5 · walls  3.8 · fell 51.6% (mother 34.4%) · prince 34.6% · king 25.1% · crowned 20.0% (median year 23) · 2.7s
try  6 · gen  257 · best   1219.3 · elite    737.4 · median    214.1 · years  18.1 · road 0.43 · starved   731 · nobles  +2.0 · read 18.2 · walls  2.9 · fell 63.0% (mother 29.5%) · prince 28.6% · king 22.8% · crowned 18.8% (median year 25) · 2.7s
try  7 · gen  257 · best   1265.9 · elite    767.1 · median    263.3 · years  19.6 · road 0.41 · starved   567 · nobles  +5.0 · read 12.7 · walls  2.2 · fell 55.2% (mother 24.3%) · prince 36.7% · king 25.8% · crowned 19.7% (median year 23) · 2.7s
try  8 · gen  257 · best   1190.4 · elite    745.2 · median    243.4 · years  19.7 · road 0.42 · starved   718 · nobles  +4.9 · read 13.4 · walls  3.3 · fell 57.2% (mother 34.6%) · prince 34.6% · king 25.0% · crowned 19.3% (median year 24) · 2.7s
try  1 · gen  258 · best   1001.2 · elite    723.4 · median    213.4 · years  21.0 · road 0.38 · starved   701 · nobles  +5.0 · read 19.1 · walls  0.7 · fell 65.2% (mother 29.8%) · prince 28.7% · king 22.6% · crowned 18.5% (median year 26) · 2.8s
try  2 · gen  258 · best   1235.0 · elite    728.1 · median    221.5 · years  20.8 · road 0.43 · starved   879 · nobles  +3.9 · read 20.4 · walls  3.9 · fell 55.7% (mother 36.5%) · prince 39.1% · king 26.1% · crowned 15.8% (median year 24) · 2.8s
try  3 · gen  258 · best    779.1 · elite    505.8 · median    146.9 · years  31.9 · road 0.34 · starved   970 · nobles +10.9 · read 12.4 · walls  4.6 · fell 74.8% (mother 35.8%) · prince 20.1% · king 16.6% · crowned 14.8% (median year 55) · 2.8s
try  4 · gen  258 · best   1051.4 · elite    711.1 · median    206.9 · years  18.3 · road 0.34 · starved   583 · nobles  +7.5 · read  5.5 · walls  1.5 · fell 69.1% (mother 22.0%) · prince 26.2% · king 20.8% · crowned 17.5% (median year 23) · 2.8s
try  5 · gen  258 · best   1482.7 · elite    823.7 · median    253.5 · years  19.0 · road 0.47 · starved   859 · nobles  +3.5 · read 23.9 · walls  3.9 · fell 50.7% (mother 33.3%) · prince 35.7% · king 26.0% · crowned 20.4% (median year 23) · 2.8s
try  6 · gen  258 · best   1215.5 · elite    724.3 · median    214.4 · years  18.6 · road 0.43 · starved   742 · nobles  +1.9 · read 18.6 · walls  2.8 · fell 63.3% (mother 28.0%) · prince 28.6% · king 23.6% · crowned 19.0% (median year 25) · 2.8s
try  7 · gen  258 · best   1083.7 · elite    769.9 · median    245.9 · years  19.4 · road 0.41 · starved   575 · nobles  +4.5 · read 13.0 · walls  2.2 · fell 55.4% (mother 26.0%) · prince 35.2% · king 25.1% · crowned 19.3% (median year 23) · 2.8s
try  8 · gen  258 · best   1173.1 · elite    709.7 · median    236.3 · years  19.8 · road 0.42 · starved   744 · nobles  +5.0 · read 13.2 · walls  3.3 · fell 58.3% (mother 35.9%) · prince 35.2% · king 24.2% · crowned 18.7% (median year 24) · 2.8s
try  1 · gen  259 · best   1181.0 · elite    734.3 · median    209.6 · years  20.7 · road 0.38 · starved   712 · nobles  +5.2 · read 17.9 · walls  0.7 · fell 65.0% (mother 30.5%) · prince 28.8% · king 22.3% · crowned 18.1% (median year 26) · 2.7s
try  2 · gen  259 · best   1050.1 · elite    700.3 · median    220.4 · years  20.8 · road 0.43 · starved   859 · nobles  +4.1 · read 20.2 · walls  3.9 · fell 55.2% (mother 35.6%) · prince 38.2% · king 24.8% · crowned 15.8% (median year 24) · 2.7s
try  3 · gen  259 · best    939.1 · elite    518.2 · median    136.6 · years  31.9 · road 0.34 · starved  1015 · nobles +10.5 · read 12.5 · walls  4.6 · fell 76.6% (mother 35.8%) · prince 20.3% · king 16.3% · crowned 13.9% (median year 53) · 2.7s
try  4 · gen  259 · best   1056.6 · elite    702.6 · median    212.0 · years  18.3 · road 0.34 · starved   588 · nobles  +7.1 · read  5.7 · walls  1.5 · fell 67.6% (mother 19.8%) · prince 26.8% · king 21.5% · crowned 17.8% (median year 23) · 2.7s
try  5 · gen  259 · best   1285.1 · elite    814.5 · median    244.8 · years  18.2 · road 0.45 · starved   876 · nobles  +3.5 · read 22.3 · walls  3.7 · fell 53.3% (mother 35.9%) · prince 34.3% · king 24.9% · crowned 20.0% (median year 23) · 2.7s
try  6 · gen  259 · best   1150.8 · elite    742.1 · median    209.8 · years  18.3 · road 0.43 · starved   746 · nobles  +1.3 · read 18.9 · walls  2.8 · fell 63.3% (mother 28.2%) · prince 28.4% · king 23.3% · crowned 19.2% (median year 25) · 2.7s
try  7 · gen  259 · best   1450.8 · elite    780.1 · median    255.2 · years  19.5 · road 0.41 · starved   588 · nobles  +4.2 · read 13.3 · walls  2.1 · fell 56.5% (mother 25.5%) · prince 35.8% · king 25.0% · crowned 19.5% (median year 23) · 2.7s
try  8 · gen  259 · best   1201.5 · elite    764.5 · median    225.8 · years  19.6 · road 0.41 · starved   736 · nobles  +5.7 · read 13.1 · walls  3.3 · fell 57.9% (mother 36.8%) · prince 34.8% · king 24.0% · crowned 18.9% (median year 24) · 2.7s
try  1 · gen  260 · best   1039.2 · elite    729.2 · median    218.1 · years  20.7 · road 0.38 · starved   690 · nobles  +5.9 · read 16.8 · walls  0.6 · fell 64.8% (mother 29.4%) · prince 29.1% · king 23.1% · crowned 19.3% (median year 26) · 2.7s
try  2 · gen  260 · best   1235.4 · elite    703.4 · median    224.6 · years  21.2 · road 0.43 · starved   870 · nobles  +4.4 · read 20.3 · walls  3.9 · fell 54.4% (mother 33.1%) · prince 38.1% · king 25.1% · crowned 16.1% (median year 24) · 2.7s
try  3 · gen  260 · best    929.4 · elite    546.0 · median    143.8 · years  31.6 · road 0.34 · starved   990 · nobles +10.3 · read 12.1 · walls  4.4 · fell 74.9% (mother 33.1%) · prince 20.8% · king 16.9% · crowned 14.6% (median year 53) · 2.7s
try  4 · gen  260 · best   1170.8 · elite    728.5 · median    213.2 · years  18.4 · road 0.34 · starved   560 · nobles  +6.5 · read  6.1 · walls  1.6 · fell 68.6% (mother 20.7%) · prince 26.8% · king 21.5% · crowned 17.8% (median year 23) · 2.7s
try  5 · gen  260 · best   1233.4 · elite    832.1 · median    246.0 · years  18.3 · road 0.45 · starved   821 · nobles  +3.9 · read 21.9 · walls  3.6 · fell 51.8% (mother 33.2%) · prince 34.2% · king 25.6% · crowned 20.2% (median year 23) · 2.7s
try  6 · gen  260 · best   1295.9 · elite    740.7 · median    214.7 · years  18.6 · road 0.43 · starved   720 · nobles  +1.9 · read 19.0 · walls  2.8 · fell 62.0% (mother 27.5%) · prince 28.7% · king 23.2% · crowned 19.2% (median year 25) · 2.7s
try  7 · gen  260 · best   1203.5 · elite    787.6 · median    256.0 · years  19.5 · road 0.41 · starved   568 · nobles  +4.1 · read 12.9 · walls  2.0 · fell 56.9% (mother 25.1%) · prince 36.0% · king 26.0% · crowned 19.7% (median year 23) · 2.7s
try  8 · gen  260 · best   1231.3 · elite    749.9 · median    245.0 · years  19.8 · road 0.41 · starved   730 · nobles  +6.0 · read 12.7 · walls  3.3 · fell 57.1% (mother 35.8%) · prince 36.3% · king 25.2% · crowned 19.5% (median year 24) · 2.7s
try  1 · gen  261 · best   1204.9 · elite    717.9 · median    209.1 · years  20.8 · road 0.37 · starved   670 · nobles  +6.3 · read 16.7 · walls  0.6 · fell 65.0% (mother 28.6%) · prince 27.9% · king 22.1% · crowned 18.9% (median year 26) · 2.7s
try  2 · gen  261 · best   1215.4 · elite    710.3 · median    230.5 · years  20.4 · road 0.42 · starved   849 · nobles  +4.3 · read 19.2 · walls  3.8 · fell 53.6% (mother 33.9%) · prince 37.5% · king 25.0% · crowned 16.2% (median year 23) · 2.7s
try  3 · gen  261 · best    996.9 · elite    539.5 · median    140.8 · years  31.9 · road 0.34 · starved   968 · nobles  +9.7 · read 12.1 · walls  4.8 · fell 75.2% (mother 33.8%) · prince 20.4% · king 16.8% · crowned 14.5% (median year 53) · 2.7s
try  4 · gen  261 · best   1178.4 · elite    710.6 · median    209.7 · years  18.1 · road 0.34 · starved   560 · nobles  +6.6 · read  5.5 · walls  1.5 · fell 69.6% (mother 21.0%) · prince 26.8% · king 21.3% · crowned 17.5% (median year 23) · 2.7s
try  5 · gen  261 · best   1291.5 · elite    798.8 · median    249.9 · years  18.2 · road 0.45 · starved   845 · nobles  +3.5 · read 22.0 · walls  3.6 · fell 53.6% (mother 33.8%) · prince 33.6% · king 25.0% · crowned 20.1% (median year 22) · 2.7s
try  6 · gen  261 · best   1130.0 · elite    739.7 · median    207.8 · years  17.7 · road 0.42 · starved   729 · nobles  +1.9 · read 17.7 · walls  2.7 · fell 63.3% (mother 31.1%) · prince 27.7% · king 22.7% · crowned 18.6% (median year 25) · 2.7s
try  7 · gen  261 · best   1254.8 · elite    778.3 · median    254.3 · years  19.3 · road 0.41 · starved   539 · nobles  +4.8 · read 13.3 · walls  1.9 · fell 55.8% (mother 24.4%) · prince 35.1% · king 24.5% · crowned 19.8% (median year 23) · 2.7s
try  8 · gen  261 · best   1289.8 · elite    762.8 · median    239.6 · years  19.7 · road 0.41 · starved   729 · nobles  +5.5 · read 12.3 · walls  3.2 · fell 58.0% (mother 36.6%) · prince 34.9% · king 24.4% · crowned 18.9% (median year 24) · 2.7s
try  1 · gen  262 · best   1285.8 · elite    717.5 · median    220.4 · years  20.7 · road 0.37 · starved   670 · nobles  +6.4 · read 16.0 · walls  0.5 · fell 65.1% (mother 27.8%) · prince 28.1% · king 22.5% · crowned 18.9% (median year 26) · 2.7s
try  2 · gen  262 · best   1199.8 · elite    721.7 · median    232.2 · years  20.3 · road 0.43 · starved   975 · nobles  +4.3 · read 19.2 · walls  3.8 · fell 55.4% (mother 37.2%) · prince 38.1% · king 25.4% · crowned 16.5% (median year 23) · 2.7s
try  3 · gen  262 · best    867.3 · elite    512.0 · median    138.5 · years  31.3 · road 0.34 · starved  1002 · nobles  +9.7 · read 12.2 · walls  4.8 · fell 76.8% (mother 35.7%) · prince 20.0% · king 16.3% · crowned 13.9% (median year 53) · 2.7s
try  4 · gen  262 · best   1204.8 · elite    688.9 · median    211.9 · years  18.2 · road 0.34 · starved   575 · nobles  +6.7 · read  5.3 · walls  1.4 · fell 69.0% (mother 20.7%) · prince 26.0% · king 20.7% · crowned 17.2% (median year 23) · 2.7s
try  5 · gen  262 · best   1232.7 · elite    812.7 · median    231.0 · years  18.3 · road 0.45 · starved   888 · nobles  +4.1 · read 21.2 · walls  3.4 · fell 54.7% (mother 34.7%) · prince 32.7% · king 24.7% · crowned 20.2% (median year 23) · 2.7s
try  6 · gen  262 · best   1169.9 · elite    750.8 · median    213.5 · years  18.3 · road 0.43 · starved   719 · nobles  +1.8 · read 18.3 · walls  2.7 · fell 62.7% (mother 28.4%) · prince 28.0% · king 23.0% · crowned 19.2% (median year 25) · 2.7s
try  7 · gen  262 · best   1038.9 · elite    745.9 · median    250.1 · years  19.2 · road 0.41 · starved   576 · nobles  +4.7 · read 13.4 · walls  1.9 · fell 57.5% (mother 26.7%) · prince 34.6% · king 24.6% · crowned 19.1% (median year 23) · 2.7s
try  8 · gen  262 · best   1147.1 · elite    732.0 · median    236.5 · years  19.8 · road 0.41 · starved   748 · nobles  +5.1 · read 12.7 · walls  3.3 · fell 57.9% (mother 36.3%) · prince 35.8% · king 24.6% · crowned 18.9% (median year 24) · 2.7s
try  1 · gen  263 · best   1229.3 · elite    781.2 · median    223.4 · years  20.6 · road 0.38 · starved   643 · nobles  +6.8 · read 16.3 · walls  0.6 · fell 63.3% (mother 27.2%) · prince 29.3% · king 23.6% · crowned 20.0% (median year 26) · 2.7s
try  2 · gen  263 · best   1239.1 · elite    739.5 · median    231.8 · years  20.3 · road 0.42 · starved   828 · nobles  +4.6 · read 18.9 · walls  3.8 · fell 54.4% (mother 35.0%) · prince 38.6% · king 25.0% · crowned 16.5% (median year 23) · 2.7s
try  3 · gen  263 · best    927.1 · elite    519.1 · median    137.2 · years  31.8 · road 0.34 · starved  1206 · nobles  +9.7 · read 11.9 · walls  4.7 · fell 76.6% (mother 36.2%) · prince 20.4% · king 16.5% · crowned 14.0% (median year 54) · 2.7s
try  4 · gen  263 · best   1204.4 · elite    710.4 · median    208.4 · years  17.9 · road 0.34 · starved   524 · nobles  +6.1 · read  4.9 · walls  1.4 · fell 67.4% (mother 19.2%) · prince 26.5% · king 21.6% · crowned 17.6% (median year 23) · 2.7s
try  5 · gen  263 · best   1301.5 · elite    784.7 · median    237.5 · years  18.1 · road 0.44 · starved   834 · nobles  +4.2 · read 22.0 · walls  3.3 · fell 54.5% (mother 33.6%) · prince 32.9% · king 24.3% · crowned 19.9% (median year 23) · 2.7s
try  6 · gen  263 · best   1260.8 · elite    757.8 · median    202.6 · years  18.8 · road 0.43 · starved   765 · nobles  +1.7 · read 17.9 · walls  2.7 · fell 63.4% (mother 30.2%) · prince 28.6% · king 22.9% · crowned 18.7% (median year 26) · 2.7s
try  7 · gen  263 · best   1222.8 · elite    766.8 · median    250.8 · years  19.1 · road 0.40 · starved   551 · nobles  +4.8 · read 13.5 · walls  1.8 · fell 56.6% (mother 26.2%) · prince 34.1% · king 24.6% · crowned 19.5% (median year 23) · 2.7s
try  8 · gen  263 · best   1172.7 · elite    799.9 · median    238.4 · years  20.0 · road 0.42 · starved   742 · nobles  +5.4 · read 12.9 · walls  3.4 · fell 56.6% (mother 35.4%) · prince 36.0% · king 24.9% · crowned 19.5% (median year 24) · 2.7s
try  1 · gen  264 · best   1191.0 · elite    732.6 · median    215.4 · years  20.8 · road 0.38 · starved   704 · nobles  +6.3 · read 16.9 · walls  0.6 · fell 64.9% (mother 28.9%) · prince 29.2% · king 23.0% · crowned 19.0% (median year 27) · 2.7s
try  2 · gen  264 · best   1235.0 · elite    739.9 · median    242.3 · years  19.8 · road 0.42 · starved   777 · nobles  +4.7 · read 18.8 · walls  3.6 · fell 52.0% (mother 33.2%) · prince 38.3% · king 26.0% · crowned 17.2% (median year 22) · 2.7s
try  3 · gen  264 · best   1024.8 · elite    529.1 · median    143.9 · years  31.3 · road 0.34 · starved   989 · nobles +10.0 · read 11.6 · walls  4.6 · fell 75.7% (mother 35.1%) · prince 20.4% · king 16.7% · crowned 14.4% (median year 53) · 2.7s
try  4 · gen  264 · best   1008.4 · elite    733.8 · median    214.6 · years  17.9 · road 0.34 · starved   531 · nobles  +7.0 · read  5.2 · walls  1.4 · fell 67.0% (mother 19.2%) · prince 27.5% · king 22.0% · crowned 18.2% (median year 22) · 2.7s
try  5 · gen  264 · best   1268.2 · elite    779.6 · median    241.2 · years  17.9 · road 0.44 · starved   883 · nobles  +4.4 · read 21.7 · walls  3.4 · fell 55.8% (mother 35.4%) · prince 33.3% · king 24.9% · crowned 19.5% (median year 22) · 2.7s
try  6 · gen  264 · best   1195.0 · elite    741.1 · median    213.0 · years  18.8 · road 0.43 · starved   731 · nobles  +1.7 · read 18.5 · walls  2.7 · fell 63.3% (mother 29.9%) · prince 29.3% · king 23.5% · crowned 19.0% (median year 26) · 2.7s
try  7 · gen  264 · best   1248.5 · elite    765.4 · median    247.2 · years  19.3 · road 0.41 · starved   606 · nobles  +4.7 · read 14.0 · walls  1.9 · fell 55.7% (mother 28.3%) · prince 35.4% · king 24.8% · crowned 19.2% (median year 23) · 2.7s
try  8 · gen  264 · best   1066.7 · elite    721.2 · median    245.4 · years  20.5 · road 0.43 · starved   792 · nobles  +4.9 · read 13.7 · walls  3.6 · fell 56.3% (mother 36.0%) · prince 37.5% · king 25.7% · crowned 18.9% (median year 24) · 2.7s
try  1 · gen  265 · best   1184.2 · elite    747.5 · median    219.3 · years  20.5 · road 0.38 · starved   674 · nobles  +6.3 · read 17.4 · walls  0.7 · fell 63.5% (mother 29.0%) · prince 28.6% · king 22.7% · crowned 19.2% (median year 26) · 2.7s
try  2 · gen  265 · best   1487.9 · elite    758.4 · median    225.3 · years  19.6 · road 0.41 · starved   779 · nobles  +4.7 · read 18.3 · walls  3.4 · fell 54.8% (mother 34.0%) · prince 37.4% · king 25.3% · crowned 16.6% (median year 22) · 2.7s
try  3 · gen  265 · best   1037.5 · elite    530.1 · median    144.0 · years  31.5 · road 0.34 · starved  1025 · nobles  +9.9 · read 11.3 · walls  4.9 · fell 77.0% (mother 35.0%) · prince 20.0% · king 16.6% · crowned 14.3% (median year 53) · 2.7s
try  4 · gen  265 · best   1194.8 · elite    704.4 · median    210.3 · years  17.9 · road 0.34 · starved   577 · nobles  +6.6 · read  5.6 · walls  1.4 · fell 68.7% (mother 21.7%) · prince 26.4% · king 20.9% · crowned 17.3% (median year 23) · 2.7s
try  5 · gen  265 · best   1210.0 · elite    799.4 · median    241.5 · years  17.8 · road 0.44 · starved   833 · nobles  +4.3 · read 21.5 · walls  3.4 · fell 55.0% (mother 35.1%) · prince 33.1% · king 25.1% · crowned 20.1% (median year 23) · 2.7s
try  6 · gen  265 · best    952.0 · elite    736.5 · median    219.8 · years  18.7 · road 0.43 · starved   735 · nobles  +2.0 · read 17.7 · walls  2.7 · fell 62.9% (mother 29.6%) · prince 29.4% · king 23.4% · crowned 19.2% (median year 26) · 2.7s
try  7 · gen  265 · best   1182.7 · elite    777.1 · median    232.4 · years  19.1 · road 0.41 · starved   602 · nobles  +4.6 · read 13.6 · walls  1.9 · fell 58.5% (mother 28.5%) · prince 34.4% · king 24.3% · crowned 19.2% (median year 23) · 2.7s
try  8 · gen  265 · best   1199.9 · elite    740.2 · median    244.4 · years  20.8 · road 0.43 · starved   797 · nobles  +5.3 · read 13.9 · walls  3.7 · fell 57.1% (mother 35.7%) · prince 37.4% · king 24.9% · crowned 18.9% (median year 25) · 2.7s
try  1 · gen  266 · best   1063.8 · elite    760.7 · median    218.1 · years  20.5 · road 0.38 · starved   684 · nobles  +6.3 · read 16.5 · walls  0.7 · fell 64.0% (mother 27.6%) · prince 29.6% · king 22.9% · crowned 19.1% (median year 26) · 2.7s
try  2 · gen  266 · best   1100.8 · elite    706.2 · median    237.3 · years  19.2 · road 0.41 · starved   742 · nobles  +4.7 · read 17.9 · walls  3.3 · fell 53.6% (mother 32.8%) · prince 36.9% · king 25.3% · crowned 16.6% (median year 22) · 2.7s
try  3 · gen  266 · best    907.9 · elite    536.4 · median    140.6 · years  31.5 · road 0.34 · starved  1025 · nobles +10.1 · read 11.0 · walls  5.0 · fell 77.1% (mother 34.6%) · prince 20.0% · king 16.5% · crowned 14.0% (median year 53) · 2.7s
try  4 · gen  266 · best   1216.9 · elite    744.3 · median    212.2 · years  18.0 · road 0.34 · starved   534 · nobles  +6.8 · read  6.0 · walls  1.4 · fell 68.2% (mother 19.9%) · prince 26.3% · king 21.4% · crowned 17.6% (median year 23) · 2.7s
try  5 · gen  266 · best   1292.8 · elite    792.8 · median    232.1 · years  18.2 · road 0.45 · starved   838 · nobles  +4.1 · read 22.4 · walls  3.6 · fell 55.3% (mother 36.3%) · prince 33.0% · king 24.6% · crowned 19.6% (median year 23) · 2.7s
try  6 · gen  266 · best   1233.5 · elite    746.1 · median    219.7 · years  19.0 · road 0.44 · starved   767 · nobles  +2.1 · read 17.9 · walls  2.6 · fell 62.4% (mother 28.1%) · prince 29.5% · king 23.5% · crowned 19.2% (median year 26) · 2.7s
try  7 · gen  266 · best   1237.5 · elite    761.8 · median    242.8 · years  19.1 · road 0.40 · starved   591 · nobles  +4.3 · read 13.1 · walls  1.8 · fell 58.3% (mother 27.8%) · prince 33.5% · king 24.5% · crowned 19.2% (median year 23) · 2.7s
try  8 · gen  266 · best   1210.0 · elite    791.5 · median    252.0 · years  20.5 · road 0.43 · starved   774 · nobles  +4.9 · read 13.4 · walls  3.6 · fell 55.0% (mother 35.7%) · prince 39.0% · king 26.2% · crowned 19.6% (median year 24) · 2.7s
try  1 · gen  267 · best   1216.0 · elite    753.0 · median    215.0 · years  20.0 · road 0.38 · starved   658 · nobles  +6.2 · read 16.3 · walls  0.7 · fell 64.3% (mother 27.6%) · prince 28.7% · king 22.4% · crowned 19.0% (median year 26) · 2.7s
try  2 · gen  267 · best   1052.2 · elite    730.0 · median    218.3 · years  19.0 · road 0.41 · starved   771 · nobles  +4.6 · read 18.5 · walls  3.3 · fell 54.0% (mother 34.0%) · prince 35.4% · king 24.9% · crowned 16.0% (median year 21) · 2.7s
try  3 · gen  267 · best    821.3 · elite    536.0 · median    147.9 · years  31.9 · road 0.34 · starved  1025 · nobles +10.5 · read 10.9 · walls  5.0 · fell 77.2% (mother 34.3%) · prince 20.2% · king 17.0% · crowned 14.7% (median year 54) · 2.7s
try  4 · gen  267 · best   1300.6 · elite    703.6 · median    212.9 · years  18.0 · road 0.35 · starved   540 · nobles  +6.8 · read  5.7 · walls  1.5 · fell 67.1% (mother 19.3%) · prince 27.1% · king 22.0% · crowned 18.1% (median year 22) · 2.7s
try  5 · gen  267 · best   1260.0 · elite    778.7 · median    232.6 · years  18.0 · road 0.45 · starved   866 · nobles  +4.9 · read 21.5 · walls  3.6 · fell 55.1% (mother 36.2%) · prince 33.2% · king 24.7% · crowned 19.9% (median year 23) · 2.7s
try  6 · gen  267 · best   1230.6 · elite    737.5 · median    227.3 · years  19.5 · road 0.44 · starved   696 · nobles  +1.7 · read 19.0 · walls  2.6 · fell 62.0% (mother 26.4%) · prince 30.2% · king 23.6% · crowned 18.9% (median year 26) · 2.7s
try  7 · gen  267 · best   1457.0 · elite    779.7 · median    238.7 · years  18.9 · road 0.40 · starved   626 · nobles  +4.4 · read 13.2 · walls  1.8 · fell 58.4% (mother 28.9%) · prince 34.1% · king 23.9% · crowned 18.9% (median year 23) · 2.7s
try  8 · gen  267 · best   1298.6 · elite    775.2 · median    253.5 · years  20.3 · road 0.43 · starved   781 · nobles  +5.2 · read 13.2 · walls  3.5 · fell 54.9% (mother 37.4%) · prince 38.4% · king 26.2% · crowned 19.3% (median year 24) · 2.7s
try  1 · gen  268 · best   1272.2 · elite    752.7 · median    209.9 · years  19.5 · road 0.38 · starved   656 · nobles  +6.2 · read 15.3 · walls  0.7 · fell 64.0% (mother 28.0%) · prince 27.7% · king 22.5% · crowned 19.0% (median year 25) · 2.8s
try  2 · gen  268 · best   1058.0 · elite    706.4 · median    234.2 · years  18.9 · road 0.41 · starved   758 · nobles  +4.0 · read 18.8 · walls  3.4 · fell 55.7% (mother 34.9%) · prince 36.8% · king 25.9% · crowned 15.9% (median year 21) · 2.8s
try  3 · gen  268 · best    863.4 · elite    523.1 · median    144.3 · years  31.9 · road 0.34 · starved  1176 · nobles  +9.9 · read 11.0 · walls  5.0 · fell 76.7% (mother 34.8%) · prince 20.4% · king 17.0% · crowned 14.3% (median year 53) · 2.8s
try  4 · gen  268 · best   1018.1 · elite    686.3 · median    214.1 · years  18.0 · road 0.35 · starved   553 · nobles  +6.5 · read  5.6 · walls  1.5 · fell 67.6% (mother 19.8%) · prince 26.7% · king 21.0% · crowned 17.3% (median year 22) · 2.8s
try  5 · gen  268 · best   1280.8 · elite    781.7 · median    235.4 · years  17.9 · road 0.45 · starved   831 · nobles  +4.5 · read 22.0 · walls  3.6 · fell 53.8% (mother 35.2%) · prince 32.9% · king 24.8% · crowned 19.6% (median year 23) · 2.8s
try  6 · gen  268 · best   1176.9 · elite    725.8 · median    220.7 · years  19.7 · road 0.44 · starved   695 · nobles  +1.1 · read 20.4 · walls  2.6 · fell 62.0% (mother 25.2%) · prince 30.1% · king 23.5% · crowned 18.7% (median year 26) · 2.8s
try  7 · gen  268 · best   1224.3 · elite    796.9 · median    245.0 · years  19.2 · road 0.40 · starved   632 · nobles  +4.1 · read 13.4 · walls  1.8 · fell 58.7% (mother 29.2%) · prince 34.4% · king 24.0% · crowned 19.3% (median year 23) · 2.8s
try  8 · gen  268 · best   1201.2 · elite    760.1 · median    246.2 · years  20.3 · road 0.43 · starved   812 · nobles  +5.0 · read 13.5 · walls  3.5 · fell 57.0% (mother 38.3%) · prince 38.4% · king 26.3% · crowned 19.5% (median year 24) · 2.8s
try  1 · gen  269 · best   1228.6 · elite    718.4 · median    214.3 · years  19.5 · road 0.38 · starved   671 · nobles  +6.4 · read 15.5 · walls  0.7 · fell 65.5% (mother 30.2%) · prince 28.2% · king 22.5% · crowned 19.0% (median year 25) · 2.7s
try  2 · gen  269 · best   1219.9 · elite    726.0 · median    228.0 · years  18.9 · road 0.41 · starved   746 · nobles  +4.0 · read 19.7 · walls  3.3 · fell 54.0% (mother 32.9%) · prince 35.9% · king 25.2% · crowned 16.2% (median year 21) · 2.7s
try  3 · gen  269 · best   1192.1 · elite    536.0 · median    145.2 · years  32.0 · road 0.34 · starved   997 · nobles  +9.4 · read 11.6 · walls  5.1 · fell 77.4% (mother 32.9%) · prince 20.2% · king 16.8% · crowned 14.2% (median year 54) · 2.7s
try  4 · gen  269 · best   1215.7 · elite    701.0 · median    213.0 · years  17.8 · road 0.34 · starved   548 · nobles  +6.2 · read  5.6 · walls  1.4 · fell 67.8% (mother 19.8%) · prince 26.5% · king 21.1% · crowned 17.2% (median year 22) · 2.7s
try  5 · gen  269 · best   1280.4 · elite    843.8 · median    237.3 · years  18.0 · road 0.45 · starved   820 · nobles  +5.2 · read 22.8 · walls  3.6 · fell 53.7% (mother 34.1%) · prince 33.8% · king 24.6% · crowned 20.2% (median year 23) · 2.7s
try  6 · gen  269 · best   1436.0 · elite    760.4 · median    212.2 · years  20.1 · road 0.44 · starved   742 · nobles  +1.5 · read 20.7 · walls  2.5 · fell 63.1% (mother 26.9%) · prince 29.6% · king 23.1% · crowned 18.3% (median year 27) · 2.7s
try  7 · gen  269 · best   1335.4 · elite    800.7 · median    239.1 · years  18.9 · road 0.40 · starved   621 · nobles  +4.5 · read 13.0 · walls  1.8 · fell 58.7% (mother 28.6%) · prince 34.0% · king 24.3% · crowned 19.6% (median year 23) · 2.7s
try  8 · gen  269 · best   1239.4 · elite    761.0 · median    240.0 · years  20.4 · road 0.42 · starved   786 · nobles  +4.8 · read 13.8 · walls  3.5 · fell 56.0% (mother 37.6%) · prince 37.3% · king 25.4% · crowned 19.0% (median year 24) · 2.7s
try  1 · gen  270 · best   1412.2 · elite    756.4 · median    223.0 · years  19.6 · road 0.38 · starved   669 · nobles  +6.1 · read 14.8 · walls  0.7 · fell 63.8% (mother 29.7%) · prince 28.7% · king 23.4% · crowned 19.8% (median year 25) · 2.7s
try  2 · gen  270 · best   1105.9 · elite    722.1 · median    227.1 · years  19.6 · road 0.42 · starved   805 · nobles  +3.8 · read 20.4 · walls  3.4 · fell 56.5% (mother 34.9%) · prince 36.7% · king 25.5% · crowned 15.6% (median year 21) · 2.7s
try  3 · gen  270 · best    933.1 · elite    520.8 · median    148.0 · years  31.6 · road 0.34 · starved   981 · nobles  +9.5 · read 11.7 · walls  4.8 · fell 77.4% (mother 31.0%) · prince 20.3% · king 16.8% · crowned 14.0% (median year 53) · 2.7s
try  4 · gen  270 · best   1224.2 · elite    737.1 · median    211.9 · years  17.9 · road 0.35 · starved   564 · nobles  +6.1 · read  5.9 · walls  1.5 · fell 67.8% (mother 20.4%) · prince 27.2% · king 21.8% · crowned 17.9% (median year 22) · 2.7s
try  5 · gen  270 · best   1228.0 · elite    805.8 · median    249.9 · years  18.0 · road 0.45 · starved   783 · nobles  +5.0 · read 22.5 · walls  3.6 · fell 52.6% (mother 32.1%) · prince 32.9% · king 24.9% · crowned 20.4% (median year 23) · 2.7s
try  6 · gen  270 · best   1124.0 · elite    742.8 · median    216.3 · years  19.4 · road 0.43 · starved   745 · nobles  +2.3 · read 20.3 · walls  2.7 · fell 61.7% (mother 27.6%) · prince 30.1% · king 23.6% · crowned 19.3% (median year 26) · 2.7s
try  7 · gen  270 · best   1476.7 · elite    787.4 · median    239.5 · years  19.1 · road 0.40 · starved   624 · nobles  +4.5 · read 13.1 · walls  1.9 · fell 59.2% (mother 30.0%) · prince 34.1% · king 24.0% · crowned 19.2% (median year 23) · 2.7s
try  8 · gen  270 · best    993.9 · elite    744.0 · median    249.8 · years  20.5 · road 0.42 · starved   769 · nobles  +4.9 · read 13.8 · walls  3.5 · fell 56.4% (mother 36.4%) · prince 37.3% · king 25.9% · crowned 19.1% (median year 24) · 2.7s
try  1 · gen  271 · best    997.0 · elite    738.4 · median    213.0 · years  19.4 · road 0.37 · starved   678 · nobles  +6.0 · read 13.5 · walls  0.7 · fell 64.5% (mother 30.7%) · prince 28.0% · king 22.1% · crowned 18.8% (median year 25) · 2.7s
try  2 · gen  271 · best   1133.5 · elite    695.1 · median    220.0 · years  19.2 · road 0.41 · starved   786 · nobles  +3.2 · read 19.7 · walls  3.3 · fell 56.9% (mother 36.2%) · prince 36.7% · king 25.4% · crowned 15.2% (median year 21) · 2.7s
try  3 · gen  271 · best    877.9 · elite    555.4 · median    149.7 · years  31.3 · road 0.34 · starved   970 · nobles  +9.5 · read 11.5 · walls  4.8 · fell 77.1% (mother 31.2%) · prince 20.1% · king 16.7% · crowned 14.4% (median year 52) · 2.7s
try  4 · gen  271 · best   1102.7 · elite    705.1 · median    209.7 · years  17.8 · road 0.35 · starved   569 · nobles  +6.2 · read  5.8 · walls  1.4 · fell 68.7% (mother 22.1%) · prince 26.6% · king 21.1% · crowned 17.4% (median year 22) · 2.7s
try  5 · gen  271 · best   1208.1 · elite    795.1 · median    246.4 · years  18.2 · road 0.46 · starved   837 · nobles  +4.6 · read 22.5 · walls  3.7 · fell 54.0% (mother 34.0%) · prince 33.7% · king 25.6% · crowned 19.9% (median year 23) · 2.7s
try  6 · gen  271 · best   1210.6 · elite    753.7 · median    228.3 · years  19.1 · road 0.43 · starved   726 · nobles  +2.3 · read 19.7 · walls  2.8 · fell 61.2% (mother 29.0%) · prince 30.0% · king 23.9% · crowned 19.5% (median year 26) · 2.7s
try  7 · gen  271 · best   1480.7 · elite    768.4 · median    248.9 · years  19.1 · road 0.40 · starved   630 · nobles  +4.2 · read 13.2 · walls  1.9 · fell 59.9% (mother 29.6%) · prince 34.6% · king 25.1% · crowned 19.5% (median year 23) · 2.7s
try  8 · gen  271 · best   1160.8 · elite    728.3 · median    246.9 · years  21.0 · road 0.43 · starved   796 · nobles  +4.6 · read 13.7 · walls  3.5 · fell 57.2% (mother 37.4%) · prince 38.2% · king 26.4% · crowned 18.7% (median year 25) · 2.7s
try  1 · gen  272 · best   1205.1 · elite    726.1 · median    214.0 · years  19.0 · road 0.37 · starved   684 · nobles  +6.8 · read 13.5 · walls  0.7 · fell 65.5% (mother 32.2%) · prince 27.4% · king 22.0% · crowned 19.1% (median year 25) · 2.7s
try  2 · gen  272 · best   1083.4 · elite    700.4 · median    215.3 · years  18.6 · road 0.40 · starved   780 · nobles  +3.7 · read 18.9 · walls  3.3 · fell 57.8% (mother 37.2%) · prince 34.6% · king 24.4% · crowned 15.0% (median year 21) · 2.7s
try  3 · gen  272 · best    848.3 · elite    525.1 · median    146.4 · years  31.7 · road 0.34 · starved   955 · nobles  +9.1 · read 11.8 · walls  4.8 · fell 76.2% (mother 29.3%) · prince 20.1% · king 16.7% · crowned 14.1% (median year 52) · 2.7s
try  4 · gen  272 · best   1221.8 · elite    722.7 · median    206.3 · years  17.9 · road 0.35 · starved   608 · nobles  +6.6 · read  5.6 · walls  1.4 · fell 69.8% (mother 22.9%) · prince 25.9% · king 20.6% · crowned 17.3% (median year 23) · 2.7s
try  5 · gen  272 · best   1206.4 · elite    809.7 · median    249.8 · years  18.0 · road 0.45 · starved   773 · nobles  +4.4 · read 22.4 · walls  3.7 · fell 53.2% (mother 33.4%) · prince 33.4% · king 25.5% · crowned 20.3% (median year 23) · 2.7s
try  6 · gen  272 · best   1086.6 · elite    758.4 · median    219.8 · years  19.0 · road 0.43 · starved   735 · nobles  +2.3 · read 18.7 · walls  2.6 · fell 62.0% (mother 28.1%) · prince 29.8% · king 23.5% · crowned 19.0% (median year 26) · 2.7s
try  7 · gen  272 · best   1292.9 · elite    746.5 · median    238.7 · years  19.4 · road 0.40 · starved   628 · nobles  +3.8 · read 13.3 · walls  1.9 · fell 60.2% (mother 28.9%) · prince 33.4% · king 23.4% · crowned 18.8% (median year 24) · 2.7s
try  8 · gen  272 · best   1237.0 · elite    774.8 · median    244.8 · years  21.1 · road 0.43 · starved   827 · nobles  +4.6 · read 13.1 · walls  3.7 · fell 57.5% (mother 38.8%) · prince 39.3% · king 26.2% · crowned 18.9% (median year 24) · 2.7s
try  1 · gen  273 · best    981.2 · elite    716.5 · median    220.8 · years  19.0 · road 0.37 · starved   644 · nobles  +6.6 · read 12.8 · walls  0.7 · fell 64.3% (mother 31.1%) · prince 27.6% · king 22.4% · crowned 19.3% (median year 25) · 2.7s
try  2 · gen  273 · best   1074.2 · elite    702.6 · median    224.7 · years  19.1 · road 0.41 · starved   767 · nobles  +3.9 · read 20.2 · walls  3.4 · fell 55.5% (mother 34.8%) · prince 34.9% · king 24.3% · crowned 15.6% (median year 21) · 2.7s
try  3 · gen  273 · best    846.0 · elite    500.8 · median    159.9 · years  32.1 · road 0.34 · starved   956 · nobles  +8.9 · read 11.9 · walls  4.9 · fell 76.4% (mother 30.2%) · prince 20.0% · king 16.8% · crowned 14.2% (median year 53) · 2.7s
try  4 · gen  273 · best   1188.7 · elite    735.3 · median    205.7 · years  17.7 · road 0.35 · starved   593 · nobles  +6.5 · read  5.9 · walls  1.4 · fell 68.9% (mother 23.0%) · prince 26.6% · king 21.1% · crowned 17.5% (median year 22) · 2.7s
try  5 · gen  273 · best   1471.4 · elite    815.1 · median    248.5 · years  18.0 · road 0.45 · starved   798 · nobles  +4.4 · read 22.9 · walls  3.6 · fell 53.0% (mother 33.6%) · prince 33.6% · king 25.4% · crowned 20.1% (median year 23) · 2.7s
try  6 · gen  273 · best   1402.3 · elite    755.8 · median    210.5 · years  18.9 · road 0.43 · starved   752 · nobles  +2.2 · read 17.6 · walls  2.7 · fell 63.0% (mother 30.0%) · prince 29.5% · king 23.0% · crowned 18.7% (median year 26) · 2.7s
try  7 · gen  273 · best   1159.3 · elite    785.2 · median    246.1 · years  19.3 · road 0.41 · starved   603 · nobles  +3.9 · read 13.0 · walls  1.9 · fell 58.7% (mother 26.7%) · prince 34.7% · king 24.8% · crowned 19.9% (median year 23) · 2.7s
try  8 · gen  273 · best   1001.7 · elite    742.8 · median    247.8 · years  21.6 · road 0.44 · starved   853 · nobles  +3.4 · read 13.2 · walls  3.9 · fell 57.2% (mother 38.6%) · prince 38.0% · king 26.0% · crowned 18.6% (median year 25) · 2.7s
try  1 · gen  274 · best   1393.2 · elite    735.9 · median    219.2 · years  19.1 · road 0.38 · starved   685 · nobles  +6.2 · read 12.7 · walls  0.7 · fell 64.4% (mother 33.0%) · prince 28.3% · king 22.9% · crowned 19.2% (median year 25) · 2.7s
try  2 · gen  274 · best   1242.7 · elite    676.0 · median    226.7 · years  19.0 · road 0.41 · starved   728 · nobles  +4.0 · read 20.9 · walls  3.3 · fell 54.1% (mother 32.7%) · prince 34.5% · king 24.7% · crowned 15.8% (median year 21) · 2.7s
try  3 · gen  274 · best    873.4 · elite    515.4 · median    144.7 · years  31.6 · road 0.34 · starved   996 · nobles  +7.9 · read 11.9 · walls  4.8 · fell 77.3% (mother 30.4%) · prince 20.0% · king 16.8% · crowned 13.6% (median year 52) · 2.7s
try  4 · gen  274 · best   1227.0 · elite    735.9 · median    206.3 · years  17.7 · road 0.35 · starved   618 · nobles  +6.7 · read  6.5 · walls  1.5 · fell 68.3% (mother 24.3%) · prince 27.2% · king 20.9% · crowned 17.4% (median year 22) · 2.7s
try  5 · gen  274 · best   1214.9 · elite    797.2 · median    240.8 · years  17.9 · road 0.45 · starved   800 · nobles  +4.8 · read 23.3 · walls  3.7 · fell 53.7% (mother 35.7%) · prince 32.9% · king 25.3% · crowned 20.1% (median year 23) · 2.7s
try  6 · gen  274 · best   1185.1 · elite    784.2 · median    209.7 · years  18.8 · road 0.43 · starved   731 · nobles  +2.9 · read 17.7 · walls  2.6 · fell 60.8% (mother 28.3%) · prince 30.0% · king 23.3% · crowned 19.4% (median year 25) · 2.7s
try  7 · gen  274 · best   1223.5 · elite    758.6 · median    245.2 · years  19.0 · road 0.40 · starved   609 · nobles  +3.8 · read 12.6 · walls  1.8 · fell 58.9% (mother 28.8%) · prince 33.8% · king 23.8% · crowned 19.6% (median year 23) · 2.7s
try  8 · gen  274 · best   1219.8 · elite    763.1 · median    247.1 · years  21.8 · road 0.45 · starved   835 · nobles  +3.5 · read 13.2 · walls  3.8 · fell 57.6% (mother 37.8%) · prince 38.6% · king 26.2% · crowned 18.7% (median year 25) · 2.7s
try  1 · gen  275 · best   1238.3 · elite    736.0 · median    219.6 · years  19.2 · road 0.38 · starved   662 · nobles  +6.0 · read 12.9 · walls  0.7 · fell 63.0% (mother 32.2%) · prince 28.2% · king 23.1% · crowned 19.5% (median year 25) · 2.7s
try  2 · gen  275 · best   1212.9 · elite    682.9 · median    210.9 · years  18.3 · road 0.39 · starved   745 · nobles  +4.1 · read 20.4 · walls  3.0 · fell 57.0% (mother 36.6%) · prince 31.9% · king 22.9% · crowned 15.1% (median year 21) · 2.7s
try  3 · gen  275 · best    904.2 · elite    515.0 · median    152.5 · years  31.3 · road 0.34 · starved   943 · nobles  +8.1 · read 11.7 · walls  4.8 · fell 77.0% (mother 29.3%) · prince 20.3% · king 17.0% · crowned 13.9% (median year 52) · 2.7s
try  4 · gen  275 · best   1048.8 · elite    684.6 · median    204.0 · years  17.6 · road 0.35 · starved   604 · nobles  +6.4 · read  6.7 · walls  1.5 · fell 69.8% (mother 24.9%) · prince 26.6% · king 20.8% · crowned 17.4% (median year 22) · 2.7s
try  5 · gen  275 · best   1189.2 · elite    795.0 · median    256.1 · years  18.4 · road 0.46 · starved   800 · nobles  +5.1 · read 24.6 · walls  3.9 · fell 51.0% (mother 32.7%) · prince 34.7% · king 26.2% · crowned 21.0% (median year 23) · 2.7s
try  6 · gen  275 · best   1198.0 · elite    771.1 · median    224.7 · years  18.8 · road 0.44 · starved   729 · nobles  +3.3 · read 18.0 · walls  2.7 · fell 60.2% (mother 27.0%) · prince 30.4% · king 23.9% · crowned 19.6% (median year 25) · 2.7s
try  7 · gen  275 · best   1240.8 · elite    782.7 · median    241.8 · years  19.0 · road 0.40 · starved   628 · nobles  +4.4 · read 13.4 · walls  1.8 · fell 58.5% (mother 29.1%) · prince 33.6% · king 24.3% · crowned 19.4% (median year 23) · 2.7s
try  8 · gen  275 · best   1261.0 · elite    760.1 · median    253.0 · years  21.7 · road 0.44 · starved   810 · nobles  +3.7 · read 14.4 · walls  3.8 · fell 56.5% (mother 35.8%) · prince 38.0% · king 26.1% · crowned 18.8% (median year 25) · 2.7s
try  1 · gen  276 · best   1027.6 · elite    754.2 · median    230.7 · years  19.0 · road 0.38 · starved   677 · nobles  +5.8 · read 13.1 · walls  0.7 · fell 62.9% (mother 34.3%) · prince 28.7% · king 23.6% · crowned 19.9% (median year 25) · 2.7s
try  2 · gen  276 · best   1032.1 · elite    682.9 · median    215.4 · years  18.5 · road 0.39 · starved   733 · nobles  +4.3 · read 21.0 · walls  2.9 · fell 56.0% (mother 34.3%) · prince 31.9% · king 23.2% · crowned 15.7% (median year 21) · 2.7s
try  3 · gen  276 · best    871.7 · elite    555.2 · median    148.9 · years  31.2 · road 0.34 · starved   948 · nobles  +8.0 · read 11.8 · walls  4.8 · fell 76.8% (mother 30.2%) · prince 20.1% · king 17.1% · crowned 14.4% (median year 51) · 2.7s
try  4 · gen  276 · best   1238.5 · elite    734.8 · median    202.6 · years  17.6 · road 0.34 · starved   598 · nobles  +6.8 · read  6.5 · walls  1.5 · fell 69.1% (mother 23.0%) · prince 26.3% · king 21.0% · crowned 17.2% (median year 22) · 2.7s
try  5 · gen  276 · best   1188.3 · elite    796.9 · median    255.6 · years  18.5 · road 0.46 · starved   802 · nobles  +5.0 · read 26.0 · walls  3.9 · fell 49.3% (mother 30.9%) · prince 33.8% · king 26.1% · crowned 20.5% (median year 22) · 2.7s
try  6 · gen  276 · best   1211.0 · elite    767.2 · median    228.4 · years  18.6 · road 0.44 · starved   706 · nobles  +3.4 · read 19.0 · walls  2.9 · fell 58.2% (mother 26.0%) · prince 30.1% · king 24.0% · crowned 19.8% (median year 24) · 2.7s
try  7 · gen  276 · best   1199.4 · elite    797.6 · median    250.0 · years  19.1 · road 0.40 · starved   598 · nobles  +4.5 · read 13.1 · walls  1.8 · fell 57.8% (mother 28.6%) · prince 34.3% · king 24.7% · crowned 19.9% (median year 23) · 2.7s
try  8 · gen  276 · best   1220.5 · elite    749.9 · median    254.9 · years  21.1 · road 0.44 · starved   744 · nobles  +3.9 · read 14.1 · walls  3.7 · fell 55.2% (mother 33.2%) · prince 37.7% · king 26.6% · crowned 19.4% (median year 24) · 2.7s
try  1 · gen  277 · best   1052.8 · elite    743.7 · median    220.8 · years  18.9 · road 0.38 · starved   662 · nobles  +5.6 · read 12.7 · walls  0.8 · fell 63.0% (mother 33.5%) · prince 28.7% · king 23.0% · crowned 19.4% (median year 25) · 2.7s
try  2 · gen  277 · best   1224.3 · elite    706.6 · median    215.4 · years  18.5 · road 0.40 · starved   726 · nobles  +4.1 · read 21.2 · walls  2.9 · fell 56.7% (mother 35.7%) · prince 32.0% · king 23.5% · crowned 15.4% (median year 20) · 2.7s
try  3 · gen  277 · best   1182.7 · elite    556.5 · median    148.7 · years  31.6 · road 0.34 · starved   953 · nobles  +8.2 · read 11.8 · walls  5.0 · fell 77.0% (mother 29.4%) · prince 20.4% · king 17.1% · crowned 14.0% (median year 52) · 2.7s
try  4 · gen  277 · best   1231.3 · elite    712.2 · median    212.0 · years  17.8 · road 0.35 · starved   596 · nobles  +6.4 · read  6.8 · walls  1.6 · fell 69.5% (mother 24.0%) · prince 27.0% · king 21.0% · crowned 17.2% (median year 22) · 2.7s
try  5 · gen  277 · best   1210.2 · elite    809.3 · median    246.8 · years  18.1 · road 0.46 · starved   792 · nobles  +4.8 · read 25.1 · walls  3.7 · fell 50.9% (mother 32.5%) · prince 33.8% · king 25.2% · crowned 19.9% (median year 22) · 2.7s
try  6 · gen  277 · best   1469.3 · elite    800.5 · median    231.9 · years  18.5 · road 0.45 · starved   723 · nobles  +3.6 · read 19.2 · walls  2.9 · fell 58.4% (mother 26.1%) · prince 30.9% · king 24.0% · crowned 20.0% (median year 24) · 2.7s
try  7 · gen  277 · best   1215.8 · elite    768.4 · median    246.6 · years  19.1 · road 0.40 · starved   598 · nobles  +4.8 · read 13.0 · walls  1.7 · fell 58.4% (mother 27.4%) · prince 33.2% · king 24.0% · crowned 19.5% (median year 23) · 2.7s
try  8 · gen  277 · best   1180.5 · elite    751.7 · median    255.6 · years  20.8 · road 0.43 · starved   739 · nobles  +4.3 · read 14.3 · walls  3.6 · fell 55.3% (mother 34.5%) · prince 37.6% · king 26.1% · crowned 19.3% (median year 24) · 2.7s
try  1 · gen  278 · best   1032.7 · elite    761.0 · median    221.0 · years  19.0 · road 0.38 · starved   634 · nobles  +6.1 · read 12.9 · walls  0.9 · fell 62.7% (mother 31.5%) · prince 29.2% · king 23.5% · crowned 19.8% (median year 25) · 2.7s
try  2 · gen  278 · best   1085.4 · elite    688.6 · median    218.7 · years  18.6 · road 0.40 · starved   772 · nobles  +4.2 · read 20.6 · walls  2.9 · fell 58.6% (mother 37.6%) · prince 31.8% · king 22.6% · crowned 15.4% (median year 20) · 2.7s
try  3 · gen  278 · best    927.7 · elite    528.8 · median    157.6 · years  31.1 · road 0.34 · starved   992 · nobles  +8.3 · read 11.7 · walls  5.3 · fell 77.5% (mother 32.2%) · prince 20.7% · king 17.1% · crowned 14.4% (median year 52) · 2.7s
try  4 · gen  278 · best   1045.9 · elite    728.1 · median    209.3 · years  17.6 · road 0.35 · starved   597 · nobles  +6.9 · read  6.9 · walls  1.6 · fell 69.0% (mother 24.9%) · prince 26.6% · king 21.0% · crowned 17.4% (median year 22) · 2.7s
try  5 · gen  278 · best   1222.4 · elite    794.3 · median    250.9 · years  18.1 · road 0.46 · starved   848 · nobles  +5.0 · read 25.1 · walls  3.8 · fell 52.5% (mother 35.2%) · prince 34.7% · king 25.9% · crowned 20.2% (median year 23) · 2.7s
try  6 · gen  278 · best   1060.7 · elite    766.2 · median    224.8 · years  18.3 · road 0.44 · starved   748 · nobles  +3.1 · read 19.0 · walls  2.8 · fell 59.0% (mother 28.7%) · prince 30.1% · king 23.2% · crowned 19.5% (median year 25) · 2.7s
try  7 · gen  278 · best   1230.2 · elite    788.2 · median    240.7 · years  19.0 · road 0.40 · starved   573 · nobles  +4.8 · read 12.8 · walls  1.7 · fell 57.4% (mother 26.0%) · prince 32.4% · king 23.9% · crowned 19.8% (median year 23) · 2.7s
try  8 · gen  278 · best   1222.0 · elite    748.7 · median    242.0 · years  21.2 · road 0.43 · starved   757 · nobles  +4.3 · read 15.2 · walls  3.6 · fell 56.5% (mother 34.5%) · prince 37.0% · king 25.4% · crowned 19.0% (median year 25) · 2.7s
try  1 · gen  279 · best   1222.7 · elite    737.6 · median    224.8 · years  19.1 · road 0.38 · starved   632 · nobles  +6.0 · read 12.5 · walls  1.0 · fell 61.1% (mother 29.3%) · prince 29.0% · king 22.6% · crowned 19.2% (median year 24) · 2.7s
try  2 · gen  279 · best   1288.3 · elite    677.4 · median    208.4 · years  18.2 · road 0.39 · starved   791 · nobles  +4.1 · read 19.7 · walls  2.8 · fell 58.6% (mother 39.0%) · prince 31.1% · king 22.2% · crowned 14.8% (median year 20) · 2.7s
try  3 · gen  279 · best    828.8 · elite    513.5 · median    146.8 · years  31.3 · road 0.34 · starved   980 · nobles  +7.9 · read 11.1 · walls  5.3 · fell 77.7% (mother 30.5%) · prince 19.5% · king 16.4% · crowned 13.7% (median year 52) · 2.7s
try  4 · gen  279 · best   1294.7 · elite    710.8 · median    204.3 · years  17.3 · road 0.35 · starved   593 · nobles  +6.5 · read  6.4 · walls  1.6 · fell 69.3% (mother 26.0%) · prince 26.4% · king 20.9% · crowned 17.2% (median year 22) · 2.7s
try  5 · gen  279 · best   1252.8 · elite    815.8 · median    252.2 · years  18.4 · road 0.46 · starved   813 · nobles  +5.0 · read 25.2 · walls  3.8 · fell 51.1% (mother 32.8%) · prince 35.2% · king 25.6% · crowned 20.1% (median year 22) · 2.7s
try  6 · gen  279 · best   1181.2 · elite    756.3 · median    232.9 · years  18.2 · road 0.45 · starved   751 · nobles  +3.4 · read 19.9 · walls  2.8 · fell 59.8% (mother 28.9%) · prince 31.0% · king 24.4% · crowned 19.9% (median year 24) · 2.7s
try  7 · gen  279 · best   1092.8 · elite    774.6 · median    241.6 · years  19.0 · road 0.40 · starved   616 · nobles  +4.7 · read 13.5 · walls  1.7 · fell 58.3% (mother 27.5%) · prince 33.6% · king 23.9% · crowned 19.2% (median year 23) · 2.7s
try  8 · gen  279 · best   1229.7 · elite    754.3 · median    243.3 · years  21.2 · road 0.43 · starved   734 · nobles  +4.5 · read 15.1 · walls  3.6 · fell 54.5% (mother 32.8%) · prince 37.2% · king 25.4% · crowned 18.9% (median year 25) · 2.7s
try  1 · gen  280 · best   1172.1 · elite    767.1 · median    225.1 · years  19.1 · road 0.39 · starved   655 · nobles  +6.0 · read 12.6 · walls  1.0 · fell 62.8% (mother 31.4%) · prince 29.6% · king 23.3% · crowned 19.8% (median year 25) · 2.8s
try  2 · gen  280 · best   1266.4 · elite    709.2 · median    204.1 · years  18.6 · road 0.40 · starved   774 · nobles  +4.4 · read 20.5 · walls  2.8 · fell 57.5% (mother 36.9%) · prince 32.0% · king 22.6% · crowned 14.9% (median year 20) · 2.8s
try  3 · gen  280 · best   1024.8 · elite    537.4 · median    153.6 · years  31.0 · road 0.34 · starved   983 · nobles  +8.4 · read 11.2 · walls  5.6 · fell 78.2% (mother 32.5%) · prince 20.0% · king 16.9% · crowned 13.9% (median year 52) · 2.8s
try  4 · gen  280 · best   1003.1 · elite    720.1 · median    203.5 · years  17.3 · road 0.35 · starved   614 · nobles  +6.4 · read  7.1 · walls  1.6 · fell 69.8% (mother 26.6%) · prince 26.5% · king 20.7% · crowned 17.1% (median year 22) · 2.8s
try  5 · gen  280 · best   1471.3 · elite    797.1 · median    253.7 · years  18.1 · road 0.46 · starved   825 · nobles  +5.0 · read 23.9 · walls  3.7 · fell 52.4% (mother 35.1%) · prince 34.3% · king 25.6% · crowned 20.1% (median year 22) · 2.8s
try  6 · gen  280 · best   1215.9 · elite    780.6 · median    228.1 · years  18.2 · road 0.45 · starved   731 · nobles  +3.3 · read 20.1 · walls  2.9 · fell 58.0% (mother 28.0%) · prince 31.4% · king 24.6% · crowned 20.1% (median year 24) · 2.8s
try  7 · gen  280 · best   1267.1 · elite    759.7 · median    238.4 · years  19.1 · road 0.39 · starved   608 · nobles  +5.1 · read 13.4 · walls  1.6 · fell 58.0% (mother 26.8%) · prince 31.6% · king 23.6% · crowned 19.4% (median year 23) · 2.8s
try  8 · gen  280 · best   1032.3 · elite    749.3 · median    242.1 · years  21.5 · road 0.43 · starved   792 · nobles  +4.4 · read 15.0 · walls  3.7 · fell 56.6% (mother 34.1%) · prince 37.7% · king 25.4% · crowned 19.0% (median year 25) · 2.8s
try  1 · gen  281 · best   1216.9 · elite    738.0 · median    221.8 · years  19.1 · road 0.38 · starved   649 · nobles  +5.9 · read 12.7 · walls  1.0 · fell 63.1% (mother 30.5%) · prince 28.6% · king 22.7% · crowned 19.3% (median year 25) · 2.7s
try  2 · gen  281 · best   1073.4 · elite    686.8 · median    211.2 · years  18.3 · road 0.39 · starved   784 · nobles  +4.4 · read 20.2 · walls  2.8 · fell 58.3% (mother 38.5%) · prince 31.6% · king 22.9% · crowned 15.4% (median year 20) · 2.7s
try  3 · gen  281 · best    981.2 · elite    542.1 · median    154.8 · years  31.8 · road 0.35 · starved   974 · nobles  +9.2 · read 12.0 · walls  6.0 · fell 76.8% (mother 31.2%) · prince 20.1% · king 16.9% · crowned 14.9% (median year 53) · 2.7s
try  4 · gen  281 · best   1217.0 · elite    714.8 · median    208.9 · years  17.6 · road 0.35 · starved   623 · nobles  +7.0 · read  7.3 · walls  1.8 · fell 68.6% (mother 26.4%) · prince 27.4% · king 21.2% · crowned 17.4% (median year 22) · 2.7s
try  5 · gen  281 · best   1457.3 · elite    814.3 · median    247.3 · years  17.8 · road 0.45 · starved   822 · nobles  +4.8 · read 23.4 · walls  3.6 · fell 53.2% (mother 34.6%) · prince 34.2% · king 25.5% · crowned 19.6% (median year 22) · 2.7s
try  6 · gen  281 · best   1305.1 · elite    776.1 · median    226.5 · years  18.1 · road 0.45 · starved   821 · nobles  +3.1 · read 20.8 · walls  3.0 · fell 58.3% (mother 28.9%) · prince 31.1% · king 24.0% · crowned 19.4% (median year 24) · 2.7s
try  7 · gen  281 · best   1465.7 · elite    769.3 · median    244.0 · years  19.2 · road 0.39 · starved   628 · nobles  +5.8 · read 13.3 · walls  1.6 · fell 59.4% (mother 26.9%) · prince 32.9% · king 24.4% · crowned 19.6% (median year 23) · 2.7s
try  8 · gen  281 · best   1145.4 · elite    752.8 · median    247.2 · years  21.6 · road 0.44 · starved   804 · nobles  +4.1 · read 14.5 · walls  3.8 · fell 56.7% (mother 34.8%) · prince 38.8% · king 25.9% · crowned 18.9% (median year 25) · 2.7s
try  1 · gen  282 · best   1196.0 · elite    760.9 · median    220.6 · years  19.4 · road 0.38 · starved   643 · nobles  +6.2 · read 13.8 · walls  1.1 · fell 63.9% (mother 28.9%) · prince 29.0% · king 22.9% · crowned 19.5% (median year 25) · 2.8s
try  2 · gen  282 · best   1197.7 · elite    691.4 · median    215.5 · years  18.2 · road 0.39 · starved   770 · nobles  +4.7 · read 19.8 · walls  2.9 · fell 57.7% (mother 38.5%) · prince 31.9% · king 22.6% · crowned 15.3% (median year 20) · 2.8s
try  3 · gen  282 · best   1050.0 · elite    536.4 · median    141.4 · years  31.2 · road 0.35 · starved  1032 · nobles +10.2 · read 12.2 · walls  6.0 · fell 77.9% (mother 32.8%) · prince 19.2% · king 16.3% · crowned 14.4% (median year 54) · 2.8s
try  4 · gen  282 · best   1060.8 · elite    670.3 · median    211.8 · years  17.5 · road 0.35 · starved   608 · nobles  +6.6 · read  7.1 · walls  1.7 · fell 69.2% (mother 25.7%) · prince 26.5% · king 20.6% · crowned 17.2% (median year 22) · 2.8s
try  5 · gen  282 · best   1184.2 · elite    827.2 · median    247.6 · years  18.0 · road 0.46 · starved   824 · nobles  +5.2 · read 23.6 · walls  3.5 · fell 53.5% (mother 33.6%) · prince 35.0% · king 25.0% · crowned 19.6% (median year 22) · 2.8s
try  6 · gen  282 · best   1164.0 · elite    793.1 · median    225.9 · years  17.6 · road 0.45 · starved   727 · nobles  +3.2 · read 20.4 · walls  3.0 · fell 58.2% (mother 28.8%) · prince 31.4% · king 24.2% · crowned 19.4% (median year 23) · 2.8s
try  7 · gen  282 · best   1207.7 · elite    772.7 · median    242.3 · years  19.3 · road 0.39 · starved   665 · nobles  +5.9 · read 12.7 · walls  1.6 · fell 59.0% (mother 28.1%) · prince 32.7% · king 24.2% · crowned 19.9% (median year 23) · 2.8s
try  8 · gen  282 · best   1434.5 · elite    757.2 · median    245.8 · years  21.2 · road 0.43 · starved   753 · nobles  +3.8 · read 13.4 · walls  3.8 · fell 55.9% (mother 34.2%) · prince 37.8% · king 25.8% · crowned 18.6% (median year 25) · 2.8s
try  1 · gen  283 · best   1208.7 · elite    755.5 · median    224.8 · years  19.0 · road 0.39 · starved   614 · nobles  +6.0 · read 13.9 · walls  1.1 · fell 62.3% (mother 26.8%) · prince 28.8% · king 22.6% · crowned 19.5% (median year 25) · 2.7s
try  2 · gen  283 · best   1045.6 · elite    680.6 · median    214.6 · years  18.3 · road 0.39 · starved   753 · nobles  +4.6 · read 20.4 · walls  2.7 · fell 57.4% (mother 38.0%) · prince 32.7% · king 23.2% · crowned 15.7% (median year 20) · 2.7s
try  3 · gen  283 · best    835.6 · elite    525.5 · median    146.7 · years  31.9 · road 0.35 · starved  1040 · nobles  +9.8 · read 12.6 · walls  5.9 · fell 77.9% (mother 32.7%) · prince 19.4% · king 16.4% · crowned 14.1% (median year 54) · 2.7s
try  4 · gen  283 · best   1209.1 · elite    701.3 · median    210.4 · years  17.6 · road 0.36 · starved   613 · nobles  +6.0 · read  7.3 · walls  1.8 · fell 70.3% (mother 27.1%) · prince 27.0% · king 21.0% · crowned 17.3% (median year 22) · 2.7s
try  5 · gen  283 · best   1270.2 · elite    799.6 · median    238.8 · years  17.9 · road 0.46 · starved   807 · nobles  +5.2 · read 23.7 · walls  3.4 · fell 52.7% (mother 30.3%) · prince 33.7% · king 24.0% · crowned 19.5% (median year 22) · 2.7s
try  6 · gen  283 · best   1051.3 · elite    750.8 · median    223.4 · years  17.6 · road 0.44 · starved   735 · nobles  +2.9 · read 19.5 · walls  2.9 · fell 59.3% (mother 31.4%) · prince 30.9% · king 24.4% · crowned 19.5% (median year 24) · 2.7s
try  7 · gen  283 · best   1195.1 · elite    762.9 · median    240.8 · years  19.2 · road 0.39 · starved   647 · nobles  +5.7 · read 12.6 · walls  1.6 · fell 58.9% (mother 27.6%) · prince 32.6% · king 24.4% · crowned 19.5% (median year 23) · 2.7s
try  8 · gen  283 · best   1123.9 · elite    750.9 · median    244.1 · years  21.2 · road 0.44 · starved   785 · nobles  +3.9 · read 13.2 · walls  3.8 · fell 56.4% (mother 34.4%) · prince 37.4% · king 26.3% · crowned 18.5% (median year 24) · 2.7s
try  1 · gen  284 · best   1230.6 · elite    764.0 · median    222.7 · years  18.9 · road 0.39 · starved   603 · nobles  +5.8 · read 14.5 · walls  1.2 · fell 61.9% (mother 26.5%) · prince 28.5% · king 22.8% · crowned 19.4% (median year 24) · 2.7s
try  2 · gen  284 · best   1055.9 · elite    736.3 · median    224.8 · years  18.5 · road 0.39 · starved   727 · nobles  +5.1 · read 20.1 · walls  2.7 · fell 54.2% (mother 34.4%) · prince 33.4% · king 23.6% · crowned 16.4% (median year 20) · 2.7s
try  3 · gen  284 · best    867.5 · elite    550.8 · median    150.3 · years  31.2 · road 0.35 · starved  1000 · nobles +10.0 · read 13.3 · walls  6.1 · fell 77.0% (mother 32.5%) · prince 19.7% · king 16.7% · crowned 14.6% (median year 53) · 2.7s
try  4 · gen  284 · best   1010.0 · elite    714.3 · median    213.1 · years  17.5 · road 0.36 · starved   581 · nobles  +6.5 · read  7.5 · walls  1.9 · fell 68.9% (mother 25.5%) · prince 27.1% · king 21.0% · crowned 17.8% (median year 23) · 2.7s
try  5 · gen  284 · best   1167.3 · elite    778.5 · median    252.9 · years  18.2 · road 0.46 · starved   812 · nobles  +5.5 · read 23.5 · walls  3.4 · fell 53.6% (mother 31.1%) · prince 35.8% · king 24.7% · crowned 19.5% (median year 22) · 2.7s
try  6 · gen  284 · best   1417.7 · elite    797.3 · median    221.5 · years  17.4 · road 0.43 · starved   677 · nobles  +2.8 · read 19.5 · walls  2.8 · fell 59.3% (mother 28.7%) · prince 30.3% · king 23.8% · crowned 19.7% (median year 23) · 2.7s
try  7 · gen  284 · best   1261.3 · elite    779.0 · median    233.7 · years  19.2 · road 0.39 · starved   713 · nobles  +5.5 · read 12.5 · walls  1.6 · fell 59.3% (mother 28.4%) · prince 32.8% · king 24.5% · crowned 19.2% (median year 23) · 2.7s
try  8 · gen  284 · best   1087.5 · elite    752.6 · median    254.6 · years  21.3 · road 0.44 · starved   814 · nobles  +4.1 · read 12.8 · walls  3.9 · fell 57.3% (mother 36.9%) · prince 39.0% · king 26.8% · crowned 18.9% (median year 25) · 2.7s
try  1 · gen  285 · best   1213.7 · elite    767.7 · median    222.2 · years  18.9 · road 0.39 · starved   596 · nobles  +5.7 · read 14.0 · walls  1.3 · fell 62.6% (mother 26.5%) · prince 28.4% · king 22.8% · crowned 19.7% (median year 25) · 2.6s
try  2 · gen  285 · best   1197.9 · elite    715.6 · median    215.6 · years  18.1 · road 0.38 · starved   736 · nobles  +5.1 · read 19.1 · walls  2.7 · fell 55.2% (mother 35.0%) · prince 32.8% · king 23.1% · crowned 16.1% (median year 20) · 2.6s
try  3 · gen  285 · best    896.7 · elite    552.0 · median    158.7 · years  32.0 · road 0.35 · starved  1048 · nobles +10.6 · read 14.0 · walls  5.9 · fell 76.4% (mother 32.7%) · prince 20.4% · king 17.2% · crowned 14.9% (median year 53) · 2.6s
try  4 · gen  285 · best   1000.8 · elite    730.5 · median    212.3 · years  17.6 · road 0.36 · starved   577 · nobles  +6.1 · read  7.4 · walls  2.0 · fell 67.7% (mother 24.4%) · prince 27.7% · king 21.4% · crowned 18.1% (median year 22) · 2.6s
try  5 · gen  285 · best   1205.9 · elite    759.5 · median    242.5 · years  17.9 · road 0.45 · starved   811 · nobles  +5.3 · read 23.9 · walls  3.2 · fell 53.4% (mother 31.6%) · prince 33.6% · king 23.9% · crowned 18.8% (median year 22) · 2.6s
try  6 · gen  285 · best   1278.6 · elite    798.3 · median    228.2 · years  17.5 · road 0.43 · starved   713 · nobles  +2.8 · read 19.9 · walls  2.9 · fell 59.7% (mother 27.8%) · prince 30.2% · king 23.8% · crowned 19.4% (median year 23) · 2.6s
try  7 · gen  285 · best   1461.4 · elite    764.0 · median    243.2 · years  19.1 · road 0.39 · starved   634 · nobles  +5.4 · read 12.7 · walls  1.6 · fell 57.5% (mother 28.4%) · prince 32.5% · king 24.9% · crowned 19.7% (median year 23) · 2.6s
try  8 · gen  285 · best   1189.0 · elite    754.1 · median    242.8 · years  21.2 · road 0.43 · starved   794 · nobles  +3.7 · read 13.0 · walls  3.8 · fell 57.7% (mother 37.3%) · prince 37.8% · king 26.2% · crowned 18.5% (median year 25) · 2.6s
try  1 · gen  286 · best   1235.0 · elite    793.6 · median    224.4 · years  19.1 · road 0.39 · starved   584 · nobles  +6.2 · read 14.0 · walls  1.4 · fell 61.4% (mother 25.2%) · prince 28.9% · king 22.9% · crowned 19.9% (median year 25) · 2.7s
try  2 · gen  286 · best   1231.0 · elite    695.9 · median    224.8 · years  18.3 · road 0.38 · starved   723 · nobles  +5.0 · read 19.9 · walls  2.6 · fell 55.5% (mother 33.7%) · prince 31.9% · king 22.9% · crowned 16.0% (median year 20) · 2.7s
try  3 · gen  286 · best    813.2 · elite    516.3 · median    154.6 · years  32.4 · road 0.35 · starved  1026 · nobles +10.2 · read 14.9 · walls  5.8 · fell 76.8% (mother 31.0%) · prince 19.3% · king 16.5% · crowned 14.5% (median year 54) · 2.7s
try  4 · gen  286 · best   1071.9 · elite    731.2 · median    214.9 · years  17.5 · road 0.36 · starved   586 · nobles  +6.0 · read  7.3 · walls  2.0 · fell 68.2% (mother 25.1%) · prince 28.1% · king 21.2% · crowned 17.8% (median year 22) · 2.7s
try  5 · gen  286 · best   1239.2 · elite    809.8 · median    234.5 · years  17.4 · road 0.45 · starved   822 · nobles  +5.4 · read 23.2 · walls  3.1 · fell 56.0% (mother 34.9%) · prince 33.9% · king 24.0% · crowned 19.2% (median year 22) · 2.7s
try  6 · gen  286 · best   1207.3 · elite    760.5 · median    223.4 · years  17.3 · road 0.43 · starved   711 · nobles  +2.5 · read 19.2 · walls  2.7 · fell 61.5% (mother 29.9%) · prince 29.6% · king 23.6% · crowned 19.5% (median year 23) · 2.7s
try  7 · gen  286 · best   1209.6 · elite    776.7 · median    246.0 · years  19.2 · road 0.39 · starved   628 · nobles  +5.4 · read 12.9 · walls  1.6 · fell 57.6% (mother 27.7%) · prince 32.5% · king 25.1% · crowned 19.6% (median year 23) · 2.7s
try  8 · gen  286 · best   1261.1 · elite    746.6 · median    241.4 · years  21.1 · road 0.43 · starved   796 · nobles  +4.4 · read 13.6 · walls  3.8 · fell 57.4% (mother 37.2%) · prince 37.1% · king 25.7% · crowned 18.8% (median year 25) · 2.7s
try  1 · gen  287 · best   1231.9 · elite    763.3 · median    221.0 · years  19.2 · road 0.39 · starved   593 · nobles  +6.1 · read 13.5 · walls  1.5 · fell 62.3% (mother 25.4%) · prince 27.9% · king 22.5% · crowned 19.4% (median year 25) · 2.7s
try  2 · gen  287 · best   1050.7 · elite    661.9 · median    219.5 · years  18.4 · road 0.38 · starved   740 · nobles  +5.4 · read 19.3 · walls  2.6 · fell 56.6% (mother 34.5%) · prince 32.4% · king 22.6% · crowned 16.0% (median year 21) · 2.7s
try  3 · gen  287 · best    821.4 · elite    505.4 · median    157.1 · years  32.2 · road 0.35 · starved   949 · nobles +10.2 · read 15.8 · walls  5.6 · fell 76.5% (mother 29.5%) · prince 19.1% · king 16.5% · crowned 14.4% (median year 53) · 2.7s
try  4 · gen  287 · best   1233.8 · elite    726.9 · median    210.1 · years  17.7 · road 0.36 · starved   572 · nobles  +6.0 · read  7.4 · walls  1.9 · fell 68.4% (mother 24.2%) · prince 28.0% · king 21.2% · crowned 17.9% (median year 22) · 2.7s
try  5 · gen  287 · best   1295.6 · elite    786.1 · median    241.2 · years  17.4 · road 0.44 · starved   834 · nobles  +5.6 · read 23.1 · walls  3.1 · fell 54.1% (mother 33.5%) · prince 34.2% · king 24.4% · crowned 19.4% (median year 22) · 2.7s
try  6 · gen  287 · best   1069.1 · elite    745.0 · median    206.9 · years  17.1 · road 0.41 · starved   709 · nobles  +2.5 · read 18.9 · walls  2.6 · fell 64.2% (mother 31.8%) · prince 28.0% · king 22.5% · crowned 18.6% (median year 24) · 2.7s
try  7 · gen  287 · best   1236.0 · elite    792.1 · median    240.4 · years  19.1 · road 0.39 · starved   618 · nobles  +5.7 · read 12.7 · walls  1.5 · fell 57.4% (mother 27.0%) · prince 32.0% · king 24.5% · crowned 20.0% (median year 23) · 2.7s
try  8 · gen  287 · best   1194.0 · elite    731.6 · median    236.6 · years  21.3 · road 0.43 · starved   840 · nobles  +4.3 · read 13.4 · walls  3.8 · fell 58.3% (mother 38.3%) · prince 36.7% · king 24.3% · crowned 17.9% (median year 25) · 2.7s
try  1 · gen  288 · best   1193.3 · elite    746.9 · median    224.2 · years  19.2 · road 0.40 · starved   598 · nobles  +6.2 · read 13.5 · walls  1.6 · fell 62.2% (mother 26.1%) · prince 28.4% · king 22.4% · crowned 19.5% (median year 25) · 2.8s
try  2 · gen  288 · best   1213.4 · elite    675.2 · median    216.2 · years  18.7 · road 0.39 · starved   751 · nobles  +5.0 · read 19.1 · walls  2.8 · fell 56.8% (mother 34.5%) · prince 31.9% · king 22.2% · crowned 15.3% (median year 20) · 2.8s
try  3 · gen  288 · best    834.4 · elite    527.3 · median    159.6 · years  32.6 · road 0.35 · starved   992 · nobles  +9.8 · read 16.7 · walls  5.6 · fell 76.0% (mother 29.2%) · prince 19.9% · king 16.9% · crowned 14.7% (median year 53) · 2.8s
try  4 · gen  288 · best   1460.3 · elite    722.1 · median    208.0 · years  17.5 · road 0.36 · starved   567 · nobles  +6.3 · read  7.3 · walls  1.7 · fell 68.7% (mother 24.5%) · prince 27.0% · king 20.9% · crowned 17.6% (median year 22) · 2.8s
try  5 · gen  288 · best   1230.7 · elite    789.3 · median    235.6 · years  17.4 · road 0.44 · starved   840 · nobles  +5.7 · read 22.3 · walls  2.9 · fell 56.2% (mother 34.2%) · prince 33.3% · king 23.6% · crowned 19.1% (median year 22) · 2.8s
try  6 · gen  288 · best   1272.6 · elite    773.0 · median    219.2 · years  17.6 · road 0.42 · starved   675 · nobles  +2.2 · read 20.2 · walls  2.5 · fell 63.7% (mother 28.4%) · prince 28.4% · king 23.0% · crowned 19.1% (median year 24) · 2.8s
try  7 · gen  288 · best   1232.2 · elite    774.0 · median    239.5 · years  19.0 · road 0.39 · starved   652 · nobles  +5.5 · read 13.0 · walls  1.6 · fell 59.3% (mother 28.4%) · prince 32.0% · king 24.5% · crowned 19.2% (median year 23) · 2.8s
try  8 · gen  288 · best   1210.9 · elite    719.8 · median    235.9 · years  20.9 · road 0.42 · starved   827 · nobles  +4.0 · read 12.7 · walls  3.6 · fell 59.1% (mother 38.5%) · prince 36.5% · king 24.7% · crowned 17.8% (median year 24) · 2.8s
try  1 · gen  289 · best   1213.7 · elite    770.1 · median    231.5 · years  19.3 · road 0.40 · starved   582 · nobles  +6.9 · read 13.6 · walls  1.6 · fell 60.3% (mother 25.0%) · prince 29.3% · king 23.5% · crowned 20.3% (median year 25) · 2.7s
try  2 · gen  289 · best   1283.7 · elite    675.8 · median    207.6 · years  18.5 · road 0.39 · starved   784 · nobles  +5.1 · read 18.5 · walls  2.8 · fell 58.6% (mother 37.7%) · prince 31.3% · king 21.6% · crowned 15.2% (median year 21) · 2.7s
try  3 · gen  289 · best    901.3 · elite    540.6 · median    157.2 · years  31.7 · road 0.35 · starved   945 · nobles +10.3 · read 17.4 · walls  5.4 · fell 75.3% (mother 29.5%) · prince 19.5% · king 16.6% · crowned 15.1% (median year 54) · 2.7s
try  4 · gen  289 · best   1237.2 · elite    728.0 · median    213.7 · years  17.6 · road 0.36 · starved   572 · nobles  +5.9 · read  7.2 · walls  1.6 · fell 67.8% (mother 23.4%) · prince 28.1% · king 21.6% · crowned 18.2% (median year 22) · 2.7s
try  5 · gen  289 · best   1204.2 · elite    770.4 · median    244.6 · years  17.4 · road 0.45 · starved   797 · nobles  +5.7 · read 22.1 · walls  3.0 · fell 54.4% (mother 32.3%) · prince 33.3% · king 24.0% · crowned 19.7% (median year 22) · 2.7s
try  6 · gen  289 · best   1029.9 · elite    743.9 · median    227.3 · years  18.4 · road 0.42 · starved   677 · nobles  +2.4 · read 21.1 · walls  2.4 · fell 62.8% (mother 26.0%) · prince 29.5% · king 23.7% · crowned 19.6% (median year 24) · 2.7s
try  7 · gen  289 · best   1223.4 · elite    772.3 · median    251.3 · years  19.3 · road 0.40 · starved   615 · nobles  +5.5 · read 13.8 · walls  1.8 · fell 56.7% (mother 27.4%) · prince 32.5% · king 25.4% · crowned 20.0% (median year 23) · 2.7s
try  8 · gen  289 · best   1252.1 · elite    756.1 · median    246.1 · years  21.0 · road 0.43 · starved   799 · nobles  +3.7 · read 11.8 · walls  3.7 · fell 57.1% (mother 38.1%) · prince 37.5% · king 25.8% · crowned 18.5% (median year 25) · 2.7s
try  1 · gen  290 · best   1216.2 · elite    764.1 · median    230.4 · years  19.3 · road 0.40 · starved   593 · nobles  +6.4 · read 13.2 · walls  1.6 · fell 59.4% (mother 24.6%) · prince 29.2% · king 23.0% · crowned 19.7% (median year 24) · 2.7s
try  2 · gen  290 · best   1049.8 · elite    665.9 · median    215.4 · years  18.7 · road 0.39 · starved   772 · nobles  +5.1 · read 19.1 · walls  2.9 · fell 55.6% (mother 35.8%) · prince 32.2% · king 22.8% · crowned 15.7% (median year 20) · 2.7s
try  3 · gen  290 · best    997.0 · elite    543.1 · median    154.3 · years  31.9 · road 0.35 · starved   975 · nobles  +9.8 · read 17.0 · walls  5.4 · fell 75.8% (mother 30.4%) · prince 20.1% · king 16.8% · crowned 15.1% (median year 54) · 2.7s
try  4 · gen  290 · best   1205.8 · elite    735.2 · median    214.0 · years  17.5 · road 0.36 · starved   581 · nobles  +6.1 · read  7.4 · walls  1.7 · fell 67.5% (mother 24.1%) · prince 28.6% · king 21.8% · crowned 18.2% (median year 22) · 2.7s
try  5 · gen  290 · best   1440.7 · elite    813.9 · median    233.4 · years  17.3 · road 0.44 · starved   828 · nobles  +5.3 · read 21.8 · walls  2.9 · fell 56.5% (mother 33.3%) · prince 32.8% · king 23.9% · crowned 19.3% (median year 22) · 2.7s
try  6 · gen  290 · best   1444.5 · elite    772.3 · median    207.1 · years  18.5 · road 0.41 · starved   662 · nobles  +2.3 · read 22.0 · walls  2.4 · fell 64.8% (mother 25.9%) · prince 28.2% · king 22.2% · crowned 18.8% (median year 25) · 2.7s
try  7 · gen  290 · best   1044.7 · elite    783.3 · median    236.4 · years  19.2 · road 0.39 · starved   601 · nobles  +5.7 · read 13.7 · walls  1.7 · fell 57.8% (mother 26.1%) · prince 31.5% · king 25.1% · crowned 19.8% (median year 23) · 2.7s
try  8 · gen  290 · best   1208.9 · elite    761.9 · median    253.7 · years  21.5 · road 0.44 · starved   862 · nobles  +3.5 · read 11.2 · walls  3.7 · fell 57.3% (mother 38.8%) · prince 39.2% · king 26.9% · crowned 18.8% (median year 25) · 2.7s
try  1 · gen  291 · best   1499.5 · elite    787.7 · median    220.9 · years  19.2 · road 0.40 · starved   606 · nobles  +6.3 · read 12.9 · walls  1.5 · fell 60.5% (mother 25.7%) · prince 29.0% · king 22.8% · crowned 19.6% (median year 25) · 2.7s
try  2 · gen  291 · best   1208.7 · elite    692.3 · median    220.9 · years  18.5 · road 0.39 · starved   771 · nobles  +4.7 · read 17.9 · walls  2.9 · fell 57.1% (mother 37.7%) · prince 32.0% · king 22.7% · crowned 15.6% (median year 20) · 2.7s
try  3 · gen  291 · best    843.3 · elite    530.5 · median    156.8 · years  31.8 · road 0.35 · starved   991 · nobles  +9.9 · read 16.8 · walls  5.1 · fell 76.8% (mother 32.8%) · prince 20.0% · king 16.5% · crowned 14.7% (median year 53) · 2.7s
try  4 · gen  291 · best   1200.0 · elite    701.7 · median    215.3 · years  17.6 · road 0.36 · starved   594 · nobles  +6.4 · read  7.6 · walls  1.6 · fell 68.1% (mother 24.5%) · prince 27.9% · king 21.2% · crowned 17.9% (median year 22) · 2.7s
try  5 · gen  291 · best   1241.4 · elite    825.1 · median    227.5 · years  17.5 · road 0.44 · starved   803 · nobles  +5.6 · read 21.8 · walls  2.8 · fell 55.5% (mother 31.9%) · prince 32.5% · king 23.8% · crowned 19.7% (median year 22) · 2.7s
try  6 · gen  291 · best   1397.0 · elite    765.8 · median    217.4 · years  18.0 · road 0.41 · starved   643 · nobles  +2.3 · read 21.2 · walls  2.3 · fell 63.8% (mother 26.9%) · prince 28.5% · king 22.7% · crowned 19.3% (median year 24) · 2.7s
try  7 · gen  291 · best   1231.5 · elite    798.1 · median    232.4 · years  19.4 · road 0.39 · starved   619 · nobles  +6.0 · read 14.0 · walls  1.7 · fell 58.2% (mother 26.0%) · prince 31.2% · king 24.5% · crowned 19.6% (median year 23) · 2.7s
try  8 · gen  291 · best   1149.9 · elite    768.0 · median    240.0 · years  21.3 · road 0.43 · starved   828 · nobles  +3.2 · read 11.0 · walls  3.7 · fell 57.9% (mother 39.1%) · prince 38.1% · king 26.0% · crowned 18.4% (median year 25) · 2.7s
try  1 · gen  292 · best   1021.9 · elite    778.4 · median    227.8 · years  19.1 · road 0.40 · starved   586 · nobles  +6.3 · read 12.4 · walls  1.6 · fell 60.0% (mother 25.3%) · prince 29.1% · king 23.4% · crowned 19.8% (median year 24) · 2.7s
try  2 · gen  292 · best   1257.1 · elite    727.4 · median    217.1 · years  18.7 · road 0.40 · starved   783 · nobles  +4.6 · read 18.5 · walls  2.9 · fell 58.0% (mother 38.3%) · prince 32.3% · king 23.5% · crowned 15.9% (median year 21) · 2.7s
try  3 · gen  292 · best    897.9 · elite    539.5 · median    148.3 · years  31.8 · road 0.34 · starved  1008 · nobles +10.1 · read 17.1 · walls  4.9 · fell 76.5% (mother 32.5%) · prince 19.5% · king 16.6% · crowned 14.5% (median year 54) · 2.7s
try  4 · gen  292 · best   1073.1 · elite    742.0 · median    213.8 · years  17.7 · road 0.36 · starved   572 · nobles  +6.6 · read  7.7 · walls  1.6 · fell 68.1% (mother 23.2%) · prince 27.2% · king 21.3% · crowned 17.9% (median year 22) · 2.7s
try  5 · gen  292 · best   1235.6 · elite    800.8 · median    224.4 · years  17.7 · road 0.45 · starved   824 · nobles  +4.9 · read 21.2 · walls  3.0 · fell 56.7% (mother 31.1%) · prince 32.2% · king 23.3% · crowned 18.9% (median year 22) · 2.7s
try  6 · gen  292 · best   1180.6 · elite    757.8 · median    216.2 · years  18.6 · road 0.41 · starved   670 · nobles  +2.5 · read 21.9 · walls  2.2 · fell 64.2% (mother 24.9%) · prince 29.2% · king 22.5% · crowned 19.2% (median year 25) · 2.7s
try  7 · gen  292 · best   1238.9 · elite    758.5 · median    233.1 · years  19.4 · road 0.39 · starved   643 · nobles  +5.7 · read 14.3 · walls  1.8 · fell 58.1% (mother 27.4%) · prince 31.2% · king 24.7% · crowned 19.4% (median year 23) · 2.7s
try  8 · gen  292 · best   1396.3 · elite    730.3 · median    237.5 · years  21.7 · road 0.44 · starved   826 · nobles  +3.3 · read 10.7 · walls  3.7 · fell 57.5% (mother 38.1%) · prince 37.4% · king 25.1% · crowned 18.4% (median year 26) · 2.7s
try  1 · gen  293 · best   1226.2 · elite    771.4 · median    217.8 · years  18.6 · road 0.39 · starved   619 · nobles  +5.9 · read 11.3 · walls  1.5 · fell 61.7% (mother 26.9%) · prince 27.5% · king 22.2% · crowned 19.4% (median year 24) · 2.7s
try  2 · gen  293 · best   1243.1 · elite    712.7 · median    220.8 · years  18.7 · road 0.40 · starved   768 · nobles  +4.6 · read 19.0 · walls  3.0 · fell 56.3% (mother 37.2%) · prince 32.8% · king 23.4% · crowned 16.1% (median year 21) · 2.7s
try  3 · gen  293 · best    932.3 · elite    556.2 · median    150.2 · years  31.7 · road 0.34 · starved   991 · nobles +10.4 · read 17.9 · walls  4.9 · fell 75.8% (mother 32.0%) · prince 19.2% · king 16.9% · crowned 15.2% (median year 54) · 2.7s
try  4 · gen  293 · best   1103.8 · elite    699.5 · median    218.5 · years  18.0 · road 0.36 · starved   582 · nobles  +7.1 · read  8.2 · walls  1.5 · fell 68.5% (mother 23.5%) · prince 27.6% · king 21.8% · crowned 18.4% (median year 22) · 2.7s
try  5 · gen  293 · best   1419.1 · elite    763.6 · median    220.4 · years  17.5 · road 0.44 · starved   817 · nobles  +4.7 · read 20.8 · walls  2.9 · fell 56.8% (mother 30.9%) · prince 30.8% · king 23.6% · crowned 18.6% (median year 22) · 2.7s
try  6 · gen  293 · best   1210.5 · elite    773.6 · median    219.6 · years  18.3 · road 0.41 · starved   645 · nobles  +2.8 · read 21.8 · walls  2.2 · fell 64.9% (mother 24.1%) · prince 29.2% · king 22.7% · crowned 19.5% (median year 24) · 2.7s
try  7 · gen  293 · best   1225.3 · elite    776.0 · median    235.9 · years  19.5 · road 0.39 · starved   645 · nobles  +6.3 · read 14.6 · walls  1.9 · fell 58.5% (mother 26.6%) · prince 30.9% · king 24.4% · crowned 19.8% (median year 23) · 2.7s
try  8 · gen  293 · best   1043.7 · elite    750.1 · median    231.4 · years  22.1 · road 0.44 · starved   876 · nobles  +2.8 · read 10.4 · walls  3.7 · fell 58.8% (mother 39.0%) · prince 37.2% · king 25.0% · crowned 18.1% (median year 26) · 2.7s
try  1 · gen  294 · best   1073.6 · elite    767.0 · median    230.8 · years  18.7 · road 0.40 · starved   630 · nobles  +6.1 · read 11.7 · walls  1.6 · fell 60.4% (mother 26.5%) · prince 28.5% · king 23.0% · crowned 19.9% (median year 24) · 2.7s
try  2 · gen  294 · best   1075.6 · elite    702.1 · median    219.4 · years  18.7 · road 0.39 · starved   771 · nobles  +4.9 · read 18.9 · walls  2.9 · fell 57.6% (mother 36.3%) · prince 32.2% · king 23.0% · crowned 15.4% (median year 21) · 2.7s
try  3 · gen  294 · best   1039.1 · elite    548.1 · median    151.3 · years  31.7 · road 0.34 · starved  1027 · nobles  +9.9 · read 17.8 · walls  4.9 · fell 77.2% (mother 33.9%) · prince 19.5% · king 16.8% · crowned 14.9% (median year 54) · 2.7s
try  4 · gen  294 · best   1192.1 · elite    730.5 · median    216.8 · years  17.8 · road 0.36 · starved   567 · nobles  +6.9 · read  8.0 · walls  1.5 · fell 67.1% (mother 21.9%) · prince 27.9% · king 21.9% · crowned 18.5% (median year 23) · 2.7s
try  5 · gen  294 · best   1193.7 · elite    776.1 · median    226.4 · years  17.4 · road 0.43 · starved   785 · nobles  +4.6 · read 20.2 · walls  2.8 · fell 57.9% (mother 30.4%) · prince 30.8% · king 23.4% · crowned 19.3% (median year 22) · 2.7s
try  6 · gen  294 · best   1213.8 · elite    732.7 · median    211.6 · years  18.1 · road 0.40 · starved   667 · nobles  +2.8 · read 21.1 · walls  2.2 · fell 64.1% (mother 24.3%) · prince 27.8% · king 22.0% · crowned 19.0% (median year 24) · 2.7s
try  7 · gen  294 · best   1125.1 · elite    794.5 · median    234.9 · years  19.2 · road 0.39 · starved   608 · nobles  +5.4 · read 14.5 · walls  2.0 · fell 56.7% (mother 26.1%) · prince 31.1% · king 25.3% · crowned 20.1% (median year 23) · 2.7s
try  8 · gen  294 · best   1303.3 · elite    766.7 · median    243.0 · years  21.8 · road 0.43 · starved   831 · nobles  +3.4 · read 10.1 · walls  3.7 · fell 57.2% (mother 37.8%) · prince 38.0% · king 26.1% · crowned 18.9% (median year 26) · 2.7s
try  1 · gen  295 · best   1223.8 · elite    771.3 · median    231.5 · years  18.6 · road 0.40 · starved   616 · nobles  +6.2 · read 12.3 · walls  1.7 · fell 60.6% (mother 27.5%) · prince 29.1% · king 23.1% · crowned 19.9% (median year 24) · 2.7s
try  2 · gen  295 · best   1281.1 · elite    685.8 · median    216.4 · years  18.5 · road 0.39 · starved   749 · nobles  +5.0 · read 17.8 · walls  2.9 · fell 55.6% (mother 35.7%) · prince 32.2% · king 23.5% · crowned 15.9% (median year 21) · 2.7s
try  3 · gen  295 · best    901.8 · elite    561.2 · median    148.6 · years  31.0 · road 0.34 · starved   963 · nobles  +9.9 · read 16.4 · walls  4.9 · fell 76.4% (mother 32.4%) · prince 19.2% · king 16.8% · crowned 15.1% (median year 53) · 2.7s
try  4 · gen  295 · best   1234.9 · elite    740.5 · median    214.9 · years  17.5 · road 0.36 · starved   544 · nobles  +6.6 · read  7.6 · walls  1.4 · fell 67.7% (mother 22.5%) · prince 27.5% · king 20.9% · crowned 18.0% (median year 22) · 2.7s
try  5 · gen  295 · best   1471.6 · elite    772.2 · median    218.9 · years  17.0 · road 0.42 · starved   784 · nobles  +4.3 · read 19.2 · walls  2.6 · fell 60.2% (mother 31.7%) · prince 29.4% · king 22.9% · crowned 19.0% (median year 23) · 2.7s
try  6 · gen  295 · best   1050.9 · elite    736.3 · median    213.9 · years  18.3 · road 0.40 · starved   697 · nobles  +2.4 · read 20.5 · walls  2.2 · fell 66.0% (mother 26.4%) · prince 28.7% · king 22.1% · crowned 18.6% (median year 25) · 2.7s
try  7 · gen  295 · best   1050.1 · elite    752.8 · median    241.7 · years  19.5 · road 0.39 · starved   614 · nobles  +5.9 · read 15.1 · walls  2.0 · fell 58.1% (mother 26.2%) · prince 30.9% · king 25.0% · crowned 19.6% (median year 23) · 2.7s
try  8 · gen  295 · best   1034.4 · elite    750.0 · median    241.8 · years  21.4 · road 0.43 · starved   803 · nobles  +3.0 · read 10.2 · walls  3.6 · fell 56.2% (mother 36.8%) · prince 37.8% · king 25.7% · crowned 18.5% (median year 26) · 2.7s
try  1 · gen  296 · best   1272.5 · elite    769.8 · median    213.9 · years  18.4 · road 0.40 · starved   653 · nobles  +5.9 · read 13.2 · walls  1.7 · fell 61.7% (mother 29.6%) · prince 27.8% · king 22.2% · crowned 19.0% (median year 24) · 2.7s
try  2 · gen  296 · best   1053.8 · elite    730.2 · median    218.3 · years  18.5 · road 0.39 · starved   747 · nobles  +5.1 · read 17.3 · walls  2.8 · fell 56.4% (mother 35.8%) · prince 32.7% · king 23.7% · crowned 16.2% (median year 21) · 2.7s
try  3 · gen  296 · best    837.9 · elite    533.7 · median    146.1 · years  31.1 · road 0.34 · starved   961 · nobles  +9.4 · read 16.0 · walls  5.0 · fell 76.3% (mother 31.6%) · prince 19.2% · king 16.3% · crowned 14.4% (median year 53) · 2.7s
try  4 · gen  296 · best   1450.6 · elite    687.2 · median    218.3 · years  17.6 · road 0.35 · starved   559 · nobles  +7.3 · read  7.6 · walls  1.4 · fell 68.3% (mother 22.4%) · prince 27.2% · king 21.2% · crowned 18.2% (median year 22) · 2.7s
try  5 · gen  296 · best   1448.0 · elite    755.9 · median    212.3 · years  17.2 · road 0.42 · starved   821 · nobles  +4.6 · read 18.5 · walls  2.6 · fell 63.4% (mother 34.0%) · prince 29.4% · king 22.4% · crowned 18.4% (median year 23) · 2.7s
try  6 · gen  296 · best   1162.5 · elite    718.1 · median    209.7 · years  18.4 · road 0.41 · starved   691 · nobles  +2.6 · read 20.0 · walls  2.3 · fell 66.8% (mother 26.0%) · prince 28.6% · king 21.7% · crowned 18.5% (median year 25) · 2.7s
try  7 · gen  296 · best   1322.6 · elite    762.5 · median    236.9 · years  19.1 · road 0.39 · starved   635 · nobles  +6.0 · read 15.1 · walls  2.1 · fell 58.6% (mother 27.2%) · prince 30.8% · king 24.8% · crowned 19.6% (median year 23) · 2.7s
try  8 · gen  296 · best   1058.3 · elite    769.5 · median    234.9 · years  21.5 · road 0.44 · starved   843 · nobles  +3.3 · read 10.7 · walls  3.6 · fell 57.6% (mother 40.3%) · prince 38.8% · king 26.3% · crowned 18.3% (median year 26) · 2.7s
try  1 · gen  297 · best   1164.4 · elite    762.0 · median    216.7 · years  18.6 · road 0.40 · starved   692 · nobles  +6.3 · read 13.1 · walls  1.7 · fell 63.2% (mother 31.9%) · prince 28.0% · king 22.5% · crowned 19.1% (median year 25) · 2.7s
try  2 · gen  297 · best   1033.5 · elite    720.9 · median    225.7 · years  18.8 · road 0.39 · starved   731 · nobles  +5.0 · read 18.6 · walls  2.8 · fell 55.3% (mother 33.8%) · prince 33.0% · king 24.0% · crowned 16.8% (median year 21) · 2.7s
try  3 · gen  297 · best   1032.6 · elite    513.9 · median    154.2 · years  31.1 · road 0.35 · starved   947 · nobles  +9.3 · read 14.8 · walls  5.1 · fell 76.1% (mother 31.5%) · prince 19.0% · king 15.9% · crowned 14.3% (median year 53) · 2.7s
try  4 · gen  297 · best   1234.5 · elite    721.6 · median    216.0 · years  17.5 · road 0.35 · starved   558 · nobles  +7.0 · read  7.4 · walls  1.4 · fell 66.7% (mother 23.6%) · prince 27.0% · king 21.7% · crowned 18.2% (median year 22) · 2.7s
try  5 · gen  297 · best   1186.6 · elite    767.5 · median    218.8 · years  17.6 · road 0.43 · starved   825 · nobles  +4.5 · read 18.9 · walls  2.7 · fell 62.8% (mother 32.9%) · prince 29.5% · king 22.6% · crowned 18.7% (median year 23) · 2.7s
try  6 · gen  297 · best   1223.5 · elite    760.5 · median    203.2 · years  18.0 · road 0.40 · starved   709 · nobles  +2.9 · read 18.9 · walls  2.2 · fell 68.0% (mother 27.9%) · prince 27.5% · king 21.2% · crowned 18.5% (median year 24) · 2.7s
try  7 · gen  297 · best   1241.7 · elite    769.1 · median    234.1 · years  19.1 · road 0.39 · starved   655 · nobles  +6.3 · read 15.0 · walls  2.1 · fell 58.2% (mother 29.0%) · prince 31.3% · king 25.2% · crowned 19.5% (median year 23) · 2.7s
try  8 · gen  297 · best   1064.3 · elite    719.4 · median    235.5 · years  21.6 · road 0.43 · starved   875 · nobles  +3.5 · read 11.2 · walls  3.6 · fell 58.2% (mother 40.0%) · prince 37.3% · king 25.4% · crowned 18.5% (median year 26) · 2.7s
try  1 · gen  298 · best   1026.0 · elite    740.3 · median    217.1 · years  19.1 · road 0.40 · starved   716 · nobles  +6.5 · read 12.9 · walls  1.9 · fell 63.2% (mother 32.0%) · prince 28.6% · king 22.7% · crowned 19.0% (median year 25) · 2.6s
try  2 · gen  298 · best   1204.1 · elite    699.2 · median    222.3 · years  18.8 · road 0.39 · starved   762 · nobles  +5.0 · read 17.5 · walls  2.8 · fell 56.7% (mother 35.9%) · prince 32.4% · king 23.5% · crowned 16.5% (median year 21) · 2.6s
try  3 · gen  298 · best   1062.7 · elite    542.1 · median    153.4 · years  30.3 · road 0.35 · starved   892 · nobles +10.0 · read 13.9 · walls  5.0 · fell 76.0% (mother 31.4%) · prince 19.0% · king 16.4% · crowned 14.7% (median year 51) · 2.6s
try  4 · gen  298 · best   1257.1 · elite    720.9 · median    207.8 · years  17.6 · road 0.35 · starved   582 · nobles  +6.8 · read  7.8 · walls  1.4 · fell 67.5% (mother 24.6%) · prince 27.4% · king 21.6% · crowned 18.1% (median year 22) · 2.6s
try  5 · gen  298 · best   1199.8 · elite    750.8 · median    210.7 · years  17.3 · road 0.42 · starved   836 · nobles  +4.8 · read 17.8 · walls  2.6 · fell 63.4% (mother 33.4%) · prince 28.9% · king 21.9% · crowned 18.4% (median year 23) · 2.6s
try  6 · gen  298 · best   1209.0 · elite    748.0 · median    208.7 · years  17.9 · road 0.40 · starved   688 · nobles  +2.9 · read 18.0 · walls  2.1 · fell 66.9% (mother 26.0%) · prince 28.0% · king 22.1% · crowned 18.8% (median year 24) · 2.6s
try  7 · gen  298 · best   1216.1 · elite    757.4 · median    236.9 · years  19.2 · road 0.39 · starved   704 · nobles  +6.1 · read 15.0 · walls  2.1 · fell 59.1% (mother 30.4%) · prince 31.0% · king 24.9% · crowned 19.3% (median year 23) · 2.6s
try  8 · gen  298 · best   1226.0 · elite    734.5 · median    241.0 · years  21.9 · road 0.44 · starved   874 · nobles  +2.9 · read 11.9 · walls  3.7 · fell 58.3% (mother 41.0%) · prince 38.9% · king 25.6% · crowned 17.9% (median year 26) · 2.6s
try  1 · gen  299 · best   1221.8 · elite    746.6 · median    219.6 · years  18.8 · road 0.40 · starved   695 · nobles  +6.4 · read 12.7 · walls  2.0 · fell 63.3% (mother 32.2%) · prince 28.1% · king 22.6% · crowned 18.9% (median year 25) · 2.7s
try  2 · gen  299 · best   1247.5 · elite    725.0 · median    206.5 · years  18.5 · road 0.38 · starved   799 · nobles  +5.1 · read 16.6 · walls  2.6 · fell 60.4% (mother 38.2%) · prince 30.8% · king 22.5% · crowned 15.7% (median year 22) · 2.7s
try  3 · gen  299 · best    899.2 · elite    546.9 · median    148.2 · years  30.2 · road 0.35 · starved   911 · nobles  +9.5 · read 13.5 · walls  4.8 · fell 75.7% (mother 31.2%) · prince 18.8% · king 16.5% · crowned 14.6% (median year 51) · 2.7s
try  4 · gen  299 · best   1247.6 · elite    721.2 · median    218.4 · years  17.3 · road 0.35 · starved   558 · nobles  +7.0 · read  7.5 · walls  1.5 · fell 67.0% (mother 23.1%) · prince 27.7% · king 22.0% · crowned 18.6% (median year 22) · 2.7s
try  5 · gen  299 · best   1195.7 · elite    761.4 · median    208.9 · years  17.3 · road 0.42 · starved   811 · nobles  +4.6 · read 18.3 · walls  2.5 · fell 63.2% (mother 33.1%) · prince 29.2% · king 22.0% · crowned 19.0% (median year 23) · 2.7s
try  6 · gen  299 · best   1197.4 · elite    741.6 · median    207.5 · years  17.6 · road 0.40 · starved   701 · nobles  +2.3 · read 17.8 · walls  2.1 · fell 66.9% (mother 27.1%) · prince 27.4% · king 22.1% · crowned 19.0% (median year 25) · 2.7s
try  7 · gen  299 · best   1240.2 · elite    777.0 · median    227.1 · years  19.1 · road 0.39 · starved   678 · nobles  +6.6 · read 15.0 · walls  2.2 · fell 58.4% (mother 28.5%) · prince 30.0% · king 24.5% · crowned 19.0% (median year 23) · 2.7s
try  8 · gen  299 · best   1137.6 · elite    736.5 · median    241.8 · years  21.7 · road 0.44 · starved   941 · nobles  +2.6 · read 11.6 · walls  3.6 · fell 59.5% (mother 41.8%) · prince 39.0% · king 26.0% · crowned 18.0% (median year 26) · 2.7s
