War · reads Reads { told: false, recall: false, journal: false } · hidden 32 · genome 33445 · population 1000 (first 10000) · elite 100 breeding at 0.3 · tables 6 · hall 0 · rank 40 · letters None · longest 100 years · 8 trials · AMD Radeon RX 6750 XT (RADV NAVI22)
try  1 · gen    0 · best      8.8 · elite    -23.1 · median   -107.7 · years  18.2 · road 0.20 · starved  1114 · nobles  -0.8 · read 47.9 · walls  1.4 · fell 99.5% (mother 84.9%) · prince  0.0% · king  0.0% · crowned  0.0% · 13.4s
try  2 · gen    0 · best      5.3 · elite    -23.2 · median   -107.5 · years  18.3 · road 0.20 · starved  1123 · nobles  -0.8 · read 48.3 · walls  1.5 · fell 99.5% (mother 85.5%) · prince  0.0% · king  0.0% · crowned  0.0% · 13.4s
try  3 · gen    0 · best     14.9 · elite    -24.1 · median   -107.7 · years  18.1 · road 0.20 · starved  1112 · nobles  -0.8 · read 47.9 · walls  1.5 · fell 99.4% (mother 85.2%) · prince  0.0% · king  0.0% · crowned  0.0% · 13.4s
try  4 · gen    0 · best      5.0 · elite    -26.1 · median   -107.8 · years  18.0 · road 0.20 · starved  1109 · nobles  -0.8 · read 47.6 · walls  1.4 · fell 99.5% (mother 85.3%) · prince  0.0% · king  0.0% · crowned  0.0% · 13.4s
try  5 · gen    0 · best      4.1 · elite    -25.7 · median   -108.1 · years  18.1 · road 0.20 · starved  1115 · nobles  -0.8 · read 48.0 · walls  1.5 · fell 99.5% (mother 85.1%) · prince  0.0% · king  0.0% · crowned  0.0% · 27.5s
try  6 · gen    0 · best     14.3 · elite    -22.8 · median   -107.7 · years  18.2 · road 0.20 · starved  1115 · nobles  -0.8 · read 48.1 · walls  1.4 · fell 99.5% (mother 85.4%) · prince  0.0% · king  0.0% · crowned  0.0% · 27.5s
try  7 · gen    0 · best     -0.6 · elite    -22.0 · median   -108.1 · years  18.2 · road 0.20 · starved  1119 · nobles  -0.8 · read 48.1 · walls  1.5 · fell 99.5% (mother 85.1%) · prince  0.0% · king  0.0% · crowned  0.0% · 27.5s
try  8 · gen    0 · best     -1.8 · elite    -23.1 · median   -107.5 · years  18.3 · road 0.20 · starved  1122 · nobles  -0.8 · read 48.3 · walls  1.5 · fell 99.5% (mother 85.7%) · prince  0.0% · king  0.0% · crowned  0.0% · 27.5s
try  1 · gen    1 · best     21.4 · elite    -43.2 · median   -104.4 · years  27.9 · road 0.23 · starved  1424 · nobles  -1.5 · read 70.5 · walls  2.4 · fell 97.9% (mother 75.3%) · prince  0.0% · king  0.0% · crowned  0.0% · 3.3s
try  2 · gen    1 · best      1.8 · elite    -42.6 · median   -103.7 · years  29.5 · road 0.24 · starved  1476 · nobles  -1.8 · read 70.4 · walls  2.5 · fell 98.0% (mother 74.5%) · prince  0.0% · king  0.0% · crowned  0.0% · 3.3s
try  3 · gen    1 · best      5.5 · elite    -42.3 · median   -104.4 · years  26.4 · road 0.24 · starved  1385 · nobles  -1.7 · read 64.9 · walls  2.3 · fell 98.9% (mother 77.4%) · prince  0.0% · king  0.0% · crowned  0.0% · 3.3s
try  4 · gen    1 · best      2.9 · elite    -46.7 · median   -106.0 · years  27.9 · road 0.23 · starved  1442 · nobles  -1.6 · read 67.8 · walls  2.2 · fell 99.0% (mother 77.4%) · prince  0.0% · king  0.0% · crowned  0.0% · 3.3s
try  5 · gen    1 · best      8.0 · elite    -40.9 · median   -103.6 · years  26.2 · road 0.24 · starved  1373 · nobles  -1.4 · read 64.7 · walls  2.2 · fell 98.8% (mother 78.2%) · prince  0.0% · king  0.0% · crowned  0.0% · 3.3s
try  6 · gen    1 · best     -8.6 · elite    -46.6 · median   -106.5 · years  28.4 · road 0.24 · starved  1441 · nobles  -1.5 · read 72.9 · walls  2.4 · fell 97.8% (mother 73.3%) · prince  0.0% · king  0.0% · crowned  0.0% · 3.3s
try  7 · gen    1 · best      1.3 · elite    -40.8 · median   -105.7 · years  29.8 · road 0.24 · starved  1466 · nobles  -1.7 · read 74.0 · walls  2.7 · fell 97.4% (mother 72.9%) · prince  0.0% · king  0.0% · crowned  0.0% · 3.3s
try  8 · gen    1 · best    -14.3 · elite    -43.4 · median   -106.7 · years  29.0 · road 0.24 · starved  1475 · nobles  -1.8 · read 72.2 · walls  2.5 · fell 98.1% (mother 74.7%) · prince  0.0% · king  0.0% · crowned  0.0% · 3.3s
try  1 · gen    2 · best     10.1 · elite    -45.1 · median   -107.2 · years  39.6 · road 0.24 · starved  1735 · nobles  -2.1 · read 107.1 · walls  2.9 · fell 94.0% (mother 64.1%) · prince  0.0% · king  0.0% · crowned  0.0% · 3.9s
try  2 · gen    2 · best      2.9 · elite    -45.7 · median   -106.7 · years  41.3 · road 0.25 · starved  1789 · nobles  -1.8 · read 108.3 · walls  3.2 · fell 94.3% (mother 63.3%) · prince  0.0% · king  0.0% · crowned  0.0% · 3.9s
try  3 · gen    2 · best     -0.5 · elite    -44.3 · median   -104.8 · years  39.1 · road 0.26 · starved  1737 · nobles  -2.8 · read 94.9 · walls  2.9 · fell 94.8% (mother 60.9%) · prince  0.0% · king  0.0% · crowned  0.0% · 3.9s
try  4 · gen    2 · best     -0.6 · elite    -44.9 · median   -108.1 · years  38.5 · road 0.25 · starved  1756 · nobles  -2.1 · read 96.6 · walls  3.0 · fell 96.3% (mother 65.0%) · prince  0.0% · king  0.0% · crowned  0.0% · 3.9s
try  5 · gen    2 · best      1.3 · elite    -45.9 · median   -105.9 · years  38.9 · road 0.25 · starved  1733 · nobles  -2.0 · read 104.5 · walls  3.1 · fell 95.2% (mother 62.3%) · prince  0.0% · king  0.0% · crowned  0.0% · 3.9s
try  6 · gen    2 · best      6.1 · elite    -39.3 · median   -106.2 · years  42.1 · road 0.24 · starved  1800 · nobles  -2.4 · read 113.8 · walls  2.9 · fell 93.4% (mother 62.1%) · prince  0.0% · king  0.0% · crowned  0.0% · 3.9s
try  7 · gen    2 · best      7.1 · elite    -39.4 · median   -105.2 · years  44.0 · road 0.25 · starved  1809 · nobles  -2.3 · read 112.6 · walls  3.3 · fell 90.8% (mother 59.3%) · prince  0.0% · king  0.0% · crowned  0.0% · 3.9s
try  8 · gen    2 · best     14.9 · elite    -46.0 · median   -107.7 · years  41.3 · road 0.25 · starved  1838 · nobles  -2.7 · read 107.9 · walls  3.1 · fell 94.9% (mother 61.8%) · prince  0.0% · king  0.0% · crowned  0.0% · 3.9s
try  1 · gen    3 · best     19.3 · elite    -42.5 · median   -108.4 · years  47.3 · road 0.22 · starved  1812 · nobles  -1.7 · read 135.4 · walls  2.9 · fell 84.5% (mother 45.0%) · prince  0.0% · king  0.0% · crowned  0.0% · 4.2s
try  2 · gen    3 · best      7.1 · elite    -45.9 · median   -105.5 · years  48.8 · road 0.23 · starved  1862 · nobles  -1.7 · read 137.5 · walls  3.4 · fell 84.8% (mother 47.9%) · prince  0.0% · king  0.0% · crowned  0.0% · 4.2s
try  3 · gen    3 · best      0.4 · elite    -42.2 · median   -103.3 · years  46.7 · road 0.26 · starved  1879 · nobles  -2.7 · read 120.8 · walls  3.8 · fell 90.2% (mother 53.8%) · prince  0.0% · king  0.0% · crowned  0.0% · 4.2s
try  4 · gen    3 · best     -5.8 · elite    -44.6 · median   -102.7 · years  46.7 · road 0.25 · starved  1844 · nobles  -1.8 · read 124.1 · walls  3.8 · fell 90.3% (mother 53.4%) · prince  0.0% · king  0.0% · crowned  0.0% · 4.2s
try  5 · gen    3 · best      9.4 · elite    -48.4 · median   -107.3 · years  47.2 · road 0.23 · starved  1856 · nobles  -2.1 · read 138.5 · walls  3.2 · fell 87.8% (mother 48.3%) · prince  0.0% · king  0.0% · crowned  0.0% · 4.2s
try  6 · gen    3 · best     30.9 · elite    -39.2 · median   -104.2 · years  51.6 · road 0.22 · starved  1873 · nobles  -2.0 · read 146.1 · walls  3.3 · fell 79.5% (mother 38.5%) · prince  0.0% · king  0.0% · crowned  0.0% · 4.2s
try  7 · gen    3 · best     20.0 · elite    -33.7 · median    -99.0 · years  51.7 · road 0.24 · starved  1837 · nobles  -2.3 · read 132.4 · walls  3.8 · fell 76.1% (mother 36.6%) · prince  0.0% · king  0.0% · crowned  0.0% · 4.2s
try  8 · gen    3 · best      7.3 · elite    -42.4 · median   -104.3 · years  49.9 · road 0.24 · starved  1904 · nobles  -2.5 · read 141.1 · walls  3.7 · fell 85.1% (mother 46.6%) · prince  0.0% · king  0.0% · crowned  0.0% · 4.2s
try  1 · gen    4 · best     12.5 · elite    -38.7 · median   -107.9 · years  49.2 · road 0.21 · starved  1813 · nobles  -1.1 · read 154.8 · walls  3.3 · fell 78.2% (mother 29.8%) · prince  0.0% · king  0.0% · crowned  0.0% · 4.3s
try  2 · gen    4 · best      6.5 · elite    -42.2 · median   -103.7 · years  51.6 · road 0.22 · starved  1846 · nobles  -1.5 · read 144.9 · walls  3.5 · fell 76.1% (mother 35.5%) · prince  0.0% · king  0.0% · crowned  0.0% · 4.3s
try  3 · gen    4 · best     -2.6 · elite    -41.0 · median   -101.8 · years  48.4 · road 0.26 · starved  1844 · nobles  -2.9 · read 132.8 · walls  3.8 · fell 87.0% (mother 47.0%) · prince  0.0% · king  0.0% · crowned  0.0% · 4.3s
try  4 · gen    4 · best      6.7 · elite    -39.4 · median   -102.5 · years  50.4 · road 0.24 · starved  1831 · nobles  -1.4 · read 136.5 · walls  4.1 · fell 80.0% (mother 40.8%) · prince  0.0% · king  0.0% · crowned  0.0% · 4.3s
try  5 · gen    4 · best      4.7 · elite    -40.0 · median   -104.9 · years  51.8 · road 0.22 · starved  1884 · nobles  -1.9 · read 153.2 · walls  2.9 · fell 81.5% (mother 45.8%) · prince  0.0% · king  0.0% · crowned  0.0% · 4.3s
try  6 · gen    4 · best     11.5 · elite    -35.1 · median   -101.5 · years  53.1 · road 0.23 · starved  1819 · nobles  -1.5 · read 155.3 · walls  4.1 · fell 72.4% (mother 26.8%) · prince  0.0% · king  0.0% · crowned  0.0% · 4.3s
try  7 · gen    4 · best     11.6 · elite    -32.4 · median    -95.5 · years  55.5 · road 0.25 · starved  1833 · nobles  -2.8 · read 137.7 · walls  4.1 · fell 69.1% (mother 28.1%) · prince  0.0% · king  0.0% · crowned  0.0% · 4.3s
try  8 · gen    4 · best     12.6 · elite    -38.1 · median   -104.5 · years  54.0 · road 0.24 · starved  1939 · nobles  -3.0 · read 157.0 · walls  4.8 · fell 75.3% (mother 35.8%) · prince  0.0% · king  0.0% · crowned  0.0% · 4.3s
try  1 · gen    5 · best     28.0 · elite    -38.8 · median   -107.3 · years  50.6 · road 0.21 · starved  1798 · nobles  -0.6 · read 167.9 · walls  3.4 · fell 74.8% (mother 25.0%) · prince  0.0% · king  0.0% · crowned  0.0% · 4.4s
try  2 · gen    5 · best     18.9 · elite    -38.2 · median   -103.8 · years  52.6 · road 0.22 · starved  1819 · nobles  -1.3 · read 161.4 · walls  3.8 · fell 71.8% (mother 27.9%) · prince  0.0% · king  0.0% · crowned  0.0% · 4.4s
try  3 · gen    5 · best      1.9 · elite    -34.1 · median    -98.3 · years  52.1 · road 0.25 · starved  1856 · nobles  -2.7 · read 151.8 · walls  3.9 · fell 79.9% (mother 38.8%) · prince  0.0% · king  0.0% · crowned  0.0% · 4.4s
try  4 · gen    5 · best     28.4 · elite    -40.6 · median   -101.4 · years  56.5 · road 0.22 · starved  1889 · nobles  -0.6 · read 157.7 · walls  3.9 · fell 67.5% (mother 25.7%) · prince  0.0% · king  0.0% · crowned  0.0% · 4.4s
try  5 · gen    5 · best     15.0 · elite    -34.3 · median   -101.3 · years  52.2 · road 0.24 · starved  1837 · nobles  -2.3 · read 150.1 · walls  3.3 · fell 76.2% (mother 38.1%) · prince  0.0% · king  0.0% · crowned  0.0% · 4.4s
try  6 · gen    5 · best     17.3 · elite    -30.8 · median    -99.6 · years  53.3 · road 0.23 · starved  1811 · nobles  -1.6 · read 153.6 · walls  4.5 · fell 72.3% (mother 27.6%) · prince  0.0% · king  0.0% · crowned  0.0% · 4.4s
try  7 · gen    5 · best     21.3 · elite    -30.6 · median    -96.4 · years  53.9 · road 0.25 · starved  1786 · nobles  -3.1 · read 131.0 · walls  4.1 · fell 69.5% (mother 27.5%) · prince  0.0% · king  0.0% · crowned  0.0% · 4.4s
try  8 · gen    5 · best     13.3 · elite    -36.3 · median   -100.3 · years  54.0 · road 0.24 · starved  1869 · nobles  -3.0 · read 147.7 · walls  5.3 · fell 69.2% (mother 26.7%) · prince  0.0% · king  0.0% · crowned  0.0% · 4.4s
try  1 · gen    6 · best     25.7 · elite    -34.5 · median   -105.2 · years  50.2 · road 0.21 · starved  1792 · nobles  -0.6 · read 162.5 · walls  3.5 · fell 74.7% (mother 21.3%) · prince  0.0% · king  0.0% · crowned  0.0% · 4.4s
try  2 · gen    6 · best     13.3 · elite    -38.3 · median   -100.2 · years  53.1 · road 0.23 · starved  1834 · nobles  -1.3 · read 157.5 · walls  4.1 · fell 72.4% (mother 28.8%) · prince  0.0% · king  0.0% · crowned  0.0% · 4.4s
try  3 · gen    6 · best     42.9 · elite    -30.2 · median    -97.5 · years  54.6 · road 0.25 · starved  1836 · nobles  -3.1 · read 155.4 · walls  4.1 · fell 72.0% (mother 31.2%) · prince  0.0% · king  0.0% · crowned  0.0% · 4.4s
try  4 · gen    6 · best      7.9 · elite    -33.8 · median   -100.4 · years  55.4 · road 0.23 · starved  1840 · nobles  -0.6 · read 147.1 · walls  3.8 · fell 67.8% (mother 22.2%) · prince  0.0% · king  0.0% · crowned  0.0% · 4.4s
try  5 · gen    6 · best     14.2 · elite    -26.4 · median    -94.7 · years  55.3 · road 0.24 · starved  1865 · nobles  -2.5 · read 157.1 · walls  3.2 · fell 71.2% (mother 29.9%) · prince  0.0% · king  0.0% · crowned  0.0% · 4.4s
try  6 · gen    6 · best     22.8 · elite    -30.2 · median   -100.0 · years  51.6 · road 0.24 · starved  1799 · nobles  -1.9 · read 149.0 · walls  4.7 · fell 75.8% (mother 24.7%) · prince  0.0% · king  0.0% · crowned  0.0% · 4.4s
try  7 · gen    6 · best     25.6 · elite    -26.6 · median    -93.1 · years  55.3 · road 0.25 · starved  1784 · nobles  -3.5 · read 140.9 · walls  4.2 · fell 68.6% (mother 24.8%) · prince  0.0% · king  0.0% · crowned  0.0% · 4.4s
try  8 · gen    6 · best     -0.3 · elite    -39.8 · median    -98.3 · years  53.6 · road 0.24 · starved  1838 · nobles  -3.0 · read 146.4 · walls  5.8 · fell 67.1% (mother 20.1%) · prince  0.0% · king  0.0% · crowned  0.0% · 4.4s
try  1 · gen    7 · best     18.4 · elite    -36.2 · median   -106.1 · years  48.8 · road 0.22 · starved  1759 · nobles  -0.7 · read 155.4 · walls  3.7 · fell 76.0% (mother 19.5%) · prince  0.0% · king  0.0% · crowned  0.0% · 4.3s
try  2 · gen    7 · best     29.7 · elite    -34.5 · median   -100.6 · years  49.8 · road 0.24 · starved  1763 · nobles  -1.6 · read 147.9 · walls  4.4 · fell 76.4% (mother 26.9%) · prince  0.0% · king  0.0% · crowned  0.0% · 4.3s
try  3 · gen    7 · best     34.1 · elite    -27.6 · median    -96.8 · years  53.4 · road 0.25 · starved  1791 · nobles  -3.6 · read 158.4 · walls  4.4 · fell 70.2% (mother 26.0%) · prince  0.0% · king  0.0% · crowned  0.0% · 4.3s
try  4 · gen    7 · best     16.5 · elite    -33.6 · median    -95.7 · years  55.4 · road 0.25 · starved  1859 · nobles  -0.7 · read 138.9 · walls  3.6 · fell 70.6% (mother 23.3%) · prince  0.0% · king  0.0% · crowned  0.0% · 4.3s
try  5 · gen    7 · best     54.8 · elite    -19.9 · median    -92.3 · years  54.6 · road 0.25 · starved  1803 · nobles  -2.4 · read 156.1 · walls  3.5 · fell 68.6% (mother 24.8%) · prince  0.0% · king  0.0% · crowned  0.0% · 4.3s
try  6 · gen    7 · best      7.0 · elite    -28.6 · median    -96.5 · years  50.3 · road 0.26 · starved  1767 · nobles  -1.8 · read 138.5 · walls  5.1 · fell 75.1% (mother 23.8%) · prince  0.0% · king  0.0% · crowned  0.0% · 4.3s
try  7 · gen    7 · best     27.2 · elite    -27.9 · median    -90.8 · years  53.0 · road 0.25 · starved  1742 · nobles  -3.8 · read 130.4 · walls  4.3 · fell 72.0% (mother 23.8%) · prince  0.0% · king  0.0% · crowned  0.0% · 4.3s
try  8 · gen    7 · best     43.6 · elite    -32.5 · median    -98.5 · years  53.8 · road 0.24 · starved  1822 · nobles  -3.1 · read 145.2 · walls  5.9 · fell 65.5% (mother 16.6%) · prince  0.0% · king  0.0% · crowned  0.0% · 4.3s
try  1 · gen    8 · best     21.0 · elite    -36.9 · median   -102.7 · years  49.3 · road 0.22 · starved  1759 · nobles  -0.9 · read 149.2 · walls  3.8 · fell 76.2% (mother 19.3%) · prince  0.0% · king  0.0% · crowned  0.0% · 4.4s
try  2 · gen    8 · best     30.1 · elite    -25.7 · median   -100.2 · years  49.2 · road 0.24 · starved  1750 · nobles  -1.8 · read 155.7 · walls  4.8 · fell 76.2% (mother 24.6%) · prince  0.0% · king  0.0% · crowned  0.0% · 4.4s
try  3 · gen    8 · best     16.0 · elite    -27.4 · median    -94.9 · years  53.6 · road 0.26 · starved  1810 · nobles  -4.6 · read 157.4 · walls  4.7 · fell 68.4% (mother 25.8%) · prince  0.0% · king  0.0% · crowned  0.0% · 4.4s
try  4 · gen    8 · best     27.6 · elite    -28.5 · median    -97.8 · years  53.7 · road 0.25 · starved  1837 · nobles  -0.7 · read 129.2 · walls  3.4 · fell 72.3% (mother 19.7%) · prince  0.0% · king  0.0% · crowned  0.0% · 4.4s
try  5 · gen    8 · best     17.6 · elite    -24.9 · median    -92.0 · years  53.8 · road 0.25 · starved  1779 · nobles  -2.2 · read 158.7 · walls  3.4 · fell 70.1% (mother 22.4%) · prince  0.0% · king  0.0% · crowned  0.0% · 4.4s
try  6 · gen    8 · best     30.8 · elite    -23.8 · median    -95.6 · years  50.6 · road 0.27 · starved  1760 · nobles  -1.9 · read 135.0 · walls  5.3 · fell 75.0% (mother 22.5%) · prince  0.0% · king  0.0% · crowned  0.0% · 4.4s
try  7 · gen    8 · best     38.6 · elite    -24.3 · median    -90.7 · years  53.8 · road 0.25 · starved  1753 · nobles  -3.7 · read 132.2 · walls  4.3 · fell 70.3% (mother 24.0%) · prince  0.0% · king  0.0% · crowned  0.0% · 4.4s
try  8 · gen    8 · best     20.5 · elite    -30.3 · median    -94.3 · years  54.2 · road 0.26 · starved  1846 · nobles  -3.6 · read 139.3 · walls  6.0 · fell 69.5% (mother 19.1%) · prince  0.0% · king  0.0% · crowned  0.0% · 4.4s
try  1 · gen    9 · best     33.0 · elite    -29.8 · median   -101.1 · years  48.7 · road 0.23 · starved  1735 · nobles  -1.2 · read 142.5 · walls  3.9 · fell 76.3% (mother 20.9%) · prince  0.0% · king  0.0% · crowned  0.0% · 4.4s
try  2 · gen    9 · best     41.0 · elite    -24.8 · median    -98.0 · years  49.5 · road 0.25 · starved  1727 · nobles  -1.9 · read 167.3 · walls  5.3 · fell 76.0% (mother 21.7%) · prince  0.0% · king  0.0% · crowned  0.0% · 4.4s
try  3 · gen    9 · best     42.2 · elite    -16.7 · median    -89.2 · years  54.5 · road 0.27 · starved  1791 · nobles  -5.9 · read 152.2 · walls  4.8 · fell 66.9% (mother 25.5%) · prince  0.0% · king  0.0% · crowned  0.0% · 4.4s
try  4 · gen    9 · best     34.7 · elite    -23.1 · median    -94.7 · years  54.0 · road 0.26 · starved  1860 · nobles  -0.6 · read 123.4 · walls  3.2 · fell 72.6% (mother 21.9%) · prince  0.0% · king  0.0% · crowned  0.0% · 4.4s
try  5 · gen    9 · best     41.6 · elite    -22.2 · median    -89.8 · years  54.6 · road 0.26 · starved  1786 · nobles  -2.2 · read 165.9 · walls  3.1 · fell 68.1% (mother 20.9%) · prince  0.0% · king  0.0% · crowned  0.0% · 4.4s
try  6 · gen    9 · best     59.4 · elite    -24.1 · median    -92.1 · years  51.3 · road 0.27 · starved  1779 · nobles  -2.1 · read 132.0 · walls  5.3 · fell 74.6% (mother 20.2%) · prince  0.0% · king  0.0% · crowned  0.0% · 4.4s
try  7 · gen    9 · best     15.3 · elite    -24.9 · median    -90.3 · years  53.7 · road 0.25 · starved  1741 · nobles  -3.7 · read 130.9 · walls  4.1 · fell 72.0% (mother 21.4%) · prince  0.0% · king  0.0% · crowned  0.0% · 4.4s
try  8 · gen    9 · best     44.5 · elite    -24.6 · median    -95.4 · years  51.3 · road 0.27 · starved  1812 · nobles  -4.6 · read 120.0 · walls  6.2 · fell 74.9% (mother 19.0%) · prince  0.0% · king  0.0% · crowned  0.0% · 4.4s
try  1 · gen   10 · best     50.7 · elite    -27.0 · median   -100.8 · years  48.0 · road 0.24 · starved  1714 · nobles  -1.6 · read 133.5 · walls  4.1 · fell 79.4% (mother 19.9%) · prince  0.0% · king  0.0% · crowned  0.0% · 4.3s
try  2 · gen   10 · best     39.9 · elite    -23.6 · median    -93.0 · years  51.8 · road 0.26 · starved  1763 · nobles  -2.1 · read 178.1 · walls  6.0 · fell 73.3% (mother 20.0%) · prince  0.0% · king  0.0% · crowned  0.0% · 4.3s
try  3 · gen   10 · best     35.0 · elite    -15.1 · median    -84.6 · years  55.1 · road 0.29 · starved  1756 · nobles  -7.0 · read 151.8 · walls  5.0 · fell 64.2% (mother 22.7%) · prince  0.0% · king  0.0% · crowned  0.0% · 4.3s
try  4 · gen   10 · best     41.8 · elite    -25.9 · median    -97.8 · years  53.0 · road 0.26 · starved  1850 · nobles  -0.9 · read 120.8 · walls  3.1 · fell 75.7% (mother 19.6%) · prince  0.0% · king  0.0% · crowned  0.0% · 4.3s
try  5 · gen   10 · best     63.6 · elite    -19.3 · median    -91.1 · years  54.6 · road 0.26 · starved  1793 · nobles  -2.5 · read 161.5 · walls  2.9 · fell 69.2% (mother 17.3%) · prince  0.0% · king  0.0% · crowned  0.0% · 4.3s
try  6 · gen   10 · best     63.4 · elite    -20.7 · median    -90.2 · years  50.3 · road 0.28 · starved  1749 · nobles  -2.4 · read 130.9 · walls  5.3 · fell 75.2% (mother 21.3%) · prince  0.0% · king  0.0% · crowned  0.0% · 4.3s
try  7 · gen   10 · best     10.5 · elite    -24.6 · median    -88.7 · years  52.1 · road 0.25 · starved  1703 · nobles  -3.5 · read 122.8 · walls  4.1 · fell 74.7% (mother 20.7%) · prince  0.0% · king  0.0% · crowned  0.0% · 4.3s
try  8 · gen   10 · best     30.3 · elite    -24.7 · median    -91.9 · years  50.3 · road 0.29 · starved  1823 · nobles  -5.8 · read 113.1 · walls  6.8 · fell 77.9% (mother 21.0%) · prince  0.0% · king  0.0% · crowned  0.0% · 4.3s
try  1 · gen   11 · best     28.9 · elite    -25.3 · median    -96.7 · years  47.2 · road 0.25 · starved  1704 · nobles  -2.1 · read 123.8 · walls  4.1 · fell 80.8% (mother 20.8%) · prince  0.0% · king  0.0% · crowned  0.0% · 4.3s
try  2 · gen   11 · best     34.6 · elite    -19.3 · median    -89.4 · years  52.7 · road 0.27 · starved  1761 · nobles  -2.4 · read 176.6 · walls  6.2 · fell 72.4% (mother 18.0%) · prince  0.0% · king  0.0% · crowned  0.0% · 4.3s
try  3 · gen   11 · best     56.9 · elite     -6.4 · median    -86.0 · years  55.0 · road 0.29 · starved  1742 · nobles  -7.0 · read 144.2 · walls  5.1 · fell 63.8% (mother 22.8%) · prince  0.0% · king  0.0% · crowned  0.0% · 4.3s
try  4 · gen   11 · best     32.5 · elite    -33.0 · median    -97.7 · years  49.4 · road 0.26 · starved  1817 · nobles  -1.1 · read 107.0 · walls  2.8 · fell 81.1% (mother 20.0%) · prince  0.0% · king  0.0% · crowned  0.0% · 4.3s
try  5 · gen   11 · best     44.7 · elite    -20.9 · median    -90.6 · years  52.3 · road 0.27 · starved  1760 · nobles  -2.6 · read 146.6 · walls  2.8 · fell 73.4% (mother 16.8%) · prince  0.0% · king  0.0% · crowned  0.0% · 4.3s
try  6 · gen   11 · best     32.8 · elite    -17.5 · median    -88.1 · years  50.6 · road 0.28 · starved  1731 · nobles  -2.7 · read 125.9 · walls  5.3 · fell 76.2% (mother 20.0%) · prince  0.0% · king  0.0% · crowned  0.0% · 4.3s
try  7 · gen   11 · best     15.1 · elite    -24.0 · median    -87.3 · years  50.5 · road 0.25 · starved  1632 · nobles  -3.0 · read 101.8 · walls  4.5 · fell 76.2% (mother 22.1%) · prince  0.0% · king  0.0% · crowned  0.0% · 4.3s
try  8 · gen   11 · best     32.5 · elite    -24.1 · median    -91.2 · years  48.9 · road 0.29 · starved  1798 · nobles  -5.7 · read 106.8 · walls  6.9 · fell 77.5% (mother 17.8%) · prince  0.0% · king  0.0% · crowned  0.0% · 4.3s
try  1 · gen   12 · best     30.5 · elite    -23.5 · median    -93.5 · years  47.0 · road 0.26 · starved  1691 · nobles  -2.4 · read 119.1 · walls  4.2 · fell 83.9% (mother 23.4%) · prince  0.0% · king  0.0% · crowned  0.0% · 4.3s
try  2 · gen   12 · best     34.7 · elite    -23.0 · median    -91.4 · years  51.6 · road 0.27 · starved  1757 · nobles  -2.6 · read 168.8 · walls  6.1 · fell 73.5% (mother 18.8%) · prince  0.0% · king  0.0% · crowned  0.0% · 4.3s
try  3 · gen   12 · best     54.6 · elite     -7.5 · median    -83.1 · years  55.1 · road 0.30 · starved  1711 · nobles  -7.3 · read 144.1 · walls  5.1 · fell 63.6% (mother 22.0%) · prince  0.0% · king  0.0% · crowned  0.0% · 4.3s
try  4 · gen   12 · best     23.3 · elite    -33.6 · median    -98.7 · years  46.4 · road 0.26 · starved  1772 · nobles  -1.4 · read 99.5 · walls  2.7 · fell 83.5% (mother 18.9%) · prince  0.0% · king  0.0% · crowned  0.0% · 4.3s
try  5 · gen   12 · best     56.2 · elite    -14.0 · median    -85.2 · years  53.0 · road 0.28 · starved  1764 · nobles  -3.1 · read 149.4 · walls  2.9 · fell 75.2% (mother 19.0%) · prince  0.0% · king  0.0% · crowned  0.0% · 4.3s
try  6 · gen   12 · best     22.0 · elite    -20.1 · median    -87.7 · years  48.8 · road 0.29 · starved  1710 · nobles  -2.9 · read 119.9 · walls  5.4 · fell 78.8% (mother 19.2%) · prince  0.0% · king  0.0% · crowned  0.0% · 4.3s
try  7 · gen   12 · best     33.4 · elite    -19.1 · median    -84.3 · years  50.1 · road 0.25 · starved  1570 · nobles  -2.6 · read 103.5 · walls  4.5 · fell 76.1% (mother 24.0%) · prince  0.0% · king  0.0% · crowned  0.0% · 4.3s
try  8 · gen   12 · best     22.8 · elite    -19.9 · median    -90.0 · years  50.6 · road 0.30 · starved  1814 · nobles  -6.1 · read 111.0 · walls  6.8 · fell 77.0% (mother 19.5%) · prince  0.0% · king  0.0% · crowned  0.0% · 4.3s
try  1 · gen   13 · best     32.8 · elite    -22.5 · median    -92.0 · years  45.5 · road 0.26 · starved  1647 · nobles  -2.4 · read 117.4 · walls  4.1 · fell 83.9% (mother 23.3%) · prince  0.2% · king  0.0% · crowned  0.0% · 4.2s
try  2 · gen   13 · best     42.8 · elite    -19.8 · median    -87.5 · years  50.7 · road 0.28 · starved  1734 · nobles  -3.5 · read 160.0 · walls  5.7 · fell 75.1% (mother 18.5%) · prince  0.0% · king  0.0% · crowned  0.0% · 4.2s
try  3 · gen   13 · best     43.4 · elite    -14.2 · median    -83.6 · years  53.0 · road 0.30 · starved  1691 · nobles  -7.2 · read 136.9 · walls  5.2 · fell 65.9% (mother 19.0%) · prince  0.0% · king  0.0% · crowned  0.0% · 4.2s
try  4 · gen   13 · best     68.3 · elite    -30.1 · median    -98.9 · years  46.0 · road 0.26 · starved  1773 · nobles  -2.1 · read 97.0 · walls  2.7 · fell 86.9% (mother 23.7%) · prince  0.0% · king  0.0% · crowned  0.0% · 4.2s
try  5 · gen   13 · best     49.4 · elite    -16.0 · median    -85.8 · years  52.0 · road 0.28 · starved  1747 · nobles  -3.3 · read 142.8 · walls  2.9 · fell 76.3% (mother 16.1%) · prince  0.0% · king  0.0% · crowned  0.0% · 4.2s
try  6 · gen   13 · best     11.4 · elite    -20.3 · median    -87.3 · years  48.3 · road 0.29 · starved  1698 · nobles  -3.0 · read 115.8 · walls  5.4 · fell 77.9% (mother 18.9%) · prince  0.0% · king  0.0% · crowned  0.0% · 4.2s
try  7 · gen   13 · best     20.3 · elite    -17.4 · median    -83.8 · years  49.9 · road 0.25 · starved  1557 · nobles  -2.5 · read 105.6 · walls  4.6 · fell 77.3% (mother 24.2%) · prince  0.0% · king  0.0% · crowned  0.0% · 4.2s
try  8 · gen   13 · best     18.8 · elite    -23.6 · median    -87.7 · years  49.5 · road 0.30 · starved  1801 · nobles  -5.7 · read 111.6 · walls  6.7 · fell 78.2% (mother 19.4%) · prince  0.0% · king  0.0% · crowned  0.0% · 4.2s
try  1 · gen   14 · best     58.4 · elite    -19.1 · median    -91.3 · years  43.5 · road 0.27 · starved  1575 · nobles  -2.5 · read 116.8 · walls  4.0 · fell 87.2% (mother 27.7%) · prince  0.1% · king  0.0% · crowned  0.0% · 4.3s
try  2 · gen   14 · best     25.9 · elite    -15.5 · median    -87.0 · years  50.8 · road 0.28 · starved  1722 · nobles  -4.3 · read 153.0 · walls  5.5 · fell 75.3% (mother 17.1%) · prince  0.0% · king  0.0% · crowned  0.0% · 4.3s
try  3 · gen   14 · best     49.4 · elite     -6.8 · median    -81.1 · years  54.0 · road 0.31 · starved  1703 · nobles  -7.4 · read 138.3 · walls  5.4 · fell 66.5% (mother 20.1%) · prince  0.0% · king  0.0% · crowned  0.0% · 4.3s
try  4 · gen   14 · best     26.0 · elite    -30.0 · median    -96.8 · years  46.0 · road 0.26 · starved  1754 · nobles  -2.0 · read 98.8 · walls  2.7 · fell 86.2% (mother 22.8%) · prince  0.0% · king  0.0% · crowned  0.0% · 4.3s
try  5 · gen   14 · best     53.5 · elite    -10.3 · median    -83.7 · years  51.0 · road 0.29 · starved  1740 · nobles  -3.4 · read 128.8 · walls  2.9 · fell 77.4% (mother 16.7%) · prince  0.2% · king  0.0% · crowned  0.0% · 4.3s
try  6 · gen   14 · best     48.1 · elite    -19.7 · median    -88.1 · years  45.6 · road 0.29 · starved  1651 · nobles  -3.4 · read 102.7 · walls  5.4 · fell 81.6% (mother 21.2%) · prince  0.0% · king  0.0% · crowned  0.0% · 4.3s
try  7 · gen   14 · best     16.0 · elite    -21.7 · median    -79.8 · years  50.0 · road 0.26 · starved  1559 · nobles  -2.9 · read 104.4 · walls  4.6 · fell 76.2% (mother 21.8%) · prince  0.0% · king  0.0% · crowned  0.0% · 4.3s
try  8 · gen   14 · best     25.9 · elite    -21.9 · median    -88.9 · years  48.3 · road 0.30 · starved  1781 · nobles  -5.2 · read 111.3 · walls  6.7 · fell 78.5% (mother 20.3%) · prince  0.0% · king  0.0% · crowned  0.0% · 4.3s
try  1 · gen   15 · best     57.5 · elite    -19.9 · median    -85.2 · years  44.0 · road 0.28 · starved  1561 · nobles  -2.9 · read 121.2 · walls  4.1 · fell 88.3% (mother 28.8%) · prince  0.2% · king  0.0% · crowned  0.0% · 4.2s
try  2 · gen   15 · best     16.1 · elite    -17.0 · median    -82.3 · years  49.7 · road 0.29 · starved  1659 · nobles  -4.3 · read 139.8 · walls  5.2 · fell 76.4% (mother 19.4%) · prince  0.0% · king  0.0% · crowned  0.0% · 4.2s
try  3 · gen   15 · best     45.3 · elite    -10.9 · median    -81.4 · years  50.5 · road 0.31 · starved  1661 · nobles  -6.8 · read 127.9 · walls  5.2 · fell 71.2% (mother 19.1%) · prince  0.0% · king  0.0% · crowned  0.0% · 4.2s
try  4 · gen   15 · best     10.3 · elite    -27.1 · median    -96.4 · years  44.7 · road 0.27 · starved  1729 · nobles  -2.1 · read 96.5 · walls  3.1 · fell 86.8% (mother 22.9%) · prince  0.0% · king  0.0% · crowned  0.0% · 4.2s
try  5 · gen   15 · best     54.2 · elite     -5.0 · median    -84.6 · years  47.4 · road 0.30 · starved  1688 · nobles  -3.5 · read 117.6 · walls  3.0 · fell 79.6% (mother 14.9%) · prince  0.5% · king  0.0% · crowned  0.0% · 4.2s
try  6 · gen   15 · best     70.8 · elite    -14.8 · median    -87.7 · years  45.1 · road 0.29 · starved  1651 · nobles  -3.9 · read 95.1 · walls  5.7 · fell 81.6% (mother 20.4%) · prince  0.0% · king  0.0% · crowned  0.0% · 4.2s
try  7 · gen   15 · best     42.7 · elite    -16.0 · median    -80.4 · years  49.7 · road 0.27 · starved  1529 · nobles  -3.2 · read 103.4 · walls  4.7 · fell 75.9% (mother 20.1%) · prince  0.0% · king  0.0% · crowned  0.0% · 4.2s
try  8 · gen   15 · best     31.1 · elite    -15.5 · median    -86.6 · years  50.3 · road 0.31 · starved  1813 · nobles  -5.5 · read 115.3 · walls  6.8 · fell 78.7% (mother 20.3%) · prince  0.0% · king  0.0% · crowned  0.0% · 4.2s
try  1 · gen   16 · best     33.8 · elite    -20.9 · median    -86.2 · years  41.6 · road 0.28 · starved  1526 · nobles  -3.2 · read 116.2 · walls  4.0 · fell 89.4% (mother 30.2%) · prince  0.1% · king  0.0% · crowned  0.0% · 4.2s
try  2 · gen   16 · best     59.8 · elite     -7.9 · median    -80.5 · years  48.8 · road 0.30 · starved  1619 · nobles  -4.7 · read 128.9 · walls  5.2 · fell 77.6% (mother 18.3%) · prince  0.1% · king  0.0% · crowned  0.0% · 4.2s
try  3 · gen   16 · best     51.8 · elite    -10.0 · median    -82.0 · years  48.5 · road 0.31 · starved  1628 · nobles  -6.7 · read 118.6 · walls  5.4 · fell 74.6% (mother 22.7%) · prince  0.0% · king  0.0% · crowned  0.0% · 4.2s
try  4 · gen   16 · best     37.9 · elite    -25.7 · median    -90.4 · years  44.6 · road 0.28 · starved  1682 · nobles  -2.3 · read 95.0 · walls  3.3 · fell 86.3% (mother 25.0%) · prince  0.0% · king  0.0% · crowned  0.0% · 4.2s
try  5 · gen   16 · best     90.2 · elite      3.2 · median    -78.0 · years  48.3 · road 0.32 · starved  1685 · nobles  -4.2 · read 116.4 · walls  3.1 · fell 79.6% (mother 15.9%) · prince  1.2% · king  0.0% · crowned  0.0% · 4.2s
try  6 · gen   16 · best     27.0 · elite    -16.7 · median    -85.4 · years  43.3 · road 0.30 · starved  1628 · nobles  -4.5 · read 80.3 · walls  5.7 · fell 84.3% (mother 22.5%) · prince  0.0% · king  0.0% · crowned  0.0% · 4.2s
try  7 · gen   16 · best     38.8 · elite     -6.8 · median    -74.6 · years  48.9 · road 0.29 · starved  1464 · nobles  -3.9 · read 96.1 · walls  4.6 · fell 76.3% (mother 25.3%) · prince  0.1% · king  0.0% · crowned  0.0% · 4.2s
try  8 · gen   16 · best     35.5 · elite    -18.2 · median    -89.4 · years  48.1 · road 0.30 · starved  1776 · nobles  -4.6 · read 111.7 · walls  6.5 · fell 78.2% (mother 17.9%) · prince  0.0% · king  0.0% · crowned  0.0% · 4.2s
try  1 · gen   17 · best     55.7 · elite     -9.8 · median    -80.7 · years  42.7 · road 0.29 · starved  1488 · nobles  -3.5 · read 117.7 · walls  4.0 · fell 88.0% (mother 32.8%) · prince  0.3% · king  0.0% · crowned  0.0% · 4.2s
try  2 · gen   17 · best     30.8 · elite    -10.3 · median    -76.5 · years  48.7 · road 0.30 · starved  1580 · nobles  -4.8 · read 126.3 · walls  5.1 · fell 77.1% (mother 20.0%) · prince  0.1% · king  0.0% · crowned  0.0% · 4.2s
try  3 · gen   17 · best     55.5 · elite     -9.6 · median    -78.1 · years  47.2 · road 0.31 · starved  1574 · nobles  -6.5 · read 116.0 · walls  5.2 · fell 75.7% (mother 22.5%) · prince  0.0% · king  0.0% · crowned  0.0% · 4.2s
try  4 · gen   17 · best     58.5 · elite    -22.8 · median    -89.9 · years  43.1 · road 0.28 · starved  1629 · nobles  -2.3 · read 92.5 · walls  3.5 · fell 85.2% (mother 22.6%) · prince  0.1% · king  0.0% · crowned  0.0% · 4.2s
try  5 · gen   17 · best     66.5 · elite      0.1 · median    -77.3 · years  47.3 · road 0.32 · starved  1648 · nobles  -3.8 · read 114.4 · walls  3.2 · fell 81.3% (mother 20.4%) · prince  1.5% · king  0.1% · crowned  0.0% · 4.2s
try  6 · gen   17 · best     17.3 · elite    -15.2 · median    -82.0 · years  44.5 · road 0.31 · starved  1626 · nobles  -5.2 · read 76.9 · walls  6.0 · fell 84.3% (mother 21.2%) · prince  0.0% · king  0.0% · crowned  0.0% · 4.2s
try  7 · gen   17 · best     68.5 · elite     -2.5 · median    -67.2 · years  48.6 · road 0.31 · starved  1478 · nobles  -5.0 · read 88.3 · walls  4.9 · fell 76.3% (mother 26.6%) · prince  0.2% · king  0.0% · crowned  0.0% · 4.2s
try  8 · gen   17 · best     59.6 · elite    -14.9 · median    -86.1 · years  51.0 · road 0.30 · starved  1808 · nobles  -4.1 · read 123.6 · walls  6.5 · fell 77.0% (mother 14.5%) · prince  0.2% · king  0.0% · crowned  0.0% · 4.2s
try  1 · gen   18 · best     47.8 · elite     -4.6 · median    -77.0 · years  43.0 · road 0.30 · starved  1448 · nobles  -3.8 · read 115.6 · walls  4.3 · fell 87.4% (mother 29.0%) · prince  0.6% · king  0.0% · crowned  0.0% · 4.2s
try  2 · gen   18 · best     61.4 · elite     -6.4 · median    -77.4 · years  48.3 · road 0.30 · starved  1563 · nobles  -4.8 · read 119.8 · walls  5.0 · fell 76.2% (mother 20.6%) · prince  0.2% · king  0.0% · crowned  0.0% · 4.2s
try  3 · gen   18 · best     47.1 · elite     -6.9 · median    -78.6 · years  47.2 · road 0.31 · starved  1567 · nobles  -6.6 · read 114.2 · walls  5.3 · fell 76.4% (mother 22.2%) · prince  0.0% · king  0.0% · crowned  0.0% · 4.2s
try  4 · gen   18 · best    106.1 · elite    -16.6 · median    -83.2 · years  43.9 · road 0.29 · starved  1594 · nobles  -2.6 · read 93.2 · walls  3.8 · fell 85.9% (mother 24.6%) · prince  0.3% · king  0.0% · crowned  0.0% (median year 87) · 4.2s
try  5 · gen   18 · best    132.7 · elite     11.3 · median    -76.4 · years  47.2 · road 0.32 · starved  1637 · nobles  -3.5 · read 114.0 · walls  3.4 · fell 81.5% (mother 17.7%) · prince  2.4% · king  0.1% · crowned  0.0% · 4.2s
try  6 · gen   18 · best     44.2 · elite    -15.8 · median    -84.0 · years  42.4 · road 0.31 · starved  1602 · nobles  -5.1 · read 74.3 · walls  5.9 · fell 85.0% (mother 23.7%) · prince  0.1% · king  0.0% · crowned  0.0% · 4.2s
try  7 · gen   18 · best     46.4 · elite      2.4 · median    -60.8 · years  49.0 · road 0.32 · starved  1438 · nobles  -6.1 · read 86.6 · walls  5.3 · fell 74.2% (mother 23.1%) · prince  0.1% · king  0.0% · crowned  0.0% · 4.2s
try  8 · gen   18 · best     48.3 · elite     -8.1 · median    -86.3 · years  49.3 · road 0.29 · starved  1738 · nobles  -3.4 · read 120.3 · walls  6.0 · fell 78.0% (mother 13.3%) · prince  0.8% · king  0.0% · crowned  0.0% · 4.2s
try  1 · gen   19 · best     90.2 · elite     -2.2 · median    -72.1 · years  43.1 · road 0.31 · starved  1428 · nobles  -3.9 · read 114.1 · walls  4.3 · fell 88.1% (mother 31.0%) · prince  0.8% · king  0.0% · crowned  0.0% · 4.2s
try  2 · gen   19 · best     72.0 · elite      1.8 · median    -69.0 · years  50.4 · road 0.31 · starved  1531 · nobles  -5.2 · read 124.2 · walls  5.4 · fell 75.5% (mother 21.1%) · prince  0.3% · king  0.0% · crowned  0.0% · 4.2s
try  3 · gen   19 · best     51.2 · elite     -7.5 · median    -77.3 · years  46.2 · road 0.32 · starved  1549 · nobles  -6.3 · read 113.0 · walls  5.4 · fell 76.1% (mother 20.6%) · prince  0.0% · king  0.0% · crowned  0.0% · 4.2s
try  4 · gen   19 · best     88.8 · elite     -8.9 · median    -80.3 · years  44.0 · road 0.30 · starved  1554 · nobles  -2.7 · read 95.4 · walls  3.9 · fell 85.6% (mother 25.0%) · prince  0.7% · king  0.1% · crowned  0.0% (median year 76) · 4.2s
try  5 · gen   19 · best    118.9 · elite     18.5 · median    -70.1 · years  46.9 · road 0.32 · starved  1570 · nobles  -3.5 · read 110.5 · walls  3.6 · fell 81.5% (mother 20.5%) · prince  3.4% · king  0.2% · crowned  0.0% · 4.2s
try  6 · gen   19 · best     25.8 · elite    -14.9 · median    -80.9 · years  41.8 · road 0.31 · starved  1530 · nobles  -4.7 · read 79.2 · walls  6.0 · fell 85.6% (mother 26.2%) · prince  0.2% · king  0.0% · crowned  0.0% · 4.2s
try  7 · gen   19 · best     45.8 · elite      9.0 · median    -57.1 · years  50.3 · road 0.33 · starved  1420 · nobles  -7.3 · read 86.2 · walls  5.5 · fell 69.7% (mother 19.3%) · prince  0.2% · king  0.0% · crowned  0.0% · 4.2s
try  8 · gen   19 · best     75.5 · elite     -7.2 · median    -86.5 · years  47.8 · road 0.29 · starved  1709 · nobles  -3.2 · read 117.7 · walls  5.6 · fell 79.9% (mother 15.7%) · prince  1.4% · king  0.1% · crowned  0.0% · 4.2s
try  1 · gen   20 · best    100.7 · elite      4.9 · median    -69.0 · years  42.6 · road 0.31 · starved  1378 · nobles  -4.0 · read 109.6 · walls  4.4 · fell 87.2% (mother 29.8%) · prince  0.9% · king  0.0% · crowned  0.0% · 4.2s
try  2 · gen   20 · best     67.1 · elite      8.2 · median    -65.2 · years  49.6 · road 0.31 · starved  1456 · nobles  -5.2 · read 118.3 · walls  5.6 · fell 76.5% (mother 23.6%) · prince  0.4% · king  0.0% · crowned  0.0% · 4.2s
try  3 · gen   20 · best     53.7 · elite     -1.9 · median    -76.9 · years  45.5 · road 0.31 · starved  1464 · nobles  -6.3 · read 110.6 · walls  4.9 · fell 76.0% (mother 21.6%) · prince  0.0% · king  0.0% · crowned  0.0% · 4.2s
try  4 · gen   20 · best     80.5 · elite      0.5 · median    -74.2 · years  43.7 · road 0.31 · starved  1518 · nobles  -2.9 · read 91.3 · walls  4.1 · fell 87.3% (mother 25.7%) · prince  1.1% · king  0.1% · crowned  0.0% (median year 72) · 4.2s
try  5 · gen   20 · best    156.9 · elite     30.3 · median    -66.2 · years  46.6 · road 0.33 · starved  1535 · nobles  -3.3 · read 109.5 · walls  3.3 · fell 82.2% (mother 16.9%) · prince  4.7% · king  0.5% · crowned  0.0% · 4.2s
try  6 · gen   20 · best     57.8 · elite     -8.8 · median    -77.7 · years  43.8 · road 0.31 · starved  1523 · nobles  -4.1 · read 88.7 · walls  5.7 · fell 83.9% (mother 27.4%) · prince  0.2% · king  0.0% · crowned  0.0% · 4.2s
try  7 · gen   20 · best     90.8 · elite     11.0 · median    -56.9 · years  49.6 · road 0.34 · starved  1403 · nobles  -7.8 · read 80.6 · walls  5.5 · fell 69.4% (mother 21.2%) · prince  0.4% · king  0.0% · crowned  0.0% · 4.2s
try  8 · gen   20 · best     67.2 · elite     -4.0 · median    -84.3 · years  45.8 · road 0.29 · starved  1641 · nobles  -3.0 · read 110.6 · walls  5.6 · fell 83.3% (mother 19.7%) · prince  2.5% · king  0.2% · crowned  0.0% · 4.2s
try  1 · gen   21 · best    109.3 · elite      6.0 · median    -64.4 · years  42.2 · road 0.32 · starved  1365 · nobles  -4.3 · read 102.3 · walls  4.4 · fell 88.1% (mother 27.6%) · prince  1.1% · king  0.0% · crowned  0.0% · 4.2s
try  2 · gen   21 · best     75.4 · elite     16.5 · median    -64.7 · years  49.8 · road 0.32 · starved  1426 · nobles  -5.3 · read 115.2 · walls  5.9 · fell 75.6% (mother 21.9%) · prince  0.5% · king  0.0% · crowned  0.0% · 4.2s
try  3 · gen   21 · best     60.3 · elite      0.3 · median    -68.3 · years  48.6 · road 0.32 · starved  1470 · nobles  -6.8 · read 117.3 · walls  5.3 · fell 71.9% (mother 19.2%) · prince  0.0% · king  0.0% · crowned  0.0% · 4.2s
try  4 · gen   21 · best    130.9 · elite     -6.0 · median    -74.5 · years  41.6 · road 0.30 · starved  1474 · nobles  -2.6 · read 88.7 · walls  3.8 · fell 87.5% (mother 25.3%) · prince  1.4% · king  0.1% · crowned  0.0% (median year 80) · 4.2s
try  5 · gen   21 · best    199.7 · elite     34.6 · median    -62.6 · years  44.4 · road 0.33 · starved  1459 · nobles  -3.2 · read 101.6 · walls  3.4 · fell 83.1% (mother 20.5%) · prince  5.1% · king  0.6% · crowned  0.1% (median year 96) · 4.2s
try  6 · gen   21 · best     50.6 · elite     -5.9 · median    -75.1 · years  45.1 · road 0.31 · starved  1543 · nobles  -3.8 · read 94.5 · walls  5.7 · fell 82.2% (mother 24.6%) · prince  0.2% · king  0.0% · crowned  0.0% · 4.2s
try  7 · gen   21 · best     49.4 · elite      7.8 · median    -55.9 · years  49.1 · road 0.35 · starved  1409 · nobles  -8.1 · read 74.6 · walls  5.6 · fell 71.7% (mother 24.3%) · prince  0.5% · king  0.0% · crowned  0.0% · 4.2s
try  8 · gen   21 · best     79.1 · elite      1.9 · median    -79.4 · years  44.8 · road 0.30 · starved  1599 · nobles  -3.1 · read 105.5 · walls  5.7 · fell 84.5% (mother 24.7%) · prince  3.7% · king  0.3% · crowned  0.0% · 4.2s
try  1 · gen   22 · best    107.1 · elite     12.6 · median    -66.1 · years  40.7 · road 0.32 · starved  1356 · nobles  -4.4 · read 96.2 · walls  4.1 · fell 88.9% (mother 25.8%) · prince  1.6% · king  0.0% · crowned  0.0% · 4.2s
try  2 · gen   22 · best     67.8 · elite     16.7 · median    -60.8 · years  49.3 · road 0.32 · starved  1412 · nobles  -5.5 · read 115.2 · walls  6.1 · fell 76.6% (mother 21.3%) · prince  0.8% · king  0.0% · crowned  0.0% · 4.2s
try  3 · gen   22 · best     60.1 · elite      5.9 · median    -66.8 · years  49.2 · road 0.32 · starved  1449 · nobles  -7.2 · read 116.1 · walls  5.4 · fell 69.8% (mother 19.3%) · prince  0.0% · king  0.0% · crowned  0.0% · 4.2s
try  4 · gen   22 · best    295.0 · elite      7.4 · median    -75.9 · years  41.6 · road 0.31 · starved  1497 · nobles  -2.6 · read 86.4 · walls  3.8 · fell 86.7% (mother 26.5%) · prince  2.1% · king  0.2% · crowned  0.1% (median year 74) · 4.2s
try  5 · gen   22 · best    331.1 · elite     52.5 · median    -62.4 · years  43.7 · road 0.34 · starved  1465 · nobles  -3.1 · read 95.9 · walls  3.6 · fell 84.0% (mother 18.5%) · prince  5.3% · king  0.8% · crowned  0.2% (median year 86) · 4.2s
try  6 · gen   22 · best     68.8 · elite      1.2 · median    -71.7 · years  48.2 · road 0.33 · starved  1573 · nobles  -4.5 · read 106.1 · walls  5.8 · fell 80.9% (mother 26.6%) · prince  0.4% · king  0.0% · crowned  0.0% · 4.2s
try  7 · gen   22 · best     70.4 · elite     15.2 · median    -52.7 · years  48.2 · road 0.35 · starved  1341 · nobles  -8.3 · read 67.3 · walls  5.7 · fell 72.1% (mother 23.2%) · prince  0.6% · king  0.0% · crowned  0.0% · 4.2s
try  8 · gen   22 · best    114.0 · elite     13.2 · median    -76.6 · years  45.1 · road 0.30 · starved  1605 · nobles  -3.0 · read 102.6 · walls  5.8 · fell 82.8% (mother 22.5%) · prince  4.4% · king  0.3% · crowned  0.0% · 4.2s
try  1 · gen   23 · best    115.9 · elite     25.0 · median    -61.7 · years  40.2 · road 0.33 · starved  1301 · nobles  -4.6 · read 93.9 · walls  4.2 · fell 88.5% (mother 28.9%) · prince  1.9% · king  0.1% · crowned  0.0% · 4.1s
try  2 · gen   23 · best     72.1 · elite     16.7 · median    -58.3 · years  47.0 · road 0.32 · starved  1303 · nobles  -5.2 · read 110.4 · walls  6.0 · fell 77.2% (mother 22.4%) · prince  0.9% · king  0.0% · crowned  0.0% · 4.1s
try  3 · gen   23 · best     75.1 · elite     10.9 · median    -61.9 · years  49.3 · road 0.33 · starved  1404 · nobles  -7.6 · read 113.0 · walls  5.6 · fell 69.6% (mother 21.3%) · prince  0.0% · king  0.0% · crowned  0.0% · 4.1s
try  4 · gen   23 · best    296.6 · elite     23.5 · median    -66.9 · years  41.9 · road 0.32 · starved  1455 · nobles  -2.6 · read 84.8 · walls  4.1 · fell 87.8% (mother 27.4%) · prince  3.0% · king  0.4% · crowned  0.2% (median year 72) · 4.1s
try  5 · gen   23 · best    306.2 · elite     64.5 · median    -59.4 · years  42.7 · road 0.34 · starved  1479 · nobles  -3.1 · read 93.3 · walls  3.4 · fell 84.7% (mother 21.1%) · prince  6.0% · king  1.5% · crowned  0.4% (median year 83) · 4.1s
try  6 · gen   23 · best     71.2 · elite      6.0 · median    -69.0 · years  47.5 · road 0.33 · starved  1526 · nobles  -4.7 · read 106.3 · walls  5.9 · fell 79.6% (mother 25.4%) · prince  0.6% · king  0.0% · crowned  0.0% · 4.1s
try  7 · gen   23 · best     64.2 · elite     18.5 · median    -48.6 · years  48.9 · road 0.35 · starved  1321 · nobles  -8.6 · read 65.7 · walls  5.9 · fell 72.6% (mother 23.0%) · prince  0.6% · king  0.0% · crowned  0.0% · 4.1s
try  8 · gen   23 · best    122.9 · elite     11.9 · median    -74.8 · years  43.9 · road 0.30 · starved  1584 · nobles  -3.1 · read 95.6 · walls  6.0 · fell 83.0% (mother 21.6%) · prince  5.1% · king  0.6% · crowned  0.0% · 4.1s
try  1 · gen   24 · best    214.7 · elite     37.8 · median    -56.9 · years  39.5 · road 0.33 · starved  1248 · nobles  -3.7 · read 90.6 · walls  4.3 · fell 87.5% (mother 27.7%) · prince  3.0% · king  0.3% · crowned  0.0% · 4.2s
try  2 · gen   24 · best    121.1 · elite     24.4 · median    -54.9 · years  47.9 · road 0.32 · starved  1285 · nobles  -5.7 · read 109.4 · walls  6.0 · fell 77.8% (mother 21.8%) · prince  1.0% · king  0.1% · crowned  0.0% · 4.2s
try  3 · gen   24 · best     80.2 · elite     17.9 · median    -59.3 · years  50.5 · road 0.34 · starved  1465 · nobles  -8.2 · read 111.7 · walls  5.7 · fell 70.8% (mother 25.8%) · prince  0.1% · king  0.0% · crowned  0.0% · 4.2s
try  4 · gen   24 · best    161.5 · elite     10.7 · median    -74.9 · years  38.9 · road 0.31 · starved  1485 · nobles  -2.7 · read 74.8 · walls  3.5 · fell 88.6% (mother 26.2%) · prince  2.8% · king  0.4% · crowned  0.1% (median year 79) · 4.2s
try  5 · gen   24 · best    552.1 · elite     69.9 · median    -59.4 · years  40.8 · road 0.33 · starved  1431 · nobles  -2.7 · read 88.9 · walls  3.3 · fell 84.8% (mother 21.0%) · prince  6.1% · king  1.5% · crowned  0.5% (median year 88) · 4.2s
try  6 · gen   24 · best     77.1 · elite     12.6 · median    -62.1 · years  48.0 · road 0.34 · starved  1481 · nobles  -5.5 · read 105.2 · walls  6.1 · fell 78.4% (mother 26.4%) · prince  0.6% · king  0.0% · crowned  0.0% · 4.2s
try  7 · gen   24 · best    102.2 · elite     23.9 · median    -48.3 · years  47.6 · road 0.35 · starved  1247 · nobles  -8.7 · read 61.8 · walls  5.8 · fell 74.3% (mother 24.9%) · prince  0.6% · king  0.0% · crowned  0.0% · 4.2s
try  8 · gen   24 · best    131.5 · elite     35.4 · median    -66.8 · years  46.6 · road 0.33 · starved  1568 · nobles  -3.4 · read 94.4 · walls  6.9 · fell 81.9% (mother 23.9%) · prince  7.2% · king  0.9% · crowned  0.0% (median year 91) · 4.2s
try  1 · gen   25 · best    182.4 · elite     55.6 · median    -51.4 · years  40.3 · road 0.34 · starved  1216 · nobles  -3.1 · read 88.9 · walls  4.3 · fell 87.1% (mother 27.1%) · prince  4.1% · king  0.3% · crowned  0.0% (median year 93) · 4.3s
try  2 · gen   25 · best     96.1 · elite     27.0 · median    -51.6 · years  48.5 · road 0.32 · starved  1242 · nobles  -5.8 · read 111.5 · walls  5.9 · fell 77.3% (mother 22.8%) · prince  1.0% · king  0.1% · crowned  0.0% · 4.3s
try  3 · gen   25 · best     98.5 · elite     19.3 · median    -56.4 · years  49.6 · road 0.35 · starved  1376 · nobles  -8.0 · read 106.8 · walls  5.7 · fell 71.9% (mother 25.8%) · prince  0.2% · king  0.0% · crowned  0.0% · 4.3s
try  4 · gen   25 · best    280.4 · elite     39.6 · median    -71.2 · years  40.8 · road 0.32 · starved  1513 · nobles  -3.2 · read 75.9 · walls  3.7 · fell 87.7% (mother 26.2%) · prince  4.6% · king  0.8% · crowned  0.3% (median year 74) · 4.3s
try  5 · gen   25 · best    378.8 · elite     97.9 · median    -58.2 · years  41.0 · road 0.34 · starved  1501 · nobles  -2.5 · read 87.5 · walls  3.3 · fell 85.3% (mother 21.0%) · prince  7.4% · king  2.2% · crowned  0.9% (median year 78) · 4.3s
try  6 · gen   25 · best    103.0 · elite     15.3 · median    -62.2 · years  46.8 · road 0.35 · starved  1424 · nobles  -5.4 · read 103.5 · walls  6.0 · fell 77.9% (mother 29.1%) · prince  1.1% · king  0.1% · crowned  0.0% · 4.3s
try  7 · gen   25 · best    128.0 · elite     28.7 · median    -46.3 · years  48.5 · road 0.35 · starved  1205 · nobles  -8.5 · read 64.8 · walls  5.5 · fell 72.4% (mother 24.4%) · prince  0.8% · king  0.0% · crowned  0.0% (median year 73) · 4.3s
try  8 · gen   25 · best    245.5 · elite     38.2 · median    -63.6 · years  45.8 · road 0.33 · starved  1570 · nobles  -3.2 · read 94.3 · walls  7.1 · fell 82.9% (mother 26.2%) · prince  7.8% · king  1.4% · crowned  0.2% (median year 90) · 4.3s
try  1 · gen   26 · best    187.7 · elite     68.6 · median    -52.2 · years  40.3 · road 0.34 · starved  1208 · nobles  -2.4 · read 88.1 · walls  3.9 · fell 85.3% (mother 24.9%) · prince  5.0% · king  0.4% · crowned  0.1% (median year 64) · 4.5s
try  2 · gen   26 · best    102.3 · elite     37.4 · median    -47.6 · years  50.9 · road 0.33 · starved  1245 · nobles  -6.2 · read 116.3 · walls  6.1 · fell 74.0% (mother 21.5%) · prince  1.0% · king  0.1% · crowned  0.0% · 4.5s
try  3 · gen   26 · best    117.9 · elite     23.3 · median    -52.4 · years  50.3 · road 0.35 · starved  1368 · nobles  -8.4 · read 108.2 · walls  5.8 · fell 71.0% (mother 23.3%) · prince  0.3% · king  0.0% · crowned  0.0% · 4.5s
try  4 · gen   26 · best    387.6 · elite     44.8 · median    -71.3 · years  39.4 · road 0.32 · starved  1528 · nobles  -3.3 · read 73.0 · walls  3.6 · fell 87.0% (mother 23.0%) · prince  6.8% · king  1.0% · crowned  0.3% (median year 69) · 4.5s
try  5 · gen   26 · best    458.0 · elite    129.2 · median    -62.7 · years  39.0 · road 0.33 · starved  1442 · nobles  -1.9 · read 85.8 · walls  2.8 · fell 86.2% (mother 19.0%) · prince  7.3% · king  2.8% · crowned  1.6% (median year 74) · 4.5s
try  6 · gen   26 · best    139.2 · elite     16.3 · median    -56.9 · years  48.2 · road 0.35 · starved  1439 · nobles  -5.7 · read 105.7 · walls  6.0 · fell 77.6% (mother 25.6%) · prince  1.6% · king  0.1% · crowned  0.0% (median year 99) · 4.5s
try  7 · gen   26 · best    121.2 · elite     33.3 · median    -45.9 · years  49.0 · road 0.35 · starved  1260 · nobles  -8.8 · read 65.0 · walls  5.6 · fell 72.1% (mother 24.4%) · prince  1.2% · king  0.2% · crowned  0.0% (median year 99) · 4.5s
try  8 · gen   26 · best    179.2 · elite     46.5 · median    -64.6 · years  43.7 · road 0.33 · starved  1503 · nobles  -3.1 · read 91.0 · walls  6.8 · fell 84.4% (mother 25.9%) · prince  7.7% · king  1.7% · crowned  0.2% (median year 83) · 4.5s
try  1 · gen   27 · best    136.9 · elite     70.0 · median    -47.3 · years  40.6 · road 0.34 · starved  1227 · nobles  -2.1 · read 86.4 · walls  3.8 · fell 86.5% (mother 24.1%) · prince  5.8% · king  0.4% · crowned  0.1% (median year 91) · 4.7s
try  2 · gen   27 · best    139.9 · elite     39.3 · median    -44.0 · years  51.7 · road 0.33 · starved  1217 · nobles  -6.4 · read 119.9 · walls  6.3 · fell 72.2% (mother 20.6%) · prince  0.9% · king  0.0% · crowned  0.0% · 4.7s
try  3 · gen   27 · best     86.7 · elite     24.5 · median    -52.7 · years  50.9 · road 0.35 · starved  1378 · nobles  -8.6 · read 109.6 · walls  5.7 · fell 71.0% (mother 20.5%) · prince  0.4% · king  0.0% · crowned  0.0% · 4.7s
try  4 · gen   27 · best    366.6 · elite     65.4 · median    -70.2 · years  38.7 · road 0.31 · starved  1479 · nobles  -3.1 · read 67.2 · walls  4.3 · fell 85.5% (mother 21.2%) · prince  7.8% · king  1.4% · crowned  0.5% (median year 70) · 4.7s
try  5 · gen   27 · best    743.0 · elite    194.7 · median    -59.5 · years  37.2 · road 0.33 · starved  1515 · nobles  -1.2 · read 83.1 · walls  2.7 · fell 86.4% (mother 20.1%) · prince  8.3% · king  4.2% · crowned  2.9% (median year 69) · 4.7s
try  6 · gen   27 · best     89.0 · elite     21.4 · median    -54.0 · years  48.7 · road 0.35 · starved  1405 · nobles  -6.1 · read 106.6 · walls  6.0 · fell 76.8% (mother 27.6%) · prince  1.0% · king  0.1% · crowned  0.0% · 4.7s
try  7 · gen   27 · best    187.1 · elite     44.1 · median    -42.9 · years  50.1 · road 0.36 · starved  1266 · nobles  -9.3 · read 67.6 · walls  5.5 · fell 70.5% (mother 24.2%) · prince  1.8% · king  0.2% · crowned  0.1% (median year 81) · 4.7s
try  8 · gen   27 · best    148.4 · elite     40.5 · median    -61.0 · years  43.3 · road 0.33 · starved  1462 · nobles  -3.5 · read 92.9 · walls  6.7 · fell 86.4% (mother 27.0%) · prince  7.5% · king  1.6% · crowned  0.2% (median year 80) · 4.7s
try  1 · gen   28 · best    356.0 · elite     79.7 · median    -43.7 · years  39.5 · road 0.34 · starved  1192 · nobles  -1.9 · read 81.9 · walls  3.7 · fell 85.6% (mother 23.5%) · prince  6.3% · king  0.6% · crowned  0.2% (median year 67) · 4.9s
try  2 · gen   28 · best    100.2 · elite     36.7 · median    -43.6 · years  51.8 · road 0.33 · starved  1220 · nobles  -6.4 · read 118.2 · walls  6.3 · fell 71.2% (mother 21.5%) · prince  0.9% · king  0.1% · crowned  0.0% · 4.9s
try  3 · gen   28 · best    126.1 · elite     32.0 · median    -50.2 · years  50.8 · road 0.36 · starved  1343 · nobles  -8.2 · read 108.0 · walls  5.7 · fell 72.2% (mother 21.7%) · prince  1.1% · king  0.1% · crowned  0.0% · 4.9s
try  4 · gen   28 · best    239.4 · elite     49.1 · median    -62.4 · years  42.7 · road 0.30 · starved  1478 · nobles  -3.2 · read 67.7 · walls  5.1 · fell 81.4% (mother 18.9%) · prince  6.4% · king  1.0% · crowned  0.3% (median year 67) · 4.9s
try  5 · gen   28 · best    572.9 · elite    254.5 · median    -56.4 · years  35.3 · road 0.34 · starved  1369 · nobles  -0.8 · read 73.7 · walls  2.4 · fell 85.5% (mother 19.8%) · prince  8.3% · king  5.5% · crowned  4.4% (median year 64) · 4.9s
try  6 · gen   28 · best    100.3 · elite     25.5 · median    -51.3 · years  48.6 · road 0.36 · starved  1366 · nobles  -6.0 · read 101.9 · walls  6.1 · fell 75.6% (mother 26.1%) · prince  0.6% · king  0.1% · crowned  0.0% · 4.9s
try  7 · gen   28 · best    229.8 · elite     50.9 · median    -39.1 · years  48.1 · road 0.36 · starved  1244 · nobles  -8.8 · read 60.9 · walls  5.4 · fell 74.6% (mother 28.2%) · prince  3.1% · king  0.4% · crowned  0.1% (median year 73) · 4.9s
try  8 · gen   28 · best    205.0 · elite     45.6 · median    -58.1 · years  43.6 · road 0.33 · starved  1423 · nobles  -3.7 · read 93.0 · walls  6.7 · fell 84.9% (mother 27.6%) · prince  7.2% · king  1.3% · crowned  0.3% (median year 85) · 4.9s
try  1 · gen   29 · best    476.8 · elite     88.7 · median    -40.6 · years  39.5 · road 0.34 · starved  1134 · nobles  -2.6 · read 79.3 · walls  3.7 · fell 86.3% (mother 27.0%) · prince  6.8% · king  0.9% · crowned  0.3% (median year 79) · 5.3s
try  2 · gen   29 · best    108.4 · elite     45.7 · median    -38.0 · years  54.8 · road 0.33 · starved  1202 · nobles  -7.1 · read 127.9 · walls  6.6 · fell 67.2% (mother 21.2%) · prince  0.8% · king  0.1% · crowned  0.0% (median year 85) · 5.3s
try  3 · gen   29 · best     96.8 · elite     34.3 · median    -47.6 · years  49.6 · road 0.36 · starved  1354 · nobles  -7.7 · read 102.3 · walls  5.8 · fell 73.0% (mother 21.2%) · prince  1.9% · king  0.1% · crowned  0.0% · 5.3s
try  4 · gen   29 · best    273.1 · elite     69.6 · median    -63.1 · years  43.2 · road 0.30 · starved  1391 · nobles  -3.4 · read 66.1 · walls  5.7 · fell 79.9% (mother 19.0%) · prince  4.5% · king  0.9% · crowned  0.5% (median year 60) · 5.3s
try  5 · gen   29 · best    675.7 · elite    299.1 · median    -46.6 · years  34.6 · road 0.35 · starved  1279 · nobles  -0.5 · read 70.3 · walls  2.6 · fell 85.0% (mother 20.1%) · prince 10.2% · king  7.2% · crowned  6.1% (median year 61) · 5.3s
try  6 · gen   29 · best    115.4 · elite     31.6 · median    -50.0 · years  48.7 · road 0.35 · starved  1340 · nobles  -6.1 · read 100.1 · walls  6.1 · fell 76.2% (mother 22.9%) · prince  0.5% · king  0.1% · crowned  0.0% (median year 99) · 5.3s
try  7 · gen   29 · best    419.3 · elite     61.1 · median    -37.9 · years  46.3 · road 0.36 · starved  1210 · nobles  -8.3 · read 55.0 · walls  5.3 · fell 78.4% (mother 27.5%) · prince  5.1% · king  0.8% · crowned  0.2% (median year 81) · 5.3s
try  8 · gen   29 · best    404.7 · elite     63.7 · median    -51.8 · years  43.5 · road 0.34 · starved  1442 · nobles  -4.0 · read 89.2 · walls  6.9 · fell 86.2% (mother 31.2%) · prince  8.4% · king  1.4% · crowned  0.3% (median year 78) · 5.3s
try  1 · gen   30 · best    483.2 · elite    110.6 · median    -41.2 · years  38.3 · road 0.34 · starved  1094 · nobles  -2.8 · read 78.4 · walls  3.2 · fell 86.5% (mother 26.4%) · prince  6.5% · king  1.2% · crowned  0.5% (median year 74) · 4.4s
try  2 · gen   30 · best    114.0 · elite     51.7 · median    -32.2 · years  54.4 · road 0.33 · starved  1117 · nobles  -6.5 · read 127.0 · walls  6.3 · fell 66.9% (mother 20.8%) · prince  0.9% · king  0.2% · crowned  0.1% (median year 99) · 4.4s
try  3 · gen   30 · best    169.6 · elite     43.2 · median    -45.1 · years  49.3 · road 0.36 · starved  1306 · nobles  -7.4 · read 97.7 · walls  5.8 · fell 74.1% (mother 20.8%) · prince  2.7% · king  0.1% · crowned  0.0% (median year 99) · 4.4s
try  4 · gen   30 · best    282.6 · elite     62.6 · median    -53.0 · years  43.4 · road 0.30 · starved  1299 · nobles  -3.2 · read 63.4 · walls  6.0 · fell 80.3% (mother 17.2%) · prince  4.0% · king  0.9% · crowned  0.4% (median year 55) · 4.4s
try  5 · gen   30 · best    890.0 · elite    343.2 · median    -46.2 · years  33.1 · road 0.35 · starved  1261 · nobles  -0.5 · read 65.2 · walls  2.6 · fell 84.2% (mother 18.1%) · prince 10.6% · king  7.9% · crowned  6.7% (median year 60) · 4.4s
try  6 · gen   30 · best    122.5 · elite     35.1 · median    -53.1 · years  46.6 · road 0.34 · starved  1280 · nobles  -5.7 · read 89.8 · walls  6.2 · fell 78.3% (mother 19.7%) · prince  0.4% · king  0.0% · crowned  0.0% · 4.4s
try  7 · gen   30 · best    347.9 · elite     88.4 · median    -37.0 · years  42.4 · road 0.35 · starved  1127 · nobles  -6.9 · read 44.5 · walls  4.8 · fell 81.6% (mother 30.1%) · prince  7.4% · king  1.3% · crowned  0.6% (median year 81) · 4.4s
try  8 · gen   30 · best    285.6 · elite     60.8 · median    -49.7 · years  43.3 · road 0.34 · starved  1400 · nobles  -3.7 · read 91.9 · walls  6.9 · fell 85.1% (mother 28.8%) · prince  8.0% · king  1.4% · crowned  0.3% (median year 72) · 4.4s
try  1 · gen   31 · best    394.8 · elite    124.1 · median    -34.7 · years  38.7 · road 0.34 · starved  1082 · nobles  -1.7 · read 76.9 · walls  3.0 · fell 85.9% (mother 24.9%) · prince  7.5% · king  2.0% · crowned  0.8% (median year 69) · 4.6s
try  2 · gen   31 · best    207.3 · elite     59.9 · median    -32.4 · years  54.2 · road 0.33 · starved  1085 · nobles  -6.6 · read 125.9 · walls  6.6 · fell 66.7% (mother 22.7%) · prince  0.9% · king  0.2% · crowned  0.1% (median year 91) · 4.6s
try  3 · gen   31 · best     95.1 · elite     40.1 · median    -46.7 · years  47.7 · road 0.36 · starved  1299 · nobles  -7.2 · read 91.1 · walls  6.1 · fell 74.7% (mother 20.7%) · prince  3.0% · king  0.1% · crowned  0.0% · 4.6s
try  4 · gen   31 · best    577.0 · elite    101.4 · median    -47.3 · years  42.4 · road 0.31 · starved  1291 · nobles  -2.7 · read 59.8 · walls  5.8 · fell 81.9% (mother 19.9%) · prince  6.1% · king  1.5% · crowned  0.8% (median year 52) · 4.6s
try  5 · gen   31 · best    757.8 · elite    341.8 · median    -43.6 · years  32.2 · road 0.34 · starved  1230 · nobles  +0.1 · read 63.0 · walls  2.3 · fell 84.1% (mother 14.1%) · prince 10.5% · king  8.2% · crowned  7.0% (median year 59) · 4.6s
try  6 · gen   31 · best    121.7 · elite     38.2 · median    -45.7 · years  46.6 · road 0.34 · starved  1219 · nobles  -5.6 · read 85.9 · walls  6.2 · fell 77.2% (mother 18.3%) · prince  0.4% · king  0.0% · crowned  0.0% (median year 97) · 4.6s
try  7 · gen   31 · best    312.7 · elite    108.2 · median    -38.0 · years  39.6 · road 0.34 · starved  1140 · nobles  -5.4 · read 36.7 · walls  4.6 · fell 85.6% (mother 34.3%) · prince  9.5% · king  2.2% · crowned  0.9% (median year 81) · 4.6s
try  8 · gen   31 · best    379.1 · elite     58.8 · median    -47.9 · years  42.9 · road 0.34 · starved  1331 · nobles  -3.8 · read 88.3 · walls  7.1 · fell 85.5% (mother 27.0%) · prince  7.8% · king  1.2% · crowned  0.3% (median year 72) · 4.6s
try  1 · gen   32 · best    645.3 · elite    154.6 · median    -37.8 · years  36.5 · road 0.34 · starved  1058 · nobles  -2.3 · read 72.1 · walls  2.9 · fell 88.3% (mother 31.7%) · prince  7.7% · king  2.3% · crowned  1.1% (median year 68) · 4.4s
try  2 · gen   32 · best    202.3 · elite     60.8 · median    -25.9 · years  57.2 · road 0.34 · starved  1097 · nobles  -7.5 · read 131.6 · walls  6.8 · fell 63.2% (mother 21.1%) · prince  0.6% · king  0.2% · crowned  0.1% (median year 81) · 4.4s
try  3 · gen   32 · best    119.1 · elite     47.1 · median    -40.3 · years  47.8 · road 0.37 · starved  1267 · nobles  -7.5 · read 82.9 · walls  6.2 · fell 76.9% (mother 24.9%) · prince  3.7% · king  0.1% · crowned  0.0% · 4.4s
try  4 · gen   32 · best    557.9 · elite    152.9 · median    -45.3 · years  39.2 · road 0.31 · starved  1292 · nobles  -1.8 · read 56.0 · walls  5.3 · fell 82.6% (mother 21.1%) · prince  7.1% · king  2.8% · crowned  1.7% (median year 51) · 4.4s
try  5 · gen   32 · best    642.5 · elite    364.3 · median    -44.6 · years  31.3 · road 0.35 · starved  1215 · nobles  +0.1 · read 58.5 · walls  2.4 · fell 83.2% (mother 16.5%) · prince 11.3% · king  8.8% · crowned  7.4% (median year 56) · 4.4s
try  6 · gen   32 · best    170.6 · elite     43.6 · median    -47.2 · years  46.2 · road 0.34 · starved  1221 · nobles  -5.7 · read 81.0 · walls  6.1 · fell 78.8% (mother 19.5%) · prince  0.6% · king  0.1% · crowned  0.0% · 4.4s
try  7 · gen   32 · best    423.1 · elite    151.6 · median    -37.1 · years  37.8 · road 0.34 · starved  1111 · nobles  -4.5 · read 32.8 · walls  4.9 · fell 87.2% (mother 38.9%) · prince  9.9% · king  3.0% · crowned  1.5% (median year 77) · 4.4s
try  8 · gen   32 · best    286.5 · elite     71.2 · median    -39.2 · years  43.8 · road 0.35 · starved  1300 · nobles  -4.1 · read 87.0 · walls  7.7 · fell 83.6% (mother 27.4%) · prince  7.9% · king  1.0% · crowned  0.3% (median year 74) · 4.4s
try  1 · gen   33 · best    684.4 · elite    171.4 · median    -40.9 · years  35.4 · road 0.33 · starved  1072 · nobles  -1.3 · read 71.1 · walls  2.8 · fell 88.0% (mother 29.1%) · prince  7.6% · king  3.0% · crowned  1.6% (median year 66) · 4.3s
try  2 · gen   33 · best    243.7 · elite     61.9 · median    -24.5 · years  56.8 · road 0.34 · starved  1071 · nobles  -7.4 · read 126.2 · walls  6.9 · fell 63.0% (mother 19.5%) · prince  0.7% · king  0.2% · crowned  0.1% (median year 78) · 4.3s
try  3 · gen   33 · best    141.0 · elite     53.1 · median    -44.0 · years  47.0 · road 0.37 · starved  1289 · nobles  -7.2 · read 79.6 · walls  6.1 · fell 77.8% (mother 22.4%) · prince  3.6% · king  0.2% · crowned  0.0% (median year 87) · 4.3s
try  4 · gen   33 · best    806.9 · elite    216.9 · median    -60.2 · years  33.2 · road 0.31 · starved  1519 · nobles  -0.7 · read 54.3 · walls  3.6 · fell 88.2% (mother 28.8%) · prince  9.7% · king  5.4% · crowned  3.6% (median year 55) · 4.3s
try  5 · gen   33 · best    763.0 · elite    376.3 · median    -49.2 · years  30.7 · road 0.34 · starved  1192 · nobles  +0.5 · read 58.2 · walls  2.4 · fell 83.4% (mother 16.9%) · prince 10.9% · king  8.5% · crowned  7.3% (median year 55) · 4.3s
try  6 · gen   33 · best    197.8 · elite     54.7 · median    -42.8 · years  45.6 · road 0.34 · starved  1146 · nobles  -5.5 · read 74.3 · walls  5.9 · fell 79.2% (mother 19.2%) · prince  0.7% · king  0.2% · crowned  0.1% (median year 76) · 4.3s
try  7 · gen   33 · best    507.8 · elite    174.3 · median    -38.4 · years  36.6 · road 0.34 · starved  1205 · nobles  -4.0 · read 28.7 · walls  4.9 · fell 88.1% (mother 38.9%) · prince 10.0% · king  3.6% · crowned  2.1% (median year 76) · 4.3s
try  8 · gen   33 · best    266.4 · elite     75.3 · median    -33.4 · years  44.1 · road 0.36 · starved  1237 · nobles  -4.2 · read 83.3 · walls  8.2 · fell 84.6% (mother 25.2%) · prince  8.7% · king  0.7% · crowned  0.3% (median year 77) · 4.3s
try  1 · gen   34 · best    616.6 · elite    209.7 · median    -38.6 · years  34.8 · road 0.33 · starved  1075 · nobles  -1.5 · read 69.2 · walls  2.4 · fell 88.6% (mother 34.7%) · prince  9.1% · king  4.0% · crowned  2.7% (median year 67) · 4.1s
try  2 · gen   34 · best    204.9 · elite     74.5 · median    -23.7 · years  57.9 · road 0.35 · starved  1083 · nobles  -7.9 · read 124.9 · walls  7.0 · fell 63.4% (mother 23.7%) · prince  0.4% · king  0.1% · crowned  0.1% (median year 84) · 4.1s
try  3 · gen   34 · best    129.2 · elite     56.8 · median    -39.6 · years  45.4 · road 0.36 · starved  1311 · nobles  -6.4 · read 71.6 · walls  6.0 · fell 80.7% (mother 25.5%) · prince  5.4% · king  0.2% · crowned  0.0% (median year 91) · 4.1s
try  4 · gen   34 · best    912.3 · elite    243.3 · median    -73.1 · years  31.0 · road 0.31 · starved  1498 · nobles  -0.6 · read 54.7 · walls  3.0 · fell 89.0% (mother 32.9%) · prince  9.4% · king  5.7% · crowned  3.9% (median year 54) · 4.1s
try  5 · gen   34 · best    767.4 · elite    377.1 · median    -37.4 · years  30.6 · road 0.34 · starved  1182 · nobles  +0.7 · read 56.1 · walls  2.2 · fell 83.1% (mother 16.8%) · prince 11.0% · king  8.8% · crowned  7.5% (median year 53) · 4.1s
try  6 · gen   34 · best    202.0 · elite     54.9 · median    -41.8 · years  45.3 · road 0.34 · starved  1132 · nobles  -5.0 · read 70.2 · walls  5.7 · fell 79.6% (mother 17.9%) · prince  1.3% · king  0.3% · crowned  0.1% (median year 91) · 4.1s
try  7 · gen   34 · best    543.0 · elite    201.3 · median    -34.4 · years  37.1 · road 0.35 · starved  1221 · nobles  -3.8 · read 29.7 · walls  4.8 · fell 87.0% (mother 36.1%) · prince 10.4% · king  4.4% · crowned  2.6% (median year 74) · 4.1s
try  8 · gen   34 · best    270.9 · elite     80.0 · median    -31.3 · years  44.8 · road 0.36 · starved  1273 · nobles  -3.9 · read 86.3 · walls  8.1 · fell 83.2% (mother 22.1%) · prince  9.7% · king  0.9% · crowned  0.3% (median year 75) · 4.1s
try  1 · gen   35 · best    651.1 · elite    244.6 · median    -37.8 · years  33.6 · road 0.33 · starved  1060 · nobles  -1.2 · read 68.7 · walls  2.3 · fell 89.3% (mother 35.0%) · prince  9.8% · king  5.9% · crowned  3.6% (median year 61) · 4.4s
try  2 · gen   35 · best    138.3 · elite     76.0 · median    -17.8 · years  59.2 · road 0.35 · starved  1053 · nobles  -8.4 · read 122.5 · walls  7.4 · fell 60.9% (mother 19.5%) · prince  0.6% · king  0.3% · crowned  0.1% (median year 90) · 4.4s
try  3 · gen   35 · best    215.3 · elite     65.9 · median    -40.9 · years  46.4 · road 0.36 · starved  1299 · nobles  -6.5 · read 68.8 · walls  5.6 · fell 80.1% (mother 25.1%) · prince  5.6% · king  0.3% · crowned  0.0% (median year 72) · 4.4s
try  4 · gen   35 · best    558.7 · elite    245.5 · median    -57.2 · years  31.0 · road 0.31 · starved  1397 · nobles  +0.1 · read 53.9 · walls  2.8 · fell 88.4% (mother 31.3%) · prince 10.7% · king  6.7% · crowned  4.6% (median year 52) · 4.4s
try  5 · gen   35 · best    775.4 · elite    363.3 · median    -40.2 · years  30.1 · road 0.34 · starved  1179 · nobles  +0.5 · read 53.8 · walls  2.0 · fell 83.4% (mother 19.9%) · prince 11.3% · king  8.8% · crowned  7.2% (median year 52) · 4.4s
try  6 · gen   35 · best    251.9 · elite     60.7 · median    -42.4 · years  44.5 · road 0.33 · starved  1091 · nobles  -4.6 · read 65.8 · walls  5.9 · fell 81.4% (mother 17.5%) · prince  1.2% · king  0.2% · crowned  0.1% (median year 80) · 4.4s
try  7 · gen   35 · best    408.5 · elite    214.2 · median    -25.8 · years  38.5 · road 0.36 · starved  1294 · nobles  -3.3 · read 30.7 · walls  5.3 · fell 87.5% (mother 34.4%) · prince 11.2% · king  4.7% · crowned  3.1% (median year 74) · 4.4s
try  8 · gen   35 · best    302.4 · elite     95.3 · median    -28.0 · years  44.4 · road 0.37 · starved  1241 · nobles  -3.8 · read 82.9 · walls  8.2 · fell 83.6% (mother 24.4%) · prince 10.3% · king  0.9% · crowned  0.5% (median year 80) · 4.4s
try  1 · gen   36 · best    623.5 · elite    243.7 · median    -37.2 · years  32.5 · road 0.33 · starved  1033 · nobles  -0.4 · read 64.8 · walls  1.9 · fell 89.6% (mother 37.1%) · prince 10.8% · king  5.7% · crowned  3.4% (median year 60) · 4.1s
try  2 · gen   36 · best    151.9 · elite     76.7 · median    -11.9 · years  60.3 · road 0.37 · starved  1012 · nobles  -9.2 · read 110.2 · walls  7.5 · fell 60.4% (mother 20.0%) · prince  0.4% · king  0.1% · crowned  0.1% (median year 79) · 4.1s
try  3 · gen   36 · best    212.9 · elite     70.5 · median    -33.5 · years  47.5 · road 0.36 · starved  1196 · nobles  -6.2 · read 65.4 · walls  5.5 · fell 79.2% (mother 23.4%) · prince  5.2% · king  0.3% · crowned  0.0% (median year 56) · 4.1s
try  4 · gen   36 · best    640.9 · elite    261.7 · median    -56.8 · years  31.0 · road 0.31 · starved  1356 · nobles  -0.1 · read 57.6 · walls  2.7 · fell 87.3% (mother 31.1%) · prince 11.0% · king  6.4% · crowned  4.3% (median year 50) · 4.1s
try  5 · gen   36 · best    771.1 · elite    348.3 · median    -40.0 · years  29.1 · road 0.34 · starved  1226 · nobles  +1.1 · read 49.4 · walls  1.9 · fell 85.0% (mother 21.9%) · prince 11.6% · king  9.1% · crowned  7.2% (median year 51) · 4.1s
try  6 · gen   36 · best    268.4 · elite     60.7 · median    -40.0 · years  45.4 · road 0.33 · starved  1102 · nobles  -4.1 · read 68.5 · walls  6.4 · fell 82.2% (mother 19.5%) · prince  1.5% · king  0.2% · crowned  0.1% (median year 66) · 4.1s
try  7 · gen   36 · best    490.3 · elite    223.9 · median    -22.4 · years  38.8 · road 0.36 · starved  1350 · nobles  -3.6 · read 31.6 · walls  5.3 · fell 86.4% (mother 29.7%) · prince 11.4% · king  5.8% · crowned  3.7% (median year 74) · 4.1s
try  8 · gen   36 · best    357.2 · elite    132.9 · median    -24.6 · years  44.2 · road 0.37 · starved  1245 · nobles  -3.4 · read 88.5 · walls  8.1 · fell 84.2% (mother 25.1%) · prince 11.0% · king  1.7% · crowned  1.2% (median year 78) · 4.1s
try  1 · gen   37 · best    677.2 · elite    255.6 · median    -31.1 · years  32.9 · road 0.33 · starved  1038 · nobles  -0.2 · read 65.0 · walls  2.0 · fell 89.3% (mother 37.2%) · prince 11.9% · king  6.3% · crowned  3.8% (median year 60) · 4.0s
try  2 · gen   37 · best    157.0 · elite     82.8 · median     -5.0 · years  62.6 · road 0.38 · starved  1022 · nobles -11.0 · read 106.0 · walls  7.4 · fell 56.4% (mother 20.5%) · prince  0.3% · king  0.1% · crowned  0.0% (median year 100) · 4.0s
try  3 · gen   37 · best    230.8 · elite     82.8 · median    -33.9 · years  47.6 · road 0.36 · starved  1247 · nobles  -6.1 · read 56.2 · walls  5.7 · fell 79.9% (mother 23.6%) · prince  5.0% · king  0.2% · crowned  0.0% (median year 50) · 4.0s
try  4 · gen   37 · best    640.3 · elite    261.4 · median    -65.0 · years  30.4 · road 0.30 · starved  1330 · nobles  +0.2 · read 60.7 · walls  2.2 · fell 88.3% (mother 32.0%) · prince 10.6% · king  5.8% · crowned  4.1% (median year 50) · 4.0s
try  5 · gen   37 · best    869.7 · elite    373.2 · median    -40.6 · years  28.8 · road 0.33 · starved  1221 · nobles  +1.7 · read 49.6 · walls  1.7 · fell 83.3% (mother 19.5%) · prince 11.5% · king  8.6% · crowned  7.2% (median year 49) · 4.0s
try  6 · gen   37 · best    323.3 · elite     64.3 · median    -38.8 · years  44.5 · road 0.32 · starved  1071 · nobles  -3.9 · read 67.8 · walls  6.7 · fell 80.6% (mother 21.1%) · prince  1.3% · king  0.3% · crowned  0.1% (median year 90) · 4.0s
try  7 · gen   37 · best    406.0 · elite    209.5 · median    -19.1 · years  40.3 · road 0.36 · starved  1278 · nobles  -3.6 · read 35.2 · walls  5.3 · fell 85.4% (mother 26.3%) · prince 10.8% · king  5.2% · crowned  3.3% (median year 74) · 4.0s
try  8 · gen   37 · best    500.8 · elite    163.9 · median    -26.8 · years  41.6 · road 0.36 · starved  1207 · nobles  -2.3 · read 88.0 · walls  7.8 · fell 85.4% (mother 29.0%) · prince 10.5% · king  2.8% · crowned  2.1% (median year 73) · 4.0s
try  1 · gen   38 · best    596.9 · elite    258.7 · median    -32.1 · years  32.5 · road 0.33 · starved   999 · nobles  +0.3 · read 64.5 · walls  2.0 · fell 88.2% (mother 36.8%) · prince 11.9% · king  6.4% · crowned  4.3% (median year 59) · 4.1s
try  2 · gen   38 · best    158.8 · elite     86.0 · median     -3.8 · years  62.9 · road 0.39 · starved   984 · nobles -11.5 · read 99.6 · walls  7.3 · fell 55.4% (mother 17.8%) · prince  0.3% · king  0.0% · crowned  0.0% · 4.1s
try  3 · gen   38 · best    232.7 · elite     76.7 · median    -26.7 · years  47.3 · road 0.37 · starved  1312 · nobles  -5.8 · read 49.4 · walls  5.2 · fell 81.4% (mother 24.6%) · prince  6.3% · king  0.3% · crowned  0.1% (median year 95) · 4.1s
try  4 · gen   38 · best    670.0 · elite    248.4 · median    -56.9 · years  31.0 · road 0.31 · starved  1329 · nobles  +0.2 · read 62.4 · walls  2.1 · fell 88.1% (mother 32.1%) · prince 11.5% · king  5.9% · crowned  3.9% (median year 50) · 4.1s
try  5 · gen   38 · best    838.2 · elite    356.3 · median    -32.3 · years  27.8 · road 0.33 · starved  1192 · nobles  +1.8 · read 48.0 · walls  1.8 · fell 82.5% (mother 20.6%) · prince 12.5% · king  8.7% · crowned  7.3% (median year 49) · 4.1s
try  6 · gen   38 · best    189.4 · elite     69.5 · median    -36.7 · years  45.9 · road 0.33 · starved  1086 · nobles  -3.8 · read 75.6 · walls  7.1 · fell 80.6% (mother 20.4%) · prince  1.7% · king  0.4% · crowned  0.2% (median year 88) · 4.1s
try  7 · gen   38 · best    542.3 · elite    230.2 · median    -16.9 · years  40.3 · road 0.36 · starved  1197 · nobles  -3.3 · read 36.3 · walls  5.1 · fell 84.8% (mother 24.7%) · prince 11.5% · king  5.8% · crowned  3.9% (median year 72) · 4.1s
try  8 · gen   38 · best    546.6 · elite    201.7 · median    -27.6 · years  39.4 · road 0.35 · starved  1127 · nobles  -1.8 · read 81.7 · walls  7.8 · fell 87.6% (mother 29.5%) · prince  9.9% · king  4.6% · crowned  3.2% (median year 78) · 4.1s
try  1 · gen   39 · best    661.5 · elite    294.8 · median    -25.7 · years  32.4 · road 0.33 · starved  1057 · nobles  +0.7 · read 63.9 · walls  2.0 · fell 87.4% (mother 37.1%) · prince 12.8% · king  7.2% · crowned  4.4% (median year 55) · 4.1s
try  2 · gen   39 · best    254.7 · elite     80.3 · median     -2.0 · years  60.9 · road 0.38 · starved   937 · nobles -11.2 · read 94.5 · walls  7.2 · fell 53.9% (mother 15.7%) · prince  0.4% · king  0.1% · crowned  0.0% (median year 90) · 4.1s
try  3 · gen   39 · best    227.6 · elite     76.4 · median    -28.2 · years  47.6 · road 0.36 · starved  1251 · nobles  -5.7 · read 49.5 · walls  5.2 · fell 82.0% (mother 22.3%) · prince  6.1% · king  0.2% · crowned  0.0% (median year 92) · 4.1s
try  4 · gen   39 · best    583.5 · elite    257.4 · median    -55.4 · years  30.4 · road 0.31 · starved  1248 · nobles  -0.1 · read 58.6 · walls  2.2 · fell 88.7% (mother 33.2%) · prince 10.6% · king  5.3% · crowned  3.8% (median year 48) · 4.1s
try  5 · gen   39 · best    876.3 · elite    369.2 · median    -35.7 · years  27.2 · road 0.33 · starved  1194 · nobles  +1.6 · read 46.5 · walls  1.7 · fell 82.4% (mother 21.5%) · prince 12.6% · king  8.5% · crowned  7.2% (median year 48) · 4.1s
try  6 · gen   39 · best    362.1 · elite     74.3 · median    -32.1 · years  47.3 · road 0.33 · starved  1127 · nobles  -3.7 · read 76.7 · walls  7.3 · fell 80.6% (mother 18.8%) · prince  2.2% · king  0.5% · crowned  0.2% (median year 77) · 4.1s
try  7 · gen   39 · best    575.2 · elite    255.2 · median    -15.6 · years  39.0 · road 0.36 · starved  1155 · nobles  -2.8 · read 36.5 · walls  5.1 · fell 85.5% (mother 27.8%) · prince 11.6% · king  5.8% · crowned  4.3% (median year 71) · 4.1s
try  8 · gen   39 · best    543.4 · elite    227.5 · median    -22.2 · years  39.0 · road 0.36 · starved  1043 · nobles  -1.4 · read 76.8 · walls  8.2 · fell 87.8% (mother 29.0%) · prince  9.9% · king  5.5% · crowned  4.1% (median year 75) · 4.1s
try  1 · gen   40 · best    605.1 · elite    298.1 · median    -29.6 · years  30.7 · road 0.32 · starved  1006 · nobles  +2.3 · read 57.6 · walls  1.6 · fell 87.6% (mother 38.3%) · prince 12.4% · king  7.8% · crowned  4.7% (median year 55) · 4.3s
try  2 · gen   40 · best    134.3 · elite     88.2 · median      0.0 · years  63.3 · road 0.39 · starved   950 · nobles -11.8 · read 98.3 · walls  7.2 · fell 52.3% (mother 15.2%) · prince  0.2% · king  0.1% · crowned  0.0% (median year 86) · 4.3s
try  3 · gen   40 · best    197.0 · elite     74.4 · median    -25.3 · years  46.9 · road 0.36 · starved  1225 · nobles  -5.7 · read 50.0 · walls  5.3 · fell 81.5% (mother 22.3%) · prince  7.2% · king  0.4% · crowned  0.0% (median year 82) · 4.3s
try  4 · gen   40 · best    605.1 · elite    281.0 · median    -52.0 · years  30.5 · road 0.31 · starved  1237 · nobles  +0.4 · read 57.9 · walls  2.2 · fell 87.2% (mother 34.1%) · prince 10.7% · king  5.9% · crowned  4.3% (median year 50) · 4.3s
try  5 · gen   40 · best    880.1 · elite    366.7 · median    -31.6 · years  27.5 · road 0.33 · starved  1153 · nobles  +1.5 · read 49.1 · walls  1.8 · fell 82.4% (mother 23.1%) · prince 13.8% · king  8.9% · crowned  7.6% (median year 47) · 4.3s
try  6 · gen   40 · best    277.5 · elite     76.4 · median    -36.7 · years  47.8 · road 0.34 · starved  1160 · nobles  -4.0 · read 79.0 · walls  7.4 · fell 79.9% (mother 18.0%) · prince  2.4% · king  0.6% · crowned  0.3% (median year 89) · 4.3s
try  7 · gen   40 · best    541.2 · elite    245.6 · median    -19.0 · years  39.5 · road 0.36 · starved  1243 · nobles  -2.6 · read 39.3 · walls  5.0 · fell 85.8% (mother 27.8%) · prince 11.5% · king  5.8% · crowned  4.2% (median year 72) · 4.3s
try  8 · gen   40 · best    496.2 · elite    259.3 · median    -17.8 · years  40.0 · road 0.37 · starved   993 · nobles  -1.0 · read 78.7 · walls  8.6 · fell 87.5% (mother 25.8%) · prince 10.9% · king  7.0% · crowned  5.3% (median year 76) · 4.3s
try  1 · gen   41 · best    682.9 · elite    341.4 · median    -26.1 · years  30.5 · road 0.32 · starved   988 · nobles  +3.0 · read 51.8 · walls  1.3 · fell 87.2% (mother 36.0%) · prince 13.6% · king  8.6% · crowned  5.5% (median year 53) · 4.0s
try  2 · gen   41 · best    172.8 · elite     92.1 · median      3.7 · years  63.5 · road 0.39 · starved   982 · nobles -11.9 · read 100.2 · walls  7.1 · fell 52.5% (mother 17.8%) · prince  0.2% · king  0.1% · crowned  0.0% (median year 84) · 4.0s
try  3 · gen   41 · best    325.5 · elite     81.9 · median    -24.1 · years  45.2 · road 0.36 · starved  1115 · nobles  -5.5 · read 45.4 · walls  5.1 · fell 83.2% (mother 21.7%) · prince  8.1% · king  0.5% · crowned  0.1% (median year 92) · 4.0s
try  4 · gen   41 · best    580.5 · elite    282.7 · median    -45.0 · years  30.9 · road 0.30 · starved  1201 · nobles  +1.2 · read 59.6 · walls  2.2 · fell 85.8% (mother 30.2%) · prince 10.7% · king  6.4% · crowned  4.7% (median year 48) · 4.0s
try  5 · gen   41 · best    820.9 · elite    342.0 · median    -35.0 · years  26.2 · road 0.32 · starved  1135 · nobles  +1.5 · read 49.4 · walls  1.9 · fell 82.2% (mother 23.9%) · prince 12.7% · king  8.1% · crowned  6.9% (median year 45) · 4.0s
try  6 · gen   41 · best    289.0 · elite     92.8 · median    -33.6 · years  46.5 · road 0.33 · starved  1077 · nobles  -3.7 · read 78.6 · walls  7.5 · fell 79.2% (mother 17.0%) · prince  3.4% · king  0.8% · crowned  0.5% (median year 88) · 4.0s
try  7 · gen   41 · best    500.9 · elite    232.8 · median     -9.7 · years  40.2 · road 0.36 · starved  1139 · nobles  -2.7 · read 38.6 · walls  4.9 · fell 85.9% (mother 26.4%) · prince 11.5% · king  5.8% · crowned  4.2% (median year 70) · 4.0s
try  8 · gen   41 · best    670.7 · elite    275.3 · median    -15.9 · years  40.7 · road 0.37 · starved  1033 · nobles  -0.6 · read 80.5 · walls  8.6 · fell 86.3% (mother 21.5%) · prince 11.3% · king  7.4% · crowned  6.1% (median year 75) · 4.0s
try  1 · gen   42 · best    626.5 · elite    307.7 · median    -18.7 · years  30.2 · road 0.31 · starved  1000 · nobles  +4.1 · read 46.5 · walls  0.9 · fell 88.3% (mother 38.6%) · prince 13.6% · king  8.6% · crowned  5.6% (median year 55) · 4.3s
try  2 · gen   42 · best    167.7 · elite     90.5 · median      5.6 · years  63.3 · road 0.40 · starved   915 · nobles -12.0 · read 97.4 · walls  7.0 · fell 53.6% (mother 18.1%) · prince  0.4% · king  0.1% · crowned  0.1% (median year 79) · 4.3s
try  3 · gen   42 · best    292.9 · elite     86.9 · median    -26.5 · years  44.4 · road 0.35 · starved  1104 · nobles  -4.9 · read 45.2 · walls  4.8 · fell 82.8% (mother 21.3%) · prince  8.3% · king  0.7% · crowned  0.2% (median year 70) · 4.3s
try  4 · gen   42 · best    671.1 · elite    315.8 · median    -42.8 · years  29.9 · road 0.30 · starved  1155 · nobles  +1.6 · read 54.6 · walls  2.2 · fell 84.8% (mother 29.0%) · prince 10.9% · king  7.2% · crowned  5.6% (median year 47) · 4.3s
try  5 · gen   42 · best    694.4 · elite    361.5 · median    -27.6 · years  26.8 · road 0.33 · starved  1103 · nobles  -0.1 · read 51.2 · walls  2.4 · fell 83.5% (mother 28.0%) · prince 13.6% · king  8.5% · crowned  6.9% (median year 43) · 4.3s
try  6 · gen   42 · best    340.8 · elite    109.1 · median    -31.5 · years  46.4 · road 0.34 · starved  1132 · nobles  -3.9 · read 76.6 · walls  7.4 · fell 81.6% (mother 22.7%) · prince  4.3% · king  1.4% · crowned  0.9% (median year 87) · 4.3s
try  7 · gen   42 · best    606.7 · elite    256.0 · median    -17.7 · years  40.2 · road 0.35 · starved  1172 · nobles  -2.6 · read 40.7 · walls  4.7 · fell 85.7% (mother 27.2%) · prince 10.8% · king  5.8% · crowned  4.3% (median year 70) · 4.3s
try  8 · gen   42 · best    540.0 · elite    277.9 · median    -15.2 · years  40.3 · road 0.37 · starved  1041 · nobles  -0.7 · read 78.0 · walls  8.5 · fell 86.1% (mother 21.5%) · prince 11.1% · king  7.6% · crowned  6.2% (median year 72) · 4.3s
try  1 · gen   43 · best    814.1 · elite    298.7 · median    -17.7 · years  30.7 · road 0.31 · starved   996 · nobles  +4.6 · read 43.5 · walls  0.8 · fell 87.5% (mother 34.9%) · prince 14.1% · king  8.0% · crowned  5.4% (median year 54) · 4.0s
try  2 · gen   43 · best    392.9 · elite    104.0 · median      3.5 · years  62.9 · road 0.40 · starved   935 · nobles -11.9 · read 98.1 · walls  7.0 · fell 54.6% (mother 19.3%) · prince  0.9% · king  0.3% · crowned  0.2% (median year 82) · 4.0s
try  3 · gen   43 · best    204.2 · elite     81.6 · median    -27.6 · years  44.0 · road 0.34 · starved  1107 · nobles  -4.3 · read 44.9 · walls  4.8 · fell 83.4% (mother 21.8%) · prince  7.7% · king  0.6% · crowned  0.1% (median year 72) · 4.0s
try  4 · gen   43 · best    653.4 · elite    302.5 · median    -42.1 · years  29.8 · road 0.30 · starved  1226 · nobles  +1.1 · read 51.0 · walls  2.3 · fell 85.7% (mother 28.2%) · prince 10.8% · king  7.2% · crowned  5.4% (median year 45) · 4.0s
try  5 · gen   43 · best    830.4 · elite    411.6 · median    -23.4 · years  27.2 · road 0.34 · starved  1019 · nobles  -0.3 · read 52.5 · walls  2.6 · fell 82.8% (mother 27.7%) · prince 13.8% · king  9.0% · crowned  7.4% (median year 44) · 4.0s
try  6 · gen   43 · best    306.5 · elite    111.0 · median    -31.7 · years  46.8 · road 0.33 · starved  1129 · nobles  -3.8 · read 83.2 · walls  7.1 · fell 82.0% (mother 23.1%) · prince  4.7% · king  1.6% · crowned  0.9% (median year 82) · 4.0s
try  7 · gen   43 · best    558.0 · elite    239.9 · median    -15.1 · years  41.2 · road 0.36 · starved  1399 · nobles  -2.7 · read 40.5 · walls  5.0 · fell 86.2% (mother 28.3%) · prince 10.6% · king  5.3% · crowned  3.7% (median year 71) · 4.0s
try  8 · gen   43 · best    596.9 · elite    284.0 · median    -11.6 · years  40.3 · road 0.37 · starved  1228 · nobles  -0.8 · read 79.9 · walls  8.5 · fell 85.5% (mother 21.5%) · prince 11.9% · king  7.9% · crowned  6.4% (median year 73) · 4.0s
try  1 · gen   44 · best    657.3 · elite    312.7 · median    -23.4 · years  30.2 · road 0.31 · starved  1004 · nobles  +3.6 · read 40.6 · walls  1.0 · fell 88.1% (mother 34.6%) · prince 13.1% · king  7.3% · crowned  4.9% (median year 51) · 3.9s
try  2 · gen   44 · best    205.0 · elite     96.7 · median      3.7 · years  59.8 · road 0.40 · starved   930 · nobles -10.8 · read 95.5 · walls  7.1 · fell 60.9% (mother 20.9%) · prince  1.3% · king  0.4% · crowned  0.2% (median year 78) · 3.9s
try  3 · gen   44 · best    262.2 · elite     72.0 · median    -29.8 · years  42.8 · road 0.34 · starved  1134 · nobles  -4.6 · read 44.1 · walls  5.0 · fell 84.9% (mother 24.4%) · prince  6.4% · king  0.6% · crowned  0.2% (median year 90) · 3.9s
try  4 · gen   44 · best    683.7 · elite    313.8 · median    -37.5 · years  29.9 · road 0.31 · starved  1208 · nobles  +1.4 · read 49.1 · walls  2.4 · fell 85.1% (mother 29.1%) · prince 11.5% · king  7.6% · crowned  5.3% (median year 45) · 3.9s
try  5 · gen   44 · best    853.3 · elite    380.0 · median    -19.0 · years  27.3 · road 0.34 · starved   931 · nobles  -0.4 · read 51.9 · walls  2.3 · fell 82.3% (mother 25.5%) · prince 13.5% · king  8.8% · crowned  7.2% (median year 46) · 3.9s
try  6 · gen   44 · best    351.1 · elite    108.6 · median    -38.3 · years  45.0 · road 0.33 · starved  1236 · nobles  -3.3 · read 81.9 · walls  7.0 · fell 83.4% (mother 25.3%) · prince  4.8% · king  1.7% · crowned  1.0% (median year 83) · 3.9s
try  7 · gen   44 · best    524.2 · elite    227.6 · median    -20.1 · years  40.6 · road 0.36 · starved  1276 · nobles  -2.2 · read 41.0 · walls  5.6 · fell 85.3% (mother 30.6%) · prince  9.6% · king  5.5% · crowned  3.8% (median year 71) · 3.9s
try  8 · gen   44 · best    529.6 · elite    292.0 · median     -9.3 · years  40.8 · road 0.37 · starved   984 · nobles  -0.8 · read 79.9 · walls  8.5 · fell 85.8% (mother 18.3%) · prince 12.0% · king  7.7% · crowned  6.3% (median year 72) · 3.9s
try  1 · gen   45 · best    614.4 · elite    316.8 · median    -21.0 · years  30.3 · road 0.31 · starved   964 · nobles  +3.2 · read 39.8 · walls  1.1 · fell 87.8% (mother 33.9%) · prince 13.6% · king  7.9% · crowned  5.5% (median year 52) · 4.1s
try  2 · gen   45 · best    190.6 · elite     97.5 · median      8.4 · years  59.3 · road 0.40 · starved   904 · nobles -10.0 · read 97.7 · walls  7.3 · fell 62.3% (mother 20.9%) · prince  1.8% · king  0.5% · crowned  0.3% (median year 83) · 4.1s
try  3 · gen   45 · best    233.5 · elite     78.2 · median    -24.2 · years  44.4 · road 0.34 · starved  1141 · nobles  -4.3 · read 47.9 · walls  5.3 · fell 83.8% (mother 25.6%) · prince  7.0% · king  0.6% · crowned  0.2% (median year 89) · 4.1s
try  4 · gen   45 · best    591.7 · elite    298.8 · median    -39.5 · years  30.3 · road 0.31 · starved  1226 · nobles  +1.3 · read 48.9 · walls  2.8 · fell 86.0% (mother 30.4%) · prince 10.7% · king  6.6% · crowned  4.8% (median year 42) · 4.1s
try  5 · gen   45 · best    856.3 · elite    444.3 · median    -26.5 · years  27.4 · road 0.33 · starved   928 · nobles  -0.4 · read 54.1 · walls  2.1 · fell 81.4% (mother 23.1%) · prince 13.3% · king  9.5% · crowned  8.0% (median year 44) · 4.1s
try  6 · gen   45 · best    347.5 · elite    120.6 · median    -38.8 · years  45.7 · road 0.33 · starved  1315 · nobles  -3.2 · read 84.7 · walls  6.9 · fell 83.5% (mother 27.8%) · prince  5.8% · king  2.1% · crowned  1.2% (median year 83) · 4.1s
try  7 · gen   45 · best    592.6 · elite    252.8 · median    -18.9 · years  41.1 · road 0.37 · starved  1377 · nobles  -2.0 · read 42.1 · walls  6.0 · fell 86.6% (mother 33.9%) · prince 10.4% · king  6.4% · crowned  4.4% (median year 72) · 4.1s
try  8 · gen   45 · best    683.8 · elite    287.3 · median    -12.3 · years  39.2 · road 0.37 · starved  1002 · nobles  -0.8 · read 77.4 · walls  8.3 · fell 85.5% (mother 21.0%) · prince 11.4% · king  7.9% · crowned  6.4% (median year 72) · 4.1s
try  1 · gen   46 · best    699.4 · elite    333.2 · median    -16.3 · years  30.5 · road 0.31 · starved  1007 · nobles  +4.0 · read 39.9 · walls  1.0 · fell 87.4% (mother 33.5%) · prince 14.6% · king  8.4% · crowned  6.0% (median year 52) · 4.2s
try  2 · gen   46 · best    292.4 · elite     94.1 · median     -0.4 · years  56.4 · road 0.39 · starved   985 · nobles  -8.5 · read 96.2 · walls  7.6 · fell 67.8% (mother 23.0%) · prince  2.6% · king  0.8% · crowned  0.3% (median year 78) · 4.2s
try  3 · gen   46 · best    402.9 · elite     84.0 · median    -20.3 · years  44.4 · road 0.35 · starved  1088 · nobles  -4.5 · read 46.8 · walls  5.3 · fell 83.1% (mother 22.4%) · prince  7.3% · king  0.6% · crowned  0.2% (median year 70) · 4.2s
try  4 · gen   46 · best    614.8 · elite    287.6 · median    -38.8 · years  30.8 · road 0.32 · starved  1224 · nobles  +1.8 · read 46.4 · walls  3.0 · fell 86.8% (mother 31.3%) · prince 10.1% · king  5.9% · crowned  4.4% (median year 44) · 4.2s
try  5 · gen   46 · best    671.4 · elite    394.2 · median    -23.1 · years  27.0 · road 0.34 · starved   972 · nobles  -0.7 · read 52.2 · walls  2.2 · fell 81.7% (mother 24.0%) · prince 13.8% · king  9.2% · crowned  7.6% (median year 43) · 4.2s
try  6 · gen   46 · best    420.2 · elite    144.3 · median    -41.7 · years  45.2 · road 0.33 · starved  1348 · nobles  -2.9 · read 87.9 · walls  6.5 · fell 83.1% (mother 27.5%) · prince  6.7% · king  2.3% · crowned  1.6% (median year 79) · 4.2s
try  7 · gen   46 · best    480.5 · elite    248.3 · median    -19.4 · years  40.5 · road 0.37 · starved  1597 · nobles  -1.7 · read 41.3 · walls  6.1 · fell 85.3% (mother 33.4%) · prince 10.6% · king  6.8% · crowned  4.8% (median year 71) · 4.2s
try  8 · gen   46 · best    550.2 · elite    290.8 · median     -8.5 · years  39.7 · road 0.37 · starved   986 · nobles  -0.8 · read 75.3 · walls  8.3 · fell 85.5% (mother 21.4%) · prince 12.0% · king  7.9% · crowned  6.2% (median year 70) · 4.2s
try  1 · gen   47 · best    626.4 · elite    330.9 · median    -19.8 · years  29.8 · road 0.31 · starved  1033 · nobles  +3.9 · read 41.4 · walls  1.0 · fell 87.7% (mother 34.2%) · prince 13.6% · king  8.3% · crowned  5.7% (median year 52) · 4.4s
try  2 · gen   47 · best    221.2 · elite    101.0 · median      3.9 · years  57.2 · road 0.39 · starved   937 · nobles  -8.9 · read 95.7 · walls  7.4 · fell 66.1% (mother 23.5%) · prince  1.8% · king  0.6% · crowned  0.3% (median year 82) · 4.4s
try  3 · gen   47 · best    315.9 · elite    103.9 · median    -24.7 · years  43.5 · road 0.35 · starved  1111 · nobles  -4.7 · read 43.0 · walls  5.2 · fell 83.9% (mother 22.0%) · prince  7.9% · king  0.6% · crowned  0.2% (median year 76) · 4.4s
try  4 · gen   47 · best    622.6 · elite    298.4 · median    -30.5 · years  31.5 · road 0.32 · starved  1149 · nobles  +1.0 · read 46.3 · walls  3.2 · fell 86.1% (mother 34.6%) · prince 10.6% · king  6.1% · crowned  4.4% (median year 42) · 4.4s
try  5 · gen   47 · best    621.9 · elite    372.6 · median    -23.2 · years  26.4 · road 0.34 · starved   981 · nobles  -0.9 · read 48.1 · walls  2.2 · fell 82.4% (mother 25.1%) · prince 13.4% · king  8.8% · crowned  7.2% (median year 42) · 4.4s
try  6 · gen   47 · best    427.3 · elite    149.8 · median    -43.1 · years  43.3 · road 0.32 · starved  1379 · nobles  -3.0 · read 86.0 · walls  5.8 · fell 83.4% (mother 28.2%) · prince  8.3% · king  3.3% · crowned  2.0% (median year 79) · 4.4s
try  7 · gen   47 · best    577.4 · elite    264.8 · median    -12.4 · years  41.3 · road 0.38 · starved  1561 · nobles  -0.7 · read 41.5 · walls  6.4 · fell 85.1% (mother 32.4%) · prince 11.2% · king  7.1% · crowned  5.2% (median year 71) · 4.4s
try  8 · gen   47 · best    577.0 · elite    295.4 · median    -13.8 · years  38.2 · road 0.37 · starved  1399 · nobles  -0.6 · read 71.6 · walls  8.1 · fell 85.7% (mother 21.6%) · prince 11.3% · king  7.4% · crowned  6.1% (median year 70) · 4.4s
try  1 · gen   48 · best    852.2 · elite    338.5 · median    -23.4 · years  29.9 · road 0.31 · starved  1065 · nobles  +5.1 · read 41.9 · walls  0.9 · fell 88.1% (mother 34.0%) · prince 13.6% · king  8.4% · crowned  5.6% (median year 50) · 4.4s
try  2 · gen   48 · best    343.5 · elite     91.2 · median      0.2 · years  55.6 · road 0.39 · starved   960 · nobles  -8.1 · read 91.3 · walls  7.5 · fell 68.9% (mother 24.0%) · prince  2.0% · king  0.4% · crowned  0.2% (median year 77) · 4.4s
try  3 · gen   48 · best    225.4 · elite     85.5 · median    -20.5 · years  42.6 · road 0.35 · starved  1113 · nobles  -4.4 · read 38.3 · walls  5.2 · fell 83.9% (mother 21.8%) · prince  7.7% · king  0.8% · crowned  0.2% (median year 78) · 4.4s
try  4 · gen   48 · best    868.8 · elite    325.3 · median    -29.0 · years  31.2 · road 0.33 · starved  1120 · nobles  +1.2 · read 45.7 · walls  3.1 · fell 85.3% (mother 33.4%) · prince 12.4% · king  6.8% · crowned  5.1% (median year 42) · 4.4s
try  5 · gen   48 · best    840.7 · elite    402.6 · median    -30.3 · years  26.4 · road 0.33 · starved   975 · nobles  -1.1 · read 48.2 · walls  2.0 · fell 83.2% (mother 26.4%) · prince 13.5% · king  8.5% · crowned  7.2% (median year 42) · 4.4s
try  6 · gen   48 · best    590.1 · elite    174.3 · median    -47.1 · years  43.0 · road 0.32 · starved  1398 · nobles  -3.0 · read 89.8 · walls  5.6 · fell 84.3% (mother 30.0%) · prince  8.5% · king  3.9% · crowned  2.7% (median year 78) · 4.4s
try  7 · gen   48 · best    510.0 · elite    264.4 · median    -12.3 · years  41.2 · road 0.38 · starved  1470 · nobles  -0.1 · read 39.0 · walls  6.4 · fell 84.3% (mother 31.6%) · prince 11.4% · king  7.6% · crowned  5.1% (median year 70) · 4.4s
try  8 · gen   48 · best    700.8 · elite    310.6 · median    -14.9 · years  38.1 · road 0.37 · starved  1563 · nobles  -0.6 · read 70.9 · walls  7.7 · fell 85.5% (mother 23.0%) · prince 11.7% · king  7.7% · crowned  6.0% (median year 67) · 4.4s
try  1 · gen   49 · best    673.1 · elite    326.1 · median    -22.8 · years  29.4 · road 0.30 · starved  1122 · nobles  +6.0 · read 42.4 · walls  0.8 · fell 88.6% (mother 36.8%) · prince 12.9% · king  8.2% · crowned  5.6% (median year 51) · 4.6s
try  2 · gen   49 · best    478.0 · elite    101.4 · median     -1.1 · years  56.0 · road 0.39 · starved   985 · nobles  -8.2 · read 93.1 · walls  7.3 · fell 66.7% (mother 21.8%) · prince  2.4% · king  0.7% · crowned  0.4% (median year 79) · 4.6s
try  3 · gen   49 · best    234.5 · elite     85.8 · median    -16.7 · years  43.0 · road 0.36 · starved  1127 · nobles  -4.0 · read 35.6 · walls  5.3 · fell 84.3% (mother 23.4%) · prince  8.2% · king  0.4% · crowned  0.2% (median year 81) · 4.6s
try  4 · gen   49 · best    661.1 · elite    303.9 · median    -28.4 · years  30.7 · road 0.33 · starved  1107 · nobles  +0.7 · read 45.1 · walls  3.3 · fell 84.5% (mother 34.9%) · prince 12.7% · king  7.1% · crowned  5.0% (median year 41) · 4.6s
try  5 · gen   49 · best    647.1 · elite    390.8 · median    -18.3 · years  26.2 · road 0.33 · starved   995 · nobles  -1.1 · read 47.6 · walls  2.2 · fell 83.6% (mother 27.8%) · prince 14.6% · king  9.5% · crowned  7.8% (median year 43) · 4.6s
try  6 · gen   49 · best    560.2 · elite    193.2 · median    -45.3 · years  41.5 · road 0.32 · starved  1396 · nobles  -2.8 · read 86.7 · walls  5.1 · fell 85.6% (mother 31.7%) · prince  9.1% · king  4.2% · crowned  2.8% (median year 74) · 4.6s
try  7 · gen   49 · best    948.2 · elite    281.0 · median     -8.8 · years  40.9 · road 0.38 · starved  1348 · nobles  -0.6 · read 39.1 · walls  6.0 · fell 83.9% (mother 30.5%) · prince 12.1% · king  7.3% · crowned  5.2% (median year 67) · 4.6s
try  8 · gen   49 · best    819.2 · elite    288.0 · median    -17.3 · years  36.8 · road 0.36 · starved  1056 · nobles  -0.6 · read 69.5 · walls  7.1 · fell 86.2% (mother 23.2%) · prince 11.2% · king  7.2% · crowned  5.7% (median year 67) · 4.6s
try  1 · gen   50 · best    710.2 · elite    326.8 · median    -26.4 · years  29.4 · road 0.30 · starved  1149 · nobles  +6.8 · read 42.5 · walls  0.7 · fell 88.2% (mother 36.3%) · prince 12.9% · king  8.1% · crowned  5.5% (median year 51) · 4.9s
try  2 · gen   50 · best    243.7 · elite    105.5 · median      0.1 · years  55.3 · road 0.39 · starved   957 · nobles  -8.4 · read 89.9 · walls  7.4 · fell 68.4% (mother 21.7%) · prince  2.7% · king  1.1% · crowned  0.6% (median year 86) · 4.9s
try  3 · gen   50 · best    226.3 · elite     87.3 · median    -19.7 · years  42.6 · road 0.36 · starved  1049 · nobles  -4.0 · read 34.9 · walls  5.4 · fell 83.2% (mother 18.9%) · prince  8.2% · king  0.5% · crowned  0.2% (median year 72) · 4.9s
try  4 · gen   50 · best    902.0 · elite    351.6 · median    -20.3 · years  29.2 · road 0.33 · starved  1041 · nobles  +1.5 · read 45.1 · walls  3.1 · fell 82.6% (mother 32.8%) · prince 13.6% · king  8.1% · crowned  6.0% (median year 40) · 4.9s
try  5 · gen   50 · best    713.0 · elite    382.2 · median    -29.6 · years  25.0 · road 0.33 · starved  1024 · nobles  -1.3 · read 44.9 · walls  2.5 · fell 84.1% (mother 30.3%) · prince 13.6% · king  8.8% · crowned  7.2% (median year 40) · 4.9s
try  6 · gen   50 · best    539.3 · elite    192.4 · median    -49.1 · years  40.6 · road 0.33 · starved  1349 · nobles  -3.6 · read 86.0 · walls  4.6 · fell 86.2% (mother 34.7%) · prince  8.9% · king  4.1% · crowned  2.5% (median year 72) · 4.9s
try  7 · gen   50 · best    794.2 · elite    297.1 · median     -6.3 · years  41.7 · road 0.38 · starved  1414 · nobles  -0.6 · read 36.9 · walls  6.2 · fell 84.4% (mother 30.3%) · prince 12.3% · king  7.7% · crowned  5.4% (median year 68) · 4.9s
try  8 · gen   50 · best    510.3 · elite    295.1 · median    -22.4 · years  36.4 · road 0.37 · starved  1301 · nobles  -1.0 · read 65.8 · walls  7.2 · fell 86.1% (mother 24.6%) · prince 11.6% · king  7.4% · crowned  5.9% (median year 65) · 4.9s
try  1 · gen   51 · best    995.8 · elite    338.6 · median    -27.1 · years  29.0 · road 0.30 · starved  1174 · nobles  +7.3 · read 39.8 · walls  0.7 · fell 89.1% (mother 36.5%) · prince 12.3% · king  7.6% · crowned  5.7% (median year 50) · 4.2s
try  2 · gen   51 · best    557.6 · elite    108.1 · median     -9.7 · years  51.0 · road 0.37 · starved  1151 · nobles  -7.0 · read 75.8 · walls  7.3 · fell 75.0% (mother 24.7%) · prince  2.8% · king  1.1% · crowned  0.6% (median year 79) · 4.2s
try  3 · gen   51 · best    229.5 · elite     97.7 · median    -19.5 · years  42.8 · road 0.36 · starved  1077 · nobles  -4.0 · read 34.4 · walls  5.4 · fell 83.9% (mother 19.8%) · prince  7.6% · king  0.6% · crowned  0.2% (median year 86) · 4.2s
try  4 · gen   51 · best    833.0 · elite    373.2 · median    -15.8 · years  29.1 · road 0.33 · starved  1078 · nobles  +1.6 · read 44.6 · walls  3.0 · fell 82.0% (mother 32.2%) · prince 14.8% · king  8.9% · crowned  6.6% (median year 40) · 4.2s
try  5 · gen   51 · best    720.1 · elite    363.2 · median    -27.8 · years  25.1 · road 0.33 · starved  1047 · nobles  -2.1 · read 45.2 · walls  2.3 · fell 84.2% (mother 32.4%) · prince 13.5% · king  9.2% · crowned  7.0% (median year 40) · 4.2s
try  6 · gen   51 · best    566.0 · elite    217.5 · median    -47.6 · years  39.9 · road 0.32 · starved  1320 · nobles  -3.2 · read 88.3 · walls  4.3 · fell 86.7% (mother 35.5%) · prince  9.7% · king  4.8% · crowned  2.9% (median year 72) · 4.2s
try  7 · gen   51 · best    523.9 · elite    271.8 · median     -6.5 · years  40.8 · road 0.38 · starved  1335 · nobles  -0.5 · read 35.2 · walls  6.1 · fell 84.2% (mother 31.1%) · prince 11.5% · king  7.1% · crowned  5.0% (median year 68) · 4.2s
try  8 · gen   51 · best    618.6 · elite    344.2 · median     -9.4 · years  36.9 · road 0.37 · starved  1013 · nobles  -0.6 · read 62.0 · walls  6.9 · fell 84.4% (mother 19.8%) · prince 12.3% · king  8.6% · crowned  7.0% (median year 63) · 4.2s
try  1 · gen   52 · best    840.1 · elite    282.9 · median    -27.2 · years  29.3 · road 0.30 · starved  1212 · nobles  +6.7 · read 39.6 · walls  0.6 · fell 90.2% (mother 36.8%) · prince 12.5% · king  6.9% · crowned  4.6% (median year 52) · 4.1s
try  2 · gen   52 · best    340.1 · elite    109.3 · median     -7.0 · years  51.3 · road 0.38 · starved  1216 · nobles  -7.5 · read 76.6 · walls  7.5 · fell 74.0% (mother 25.6%) · prince  2.8% · king  1.2% · crowned  0.7% (median year 75) · 4.1s
try  3 · gen   52 · best    302.4 · elite     92.7 · median    -14.1 · years  43.6 · road 0.35 · starved   985 · nobles  -4.3 · read 37.4 · walls  5.3 · fell 82.3% (mother 18.8%) · prince  6.7% · king  0.5% · crowned  0.2% (median year 76) · 4.1s
try  4 · gen   52 · best    709.2 · elite    382.9 · median    -17.4 · years  28.4 · road 0.33 · starved  1055 · nobles  +1.9 · read 40.8 · walls  2.7 · fell 82.3% (mother 27.8%) · prince 14.2% · king  8.7% · crowned  6.6% (median year 38) · 4.1s
try  5 · gen   52 · best    859.2 · elite    376.8 · median    -27.2 · years  24.7 · road 0.33 · starved  1033 · nobles  -1.9 · read 45.6 · walls  2.4 · fell 85.0% (mother 33.3%) · prince 13.4% · king  9.0% · crowned  6.8% (median year 40) · 4.1s
try  6 · gen   52 · best    525.1 · elite    199.4 · median    -47.0 · years  39.5 · road 0.32 · starved  1331 · nobles  -2.9 · read 88.9 · walls  4.1 · fell 87.6% (mother 35.7%) · prince  9.8% · king  4.6% · crowned  2.9% (median year 71) · 4.1s
try  7 · gen   52 · best    540.1 · elite    242.0 · median    -11.9 · years  39.8 · road 0.37 · starved  1682 · nobles  +0.4 · read 33.5 · walls  6.2 · fell 85.6% (mother 34.8%) · prince 10.9% · king  6.8% · crowned  4.6% (median year 69) · 4.1s
try  8 · gen   52 · best    621.1 · elite    333.2 · median     -3.4 · years  36.1 · road 0.37 · starved   984 · nobles  -0.3 · read 58.3 · walls  6.8 · fell 85.0% (mother 20.1%) · prince 12.8% · king  9.1% · crowned  7.3% (median year 61) · 4.1s
try  1 · gen   53 · best    650.9 · elite    298.0 · median    -29.6 · years  29.2 · road 0.30 · starved  1224 · nobles  +6.8 · read 39.0 · walls  0.6 · fell 90.7% (mother 35.8%) · prince 11.9% · king  7.0% · crowned  4.8% (median year 51) · 4.1s
try  2 · gen   53 · best    325.6 · elite    120.5 · median     -4.7 · years  52.0 · road 0.38 · starved  1060 · nobles  -7.2 · read 78.8 · walls  7.8 · fell 76.4% (mother 27.9%) · prince  3.8% · king  1.6% · crowned  0.8% (median year 79) · 4.1s
try  3 · gen   53 · best    257.0 · elite    106.7 · median    -16.4 · years  44.2 · road 0.35 · starved   940 · nobles  -4.2 · read 36.8 · walls  5.1 · fell 80.7% (mother 17.0%) · prince  7.5% · king  0.7% · crowned  0.3% (median year 74) · 4.1s
try  4 · gen   53 · best    714.6 · elite    413.9 · median     -5.3 · years  28.3 · road 0.34 · starved  1028 · nobles  +2.1 · read 39.8 · walls  2.7 · fell 80.6% (mother 28.0%) · prince 15.4% · king 10.1% · crowned  7.4% (median year 37) · 4.1s
try  5 · gen   53 · best    718.1 · elite    405.0 · median    -25.6 · years  25.0 · road 0.32 · starved  1012 · nobles  -1.6 · read 46.5 · walls  2.0 · fell 84.2% (mother 34.7%) · prince 14.2% · king  9.5% · crowned  7.6% (median year 40) · 4.1s
try  6 · gen   53 · best    472.8 · elite    204.0 · median    -44.0 · years  38.9 · road 0.32 · starved  1294 · nobles  -2.7 · read 88.7 · walls  3.7 · fell 86.3% (mother 32.6%) · prince  9.7% · king  4.8% · crowned  3.1% (median year 69) · 4.1s
try  7 · gen   53 · best    697.6 · elite    264.2 · median    -14.1 · years  40.1 · road 0.37 · starved  1449 · nobles  +1.0 · read 33.0 · walls  6.0 · fell 85.7% (mother 35.3%) · prince 10.3% · king  6.9% · crowned  4.9% (median year 68) · 4.1s
try  8 · gen   53 · best    789.6 · elite    331.6 · median    -11.8 · years  35.7 · road 0.37 · starved  1078 · nobles  -0.3 · read 56.6 · walls  6.6 · fell 84.4% (mother 20.1%) · prince 12.0% · king  8.4% · crowned  6.9% (median year 62) · 4.1s
try  1 · gen   54 · best    719.1 · elite    310.4 · median    -29.8 · years  29.2 · road 0.30 · starved  1117 · nobles  +6.6 · read 39.5 · walls  0.6 · fell 89.3% (mother 32.5%) · prince 12.1% · king  7.3% · crowned  5.2% (median year 51) · 3.8s
try  2 · gen   54 · best    351.0 · elite    137.8 · median     -6.3 · years  51.0 · road 0.38 · starved  1109 · nobles  -6.8 · read 77.9 · walls  7.9 · fell 77.4% (mother 27.6%) · prince  4.7% · king  2.4% · crowned  1.4% (median year 74) · 3.8s
try  3 · gen   54 · best    237.2 · elite    102.3 · median    -15.0 · years  45.1 · road 0.35 · starved   918 · nobles  -4.1 · read 39.5 · walls  5.4 · fell 79.9% (mother 16.1%) · prince  6.7% · king  0.7% · crowned  0.2% (median year 78) · 3.8s
try  4 · gen   54 · best    870.7 · elite    403.1 · median     -7.3 · years  27.2 · road 0.34 · starved   964 · nobles  +2.3 · read 36.3 · walls  2.5 · fell 80.7% (mother 26.7%) · prince 15.4% · king 10.4% · crowned  7.8% (median year 37) · 3.8s
try  5 · gen   54 · best    690.0 · elite    388.5 · median    -26.0 · years  25.3 · road 0.32 · starved  1008 · nobles  -1.4 · read 47.0 · walls  2.0 · fell 84.6% (mother 35.5%) · prince 13.9% · king  9.3% · crowned  7.3% (median year 42) · 3.8s
try  6 · gen   54 · best    601.6 · elite    230.3 · median    -41.6 · years  39.3 · road 0.32 · starved  1301 · nobles  -1.8 · read 87.8 · walls  3.8 · fell 86.1% (mother 34.0%) · prince  9.9% · king  5.3% · crowned  3.7% (median year 69) · 3.8s
try  7 · gen   54 · best    572.7 · elite    286.2 · median    -11.9 · years  38.9 · road 0.37 · starved  1419 · nobles  +1.0 · read 32.0 · walls  5.7 · fell 85.9% (mother 35.8%) · prince 10.9% · king  7.0% · crowned  4.9% (median year 65) · 3.8s
try  8 · gen   54 · best    586.6 · elite    314.2 · median    -10.4 · years  36.0 · road 0.38 · starved  1399 · nobles  -0.6 · read 54.3 · walls  6.5 · fell 84.2% (mother 20.8%) · prince 11.9% · king  8.1% · crowned  6.4% (median year 60) · 3.8s
try  1 · gen   55 · best    878.6 · elite    337.9 · median    -18.9 · years  28.9 · road 0.30 · starved  1097 · nobles  +6.4 · read 38.1 · walls  0.6 · fell 88.5% (mother 30.0%) · prince 12.7% · king  7.8% · crowned  6.0% (median year 49) · 3.7s
try  2 · gen   55 · best    395.2 · elite    136.4 · median    -21.0 · years  46.1 · road 0.37 · starved  1174 · nobles  -4.5 · read 57.1 · walls  8.1 · fell 83.8% (mother 30.6%) · prince  4.7% · king  2.1% · crowned  1.3% (median year 77) · 3.7s
try  3 · gen   55 · best    349.6 · elite    112.5 · median    -15.3 · years  44.4 · road 0.35 · starved   925 · nobles  -4.2 · read 36.9 · walls  5.6 · fell 80.3% (mother 17.6%) · prince  7.4% · king  0.8% · crowned  0.3% (median year 75) · 3.7s
try  4 · gen   55 · best    729.1 · elite    439.4 · median    -10.5 · years  27.0 · road 0.34 · starved   984 · nobles  +1.9 · read 35.4 · walls  2.4 · fell 82.1% (mother 27.8%) · prince 15.3% · king 10.2% · crowned  7.7% (median year 37) · 3.7s
try  5 · gen   55 · best    897.2 · elite    390.3 · median    -26.1 · years  24.6 · road 0.32 · starved  1011 · nobles  -1.1 · read 46.1 · walls  2.0 · fell 84.0% (mother 34.3%) · prince 14.2% · king  9.6% · crowned  7.4% (median year 39) · 3.7s
try  6 · gen   55 · best    605.7 · elite    246.8 · median    -41.3 · years  38.5 · road 0.32 · starved  1278 · nobles  -1.6 · read 87.3 · walls  3.7 · fell 84.7% (mother 31.4%) · prince  9.4% · king  5.3% · crowned  3.8% (median year 65) · 3.7s
try  7 · gen   55 · best    765.6 · elite    255.4 · median    -13.8 · years  39.3 · road 0.37 · starved  1387 · nobles  +1.7 · read 29.2 · walls  5.5 · fell 86.6% (mother 39.5%) · prince  9.8% · king  6.4% · crowned  4.5% (median year 66) · 3.7s
try  8 · gen   55 · best    676.5 · elite    364.6 · median     -2.4 · years  36.1 · road 0.39 · starved   934 · nobles  -0.2 · read 50.5 · walls  6.6 · fell 83.8% (mother 18.5%) · prince 11.9% · king  8.7% · crowned  7.3% (median year 60) · 3.7s
try  1 · gen   56 · best    866.4 · elite    323.7 · median    -23.5 · years  29.9 · road 0.30 · starved  1115 · nobles  +6.2 · read 40.3 · walls  0.8 · fell 89.2% (mother 29.3%) · prince 11.9% · king  7.3% · crowned  5.4% (median year 49) · 3.8s
try  2 · gen   56 · best    537.9 · elite    135.4 · median    -15.9 · years  46.2 · road 0.37 · starved  1187 · nobles  -4.5 · read 54.6 · walls  8.1 · fell 83.2% (mother 32.7%) · prince  4.3% · king  2.2% · crowned  1.3% (median year 74) · 3.8s
try  3 · gen   56 · best    257.0 · elite    108.1 · median    -12.5 · years  44.9 · road 0.35 · starved   925 · nobles  -4.3 · read 36.2 · walls  5.9 · fell 79.7% (mother 17.2%) · prince  7.4% · king  0.8% · crowned  0.3% (median year 80) · 3.8s
try  4 · gen   56 · best    784.6 · elite    390.8 · median     -9.5 · years  27.4 · road 0.33 · starved  1029 · nobles  +2.4 · read 36.8 · walls  2.3 · fell 83.1% (mother 29.8%) · prince 14.5% · king  9.5% · crowned  7.2% (median year 38) · 3.8s
try  5 · gen   56 · best    952.3 · elite    421.5 · median    -26.4 · years  24.1 · road 0.33 · starved   988 · nobles  -1.3 · read 46.8 · walls  2.4 · fell 82.0% (mother 32.2%) · prince 14.4% · king 10.0% · crowned  7.6% (median year 38) · 3.8s
try  6 · gen   56 · best    653.8 · elite    263.1 · median    -32.2 · years  38.8 · road 0.33 · starved  1275 · nobles  -1.6 · read 85.5 · walls  4.0 · fell 84.4% (mother 33.2%) · prince 11.6% · king  6.6% · crowned  4.3% (median year 63) · 3.8s
try  7 · gen   56 · best    510.4 · elite    273.8 · median    -10.4 · years  40.1 · road 0.37 · starved  1513 · nobles  +1.9 · read 28.7 · walls  5.5 · fell 85.4% (mother 39.9%) · prince  9.9% · king  6.9% · crowned  4.7% (median year 68) · 3.8s
try  8 · gen   56 · best    777.5 · elite    352.7 · median      4.1 · years  36.7 · road 0.39 · starved   941 · nobles  -0.0 · read 48.0 · walls  6.9 · fell 83.6% (mother 18.9%) · prince 12.1% · king  8.9% · crowned  7.3% (median year 61) · 3.8s
try  1 · gen   57 · best    814.9 · elite    309.8 · median    -23.2 · years  30.0 · road 0.30 · starved  1108 · nobles  +6.5 · read 40.7 · walls  0.8 · fell 89.1% (mother 30.0%) · prince 11.7% · king  6.8% · crowned  5.1% (median year 51) · 3.7s
try  2 · gen   57 · best    355.1 · elite    151.6 · median    -14.8 · years  46.7 · road 0.38 · starved  1189 · nobles  -4.6 · read 55.4 · walls  8.1 · fell 81.5% (mother 31.3%) · prince  5.0% · king  2.8% · crowned  1.7% (median year 72) · 3.7s
try  3 · gen   57 · best    245.0 · elite     98.8 · median    -10.8 · years  44.5 · road 0.35 · starved   899 · nobles  -4.5 · read 35.0 · walls  6.4 · fell 79.6% (mother 16.7%) · prince  7.2% · king  0.4% · crowned  0.2% (median year 80) · 3.7s
try  4 · gen   57 · best    841.6 · elite    395.9 · median    -13.4 · years  27.7 · road 0.33 · starved  1039 · nobles  +2.6 · read 37.7 · walls  2.6 · fell 83.5% (mother 31.8%) · prince 14.3% · king  9.2% · crowned  7.0% (median year 38) · 3.7s
try  5 · gen   57 · best    840.9 · elite    418.4 · median    -27.9 · years  23.3 · road 0.33 · starved  1070 · nobles  -1.1 · read 45.2 · walls  2.7 · fell 83.0% (mother 34.8%) · prince 14.9% · king 10.0% · crowned  7.7% (median year 37) · 3.7s
try  6 · gen   57 · best    669.8 · elite    280.0 · median    -29.2 · years  37.4 · road 0.34 · starved  1248 · nobles  -2.3 · read 82.0 · walls  3.6 · fell 83.6% (mother 33.9%) · prince 13.1% · king  6.9% · crowned  4.8% (median year 57) · 3.7s
try  7 · gen   57 · best    687.0 · elite    270.3 · median     -4.6 · years  41.3 · road 0.38 · starved  1615 · nobles  +1.9 · read 31.0 · walls  5.9 · fell 83.5% (mother 39.2%) · prince 11.1% · king  7.4% · crowned  5.0% (median year 69) · 3.7s
try  8 · gen   57 · best    695.8 · elite    376.3 · median      2.0 · years  36.7 · road 0.40 · starved   980 · nobles  +0.2 · read 48.1 · walls  6.6 · fell 84.1% (mother 22.2%) · prince 12.7% · king  9.2% · crowned  7.4% (median year 61) · 3.7s
try  1 · gen   58 · best    810.7 · elite    292.4 · median    -20.6 · years  29.8 · road 0.30 · starved  1106 · nobles  +5.8 · read 39.6 · walls  0.8 · fell 88.1% (mother 28.6%) · prince 11.9% · king  7.8% · crowned  5.3% (median year 50) · 3.7s
try  2 · gen   58 · best    549.8 · elite    149.8 · median    -23.4 · years  44.1 · road 0.37 · starved  1270 · nobles  -3.6 · read 43.8 · walls  8.1 · fell 85.8% (mother 35.1%) · prince  5.3% · king  2.6% · crowned  1.5% (median year 70) · 3.7s
try  3 · gen   58 · best    247.9 · elite     95.3 · median    -16.9 · years  43.0 · road 0.36 · starved   876 · nobles  -4.4 · read 32.0 · walls  6.4 · fell 79.9% (mother 18.7%) · prince  7.5% · king  0.4% · crowned  0.1% (median year 85) · 3.7s
try  4 · gen   58 · best    893.5 · elite    401.2 · median     -4.0 · years  27.5 · road 0.33 · starved  1007 · nobles  +2.9 · read 37.8 · walls  2.5 · fell 83.5% (mother 30.1%) · prince 15.4% · king 10.3% · crowned  7.5% (median year 38) · 3.7s
try  5 · gen   58 · best    873.0 · elite    425.1 · median    -20.0 · years  22.7 · road 0.33 · starved  1035 · nobles  -0.4 · read 44.3 · walls  2.8 · fell 82.7% (mother 33.9%) · prince 15.1% · king 10.6% · crowned  8.0% (median year 37) · 3.7s
try  6 · gen   58 · best    857.2 · elite    320.7 · median    -26.1 · years  35.7 · road 0.34 · starved  1155 · nobles  -3.0 · read 80.0 · walls  3.4 · fell 81.6% (mother 34.0%) · prince 13.7% · king  7.7% · crowned  5.0% (median year 52) · 3.7s
try  7 · gen   58 · best    592.9 · elite    264.3 · median     -4.1 · years  41.9 · road 0.38 · starved  1808 · nobles  +1.5 · read 32.7 · walls  5.7 · fell 84.3% (mother 39.2%) · prince 11.7% · king  7.7% · crowned  5.2% (median year 70) · 3.7s
try  8 · gen   58 · best    589.4 · elite    335.8 · median      2.5 · years  36.0 · road 0.39 · starved   974 · nobles  -0.0 · read 46.4 · walls  6.4 · fell 84.8% (mother 22.3%) · prince 12.8% · king  8.9% · crowned  7.4% (median year 60) · 3.7s
try  1 · gen   59 · best    833.0 · elite    344.5 · median    -17.1 · years  29.0 · road 0.30 · starved  1055 · nobles  +6.4 · read 38.1 · walls  0.9 · fell 87.7% (mother 27.8%) · prince 12.3% · king  8.2% · crowned  6.3% (median year 46) · 3.6s
try  2 · gen   59 · best    587.0 · elite    150.8 · median    -25.4 · years  43.6 · road 0.37 · starved  1317 · nobles  -2.9 · read 39.6 · walls  8.1 · fell 86.5% (mother 38.5%) · prince  5.7% · king  2.5% · crowned  1.6% (median year 68) · 3.6s
try  3 · gen   59 · best    247.6 · elite    108.5 · median    -12.2 · years  43.7 · road 0.36 · starved   893 · nobles  -4.3 · read 32.5 · walls  6.5 · fell 81.7% (mother 20.1%) · prince  9.0% · king  0.3% · crowned  0.1% (median year 72) · 3.6s
try  4 · gen   59 · best    987.3 · elite    435.3 · median     -8.3 · years  26.5 · road 0.33 · starved   973 · nobles  +2.8 · read 36.8 · walls  2.0 · fell 82.6% (mother 30.8%) · prince 15.7% · king 10.1% · crowned  7.5% (median year 35) · 3.6s
try  5 · gen   59 · best    869.6 · elite    434.8 · median     -9.8 · years  22.4 · road 0.33 · starved  1041 · nobles  +0.3 · read 42.6 · walls  2.6 · fell 81.5% (mother 32.6%) · prince 16.2% · king 11.2% · crowned  8.7% (median year 36) · 3.6s
try  6 · gen   59 · best    829.0 · elite    331.8 · median    -24.5 · years  34.2 · road 0.34 · starved  1142 · nobles  -2.3 · read 71.8 · walls  3.1 · fell 82.1% (mother 37.4%) · prince 14.2% · king  7.8% · crowned  5.1% (median year 49) · 3.6s
try  7 · gen   59 · best    537.9 · elite    279.9 · median     -2.0 · years  42.8 · road 0.39 · starved  1873 · nobles  +1.0 · read 33.1 · walls  5.6 · fell 82.9% (mother 38.2%) · prince 12.7% · king  8.0% · crowned  5.3% (median year 68) · 3.6s
try  8 · gen   59 · best    861.3 · elite    347.6 · median     -0.7 · years  35.2 · road 0.38 · starved   993 · nobles  -0.1 · read 45.6 · walls  5.8 · fell 85.1% (mother 23.7%) · prince 13.1% · king  8.8% · crowned  6.9% (median year 59) · 3.6s
try  1 · gen   60 · best    831.1 · elite    359.9 · median    -20.2 · years  29.1 · road 0.30 · starved  1111 · nobles  +6.7 · read 39.1 · walls  1.0 · fell 88.6% (mother 28.8%) · prince 13.0% · king  8.4% · crowned  6.4% (median year 48) · 3.8s
try  2 · gen   60 · best    356.7 · elite    134.3 · median    -29.9 · years  43.0 · road 0.37 · starved  1344 · nobles  -2.9 · read 38.4 · walls  8.0 · fell 86.8% (mother 39.2%) · prince  5.0% · king  2.2% · crowned  1.1% (median year 69) · 3.8s
try  3 · gen   60 · best    263.4 · elite    107.7 · median    -10.1 · years  43.3 · road 0.37 · starved   896 · nobles  -4.4 · read 30.8 · walls  6.6 · fell 81.8% (mother 20.2%) · prince  9.7% · king  0.5% · crowned  0.2% (median year 57) · 3.8s
try  4 · gen   60 · best    855.7 · elite    495.3 · median     19.4 · years  25.9 · road 0.33 · starved   889 · nobles  +2.1 · read 35.5 · walls  1.8 · fell 80.7% (mother 28.0%) · prince 18.1% · king 12.8% · crowned  9.2% (median year 34) · 3.8s
try  5 · gen   60 · best    957.5 · elite    458.7 · median    -13.6 · years  22.9 · road 0.33 · starved  1039 · nobles  +0.0 · read 42.3 · walls  2.5 · fell 82.0% (mother 33.7%) · prince 16.1% · king 11.3% · crowned  8.5% (median year 36) · 3.8s
try  6 · gen   60 · best    839.1 · elite    340.9 · median    -24.4 · years  33.3 · road 0.35 · starved  1125 · nobles  -2.0 · read 67.6 · walls  3.2 · fell 82.3% (mother 38.7%) · prince 14.1% · king  7.8% · crowned  5.4% (median year 48) · 3.8s
try  7 · gen   60 · best    594.5 · elite    286.2 · median     -2.8 · years  42.7 · road 0.39 · starved  2703 · nobles  +0.8 · read 32.1 · walls  5.6 · fell 83.5% (mother 37.2%) · prince 12.9% · king  8.0% · crowned  5.4% (median year 69) · 3.8s
try  8 · gen   60 · best    814.1 · elite    357.2 · median     -3.8 · years  34.6 · road 0.38 · starved   927 · nobles  +0.0 · read 43.3 · walls  5.5 · fell 84.8% (mother 20.7%) · prince 12.6% · king  8.6% · crowned  7.0% (median year 58) · 3.8s
try  1 · gen   61 · best    885.9 · elite    372.9 · median    -17.8 · years  29.3 · road 0.30 · starved  1034 · nobles  +5.9 · read 39.5 · walls  1.1 · fell 87.2% (mother 29.0%) · prince 13.8% · king  9.0% · crowned  6.5% (median year 47) · 3.7s
try  2 · gen   61 · best    497.4 · elite    162.1 · median    -14.9 · years  44.5 · road 0.38 · starved  1545 · nobles  -4.0 · read 45.5 · walls  7.8 · fell 82.9% (mother 38.5%) · prince  5.7% · king  3.0% · crowned  1.8% (median year 67) · 3.7s
try  3 · gen   61 · best    242.2 · elite    104.6 · median    -13.8 · years  43.0 · road 0.37 · starved   951 · nobles  -4.2 · read 29.7 · walls  6.7 · fell 80.8% (mother 20.9%) · prince  9.9% · king  0.3% · crowned  0.1% (median year 56) · 3.7s
try  4 · gen   61 · best    911.3 · elite    482.0 · median     10.4 · years  25.8 · road 0.33 · starved   880 · nobles  +2.8 · read 34.3 · walls  1.7 · fell 81.0% (mother 31.5%) · prince 17.4% · king 11.6% · crowned  8.6% (median year 35) · 3.7s
try  5 · gen   61 · best   1109.4 · elite    480.7 · median     -8.2 · years  23.1 · road 0.34 · starved  1023 · nobles  +0.0 · read 43.0 · walls  2.5 · fell 80.1% (mother 28.6%) · prince 17.2% · king 12.0% · crowned  9.4% (median year 36) · 3.7s
try  6 · gen   61 · best    823.3 · elite    376.2 · median    -15.7 · years  31.9 · road 0.34 · starved  1038 · nobles  -0.8 · read 60.5 · walls  3.0 · fell 80.7% (mother 37.2%) · prince 15.1% · king  9.3% · crowned  6.4% (median year 46) · 3.7s
try  7 · gen   61 · best    736.5 · elite    324.9 · median      0.7 · years  41.8 · road 0.39 · starved  1923 · nobles  +1.3 · read 30.0 · walls  5.5 · fell 82.4% (mother 37.5%) · prince 13.4% · king  8.3% · crowned  6.0% (median year 68) · 3.7s
try  8 · gen   61 · best    596.6 · elite    352.4 · median     -2.8 · years  34.2 · road 0.38 · starved  1228 · nobles  +0.7 · read 42.9 · walls  5.5 · fell 85.1% (mother 20.7%) · prince 12.8% · king  8.9% · crowned  7.4% (median year 59) · 3.7s
try  1 · gen   62 · best    858.8 · elite    358.2 · median     -8.2 · years  29.3 · road 0.30 · starved  1117 · nobles  +5.5 · read 38.5 · walls  1.1 · fell 87.2% (mother 28.0%) · prince 14.1% · king  9.3% · crowned  7.0% (median year 46) · 3.6s
try  2 · gen   62 · best    355.3 · elite    155.0 · median    -26.5 · years  44.0 · road 0.37 · starved  1339 · nobles  -3.4 · read 42.2 · walls  7.8 · fell 85.8% (mother 41.2%) · prince  5.9% · king  2.7% · crowned  1.5% (median year 67) · 3.6s
try  3 · gen   62 · best    222.0 · elite    102.2 · median    -13.3 · years  43.3 · road 0.37 · starved  1000 · nobles  -4.4 · read 29.4 · walls  6.9 · fell 81.2% (mother 18.6%) · prince  9.3% · king  0.4% · crowned  0.2% (median year 87) · 3.6s
try  4 · gen   62 · best    988.1 · elite    469.5 · median      6.6 · years  25.6 · road 0.34 · starved   886 · nobles  +2.2 · read 33.9 · walls  1.9 · fell 80.2% (mother 30.5%) · prince 17.7% · king 11.4% · crowned  8.6% (median year 33) · 3.6s
try  5 · gen   62 · best   1127.0 · elite    500.6 · median      7.8 · years  23.1 · road 0.35 · starved   975 · nobles  +0.3 · read 44.1 · walls  2.7 · fell 78.9% (mother 26.9%) · prince 17.5% · king 12.1% · crowned  9.4% (median year 34) · 3.6s
try  6 · gen   62 · best    910.4 · elite    368.2 · median    -17.2 · years  30.8 · road 0.34 · starved  1023 · nobles  -0.7 · read 53.5 · walls  2.9 · fell 80.5% (mother 35.9%) · prince 15.2% · king  9.8% · crowned  6.3% (median year 44) · 3.6s
try  7 · gen   62 · best    538.7 · elite    310.1 · median      1.1 · years  42.4 · road 0.39 · starved  1578 · nobles  +1.1 · read 32.2 · walls  5.6 · fell 82.8% (mother 35.2%) · prince 14.4% · king  8.8% · crowned  6.2% (median year 68) · 3.6s
try  8 · gen   62 · best    844.1 · elite    337.4 · median     -4.6 · years  33.7 · road 0.37 · starved   924 · nobles  +0.2 · read 42.4 · walls  5.4 · fell 84.4% (mother 20.4%) · prince 12.8% · king  8.9% · crowned  7.2% (median year 59) · 3.6s
try  1 · gen   63 · best    786.2 · elite    380.9 · median    -13.0 · years  28.7 · road 0.30 · starved  1071 · nobles  +6.1 · read 35.8 · walls  1.1 · fell 87.3% (mother 29.3%) · prince 15.1% · king  9.6% · crowned  6.8% (median year 46) · 3.7s
try  2 · gen   63 · best    390.3 · elite    150.9 · median    -27.6 · years  43.2 · road 0.37 · starved  1402 · nobles  -3.4 · read 40.3 · walls  7.5 · fell 84.4% (mother 41.9%) · prince  5.5% · king  2.6% · crowned  1.5% (median year 63) · 3.7s
try  3 · gen   63 · best    304.9 · elite    107.1 · median    -10.4 · years  42.4 · road 0.37 · starved   933 · nobles  -4.4 · read 28.4 · walls  7.0 · fell 81.8% (mother 19.4%) · prince  9.8% · king  0.5% · crowned  0.2% (median year 72) · 3.7s
try  4 · gen   63 · best    862.0 · elite    479.7 · median     13.0 · years  25.3 · road 0.33 · starved   856 · nobles  +2.8 · read 34.9 · walls  1.7 · fell 79.6% (mother 30.3%) · prince 18.3% · king 11.6% · crowned  8.9% (median year 33) · 3.7s
try  5 · gen   63 · best    919.9 · elite    538.3 · median      2.9 · years  22.7 · road 0.36 · starved   981 · nobles  +0.2 · read 44.0 · walls  2.8 · fell 76.9% (mother 24.2%) · prince 17.2% · king 12.8% · crowned 10.3% (median year 34) · 3.7s
try  6 · gen   63 · best    898.8 · elite    410.6 · median     -8.6 · years  30.6 · road 0.34 · starved   980 · nobles  +0.0 · read 51.5 · walls  2.5 · fell 79.4% (mother 33.8%) · prince 16.0% · king  9.9% · crowned  7.2% (median year 43) · 3.7s
try  7 · gen   63 · best    769.2 · elite    317.1 · median      3.9 · years  43.2 · road 0.40 · starved  2125 · nobles  +1.1 · read 33.3 · walls  5.8 · fell 82.4% (mother 35.3%) · prince 15.2% · king  8.9% · crowned  6.3% (median year 69) · 3.7s
try  8 · gen   63 · best    635.6 · elite    366.8 · median     -4.8 · years  33.2 · road 0.37 · starved   939 · nobles  +0.8 · read 41.6 · walls  5.4 · fell 84.8% (mother 21.4%) · prince 11.9% · king  8.7% · crowned  7.4% (median year 57) · 3.7s
try  1 · gen   64 · best    731.6 · elite    345.6 · median    -19.5 · years  28.6 · road 0.30 · starved  1148 · nobles  +6.2 · read 34.1 · walls  1.1 · fell 88.9% (mother 30.4%) · prince 13.7% · king  8.7% · crowned  6.3% (median year 48) · 3.5s
try  2 · gen   64 · best    405.0 · elite    162.8 · median    -22.3 · years  42.7 · road 0.37 · starved  1499 · nobles  -3.3 · read 39.1 · walls  7.5 · fell 83.8% (mother 40.9%) · prince  5.8% · king  3.0% · crowned  1.7% (median year 63) · 3.5s
try  3 · gen   64 · best    232.7 · elite    117.1 · median     -9.0 · years  43.0 · road 0.37 · starved   980 · nobles  -4.2 · read 28.6 · walls  7.0 · fell 80.7% (mother 16.8%) · prince 10.3% · king  0.7% · crowned  0.3% (median year 84) · 3.5s
try  4 · gen   64 · best    884.9 · elite    476.5 · median     12.9 · years  24.8 · road 0.33 · starved   870 · nobles  +2.4 · read 33.0 · walls  1.7 · fell 81.2% (mother 33.0%) · prince 17.9% · king 11.8% · crowned  8.7% (median year 32) · 3.5s
try  5 · gen   64 · best    795.2 · elite    474.9 · median     26.4 · years  22.4 · road 0.36 · starved   968 · nobles  +0.3 · read 42.8 · walls  2.9 · fell 79.7% (mother 27.1%) · prince 17.8% · king 12.1% · crowned  9.7% (median year 33) · 3.5s
try  6 · gen   64 · best    760.5 · elite    360.1 · median    -11.5 · years  30.0 · road 0.34 · starved  1042 · nobles  -0.9 · read 47.2 · walls  2.3 · fell 80.7% (mother 35.8%) · prince 15.9% · king  9.4% · crowned  6.0% (median year 42) · 3.5s
try  7 · gen   64 · best    533.6 · elite    322.3 · median     10.7 · years  43.6 · road 0.40 · starved  1440 · nobles  +1.5 · read 34.4 · walls  5.9 · fell 81.6% (mother 35.6%) · prince 15.3% · king  9.2% · crowned  6.8% (median year 70) · 3.5s
try  8 · gen   64 · best    720.5 · elite    331.5 · median     -7.9 · years  32.5 · road 0.37 · starved   998 · nobles  +0.7 · read 40.0 · walls  5.2 · fell 85.4% (mother 24.1%) · prince 11.8% · king  8.1% · crowned  6.4% (median year 56) · 3.5s
try  1 · gen   65 · best    650.0 · elite    355.5 · median    -16.5 · years  28.4 · road 0.30 · starved  1100 · nobles  +5.9 · read 31.7 · walls  0.9 · fell 88.6% (mother 28.8%) · prince 13.8% · king  9.1% · crowned  6.5% (median year 46) · 3.6s
try  2 · gen   65 · best    539.9 · elite    178.8 · median    -21.4 · years  42.1 · road 0.37 · starved  1450 · nobles  -2.8 · read 36.8 · walls  7.5 · fell 84.8% (mother 42.7%) · prince  6.7% · king  3.4% · crowned  2.1% (median year 64) · 3.6s
try  3 · gen   65 · best    278.2 · elite    116.6 · median    -12.7 · years  43.2 · road 0.37 · starved   988 · nobles  -4.3 · read 29.3 · walls  7.0 · fell 82.1% (mother 18.5%) · prince 10.2% · king  0.7% · crowned  0.3% (median year 74) · 3.6s
try  4 · gen   65 · best    963.0 · elite    471.6 · median     20.1 · years  24.8 · road 0.33 · starved   866 · nobles  +2.6 · read 32.7 · walls  1.7 · fell 80.7% (mother 33.0%) · prince 17.3% · king 11.2% · crowned  8.7% (median year 32) · 3.6s
try  5 · gen   65 · best    962.4 · elite    513.6 · median     38.7 · years  22.8 · road 0.37 · starved   959 · nobles  -0.5 · read 42.4 · walls  3.1 · fell 78.7% (mother 27.1%) · prince 18.3% · king 12.9% · crowned 10.2% (median year 33) · 3.6s
try  6 · gen   65 · best    918.5 · elite    390.9 · median    -10.9 · years  29.3 · road 0.35 · starved  1030 · nobles  -1.1 · read 41.0 · walls  2.1 · fell 81.6% (mother 38.1%) · prince 17.1% · king  9.5% · crowned  5.9% (median year 39) · 3.6s
try  7 · gen   65 · best    582.2 · elite    292.2 · median      7.4 · years  42.5 · road 0.40 · starved  1373 · nobles  +1.3 · read 34.8 · walls  5.6 · fell 82.4% (mother 38.0%) · prince 14.6% · king  8.9% · crowned  5.7% (median year 70) · 3.6s
try  8 · gen   65 · best    606.0 · elite    335.7 · median     -7.6 · years  31.8 · road 0.36 · starved  1476 · nobles  +1.2 · read 39.0 · walls  4.9 · fell 86.0% (mother 26.2%) · prince 12.3% · king  8.6% · crowned  7.1% (median year 57) · 3.6s
try  1 · gen   66 · best    696.7 · elite    379.5 · median    -13.0 · years  28.2 · road 0.30 · starved  1053 · nobles  +5.3 · read 29.7 · walls  1.0 · fell 87.1% (mother 27.2%) · prince 14.5% · king  9.6% · crowned  6.8% (median year 44) · 3.5s
try  2 · gen   66 · best    519.3 · elite    173.1 · median    -31.1 · years  40.5 · road 0.36 · starved  1520 · nobles  -1.6 · read 29.2 · walls  7.7 · fell 86.7% (mother 44.1%) · prince  7.2% · king  3.6% · crowned  2.3% (median year 67) · 3.5s
try  3 · gen   66 · best    284.0 · elite    114.7 · median    -12.1 · years  41.1 · road 0.37 · starved   936 · nobles  -3.9 · read 28.1 · walls  6.8 · fell 82.6% (mother 19.4%) · prince  9.7% · king  0.7% · crowned  0.3% (median year 73) · 3.5s
try  4 · gen   66 · best    891.2 · elite    469.3 · median     10.5 · years  24.4 · road 0.33 · starved   880 · nobles  +2.1 · read 31.7 · walls  1.6 · fell 81.5% (mother 34.6%) · prince 18.0% · king 12.2% · crowned  8.7% (median year 31) · 3.5s
try  5 · gen   66 · best    891.0 · elite    486.2 · median      3.6 · years  22.6 · road 0.38 · starved   977 · nobles  -1.5 · read 41.7 · walls  3.3 · fell 80.5% (mother 30.2%) · prince 16.9% · king 11.8% · crowned  9.1% (median year 33) · 3.5s
try  6 · gen   66 · best    827.4 · elite    407.6 · median    -12.3 · years  29.4 · road 0.35 · starved  1067 · nobles  -1.2 · read 38.7 · walls  2.2 · fell 80.0% (mother 37.8%) · prince 18.2% · king 10.2% · crowned  6.5% (median year 39) · 3.5s
try  7 · gen   66 · best    673.1 · elite    336.9 · median      7.7 · years  43.7 · road 0.40 · starved  1436 · nobles  +1.6 · read 36.0 · walls  5.7 · fell 80.6% (mother 35.8%) · prince 16.5% · king  9.7% · crowned  6.7% (median year 68) · 3.5s
try  8 · gen   66 · best    595.7 · elite    340.6 · median     -2.4 · years  32.2 · road 0.37 · starved  1440 · nobles  +1.6 · read 38.0 · walls  5.0 · fell 85.6% (mother 23.2%) · prince 12.9% · king  8.8% · crowned  6.8% (median year 56) · 3.5s
try  1 · gen   67 · best    915.8 · elite    383.0 · median    -14.3 · years  27.4 · road 0.30 · starved  1067 · nobles  +5.4 · read 26.5 · walls  0.9 · fell 88.6% (mother 28.4%) · prince 14.1% · king 10.1% · crowned  6.8% (median year 44) · 3.5s
try  2 · gen   67 · best    707.3 · elite    187.2 · median    -35.0 · years  41.5 · road 0.35 · starved  1628 · nobles  -1.0 · read 29.4 · walls  7.8 · fell 87.3% (mother 43.7%) · prince  7.6% · king  3.6% · crowned  2.4% (median year 67) · 3.5s
try  3 · gen   67 · best    500.2 · elite    133.9 · median    -18.6 · years  40.5 · road 0.37 · starved  1018 · nobles  -3.4 · read 27.9 · walls  6.7 · fell 84.5% (mother 20.4%) · prince 10.0% · king  1.1% · crowned  0.6% (median year 72) · 3.5s
try  4 · gen   67 · best    891.1 · elite    474.8 · median     14.9 · years  23.8 · road 0.33 · starved   858 · nobles  +1.4 · read 29.8 · walls  1.6 · fell 81.3% (mother 34.6%) · prince 18.0% · king 11.9% · crowned  8.6% (median year 30) · 3.5s
try  5 · gen   67 · best   1159.3 · elite    498.1 · median      9.6 · years  23.0 · road 0.38 · starved  1029 · nobles  -2.1 · read 42.5 · walls  3.4 · fell 81.2% (mother 32.6%) · prince 18.2% · king 12.5% · crowned  8.9% (median year 32) · 3.5s
try  6 · gen   67 · best    931.1 · elite    445.4 · median     -6.1 · years  28.7 · road 0.35 · starved   971 · nobles  +0.2 · read 38.2 · walls  2.1 · fell 77.8% (mother 30.9%) · prince 17.3% · king 10.4% · crowned  7.3% (median year 38) · 3.5s
try  7 · gen   67 · best    603.7 · elite    338.9 · median      6.6 · years  45.6 · road 0.40 · starved  1487 · nobles  +1.0 · read 40.0 · walls  5.9 · fell 80.0% (mother 36.6%) · prince 17.0% · king 10.4% · crowned  7.0% (median year 69) · 3.5s
try  8 · gen   67 · best    841.1 · elite    387.0 · median     -3.1 · years  32.2 · road 0.37 · starved  1065 · nobles  +1.9 · read 37.8 · walls  5.2 · fell 85.7% (mother 26.2%) · prince 13.0% · king  9.0% · crowned  7.2% (median year 55) · 3.5s
try  1 · gen   68 · best    865.2 · elite    386.9 · median    -14.5 · years  27.4 · road 0.30 · starved  1070 · nobles  +6.3 · read 24.9 · walls  1.0 · fell 87.2% (mother 27.5%) · prince 14.4% · king  9.6% · crowned  7.2% (median year 45) · 3.5s
try  2 · gen   68 · best    491.7 · elite    196.6 · median    -40.8 · years  40.5 · road 0.35 · starved  1735 · nobles  -0.5 · read 25.2 · walls  7.9 · fell 87.7% (mother 46.0%) · prince  9.1% · king  4.2% · crowned  2.8% (median year 67) · 3.5s
try  3 · gen   68 · best    392.8 · elite    141.4 · median    -13.0 · years  40.0 · road 0.37 · starved   965 · nobles  -2.7 · read 28.9 · walls  6.8 · fell 85.0% (mother 19.3%) · prince 10.3% · king  1.8% · crowned  0.9% (median year 80) · 3.5s
try  4 · gen   68 · best    784.8 · elite    492.4 · median     24.3 · years  23.5 · road 0.33 · starved   849 · nobles  +2.1 · read 28.9 · walls  1.5 · fell 80.4% (mother 34.3%) · prince 18.1% · king 12.8% · crowned  9.5% (median year 30) · 3.5s
try  5 · gen   68 · best   1169.7 · elite    508.8 · median     15.2 · years  23.6 · road 0.39 · starved  1043 · nobles  -2.7 · read 43.1 · walls  3.7 · fell 80.0% (mother 32.1%) · prince 18.5% · king 13.3% · crowned  9.4% (median year 32) · 3.5s
try  6 · gen   68 · best   1063.0 · elite    431.9 · median     -6.5 · years  28.1 · road 0.35 · starved  1008 · nobles  -0.0 · read 35.4 · walls  2.2 · fell 78.5% (mother 31.5%) · prince 17.8% · king 10.9% · crowned  7.6% (median year 38) · 3.5s
try  7 · gen   68 · best    596.1 · elite    343.2 · median     18.7 · years  46.2 · road 0.40 · starved  1502 · nobles  +1.0 · read 47.4 · walls  6.0 · fell 77.8% (mother 36.8%) · prince 18.1% · king 11.7% · crowned  8.0% (median year 67) · 3.5s
try  8 · gen   68 · best    717.9 · elite    357.0 · median      3.2 · years  32.1 · road 0.37 · starved  1148 · nobles  +2.1 · read 37.7 · walls  5.3 · fell 85.4% (mother 27.2%) · prince 13.4% · king  9.1% · crowned  7.4% (median year 54) · 3.5s
try  1 · gen   69 · best    679.1 · elite    377.6 · median    -13.5 · years  27.7 · road 0.30 · starved  1091 · nobles  +6.5 · read 24.3 · walls  1.0 · fell 87.5% (mother 27.9%) · prince 14.6% · king  9.8% · crowned  7.1% (median year 45) · 3.5s
try  2 · gen   69 · best    413.7 · elite    205.4 · median    -38.2 · years  39.9 · road 0.35 · starved  2138 · nobles  +0.2 · read 23.5 · walls  7.9 · fell 87.5% (mother 42.3%) · prince 10.4% · king  5.2% · crowned  3.5% (median year 69) · 3.5s
try  3 · gen   69 · best    416.8 · elite    171.3 · median     -9.2 · years  40.0 · road 0.37 · starved  1022 · nobles  -2.6 · read 30.5 · walls  6.8 · fell 84.8% (mother 19.2%) · prince 12.3% · king  2.8% · crowned  1.6% (median year 75) · 3.5s
try  4 · gen   69 · best    943.4 · elite    509.9 · median     29.4 · years  23.4 · road 0.34 · starved   810 · nobles  +1.9 · read 26.8 · walls  1.7 · fell 80.4% (mother 34.0%) · prince 18.4% · king 12.4% · crowned  9.6% (median year 30) · 3.5s
try  5 · gen   69 · best    864.7 · elite    494.5 · median     13.1 · years  23.7 · road 0.41 · starved  1078 · nobles  -3.5 · read 43.3 · walls  4.2 · fell 81.3% (mother 37.8%) · prince 17.8% · king 12.4% · crowned  9.0% (median year 32) · 3.5s
try  6 · gen   69 · best    917.2 · elite    470.0 · median      9.4 · years  27.8 · road 0.35 · starved  1015 · nobles  +0.7 · read 36.1 · walls  2.5 · fell 76.9% (mother 28.3%) · prince 18.2% · king 11.5% · crowned  8.5% (median year 37) · 3.5s
try  7 · gen   69 · best    614.4 · elite    357.3 · median     18.5 · years  46.4 · road 0.40 · starved  1537 · nobles  +0.8 · read 53.6 · walls  6.0 · fell 77.9% (mother 35.9%) · prince 18.7% · king 12.4% · crowned  8.2% (median year 68) · 3.5s
try  8 · gen   69 · best    864.3 · elite    408.0 · median      5.8 · years  31.3 · road 0.37 · starved  1091 · nobles  +2.4 · read 36.6 · walls  5.2 · fell 84.1% (mother 29.3%) · prince 13.7% · king 10.1% · crowned  8.3% (median year 53) · 3.5s
try  1 · gen   70 · best    658.3 · elite    366.9 · median    -12.6 · years  27.7 · road 0.30 · starved  1216 · nobles  +6.5 · read 23.2 · walls  1.0 · fell 87.9% (mother 28.8%) · prince 14.5% · king  9.7% · crowned  6.5% (median year 44) · 3.5s
try  2 · gen   70 · best    720.1 · elite    229.7 · median    -36.5 · years  39.5 · road 0.35 · starved  2412 · nobles  +1.2 · read 25.3 · walls  8.0 · fell 86.2% (mother 40.7%) · prince 12.3% · king  6.0% · crowned  4.0% (median year 66) · 3.5s
try  3 · gen   70 · best    570.2 · elite    209.8 · median    -15.5 · years  37.9 · road 0.37 · starved  1035 · nobles  -0.9 · read 30.4 · walls  6.6 · fell 87.2% (mother 20.8%) · prince 12.9% · king  4.0% · crowned  2.6% (median year 75) · 3.5s
try  4 · gen   70 · best   1197.1 · elite    486.9 · median     22.5 · years  23.2 · road 0.34 · starved   830 · nobles  +2.0 · read 26.7 · walls  1.7 · fell 81.8% (mother 37.7%) · prince 18.2% · king 12.5% · crowned  9.4% (median year 30) · 3.5s
try  5 · gen   70 · best    942.9 · elite    508.7 · median      6.9 · years  23.7 · road 0.41 · starved  1134 · nobles  -3.3 · read 42.5 · walls  4.3 · fell 81.4% (mother 38.6%) · prince 18.2% · king 13.0% · crowned  8.6% (median year 32) · 3.5s
try  6 · gen   70 · best    795.1 · elite    457.6 · median     12.6 · years  27.7 · road 0.36 · starved  1017 · nobles  +0.8 · read 35.6 · walls  2.5 · fell 77.9% (mother 29.6%) · prince 19.4% · king 12.1% · crowned  8.3% (median year 37) · 3.5s
try  7 · gen   70 · best    811.4 · elite    389.0 · median     27.2 · years  45.3 · road 0.39 · starved  1453 · nobles  +2.0 · read 59.3 · walls  6.1 · fell 74.4% (mother 31.2%) · prince 18.0% · king 12.8% · crowned  9.4% (median year 66) · 3.5s
try  8 · gen   70 · best    816.2 · elite    386.1 · median     11.5 · years  31.9 · road 0.38 · starved  1013 · nobles  +2.7 · read 37.2 · walls  5.2 · fell 84.6% (mother 29.3%) · prince 13.8% · king  9.8% · crowned  8.2% (median year 55) · 3.5s
try  1 · gen   71 · best    857.3 · elite    393.7 · median    -12.3 · years  27.8 · road 0.30 · starved  1117 · nobles  +7.4 · read 21.3 · walls  1.0 · fell 87.0% (mother 26.5%) · prince 14.8% · king  9.8% · crowned  7.1% (median year 43) · 3.7s
try  2 · gen   71 · best    518.3 · elite    235.9 · median    -36.8 · years  38.2 · road 0.36 · starved  2197 · nobles  +1.4 · read 25.4 · walls  8.1 · fell 86.1% (mother 39.6%) · prince 12.5% · king  6.0% · crowned  4.2% (median year 69) · 3.7s
try  3 · gen   71 · best    399.6 · elite    223.6 · median    -18.9 · years  36.8 · road 0.37 · starved  1071 · nobles  +0.0 · read 30.2 · walls  6.4 · fell 87.1% (mother 22.8%) · prince 12.5% · king  4.6% · crowned  3.0% (median year 71) · 3.7s
try  4 · gen   71 · best    741.6 · elite    477.5 · median     34.1 · years  23.2 · road 0.33 · starved   844 · nobles  +3.1 · read 24.6 · walls  1.5 · fell 82.2% (mother 35.8%) · prince 18.2% · king 12.7% · crowned  9.6% (median year 30) · 3.7s
try  5 · gen   71 · best    894.3 · elite    495.6 · median     10.9 · years  23.7 · road 0.41 · starved  1174 · nobles  -3.3 · read 43.2 · walls  4.4 · fell 81.0% (mother 41.3%) · prince 18.3% · king 12.5% · crowned  8.4% (median year 31) · 3.7s
try  6 · gen   71 · best    715.9 · elite    466.5 · median      9.3 · years  27.3 · road 0.36 · starved  1000 · nobles  +0.6 · read 35.0 · walls  2.5 · fell 76.7% (mother 29.2%) · prince 19.1% · king 11.6% · crowned  8.4% (median year 36) · 3.7s
try  7 · gen   71 · best    778.6 · elite    403.1 · median     26.7 · years  44.4 · road 0.39 · starved  1318 · nobles  +2.7 · read 61.1 · walls  6.1 · fell 73.4% (mother 29.6%) · prince 18.3% · king 13.1% · crowned  9.9% (median year 65) · 3.7s
try  8 · gen   71 · best    811.8 · elite    417.9 · median     18.4 · years  31.9 · road 0.38 · starved  1049 · nobles  +2.9 · read 37.4 · walls  5.0 · fell 82.8% (mother 28.6%) · prince 15.0% · king 11.2% · crowned  9.2% (median year 53) · 3.7s
try  1 · gen   72 · best    869.9 · elite    448.1 · median     -5.9 · years  27.4 · road 0.30 · starved  1029 · nobles  +7.3 · read 18.0 · walls  1.0 · fell 85.1% (mother 26.2%) · prince 15.1% · king 10.8% · crowned  8.2% (median year 43) · 3.6s
try  2 · gen   72 · best    700.1 · elite    263.7 · median    -31.4 · years  38.5 · road 0.36 · starved  2188 · nobles  +1.7 · read 26.6 · walls  8.1 · fell 86.3% (mother 40.3%) · prince 12.7% · king  6.6% · crowned  4.5% (median year 68) · 3.6s
try  3 · gen   72 · best    519.6 · elite    254.4 · median    -15.7 · years  36.6 · road 0.38 · starved  1116 · nobles  +0.1 · read 31.7 · walls  6.0 · fell 87.9% (mother 23.1%) · prince 12.7% · king  5.9% · crowned  4.0% (median year 73) · 3.6s
try  4 · gen   72 · best    792.9 · elite    487.1 · median     17.8 · years  23.1 · road 0.33 · starved   836 · nobles  +3.1 · read 23.9 · walls  1.5 · fell 82.3% (mother 36.4%) · prince 17.3% · king 12.1% · crowned  9.1% (median year 30) · 3.6s
try  5 · gen   72 · best   1102.3 · elite    507.5 · median     25.1 · years  22.6 · road 0.41 · starved  1151 · nobles  -2.7 · read 41.5 · walls  4.3 · fell 79.9% (mother 41.5%) · prince 18.4% · king 13.5% · crowned  9.7% (median year 31) · 3.6s
try  6 · gen   72 · best    941.8 · elite    474.9 · median     15.4 · years  27.1 · road 0.36 · starved   997 · nobles  +0.6 · read 34.8 · walls  2.4 · fell 76.9% (mother 29.1%) · prince 19.6% · king 12.5% · crowned  8.4% (median year 35) · 3.6s
try  7 · gen   72 · best    750.7 · elite    424.3 · median     26.0 · years  44.2 · road 0.39 · starved  1321 · nobles  +3.2 · read 61.3 · walls  6.1 · fell 73.6% (mother 28.6%) · prince 18.8% · king 13.5% · crowned  9.9% (median year 64) · 3.6s
try  8 · gen   72 · best    653.7 · elite    432.3 · median     11.8 · years  31.9 · road 0.38 · starved  1024 · nobles  +2.6 · read 36.6 · walls  4.9 · fell 82.6% (mother 29.4%) · prince 15.7% · king 11.1% · crowned  9.2% (median year 52) · 3.6s
try  1 · gen   73 · best    909.4 · elite    456.0 · median     -4.6 · years  26.8 · road 0.30 · starved  1002 · nobles  +7.8 · read 18.4 · walls  1.0 · fell 84.6% (mother 26.6%) · prince 15.7% · king 11.1% · crowned  8.6% (median year 40) · 3.5s
try  2 · gen   73 · best    579.5 · elite    242.6 · median    -25.7 · years  39.5 · road 0.36 · starved  2527 · nobles  +2.0 · read 29.4 · walls  8.1 · fell 84.9% (mother 38.5%) · prince 13.5% · king  7.2% · crowned  5.2% (median year 69) · 3.5s
try  3 · gen   73 · best    590.3 · elite    259.0 · median     -9.8 · years  36.1 · road 0.38 · starved  1069 · nobles  +0.6 · read 29.1 · walls  5.6 · fell 87.3% (mother 24.0%) · prince 13.3% · king  6.6% · crowned  4.3% (median year 68) · 3.5s
try  4 · gen   73 · best   1162.9 · elite    532.9 · median     28.1 · years  22.8 · road 0.33 · starved   828 · nobles  +2.6 · read 23.4 · walls  1.5 · fell 81.6% (mother 37.3%) · prince 18.2% · king 12.9% · crowned 10.1% (median year 30) · 3.5s
try  5 · gen   73 · best    963.6 · elite    528.9 · median     35.5 · years  23.4 · road 0.42 · starved  1161 · nobles  -2.4 · read 43.7 · walls  4.6 · fell 77.7% (mother 40.1%) · prince 19.6% · king 14.0% · crowned  9.9% (median year 31) · 3.5s
try  6 · gen   73 · best    868.7 · elite    464.0 · median     12.8 · years  26.5 · road 0.36 · starved   985 · nobles  -0.2 · read 34.0 · walls  2.2 · fell 75.6% (mother 26.2%) · prince 18.7% · king 12.8% · crowned  8.3% (median year 34) · 3.5s
try  7 · gen   73 · best    855.2 · elite    443.5 · median     38.6 · years  42.9 · road 0.39 · starved  1250 · nobles  +3.5 · read 56.8 · walls  6.0 · fell 72.9% (mother 29.5%) · prince 19.3% · king 13.2% · crowned  9.9% (median year 60) · 3.5s
try  8 · gen   73 · best    853.9 · elite    443.7 · median     12.0 · years  31.6 · road 0.38 · starved   951 · nobles  +2.5 · read 36.0 · walls  4.5 · fell 81.3% (mother 26.9%) · prince 15.5% · king 11.0% · crowned  9.3% (median year 50) · 3.5s
try  1 · gen   74 · best   1167.9 · elite    485.7 · median      4.7 · years  26.3 · road 0.31 · starved  1105 · nobles  +7.9 · read 18.0 · walls  0.9 · fell 83.4% (mother 30.2%) · prince 16.4% · king 11.8% · crowned  8.8% (median year 39) · 3.6s
try  2 · gen   74 · best    563.5 · elite    248.9 · median    -28.5 · years  40.6 · road 0.37 · starved  2985 · nobles  +2.5 · read 30.5 · walls  8.2 · fell 84.7% (mother 38.5%) · prince 13.6% · king  7.6% · crowned  5.3% (median year 71) · 3.6s
try  3 · gen   74 · best    858.5 · elite    285.4 · median     -8.9 · years  34.9 · road 0.38 · starved  1080 · nobles  +0.9 · read 27.6 · walls  5.1 · fell 86.8% (mother 25.0%) · prince 13.2% · king  7.0% · crowned  4.8% (median year 66) · 3.6s
try  4 · gen   74 · best    744.3 · elite    493.7 · median     13.5 · years  22.7 · road 0.33 · starved   861 · nobles  +2.8 · read 22.9 · walls  1.5 · fell 82.2% (mother 38.3%) · prince 18.0% · king 12.1% · crowned  9.1% (median year 30) · 3.6s
try  5 · gen   74 · best    949.6 · elite    520.5 · median     59.0 · years  23.3 · road 0.42 · starved  1189 · nobles  -2.0 · read 41.4 · walls  4.7 · fell 76.6% (mother 42.9%) · prince 20.0% · king 14.4% · crowned 10.4% (median year 31) · 3.6s
try  6 · gen   74 · best    843.7 · elite    496.2 · median     16.8 · years  26.0 · road 0.36 · starved  1020 · nobles  +0.2 · read 33.8 · walls  2.4 · fell 73.8% (mother 27.9%) · prince 19.6% · king 13.1% · crowned  9.2% (median year 34) · 3.6s
try  7 · gen   74 · best    793.0 · elite    431.2 · median     46.5 · years  42.5 · road 0.39 · starved  1193 · nobles  +3.7 · read 55.0 · walls  6.0 · fell 72.6% (mother 31.1%) · prince 20.0% · king 13.2% · crowned 10.1% (median year 60) · 3.6s
try  8 · gen   74 · best    806.8 · elite    455.6 · median     25.7 · years  31.0 · road 0.37 · starved   907 · nobles  +2.6 · read 35.6 · walls  4.0 · fell 81.5% (mother 27.5%) · prince 16.9% · king 12.4% · crowned  9.9% (median year 49) · 3.6s
try  1 · gen   75 · best   1189.8 · elite    506.3 · median     13.8 · years  24.9 · road 0.31 · starved   976 · nobles  +7.6 · read 16.1 · walls  0.9 · fell 80.9% (mother 30.6%) · prince 17.6% · king 13.1% · crowned  9.7% (median year 36) · 3.5s
try  2 · gen   75 · best    444.5 · elite    222.0 · median    -34.5 · years  39.4 · road 0.37 · starved  2732 · nobles  +2.1 · read 29.5 · walls  8.2 · fell 86.1% (mother 40.1%) · prince 12.4% · king  6.8% · crowned  4.4% (median year 74) · 3.5s
try  3 · gen   75 · best    720.0 · elite    265.9 · median    -14.5 · years  35.1 · road 0.38 · starved  1225 · nobles  +1.1 · read 25.2 · walls  5.0 · fell 87.7% (mother 26.9%) · prince 12.9% · king  6.3% · crowned  4.3% (median year 69) · 3.5s
try  4 · gen   75 · best    946.3 · elite    497.4 · median     26.2 · years  23.0 · road 0.34 · starved   884 · nobles  +2.9 · read 23.3 · walls  1.5 · fell 82.5% (mother 37.1%) · prince 19.1% · king 12.7% · crowned  9.4% (median year 30) · 3.5s
try  5 · gen   75 · best    926.0 · elite    532.7 · median     74.7 · years  23.2 · road 0.42 · starved  1205 · nobles  -1.9 · read 41.4 · walls  4.7 · fell 75.7% (mother 42.0%) · prince 21.1% · king 15.0% · crowned 11.0% (median year 31) · 3.5s
try  6 · gen   75 · best    767.7 · elite    468.6 · median     31.0 · years  25.7 · road 0.37 · starved  1071 · nobles  -0.1 · read 33.4 · walls  2.5 · fell 75.3% (mother 30.9%) · prince 19.5% · king 13.4% · crowned  9.0% (median year 33) · 3.5s
try  7 · gen   75 · best    980.8 · elite    450.9 · median     36.4 · years  42.4 · road 0.40 · starved  1232 · nobles  +3.7 · read 53.3 · walls  5.9 · fell 72.6% (mother 31.3%) · prince 20.0% · king 13.1% · crowned 10.1% (median year 58) · 3.5s
try  8 · gen   75 · best    858.6 · elite    469.4 · median     11.4 · years  30.0 · road 0.37 · starved   959 · nobles  +3.4 · read 34.6 · walls  4.0 · fell 82.4% (mother 31.1%) · prince 16.5% · king 12.1% · crowned  9.6% (median year 47) · 3.5s
try  1 · gen   76 · best    944.9 · elite    521.8 · median    124.9 · years  24.4 · road 0.30 · starved   863 · nobles  +8.8 · read 16.6 · walls  0.9 · fell 78.6% (mother 29.0%) · prince 19.0% · king 14.3% · crowned 11.6% (median year 34) · 3.4s
try  2 · gen   76 · best    603.0 · elite    248.1 · median    -30.2 · years  39.0 · road 0.37 · starved  2182 · nobles  +2.3 · read 30.6 · walls  8.2 · fell 85.2% (mother 38.5%) · prince 12.0% · king  6.7% · crowned  4.7% (median year 69) · 3.4s
try  3 · gen   76 · best    637.6 · elite    257.9 · median     -8.3 · years  35.3 · road 0.39 · starved  1137 · nobles  +1.0 · read 24.9 · walls  5.2 · fell 87.1% (mother 26.0%) · prince 13.6% · king  7.1% · crowned  4.6% (median year 65) · 3.4s
try  4 · gen   76 · best    995.9 · elite    504.2 · median     38.3 · years  22.7 · road 0.33 · starved   863 · nobles  +3.6 · read 21.7 · walls  1.4 · fell 82.8% (mother 36.9%) · prince 18.6% · king 12.8% · crowned  9.9% (median year 30) · 3.4s
try  5 · gen   76 · best   1095.3 · elite    548.8 · median     70.6 · years  22.5 · road 0.41 · starved  1233 · nobles  -1.2 · read 39.1 · walls  4.4 · fell 76.0% (mother 43.4%) · prince 22.2% · king 15.2% · crowned 11.0% (median year 31) · 3.4s
try  6 · gen   76 · best    750.4 · elite    442.9 · median     19.5 · years  26.0 · road 0.37 · starved  1065 · nobles  -0.4 · read 33.9 · walls  2.5 · fell 76.0% (mother 31.0%) · prince 19.2% · king 12.8% · crowned  8.1% (median year 32) · 3.4s
try  7 · gen   76 · best    760.4 · elite    433.6 · median     58.2 · years  41.4 · road 0.39 · starved  1212 · nobles  +3.6 · read 51.5 · walls  5.4 · fell 71.6% (mother 31.3%) · prince 19.8% · king 13.4% · crowned 10.4% (median year 57) · 3.4s
try  8 · gen   76 · best    877.5 · elite    416.3 · median     15.3 · years  29.5 · road 0.37 · starved   939 · nobles  +3.6 · read 33.5 · walls  4.0 · fell 84.0% (mother 33.4%) · prince 16.0% · king 11.1% · crowned  8.8% (median year 48) · 3.4s
try  1 · gen   77 · best    935.4 · elite    537.2 · median    136.6 · years  24.0 · road 0.31 · starved   888 · nobles  +8.3 · read 17.4 · walls  0.8 · fell 78.2% (mother 30.3%) · prince 20.5% · king 15.0% · crowned 12.1% (median year 32) · 3.4s
try  2 · gen   77 · best    476.6 · elite    225.4 · median    -31.0 · years  40.7 · road 0.37 · starved  2275 · nobles  +2.1 · read 34.0 · walls  8.3 · fell 85.2% (mother 38.0%) · prince 12.0% · king  7.0% · crowned  4.6% (median year 71) · 3.4s
try  3 · gen   77 · best    556.9 · elite    280.5 · median    -12.7 · years  34.3 · road 0.38 · starved  1097 · nobles  +1.6 · read 24.6 · walls  5.1 · fell 87.1% (mother 26.7%) · prince 12.0% · king  7.0% · crowned  4.9% (median year 63) · 3.4s
try  4 · gen   77 · best    961.0 · elite    513.2 · median     27.4 · years  23.2 · road 0.34 · starved   842 · nobles  +3.4 · read 20.3 · walls  1.6 · fell 82.0% (mother 33.9%) · prince 19.0% · king 12.9% · crowned 10.1% (median year 31) · 3.4s
try  5 · gen   77 · best    994.1 · elite    541.1 · median     37.6 · years  21.9 · road 0.41 · starved  1245 · nobles  -1.7 · read 36.5 · walls  4.3 · fell 77.4% (mother 46.0%) · prince 20.5% · king 14.3% · crowned 10.4% (median year 31) · 3.4s
try  6 · gen   77 · best   1159.4 · elite    473.4 · median     20.4 · years  24.7 · road 0.36 · starved  1083 · nobles  +0.5 · read 32.6 · walls  2.5 · fell 76.0% (mother 34.0%) · prince 19.7% · king 13.0% · crowned  8.7% (median year 31) · 3.4s
try  7 · gen   77 · best   1081.9 · elite    465.2 · median     70.7 · years  40.2 · road 0.39 · starved  1112 · nobles  +3.9 · read 48.2 · walls  5.3 · fell 70.5% (mother 29.5%) · prince 20.5% · king 13.8% · crowned 11.1% (median year 56) · 3.4s
try  8 · gen   77 · best    870.5 · elite    443.0 · median     26.9 · years  29.2 · road 0.36 · starved  1015 · nobles  +3.7 · read 33.6 · walls  3.7 · fell 81.3% (mother 30.6%) · prince 16.5% · king 11.8% · crowned  9.7% (median year 45) · 3.4s
try  1 · gen   78 · best   1183.4 · elite    546.0 · median    126.8 · years  24.0 · road 0.31 · starved   889 · nobles  +8.1 · read 18.6 · walls  0.8 · fell 77.9% (mother 30.6%) · prince 21.2% · king 15.2% · crowned 12.1% (median year 32) · 3.4s
try  2 · gen   78 · best    682.4 · elite    257.3 · median    -26.2 · years  40.8 · road 0.37 · starved  2198 · nobles  +2.5 · read 35.0 · walls  8.3 · fell 84.7% (mother 38.0%) · prince 13.1% · king  7.5% · crowned  5.2% (median year 70) · 3.4s
try  3 · gen   78 · best    627.9 · elite    287.3 · median     -6.3 · years  33.4 · road 0.38 · starved  1034 · nobles  +2.7 · read 24.0 · walls  4.5 · fell 87.6% (mother 26.6%) · prince 12.5% · king  7.3% · crowned  5.1% (median year 64) · 3.4s
try  4 · gen   78 · best    907.1 · elite    521.4 · median     42.5 · years  23.3 · road 0.33 · starved   785 · nobles  +3.3 · read 20.6 · walls  1.6 · fell 81.0% (mother 29.1%) · prince 19.0% · king 12.8% · crowned 10.4% (median year 32) · 3.4s
try  5 · gen   78 · best   1180.0 · elite    534.9 · median     92.3 · years  22.2 · road 0.42 · starved  1220 · nobles  -1.2 · read 36.5 · walls  4.5 · fell 74.4% (mother 42.6%) · prince 21.1% · king 15.1% · crowned 11.6% (median year 30) · 3.4s
try  6 · gen   78 · best    950.8 · elite    495.6 · median     25.5 · years  24.8 · road 0.36 · starved  1076 · nobles  +1.0 · read 32.2 · walls  2.4 · fell 76.2% (mother 34.5%) · prince 20.1% · king 13.4% · crowned  8.9% (median year 31) · 3.4s
try  7 · gen   78 · best    771.8 · elite    456.2 · median     85.4 · years  38.5 · road 0.38 · starved  1070 · nobles  +3.8 · read 44.4 · walls  4.9 · fell 68.7% (mother 30.3%) · prince 19.6% · king 14.0% · crowned 11.5% (median year 54) · 3.4s
try  8 · gen   78 · best    848.6 · elite    483.2 · median     35.0 · years  29.0 · road 0.36 · starved   929 · nobles  +3.2 · read 33.1 · walls  3.3 · fell 81.3% (mother 31.2%) · prince 17.6% · king 12.6% · crowned 10.0% (median year 45) · 3.4s
try  1 · gen   79 · best    969.6 · elite    528.6 · median     93.3 · years  23.2 · road 0.30 · starved   845 · nobles  +8.2 · read 18.4 · walls  0.8 · fell 77.8% (mother 31.9%) · prince 20.4% · king 14.4% · crowned 11.4% (median year 31) · 3.5s
try  2 · gen   79 · best    504.6 · elite    270.3 · median    -25.3 · years  41.2 · road 0.37 · starved  2536 · nobles  +2.6 · read 34.7 · walls  8.3 · fell 83.5% (mother 37.2%) · prince 13.6% · king  7.6% · crowned  5.5% (median year 71) · 3.5s
try  3 · gen   79 · best    581.3 · elite    287.1 · median     -7.9 · years  33.4 · road 0.38 · starved  1048 · nobles  +2.5 · read 24.1 · walls  4.3 · fell 87.9% (mother 26.5%) · prince 12.3% · king  6.8% · crowned  4.8% (median year 63) · 3.5s
try  4 · gen   79 · best    726.3 · elite    484.8 · median     29.8 · years  23.7 · road 0.33 · starved   863 · nobles  +3.5 · read 18.0 · walls  1.7 · fell 82.4% (mother 30.1%) · prince 18.4% · king 12.7% · crowned 10.0% (median year 32) · 3.5s
try  5 · gen   79 · best   1132.2 · elite    556.1 · median     96.3 · years  22.0 · road 0.42 · starved  1230 · nobles  -1.4 · read 34.5 · walls  4.5 · fell 74.9% (mother 46.3%) · prince 22.8% · king 16.2% · crowned 11.9% (median year 30) · 3.5s
try  6 · gen   79 · best    908.4 · elite    496.9 · median     14.9 · years  23.9 · road 0.35 · starved  1060 · nobles  +2.2 · read 30.5 · walls  2.4 · fell 76.0% (mother 35.0%) · prince 19.4% · king 12.6% · crowned  9.0% (median year 31) · 3.5s
try  7 · gen   79 · best   1147.0 · elite    475.8 · median    101.7 · years  38.8 · road 0.38 · starved  1095 · nobles  +4.1 · read 44.1 · walls  5.0 · fell 69.9% (mother 32.6%) · prince 20.5% · king 14.7% · crowned 11.8% (median year 54) · 3.5s
try  8 · gen   79 · best    902.5 · elite    493.0 · median     20.7 · years  28.7 · road 0.36 · starved   897 · nobles  +3.4 · read 33.0 · walls  3.4 · fell 82.2% (mother 32.8%) · prince 17.5% · king 12.8% · crowned 10.1% (median year 45) · 3.5s
try  1 · gen   80 · best    922.6 · elite    555.1 · median    159.3 · years  23.2 · road 0.31 · starved   834 · nobles  +8.1 · read 19.2 · walls  0.8 · fell 77.1% (mother 31.0%) · prince 23.0% · king 16.0% · crowned 12.7% (median year 31) · 3.5s
try  2 · gen   80 · best    744.1 · elite    261.5 · median    -27.1 · years  40.9 · road 0.37 · starved  2865 · nobles  +2.5 · read 33.2 · walls  8.3 · fell 84.4% (mother 37.0%) · prince 13.4% · king  7.2% · crowned  5.2% (median year 72) · 3.5s
try  3 · gen   80 · best    545.9 · elite    299.4 · median     -8.5 · years  33.7 · road 0.38 · starved  1042 · nobles  +2.6 · read 21.7 · walls  4.4 · fell 86.8% (mother 26.0%) · prince 12.6% · king  7.4% · crowned  5.5% (median year 63) · 3.5s
try  4 · gen   80 · best   1140.7 · elite    504.6 · median     35.8 · years  23.6 · road 0.33 · starved   801 · nobles  +4.7 · read 17.2 · walls  1.7 · fell 82.0% (mother 29.9%) · prince 17.9% · king 12.6% · crowned 10.4% (median year 32) · 3.5s
try  5 · gen   80 · best   1090.1 · elite    604.6 · median    129.3 · years  22.5 · road 0.42 · starved  1150 · nobles  -0.7 · read 34.9 · walls  4.7 · fell 71.1% (mother 42.9%) · prince 24.0% · king 17.4% · crowned 13.3% (median year 31) · 3.5s
try  6 · gen   80 · best    951.7 · elite    489.6 · median     24.1 · years  23.6 · road 0.35 · starved  1056 · nobles  +2.6 · read 29.2 · walls  2.2 · fell 76.5% (mother 37.7%) · prince 19.5% · king 12.6% · crowned  9.3% (median year 30) · 3.5s
try  7 · gen   80 · best    840.3 · elite    480.3 · median     67.8 · years  38.5 · road 0.38 · starved  1148 · nobles  +4.3 · read 41.7 · walls  4.9 · fell 71.8% (mother 34.5%) · prince 20.2% · king 14.0% · crowned 11.4% (median year 55) · 3.5s
try  8 · gen   80 · best    857.3 · elite    484.3 · median     49.7 · years  28.4 · road 0.36 · starved   852 · nobles  +3.2 · read 32.8 · walls  3.8 · fell 79.8% (mother 29.9%) · prince 17.8% · king 13.5% · crowned 10.7% (median year 43) · 3.5s
try  1 · gen   81 · best    982.6 · elite    560.3 · median    146.8 · years  23.0 · road 0.32 · starved   824 · nobles  +8.4 · read 19.7 · walls  0.9 · fell 76.6% (mother 30.9%) · prince 21.7% · king 15.6% · crowned 12.7% (median year 31) · 3.5s
try  2 · gen   81 · best    566.8 · elite    244.7 · median    -25.8 · years  40.2 · road 0.37 · starved  2516 · nobles  +1.7 · read 31.3 · walls  8.3 · fell 84.6% (mother 38.7%) · prince 13.3% · king  6.8% · crowned  5.1% (median year 72) · 3.5s
try  3 · gen   81 · best    603.3 · elite    258.5 · median    -11.3 · years  33.1 · road 0.38 · starved  1042 · nobles  +2.7 · read 22.1 · walls  4.6 · fell 87.7% (mother 27.4%) · prince 11.7% · king  7.0% · crowned  4.7% (median year 62) · 3.5s
try  4 · gen   81 · best    931.0 · elite    520.8 · median     51.9 · years  23.7 · road 0.33 · starved   809 · nobles  +4.8 · read 18.3 · walls  1.7 · fell 81.4% (mother 29.0%) · prince 18.1% · king 13.0% · crowned 11.0% (median year 32) · 3.5s
try  5 · gen   81 · best   1359.8 · elite    614.4 · median    143.7 · years  23.1 · road 0.43 · starved  1148 · nobles  -0.2 · read 35.7 · walls  4.9 · fell 69.1% (mother 40.3%) · prince 25.5% · king 18.0% · crowned 14.1% (median year 32) · 3.5s
try  6 · gen   81 · best   1005.0 · elite    508.5 · median     25.8 · years  23.8 · road 0.35 · starved  1056 · nobles  +3.1 · read 28.6 · walls  2.3 · fell 76.2% (mother 36.4%) · prince 20.1% · king 13.4% · crowned  9.4% (median year 30) · 3.5s
try  7 · gen   81 · best    854.5 · elite    484.6 · median     74.3 · years  38.6 · road 0.39 · starved  1101 · nobles  +3.7 · read 41.3 · walls  4.9 · fell 71.2% (mother 31.3%) · prince 19.9% · king 13.6% · crowned 11.1% (median year 55) · 3.5s
try  8 · gen   81 · best    897.8 · elite    505.2 · median     42.8 · years  28.4 · road 0.36 · starved   831 · nobles  +3.9 · read 32.6 · walls  3.9 · fell 79.9% (mother 29.7%) · prince 17.1% · king 13.4% · crowned 10.6% (median year 42) · 3.5s
try  1 · gen   82 · best    998.1 · elite    558.8 · median    145.5 · years  23.0 · road 0.31 · starved   827 · nobles  +8.1 · read 19.7 · walls  0.9 · fell 76.4% (mother 30.1%) · prince 21.4% · king 15.4% · crowned 12.4% (median year 30) · 3.4s
try  2 · gen   82 · best    708.1 · elite    262.3 · median    -26.8 · years  39.8 · road 0.37 · starved  2078 · nobles  +1.6 · read 30.9 · walls  8.3 · fell 82.7% (mother 35.8%) · prince 12.4% · king  6.5% · crowned  5.2% (median year 73) · 3.4s
try  3 · gen   82 · best    653.8 · elite    303.6 · median     -8.8 · years  32.3 · road 0.38 · starved  1105 · nobles  +2.8 · read 22.0 · walls  4.8 · fell 86.8% (mother 29.9%) · prince 12.3% · king  7.9% · crowned  5.5% (median year 61) · 3.4s
try  4 · gen   82 · best   1203.0 · elite    526.6 · median     26.1 · years  23.8 · road 0.33 · starved   825 · nobles  +5.2 · read 15.1 · walls  1.8 · fell 81.9% (mother 28.7%) · prince 17.1% · king 12.7% · crowned 10.4% (median year 32) · 3.4s
try  5 · gen   82 · best   1111.4 · elite    645.4 · median    149.2 · years  22.2 · road 0.43 · starved  1122 · nobles  +0.4 · read 35.1 · walls  4.7 · fell 68.2% (mother 40.2%) · prince 25.5% · king 18.4% · crowned 14.7% (median year 31) · 3.4s
try  6 · gen   82 · best    862.0 · elite    491.2 · median     30.0 · years  23.6 · road 0.36 · starved  1078 · nobles  +3.1 · read 28.0 · walls  2.4 · fell 76.8% (mother 38.8%) · prince 20.5% · king 13.8% · crowned  9.6% (median year 31) · 3.4s
try  7 · gen   82 · best    812.0 · elite    459.8 · median     70.2 · years  37.9 · road 0.38 · starved  1065 · nobles  +4.1 · read 41.7 · walls  4.3 · fell 70.9% (mother 29.2%) · prince 19.7% · king 13.6% · crowned 11.2% (median year 54) · 3.4s
try  8 · gen   82 · best    898.6 · elite    467.5 · median     36.8 · years  27.4 · road 0.36 · starved   840 · nobles  +3.4 · read 32.0 · walls  3.6 · fell 81.6% (mother 34.4%) · prince 17.0% · king 12.8% · crowned  9.8% (median year 40) · 3.4s
try  1 · gen   83 · best   1014.3 · elite    569.4 · median    148.7 · years  23.1 · road 0.32 · starved   848 · nobles  +8.2 · read 18.8 · walls  1.0 · fell 76.3% (mother 30.0%) · prince 22.5% · king 16.2% · crowned 12.6% (median year 30) · 3.5s
try  2 · gen   83 · best    670.4 · elite    257.3 · median    -22.7 · years  41.1 · road 0.38 · starved  2016 · nobles  +1.9 · read 30.6 · walls  8.4 · fell 83.3% (mother 37.2%) · prince 12.8% · king  6.7% · crowned  5.1% (median year 71) · 3.5s
try  3 · gen   83 · best    633.7 · elite    301.0 · median    -12.0 · years  31.9 · road 0.38 · starved  1138 · nobles  +3.6 · read 22.4 · walls  4.7 · fell 87.2% (mother 30.0%) · prince 11.9% · king  7.7% · crowned  5.9% (median year 61) · 3.5s
try  4 · gen   83 · best    920.8 · elite    540.2 · median     48.2 · years  23.6 · road 0.33 · starved   790 · nobles  +5.4 · read 13.7 · walls  2.1 · fell 81.1% (mother 27.7%) · prince 17.2% · king 13.2% · crowned 11.1% (median year 32) · 3.5s
try  5 · gen   83 · best   1109.4 · elite    659.6 · median    159.0 · years  21.9 · road 0.42 · starved  1094 · nobles  +1.3 · read 35.6 · walls  4.4 · fell 66.6% (mother 38.0%) · prince 25.8% · king 19.3% · crowned 15.5% (median year 30) · 3.5s
try  6 · gen   83 · best    974.2 · elite    531.6 · median     16.6 · years  23.4 · road 0.35 · starved  1077 · nobles  +4.0 · read 28.0 · walls  2.4 · fell 75.0% (mother 38.5%) · prince 20.1% · king 13.3% · crowned  9.9% (median year 30) · 3.5s
try  7 · gen   83 · best   1003.2 · elite    453.9 · median     76.5 · years  37.6 · road 0.37 · starved  1118 · nobles  +4.1 · read 40.9 · walls  4.0 · fell 72.0% (mother 30.9%) · prince 20.2% · king 13.6% · crowned 11.3% (median year 53) · 3.5s
try  8 · gen   83 · best    921.6 · elite    506.1 · median     33.2 · years  26.9 · road 0.35 · starved   848 · nobles  +2.9 · read 32.1 · walls  3.2 · fell 80.6% (mother 33.3%) · prince 17.7% · king 13.7% · crowned 10.4% (median year 39) · 3.5s
try  1 · gen   84 · best    930.6 · elite    561.3 · median    106.0 · years  23.1 · road 0.31 · starved   862 · nobles  +7.9 · read 20.4 · walls  0.9 · fell 77.1% (mother 29.9%) · prince 20.3% · king 15.0% · crowned 12.1% (median year 31) · 3.5s
try  2 · gen   84 · best    610.3 · elite    264.2 · median    -21.5 · years  41.5 · road 0.38 · starved  3242 · nobles  +2.0 · read 29.9 · walls  8.5 · fell 83.8% (mother 36.6%) · prince 13.1% · king  6.5% · crowned  5.0% (median year 72) · 3.5s
try  3 · gen   84 · best    624.0 · elite    310.7 · median    -10.0 · years  32.8 · road 0.38 · starved  1215 · nobles  +3.7 · read 23.2 · walls  5.2 · fell 87.0% (mother 29.9%) · prince 12.6% · king  7.7% · crowned  5.8% (median year 61) · 3.5s
try  4 · gen   84 · best    945.8 · elite    551.4 · median     97.7 · years  23.4 · road 0.34 · starved   746 · nobles  +4.8 · read 12.2 · walls  2.1 · fell 80.2% (mother 24.5%) · prince 18.1% · king 14.1% · crowned 11.9% (median year 32) · 3.5s
try  5 · gen   84 · best    958.8 · elite    624.0 · median    164.8 · years  21.8 · road 0.43 · starved  1087 · nobles  +0.9 · read 36.6 · walls  4.3 · fell 66.8% (mother 36.0%) · prince 25.8% · king 18.9% · crowned 15.0% (median year 30) · 3.5s
try  6 · gen   84 · best    857.3 · elite    512.1 · median     39.9 · years  24.3 · road 0.37 · starved  1082 · nobles  +2.7 · read 27.9 · walls  2.4 · fell 76.0% (mother 38.1%) · prince 21.5% · king 14.1% · crowned  9.5% (median year 30) · 3.5s
try  7 · gen   84 · best    953.2 · elite    449.4 · median     72.7 · years  37.0 · road 0.37 · starved  1100 · nobles  +3.4 · read 38.7 · walls  4.1 · fell 73.0% (mother 30.7%) · prince 19.5% · king 13.2% · crowned 10.6% (median year 53) · 3.5s
try  8 · gen   84 · best    934.4 · elite    521.3 · median     85.9 · years  26.4 · road 0.36 · starved   795 · nobles  +3.0 · read 31.4 · walls  3.0 · fell 79.3% (mother 31.1%) · prince 18.5% · king 14.1% · crowned 11.2% (median year 37) · 3.5s
try  1 · gen   85 · best   1196.1 · elite    599.4 · median    108.2 · years  23.1 · road 0.31 · starved   855 · nobles  +7.2 · read 21.0 · walls  1.0 · fell 77.0% (mother 29.3%) · prince 21.4% · king 15.6% · crowned 12.1% (median year 30) · 3.5s
try  2 · gen   85 · best    575.2 · elite    271.9 · median    -18.9 · years  41.4 · road 0.38 · starved  2014 · nobles  +1.9 · read 29.5 · walls  8.5 · fell 83.4% (mother 36.4%) · prince 13.8% · king  6.7% · crowned  5.1% (median year 71) · 3.5s
try  3 · gen   85 · best    756.7 · elite    325.0 · median     -9.2 · years  32.7 · road 0.38 · starved  1115 · nobles  +3.9 · read 21.4 · walls  5.4 · fell 87.3% (mother 30.9%) · prince 12.2% · king  7.8% · crowned  5.7% (median year 61) · 3.5s
try  4 · gen   85 · best   1159.4 · elite    551.8 · median    123.1 · years  23.6 · road 0.33 · starved   805 · nobles  +5.5 · read 11.7 · walls  2.1 · fell 80.3% (mother 25.5%) · prince 18.3% · king 13.9% · crowned 11.7% (median year 32) · 3.5s
try  5 · gen   85 · best   1241.9 · elite    642.9 · median    161.7 · years  21.9 · road 0.43 · starved  1115 · nobles  +0.7 · read 38.1 · walls  4.2 · fell 66.8% (mother 38.1%) · prince 25.9% · king 18.6% · crowned 15.1% (median year 30) · 3.5s
try  6 · gen   85 · best    970.7 · elite    518.4 · median     44.4 · years  23.7 · road 0.37 · starved  1054 · nobles  +2.3 · read 27.9 · walls  2.5 · fell 74.5% (mother 38.3%) · prince 22.2% · king 14.7% · crowned 10.1% (median year 30) · 3.5s
try  7 · gen   85 · best    894.0 · elite    473.4 · median     88.6 · years  36.7 · road 0.37 · starved  1089 · nobles  +3.9 · read 37.9 · walls  3.7 · fell 73.3% (mother 30.8%) · prince 20.3% · king 13.8% · crowned 11.4% (median year 52) · 3.5s
try  8 · gen   85 · best    978.2 · elite    508.5 · median    100.8 · years  25.0 · road 0.36 · starved   801 · nobles  +2.5 · read 29.7 · walls  2.4 · fell 79.9% (mother 31.5%) · prince 19.6% · king 14.8% · crowned 11.4% (median year 35) · 3.5s
try  1 · gen   86 · best    961.0 · elite    582.8 · median    153.7 · years  23.0 · road 0.32 · starved   783 · nobles  +7.4 · read 22.2 · walls  1.0 · fell 74.3% (mother 29.6%) · prince 23.2% · king 16.6% · crowned 13.6% (median year 30) · 3.4s
try  2 · gen   86 · best    398.2 · elite    245.6 · median    -21.2 · years  42.2 · road 0.39 · starved  3290 · nobles  +2.0 · read 32.1 · walls  8.5 · fell 83.6% (mother 38.5%) · prince 13.9% · king  6.8% · crowned  4.9% (median year 72) · 3.4s
try  3 · gen   86 · best    652.5 · elite    306.8 · median     -6.5 · years  33.5 · road 0.38 · starved  1142 · nobles  +3.9 · read 23.0 · walls  5.4 · fell 87.0% (mother 28.0%) · prince 13.1% · king  8.1% · crowned  5.5% (median year 63) · 3.4s
try  4 · gen   86 · best    971.7 · elite    540.8 · median    111.1 · years  23.4 · road 0.33 · starved   751 · nobles  +5.0 · read 12.0 · walls  2.2 · fell 80.6% (mother 23.7%) · prince 18.4% · king 14.0% · crowned 11.7% (median year 31) · 3.4s
try  5 · gen   86 · best   1173.6 · elite    670.7 · median    178.2 · years  21.9 · road 0.43 · starved  1052 · nobles  +1.7 · read 38.4 · walls  3.9 · fell 62.9% (mother 32.9%) · prince 26.4% · king 20.3% · crowned 16.4% (median year 30) · 3.4s
try  6 · gen   86 · best    977.0 · elite    525.4 · median     71.7 · years  23.9 · road 0.38 · starved  1010 · nobles  +2.4 · read 28.0 · walls  2.7 · fell 73.7% (mother 35.7%) · prince 22.2% · king 15.0% · crowned 10.4% (median year 29) · 3.4s
try  7 · gen   86 · best    798.7 · elite    435.5 · median     64.0 · years  36.2 · road 0.37 · starved  1075 · nobles  +3.5 · read 35.9 · walls  3.6 · fell 73.2% (mother 32.8%) · prince 19.7% · king 13.0% · crowned 10.5% (median year 52) · 3.4s
try  8 · gen   86 · best    917.9 · elite    537.3 · median    112.1 · years  24.2 · road 0.36 · starved   753 · nobles  +2.0 · read 29.8 · walls  2.3 · fell 78.4% (mother 30.3%) · prince 20.0% · king 15.2% · crowned 11.9% (median year 33) · 3.4s
try  1 · gen   87 · best   1139.6 · elite    602.3 · median    169.5 · years  22.6 · road 0.33 · starved   710 · nobles  +7.6 · read 23.1 · walls  1.0 · fell 73.0% (mother 27.1%) · prince 23.4% · king 17.0% · crowned 14.1% (median year 29) · 3.4s
try  2 · gen   87 · best    436.6 · elite    240.5 · median    -16.9 · years  42.0 · road 0.39 · starved  2803 · nobles  +1.8 · read 31.2 · walls  8.5 · fell 84.4% (mother 38.9%) · prince 13.7% · king  6.4% · crowned  4.7% (median year 74) · 3.4s
try  3 · gen   87 · best    601.0 · elite    318.7 · median    -10.0 · years  33.1 · road 0.38 · starved  1170 · nobles  +4.4 · read 23.5 · walls  5.5 · fell 88.0% (mother 28.8%) · prince 13.0% · king  7.8% · crowned  5.6% (median year 60) · 3.4s
try  4 · gen   87 · best   1000.6 · elite    541.1 · median    149.8 · years  23.3 · road 0.33 · starved   784 · nobles  +5.6 · read 11.4 · walls  2.1 · fell 78.7% (mother 24.6%) · prince 19.4% · king 14.5% · crowned 12.3% (median year 30) · 3.4s
try  5 · gen   87 · best   1171.5 · elite    693.1 · median    177.7 · years  22.0 · road 0.44 · starved  1023 · nobles  +1.8 · read 39.7 · walls  4.0 · fell 63.3% (mother 32.8%) · prince 27.4% · king 20.2% · crowned 16.2% (median year 29) · 3.4s
try  6 · gen   87 · best    808.2 · elite    524.7 · median     53.3 · years  24.3 · road 0.38 · starved  1033 · nobles  +1.4 · read 27.6 · walls  2.7 · fell 74.4% (mother 36.3%) · prince 21.6% · king 14.5% · crowned  9.9% (median year 29) · 3.4s
try  7 · gen   87 · best    805.5 · elite    445.8 · median     68.5 · years  35.8 · road 0.37 · starved  1065 · nobles  +3.7 · read 37.0 · walls  3.5 · fell 73.0% (mother 31.4%) · prince 20.2% · king 13.8% · crowned 11.3% (median year 52) · 3.4s
try  8 · gen   87 · best    911.9 · elite    548.6 · median    134.2 · years  24.2 · road 0.36 · starved   713 · nobles  +2.2 · read 30.0 · walls  2.3 · fell 78.3% (mother 26.7%) · prince 20.4% · king 16.0% · crowned 12.1% (median year 33) · 3.4s
try  1 · gen   88 · best    984.3 · elite    618.4 · median    174.1 · years  22.7 · road 0.34 · starved   761 · nobles  +7.1 · read 24.6 · walls  1.0 · fell 73.4% (mother 29.6%) · prince 25.0% · king 17.5% · crowned 14.2% (median year 29) · 3.4s
try  2 · gen   88 · best    658.5 · elite    288.9 · median    -16.3 · years  41.2 · road 0.39 · starved  2365 · nobles  +1.4 · read 28.4 · walls  8.5 · fell 84.2% (mother 38.7%) · prince 14.4% · king  7.0% · crowned  5.2% (median year 69) · 3.4s
try  3 · gen   88 · best    709.4 · elite    324.6 · median     -6.3 · years  32.2 · road 0.38 · starved  1156 · nobles  +4.6 · read 21.8 · walls  5.7 · fell 87.2% (mother 29.2%) · prince 13.8% · king  8.6% · crowned  6.6% (median year 58) · 3.4s
try  4 · gen   88 · best   1203.1 · elite    591.6 · median    125.4 · years  23.1 · road 0.33 · starved   766 · nobles  +6.3 · read 11.1 · walls  2.1 · fell 77.9% (mother 22.6%) · prince 19.1% · king 14.8% · crowned 12.4% (median year 29) · 3.4s
try  5 · gen   88 · best   1163.4 · elite    693.4 · median    173.0 · years  21.8 · road 0.43 · starved  1045 · nobles  +1.2 · read 39.2 · walls  3.9 · fell 64.8% (mother 35.5%) · prince 26.3% · king 19.6% · crowned 15.7% (median year 29) · 3.4s
try  6 · gen   88 · best    923.6 · elite    566.8 · median     56.8 · years  24.4 · road 0.38 · starved  1032 · nobles  +1.9 · read 28.2 · walls  2.7 · fell 73.9% (mother 34.6%) · prince 22.9% · king 14.9% · crowned 10.4% (median year 30) · 3.4s
try  7 · gen   88 · best    891.0 · elite    455.8 · median     54.7 · years  36.2 · road 0.37 · starved  1167 · nobles  +3.1 · read 38.7 · walls  3.4 · fell 73.4% (mother 34.5%) · prince 20.5% · king 13.8% · crowned 10.7% (median year 53) · 3.4s
try  8 · gen   88 · best    939.3 · elite    586.6 · median    143.1 · years  23.5 · road 0.36 · starved   671 · nobles  +2.2 · read 29.5 · walls  2.5 · fell 76.6% (mother 27.9%) · prince 20.4% · king 15.8% · crowned 12.7% (median year 32) · 3.4s
try  1 · gen   89 · best   1232.3 · elite    605.5 · median    171.9 · years  22.2 · road 0.34 · starved   724 · nobles  +7.2 · read 23.5 · walls  1.0 · fell 72.3% (mother 27.3%) · prince 24.6% · king 17.3% · crowned 14.4% (median year 29) · 3.3s
try  2 · gen   89 · best    561.5 · elite    253.6 · median    -14.5 · years  40.8 · road 0.39 · starved  2377 · nobles  +2.0 · read 28.5 · walls  8.5 · fell 84.8% (mother 38.9%) · prince 13.3% · king  6.7% · crowned  4.9% (median year 70) · 3.3s
try  3 · gen   89 · best    570.0 · elite    316.8 · median     -6.7 · years  31.6 · road 0.38 · starved  1161 · nobles  +4.7 · read 19.5 · walls  6.1 · fell 86.9% (mother 30.7%) · prince 13.4% · king  8.2% · crowned  6.3% (median year 57) · 3.3s
try  4 · gen   89 · best   1190.4 · elite    583.4 · median    148.6 · years  22.4 · road 0.34 · starved   745 · nobles  +5.6 · read 10.9 · walls  1.9 · fell 76.8% (mother 23.1%) · prince 20.2% · king 15.3% · crowned 12.7% (median year 29) · 3.3s
try  5 · gen   89 · best   1206.4 · elite    682.3 · median    174.3 · years  22.7 · road 0.45 · starved  1089 · nobles  +1.3 · read 41.7 · walls  4.0 · fell 63.8% (mother 34.3%) · prince 28.2% · king 20.4% · crowned 16.2% (median year 30) · 3.3s
try  6 · gen   89 · best   1067.6 · elite    553.2 · median     44.6 · years  23.9 · road 0.37 · starved   980 · nobles  +2.2 · read 28.1 · walls  2.6 · fell 75.2% (mother 34.4%) · prince 22.0% · king 14.1% · crowned 10.4% (median year 29) · 3.3s
try  7 · gen   89 · best    848.4 · elite    478.5 · median     39.1 · years  36.5 · road 0.37 · starved  1195 · nobles  +2.7 · read 38.4 · walls  3.5 · fell 74.1% (mother 37.3%) · prince 21.5% · king 13.7% · crowned 10.4% (median year 53) · 3.3s
try  8 · gen   89 · best    957.7 · elite    562.0 · median    136.0 · years  23.5 · road 0.36 · starved   677 · nobles  +1.9 · read 30.1 · walls  2.7 · fell 78.4% (mother 29.7%) · prince 20.6% · king 15.5% · crowned 12.1% (median year 32) · 3.3s
try  1 · gen   90 · best    961.4 · elite    648.2 · median    179.3 · years  22.3 · road 0.34 · starved   709 · nobles  +7.4 · read 22.9 · walls  1.0 · fell 73.0% (mother 26.6%) · prince 24.5% · king 17.7% · crowned 14.9% (median year 29) · 3.3s
try  2 · gen   90 · best    602.7 · elite    271.2 · median    -14.8 · years  40.9 · road 0.39 · starved  2080 · nobles  +2.1 · read 26.0 · walls  8.6 · fell 85.0% (mother 38.4%) · prince 12.6% · king  6.8% · crowned  5.1% (median year 70) · 3.3s
try  3 · gen   90 · best    853.4 · elite    322.4 · median     -6.8 · years  31.6 · road 0.38 · starved  1168 · nobles  +4.8 · read 18.3 · walls  6.2 · fell 87.3% (mother 32.0%) · prince 13.9% · king  8.4% · crowned  6.4% (median year 57) · 3.3s
try  4 · gen   90 · best   1149.3 · elite    606.2 · median    161.8 · years  22.2 · road 0.34 · starved   716 · nobles  +6.1 · read 10.0 · walls  1.7 · fell 74.7% (mother 21.5%) · prince 21.9% · king 16.1% · crowned 13.8% (median year 28) · 3.3s
try  5 · gen   90 · best   1339.9 · elite    741.9 · median    184.5 · years  22.4 · road 0.45 · starved  1021 · nobles  +1.3 · read 40.3 · walls  4.0 · fell 60.7% (mother 33.8%) · prince 28.5% · king 21.2% · crowned 17.0% (median year 30) · 3.3s
try  6 · gen   90 · best    905.7 · elite    539.7 · median     61.8 · years  23.6 · road 0.37 · starved  1011 · nobles  +2.5 · read 27.6 · walls  2.6 · fell 74.2% (mother 34.2%) · prince 23.3% · king 14.4% · crowned 10.5% (median year 29) · 3.3s
try  7 · gen   90 · best    877.4 · elite    467.7 · median     43.4 · years  36.4 · road 0.37 · starved  1169 · nobles  +3.2 · read 39.1 · walls  3.5 · fell 73.0% (mother 36.4%) · prince 20.9% · king 13.6% · crowned 10.4% (median year 51) · 3.3s
try  8 · gen   90 · best   1145.7 · elite    563.4 · median    141.9 · years  23.4 · road 0.36 · starved   680 · nobles  +2.1 · read 29.7 · walls  2.7 · fell 77.4% (mother 29.4%) · prince 20.8% · king 16.1% · crowned 12.5% (median year 32) · 3.3s
try  1 · gen   91 · best    990.0 · elite    626.5 · median    182.9 · years  22.2 · road 0.35 · starved   679 · nobles  +7.3 · read 21.1 · walls  1.0 · fell 72.2% (mother 25.4%) · prince 24.9% · king 18.2% · crowned 15.1% (median year 29) · 3.3s
try  2 · gen   91 · best    629.5 · elite    265.8 · median    -14.1 · years  40.7 · road 0.39 · starved  2497 · nobles  +1.9 · read 24.1 · walls  8.5 · fell 84.6% (mother 40.8%) · prince 14.0% · king  7.2% · crowned  5.1% (median year 67) · 3.3s
try  3 · gen   91 · best    674.8 · elite    336.4 · median     -6.8 · years  31.5 · road 0.38 · starved  1186 · nobles  +4.7 · read 18.5 · walls  6.4 · fell 86.9% (mother 32.9%) · prince 14.1% · king  8.5% · crowned  6.6% (median year 57) · 3.3s
try  4 · gen   91 · best    976.0 · elite    625.3 · median    170.2 · years  22.0 · road 0.34 · starved   670 · nobles  +5.7 · read 10.1 · walls  1.7 · fell 74.2% (mother 21.8%) · prince 21.5% · king 16.3% · crowned 14.1% (median year 28) · 3.3s
try  5 · gen   91 · best   1109.9 · elite    697.9 · median    191.3 · years  22.8 · road 0.45 · starved  1025 · nobles  +1.1 · read 41.8 · walls  4.2 · fell 60.8% (mother 31.2%) · prince 28.9% · king 20.7% · crowned 16.5% (median year 29) · 3.3s
try  6 · gen   91 · best    957.2 · elite    533.1 · median     74.1 · years  23.7 · road 0.37 · starved   988 · nobles  +2.7 · read 28.3 · walls  2.3 · fell 75.3% (mother 34.3%) · prince 23.8% · king 14.4% · crowned 10.8% (median year 29) · 3.3s
try  7 · gen   91 · best    911.7 · elite    480.6 · median     87.7 · years  36.4 · road 0.37 · starved  1101 · nobles  +2.7 · read 42.3 · walls  3.4 · fell 70.8% (mother 34.3%) · prince 22.4% · king 15.1% · crowned 11.5% (median year 50) · 3.3s
try  8 · gen   91 · best   1101.1 · elite    584.5 · median    147.1 · years  23.5 · road 0.36 · starved   690 · nobles  +2.1 · read 28.7 · walls  2.7 · fell 78.0% (mother 28.8%) · prince 20.9% · king 16.1% · crowned 12.8% (median year 32) · 3.3s
try  1 · gen   92 · best   1094.4 · elite    649.2 · median    173.1 · years  22.3 · road 0.34 · starved   699 · nobles  +7.1 · read 22.2 · walls  1.0 · fell 73.5% (mother 25.7%) · prince 24.2% · king 17.9% · crowned 14.9% (median year 29) · 3.4s
try  2 · gen   92 · best    545.8 · elite    283.0 · median    -11.6 · years  40.8 · road 0.40 · starved  2677 · nobles  +2.2 · read 22.6 · walls  8.6 · fell 84.3% (mother 40.8%) · prince 14.4% · king  7.8% · crowned  5.4% (median year 69) · 3.4s
try  3 · gen   92 · best    719.1 · elite    329.3 · median     -4.7 · years  31.3 · road 0.38 · starved  1209 · nobles  +4.9 · read 19.0 · walls  6.1 · fell 87.8% (mother 36.0%) · prince 14.0% · king  8.6% · crowned  6.6% (median year 56) · 3.4s
try  4 · gen   92 · best    941.5 · elite    590.1 · median    178.4 · years  21.9 · road 0.34 · starved   640 · nobles  +5.4 · read  9.5 · walls  1.6 · fell 72.4% (mother 20.0%) · prince 21.8% · king 16.4% · crowned 14.1% (median year 27) · 3.4s
try  5 · gen   92 · best   1168.0 · elite    742.2 · median    198.3 · years  22.8 · road 0.46 · starved  1005 · nobles  +1.0 · read 41.5 · walls  4.3 · fell 61.1% (mother 34.1%) · prince 29.0% · king 21.7% · crowned 17.3% (median year 29) · 3.4s
try  6 · gen   92 · best   1001.0 · elite    586.4 · median     91.8 · years  23.7 · road 0.38 · starved   965 · nobles  +1.3 · read 30.7 · walls  2.7 · fell 71.8% (mother 31.9%) · prince 24.7% · king 15.5% · crowned 11.2% (median year 28) · 3.4s
try  7 · gen   92 · best    833.8 · elite    467.7 · median     82.3 · years  35.3 · road 0.36 · starved  1059 · nobles  +3.2 · read 41.2 · walls  3.0 · fell 71.6% (mother 32.6%) · prince 20.9% · king 14.3% · crowned 10.9% (median year 50) · 3.4s
try  8 · gen   92 · best    996.3 · elite    584.1 · median    157.2 · years  23.4 · road 0.37 · starved   678 · nobles  +1.9 · read 28.8 · walls  2.9 · fell 77.3% (mother 27.6%) · prince 21.8% · king 16.3% · crowned 12.9% (median year 31) · 3.4s
try  1 · gen   93 · best   1028.7 · elite    635.5 · median    185.6 · years  22.2 · road 0.35 · starved   643 · nobles  +6.4 · read 22.8 · walls  1.0 · fell 71.8% (mother 23.5%) · prince 25.7% · king 18.6% · crowned 15.6% (median year 29) · 3.3s
try  2 · gen   93 · best    548.9 · elite    288.5 · median    -15.2 · years  41.0 · road 0.40 · starved  2453 · nobles  +1.8 · read 21.4 · walls  8.6 · fell 84.4% (mother 39.5%) · prince 13.9% · king  7.4% · crowned  5.5% (median year 67) · 3.3s
try  3 · gen   93 · best    644.3 · elite    338.6 · median     -2.8 · years  31.3 · road 0.38 · starved  1208 · nobles  +4.8 · read 19.9 · walls  6.0 · fell 87.3% (mother 32.9%) · prince 13.7% · king  8.5% · crowned  6.4% (median year 56) · 3.3s
try  4 · gen   93 · best    960.3 · elite    601.7 · median    170.1 · years  21.5 · road 0.34 · starved   677 · nobles  +5.5 · read 10.0 · walls  1.6 · fell 71.4% (mother 19.2%) · prince 21.4% · king 16.4% · crowned 13.9% (median year 27) · 3.3s
try  5 · gen   93 · best   1164.2 · elite    740.3 · median    196.0 · years  22.8 · road 0.46 · starved  1027 · nobles  +1.3 · read 41.4 · walls  4.2 · fell 61.4% (mother 35.0%) · prince 29.8% · king 21.5% · crowned 17.3% (median year 29) · 3.3s
try  6 · gen   93 · best   1201.1 · elite    592.4 · median    125.7 · years  23.1 · road 0.39 · starved   929 · nobles  +1.8 · read 30.9 · walls  2.8 · fell 70.6% (mother 31.9%) · prince 25.6% · king 16.3% · crowned 11.6% (median year 27) · 3.3s
try  7 · gen   93 · best    993.3 · elite    519.2 · median    104.3 · years  34.7 · road 0.36 · starved  1030 · nobles  +4.3 · read 43.0 · walls  2.5 · fell 69.8% (mother 31.0%) · prince 21.5% · king 15.1% · crowned 12.1% (median year 48) · 3.3s
try  8 · gen   93 · best    945.1 · elite    563.2 · median    156.8 · years  23.2 · road 0.37 · starved   681 · nobles  +2.5 · read 28.1 · walls  2.8 · fell 77.5% (mother 25.9%) · prince 21.4% · king 16.3% · crowned 13.0% (median year 32) · 3.3s
try  1 · gen   94 · best   1205.0 · elite    636.0 · median    181.2 · years  22.1 · road 0.35 · starved   661 · nobles  +6.3 · read 21.9 · walls  1.0 · fell 71.4% (mother 23.7%) · prince 25.1% · king 18.1% · crowned 15.3% (median year 29) · 3.3s
try  2 · gen   94 · best    597.4 · elite    306.1 · median     -6.8 · years  40.6 · road 0.40 · starved  2829 · nobles  +1.9 · read 19.6 · walls  8.6 · fell 85.0% (mother 40.9%) · prince 14.1% · king  7.8% · crowned  5.7% (median year 66) · 3.3s
try  3 · gen   94 · best    711.4 · elite    351.6 · median      1.9 · years  31.0 · road 0.38 · starved  1200 · nobles  +4.4 · read 17.5 · walls  5.8 · fell 85.8% (mother 32.7%) · prince 14.9% · king  9.2% · crowned  7.2% (median year 56) · 3.3s
try  4 · gen   94 · best   1007.7 · elite    650.2 · median    168.5 · years  21.5 · road 0.34 · starved   642 · nobles  +5.6 · read 10.6 · walls  1.5 · fell 71.4% (mother 18.7%) · prince 22.2% · king 16.5% · crowned 14.2% (median year 27) · 3.3s
try  5 · gen   94 · best   1397.1 · elite    743.4 · median    207.1 · years  23.6 · road 0.46 · starved   988 · nobles  +1.5 · read 44.3 · walls  4.4 · fell 57.8% (mother 30.3%) · prince 31.6% · king 23.2% · crowned 17.9% (median year 29) · 3.3s
try  6 · gen   94 · best    922.8 · elite    571.8 · median    144.8 · years  23.3 · road 0.39 · starved   974 · nobles  +1.8 · read 31.1 · walls  2.7 · fell 70.6% (mother 32.5%) · prince 25.1% · king 16.6% · crowned 11.7% (median year 28) · 3.3s
try  7 · gen   94 · best    829.2 · elite    468.1 · median     92.1 · years  33.9 · road 0.35 · starved  1052 · nobles  +3.6 · read 41.2 · walls  2.5 · fell 70.1% (mother 31.8%) · prince 20.9% · king 15.3% · crowned 11.3% (median year 49) · 3.3s
try  8 · gen   94 · best    998.8 · elite    578.1 · median    135.4 · years  23.2 · road 0.37 · starved   705 · nobles  +2.5 · read 27.4 · walls  2.8 · fell 78.3% (mother 28.3%) · prince 21.1% · king 15.3% · crowned 12.1% (median year 32) · 3.3s
try  1 · gen   95 · best   1166.3 · elite    636.5 · median    175.4 · years  21.9 · road 0.34 · starved   639 · nobles  +6.4 · read 21.1 · walls  0.9 · fell 72.3% (mother 24.0%) · prince 23.4% · king 17.5% · crowned 15.0% (median year 29) · 3.3s
try  2 · gen   95 · best    558.5 · elite    303.8 · median    -11.6 · years  41.4 · road 0.40 · starved  2912 · nobles  +1.9 · read 18.1 · walls  8.6 · fell 84.4% (mother 41.3%) · prince 14.4% · king  8.0% · crowned  5.8% (median year 68) · 3.3s
try  3 · gen   95 · best    831.7 · elite    368.0 · median      0.0 · years  30.9 · road 0.39 · starved  1153 · nobles  +4.0 · read 16.6 · walls  5.8 · fell 85.9% (mother 32.8%) · prince 15.4% · king  9.4% · crowned  7.3% (median year 56) · 3.3s
try  4 · gen   95 · best   1192.9 · elite    612.2 · median    165.2 · years  21.6 · road 0.34 · starved   678 · nobles  +5.6 · read  9.5 · walls  1.6 · fell 72.6% (mother 19.3%) · prince 21.8% · king 15.6% · crowned 13.3% (median year 27) · 3.3s
try  5 · gen   95 · best   1061.4 · elite    757.9 · median    208.0 · years  23.7 · road 0.46 · starved  1002 · nobles  +1.6 · read 44.2 · walls  4.4 · fell 57.3% (mother 32.2%) · prince 32.2% · king 23.4% · crowned 18.2% (median year 29) · 3.3s
try  6 · gen   95 · best    996.5 · elite    567.3 · median     89.9 · years  22.9 · road 0.39 · starved  1009 · nobles  +1.4 · read 30.3 · walls  2.7 · fell 72.4% (mother 37.3%) · prince 24.9% · king 16.4% · crowned 11.2% (median year 28) · 3.3s
try  7 · gen   95 · best    893.0 · elite    522.8 · median    107.8 · years  33.4 · road 0.35 · starved   973 · nobles  +3.6 · read 39.5 · walls  2.3 · fell 69.7% (mother 30.2%) · prince 21.7% · king 15.8% · crowned 12.2% (median year 47) · 3.3s
try  8 · gen   95 · best   1205.4 · elite    620.6 · median    164.5 · years  22.6 · road 0.37 · starved   679 · nobles  +2.7 · read 26.9 · walls  2.6 · fell 76.7% (mother 27.6%) · prince 22.8% · king 16.6% · crowned 13.2% (median year 30) · 3.3s
try  1 · gen   96 · best    985.9 · elite    647.9 · median    182.4 · years  21.7 · road 0.35 · starved   662 · nobles  +6.4 · read 20.5 · walls  1.0 · fell 71.3% (mother 24.9%) · prince 25.2% · king 18.3% · crowned 15.4% (median year 28) · 3.4s
try  2 · gen   96 · best    781.4 · elite    308.2 · median     -4.1 · years  43.0 · road 0.41 · starved  2911 · nobles  +1.7 · read 18.6 · walls  8.7 · fell 82.4% (mother 39.8%) · prince 16.7% · king  9.1% · crowned  6.5% (median year 68) · 3.4s
try  3 · gen   96 · best    659.0 · elite    330.1 · median     -1.5 · years  31.2 · road 0.38 · starved  1191 · nobles  +3.4 · read 17.5 · walls  5.6 · fell 86.7% (mother 34.0%) · prince 15.7% · king  8.8% · crowned  6.6% (median year 56) · 3.4s
try  4 · gen   96 · best   1014.0 · elite    622.1 · median    170.6 · years  21.3 · road 0.34 · starved   633 · nobles  +5.7 · read  9.5 · walls  1.6 · fell 71.1% (mother 19.4%) · prince 22.8% · king 16.8% · crowned 14.1% (median year 26) · 3.4s
try  5 · gen   96 · best   1415.4 · elite    770.1 · median    208.8 · years  23.2 · road 0.46 · starved   965 · nobles  +1.6 · read 44.7 · walls  4.3 · fell 56.0% (mother 30.8%) · prince 31.7% · king 23.5% · crowned 18.1% (median year 29) · 3.4s
try  6 · gen   96 · best   1157.0 · elite    595.2 · median     95.0 · years  22.7 · road 0.39 · starved   982 · nobles  +1.9 · read 30.5 · walls  2.6 · fell 71.7% (mother 36.9%) · prince 25.4% · king 16.6% · crowned 11.4% (median year 28) · 3.4s
try  7 · gen   96 · best    929.3 · elite    517.0 · median    104.8 · years  33.0 · road 0.35 · starved   977 · nobles  +3.3 · read 40.0 · walls  2.0 · fell 70.2% (mother 30.6%) · prince 21.8% · king 15.9% · crowned 12.0% (median year 46) · 3.4s
try  8 · gen   96 · best    958.5 · elite    583.1 · median    161.7 · years  22.0 · road 0.37 · starved   679 · nobles  +1.9 · read 26.8 · walls  2.6 · fell 77.3% (mother 28.6%) · prince 22.6% · king 16.4% · crowned 12.6% (median year 29) · 3.4s
try  1 · gen   97 · best   1190.2 · elite    696.8 · median    183.1 · years  21.9 · road 0.35 · starved   699 · nobles  +6.5 · read 21.2 · walls  1.3 · fell 71.0% (mother 26.4%) · prince 25.9% · king 19.4% · crowned 15.8% (median year 28) · 3.3s
try  2 · gen   97 · best    676.6 · elite    311.3 · median     -7.1 · years  41.9 · road 0.41 · starved  2743 · nobles  +0.9 · read 18.1 · walls  8.6 · fell 82.3% (mother 40.2%) · prince 16.2% · king  8.8% · crowned  6.5% (median year 66) · 3.3s
try  3 · gen   97 · best    649.1 · elite    349.2 · median     -5.7 · years  31.4 · road 0.38 · starved  1268 · nobles  +4.0 · read 17.2 · walls  5.4 · fell 87.0% (mother 34.3%) · prince 15.7% · king  9.1% · crowned  6.7% (median year 58) · 3.3s
try  4 · gen   97 · best   1150.8 · elite    688.6 · median    172.7 · years  21.2 · road 0.35 · starved   620 · nobles  +5.3 · read  8.9 · walls  1.5 · fell 70.6% (mother 18.4%) · prince 23.0% · king 17.2% · crowned 14.8% (median year 26) · 3.3s
try  5 · gen   97 · best   1176.7 · elite    793.5 · median    221.6 · years  22.9 · road 0.46 · starved   941 · nobles  +2.5 · read 45.6 · walls  4.2 · fell 54.3% (mother 28.4%) · prince 32.5% · king 24.6% · crowned 18.9% (median year 28) · 3.3s
try  6 · gen   97 · best    990.4 · elite    588.1 · median    120.1 · years  22.3 · road 0.39 · starved  1000 · nobles  +1.8 · read 29.9 · walls  2.4 · fell 72.0% (mother 37.3%) · prince 24.8% · king 17.0% · crowned 12.3% (median year 28) · 3.3s
try  7 · gen   97 · best    848.5 · elite    504.8 · median    113.5 · years  33.0 · road 0.35 · starved  1021 · nobles  +3.1 · read 38.5 · walls  2.0 · fell 70.6% (mother 32.6%) · prince 22.9% · king 15.9% · crowned 12.0% (median year 46) · 3.3s
try  8 · gen   97 · best   1194.2 · elite    605.6 · median    163.0 · years  21.6 · road 0.37 · starved   695 · nobles  +1.9 · read 26.7 · walls  2.7 · fell 77.2% (mother 29.3%) · prince 23.1% · king 17.0% · crowned 12.9% (median year 28) · 3.3s
try  1 · gen   98 · best   1183.4 · elite    674.2 · median    188.7 · years  21.8 · road 0.35 · starved   676 · nobles  +6.5 · read 20.5 · walls  1.3 · fell 70.0% (mother 25.5%) · prince 26.5% · king 19.4% · crowned 16.2% (median year 28) · 3.4s
try  2 · gen   98 · best    610.5 · elite    298.9 · median     -7.3 · years  42.8 · road 0.41 · starved  3683 · nobles  +1.3 · read 21.0 · walls  8.6 · fell 82.3% (mother 40.8%) · prince 16.1% · king  8.4% · crowned  6.1% (median year 67) · 3.4s
try  3 · gen   98 · best    639.5 · elite    328.9 · median     -8.5 · years  30.9 · road 0.38 · starved  1291 · nobles  +4.1 · read 17.0 · walls  5.2 · fell 88.5% (mother 35.1%) · prince 14.6% · king  8.5% · crowned  6.2% (median year 60) · 3.4s
try  4 · gen   98 · best   1005.3 · elite    643.6 · median    183.6 · years  21.1 · road 0.35 · starved   638 · nobles  +5.6 · read  7.3 · walls  1.1 · fell 70.9% (mother 18.5%) · prince 23.4% · king 17.7% · crowned 14.8% (median year 26) · 3.4s
try  5 · gen   98 · best   1198.8 · elite    799.8 · median    240.8 · years  22.6 · road 0.45 · starved   893 · nobles  +3.0 · read 47.8 · walls  4.1 · fell 52.5% (mother 27.7%) · prince 33.5% · king 25.3% · crowned 20.2% (median year 28) · 3.4s
try  6 · gen   98 · best   1107.2 · elite    593.7 · median    137.8 · years  22.4 · road 0.39 · starved  1013 · nobles  +2.3 · read 30.3 · walls  2.2 · fell 72.7% (mother 38.4%) · prince 25.6% · king 17.8% · crowned 12.8% (median year 29) · 3.4s
try  7 · gen   98 · best    868.2 · elite    504.5 · median    110.4 · years  33.3 · road 0.35 · starved  1058 · nobles  +3.4 · read 37.3 · walls  2.0 · fell 69.7% (mother 34.0%) · prince 23.0% · king 16.6% · crowned 12.3% (median year 47) · 3.4s
try  8 · gen   98 · best   1216.7 · elite    578.7 · median    163.6 · years  21.4 · road 0.37 · starved   705 · nobles  +3.0 · read 26.7 · walls  2.7 · fell 78.2% (mother 31.1%) · prince 23.5% · king 16.3% · crowned 12.4% (median year 28) · 3.4s
try  1 · gen   99 · best   1476.1 · elite    655.4 · median    182.5 · years  21.5 · road 0.35 · starved   691 · nobles  +5.7 · read 20.5 · walls  1.2 · fell 70.1% (mother 27.1%) · prince 25.4% · king 18.8% · crowned 15.4% (median year 28) · 3.3s
try  2 · gen   99 · best    699.9 · elite    300.8 · median     -6.6 · years  42.6 · road 0.41 · starved  3007 · nobles  +1.2 · read 22.7 · walls  8.6 · fell 81.6% (mother 40.0%) · prince 16.3% · king  8.4% · crowned  6.1% (median year 67) · 3.3s
try  3 · gen   99 · best    650.6 · elite    312.7 · median     -3.3 · years  31.9 · road 0.38 · starved  1353 · nobles  +3.5 · read 16.2 · walls  5.1 · fell 88.9% (mother 34.2%) · prince 15.6% · king  8.8% · crowned  5.9% (median year 61) · 3.3s
try  4 · gen   99 · best   1372.0 · elite    665.5 · median    187.4 · years  21.2 · road 0.35 · starved   647 · nobles  +5.8 · read  7.2 · walls  0.9 · fell 71.8% (mother 17.8%) · prince 23.1% · king 18.0% · crowned 15.4% (median year 27) · 3.3s
try  5 · gen   99 · best   1176.0 · elite    772.7 · median    235.4 · years  22.8 · road 0.46 · starved   886 · nobles  +2.8 · read 49.9 · walls  4.1 · fell 53.7% (mother 27.9%) · prince 33.5% · king 24.5% · crowned 19.0% (median year 28) · 3.3s
try  6 · gen   99 · best   1093.0 · elite    634.4 · median    123.1 · years  22.3 · road 0.39 · starved  1023 · nobles  +2.3 · read 31.3 · walls  2.4 · fell 71.5% (mother 36.5%) · prince 25.3% · king 17.8% · crowned 12.8% (median year 29) · 3.3s
try  7 · gen   99 · best    911.2 · elite    500.1 · median    123.6 · years  33.1 · road 0.35 · starved  1028 · nobles  +3.1 · read 38.5 · walls  1.9 · fell 69.2% (mother 34.3%) · prince 23.1% · king 16.4% · crowned 12.0% (median year 46) · 3.3s
try  8 · gen   99 · best    945.2 · elite    567.8 · median    165.8 · years  21.3 · road 0.37 · starved   719 · nobles  +2.4 · read 26.9 · walls  2.7 · fell 77.5% (mother 33.2%) · prince 23.3% · king 16.2% · crowned 12.5% (median year 28) · 3.3s
