War · reads Reads { told: false, recall: true, journal: true } · hidden 32 · genome 33445 · population 1000 (first 10000) · elite 100 breeding at 0.3 · tables 6 · hall 0 · rank 40 · letters None · longest 100 years · 8 trials · AMD Radeon RX 6750 XT (RADV NAVI22)
try  1 · gen    0 · best     16.3 · elite    -23.8 · median   -107.6 · years  19.1 · road 0.21 · starved  1164 · nobles  -1.0 · read 49.6 · walls  1.7 · fell 99.3% (mother 84.0%) · prince  0.0% · king  0.0% · crowned  0.0% · 13.7s
try  2 · gen    0 · best      7.7 · elite    -22.5 · median   -107.8 · years  19.1 · road 0.21 · starved  1165 · nobles  -1.0 · read 49.6 · walls  1.7 · fell 99.5% (mother 84.0%) · prince  0.0% · king  0.0% · crowned  0.0% · 13.7s
try  3 · gen    0 · best      1.2 · elite    -21.9 · median   -107.5 · years  18.9 · road 0.21 · starved  1158 · nobles  -1.0 · read 49.3 · walls  1.7 · fell 99.4% (mother 83.8%) · prince  0.0% · king  0.0% · crowned  0.0% · 13.7s
try  4 · gen    0 · best     14.8 · elite    -19.8 · median   -107.9 · years  19.0 · road 0.21 · starved  1160 · nobles  -1.0 · read 49.4 · walls  1.7 · fell 99.3% (mother 84.0%) · prince  0.0% · king  0.0% · crowned  0.0% · 13.7s
try  5 · gen    0 · best      7.5 · elite    -21.8 · median   -108.1 · years  18.9 · road 0.21 · starved  1154 · nobles  -1.0 · read 49.3 · walls  1.7 · fell 99.3% (mother 83.7%) · prince  0.0% · king  0.0% · crowned  0.0% · 28.2s
try  6 · gen    0 · best     10.0 · elite    -25.0 · median   -107.6 · years  19.0 · road 0.21 · starved  1160 · nobles  -1.0 · read 49.2 · walls  1.6 · fell 99.3% (mother 84.1%) · prince  0.0% · king  0.0% · crowned  0.0% · 28.2s
try  7 · gen    0 · best      6.9 · elite    -23.4 · median   -107.5 · years  18.9 · road 0.21 · starved  1160 · nobles  -1.0 · read 49.0 · walls  1.7 · fell 99.4% (mother 84.3%) · prince  0.0% · king  0.0% · crowned  0.0% · 28.2s
try  8 · gen    0 · best      8.1 · elite    -22.9 · median   -108.0 · years  19.2 · road 0.21 · starved  1164 · nobles  -1.0 · read 49.5 · walls  1.7 · fell 99.4% (mother 83.7%) · prince  0.0% · king  0.0% · crowned  0.0% · 28.2s
try  1 · gen    1 · best      0.2 · elite    -44.5 · median   -106.6 · years  30.9 · road 0.24 · starved  1532 · nobles  -2.5 · read 77.0 · walls  2.6 · fell 97.1% (mother 70.4%) · prince  0.0% · king  0.0% · crowned  0.0% · 3.4s
try  2 · gen    1 · best     -9.4 · elite    -49.2 · median   -104.5 · years  30.6 · road 0.25 · starved  1558 · nobles  -2.2 · read 78.7 · walls  2.8 · fell 97.9% (mother 71.9%) · prince  0.0% · king  0.0% · crowned  0.0% · 3.4s
try  3 · gen    1 · best     13.8 · elite    -45.9 · median   -106.1 · years  31.4 · road 0.25 · starved  1549 · nobles  -2.2 · read 76.1 · walls  2.8 · fell 97.1% (mother 70.6%) · prince  0.0% · king  0.0% · crowned  0.0% · 3.4s
try  4 · gen    1 · best     24.6 · elite    -42.2 · median   -105.4 · years  32.8 · road 0.24 · starved  1580 · nobles  -2.3 · read 82.1 · walls  2.8 · fell 96.7% (mother 70.1%) · prince  0.0% · king  0.0% · crowned  0.0% · 3.4s
try  5 · gen    1 · best     -2.8 · elite    -45.0 · median   -105.7 · years  30.0 · road 0.25 · starved  1524 · nobles  -2.2 · read 76.0 · walls  3.0 · fell 97.7% (mother 71.4%) · prince  0.0% · king  0.0% · crowned  0.0% · 3.4s
try  6 · gen    1 · best    -12.7 · elite    -48.7 · median   -107.0 · years  27.9 · road 0.24 · starved  1482 · nobles  -1.9 · read 68.2 · walls  2.5 · fell 98.1% (mother 72.4%) · prince  0.0% · king  0.0% · crowned  0.0% · 3.4s
try  7 · gen    1 · best      0.4 · elite    -46.7 · median   -105.4 · years  32.9 · road 0.24 · starved  1598 · nobles  -1.9 · read 81.7 · walls  2.8 · fell 96.8% (mother 72.9%) · prince  0.0% · king  0.0% · crowned  0.0% · 3.4s
try  8 · gen    1 · best    -11.0 · elite    -48.6 · median   -106.5 · years  31.1 · road 0.24 · starved  1536 · nobles  -1.9 · read 78.0 · walls  2.7 · fell 97.8% (mother 70.6%) · prince  0.0% · king  0.0% · crowned  0.0% · 3.4s
try  1 · gen    2 · best      6.3 · elite    -44.1 · median   -106.4 · years  39.8 · road 0.25 · starved  1737 · nobles  -3.1 · read 95.6 · walls  2.9 · fell 92.2% (mother 59.4%) · prince  0.0% · king  0.0% · crowned  0.0% · 3.8s
try  2 · gen    2 · best      9.3 · elite    -49.3 · median   -106.5 · years  36.6 · road 0.26 · starved  1719 · nobles  -2.8 · read 90.7 · walls  3.2 · fell 95.9% (mother 62.3%) · prince  0.0% · king  0.0% · crowned  0.0% · 3.8s
try  3 · gen    2 · best     -4.7 · elite    -44.5 · median   -106.3 · years  39.8 · road 0.25 · starved  1755 · nobles  -3.0 · read 99.8 · walls  3.1 · fell 93.9% (mother 61.5%) · prince  0.0% · king  0.0% · crowned  0.0% · 3.8s
try  4 · gen    2 · best     19.9 · elite    -43.1 · median   -107.4 · years  41.7 · road 0.24 · starved  1752 · nobles  -2.7 · read 110.3 · walls  3.1 · fell 90.5% (mother 55.4%) · prince  0.0% · king  0.0% · crowned  0.0% · 3.8s
try  5 · gen    2 · best     17.4 · elite    -39.6 · median   -104.9 · years  40.6 · road 0.26 · starved  1779 · nobles  -2.7 · read 106.4 · walls  3.5 · fell 93.4% (mother 59.5%) · prince  0.0% · king  0.0% · crowned  0.0% · 3.8s
try  6 · gen    2 · best    -10.7 · elite    -48.0 · median   -107.0 · years  34.5 · road 0.26 · starved  1702 · nobles  -2.4 · read 85.2 · walls  3.2 · fell 97.2% (mother 66.9%) · prince  0.0% · king  0.0% · crowned  0.0% · 3.8s
try  7 · gen    2 · best     13.4 · elite    -41.5 · median   -106.3 · years  39.0 · road 0.25 · starved  1724 · nobles  -2.2 · read 96.6 · walls  3.2 · fell 93.1% (mother 59.8%) · prince  0.0% · king  0.0% · crowned  0.0% · 3.8s
try  8 · gen    2 · best      0.0 · elite    -46.3 · median   -108.4 · years  40.6 · road 0.24 · starved  1773 · nobles  -2.1 · read 103.8 · walls  3.2 · fell 93.7% (mother 65.1%) · prince  0.0% · king  0.0% · crowned  0.0% · 3.8s
try  1 · gen    3 · best     10.3 · elite    -40.8 · median   -106.0 · years  41.7 · road 0.24 · starved  1701 · nobles  -2.9 · read 91.8 · walls  3.1 · fell 88.9% (mother 49.8%) · prince  0.0% · king  0.0% · crowned  0.0% · 4.0s
try  2 · gen    3 · best      9.5 · elite    -42.0 · median   -105.1 · years  41.5 · road 0.27 · starved  1828 · nobles  -3.3 · read 101.2 · walls  3.8 · fell 92.3% (mother 59.7%) · prince  0.0% · king  0.0% · crowned  0.0% · 4.0s
try  3 · gen    3 · best     15.4 · elite    -41.3 · median   -104.9 · years  45.4 · road 0.25 · starved  1801 · nobles  -3.3 · read 120.9 · walls  3.3 · fell 87.4% (mother 49.5%) · prince  0.0% · king  0.0% · crowned  0.0% · 4.0s
try  4 · gen    3 · best      9.4 · elite    -44.0 · median   -103.8 · years  45.1 · road 0.24 · starved  1736 · nobles  -2.9 · read 116.1 · walls  3.7 · fell 83.6% (mother 45.7%) · prince  0.0% · king  0.0% · crowned  0.0% · 4.0s
try  5 · gen    3 · best     14.1 · elite    -41.1 · median   -101.7 · years  42.3 · road 0.25 · starved  1735 · nobles  -2.4 · read 110.2 · walls  3.6 · fell 89.1% (mother 48.3%) · prince  0.0% · king  0.0% · crowned  0.0% · 4.0s
try  6 · gen    3 · best     -8.4 · elite    -44.9 · median   -105.5 · years  38.9 · road 0.26 · starved  1763 · nobles  -3.0 · read 99.4 · walls  3.5 · fell 94.3% (mother 59.0%) · prince  0.0% · king  0.0% · crowned  0.0% · 4.0s
try  7 · gen    3 · best     27.3 · elite    -41.6 · median   -101.5 · years  44.3 · road 0.26 · starved  1802 · nobles  -2.4 · read 108.0 · walls  4.5 · fell 87.9% (mother 49.7%) · prince  0.0% · king  0.0% · crowned  0.0% · 4.0s
try  8 · gen    3 · best      3.7 · elite    -45.6 · median   -106.7 · years  43.7 · road 0.24 · starved  1804 · nobles  -2.1 · read 111.5 · walls  3.4 · fell 87.8% (mother 51.7%) · prince  0.0% · king  0.0% · crowned  0.0% · 4.0s
try  1 · gen    4 · best     16.9 · elite    -33.8 · median   -100.7 · years  46.6 · road 0.24 · starved  1734 · nobles  -3.3 · read 94.3 · walls  3.4 · fell 81.1% (mother 46.2%) · prince  0.0% · king  0.0% · crowned  0.0% · 4.1s
try  2 · gen    4 · best     19.6 · elite    -36.2 · median   -101.2 · years  45.4 · road 0.27 · starved  1829 · nobles  -3.0 · read 112.0 · walls  4.4 · fell 85.9% (mother 52.0%) · prince  0.0% · king  0.0% · crowned  0.0% · 4.1s
try  3 · gen    4 · best     -0.2 · elite    -38.1 · median   -100.4 · years  46.6 · road 0.25 · starved  1758 · nobles  -3.1 · read 134.3 · walls  3.8 · fell 80.8% (mother 40.0%) · prince  0.0% · king  0.0% · crowned  0.0% · 4.1s
try  4 · gen    4 · best     15.5 · elite    -41.8 · median   -101.2 · years  45.5 · road 0.24 · starved  1727 · nobles  -3.1 · read 115.6 · walls  3.9 · fell 82.1% (mother 39.8%) · prince  0.0% · king  0.0% · crowned  0.0% · 4.1s
try  5 · gen    4 · best     12.2 · elite    -34.9 · median   -101.9 · years  44.4 · road 0.25 · starved  1738 · nobles  -2.7 · read 109.8 · walls  3.9 · fell 86.0% (mother 46.9%) · prince  0.0% · king  0.0% · crowned  0.0% · 4.1s
try  6 · gen    4 · best     10.8 · elite    -43.9 · median   -103.2 · years  42.6 · road 0.27 · starved  1827 · nobles  -3.0 · read 110.3 · walls  4.0 · fell 91.2% (mother 53.2%) · prince  0.0% · king  0.0% · crowned  0.0% · 4.1s
try  7 · gen    4 · best     20.3 · elite    -39.7 · median   -103.2 · years  43.8 · road 0.26 · starved  1735 · nobles  -2.3 · read 102.6 · walls  4.7 · fell 84.4% (mother 42.6%) · prince  0.0% · king  0.0% · crowned  0.0% · 4.1s
try  8 · gen    4 · best     16.7 · elite    -39.6 · median   -104.1 · years  46.6 · road 0.24 · starved  1792 · nobles  -2.3 · read 116.5 · walls  3.6 · fell 79.0% (mother 40.2%) · prince  0.0% · king  0.0% · crowned  0.0% · 4.1s
try  1 · gen    5 · best     53.3 · elite    -35.2 · median    -95.3 · years  47.0 · road 0.26 · starved  1711 · nobles  -3.9 · read 78.3 · walls  3.9 · fell 77.6% (mother 40.1%) · prince  0.0% · king  0.0% · crowned  0.0% · 4.2s
try  2 · gen    5 · best     37.2 · elite    -27.8 · median    -95.4 · years  46.8 · road 0.28 · starved  1793 · nobles  -2.8 · read 109.0 · walls  4.9 · fell 82.2% (mother 48.3%) · prince  0.0% · king  0.0% · crowned  0.0% · 4.2s
try  3 · gen    5 · best     59.3 · elite    -29.3 · median    -98.8 · years  45.5 · road 0.26 · starved  1693 · nobles  -2.9 · read 137.6 · walls  4.5 · fell 77.6% (mother 35.5%) · prince  0.0% · king  0.0% · crowned  0.0% · 4.2s
try  4 · gen    5 · best     17.8 · elite    -39.1 · median   -101.6 · years  46.1 · road 0.24 · starved  1734 · nobles  -3.7 · read 111.4 · walls  3.6 · fell 80.8% (mother 35.8%) · prince  0.0% · king  0.0% · crowned  0.0% · 4.2s
try  5 · gen    5 · best     22.4 · elite    -33.1 · median   -100.8 · years  45.1 · road 0.26 · starved  1719 · nobles  -3.1 · read 105.9 · walls  4.1 · fell 81.2% (mother 39.0%) · prince  0.0% · king  0.0% · crowned  0.0% · 4.2s
try  6 · gen    5 · best     17.6 · elite    -39.9 · median   -100.1 · years  43.5 · road 0.27 · starved  1777 · nobles  -2.9 · read 110.4 · walls  4.3 · fell 89.0% (mother 51.0%) · prince  0.0% · king  0.0% · crowned  0.0% · 4.2s
try  7 · gen    5 · best     42.4 · elite    -30.5 · median   -100.9 · years  46.8 · road 0.26 · starved  1777 · nobles  -2.3 · read 102.5 · walls  4.8 · fell 81.7% (mother 41.3%) · prince  0.0% · king  0.0% · crowned  0.0% · 4.2s
try  8 · gen    5 · best     15.4 · elite    -36.3 · median    -98.9 · years  50.1 · road 0.24 · starved  1798 · nobles  -2.6 · read 128.2 · walls  3.5 · fell 71.5% (mother 35.2%) · prince  0.0% · king  0.0% · crowned  0.0% · 4.2s
try  1 · gen    6 · best     27.3 · elite    -28.3 · median    -94.6 · years  47.0 · road 0.27 · starved  1694 · nobles  -4.4 · read 67.7 · walls  4.5 · fell 77.5% (mother 40.6%) · prince  0.0% · king  0.0% · crowned  0.0% · 4.2s
try  2 · gen    6 · best     38.2 · elite    -24.4 · median    -94.5 · years  48.4 · road 0.29 · starved  1813 · nobles  -2.9 · read 99.8 · walls  5.3 · fell 78.6% (mother 45.1%) · prince  0.0% · king  0.0% · crowned  0.0% · 4.2s
try  3 · gen    6 · best     33.3 · elite    -25.5 · median    -95.4 · years  49.2 · road 0.27 · starved  1755 · nobles  -3.0 · read 141.6 · walls  4.8 · fell 73.4% (mother 32.5%) · prince  0.0% · king  0.0% · crowned  0.0% · 4.2s
try  4 · gen    6 · best     45.5 · elite    -33.6 · median    -99.0 · years  46.7 · road 0.26 · starved  1729 · nobles  -4.4 · read 105.3 · walls  3.7 · fell 79.5% (mother 36.1%) · prince  0.0% · king  0.0% · crowned  0.0% · 4.2s
try  5 · gen    6 · best     42.0 · elite    -31.2 · median    -98.2 · years  43.8 · road 0.26 · starved  1658 · nobles  -3.7 · read 97.1 · walls  4.1 · fell 81.2% (mother 38.2%) · prince  0.0% · king  0.0% · crowned  0.0% · 4.2s
try  6 · gen    6 · best     19.7 · elite    -39.9 · median    -99.1 · years  42.7 · road 0.27 · starved  1752 · nobles  -3.0 · read 106.0 · walls  4.3 · fell 89.8% (mother 48.5%) · prince  0.0% · king  0.0% · crowned  0.0% · 4.2s
try  7 · gen    6 · best     21.5 · elite    -27.0 · median    -95.0 · years  47.2 · road 0.26 · starved  1746 · nobles  -2.6 · read 102.5 · walls  5.3 · fell 79.5% (mother 35.5%) · prince  0.0% · king  0.0% · crowned  0.0% · 4.2s
try  8 · gen    6 · best     23.7 · elite    -32.3 · median    -98.6 · years  50.5 · road 0.24 · starved  1769 · nobles  -2.7 · read 129.2 · walls  3.7 · fell 69.8% (mother 32.1%) · prince  0.0% · king  0.0% · crowned  0.0% · 4.2s
try  1 · gen    7 · best     17.8 · elite    -27.4 · median    -91.7 · years  47.3 · road 0.27 · starved  1688 · nobles  -4.5 · read 58.6 · walls  4.7 · fell 77.9% (mother 38.5%) · prince  0.0% · king  0.0% · crowned  0.0% · 4.1s
try  2 · gen    7 · best     42.0 · elite    -18.1 · median    -90.9 · years  49.7 · road 0.29 · starved  1813 · nobles  -3.4 · read 93.5 · walls  5.3 · fell 75.9% (mother 41.5%) · prince  0.0% · king  0.0% · crowned  0.0% · 4.1s
try  3 · gen    7 · best     21.8 · elite    -23.9 · median    -96.6 · years  47.3 · road 0.27 · starved  1724 · nobles  -3.0 · read 132.6 · walls  4.9 · fell 74.8% (mother 31.8%) · prince  0.0% · king  0.0% · crowned  0.0% · 4.1s
try  4 · gen    7 · best     45.3 · elite    -27.8 · median    -97.6 · years  45.8 · road 0.26 · starved  1697 · nobles  -4.8 · read 95.7 · walls  4.0 · fell 79.4% (mother 35.7%) · prince  0.0% · king  0.0% · crowned  0.0% · 4.1s
try  5 · gen    7 · best     32.3 · elite    -28.4 · median    -95.8 · years  45.3 · road 0.26 · starved  1646 · nobles  -4.4 · read 98.7 · walls  4.0 · fell 79.4% (mother 34.0%) · prince  0.0% · king  0.0% · crowned  0.0% · 4.1s
try  6 · gen    7 · best     10.4 · elite    -31.7 · median    -95.1 · years  42.1 · road 0.28 · starved  1702 · nobles  -2.9 · read 98.7 · walls  4.9 · fell 89.1% (mother 48.5%) · prince  0.0% · king  0.0% · crowned  0.0% · 4.1s
try  7 · gen    7 · best     42.7 · elite    -20.4 · median    -90.4 · years  47.3 · road 0.27 · starved  1679 · nobles  -2.5 · read 103.4 · walls  5.6 · fell 77.7% (mother 32.4%) · prince  0.0% · king  0.0% · crowned  0.0% · 4.1s
try  8 · gen    7 · best     49.9 · elite    -29.7 · median    -96.5 · years  50.9 · road 0.25 · starved  1764 · nobles  -3.0 · read 138.3 · walls  3.7 · fell 68.6% (mother 33.6%) · prince  0.0% · king  0.0% · crowned  0.0% · 4.1s
try  1 · gen    8 · best     30.7 · elite    -20.0 · median    -89.6 · years  48.1 · road 0.29 · starved  1704 · nobles  -5.0 · read 57.9 · walls  5.2 · fell 77.1% (mother 38.3%) · prince  0.0% · king  0.0% · crowned  0.0% · 4.2s
try  2 · gen    8 · best     35.4 · elite    -22.1 · median    -86.9 · years  49.1 · road 0.30 · starved  1773 · nobles  -3.9 · read 94.7 · walls  5.2 · fell 74.5% (mother 39.5%) · prince  0.0% · king  0.0% · crowned  0.0% · 4.2s
try  3 · gen    8 · best     40.1 · elite    -19.1 · median    -91.4 · years  48.5 · road 0.28 · starved  1713 · nobles  -3.0 · read 133.1 · walls  4.9 · fell 72.9% (mother 28.7%) · prince  0.0% · king  0.0% · crowned  0.0% · 4.2s
try  4 · gen    8 · best     21.3 · elite    -24.4 · median    -94.4 · years  48.3 · road 0.27 · starved  1739 · nobles  -5.3 · read 100.9 · walls  4.5 · fell 76.7% (mother 36.0%) · prince  0.0% · king  0.0% · crowned  0.0% · 4.2s
try  5 · gen    8 · best     44.1 · elite    -24.7 · median    -93.9 · years  45.2 · road 0.26 · starved  1641 · nobles  -4.8 · read 99.2 · walls  3.5 · fell 80.4% (mother 33.4%) · prince  0.0% · king  0.0% · crowned  0.0% · 4.2s
try  6 · gen    8 · best     14.3 · elite    -27.6 · median    -89.7 · years  44.6 · road 0.29 · starved  1718 · nobles  -3.3 · read 99.5 · walls  5.3 · fell 85.6% (mother 44.3%) · prince  0.0% · king  0.0% · crowned  0.0% · 4.2s
try  7 · gen    8 · best     32.4 · elite    -19.8 · median    -84.8 · years  46.7 · road 0.28 · starved  1618 · nobles  -3.0 · read 101.0 · walls  5.6 · fell 79.5% (mother 29.9%) · prince  0.0% · king  0.0% · crowned  0.0% · 4.2s
try  8 · gen    8 · best     14.1 · elite    -29.0 · median    -95.6 · years  49.7 · road 0.25 · starved  1719 · nobles  -3.1 · read 131.6 · walls  3.7 · fell 68.5% (mother 29.5%) · prince  0.0% · king  0.0% · crowned  0.0% · 4.2s
try  1 · gen    9 · best     51.5 · elite    -21.6 · median    -85.4 · years  48.5 · road 0.29 · starved  1690 · nobles  -4.7 · read 66.8 · walls  5.4 · fell 76.5% (mother 38.5%) · prince  0.0% · king  0.0% · crowned  0.0% · 4.2s
try  2 · gen    9 · best     46.2 · elite    -11.3 · median    -87.1 · years  47.4 · road 0.30 · starved  1703 · nobles  -4.1 · read 96.3 · walls  4.9 · fell 74.9% (mother 37.2%) · prince  0.0% · king  0.0% · crowned  0.0% · 4.2s
try  3 · gen    9 · best     49.3 · elite    -15.7 · median    -91.0 · years  48.5 · road 0.28 · starved  1702 · nobles  -2.9 · read 128.9 · walls  4.8 · fell 73.3% (mother 26.7%) · prince  0.0% · king  0.0% · crowned  0.0% · 4.2s
try  4 · gen    9 · best     53.8 · elite    -23.8 · median    -95.8 · years  45.0 · road 0.27 · starved  1670 · nobles  -5.1 · read 94.4 · walls  4.4 · fell 79.2% (mother 35.0%) · prince  0.0% · king  0.0% · crowned  0.0% · 4.2s
try  5 · gen    9 · best     12.6 · elite    -22.9 · median    -92.6 · years  43.8 · road 0.27 · starved  1565 · nobles  -5.0 · read 95.1 · walls  3.4 · fell 80.2% (mother 31.9%) · prince  0.1% · king  0.0% · crowned  0.0% · 4.2s
try  6 · gen    9 · best     58.2 · elite    -23.2 · median    -85.9 · years  45.3 · road 0.30 · starved  1701 · nobles  -3.5 · read 97.0 · walls  5.3 · fell 82.8% (mother 39.8%) · prince  0.0% · king  0.0% · crowned  0.0% · 4.2s
try  7 · gen    9 · best     66.1 · elite    -17.4 · median    -87.1 · years  45.6 · road 0.28 · starved  1603 · nobles  -3.1 · read 95.5 · walls  5.5 · fell 81.0% (mother 30.6%) · prince  0.0% · king  0.0% · crowned  0.0% · 4.2s
try  8 · gen    9 · best     36.3 · elite    -25.9 · median    -92.2 · years  51.0 · road 0.26 · starved  1714 · nobles  -3.1 · read 139.7 · walls  4.0 · fell 68.2% (mother 28.7%) · prince  0.0% · king  0.0% · crowned  0.0% · 4.2s
try  1 · gen   10 · best     40.4 · elite    -15.0 · median    -86.2 · years  49.0 · road 0.29 · starved  1685 · nobles  -4.4 · read 61.3 · walls  5.5 · fell 74.7% (mother 34.9%) · prince  0.0% · king  0.0% · crowned  0.0% · 4.2s
try  2 · gen   10 · best     47.7 · elite    -12.9 · median    -83.9 · years  49.4 · road 0.31 · starved  1738 · nobles  -4.9 · read 101.6 · walls  4.9 · fell 74.0% (mother 35.9%) · prince  0.0% · king  0.0% · crowned  0.0% · 4.2s
try  3 · gen   10 · best     44.2 · elite    -13.0 · median    -89.2 · years  49.3 · road 0.29 · starved  1708 · nobles  -3.1 · read 134.3 · walls  4.6 · fell 72.5% (mother 23.5%) · prince  0.0% · king  0.0% · crowned  0.0% · 4.2s
try  4 · gen   10 · best     70.6 · elite    -19.4 · median    -92.9 · years  45.3 · road 0.28 · starved  1659 · nobles  -5.7 · read 90.3 · walls  4.1 · fell 78.2% (mother 30.6%) · prince  0.0% · king  0.0% · crowned  0.0% · 4.2s
try  5 · gen   10 · best     32.8 · elite    -20.4 · median    -88.3 · years  44.5 · road 0.27 · starved  1561 · nobles  -5.9 · read 92.5 · walls  3.0 · fell 81.6% (mother 33.8%) · prince  0.1% · king  0.0% · crowned  0.0% · 4.2s
try  6 · gen   10 · best     40.5 · elite    -14.4 · median    -83.5 · years  48.5 · road 0.31 · starved  1736 · nobles  -4.2 · read 101.6 · walls  5.5 · fell 80.1% (mother 40.7%) · prince  0.0% · king  0.0% · crowned  0.0% · 4.2s
try  7 · gen   10 · best     31.0 · elite    -14.8 · median    -81.9 · years  47.2 · road 0.29 · starved  1616 · nobles  -3.7 · read 99.6 · walls  5.7 · fell 81.7% (mother 33.3%) · prince  0.0% · king  0.0% · crowned  0.0% · 4.2s
try  8 · gen   10 · best     31.6 · elite    -27.4 · median    -92.4 · years  49.9 · road 0.26 · starved  1688 · nobles  -3.2 · read 134.4 · walls  4.1 · fell 69.7% (mother 30.5%) · prince  0.0% · king  0.0% · crowned  0.0% · 4.2s
try  1 · gen   11 · best     31.3 · elite    -20.8 · median    -85.3 · years  47.2 · road 0.29 · starved  1649 · nobles  -4.4 · read 61.6 · walls  5.5 · fell 75.4% (mother 34.2%) · prince  0.0% · king  0.0% · crowned  0.0% · 4.2s
try  2 · gen   11 · best     60.2 · elite    -10.2 · median    -82.8 · years  47.5 · road 0.31 · starved  1688 · nobles  -5.1 · read 99.9 · walls  4.6 · fell 77.2% (mother 36.7%) · prince  0.0% · king  0.0% · crowned  0.0% · 4.2s
try  3 · gen   11 · best     81.2 · elite    -11.5 · median    -81.8 · years  45.0 · road 0.30 · starved  1584 · nobles  -3.7 · read 123.6 · walls  4.2 · fell 78.2% (mother 27.1%) · prince  0.1% · king  0.0% · crowned  0.0% · 4.2s
try  4 · gen   11 · best     38.6 · elite    -18.1 · median    -91.5 · years  44.0 · road 0.28 · starved  1612 · nobles  -6.2 · read 78.5 · walls  3.7 · fell 79.6% (mother 32.5%) · prince  0.0% · king  0.0% · crowned  0.0% · 4.2s
try  5 · gen   11 · best     54.5 · elite    -21.7 · median    -89.8 · years  44.2 · road 0.27 · starved  1544 · nobles  -5.9 · read 96.1 · walls  2.9 · fell 81.4% (mother 30.5%) · prince  0.2% · king  0.0% · crowned  0.0% · 4.2s
try  6 · gen   11 · best     34.6 · elite    -18.2 · median    -82.0 · years  48.1 · road 0.31 · starved  1703 · nobles  -3.9 · read 99.2 · walls  5.3 · fell 78.1% (mother 35.8%) · prince  0.0% · king  0.0% · crowned  0.0% · 4.2s
try  7 · gen   11 · best     20.9 · elite    -19.1 · median    -85.1 · years  45.7 · road 0.28 · starved  1607 · nobles  -3.7 · read 96.1 · walls  5.6 · fell 83.0% (mother 27.5%) · prince  0.0% · king  0.0% · crowned  0.0% · 4.2s
try  8 · gen   11 · best     39.3 · elite    -18.4 · median    -90.0 · years  51.6 · road 0.27 · starved  1715 · nobles  -3.4 · read 138.1 · walls  4.2 · fell 70.0% (mother 31.4%) · prince  0.0% · king  0.0% · crowned  0.0% · 4.2s
try  1 · gen   12 · best     34.0 · elite    -17.4 · median    -83.3 · years  48.2 · road 0.29 · starved  1639 · nobles  -4.4 · read 74.1 · walls  5.7 · fell 74.8% (mother 33.9%) · prince  0.0% · king  0.0% · crowned  0.0% · 4.2s
try  2 · gen   12 · best     51.1 · elite     -9.9 · median    -80.1 · years  46.3 · road 0.32 · starved  1606 · nobles  -5.4 · read 95.6 · walls  4.4 · fell 78.1% (mother 34.5%) · prince  0.1% · king  0.0% · crowned  0.0% · 4.2s
try  3 · gen   12 · best     40.7 · elite     -5.1 · median    -81.0 · years  44.8 · road 0.30 · starved  1530 · nobles  -4.3 · read 127.6 · walls  3.9 · fell 79.4% (mother 28.9%) · prince  0.0% · king  0.0% · crowned  0.0% · 4.2s
try  4 · gen   12 · best     35.0 · elite    -15.8 · median    -88.8 · years  45.6 · road 0.30 · starved  1636 · nobles  -7.2 · read 79.7 · walls  3.9 · fell 78.2% (mother 33.5%) · prince  0.0% · king  0.0% · crowned  0.0% · 4.2s
try  5 · gen   12 · best     31.5 · elite    -21.5 · median    -88.2 · years  42.0 · road 0.27 · starved  1504 · nobles  -5.6 · read 88.0 · walls  3.3 · fell 82.3% (mother 31.1%) · prince  0.3% · king  0.0% · crowned  0.0% · 4.2s
try  6 · gen   12 · best     27.2 · elite    -12.9 · median    -80.8 · years  48.9 · road 0.31 · starved  1704 · nobles  -4.2 · read 101.4 · walls  5.2 · fell 77.0% (mother 34.4%) · prince  0.1% · king  0.0% · crowned  0.0% · 4.2s
try  7 · gen   12 · best     52.4 · elite    -14.0 · median    -81.8 · years  46.4 · road 0.29 · starved  1602 · nobles  -3.9 · read 97.7 · walls  5.7 · fell 82.4% (mother 28.8%) · prince  0.0% · king  0.0% · crowned  0.0% · 4.2s
try  8 · gen   12 · best     51.6 · elite    -16.4 · median    -90.1 · years  52.2 · road 0.28 · starved  1739 · nobles  -3.5 · read 132.7 · walls  4.3 · fell 66.5% (mother 29.9%) · prince  0.0% · king  0.0% · crowned  0.0% · 4.2s
try  1 · gen   13 · best     39.9 · elite    -15.2 · median    -83.3 · years  47.3 · road 0.30 · starved  1616 · nobles  -4.9 · read 67.1 · walls  5.7 · fell 75.5% (mother 35.0%) · prince  0.0% · king  0.0% · crowned  0.0% · 4.2s
try  2 · gen   13 · best     38.2 · elite     -8.8 · median    -78.6 · years  45.3 · road 0.31 · starved  1564 · nobles  -5.5 · read 94.9 · walls  4.1 · fell 80.1% (mother 36.0%) · prince  0.2% · king  0.0% · crowned  0.0% · 4.2s
try  3 · gen   13 · best     55.9 · elite     -1.5 · median    -77.1 · years  45.6 · road 0.31 · starved  1528 · nobles  -4.8 · read 130.3 · walls  4.3 · fell 79.2% (mother 27.6%) · prince  0.0% · king  0.0% · crowned  0.0% · 4.2s
try  4 · gen   13 · best     51.6 · elite    -11.4 · median    -83.1 · years  45.5 · road 0.30 · starved  1573 · nobles  -7.8 · read 78.9 · walls  4.1 · fell 77.9% (mother 32.3%) · prince  0.0% · king  0.0% · crowned  0.0% · 4.2s
try  5 · gen   13 · best     27.5 · elite    -19.8 · median    -85.3 · years  40.6 · road 0.28 · starved  1491 · nobles  -5.6 · read 84.0 · walls  3.7 · fell 84.9% (mother 33.9%) · prince  0.4% · king  0.0% · crowned  0.0% · 4.2s
try  6 · gen   13 · best     27.8 · elite    -12.2 · median    -81.6 · years  49.7 · road 0.32 · starved  1723 · nobles  -4.4 · read 107.9 · walls  5.1 · fell 77.0% (mother 34.9%) · prince  0.1% · king  0.0% · crowned  0.0% · 4.2s
try  7 · gen   13 · best     36.8 · elite    -11.8 · median    -81.4 · years  44.9 · road 0.29 · starved  1561 · nobles  -4.0 · read 96.2 · walls  5.6 · fell 83.2% (mother 30.0%) · prince  0.0% · king  0.0% · crowned  0.0% · 4.2s
try  8 · gen   13 · best     27.5 · elite    -17.1 · median    -87.0 · years  51.6 · road 0.29 · starved  1728 · nobles  -3.0 · read 125.2 · walls  4.4 · fell 67.2% (mother 31.2%) · prince  0.0% · king  0.0% · crowned  0.0% · 4.2s
try  1 · gen   14 · best     33.3 · elite    -11.4 · median    -80.9 · years  48.0 · road 0.31 · starved  1629 · nobles  -5.1 · read 67.3 · walls  5.9 · fell 74.8% (mother 33.4%) · prince  0.0% · king  0.0% · crowned  0.0% · 4.2s
try  2 · gen   14 · best     68.0 · elite     -5.8 · median    -78.4 · years  44.6 · road 0.32 · starved  1547 · nobles  -5.9 · read 90.0 · walls  4.1 · fell 81.6% (mother 35.4%) · prince  0.3% · king  0.0% · crowned  0.0% · 4.2s
try  3 · gen   14 · best     78.0 · elite     -3.6 · median    -76.6 · years  42.9 · road 0.31 · starved  1470 · nobles  -4.6 · read 120.9 · walls  4.8 · fell 82.6% (mother 28.5%) · prince  0.1% · king  0.0% · crowned  0.0% · 4.2s
try  4 · gen   14 · best     41.4 · elite     -8.1 · median    -79.5 · years  46.1 · road 0.31 · starved  1546 · nobles  -8.1 · read 77.4 · walls  4.2 · fell 76.9% (mother 31.7%) · prince  0.0% · king  0.0% · crowned  0.0% · 4.2s
try  5 · gen   14 · best     39.7 · elite    -12.8 · median    -86.3 · years  40.9 · road 0.28 · starved  1470 · nobles  -6.1 · read 84.1 · walls  3.5 · fell 84.8% (mother 32.1%) · prince  0.7% · king  0.0% · crowned  0.0% · 4.2s
try  6 · gen   14 · best     25.2 · elite    -11.7 · median    -82.7 · years  47.7 · road 0.31 · starved  1654 · nobles  -4.1 · read 112.1 · walls  4.9 · fell 76.2% (mother 33.7%) · prince  0.1% · king  0.0% · crowned  0.0% · 4.2s
try  7 · gen   14 · best     49.4 · elite     -8.5 · median    -78.3 · years  46.0 · road 0.30 · starved  1559 · nobles  -4.2 · read 97.1 · walls  5.7 · fell 82.1% (mother 32.5%) · prince  0.0% · king  0.0% · crowned  0.0% · 4.2s
try  8 · gen   14 · best     46.6 · elite    -10.3 · median    -83.8 · years  51.7 · road 0.29 · starved  1730 · nobles  -3.1 · read 117.8 · walls  4.5 · fell 67.1% (mother 31.5%) · prince  0.0% · king  0.0% · crowned  0.0% · 4.2s
try  1 · gen   15 · best     72.5 · elite     -9.4 · median    -76.4 · years  48.7 · road 0.32 · starved  1618 · nobles  -5.5 · read 68.7 · walls  6.4 · fell 73.9% (mother 33.0%) · prince  0.0% · king  0.0% · crowned  0.0% · 4.1s
try  2 · gen   15 · best     80.9 · elite     -4.1 · median    -78.4 · years  43.1 · road 0.32 · starved  1577 · nobles  -5.8 · read 86.1 · walls  4.2 · fell 83.3% (mother 37.3%) · prince  0.6% · king  0.0% · crowned  0.0% · 4.1s
try  3 · gen   15 · best     59.2 · elite      0.1 · median    -73.2 · years  44.8 · road 0.32 · starved  1511 · nobles  -5.1 · read 125.6 · walls  5.1 · fell 82.2% (mother 30.2%) · prince  0.1% · king  0.0% · crowned  0.0% · 4.1s
try  4 · gen   15 · best     68.2 · elite    -10.2 · median    -75.1 · years  46.3 · road 0.32 · starved  1529 · nobles  -8.2 · read 79.0 · walls  4.5 · fell 75.1% (mother 31.0%) · prince  0.0% · king  0.0% · crowned  0.0% · 4.1s
try  5 · gen   15 · best     44.8 · elite     -8.3 · median    -83.0 · years  40.1 · road 0.28 · starved  1405 · nobles  -6.2 · read 80.5 · walls  3.3 · fell 86.3% (mother 34.3%) · prince  0.9% · king  0.0% · crowned  0.0% · 4.1s
try  6 · gen   15 · best     25.8 · elite    -11.1 · median    -79.8 · years  45.7 · road 0.30 · starved  1586 · nobles  -4.3 · read 106.1 · walls  4.7 · fell 79.0% (mother 36.2%) · prince  0.1% · king  0.0% · crowned  0.0% · 4.1s
try  7 · gen   15 · best     36.6 · elite     -4.8 · median    -77.2 · years  47.1 · road 0.30 · starved  1531 · nobles  -4.4 · read 101.2 · walls  5.8 · fell 80.2% (mother 27.8%) · prince  0.1% · king  0.0% · crowned  0.0% · 4.1s
try  8 · gen   15 · best     43.9 · elite    -11.5 · median    -83.0 · years  52.2 · road 0.30 · starved  1709 · nobles  -2.9 · read 116.9 · walls  4.5 · fell 65.5% (mother 30.0%) · prince  0.0% · king  0.0% · crowned  0.0% · 4.1s
try  1 · gen   16 · best     52.2 · elite     -3.0 · median    -70.8 · years  51.6 · road 0.33 · starved  1643 · nobles  -6.4 · read 73.0 · walls  6.7 · fell 69.7% (mother 31.7%) · prince  0.0% · king  0.0% · crowned  0.0% · 4.2s
try  2 · gen   16 · best    103.5 · elite      1.5 · median    -78.6 · years  42.8 · road 0.33 · starved  1627 · nobles  -5.6 · read 85.6 · walls  4.4 · fell 84.4% (mother 36.0%) · prince  1.0% · king  0.0% · crowned  0.0% (median year 85) · 4.2s
try  3 · gen   16 · best    115.2 · elite      5.7 · median    -74.6 · years  43.1 · road 0.32 · starved  1459 · nobles  -4.9 · read 123.4 · walls  5.3 · fell 81.8% (mother 28.9%) · prince  0.1% · king  0.0% · crowned  0.0% · 4.2s
try  4 · gen   16 · best     36.8 · elite     -4.4 · median    -73.9 · years  45.8 · road 0.32 · starved  1496 · nobles  -8.3 · read 74.3 · walls  4.6 · fell 76.4% (mother 32.3%) · prince  0.1% · king  0.0% · crowned  0.0% · 4.2s
try  5 · gen   16 · best     59.6 · elite     -3.7 · median    -78.5 · years  40.0 · road 0.28 · starved  1364 · nobles  -6.4 · read 79.6 · walls  2.9 · fell 85.1% (mother 34.0%) · prince  1.3% · king  0.0% · crowned  0.0% · 4.2s
try  6 · gen   16 · best     39.3 · elite     -9.4 · median    -76.3 · years  46.6 · road 0.31 · starved  1594 · nobles  -4.6 · read 108.5 · walls  5.0 · fell 79.8% (mother 37.3%) · prince  0.1% · king  0.0% · crowned  0.0% · 4.2s
try  7 · gen   16 · best     64.7 · elite     -0.9 · median    -75.4 · years  47.9 · road 0.29 · starved  1535 · nobles  -4.7 · read 103.4 · walls  5.5 · fell 78.3% (mother 30.1%) · prince  0.1% · king  0.0% · crowned  0.0% · 4.2s
try  8 · gen   16 · best     30.6 · elite    -11.8 · median    -83.5 · years  50.8 · road 0.30 · starved  1689 · nobles  -2.8 · read 109.3 · walls  4.3 · fell 66.5% (mother 30.9%) · prince  0.0% · king  0.0% · crowned  0.0% · 4.2s
try  1 · gen   17 · best     66.9 · elite     -5.6 · median    -71.5 · years  51.2 · road 0.33 · starved  1610 · nobles  -6.7 · read 73.6 · walls  6.7 · fell 67.3% (mother 26.0%) · prince  0.0% · king  0.0% · crowned  0.0% · 4.3s
try  2 · gen   17 · best     77.9 · elite      4.3 · median    -75.1 · years  40.8 · road 0.33 · starved  1816 · nobles  -5.0 · read 79.7 · walls  4.6 · fell 85.6% (mother 37.6%) · prince  1.6% · king  0.1% · crowned  0.0% · 4.3s
try  3 · gen   17 · best     63.4 · elite      8.6 · median    -72.3 · years  44.3 · road 0.32 · starved  1464 · nobles  -5.1 · read 127.2 · walls  5.4 · fell 81.1% (mother 29.0%) · prince  0.4% · king  0.0% · crowned  0.0% · 4.3s
try  4 · gen   17 · best     56.8 · elite     -4.2 · median    -71.5 · years  46.8 · road 0.33 · starved  1502 · nobles  -9.0 · read 77.3 · walls  5.0 · fell 76.1% (mother 31.3%) · prince  0.1% · king  0.0% · crowned  0.0% · 4.3s
try  5 · gen   17 · best     52.6 · elite     -3.0 · median    -81.3 · years  38.3 · road 0.28 · starved  1339 · nobles  -6.5 · read 76.5 · walls  2.7 · fell 87.5% (mother 35.5%) · prince  1.5% · king  0.1% · crowned  0.0% · 4.3s
try  6 · gen   17 · best     50.3 · elite     -7.7 · median    -73.6 · years  45.1 · road 0.31 · starved  1556 · nobles  -4.5 · read 103.7 · walls  5.1 · fell 80.5% (mother 39.5%) · prince  0.2% · king  0.0% · crowned  0.0% · 4.3s
try  7 · gen   17 · best     51.1 · elite      1.1 · median    -72.6 · years  48.1 · road 0.30 · starved  1470 · nobles  -5.2 · read 103.7 · walls  5.6 · fell 76.5% (mother 26.8%) · prince  0.1% · king  0.0% · crowned  0.0% · 4.3s
try  8 · gen   17 · best     30.0 · elite    -14.8 · median    -83.4 · years  49.1 · road 0.30 · starved  1663 · nobles  -2.7 · read 106.5 · walls  4.1 · fell 68.5% (mother 32.4%) · prince  0.0% · king  0.0% · crowned  0.0% · 4.3s
try  1 · gen   18 · best     72.0 · elite     -3.5 · median    -71.8 · years  50.4 · road 0.33 · starved  1573 · nobles  -6.9 · read 70.9 · walls  6.8 · fell 66.5% (mother 26.8%) · prince  0.0% · king  0.0% · crowned  0.0% · 4.2s
try  2 · gen   18 · best    131.5 · elite      7.3 · median    -76.2 · years  38.7 · road 0.32 · starved  1657 · nobles  -4.4 · read 71.4 · walls  4.7 · fell 86.8% (mother 38.6%) · prince  2.2% · king  0.1% · crowned  0.0% (median year 92) · 4.2s
try  3 · gen   18 · best     77.5 · elite     10.8 · median    -71.3 · years  45.9 · road 0.33 · starved  1481 · nobles  -5.7 · read 132.3 · walls  5.3 · fell 78.8% (mother 30.0%) · prince  0.5% · king  0.0% · crowned  0.0% · 4.2s
try  4 · gen   18 · best     78.1 · elite      1.1 · median    -68.5 · years  47.3 · road 0.34 · starved  1504 · nobles  -8.8 · read 73.7 · walls  5.4 · fell 74.8% (mother 29.2%) · prince  0.2% · king  0.0% · crowned  0.0% · 4.2s
try  5 · gen   18 · best    107.3 · elite      4.2 · median    -70.6 · years  38.2 · road 0.29 · starved  1253 · nobles  -6.1 · read 76.2 · walls  3.1 · fell 86.5% (mother 39.0%) · prince  1.5% · king  0.0% · crowned  0.0% · 4.2s
try  6 · gen   18 · best     82.8 · elite      0.7 · median    -74.2 · years  46.6 · road 0.32 · starved  1713 · nobles  -4.8 · read 109.0 · walls  4.8 · fell 79.3% (mother 38.3%) · prince  0.3% · king  0.0% · crowned  0.0% · 4.2s
try  7 · gen   18 · best     49.0 · elite      9.8 · median    -66.0 · years  49.7 · road 0.31 · starved  1461 · nobles  -5.7 · read 104.9 · walls  5.6 · fell 74.4% (mother 26.0%) · prince  0.1% · king  0.0% · crowned  0.0% · 4.2s
try  8 · gen   18 · best     40.9 · elite     -4.8 · median    -78.0 · years  51.8 · road 0.31 · starved  1671 · nobles  -2.8 · read 111.9 · walls  4.0 · fell 65.9% (mother 31.7%) · prince  0.0% · king  0.0% · crowned  0.0% · 4.2s
try  1 · gen   19 · best     36.0 · elite     -3.2 · median    -69.9 · years  50.9 · road 0.33 · starved  1559 · nobles  -7.3 · read 72.1 · walls  7.1 · fell 65.5% (mother 25.1%) · prince  0.0% · king  0.0% · crowned  0.0% · 4.3s
try  2 · gen   19 · best    129.7 · elite      4.3 · median    -76.8 · years  37.4 · road 0.32 · starved  1972 · nobles  -4.2 · read 68.9 · walls  4.6 · fell 87.3% (mother 40.1%) · prince  2.3% · king  0.1% · crowned  0.0% · 4.3s
try  3 · gen   19 · best    105.5 · elite      8.2 · median    -67.5 · years  43.6 · road 0.33 · starved  1430 · nobles  -5.7 · read 123.5 · walls  5.3 · fell 79.4% (mother 31.4%) · prince  0.9% · king  0.0% · crowned  0.0% · 4.3s
try  4 · gen   19 · best     52.8 · elite     10.8 · median    -62.9 · years  49.4 · road 0.35 · starved  1501 · nobles  -9.2 · read 72.8 · walls  5.1 · fell 73.6% (mother 28.4%) · prince  0.2% · king  0.0% · crowned  0.0% · 4.3s
try  5 · gen   19 · best     75.2 · elite      7.6 · median    -71.8 · years  39.3 · road 0.29 · starved  1254 · nobles  -6.5 · read 80.2 · walls  3.0 · fell 84.7% (mother 34.9%) · prince  1.5% · king  0.0% · crowned  0.0% · 4.3s
try  6 · gen   19 · best     82.8 · elite      0.3 · median    -72.7 · years  45.9 · road 0.31 · starved  1713 · nobles  -4.9 · read 111.0 · walls  4.7 · fell 78.4% (mother 36.8%) · prince  0.4% · king  0.0% · crowned  0.0% · 4.3s
try  7 · gen   19 · best     67.4 · elite      9.4 · median    -64.5 · years  50.1 · road 0.31 · starved  1409 · nobles  -5.6 · read 105.7 · walls  5.4 · fell 73.2% (mother 26.7%) · prince  0.0% · king  0.0% · crowned  0.0% · 4.3s
try  8 · gen   19 · best     60.0 · elite     -4.3 · median    -74.5 · years  52.1 · road 0.31 · starved  1653 · nobles  -2.9 · read 112.8 · walls  3.9 · fell 65.0% (mother 30.4%) · prince  0.0% · king  0.0% · crowned  0.0% · 4.3s
try  1 · gen   20 · best     72.9 · elite      2.1 · median    -69.9 · years  51.6 · road 0.32 · starved  1552 · nobles  -7.5 · read 76.1 · walls  7.2 · fell 65.2% (mother 26.0%) · prince  0.1% · king  0.0% · crowned  0.0% · 4.2s
try  2 · gen   20 · best    162.2 · elite     12.9 · median    -70.2 · years  37.2 · road 0.33 · starved  1559 · nobles  -4.2 · read 67.6 · walls  4.8 · fell 88.3% (mother 40.2%) · prince  3.0% · king  0.2% · crowned  0.0% · 4.2s
try  3 · gen   20 · best     96.3 · elite     15.1 · median    -63.3 · years  44.8 · road 0.33 · starved  1412 · nobles  -5.6 · read 127.6 · walls  5.3 · fell 78.6% (mother 28.5%) · prince  1.4% · king  0.0% · crowned  0.0% · 4.2s
try  4 · gen   20 · best     61.5 · elite     10.0 · median    -60.9 · years  47.8 · road 0.35 · starved  1445 · nobles  -8.6 · read 63.3 · walls  5.0 · fell 74.4% (mother 29.9%) · prince  0.3% · king  0.0% · crowned  0.0% · 4.2s
try  5 · gen   20 · best     70.5 · elite     12.6 · median    -65.3 · years  40.6 · road 0.29 · starved  1232 · nobles  -7.2 · read 83.1 · walls  3.0 · fell 85.1% (mother 33.2%) · prince  1.3% · king  0.0% · crowned  0.0% · 4.2s
try  6 · gen   20 · best     76.1 · elite      3.6 · median    -69.1 · years  48.5 · road 0.31 · starved  1498 · nobles  -5.0 · read 117.7 · walls  4.6 · fell 77.4% (mother 36.0%) · prince  0.2% · king  0.0% · crowned  0.0% · 4.2s
try  7 · gen   20 · best     62.2 · elite      6.5 · median    -60.4 · years  49.0 · road 0.31 · starved  1363 · nobles  -5.8 · read 96.4 · walls  5.5 · fell 74.4% (mother 30.6%) · prince  0.0% · king  0.0% · crowned  0.0% · 4.2s
try  8 · gen   20 · best     61.2 · elite     -0.7 · median    -74.9 · years  52.5 · road 0.32 · starved  1700 · nobles  -3.3 · read 109.9 · walls  4.0 · fell 64.8% (mother 33.2%) · prince  0.0% · king  0.0% · crowned  0.0% · 4.2s
try  1 · gen   21 · best     80.2 · elite      4.3 · median    -66.6 · years  53.6 · road 0.33 · starved  1557 · nobles  -7.6 · read 81.1 · walls  7.2 · fell 63.8% (mother 25.8%) · prince  0.0% · king  0.0% · crowned  0.0% · 4.2s
try  2 · gen   21 · best    165.8 · elite     24.2 · median    -67.8 · years  38.1 · road 0.33 · starved  1633 · nobles  -4.4 · read 72.2 · walls  4.8 · fell 88.0% (mother 42.2%) · prince  3.5% · king  0.3% · crowned  0.1% (median year 74) · 4.2s
try  3 · gen   21 · best    110.0 · elite     14.9 · median    -61.2 · years  44.6 · road 0.33 · starved  1345 · nobles  -5.3 · read 124.2 · walls  5.2 · fell 76.4% (mother 28.7%) · prince  1.3% · king  0.0% · crowned  0.0% · 4.2s
try  4 · gen   21 · best    114.8 · elite     24.2 · median    -54.4 · years  47.1 · road 0.36 · starved  1366 · nobles  -8.5 · read 53.8 · walls  5.0 · fell 76.2% (mother 30.5%) · prince  1.1% · king  0.1% · crowned  0.0% · 4.2s
try  5 · gen   21 · best     79.2 · elite     10.4 · median    -63.7 · years  40.4 · road 0.29 · starved  1167 · nobles  -7.5 · read 81.0 · walls  3.0 · fell 84.1% (mother 33.4%) · prince  0.9% · king  0.0% · crowned  0.0% · 4.2s
try  6 · gen   21 · best     93.0 · elite      6.5 · median    -69.4 · years  47.3 · road 0.31 · starved  1475 · nobles  -5.2 · read 113.1 · walls  4.6 · fell 78.1% (mother 39.4%) · prince  0.1% · king  0.0% · crowned  0.0% · 4.2s
try  7 · gen   21 · best     54.3 · elite     11.9 · median    -57.5 · years  50.0 · road 0.32 · starved  1353 · nobles  -6.6 · read 94.1 · walls  5.6 · fell 72.7% (mother 28.4%) · prince  0.0% · king  0.0% · crowned  0.0% · 4.2s
try  8 · gen   21 · best     54.8 · elite      1.6 · median    -73.0 · years  50.2 · road 0.32 · starved  1601 · nobles  -3.3 · read 106.4 · walls  3.6 · fell 66.5% (mother 31.4%) · prince  0.0% · king  0.0% · crowned  0.0% · 4.2s
try  1 · gen   22 · best     77.9 · elite     11.4 · median    -62.7 · years  52.1 · road 0.33 · starved  1477 · nobles  -7.4 · read 78.9 · walls  7.4 · fell 65.5% (mother 26.2%) · prince  0.1% · king  0.0% · crowned  0.0% · 4.3s
try  2 · gen   22 · best    120.0 · elite     27.2 · median    -66.6 · years  38.8 · road 0.33 · starved  1449 · nobles  -4.0 · read 76.4 · walls  4.6 · fell 87.0% (mother 41.2%) · prince  4.1% · king  0.4% · crowned  0.1% (median year 71) · 4.3s
try  3 · gen   22 · best    106.0 · elite     29.1 · median    -54.9 · years  46.8 · road 0.35 · starved  1350 · nobles  -5.9 · read 132.8 · walls  5.6 · fell 75.7% (mother 29.6%) · prince  1.4% · king  0.1% · crowned  0.0% · 4.3s
try  4 · gen   22 · best    154.2 · elite     33.3 · median    -50.4 · years  48.5 · road 0.37 · starved  1396 · nobles  -8.6 · read 49.8 · walls  5.2 · fell 78.0% (mother 34.2%) · prince  1.3% · king  0.1% · crowned  0.0% (median year 85) · 4.3s
try  5 · gen   22 · best    143.2 · elite     23.8 · median    -55.6 · years  43.2 · road 0.30 · starved  1173 · nobles  -8.2 · read 82.6 · walls  3.6 · fell 82.3% (mother 30.2%) · prince  1.0% · king  0.0% · crowned  0.0% · 4.3s
try  6 · gen   22 · best     79.9 · elite      5.0 · median    -66.3 · years  46.7 · road 0.31 · starved  1407 · nobles  -5.0 · read 108.9 · walls  4.6 · fell 78.6% (mother 38.8%) · prince  0.2% · king  0.0% · crowned  0.0% · 4.3s
try  7 · gen   22 · best    103.5 · elite     16.1 · median    -60.3 · years  49.3 · road 0.32 · starved  1342 · nobles  -6.7 · read 92.0 · walls  5.6 · fell 74.4% (mother 29.0%) · prince  0.0% · king  0.0% · crowned  0.0% · 4.3s
try  8 · gen   22 · best     52.1 · elite      6.9 · median    -69.0 · years  51.3 · road 0.32 · starved  1559 · nobles  -3.8 · read 110.4 · walls  3.5 · fell 62.7% (mother 30.6%) · prince  0.0% · king  0.0% · crowned  0.0% · 4.3s
try  1 · gen   23 · best     74.8 · elite     19.4 · median    -57.5 · years  53.2 · road 0.34 · starved  1480 · nobles  -7.5 · read 82.4 · walls  7.6 · fell 64.1% (mother 26.0%) · prince  0.2% · king  0.0% · crowned  0.0% · 4.3s
try  2 · gen   23 · best    180.5 · elite     33.3 · median    -64.4 · years  40.2 · road 0.32 · starved  1641 · nobles  -3.4 · read 80.1 · walls  4.5 · fell 84.4% (mother 37.1%) · prince  4.5% · king  0.5% · crowned  0.2% (median year 89) · 4.3s
try  3 · gen   23 · best    135.7 · elite     31.2 · median    -47.8 · years  48.4 · road 0.36 · starved  1325 · nobles  -6.3 · read 139.5 · walls  5.8 · fell 74.1% (mother 28.9%) · prince  1.2% · king  0.1% · crowned  0.0% (median year 83) · 4.3s
try  4 · gen   23 · best    134.2 · elite     41.1 · median    -46.5 · years  45.9 · road 0.38 · starved  1315 · nobles  -8.0 · read 42.7 · walls  5.2 · fell 79.4% (mother 30.8%) · prince  2.5% · king  0.2% · crowned  0.1% (median year 65) · 4.3s
try  5 · gen   23 · best     84.7 · elite     22.5 · median    -55.8 · years  42.0 · road 0.30 · starved  1116 · nobles  -7.8 · read 76.5 · walls  4.1 · fell 81.9% (mother 28.9%) · prince  0.7% · king  0.0% · crowned  0.0% · 4.3s
try  6 · gen   23 · best     54.6 · elite      8.4 · median    -61.8 · years  48.4 · road 0.31 · starved  1378 · nobles  -4.8 · read 114.4 · walls  4.7 · fell 75.2% (mother 35.8%) · prince  0.1% · king  0.0% · crowned  0.0% · 4.3s
try  7 · gen   23 · best     77.1 · elite     27.1 · median    -51.1 · years  49.8 · road 0.33 · starved  1299 · nobles  -7.3 · read 94.3 · walls  5.7 · fell 73.4% (mother 27.5%) · prince  0.0% · king  0.0% · crowned  0.0% · 4.3s
try  8 · gen   23 · best    125.4 · elite     22.6 · median    -63.2 · years  55.0 · road 0.33 · starved  1554 · nobles  -4.7 · read 121.4 · walls  3.8 · fell 59.5% (mother 26.1%) · prince  0.0% · king  0.0% · crowned  0.0% · 4.3s
try  1 · gen   24 · best     76.8 · elite     25.8 · median    -54.1 · years  52.9 · road 0.34 · starved  1380 · nobles  -8.0 · read 83.8 · walls  7.5 · fell 63.3% (mother 26.5%) · prince  0.1% · king  0.0% · crowned  0.0% · 4.2s
try  2 · gen   24 · best    167.8 · elite     44.8 · median    -60.8 · years  41.6 · road 0.33 · starved  1682 · nobles  -3.4 · read 82.1 · walls  4.7 · fell 84.6% (mother 39.5%) · prince  4.9% · king  0.7% · crowned  0.1% (median year 82) · 4.2s
try  3 · gen   24 · best    112.7 · elite     35.4 · median    -43.1 · years  46.6 · road 0.36 · starved  1281 · nobles  -6.4 · read 128.5 · walls  5.6 · fell 76.7% (mother 30.6%) · prince  1.9% · king  0.2% · crowned  0.0% (median year 86) · 4.2s
try  4 · gen   24 · best    137.3 · elite     35.8 · median    -43.8 · years  46.0 · road 0.38 · starved  1328 · nobles  -7.6 · read 44.2 · walls  5.6 · fell 80.6% (mother 30.9%) · prince  2.7% · king  0.3% · crowned  0.0% (median year 62) · 4.2s
try  5 · gen   24 · best     91.5 · elite     23.5 · median    -52.2 · years  41.5 · road 0.30 · starved  1075 · nobles  -8.2 · read 69.1 · walls  4.5 · fell 83.2% (mother 31.8%) · prince  0.7% · king  0.1% · crowned  0.0% · 4.2s
try  6 · gen   24 · best     75.5 · elite     15.6 · median    -61.0 · years  48.3 · road 0.32 · starved  1353 · nobles  -4.4 · read 114.3 · walls  4.5 · fell 75.8% (mother 35.7%) · prince  0.1% · king  0.0% · crowned  0.0% · 4.2s
try  7 · gen   24 · best     90.5 · elite     26.3 · median    -50.5 · years  50.0 · road 0.33 · starved  1286 · nobles  -7.5 · read 95.8 · walls  5.8 · fell 73.4% (mother 29.0%) · prince  0.0% · king  0.0% · crowned  0.0% · 4.2s
try  8 · gen   24 · best    106.8 · elite     29.1 · median    -55.7 · years  55.2 · road 0.34 · starved  1511 · nobles  -5.6 · read 121.7 · walls  4.4 · fell 60.5% (mother 28.8%) · prince  0.0% · king  0.0% · crowned  0.0% · 4.2s
try  1 · gen   25 · best    103.6 · elite     29.6 · median    -48.4 · years  55.3 · road 0.35 · starved  1403 · nobles  -8.6 · read 88.2 · walls  7.4 · fell 61.5% (mother 26.5%) · prince  0.1% · king  0.0% · crowned  0.0% · 4.2s
try  2 · gen   25 · best    264.1 · elite     57.7 · median    -51.8 · years  42.3 · road 0.34 · starved  1410 · nobles  -3.1 · read 86.7 · walls  5.1 · fell 83.8% (mother 36.6%) · prince  4.9% · king  1.1% · crowned  0.4% (median year 73) · 4.2s
try  3 · gen   25 · best    130.2 · elite     42.4 · median    -43.7 · years  48.0 · road 0.37 · starved  1303 · nobles  -6.6 · read 130.2 · walls  5.7 · fell 75.3% (mother 30.5%) · prince  2.3% · king  0.3% · crowned  0.0% (median year 85) · 4.2s
try  4 · gen   25 · best    184.8 · elite     45.2 · median    -42.0 · years  46.5 · road 0.38 · starved  1325 · nobles  -7.4 · read 45.9 · walls  6.0 · fell 81.3% (mother 31.7%) · prince  3.4% · king  0.4% · crowned  0.1% (median year 57) · 4.2s
try  5 · gen   25 · best     86.4 · elite     25.1 · median    -52.9 · years  40.8 · road 0.30 · starved  1048 · nobles  -7.7 · read 70.0 · walls  4.4 · fell 83.6% (mother 30.0%) · prince  0.5% · king  0.0% · crowned  0.0% · 4.2s
try  6 · gen   25 · best    112.6 · elite     18.0 · median    -57.3 · years  49.0 · road 0.33 · starved  1334 · nobles  -4.8 · read 117.4 · walls  4.3 · fell 75.8% (mother 35.7%) · prince  0.1% · king  0.0% · crowned  0.0% · 4.2s
try  7 · gen   25 · best    109.7 · elite     40.0 · median    -45.6 · years  49.5 · road 0.33 · starved  1201 · nobles  -7.4 · read 96.5 · walls  5.6 · fell 73.0% (mother 30.9%) · prince  0.0% · king  0.0% · crowned  0.0% · 4.2s
try  8 · gen   25 · best    106.2 · elite     37.1 · median    -48.6 · years  54.9 · road 0.35 · starved  1366 · nobles  -6.1 · read 127.1 · walls  4.6 · fell 57.9% (mother 24.4%) · prince  0.0% · king  0.0% · crowned  0.0% · 4.2s
try  1 · gen   26 · best     94.2 · elite     33.1 · median    -46.5 · years  55.6 · road 0.35 · starved  1362 · nobles  -9.0 · read 90.2 · walls  7.2 · fell 60.6% (mother 24.5%) · prince  0.2% · king  0.0% · crowned  0.0% (median year 94) · 4.3s
try  2 · gen   26 · best    296.8 · elite     72.0 · median    -52.8 · years  41.6 · road 0.34 · starved  1321 · nobles  -2.8 · read 83.7 · walls  5.1 · fell 84.3% (mother 36.6%) · prince  5.8% · king  1.7% · crowned  0.5% (median year 73) · 4.3s
try  3 · gen   26 · best    330.1 · elite     50.4 · median    -44.3 · years  45.4 · road 0.36 · starved  1226 · nobles  -5.8 · read 121.3 · walls  5.7 · fell 77.8% (mother 29.7%) · prince  3.0% · king  0.4% · crowned  0.1% (median year 78) · 4.3s
try  4 · gen   26 · best    167.6 · elite     44.4 · median    -41.6 · years  46.6 · road 0.38 · starved  1337 · nobles  -7.1 · read 48.2 · walls  5.9 · fell 81.2% (mother 30.6%) · prince  3.8% · king  0.4% · crowned  0.1% (median year 74) · 4.3s
try  5 · gen   26 · best    101.2 · elite     30.0 · median    -49.2 · years  42.2 · road 0.30 · starved  1061 · nobles  -7.5 · read 71.9 · walls  4.4 · fell 84.1% (mother 27.4%) · prince  0.4% · king  0.0% · crowned  0.0% · 4.3s
try  6 · gen   26 · best     86.9 · elite     22.7 · median    -54.8 · years  49.5 · road 0.33 · starved  1328 · nobles  -4.9 · read 115.5 · walls  4.2 · fell 74.2% (mother 35.0%) · prince  0.1% · king  0.0% · crowned  0.0% · 4.3s
try  7 · gen   26 · best    127.4 · elite     38.8 · median    -42.2 · years  50.6 · road 0.33 · starved  1156 · nobles  -7.8 · read 101.3 · walls  5.2 · fell 72.1% (mother 29.2%) · prince  0.0% · king  0.0% · crowned  0.0% · 4.3s
try  8 · gen   26 · best    128.8 · elite     43.4 · median    -39.3 · years  56.1 · road 0.37 · starved  1338 · nobles  -7.2 · read 129.7 · walls  5.0 · fell 61.7% (mother 30.0%) · prince  0.0% · king  0.0% · crowned  0.0% · 4.3s
try  1 · gen   27 · best     95.5 · elite     36.4 · median    -42.4 · years  55.4 · road 0.36 · starved  1343 · nobles  -9.2 · read 91.1 · walls  7.0 · fell 62.6% (mother 26.4%) · prince  0.3% · king  0.0% · crowned  0.0% (median year 97) · 4.2s
try  2 · gen   27 · best    485.9 · elite    100.4 · median    -54.4 · years  38.5 · road 0.34 · starved  1429 · nobles  -2.1 · read 74.1 · walls  5.0 · fell 87.4% (mother 38.2%) · prince  7.2% · king  2.6% · crowned  1.0% (median year 72) · 4.2s
try  3 · gen   27 · best    260.3 · elite     59.2 · median    -37.9 · years  46.6 · road 0.36 · starved  1275 · nobles  -6.0 · read 121.1 · walls  5.7 · fell 78.2% (mother 30.4%) · prince  4.4% · king  0.7% · crowned  0.1% (median year 78) · 4.2s
try  4 · gen   27 · best    204.8 · elite     60.7 · median    -38.5 · years  45.3 · road 0.36 · starved  1242 · nobles  -5.6 · read 50.9 · walls  5.7 · fell 81.2% (mother 29.1%) · prince  4.0% · king  0.8% · crowned  0.2% (median year 76) · 4.2s
try  5 · gen   27 · best    103.4 · elite     28.2 · median    -44.3 · years  42.0 · road 0.30 · starved  1007 · nobles  -6.9 · read 70.6 · walls  4.0 · fell 84.5% (mother 29.0%) · prince  0.3% · king  0.0% · crowned  0.0% · 4.2s
try  6 · gen   27 · best     94.1 · elite     29.8 · median    -51.5 · years  50.1 · road 0.34 · starved  1296 · nobles  -5.0 · read 113.8 · walls  4.5 · fell 75.1% (mother 36.8%) · prince  0.1% · king  0.0% · crowned  0.0% · 4.2s
try  7 · gen   27 · best    129.3 · elite     41.3 · median    -37.5 · years  51.8 · road 0.33 · starved  1132 · nobles  -8.2 · read 106.2 · walls  5.1 · fell 69.9% (mother 30.1%) · prince  0.0% · king  0.0% · crowned  0.0% · 4.2s
try  8 · gen   27 · best    102.0 · elite     49.1 · median    -37.5 · years  55.0 · road 0.37 · starved  1260 · nobles  -7.4 · read 122.8 · walls  5.1 · fell 61.5% (mother 28.7%) · prince  0.0% · king  0.0% · crowned  0.0% · 4.2s
try  1 · gen   28 · best    102.3 · elite     41.5 · median    -36.2 · years  57.0 · road 0.36 · starved  1337 · nobles  -9.5 · read 94.0 · walls  7.1 · fell 61.7% (mother 25.1%) · prince  0.4% · king  0.0% · crowned  0.0% · 4.2s
try  2 · gen   28 · best    533.9 · elite    150.4 · median    -58.0 · years  33.3 · road 0.33 · starved  1325 · nobles  -1.5 · read 65.7 · walls  4.7 · fell 89.4% (mother 42.5%) · prince  7.8% · king  4.3% · crowned  1.9% (median year 65) · 4.2s
try  3 · gen   28 · best    354.0 · elite     80.3 · median    -35.9 · years  46.6 · road 0.37 · starved  1250 · nobles  -6.0 · read 118.3 · walls  5.4 · fell 78.9% (mother 32.5%) · prince  4.8% · king  1.2% · crowned  0.2% (median year 73) · 4.2s
try  4 · gen   28 · best    270.8 · elite     75.6 · median    -36.1 · years  47.6 · road 0.35 · starved  1272 · nobles  -5.0 · read 60.1 · walls  5.4 · fell 80.3% (mother 25.7%) · prince  5.8% · king  0.8% · crowned  0.3% (median year 75) · 4.2s
try  5 · gen   28 · best    144.6 · elite     38.2 · median    -44.6 · years  42.8 · road 0.30 · starved  1013 · nobles  -6.5 · read 70.9 · walls  4.2 · fell 83.5% (mother 25.7%) · prince  0.2% · king  0.0% · crowned  0.0% · 4.2s
try  6 · gen   28 · best    100.9 · elite     32.4 · median    -48.6 · years  50.0 · road 0.34 · starved  1249 · nobles  -5.3 · read 116.2 · walls  4.6 · fell 72.7% (mother 33.2%) · prince  0.1% · king  0.0% · crowned  0.0% · 4.2s
try  7 · gen   28 · best    121.8 · elite     48.0 · median    -35.0 · years  51.5 · road 0.33 · starved  1075 · nobles  -8.2 · read 108.0 · walls  5.2 · fell 68.9% (mother 28.0%) · prince  0.0% · king  0.0% · crowned  0.0% · 4.2s
try  8 · gen   28 · best    139.9 · elite     56.9 · median    -32.8 · years  56.4 · road 0.38 · starved  1267 · nobles  -8.2 · read 119.7 · walls  5.0 · fell 62.7% (mother 31.2%) · prince  0.0% · king  0.0% · crowned  0.0% · 4.2s
try  1 · gen   29 · best    130.9 · elite     45.7 · median    -35.4 · years  56.7 · road 0.37 · starved  1296 · nobles  -9.8 · read 95.1 · walls  7.0 · fell 59.8% (mother 26.3%) · prince  0.2% · king  0.0% · crowned  0.0% (median year 94) · 4.2s
try  2 · gen   29 · best    574.7 · elite    199.4 · median    -61.2 · years  30.4 · road 0.32 · starved  1315 · nobles  -0.9 · read 64.9 · walls  4.2 · fell 89.7% (mother 44.8%) · prince  8.6% · king  5.5% · crowned  2.8% (median year 61) · 4.2s
try  3 · gen   29 · best    434.4 · elite     78.9 · median    -37.5 · years  44.0 · road 0.36 · starved  1244 · nobles  -5.5 · read 109.1 · walls  5.0 · fell 81.2% (mother 33.5%) · prince  6.0% · king  1.4% · crowned  0.3% (median year 72) · 4.2s
try  4 · gen   29 · best    426.8 · elite     89.7 · median    -32.0 · years  47.3 · road 0.34 · starved  1193 · nobles  -4.2 · read 64.9 · walls  5.3 · fell 78.8% (mother 24.2%) · prince  5.9% · king  0.9% · crowned  0.4% (median year 79) · 4.2s
try  5 · gen   29 · best    103.2 · elite     39.1 · median    -39.7 · years  42.5 · road 0.31 · starved  1047 · nobles  -6.2 · read 70.7 · walls  4.4 · fell 84.6% (mother 28.8%) · prince  0.5% · king  0.0% · crowned  0.0% · 4.2s
try  6 · gen   29 · best    104.1 · elite     37.8 · median    -41.2 · years  51.3 · road 0.34 · starved  1209 · nobles  -5.8 · read 112.5 · walls  4.8 · fell 71.3% (mother 32.6%) · prince  0.0% · king  0.0% · crowned  0.0% · 4.2s
try  7 · gen   29 · best    114.6 · elite     52.2 · median    -30.5 · years  52.1 · road 0.34 · starved  1074 · nobles  -8.5 · read 111.9 · walls  5.1 · fell 69.0% (mother 28.3%) · prince  0.0% · king  0.0% · crowned  0.0% · 4.2s
try  8 · gen   29 · best    161.9 · elite     49.9 · median    -33.2 · years  53.4 · road 0.37 · starved  1169 · nobles  -8.1 · read 112.0 · walls  5.0 · fell 64.4% (mother 29.1%) · prince  0.0% · king  0.0% · crowned  0.0% · 4.2s
try  1 · gen   30 · best     99.6 · elite     50.8 · median    -30.5 · years  58.3 · road 0.37 · starved  1283 · nobles -10.0 · read 102.6 · walls  7.1 · fell 59.7% (mother 24.8%) · prince  0.3% · king  0.0% · crowned  0.0% · 4.2s
try  2 · gen   30 · best    636.0 · elite    231.6 · median    -62.9 · years  28.3 · road 0.32 · starved  1290 · nobles  -0.5 · read 60.6 · walls  4.0 · fell 89.2% (mother 46.0%) · prince  8.7% · king  5.8% · crowned  3.5% (median year 57) · 4.2s
try  3 · gen   30 · best    416.6 · elite     95.2 · median    -39.6 · years  42.8 · road 0.36 · starved  1245 · nobles  -5.1 · read 103.8 · walls  4.7 · fell 81.9% (mother 33.7%) · prince  6.6% · king  1.7% · crowned  0.5% (median year 70) · 4.2s
try  4 · gen   30 · best    382.3 · elite     83.8 · median    -32.2 · years  49.1 · road 0.35 · starved  1306 · nobles  -4.5 · read 69.7 · walls  5.2 · fell 79.4% (mother 27.0%) · prince  6.4% · king  1.0% · crowned  0.4% (median year 81) · 4.2s
try  5 · gen   30 · best    232.4 · elite     46.6 · median    -39.6 · years  42.1 · road 0.32 · starved  1038 · nobles  -6.3 · read 69.5 · walls  4.9 · fell 84.8% (mother 27.6%) · prince  0.6% · king  0.1% · crowned  0.0% (median year 78) · 4.2s
try  6 · gen   30 · best     97.1 · elite     41.5 · median    -42.3 · years  49.8 · road 0.34 · starved  1176 · nobles  -5.7 · read 107.3 · walls  4.8 · fell 72.3% (mother 31.5%) · prince  0.1% · king  0.0% · crowned  0.0% · 4.2s
try  7 · gen   30 · best    139.5 · elite     58.3 · median    -27.1 · years  53.7 · road 0.34 · starved  1024 · nobles  -8.2 · read 117.7 · walls  5.1 · fell 66.8% (mother 26.8%) · prince  0.0% · king  0.0% · crowned  0.0% · 4.2s
try  8 · gen   30 · best    108.1 · elite     52.0 · median    -31.4 · years  54.5 · road 0.38 · starved  1170 · nobles  -8.6 · read 113.5 · walls  4.8 · fell 63.3% (mother 29.6%) · prince  0.0% · king  0.0% · crowned  0.0% · 4.2s
try  1 · gen   31 · best    198.4 · elite     59.5 · median    -25.1 · years  58.0 · road 0.37 · starved  1244 · nobles -10.0 · read 100.7 · walls  7.2 · fell 58.9% (mother 24.9%) · prince  0.3% · king  0.1% · crowned  0.0% (median year 96) · 4.2s
try  2 · gen   31 · best    557.4 · elite    209.0 · median    -60.5 · years  27.2 · road 0.32 · starved  1235 · nobles  -1.0 · read 57.0 · walls  3.7 · fell 90.0% (mother 48.4%) · prince  8.6% · king  5.7% · crowned  3.4% (median year 54) · 4.2s
try  3 · gen   31 · best    491.6 · elite    116.2 · median    -34.0 · years  42.4 · road 0.36 · starved  1280 · nobles  -4.5 · read 100.3 · walls  4.5 · fell 82.1% (mother 33.5%) · prince  8.4% · king  2.3% · crowned  0.6% (median year 69) · 4.2s
try  4 · gen   31 · best    257.1 · elite     86.2 · median    -39.0 · years  46.2 · road 0.34 · starved  1390 · nobles  -4.1 · read 66.6 · walls  4.9 · fell 79.4% (mother 27.1%) · prince  5.8% · king  1.1% · crowned  0.5% (median year 81) · 4.2s
try  5 · gen   31 · best    178.3 · elite     41.6 · median    -37.2 · years  40.8 · road 0.32 · starved  1031 · nobles  -6.1 · read 68.2 · walls  4.7 · fell 85.6% (mother 28.6%) · prince  1.0% · king  0.1% · crowned  0.0% (median year 33) · 4.2s
try  6 · gen   31 · best    124.1 · elite     50.1 · median    -39.2 · years  51.6 · road 0.35 · starved  1165 · nobles  -6.5 · read 106.7 · walls  4.8 · fell 71.9% (mother 31.1%) · prince  0.1% · king  0.0% · crowned  0.0% · 4.2s
try  7 · gen   31 · best    169.7 · elite     63.7 · median    -27.1 · years  54.2 · road 0.34 · starved  1002 · nobles  -8.5 · read 117.3 · walls  5.0 · fell 63.8% (mother 23.9%) · prince  0.0% · king  0.0% · crowned  0.0% · 4.2s
try  8 · gen   31 · best     99.9 · elite     50.7 · median    -26.9 · years  56.4 · road 0.39 · starved  1178 · nobles  -9.2 · read 121.0 · walls  5.3 · fell 61.6% (mother 27.8%) · prince  0.0% · king  0.0% · crowned  0.0% · 4.2s
try  1 · gen   32 · best    124.8 · elite     66.0 · median    -19.6 · years  61.0 · road 0.38 · starved  1295 · nobles -10.9 · read 101.9 · walls  7.3 · fell 54.5% (mother 19.8%) · prince  0.1% · king  0.0% · crowned  0.0% · 4.2s
try  2 · gen   32 · best    698.4 · elite    233.2 · median    -61.4 · years  26.8 · road 0.32 · starved  1239 · nobles  -1.3 · read 56.0 · walls  3.4 · fell 90.2% (mother 48.8%) · prince  8.6% · king  5.7% · crowned  3.6% (median year 53) · 4.2s
try  3 · gen   32 · best    351.0 · elite    123.6 · median    -37.4 · years  39.3 · road 0.35 · starved  1184 · nobles  -3.9 · read 91.1 · walls  4.0 · fell 84.1% (mother 35.6%) · prince  8.7% · king  2.9% · crowned  1.0% (median year 66) · 4.2s
try  4 · gen   32 · best    330.8 · elite    118.9 · median    -32.0 · years  45.9 · road 0.35 · starved  1264 · nobles  -3.9 · read 63.2 · walls  5.2 · fell 80.3% (mother 29.2%) · prince  6.9% · king  1.7% · crowned  0.9% (median year 79) · 4.2s
try  5 · gen   32 · best    168.4 · elite     46.0 · median    -36.0 · years  40.8 · road 0.33 · starved  1028 · nobles  -5.9 · read 68.0 · walls  5.0 · fell 85.6% (mother 30.6%) · prince  1.0% · king  0.1% · crowned  0.0% (median year 39) · 4.2s
try  6 · gen   32 · best    154.8 · elite     53.4 · median    -37.4 · years  52.9 · road 0.35 · starved  1150 · nobles  -6.9 · read 112.1 · walls  5.0 · fell 68.7% (mother 27.2%) · prince  0.0% · king  0.0% · crowned  0.0% · 4.2s
try  7 · gen   32 · best    157.9 · elite     72.8 · median    -18.1 · years  57.5 · road 0.35 · starved  1015 · nobles  -9.8 · read 125.2 · walls  5.3 · fell 60.8% (mother 24.6%) · prince  0.0% · king  0.0% · crowned  0.0% · 4.2s
try  8 · gen   32 · best    113.9 · elite     60.9 · median    -25.8 · years  57.0 · road 0.39 · starved  1227 · nobles  -9.2 · read 121.1 · walls  5.5 · fell 61.7% (mother 29.4%) · prince  0.0% · king  0.0% · crowned  0.0% · 4.2s
try  1 · gen   33 · best    151.9 · elite     68.2 · median    -18.2 · years  62.1 · road 0.38 · starved  1173 · nobles -11.3 · read 96.3 · walls  7.2 · fell 52.1% (mother 19.2%) · prince  0.1% · king  0.0% · crowned  0.0% · 4.1s
try  2 · gen   33 · best    982.8 · elite    234.7 · median    -64.7 · years  26.5 · road 0.32 · starved  1189 · nobles  -1.4 · read 55.9 · walls  3.2 · fell 90.4% (mother 48.7%) · prince  8.2% · king  5.6% · crowned  3.7% (median year 53) · 4.1s
try  3 · gen   33 · best    375.2 · elite    152.4 · median    -32.5 · years  37.9 · road 0.36 · starved  1259 · nobles  -3.4 · read 86.2 · walls  4.0 · fell 86.2% (mother 41.3%) · prince  9.9% · king  3.7% · crowned  1.5% (median year 67) · 4.1s
try  4 · gen   33 · best    452.3 · elite    107.9 · median    -36.6 · years  44.6 · road 0.34 · starved  1321 · nobles  -3.1 · read 58.7 · walls  5.2 · fell 80.9% (mother 28.0%) · prince  7.7% · king  1.8% · crowned  0.8% (median year 76) · 4.1s
try  5 · gen   33 · best    218.3 · elite     49.6 · median    -33.2 · years  41.2 · road 0.33 · starved  1002 · nobles  -6.5 · read 68.2 · walls  5.2 · fell 85.6% (mother 29.3%) · prince  1.8% · king  0.1% · crowned  0.1% (median year 69) · 4.1s
try  6 · gen   33 · best    162.3 · elite     53.7 · median    -37.0 · years  51.2 · road 0.34 · starved  1111 · nobles  -6.0 · read 110.0 · walls  5.1 · fell 69.1% (mother 27.6%) · prince  0.1% · king  0.0% · crowned  0.0% · 4.1s
try  7 · gen   33 · best    159.1 · elite     79.1 · median    -10.7 · years  60.5 · road 0.37 · starved  1025 · nobles -10.9 · read 133.2 · walls  5.6 · fell 56.3% (mother 24.9%) · prince  0.0% · king  0.0% · crowned  0.0% · 4.1s
try  8 · gen   33 · best    142.0 · elite     60.3 · median    -27.3 · years  56.8 · road 0.39 · starved  1217 · nobles  -9.3 · read 120.1 · walls  5.3 · fell 60.4% (mother 29.2%) · prince  0.0% · king  0.0% · crowned  0.0% · 4.1s
try  1 · gen   34 · best    143.0 · elite     69.1 · median    -15.2 · years  60.7 · road 0.39 · starved  1149 · nobles -11.4 · read 88.1 · walls  7.0 · fell 52.8% (mother 20.6%) · prince  0.1% · king  0.0% · crowned  0.0% · 4.2s
try  2 · gen   34 · best    593.1 · elite    239.1 · median    -60.1 · years  26.8 · road 0.32 · starved  1209 · nobles  -1.3 · read 55.3 · walls  3.0 · fell 89.6% (mother 46.7%) · prince  8.6% · king  5.7% · crowned  3.7% (median year 51) · 4.2s
try  3 · gen   34 · best    485.9 · elite    209.1 · median    -33.1 · years  37.3 · road 0.36 · starved  1233 · nobles  -2.4 · read 84.0 · walls  4.3 · fell 86.2% (mother 41.0%) · prince 10.7% · king  5.1% · crowned  2.5% (median year 67) · 4.2s
try  4 · gen   34 · best    298.5 · elite    119.7 · median    -33.5 · years  44.2 · road 0.34 · starved  1333 · nobles  -3.0 · read 54.3 · walls  5.3 · fell 80.4% (mother 29.4%) · prince  7.8% · king  1.9% · crowned  1.1% (median year 80) · 4.2s
try  5 · gen   34 · best    243.6 · elite     60.9 · median    -33.0 · years  41.2 · road 0.34 · starved  1038 · nobles  -6.4 · read 66.2 · walls  5.3 · fell 85.8% (mother 28.4%) · prince  2.0% · king  0.2% · crowned  0.1% (median year 61) · 4.2s
try  6 · gen   34 · best    117.5 · elite     57.2 · median    -31.0 · years  51.6 · road 0.35 · starved  1075 · nobles  -6.7 · read 111.6 · walls  5.2 · fell 71.0% (mother 28.1%) · prince  0.2% · king  0.0% · crowned  0.0% · 4.2s
try  7 · gen   34 · best    141.6 · elite     85.9 · median     -5.2 · years  62.8 · road 0.38 · starved  1079 · nobles -11.8 · read 136.7 · walls  5.9 · fell 54.0% (mother 25.9%) · prince  0.0% · king  0.0% · crowned  0.0% · 4.2s
try  8 · gen   34 · best    134.1 · elite     59.2 · median    -26.7 · years  57.2 · road 0.39 · starved  1200 · nobles  -9.5 · read 116.9 · walls  5.3 · fell 60.2% (mother 27.6%) · prince  0.0% · king  0.0% · crowned  0.0% · 4.2s
try  1 · gen   35 · best    131.0 · elite     72.1 · median    -16.1 · years  62.0 · road 0.39 · starved  1181 · nobles -11.8 · read 87.7 · walls  7.0 · fell 52.2% (mother 20.8%) · prince  0.1% · king  0.0% · crowned  0.0% · 4.2s
try  2 · gen   35 · best    465.9 · elite    219.0 · median    -57.8 · years  26.7 · road 0.31 · starved  1194 · nobles  -1.5 · read 56.0 · walls  2.8 · fell 89.7% (mother 44.8%) · prince  9.4% · king  5.5% · crowned  3.4% (median year 50) · 4.2s
try  3 · gen   35 · best    568.1 · elite    213.6 · median    -32.0 · years  36.0 · road 0.36 · starved  1232 · nobles  -1.3 · read 81.6 · walls  4.8 · fell 86.0% (mother 40.6%) · prince 11.9% · king  5.5% · crowned  3.1% (median year 66) · 4.2s
try  4 · gen   35 · best    327.3 · elite    116.4 · median    -34.0 · years  45.6 · road 0.34 · starved  1349 · nobles  -2.9 · read 54.2 · walls  5.3 · fell 80.9% (mother 29.5%) · prince  8.6% · king  1.8% · crowned  1.0% (median year 76) · 4.2s
try  5 · gen   35 · best    253.3 · elite     54.1 · median    -32.0 · years  39.8 · road 0.34 · starved  1091 · nobles  -5.9 · read 58.7 · walls  5.2 · fell 86.1% (mother 30.4%) · prince  1.8% · king  0.4% · crowned  0.1% (median year 75) · 4.2s
try  6 · gen   35 · best    119.1 · elite     58.6 · median    -28.9 · years  52.4 · road 0.35 · starved  1092 · nobles  -6.4 · read 114.1 · walls  5.3 · fell 70.9% (mother 29.0%) · prince  0.1% · king  0.0% · crowned  0.0% · 4.2s
try  7 · gen   35 · best    170.8 · elite     83.7 · median     -6.3 · years  60.5 · road 0.38 · starved  1019 · nobles -11.5 · read 130.6 · walls  5.7 · fell 56.0% (mother 24.8%) · prince  0.1% · king  0.0% · crowned  0.0% · 4.2s
try  8 · gen   35 · best    111.7 · elite     61.7 · median    -24.1 · years  57.3 · road 0.40 · starved  1215 · nobles  -9.5 · read 117.3 · walls  5.7 · fell 61.6% (mother 29.9%) · prince  0.0% · king  0.0% · crowned  0.0% · 4.2s
try  1 · gen   36 · best    190.1 · elite     74.1 · median    -13.2 · years  61.6 · road 0.39 · starved  1140 · nobles -11.7 · read 86.4 · walls  6.8 · fell 52.3% (mother 19.8%) · prince  0.2% · king  0.0% · crowned  0.0% · 4.2s
try  2 · gen   36 · best    565.0 · elite    223.0 · median    -57.2 · years  26.0 · road 0.31 · starved  1156 · nobles  -1.7 · read 54.0 · walls  2.7 · fell 89.6% (mother 48.2%) · prince  9.1% · king  5.2% · crowned  3.4% (median year 48) · 4.2s
try  3 · gen   36 · best    695.1 · elite    255.2 · median    -30.6 · years  36.6 · road 0.36 · starved  1226 · nobles  -1.3 · read 85.0 · walls  4.9 · fell 85.1% (mother 36.7%) · prince 11.3% · king  6.3% · crowned  3.7% (median year 63) · 4.2s
try  4 · gen   36 · best    507.4 · elite    126.7 · median    -28.5 · years  47.1 · road 0.35 · starved  1391 · nobles  -2.8 · read 57.2 · walls  6.0 · fell 80.1% (mother 27.7%) · prince  8.7% · king  2.2% · crowned  1.1% (median year 79) · 4.2s
try  5 · gen   36 · best    352.0 · elite     74.0 · median    -32.2 · years  39.8 · road 0.35 · starved  1044 · nobles  -5.9 · read 55.7 · walls  5.1 · fell 86.1% (mother 29.2%) · prince  2.0% · king  0.5% · crowned  0.2% (median year 63) · 4.2s
try  6 · gen   36 · best    137.4 · elite     60.8 · median    -26.1 · years  52.5 · road 0.36 · starved  1082 · nobles  -6.7 · read 114.9 · walls  5.3 · fell 70.9% (mother 27.9%) · prince  0.2% · king  0.0% · crowned  0.0% · 4.2s
try  7 · gen   36 · best    141.0 · elite     87.9 · median      0.1 · years  62.9 · road 0.39 · starved  1044 · nobles -12.2 · read 135.0 · walls  6.1 · fell 53.2% (mother 25.4%) · prince  0.0% · king  0.0% · crowned  0.0% · 4.2s
try  8 · gen   36 · best    140.3 · elite     59.3 · median    -30.0 · years  54.1 · road 0.40 · starved  1156 · nobles  -9.0 · read 104.7 · walls  5.8 · fell 64.4% (mother 30.3%) · prince  0.0% · king  0.0% · crowned  0.0% · 4.2s
try  1 · gen   37 · best    158.7 · elite     72.3 · median    -12.6 · years  60.8 · road 0.39 · starved  1140 · nobles -11.6 · read 83.2 · walls  6.5 · fell 54.2% (mother 22.9%) · prince  0.3% · king  0.0% · crowned  0.0% · 4.1s
try  2 · gen   37 · best    562.2 · elite    242.6 · median    -60.1 · years  26.2 · road 0.31 · starved  1164 · nobles  -1.6 · read 55.8 · walls  2.6 · fell 89.7% (mother 48.1%) · prince  9.3% · king  5.7% · crowned  3.6% (median year 48) · 4.1s
try  3 · gen   37 · best    565.4 · elite    286.8 · median    -27.6 · years  35.0 · road 0.36 · starved  1180 · nobles  -1.0 · read 80.3 · walls  4.9 · fell 84.8% (mother 38.2%) · prince 12.1% · king  7.3% · crowned  4.7% (median year 61) · 4.1s
try  4 · gen   37 · best    394.9 · elite    143.5 · median    -29.0 · years  46.7 · road 0.35 · starved  1345 · nobles  -2.3 · read 60.3 · walls  6.1 · fell 80.7% (mother 29.8%) · prince  9.1% · king  2.8% · crowned  1.5% (median year 84) · 4.1s
try  5 · gen   37 · best    171.1 · elite     64.3 · median    -29.1 · years  41.0 · road 0.35 · starved  1078 · nobles  -6.1 · read 54.2 · walls  5.2 · fell 84.4% (mother 30.9%) · prince  1.9% · king  0.4% · crowned  0.1% (median year 44) · 4.1s
try  6 · gen   37 · best    154.1 · elite     57.3 · median    -28.3 · years  50.2 · road 0.35 · starved  1007 · nobles  -6.7 · read 107.9 · walls  5.2 · fell 73.3% (mother 26.6%) · prince  0.2% · king  0.0% · crowned  0.0% · 4.1s
try  7 · gen   37 · best    177.4 · elite     89.8 · median     -0.1 · years  63.9 · road 0.39 · starved  1054 · nobles -12.3 · read 137.0 · walls  6.0 · fell 53.0% (mother 25.0%) · prince  0.0% · king  0.0% · crowned  0.0% · 4.1s
try  8 · gen   37 · best    129.3 · elite     58.5 · median    -23.2 · years  56.6 · road 0.41 · starved  1246 · nobles  -9.6 · read 110.8 · walls  6.1 · fell 61.8% (mother 31.7%) · prince  0.0% · king  0.0% · crowned  0.0% · 4.1s
try  1 · gen   38 · best    124.0 · elite     75.0 · median    -12.2 · years  60.0 · road 0.39 · starved  1120 · nobles -11.2 · read 85.0 · walls  6.5 · fell 56.5% (mother 24.3%) · prince  0.5% · king  0.0% · crowned  0.0% · 4.1s
try  2 · gen   38 · best    566.4 · elite    228.0 · median    -61.8 · years  25.9 · road 0.31 · starved  1177 · nobles  -1.5 · read 53.3 · walls  2.5 · fell 90.4% (mother 48.7%) · prince  9.1% · king  5.4% · crowned  3.3% (median year 46) · 4.1s
try  3 · gen   38 · best    583.1 · elite    269.7 · median    -19.7 · years  35.7 · road 0.37 · starved  1201 · nobles  -1.0 · read 78.2 · walls  5.3 · fell 85.0% (mother 37.1%) · prince 12.8% · king  7.6% · crowned  4.3% (median year 61) · 4.1s
try  4 · gen   38 · best    391.4 · elite    152.0 · median    -26.8 · years  48.0 · road 0.35 · starved  1380 · nobles  -1.9 · read 64.0 · walls  6.4 · fell 79.1% (mother 29.7%) · prince  9.1% · king  3.1% · crowned  1.6% (median year 84) · 4.1s
try  5 · gen   38 · best    247.1 · elite     63.9 · median    -28.6 · years  41.1 · road 0.34 · starved  1061 · nobles  -5.8 · read 52.9 · walls  5.0 · fell 84.8% (mother 30.6%) · prince  1.5% · king  0.3% · crowned  0.1% (median year 62) · 4.1s
try  6 · gen   38 · best    148.3 · elite     66.0 · median    -25.8 · years  51.5 · road 0.36 · starved  1016 · nobles  -6.8 · read 113.0 · walls  5.2 · fell 73.2% (mother 27.3%) · prince  0.4% · king  0.0% · crowned  0.0% · 4.1s
try  7 · gen   38 · best    148.5 · elite     84.3 · median      0.8 · years  63.4 · road 0.39 · starved  1071 · nobles -12.0 · read 133.0 · walls  6.2 · fell 53.7% (mother 25.5%) · prince  0.0% · king  0.0% · crowned  0.0% · 4.1s
try  8 · gen   38 · best    103.5 · elite     60.7 · median    -24.5 · years  55.5 · road 0.41 · starved  1164 · nobles  -9.7 · read 105.4 · walls  5.9 · fell 63.4% (mother 31.2%) · prince  0.0% · king  0.0% · crowned  0.0% · 4.1s
try  1 · gen   39 · best    129.4 · elite     77.6 · median    -12.2 · years  58.4 · road 0.38 · starved  1032 · nobles -10.6 · read 84.3 · walls  6.1 · fell 56.5% (mother 20.2%) · prince  0.6% · king  0.0% · crowned  0.0% · 4.2s
try  2 · gen   39 · best    755.4 · elite    231.9 · median    -53.5 · years  25.8 · road 0.31 · starved  1219 · nobles  -1.7 · read 53.5 · walls  2.4 · fell 89.9% (mother 50.4%) · prince  9.7% · king  5.9% · crowned  3.6% (median year 47) · 4.2s
try  3 · gen   39 · best    567.4 · elite    249.2 · median    -18.2 · years  35.3 · road 0.36 · starved  1171 · nobles  -1.0 · read 74.1 · walls  5.2 · fell 85.2% (mother 37.4%) · prince 13.0% · king  7.2% · crowned  4.6% (median year 60) · 4.2s
try  4 · gen   39 · best    355.7 · elite    142.4 · median    -34.0 · years  48.1 · road 0.35 · starved  1793 · nobles  -1.4 · read 61.9 · walls  6.3 · fell 79.7% (mother 32.7%) · prince  9.3% · king  3.5% · crowned  1.9% (median year 84) · 4.2s
try  5 · gen   39 · best    250.3 · elite     78.1 · median    -27.5 · years  40.9 · road 0.34 · starved  1003 · nobles  -5.6 · read 53.9 · walls  5.2 · fell 82.4% (mother 31.0%) · prince  1.1% · king  0.3% · crowned  0.1% (median year 74) · 4.2s
try  6 · gen   39 · best    127.6 · elite     69.2 · median    -23.4 · years  51.8 · road 0.36 · starved  1021 · nobles  -6.9 · read 113.3 · walls  5.6 · fell 71.5% (mother 26.5%) · prince  0.3% · king  0.0% · crowned  0.0% · 4.2s
try  7 · gen   39 · best    145.2 · elite     87.2 · median     -0.4 · years  63.8 · road 0.39 · starved  1063 · nobles -12.0 · read 136.7 · walls  5.9 · fell 53.3% (mother 23.9%) · prince  0.1% · king  0.0% · crowned  0.0% · 4.2s
try  8 · gen   39 · best    134.5 · elite     63.9 · median    -21.2 · years  55.6 · road 0.41 · starved  1136 · nobles -10.1 · read 107.9 · walls  5.7 · fell 63.3% (mother 33.0%) · prince  0.0% · king  0.0% · crowned  0.0% · 4.2s
try  1 · gen   40 · best    165.5 · elite     83.1 · median     -3.0 · years  61.7 · road 0.39 · starved  1094 · nobles -11.2 · read 87.6 · walls  6.2 · fell 56.2% (mother 22.1%) · prince  1.0% · king  0.0% · crowned  0.0% · 4.1s
try  2 · gen   40 · best    632.6 · elite    229.6 · median    -56.5 · years  25.7 · road 0.30 · starved  1175 · nobles  -1.5 · read 51.5 · walls  2.1 · fell 89.5% (mother 47.8%) · prince  9.6% · king  5.3% · crowned  3.7% (median year 47) · 4.1s
try  3 · gen   40 · best    647.7 · elite    287.8 · median    -20.7 · years  34.7 · road 0.36 · starved  1149 · nobles  -0.4 · read 70.9 · walls  5.2 · fell 84.6% (mother 38.2%) · prince 12.7% · king  7.4% · crowned  4.7% (median year 59) · 4.1s
try  4 · gen   40 · best    504.8 · elite    165.7 · median    -31.7 · years  47.8 · road 0.34 · starved  1545 · nobles  -0.7 · read 61.1 · walls  6.1 · fell 78.8% (mother 31.4%) · prince 10.1% · king  4.6% · crowned  2.4% (median year 83) · 4.1s
try  5 · gen   40 · best    225.8 · elite     70.6 · median    -26.4 · years  41.4 · road 0.34 · starved  1030 · nobles  -5.8 · read 54.4 · walls  5.3 · fell 82.8% (mother 29.6%) · prince  0.6% · king  0.2% · crowned  0.1% (median year 69) · 4.1s
try  6 · gen   40 · best    136.3 · elite     67.7 · median    -20.4 · years  52.6 · road 0.36 · starved  1003 · nobles  -6.9 · read 110.8 · walls  5.6 · fell 70.5% (mother 25.7%) · prince  0.5% · king  0.0% · crowned  0.0% · 4.1s
try  7 · gen   40 · best    142.8 · elite     86.5 · median     -0.6 · years  62.6 · road 0.39 · starved  1035 · nobles -11.8 · read 134.8 · walls  6.0 · fell 53.8% (mother 24.2%) · prince  0.1% · king  0.0% · crowned  0.0% · 4.1s
try  8 · gen   40 · best    131.6 · elite     62.9 · median    -23.3 · years  53.6 · road 0.40 · starved  1191 · nobles  -9.5 · read 103.5 · walls  5.9 · fell 64.4% (mother 33.0%) · prince  0.0% · king  0.0% · crowned  0.0% · 4.1s
try  1 · gen   41 · best    158.9 · elite     85.6 · median     -0.6 · years  61.0 · road 0.39 · starved  1082 · nobles -11.1 · read 87.1 · walls  6.1 · fell 58.3% (mother 24.4%) · prince  1.0% · king  0.0% · crowned  0.0% · 4.1s
try  2 · gen   41 · best    442.6 · elite    242.7 · median    -55.2 · years  25.9 · road 0.31 · starved  1366 · nobles  -1.6 · read 52.7 · walls  2.1 · fell 89.0% (mother 47.0%) · prince  9.9% · king  5.9% · crowned  3.9% (median year 46) · 4.1s
try  3 · gen   41 · best    589.1 · elite    257.9 · median    -18.4 · years  34.4 · road 0.36 · starved  1149 · nobles  -0.8 · read 66.3 · walls  5.6 · fell 85.9% (mother 39.8%) · prince 12.1% · king  7.3% · crowned  4.8% (median year 58) · 4.1s
try  4 · gen   41 · best    382.3 · elite    165.2 · median    -34.0 · years  47.9 · road 0.34 · starved  1613 · nobles  -0.2 · read 61.5 · walls  6.3 · fell 79.1% (mother 32.5%) · prince 10.2% · king  4.4% · crowned  2.4% (median year 81) · 4.1s
try  5 · gen   41 · best    324.6 · elite     72.5 · median    -24.7 · years  42.1 · road 0.34 · starved  1042 · nobles  -6.1 · read 53.3 · walls  5.1 · fell 80.9% (mother 29.7%) · prince  0.4% · king  0.1% · crowned  0.1% (median year 47) · 4.1s
try  6 · gen   41 · best    115.9 · elite     60.2 · median    -17.7 · years  51.2 · road 0.37 · starved   996 · nobles  -7.1 · read 104.4 · walls  5.6 · fell 71.5% (mother 27.6%) · prince  0.6% · king  0.0% · crowned  0.0% · 4.1s
try  7 · gen   41 · best    142.6 · elite     84.1 · median     -2.5 · years  62.9 · road 0.40 · starved  1054 · nobles -11.9 · read 135.0 · walls  6.1 · fell 54.5% (mother 25.3%) · prince  0.0% · king  0.0% · crowned  0.0% · 4.1s
try  8 · gen   41 · best    135.7 · elite     61.9 · median    -21.5 · years  54.4 · road 0.41 · starved  1181 · nobles  -9.9 · read 102.2 · walls  5.8 · fell 64.6% (mother 31.7%) · prince  0.0% · king  0.0% · crowned  0.0% · 4.1s
try  1 · gen   42 · best    185.9 · elite     79.7 · median     -6.9 · years  59.8 · road 0.39 · starved  1128 · nobles -10.6 · read 92.9 · walls  6.1 · fell 61.5% (mother 27.1%) · prince  1.6% · king  0.0% · crowned  0.0% · 4.1s
try  2 · gen   42 · best    633.2 · elite    282.2 · median    -53.4 · years  25.6 · road 0.31 · starved  1471 · nobles  -1.2 · read 53.2 · walls  1.9 · fell 88.7% (mother 47.8%) · prince 10.6% · king  6.6% · crowned  4.6% (median year 47) · 4.1s
try  3 · gen   42 · best    601.6 · elite    280.1 · median    -24.2 · years  34.4 · road 0.36 · starved  1166 · nobles  -0.0 · read 62.3 · walls  5.7 · fell 85.5% (mother 40.7%) · prince 12.1% · king  6.7% · crowned  4.6% (median year 57) · 4.1s
try  4 · gen   42 · best    577.3 · elite    169.5 · median    -41.9 · years  46.4 · road 0.34 · starved  1571 · nobles  -0.3 · read 59.5 · walls  6.3 · fell 79.7% (mother 32.9%) · prince  9.9% · king  4.3% · crowned  2.2% (median year 80) · 4.1s
try  5 · gen   42 · best    146.0 · elite     71.8 · median    -22.5 · years  42.4 · road 0.35 · starved  1034 · nobles  -6.7 · read 51.7 · walls  5.0 · fell 80.7% (mother 29.7%) · prince  0.2% · king  0.1% · crowned  0.0% (median year 66) · 4.1s
try  6 · gen   42 · best    129.5 · elite     76.6 · median    -18.7 · years  50.8 · road 0.37 · starved  1347 · nobles  -7.4 · read 101.5 · walls  5.3 · fell 69.6% (mother 24.9%) · prince  0.5% · king  0.1% · crowned  0.0% · 4.1s
try  7 · gen   42 · best    142.3 · elite     84.0 · median      1.0 · years  63.2 · road 0.40 · starved  1039 · nobles -11.9 · read 136.5 · walls  5.9 · fell 53.8% (mother 23.6%) · prince  0.0% · king  0.0% · crowned  0.0% · 4.1s
try  8 · gen   42 · best    117.0 · elite     62.0 · median    -24.5 · years  53.5 · road 0.41 · starved  1154 · nobles  -9.9 · read 98.0 · walls  5.7 · fell 66.2% (mother 33.4%) · prince  0.0% · king  0.0% · crowned  0.0% · 4.1s
try  1 · gen   43 · best    200.9 · elite     84.6 · median     -1.8 · years  59.6 · road 0.39 · starved  1121 · nobles -10.7 · read 94.0 · walls  5.9 · fell 60.9% (mother 25.8%) · prince  1.4% · king  0.0% · crowned  0.0% (median year 97) · 4.1s
try  2 · gen   43 · best    608.4 · elite    294.7 · median    -49.8 · years  25.4 · road 0.31 · starved  1118 · nobles  -0.9 · read 51.7 · walls  2.2 · fell 87.9% (mother 48.0%) · prince 11.0% · king  6.7% · crowned  4.7% (median year 45) · 4.1s
try  3 · gen   43 · best    629.3 · elite    293.8 · median    -14.0 · years  35.4 · road 0.37 · starved  1260 · nobles  +0.6 · read 62.8 · walls  5.4 · fell 85.2% (mother 40.2%) · prince 13.2% · king  7.8% · crowned  5.4% (median year 59) · 4.1s
try  4 · gen   43 · best    350.4 · elite    176.2 · median    -35.4 · years  46.4 · road 0.34 · starved  1532 · nobles  -0.4 · read 59.4 · walls  6.3 · fell 79.3% (mother 33.5%) · prince 10.7% · king  4.9% · crowned  3.0% (median year 79) · 4.1s
try  5 · gen   43 · best    156.1 · elite     83.2 · median    -19.3 · years  45.7 · road 0.36 · starved  1028 · nobles  -7.9 · read 52.1 · walls  5.4 · fell 77.9% (mother 27.3%) · prince  0.3% · king  0.0% · crowned  0.0% · 4.1s
try  6 · gen   43 · best    169.5 · elite     85.5 · median    -17.4 · years  50.7 · road 0.37 · starved   883 · nobles  -7.8 · read 94.5 · walls  4.9 · fell 71.1% (mother 23.4%) · prince  0.6% · king  0.1% · crowned  0.0% · 4.1s
try  7 · gen   43 · best    146.1 · elite     87.4 · median     -0.2 · years  63.5 · road 0.40 · starved  1044 · nobles -11.8 · read 138.5 · walls  5.9 · fell 53.7% (mother 24.1%) · prince  0.0% · king  0.0% · crowned  0.0% · 4.1s
try  8 · gen   43 · best    149.5 · elite     65.3 · median    -20.7 · years  55.7 · road 0.41 · starved  1167 · nobles -10.4 · read 101.8 · walls  5.7 · fell 63.8% (mother 31.3%) · prince  0.1% · king  0.0% · crowned  0.0% · 4.1s
try  1 · gen   44 · best    168.8 · elite     93.7 · median     -2.3 · years  59.7 · road 0.39 · starved  1114 · nobles -10.8 · read 94.3 · walls  5.8 · fell 62.2% (mother 25.4%) · prince  2.0% · king  0.0% · crowned  0.0% · 4.2s
try  2 · gen   44 · best    575.6 · elite    295.8 · median    -40.9 · years  26.1 · road 0.32 · starved  1075 · nobles  -0.6 · read 52.7 · walls  2.3 · fell 86.6% (mother 43.8%) · prince 11.8% · king  7.4% · crowned  5.4% (median year 46) · 4.2s
try  3 · gen   44 · best    531.6 · elite    261.9 · median    -26.2 · years  34.2 · road 0.36 · starved  1231 · nobles  +0.4 · read 57.6 · walls  6.0 · fell 85.8% (mother 42.2%) · prince 11.8% · king  6.6% · crowned  4.3% (median year 58) · 4.2s
try  4 · gen   44 · best    434.5 · elite    176.5 · median    -36.9 · years  46.3 · road 0.35 · starved  1766 · nobles  -0.0 · read 58.5 · walls  6.5 · fell 81.2% (mother 35.7%) · prince 10.6% · king  4.7% · crowned  2.6% (median year 80) · 4.2s
try  5 · gen   44 · best    133.8 · elite     74.3 · median    -14.3 · years  46.1 · road 0.36 · starved  1045 · nobles  -8.2 · read 51.5 · walls  5.4 · fell 77.6% (mother 27.5%) · prince  0.2% · king  0.0% · crowned  0.0% · 4.2s
try  6 · gen   44 · best    134.5 · elite     79.9 · median    -16.1 · years  50.6 · road 0.37 · starved   913 · nobles  -8.6 · read 84.9 · walls  4.3 · fell 73.3% (mother 25.6%) · prince  0.8% · king  0.0% · crowned  0.0% · 4.2s
try  7 · gen   44 · best    165.9 · elite     91.4 · median      3.2 · years  63.4 · road 0.40 · starved  1011 · nobles -11.6 · read 139.9 · walls  6.0 · fell 56.0% (mother 24.4%) · prince  0.0% · king  0.0% · crowned  0.0% · 4.2s
try  8 · gen   44 · best    144.4 · elite     63.2 · median    -20.0 · years  56.4 · road 0.42 · starved  1231 · nobles -10.8 · read 96.0 · walls  5.9 · fell 63.3% (mother 30.8%) · prince  0.0% · king  0.0% · crowned  0.0% · 4.2s
try  1 · gen   45 · best    166.6 · elite     95.1 · median      0.0 · years  60.7 · road 0.39 · starved  1078 · nobles -10.9 · read 101.2 · walls  5.5 · fell 60.4% (mother 26.0%) · prince  1.1% · king  0.0% · crowned  0.0% · 4.2s
try  2 · gen   45 · best    639.2 · elite    329.7 · median    -36.8 · years  26.0 · road 0.32 · starved  1038 · nobles  -0.2 · read 51.6 · walls  2.4 · fell 85.6% (mother 42.5%) · prince 12.8% · king  8.1% · crowned  5.9% (median year 45) · 4.2s
try  3 · gen   45 · best    686.0 · elite    289.3 · median    -26.1 · years  34.1 · road 0.36 · starved  1288 · nobles  +1.0 · read 58.4 · walls  5.9 · fell 85.9% (mother 42.1%) · prince 12.2% · king  7.4% · crowned  4.8% (median year 58) · 4.2s
try  4 · gen   45 · best    448.6 · elite    192.5 · median    -33.9 · years  45.1 · road 0.35 · starved  1547 · nobles  +0.3 · read 54.5 · walls  6.4 · fell 80.7% (mother 35.1%) · prince 10.8% · king  5.1% · crowned  3.2% (median year 82) · 4.2s
try  5 · gen   45 · best    134.1 · elite     79.2 · median    -11.2 · years  46.4 · road 0.37 · starved  1065 · nobles  -8.2 · read 47.8 · walls  6.0 · fell 76.4% (mother 28.0%) · prince  0.3% · king  0.0% · crowned  0.0% · 4.2s
try  6 · gen   45 · best    156.5 · elite     84.3 · median    -14.9 · years  50.3 · road 0.37 · starved   932 · nobles  -8.5 · read 80.5 · walls  3.8 · fell 74.4% (mother 26.8%) · prince  0.8% · king  0.1% · crowned  0.0% · 4.2s
try  7 · gen   45 · best    159.8 · elite     89.2 · median      2.6 · years  62.9 · road 0.40 · starved   968 · nobles -11.4 · read 140.0 · walls  6.1 · fell 55.4% (mother 22.8%) · prince  0.1% · king  0.0% · crowned  0.0% · 4.2s
try  8 · gen   45 · best    130.8 · elite     63.4 · median    -17.6 · years  55.5 · road 0.42 · starved  1159 · nobles -10.2 · read 90.6 · walls  5.9 · fell 63.0% (mother 29.0%) · prince  0.1% · king  0.0% · crowned  0.0% · 4.2s
try  1 · gen   46 · best    164.0 · elite     96.6 · median      2.9 · years  60.9 · road 0.39 · starved  1092 · nobles -11.1 · read 102.2 · walls  5.2 · fell 60.9% (mother 25.7%) · prince  1.8% · king  0.0% · crowned  0.0% · 4.3s
try  2 · gen   46 · best    634.7 · elite    305.6 · median    -33.4 · years  25.6 · road 0.32 · starved  1032 · nobles  -0.3 · read 51.7 · walls  2.4 · fell 84.7% (mother 42.7%) · prince 12.4% · king  8.1% · crowned  5.9% (median year 44) · 4.3s
try  3 · gen   46 · best    659.4 · elite    279.9 · median    -20.4 · years  33.7 · road 0.36 · starved  1207 · nobles  +0.8 · read 58.0 · walls  5.5 · fell 84.4% (mother 38.9%) · prince 12.2% · king  7.1% · crowned  5.3% (median year 58) · 4.3s
try  4 · gen   46 · best    385.2 · elite    180.5 · median    -34.9 · years  45.0 · road 0.35 · starved  1552 · nobles  -0.1 · read 54.1 · walls  6.3 · fell 81.9% (mother 37.1%) · prince 10.9% · king  4.8% · crowned  3.2% (median year 80) · 4.3s
try  5 · gen   46 · best    169.0 · elite     86.4 · median     -9.6 · years  47.5 · road 0.38 · starved  1147 · nobles  -9.1 · read 44.7 · walls  6.4 · fell 76.6% (mother 30.1%) · prince  0.6% · king  0.1% · crowned  0.0% (median year 58) · 4.3s
try  6 · gen   46 · best    190.7 · elite     88.2 · median     -9.8 · years  49.3 · road 0.37 · starved   891 · nobles  -8.4 · read 71.5 · walls  4.0 · fell 75.3% (mother 27.1%) · prince  0.7% · king  0.0% · crowned  0.0% · 4.3s
try  7 · gen   46 · best    158.5 · elite     94.4 · median      6.4 · years  62.9 · road 0.40 · starved   918 · nobles -11.7 · read 132.6 · walls  6.4 · fell 56.4% (mother 23.5%) · prince  0.1% · king  0.0% · crowned  0.0% · 4.3s
try  8 · gen   46 · best    126.9 · elite     64.7 · median    -16.3 · years  54.6 · road 0.42 · starved  1141 · nobles -10.0 · read 87.5 · walls  5.9 · fell 65.3% (mother 31.4%) · prince  0.1% · king  0.0% · crowned  0.0% · 4.3s
try  1 · gen   47 · best    203.0 · elite     90.7 · median      2.4 · years  59.3 · road 0.39 · starved  1066 · nobles -10.8 · read 97.5 · walls  5.0 · fell 63.2% (mother 24.3%) · prince  1.6% · king  0.0% · crowned  0.0% · 4.2s
try  2 · gen   47 · best    837.3 · elite    362.0 · median    -32.4 · years  25.0 · road 0.32 · starved   995 · nobles  -0.2 · read 51.8 · walls  2.3 · fell 83.2% (mother 41.9%) · prince 13.2% · king  9.1% · crowned  6.6% (median year 43) · 4.2s
try  3 · gen   47 · best    684.2 · elite    292.5 · median    -16.8 · years  34.8 · road 0.36 · starved  1280 · nobles  +0.9 · read 59.5 · walls  5.5 · fell 85.3% (mother 38.4%) · prince 12.8% · king  7.7% · crowned  5.4% (median year 57) · 4.2s
try  4 · gen   47 · best    390.2 · elite    175.5 · median    -34.3 · years  43.7 · road 0.35 · starved  1606 · nobles  +0.7 · read 50.6 · walls  6.3 · fell 83.1% (mother 37.8%) · prince 10.0% · king  4.5% · crowned  3.2% (median year 80) · 4.2s
try  5 · gen   47 · best    140.8 · elite     86.2 · median     -8.3 · years  46.4 · road 0.38 · starved  1092 · nobles  -8.8 · read 40.9 · walls  6.2 · fell 76.9% (mother 29.0%) · prince  0.7% · king  0.1% · crowned  0.0% · 4.2s
try  6 · gen   47 · best    188.9 · elite     91.5 · median     -8.6 · years  48.5 · road 0.37 · starved   833 · nobles  -8.6 · read 69.0 · walls  3.5 · fell 75.9% (mother 25.3%) · prince  0.6% · king  0.0% · crowned  0.0% · 4.2s
try  7 · gen   47 · best    150.3 · elite     99.7 · median      9.9 · years  63.7 · road 0.40 · starved   913 · nobles -11.8 · read 134.5 · walls  6.6 · fell 54.3% (mother 23.8%) · prince  0.0% · king  0.0% · crowned  0.0% · 4.2s
try  8 · gen   47 · best    149.3 · elite     68.0 · median    -16.4 · years  54.5 · road 0.42 · starved  1084 · nobles -10.2 · read 88.2 · walls  5.6 · fell 64.6% (mother 30.9%) · prince  0.2% · king  0.0% · crowned  0.0% · 4.2s
try  1 · gen   48 · best    145.0 · elite     95.5 · median      2.7 · years  59.9 · road 0.40 · starved  1380 · nobles -11.1 · read 93.7 · walls  5.0 · fell 62.5% (mother 24.2%) · prince  1.2% · king  0.0% · crowned  0.0% · 4.1s
try  2 · gen   48 · best    715.3 · elite    358.9 · median    -36.4 · years  23.8 · road 0.32 · starved  1003 · nobles  -0.1 · read 49.4 · walls  2.3 · fell 83.8% (mother 44.7%) · prince 12.7% · king  8.8% · crowned  6.7% (median year 41) · 4.1s
try  3 · gen   48 · best    592.9 · elite    276.9 · median    -19.2 · years  33.5 · road 0.36 · starved  1189 · nobles  +0.8 · read 54.1 · walls  5.5 · fell 86.0% (mother 37.8%) · prince 12.2% · king  7.0% · crowned  5.0% (median year 59) · 4.1s
try  4 · gen   48 · best    477.3 · elite    186.1 · median    -33.0 · years  43.8 · road 0.35 · starved  2233 · nobles  +1.2 · read 50.6 · walls  6.3 · fell 82.4% (mother 37.8%) · prince 11.6% · king  4.9% · crowned  3.3% (median year 78) · 4.1s
try  5 · gen   48 · best    211.5 · elite     84.5 · median    -10.3 · years  47.1 · road 0.38 · starved  1129 · nobles  -9.2 · read 40.5 · walls  6.1 · fell 78.6% (mother 31.6%) · prince  0.6% · king  0.0% · crowned  0.0% · 4.1s
try  6 · gen   48 · best    197.9 · elite     87.4 · median     -8.9 · years  46.2 · road 0.36 · starved   778 · nobles  -8.4 · read 65.0 · walls  3.2 · fell 78.4% (mother 24.7%) · prince  0.4% · king  0.0% · crowned  0.0% · 4.1s
try  7 · gen   48 · best    190.4 · elite     92.3 · median      7.6 · years  62.8 · road 0.40 · starved   905 · nobles -11.6 · read 131.6 · walls  6.6 · fell 55.0% (mother 23.3%) · prince  0.0% · king  0.0% · crowned  0.0% · 4.1s
try  8 · gen   48 · best    139.4 · elite     76.7 · median    -15.0 · years  54.2 · road 0.42 · starved  1167 · nobles -10.1 · read 87.7 · walls  5.8 · fell 67.1% (mother 33.7%) · prince  0.3% · king  0.0% · crowned  0.0% · 4.1s
try  1 · gen   49 · best    157.2 · elite     95.0 · median      6.1 · years  59.6 · road 0.40 · starved  1115 · nobles -11.0 · read 96.1 · walls  4.9 · fell 64.1% (mother 23.5%) · prince  2.1% · king  0.0% · crowned  0.0% · 4.1s
try  2 · gen   49 · best    818.9 · elite    401.1 · median    -36.9 · years  23.3 · road 0.32 · starved  1014 · nobles  +0.3 · read 47.8 · walls  2.3 · fell 83.3% (mother 44.1%) · prince 13.5% · king  9.5% · crowned  7.3% (median year 41) · 4.1s
try  3 · gen   49 · best    628.3 · elite    294.2 · median    -17.7 · years  33.0 · road 0.36 · starved  1152 · nobles  +1.0 · read 52.9 · walls  5.2 · fell 84.9% (mother 37.3%) · prince 12.2% · king  7.1% · crowned  5.3% (median year 57) · 4.1s
try  4 · gen   49 · best    544.9 · elite    177.4 · median    -41.7 · years  41.1 · road 0.34 · starved  1561 · nobles  +0.7 · read 49.0 · walls  5.8 · fell 83.6% (mother 39.5%) · prince 10.1% · king  4.3% · crowned  2.8% (median year 75) · 4.1s
try  5 · gen   49 · best    161.5 · elite     86.5 · median     -8.0 · years  47.1 · road 0.38 · starved  1128 · nobles  -9.3 · read 40.6 · walls  5.9 · fell 77.6% (mother 29.7%) · prince  1.2% · king  0.1% · crowned  0.0% (median year 85) · 4.1s
try  6 · gen   49 · best    186.3 · elite     91.3 · median     -6.4 · years  45.5 · road 0.36 · starved   799 · nobles  -8.2 · read 64.1 · walls  3.3 · fell 78.6% (mother 24.8%) · prince  0.5% · king  0.0% · crowned  0.0% · 4.1s
try  7 · gen   49 · best    183.7 · elite     99.6 · median     12.0 · years  62.2 · road 0.40 · starved   844 · nobles -11.2 · read 129.9 · walls  6.4 · fell 56.1% (mother 23.4%) · prince  0.1% · king  0.0% · crowned  0.0% · 4.1s
try  8 · gen   49 · best    133.4 · elite     71.1 · median    -13.4 · years  54.0 · road 0.41 · starved   995 · nobles  -9.8 · read 87.4 · walls  5.7 · fell 66.9% (mother 29.9%) · prince  0.4% · king  0.0% · crowned  0.0% · 4.1s
try  1 · gen   50 · best    193.9 · elite    100.4 · median      6.5 · years  59.4 · road 0.40 · starved   982 · nobles -10.7 · read 102.6 · walls  4.9 · fell 64.4% (mother 23.9%) · prince  2.3% · king  0.0% · crowned  0.0% · 4.1s
try  2 · gen   50 · best    914.4 · elite    375.7 · median    -35.2 · years  22.8 · road 0.32 · starved   986 · nobles  +0.1 · read 48.1 · walls  2.2 · fell 82.1% (mother 41.8%) · prince 13.1% · king  9.5% · crowned  7.2% (median year 39) · 4.1s
try  3 · gen   50 · best   1024.5 · elite    280.0 · median    -26.3 · years  32.1 · road 0.35 · starved  1229 · nobles  +1.0 · read 49.4 · walls  5.1 · fell 85.9% (mother 40.1%) · prince 11.5% · king  6.7% · crowned  4.8% (median year 53) · 4.1s
try  4 · gen   50 · best    540.7 · elite    206.4 · median    -33.9 · years  42.5 · road 0.35 · starved  1604 · nobles  +0.3 · read 50.4 · walls  6.1 · fell 82.5% (mother 41.0%) · prince 11.5% · king  5.4% · crowned  3.4% (median year 74) · 4.1s
try  5 · gen   50 · best    190.9 · elite     90.4 · median     -7.1 · years  48.1 · road 0.38 · starved  1093 · nobles  -9.3 · read 43.5 · walls  5.9 · fell 77.5% (mother 27.8%) · prince  1.1% · king  0.1% · crowned  0.0% · 4.1s
try  6 · gen   50 · best    235.3 · elite     93.8 · median     -7.4 · years  45.0 · road 0.36 · starved   798 · nobles  -8.2 · read 60.3 · walls  3.3 · fell 79.6% (mother 24.2%) · prince  0.7% · king  0.0% · crowned  0.0% · 4.1s
try  7 · gen   50 · best    178.5 · elite     98.2 · median     12.5 · years  63.7 · road 0.41 · starved   856 · nobles -11.6 · read 132.4 · walls  6.6 · fell 54.5% (mother 23.0%) · prince  0.0% · king  0.0% · crowned  0.0% · 4.1s
try  8 · gen   50 · best    146.4 · elite     75.0 · median    -12.8 · years  53.2 · road 0.41 · starved  1005 · nobles  -9.8 · read 85.1 · walls  5.6 · fell 68.0% (mother 31.1%) · prince  0.8% · king  0.0% · crowned  0.0% · 4.1s
try  1 · gen   51 · best    153.6 · elite     96.1 · median      3.2 · years  56.9 · road 0.40 · starved  1023 · nobles -10.2 · read 99.4 · walls  5.3 · fell 67.2% (mother 26.7%) · prince  2.8% · king  0.0% · crowned  0.0% · 4.1s
try  2 · gen   51 · best    956.5 · elite    379.9 · median    -42.2 · years  22.1 · road 0.32 · starved  1005 · nobles  +0.0 · read 44.5 · walls  2.1 · fell 83.3% (mother 44.2%) · prince 12.4% · king  8.9% · crowned  6.8% (median year 40) · 4.1s
try  3 · gen   51 · best    455.0 · elite    287.7 · median    -17.0 · years  32.0 · road 0.35 · starved  1211 · nobles  +1.6 · read 50.4 · walls  4.6 · fell 84.9% (mother 38.7%) · prince 11.9% · king  7.4% · crowned  5.6% (median year 54) · 4.1s
try  4 · gen   51 · best    514.0 · elite    222.1 · median    -29.3 · years  41.3 · road 0.36 · starved  1517 · nobles  -0.1 · read 50.7 · walls  6.2 · fell 83.7% (mother 38.2%) · prince 12.6% · king  6.0% · crowned  3.6% (median year 72) · 4.1s
try  5 · gen   51 · best    214.7 · elite     92.7 · median     -8.9 · years  45.9 · road 0.38 · starved  1178 · nobles  -9.1 · read 39.5 · walls  5.8 · fell 79.2% (mother 31.2%) · prince  2.0% · king  0.1% · crowned  0.0% (median year 59) · 4.1s
try  6 · gen   51 · best    234.7 · elite     89.3 · median     -6.7 · years  43.7 · road 0.36 · starved   792 · nobles  -7.9 · read 58.1 · walls  3.2 · fell 79.3% (mother 23.2%) · prince  1.0% · king  0.0% · crowned  0.0% · 4.1s
try  7 · gen   51 · best    168.8 · elite    103.6 · median     13.7 · years  64.3 · road 0.40 · starved   830 · nobles -11.7 · read 132.2 · walls  6.6 · fell 53.1% (mother 22.2%) · prince  0.0% · king  0.0% · crowned  0.0% · 4.1s
try  8 · gen   51 · best    145.6 · elite     77.6 · median    -11.4 · years  54.3 · road 0.41 · starved  1002 · nobles -10.0 · read 85.0 · walls  5.6 · fell 68.3% (mother 31.7%) · prince  0.7% · king  0.0% · crowned  0.0% · 4.1s
try  1 · gen   52 · best    171.1 · elite     97.6 · median      0.6 · years  57.5 · road 0.40 · starved  1217 · nobles -10.7 · read 98.5 · walls  5.5 · fell 67.3% (mother 28.5%) · prince  2.6% · king  0.0% · crowned  0.0% · 4.1s
try  2 · gen   52 · best    875.1 · elite    396.7 · median    -33.5 · years  21.5 · road 0.32 · starved   977 · nobles  +0.2 · read 43.7 · walls  2.3 · fell 81.7% (mother 43.3%) · prince 12.6% · king  9.5% · crowned  7.6% (median year 38) · 4.1s
try  3 · gen   52 · best    649.3 · elite    290.8 · median    -20.6 · years  31.4 · road 0.35 · starved  1189 · nobles  +1.3 · read 47.2 · walls  4.7 · fell 86.4% (mother 37.8%) · prince 11.8% · king  7.2% · crowned  5.6% (median year 54) · 4.1s
try  4 · gen   52 · best    542.7 · elite    205.1 · median    -30.9 · years  40.2 · road 0.36 · starved  1565 · nobles  -0.1 · read 51.0 · walls  6.5 · fell 83.8% (mother 38.8%) · prince 12.2% · king  5.7% · crowned  3.6% (median year 71) · 4.1s
try  5 · gen   52 · best    204.0 · elite     93.4 · median     -3.3 · years  47.2 · road 0.39 · starved  1100 · nobles  -9.5 · read 38.0 · walls  6.6 · fell 78.9% (mother 33.0%) · prince  2.4% · king  0.1% · crowned  0.0% · 4.1s
try  6 · gen   52 · best    243.6 · elite     95.6 · median    -11.8 · years  42.6 · road 0.36 · starved   841 · nobles  -7.7 · read 55.7 · walls  3.1 · fell 80.5% (mother 24.7%) · prince  1.4% · king  0.1% · crowned  0.0% (median year 57) · 4.1s
try  7 · gen   52 · best    153.5 · elite     98.7 · median     14.6 · years  63.5 · road 0.40 · starved   810 · nobles -11.6 · read 128.6 · walls  6.5 · fell 53.6% (mother 22.2%) · prince  0.0% · king  0.0% · crowned  0.0% · 4.1s
try  8 · gen   52 · best    159.7 · elite     78.1 · median     -7.1 · years  55.0 · road 0.41 · starved  1032 · nobles  -9.9 · read 84.4 · walls  5.7 · fell 65.5% (mother 27.4%) · prince  0.3% · king  0.0% · crowned  0.0% · 4.1s
try  1 · gen   53 · best    219.7 · elite     96.8 · median      5.7 · years  57.3 · road 0.40 · starved  1084 · nobles -10.8 · read 94.6 · walls  6.0 · fell 66.0% (mother 26.7%) · prince  1.9% · king  0.1% · crowned  0.0% (median year 94) · 4.1s
try  2 · gen   53 · best    654.6 · elite    369.7 · median    -35.0 · years  20.5 · road 0.32 · starved   975 · nobles  +0.4 · read 40.0 · walls  2.2 · fell 82.3% (mother 44.4%) · prince 12.2% · king  9.5% · crowned  7.3% (median year 37) · 4.1s
try  3 · gen   53 · best    577.8 · elite    312.7 · median    -26.0 · years  31.1 · road 0.35 · starved  1102 · nobles  +1.8 · read 45.5 · walls  4.6 · fell 85.4% (mother 36.4%) · prince 11.6% · king  6.9% · crowned  5.6% (median year 53) · 4.1s
try  4 · gen   53 · best   1015.5 · elite    230.6 · median    -21.4 · years  41.0 · road 0.37 · starved  1434 · nobles  -0.1 · read 50.7 · walls  6.6 · fell 85.2% (mother 39.6%) · prince 13.1% · king  6.3% · crowned  3.6% (median year 68) · 4.1s
try  5 · gen   53 · best    227.8 · elite     97.2 · median     -4.8 · years  47.8 · road 0.40 · starved  1152 · nobles  -9.7 · read 36.3 · walls  7.0 · fell 77.9% (mother 33.5%) · prince  2.7% · king  0.2% · crowned  0.0% (median year 84) · 4.1s
try  6 · gen   53 · best    177.5 · elite     95.3 · median    -14.1 · years  41.3 · road 0.36 · starved   869 · nobles  -7.7 · read 52.7 · walls  3.2 · fell 82.4% (mother 25.8%) · prince  1.6% · king  0.1% · crowned  0.0% · 4.1s
try  7 · gen   53 · best    159.7 · elite    107.7 · median     18.7 · years  66.0 · road 0.41 · starved   850 · nobles -12.5 · read 128.6 · walls  6.6 · fell 52.3% (mother 23.9%) · prince  0.0% · king  0.0% · crowned  0.0% · 4.1s
try  8 · gen   53 · best    161.3 · elite     83.4 · median     -6.5 · years  54.2 · road 0.40 · starved   920 · nobles  -9.7 · read 81.1 · walls  5.4 · fell 64.7% (mother 25.0%) · prince  0.8% · king  0.0% · crowned  0.0% · 4.1s
try  1 · gen   54 · best    166.9 · elite     99.9 · median      7.7 · years  57.8 · road 0.41 · starved  1569 · nobles -10.9 · read 90.1 · walls  6.2 · fell 65.5% (mother 29.0%) · prince  1.4% · king  0.0% · crowned  0.0% · 4.0s
try  2 · gen   54 · best    704.8 · elite    404.3 · median    -30.1 · years  21.1 · road 0.32 · starved   988 · nobles  +0.3 · read 40.2 · walls  2.3 · fell 81.8% (mother 43.5%) · prince 12.8% · king  9.7% · crowned  7.4% (median year 37) · 4.0s
try  3 · gen   54 · best    643.0 · elite    290.0 · median    -27.7 · years  30.4 · road 0.35 · starved  1133 · nobles  +2.0 · read 42.2 · walls  4.5 · fell 86.4% (mother 38.2%) · prince 11.5% · king  6.9% · crowned  5.0% (median year 53) · 4.0s
try  4 · gen   54 · best    564.3 · elite    240.2 · median    -22.2 · years  39.4 · road 0.37 · starved  1438 · nobles  +0.2 · read 43.9 · walls  5.9 · fell 84.5% (mother 38.5%) · prince 13.5% · king  6.6% · crowned  4.2% (median year 67) · 4.0s
try  5 · gen   54 · best    202.9 · elite     95.4 · median     -3.9 · years  48.2 · road 0.39 · starved  1104 · nobles  -9.5 · read 38.1 · walls  7.0 · fell 77.4% (mother 32.3%) · prince  3.2% · king  0.4% · crowned  0.0% (median year 91) · 4.0s
try  6 · gen   54 · best    162.2 · elite     89.3 · median    -10.3 · years  42.1 · road 0.36 · starved   908 · nobles  -8.0 · read 54.0 · walls  3.2 · fell 83.3% (mother 28.5%) · prince  2.3% · king  0.2% · crowned  0.0% · 4.0s
try  7 · gen   54 · best    146.4 · elite    102.4 · median     19.2 · years  64.2 · road 0.41 · starved   822 · nobles -11.9 · read 124.3 · walls  6.5 · fell 55.2% (mother 23.4%) · prince  0.0% · king  0.0% · crowned  0.0% · 4.0s
try  8 · gen   54 · best    202.5 · elite     93.7 · median     -4.4 · years  53.5 · road 0.41 · starved   859 · nobles  -9.8 · read 77.5 · walls  5.5 · fell 66.9% (mother 25.8%) · prince  0.8% · king  0.0% · crowned  0.0% · 4.0s
try  1 · gen   55 · best    187.7 · elite    102.4 · median     10.5 · years  56.7 · road 0.40 · starved  1011 · nobles -10.5 · read 84.4 · walls  6.0 · fell 66.0% (mother 25.0%) · prince  1.1% · king  0.0% · crowned  0.0% · 4.0s
try  2 · gen   55 · best    888.8 · elite    427.6 · median    -36.6 · years  20.5 · road 0.32 · starved   947 · nobles  +0.0 · read 38.9 · walls  2.3 · fell 82.3% (mother 44.3%) · prince 13.0% · king  9.4% · crowned  7.2% (median year 35) · 4.0s
try  3 · gen   55 · best    546.8 · elite    309.7 · median    -18.2 · years  31.1 · road 0.35 · starved  1461 · nobles  +1.8 · read 42.7 · walls  4.4 · fell 85.6% (mother 37.7%) · prince 12.8% · king  7.7% · crowned  5.8% (median year 52) · 4.0s
try  4 · gen   55 · best    531.1 · elite    233.4 · median    -25.2 · years  38.2 · road 0.36 · starved  1412 · nobles  -0.0 · read 41.5 · walls  5.4 · fell 85.6% (mother 39.3%) · prince 13.8% · king  6.7% · crowned  4.0% (median year 67) · 4.0s
try  5 · gen   55 · best    205.0 · elite    102.1 · median     -0.7 · years  48.7 · road 0.40 · starved  1083 · nobles  -9.8 · read 40.0 · walls  7.0 · fell 77.2% (mother 31.4%) · prince  3.5% · king  0.3% · crowned  0.1% (median year 78) · 4.0s
try  6 · gen   55 · best    273.7 · elite     93.5 · median     -9.4 · years  41.4 · road 0.36 · starved   880 · nobles  -7.4 · read 55.2 · walls  3.1 · fell 82.7% (mother 27.4%) · prince  2.4% · king  0.2% · crowned  0.0% (median year 58) · 4.0s
try  7 · gen   55 · best    163.0 · elite    104.5 · median     20.5 · years  65.5 · road 0.41 · starved   829 · nobles -12.2 · read 123.7 · walls  6.3 · fell 53.5% (mother 22.8%) · prince  0.0% · king  0.0% · crowned  0.0% · 4.0s
try  8 · gen   55 · best    151.1 · elite     84.1 · median      1.4 · years  52.7 · road 0.41 · starved   837 · nobles  -9.6 · read 76.9 · walls  5.5 · fell 67.3% (mother 23.6%) · prince  1.6% · king  0.0% · crowned  0.0% · 4.0s
try  1 · gen   56 · best    155.8 · elite     96.9 · median      9.7 · years  56.6 · road 0.40 · starved  1112 · nobles -10.5 · read 81.3 · walls  6.0 · fell 67.7% (mother 27.5%) · prince  1.1% · king  0.0% · crowned  0.0% · 4.0s
try  2 · gen   56 · best    835.2 · elite    425.1 · median    -24.7 · years  21.4 · road 0.33 · starved   935 · nobles  +0.5 · read 41.3 · walls  2.4 · fell 81.8% (mother 40.8%) · prince 14.1% · king 10.3% · crowned  7.5% (median year 35) · 4.0s
try  3 · gen   56 · best    647.8 · elite    318.4 · median    -24.0 · years  30.4 · road 0.34 · starved  1191 · nobles  +2.1 · read 41.7 · walls  4.1 · fell 85.2% (mother 38.4%) · prince 12.7% · king  7.5% · crowned  5.7% (median year 51) · 4.0s
try  4 · gen   56 · best    543.9 · elite    240.6 · median    -21.8 · years  38.2 · road 0.37 · starved  1479 · nobles  -0.1 · read 36.2 · walls  5.0 · fell 84.3% (mother 37.3%) · prince 13.9% · king  7.1% · crowned  4.2% (median year 67) · 4.0s
try  5 · gen   56 · best    259.8 · elite    108.8 · median      2.2 · years  49.1 · road 0.41 · starved  1178 · nobles -10.0 · read 37.0 · walls  7.1 · fell 77.6% (mother 33.1%) · prince  4.7% · king  0.7% · crowned  0.2% (median year 68) · 4.0s
try  6 · gen   56 · best    183.8 · elite     97.3 · median     -6.9 · years  41.2 · road 0.36 · starved   832 · nobles  -7.5 · read 54.6 · walls  3.1 · fell 81.8% (mother 27.2%) · prince  2.8% · king  0.1% · crowned  0.0% · 4.0s
try  7 · gen   56 · best    156.9 · elite    102.3 · median     20.5 · years  64.4 · road 0.41 · starved   811 · nobles -12.3 · read 118.6 · walls  6.2 · fell 55.0% (mother 21.9%) · prince  0.0% · king  0.0% · crowned  0.0% · 4.0s
try  8 · gen   56 · best    168.8 · elite     93.6 · median      4.9 · years  54.3 · road 0.42 · starved   840 · nobles  -9.8 · read 81.9 · walls  6.0 · fell 65.4% (mother 23.2%) · prince  1.6% · king  0.0% · crowned  0.0% · 4.0s
try  1 · gen   57 · best    173.1 · elite    101.7 · median      8.2 · years  55.6 · road 0.39 · starved   993 · nobles  -9.8 · read 77.5 · walls  5.9 · fell 68.8% (mother 26.3%) · prince  1.4% · king  0.0% · crowned  0.0% · 4.0s
try  2 · gen   57 · best    901.7 · elite    413.2 · median    -14.7 · years  21.2 · road 0.32 · starved   920 · nobles  +0.7 · read 41.3 · walls  2.3 · fell 80.9% (mother 42.2%) · prince 14.7% · king 10.4% · crowned  7.9% (median year 35) · 4.0s
try  3 · gen   57 · best    871.7 · elite    365.8 · median    -25.2 · years  30.1 · road 0.34 · starved  1163 · nobles  +2.1 · read 40.2 · walls  4.0 · fell 84.7% (mother 37.0%) · prince 12.4% · king  7.8% · crowned  6.2% (median year 48) · 4.0s
try  4 · gen   57 · best    562.4 · elite    249.4 · median    -18.7 · years  38.9 · road 0.37 · starved  1636 · nobles  +0.4 · read 36.3 · walls  5.1 · fell 84.8% (mother 36.5%) · prince 14.7% · king  7.0% · crowned  4.3% (median year 67) · 4.0s
try  5 · gen   57 · best    321.9 · elite    121.1 · median      1.7 · years  46.4 · road 0.40 · starved  1150 · nobles  -9.0 · read 33.8 · walls  7.0 · fell 79.2% (mother 33.3%) · prince  5.4% · king  0.9% · crowned  0.3% (median year 73) · 4.0s
try  6 · gen   57 · best    236.7 · elite    107.0 · median    -12.5 · years  40.6 · road 0.36 · starved   868 · nobles  -6.9 · read 55.4 · walls  3.1 · fell 82.9% (mother 25.0%) · prince  3.4% · king  0.2% · crowned  0.0% (median year 55) · 4.0s
try  7 · gen   57 · best    180.3 · elite    108.9 · median     20.3 · years  65.2 · road 0.41 · starved   831 · nobles -12.4 · read 118.2 · walls  6.5 · fell 54.6% (mother 23.3%) · prince  0.0% · king  0.0% · crowned  0.0% · 4.0s
try  8 · gen   57 · best    201.1 · elite    102.9 · median     11.4 · years  56.6 · road 0.42 · starved   839 · nobles -10.2 · read 93.5 · walls  6.5 · fell 64.8% (mother 24.6%) · prince  1.8% · king  0.0% · crowned  0.0% · 4.0s
try  1 · gen   58 · best    151.9 · elite     94.3 · median      5.3 · years  52.9 · road 0.39 · starved   999 · nobles  -9.1 · read 71.6 · walls  5.5 · fell 72.1% (mother 28.7%) · prince  1.8% · king  0.1% · crowned  0.0% (median year 95) · 3.9s
try  2 · gen   58 · best    887.0 · elite    418.6 · median    -17.3 · years  21.0 · road 0.33 · starved   906 · nobles  +0.4 · read 41.6 · walls  2.4 · fell 81.1% (mother 43.3%) · prince 15.6% · king 10.7% · crowned  7.4% (median year 33) · 3.9s
try  3 · gen   58 · best    678.5 · elite    323.1 · median    -21.8 · years  29.9 · road 0.34 · starved  1196 · nobles  +3.0 · read 40.3 · walls  4.0 · fell 86.1% (mother 39.6%) · prince 12.4% · king  7.7% · crowned  5.8% (median year 49) · 3.9s
try  4 · gen   58 · best    587.4 · elite    242.9 · median    -23.0 · years  37.9 · road 0.37 · starved  1577 · nobles  -0.2 · read 33.2 · walls  4.3 · fell 84.5% (mother 35.2%) · prince 14.7% · king  6.8% · crowned  4.0% (median year 66) · 3.9s
try  5 · gen   58 · best    356.2 · elite    130.6 · median      0.1 · years  46.2 · road 0.40 · starved  1452 · nobles  -8.7 · read 33.4 · walls  7.0 · fell 80.3% (mother 33.5%) · prince  5.9% · king  1.0% · crowned  0.5% (median year 69) · 3.9s
try  6 · gen   58 · best    204.7 · elite    107.9 · median     -7.4 · years  40.4 · road 0.36 · starved   876 · nobles  -7.0 · read 56.6 · walls  3.2 · fell 82.6% (mother 23.0%) · prince  4.4% · king  0.4% · crowned  0.0% (median year 75) · 3.9s
try  7 · gen   58 · best    172.5 · elite    104.6 · median     17.8 · years  64.8 · road 0.42 · starved   853 · nobles -12.4 · read 116.7 · walls  6.6 · fell 54.5% (mother 23.0%) · prince  0.0% · king  0.0% · crowned  0.0% · 3.9s
try  8 · gen   58 · best    200.5 · elite     96.5 · median     10.1 · years  53.8 · road 0.42 · starved   831 · nobles  -9.5 · read 89.9 · walls  6.5 · fell 66.5% (mother 26.5%) · prince  2.0% · king  0.0% · crowned  0.0% · 3.9s
try  1 · gen   59 · best    163.1 · elite     97.2 · median      5.0 · years  52.7 · road 0.39 · starved  1077 · nobles  -9.0 · read 73.3 · walls  5.4 · fell 74.1% (mother 30.0%) · prince  1.6% · king  0.1% · crowned  0.0% (median year 96) · 3.9s
try  2 · gen   59 · best    911.2 · elite    430.9 · median    -16.8 · years  21.4 · road 0.34 · starved   915 · nobles  +0.1 · read 44.1 · walls  2.5 · fell 82.2% (mother 44.9%) · prince 15.6% · king 10.4% · crowned  7.5% (median year 34) · 3.9s
try  3 · gen   59 · best    669.8 · elite    364.1 · median    -19.1 · years  29.4 · road 0.34 · starved  1172 · nobles  +3.2 · read 40.7 · walls  3.6 · fell 84.4% (mother 39.6%) · prince 13.0% · king  8.2% · crowned  6.3% (median year 47) · 3.9s
try  4 · gen   59 · best    441.6 · elite    225.0 · median    -23.2 · years  36.7 · road 0.36 · starved  1805 · nobles  +0.3 · read 30.2 · walls  4.2 · fell 84.9% (mother 36.0%) · prince 13.6% · king  6.5% · crowned  3.9% (median year 66) · 3.9s
try  5 · gen   59 · best    375.9 · elite    136.6 · median     -2.2 · years  44.7 · road 0.41 · starved  1301 · nobles  -7.7 · read 26.4 · walls  7.2 · fell 82.6% (mother 37.1%) · prince  7.2% · king  1.5% · crowned  0.7% (median year 70) · 3.9s
try  6 · gen   59 · best    208.3 · elite    103.6 · median     -3.7 · years  40.8 · road 0.36 · starved   963 · nobles  -6.9 · read 57.9 · walls  3.3 · fell 82.9% (mother 24.4%) · prince  5.7% · king  0.3% · crowned  0.0% (median year 65) · 3.9s
try  7 · gen   59 · best    184.5 · elite    110.8 · median     19.1 · years  64.0 · road 0.41 · starved   808 · nobles -12.4 · read 112.7 · walls  6.6 · fell 55.2% (mother 23.2%) · prince  0.0% · king  0.0% · crowned  0.0% · 3.9s
try  8 · gen   59 · best    158.2 · elite    107.6 · median      9.7 · years  53.8 · road 0.42 · starved   848 · nobles  -9.8 · read 93.5 · walls  6.6 · fell 69.3% (mother 28.5%) · prince  2.8% · king  0.2% · crowned  0.0% · 3.9s
try  1 · gen   60 · best    241.8 · elite    105.6 · median     11.8 · years  54.0 · road 0.39 · starved  1063 · nobles  -9.4 · read 72.9 · walls  5.6 · fell 72.7% (mother 31.3%) · prince  1.8% · king  0.1% · crowned  0.0% (median year 98) · 3.9s
try  2 · gen   60 · best    923.6 · elite    423.0 · median    -16.9 · years  21.1 · road 0.34 · starved   878 · nobles  -0.1 · read 43.6 · walls  2.5 · fell 80.4% (mother 43.7%) · prince 15.3% · king 10.6% · crowned  7.7% (median year 32) · 3.9s
try  3 · gen   60 · best    699.8 · elite    322.2 · median    -16.0 · years  29.6 · road 0.34 · starved  1177 · nobles  +2.6 · read 41.3 · walls  3.7 · fell 84.9% (mother 40.0%) · prince 13.1% · king  8.3% · crowned  6.1% (median year 47) · 3.9s
try  4 · gen   60 · best    592.0 · elite    256.3 · median    -28.7 · years  36.7 · road 0.36 · starved  2100 · nobles  -0.0 · read 31.1 · walls  3.8 · fell 85.9% (mother 38.8%) · prince 13.9% · king  6.5% · crowned  4.2% (median year 63) · 3.9s
try  5 · gen   60 · best    385.5 · elite    161.9 · median     -1.5 · years  43.6 · road 0.41 · starved  1347 · nobles  -7.3 · read 24.8 · walls  7.2 · fell 83.3% (mother 39.9%) · prince  8.7% · king  2.4% · crowned  1.0% (median year 70) · 3.9s
try  6 · gen   60 · best    235.1 · elite    110.0 · median     -3.2 · years  41.6 · road 0.36 · starved   911 · nobles  -7.0 · read 59.2 · walls  3.3 · fell 83.0% (mother 22.0%) · prince  5.3% · king  0.4% · crowned  0.1% (median year 62) · 3.9s
try  7 · gen   60 · best    181.5 · elite    109.6 · median     22.5 · years  65.0 · road 0.42 · starved   834 · nobles -12.6 · read 115.2 · walls  6.6 · fell 56.4% (mother 25.8%) · prince  0.1% · king  0.0% · crowned  0.0% · 3.9s
try  8 · gen   60 · best    175.4 · elite    107.7 · median     13.1 · years  53.1 · road 0.41 · starved   766 · nobles  -9.1 · read 91.1 · walls  6.4 · fell 68.4% (mother 26.0%) · prince  2.9% · king  0.1% · crowned  0.0% · 3.9s
try  1 · gen   61 · best    199.9 · elite    103.7 · median      8.7 · years  54.8 · road 0.39 · starved  1097 · nobles  -9.7 · read 75.6 · walls  6.0 · fell 71.6% (mother 28.2%) · prince  1.8% · king  0.1% · crowned  0.1% (median year 89) · 3.9s
try  2 · gen   61 · best    818.0 · elite    449.5 · median    -11.6 · years  21.2 · road 0.34 · starved   901 · nobles  +0.6 · read 43.2 · walls  2.5 · fell 79.8% (mother 44.8%) · prince 16.0% · king 10.6% · crowned  8.1% (median year 32) · 3.9s
try  3 · gen   61 · best   1031.1 · elite    374.7 · median    -14.2 · years  29.7 · road 0.34 · starved  1470 · nobles  +3.2 · read 42.1 · walls  3.5 · fell 84.7% (mother 39.4%) · prince 14.5% · king  9.1% · crowned  6.7% (median year 47) · 3.9s
try  4 · gen   61 · best    712.0 · elite    240.2 · median    -26.3 · years  36.1 · road 0.36 · starved  2043 · nobles  +0.5 · read 28.0 · walls  3.7 · fell 86.0% (mother 39.5%) · prince 14.8% · king  6.7% · crowned  4.1% (median year 63) · 3.9s
try  5 · gen   61 · best    528.4 · elite    181.7 · median     -2.8 · years  42.0 · road 0.40 · starved  1585 · nobles  -5.7 · read 21.6 · walls  7.0 · fell 84.7% (mother 40.7%) · prince 10.9% · king  3.2% · crowned  1.5% (median year 65) · 3.9s
try  6 · gen   61 · best    260.0 · elite    115.5 · median     -3.8 · years  41.2 · road 0.36 · starved   921 · nobles  -6.7 · read 55.7 · walls  3.2 · fell 83.9% (mother 24.3%) · prince  6.2% · king  0.3% · crowned  0.1% (median year 53) · 3.9s
try  7 · gen   61 · best    163.0 · elite    104.5 · median     21.2 · years  64.8 · road 0.41 · starved   844 · nobles -12.5 · read 115.8 · walls  6.7 · fell 56.4% (mother 24.6%) · prince  0.0% · king  0.0% · crowned  0.0% · 3.9s
try  8 · gen   61 · best    157.1 · elite    105.1 · median     13.3 · years  52.8 · road 0.41 · starved   819 · nobles  -8.9 · read 91.2 · walls  6.2 · fell 69.7% (mother 27.6%) · prince  2.7% · king  0.1% · crowned  0.0% · 3.9s
try  1 · gen   62 · best    191.7 · elite    107.4 · median      8.0 · years  54.9 · road 0.39 · starved  1234 · nobles  -9.8 · read 73.3 · walls  6.2 · fell 71.6% (mother 29.5%) · prince  2.1% · king  0.1% · crowned  0.1% (median year 88) · 3.9s
try  2 · gen   62 · best    770.2 · elite    426.0 · median     -3.3 · years  21.0 · road 0.34 · starved   953 · nobles  +0.3 · read 42.9 · walls  2.4 · fell 80.2% (mother 43.3%) · prince 16.0% · king 10.9% · crowned  8.1% (median year 32) · 3.9s
try  3 · gen   62 · best    828.5 · elite    392.4 · median    -15.0 · years  28.4 · road 0.33 · starved  1156 · nobles  +2.9 · read 40.4 · walls  3.1 · fell 85.0% (mother 40.1%) · prince 14.8% · king  9.5% · crowned  7.1% (median year 45) · 3.9s
try  4 · gen   62 · best    604.0 · elite    251.2 · median    -20.9 · years  37.0 · road 0.37 · starved  1922 · nobles  +0.6 · read 25.3 · walls  3.9 · fell 86.0% (mother 38.3%) · prince 15.0% · king  6.9% · crowned  4.5% (median year 63) · 3.9s
try  5 · gen   62 · best    429.2 · elite    227.1 · median     -7.2 · years  39.2 · road 0.39 · starved  1589 · nobles  -3.2 · read 19.5 · walls  6.8 · fell 86.8% (mother 43.3%) · prince 11.5% · king  4.6% · crowned  2.6% (median year 63) · 3.9s
try  6 · gen   62 · best    218.6 · elite    104.2 · median     -4.6 · years  39.4 · road 0.36 · starved   979 · nobles  -6.3 · read 51.4 · walls  3.3 · fell 84.4% (mother 25.9%) · prince  5.6% · king  0.4% · crowned  0.1% (median year 54) · 3.9s
try  7 · gen   62 · best    167.5 · elite    104.8 · median     19.8 · years  62.1 · road 0.41 · starved   817 · nobles -11.7 · read 110.2 · walls  6.6 · fell 59.2% (mother 24.3%) · prince  0.1% · king  0.0% · crowned  0.0% · 3.9s
try  8 · gen   62 · best    230.7 · elite    115.3 · median     14.4 · years  54.1 · road 0.42 · starved   763 · nobles  -9.1 · read 90.7 · walls  6.2 · fell 66.0% (mother 24.6%) · prince  2.8% · king  0.1% · crowned  0.0% · 3.9s
try  1 · gen   63 · best    188.1 · elite    108.4 · median     14.2 · years  57.3 · road 0.40 · starved  1402 · nobles -10.0 · read 77.6 · walls  6.5 · fell 68.9% (mother 28.7%) · prince  1.8% · king  0.1% · crowned  0.0% (median year 88) · 3.9s
try  2 · gen   63 · best    901.3 · elite    481.1 · median      7.7 · years  20.9 · road 0.34 · starved   871 · nobles  +0.7 · read 42.0 · walls  2.4 · fell 78.8% (mother 41.8%) · prince 16.2% · king 11.6% · crowned  8.8% (median year 32) · 3.9s
try  3 · gen   63 · best    792.7 · elite    379.7 · median    -12.0 · years  28.2 · road 0.33 · starved  1136 · nobles  +2.9 · read 40.3 · walls  2.9 · fell 84.2% (mother 38.0%) · prince 14.6% · king 10.0% · crowned  7.2% (median year 45) · 3.9s
try  4 · gen   63 · best    641.8 · elite    269.7 · median    -17.3 · years  38.6 · road 0.38 · starved  1989 · nobles  +0.8 · read 23.5 · walls  5.0 · fell 84.5% (mother 38.1%) · prince 15.1% · king  7.7% · crowned  4.8% (median year 65) · 3.9s
try  5 · gen   63 · best    511.2 · elite    244.9 · median     -7.7 · years  37.2 · road 0.38 · starved  1515 · nobles  -0.9 · read 19.5 · walls  6.3 · fell 88.1% (mother 46.4%) · prince 11.1% · king  5.1% · crowned  3.2% (median year 67) · 3.9s
try  6 · gen   63 · best    178.2 · elite    102.6 · median     -6.2 · years  39.9 · road 0.36 · starved   990 · nobles  -6.2 · read 50.7 · walls  3.8 · fell 84.9% (mother 27.2%) · prince  4.9% · king  0.2% · crowned  0.0% · 3.9s
try  7 · gen   63 · best    166.7 · elite    103.1 · median     20.1 · years  62.6 · road 0.41 · starved   828 · nobles -11.9 · read 109.8 · walls  6.5 · fell 58.2% (mother 24.4%) · prince  0.0% · king  0.0% · crowned  0.0% · 3.9s
try  8 · gen   63 · best    194.7 · elite    111.0 · median     16.9 · years  53.2 · road 0.42 · starved   760 · nobles  -8.9 · read 87.9 · walls  6.4 · fell 69.2% (mother 25.9%) · prince  2.8% · king  0.1% · crowned  0.0% (median year 89) · 3.9s
try  1 · gen   64 · best    180.1 · elite    103.3 · median     14.5 · years  55.7 · road 0.39 · starved  1102 · nobles  -9.8 · read 75.7 · walls  6.7 · fell 69.7% (mother 28.3%) · prince  1.5% · king  0.1% · crowned  0.0% · 3.9s
try  2 · gen   64 · best    957.8 · elite    489.6 · median      6.0 · years  20.9 · road 0.34 · starved   868 · nobles  +0.8 · read 40.5 · walls  2.3 · fell 78.6% (mother 43.1%) · prince 16.9% · king 12.1% · crowned  9.3% (median year 32) · 3.9s
try  3 · gen   64 · best    854.3 · elite    374.5 · median    -13.6 · years  27.6 · road 0.33 · starved  1129 · nobles  +3.0 · read 37.6 · walls  2.5 · fell 85.6% (mother 40.3%) · prince 14.9% · king  9.9% · crowned  7.1% (median year 46) · 3.9s
try  4 · gen   64 · best    685.2 · elite    287.3 · median     -5.7 · years  40.3 · road 0.40 · starved  1979 · nobles  +0.9 · read 24.0 · walls  6.2 · fell 84.2% (mother 40.4%) · prince 16.7% · king  9.0% · crowned  5.7% (median year 64) · 3.9s
try  5 · gen   64 · best    644.7 · elite    281.8 · median     -7.9 · years  37.3 · road 0.38 · starved  1542 · nobles  -1.4 · read 21.7 · walls  6.1 · fell 87.1% (mother 44.0%) · prince 13.4% · king  6.3% · crowned  4.0% (median year 64) · 3.9s
try  6 · gen   64 · best    226.7 · elite    113.7 · median     -1.7 · years  40.7 · road 0.36 · starved  1003 · nobles  -6.2 · read 49.7 · walls  4.2 · fell 83.7% (mother 25.6%) · prince  4.0% · king  0.3% · crowned  0.1% (median year 59) · 3.9s
try  7 · gen   64 · best    168.9 · elite    103.9 · median     17.2 · years  61.8 · road 0.41 · starved   806 · nobles -11.5 · read 105.9 · walls  6.5 · fell 58.0% (mother 24.5%) · prince  0.0% · king  0.0% · crowned  0.0% · 3.9s
try  8 · gen   64 · best    198.3 · elite    114.3 · median     17.6 · years  52.2 · road 0.42 · starved   724 · nobles  -8.5 · read 85.7 · walls  6.2 · fell 69.2% (mother 25.2%) · prince  2.6% · king  0.1% · crowned  0.0% · 3.9s
try  1 · gen   65 · best    211.2 · elite    107.9 · median     16.0 · years  56.2 · road 0.40 · starved  1004 · nobles -10.0 · read 75.7 · walls  6.7 · fell 70.9% (mother 28.8%) · prince  1.7% · king  0.0% · crowned  0.0% (median year 90) · 4.0s
try  2 · gen   65 · best    890.9 · elite    482.4 · median      6.7 · years  21.6 · road 0.34 · starved   930 · nobles  +1.0 · read 40.0 · walls  2.0 · fell 79.7% (mother 42.6%) · prince 17.4% · king 12.1% · crowned  9.0% (median year 33) · 4.0s
try  3 · gen   65 · best    699.3 · elite    350.9 · median    -23.0 · years  27.1 · road 0.32 · starved  1175 · nobles  +3.1 · read 36.5 · walls  2.3 · fell 85.5% (mother 41.5%) · prince 13.8% · king  9.0% · crowned  6.8% (median year 45) · 4.0s
try  4 · gen   65 · best    599.0 · elite    309.3 · median     -9.2 · years  40.3 · road 0.39 · starved  2174 · nobles  +1.5 · read 24.9 · walls  6.4 · fell 83.7% (mother 42.0%) · prince 16.7% · king  8.6% · crowned  5.7% (median year 64) · 4.0s
try  5 · gen   65 · best    792.9 · elite    307.8 · median     -9.5 · years  36.1 · road 0.38 · starved  1538 · nobles  -0.8 · read 20.6 · walls  6.2 · fell 86.7% (mother 42.9%) · prince 14.1% · king  7.4% · crowned  5.2% (median year 64) · 4.0s
try  6 · gen   65 · best    532.5 · elite    107.1 · median     -6.6 · years  40.1 · road 0.36 · starved  1009 · nobles  -6.3 · read 42.5 · walls  4.3 · fell 83.6% (mother 27.9%) · prince  4.3% · king  0.2% · crowned  0.0% (median year 47) · 4.0s
try  7 · gen   65 · best    180.7 · elite    106.1 · median     24.1 · years  63.1 · road 0.42 · starved   803 · nobles -11.6 · read 109.7 · walls  6.8 · fell 56.0% (mother 23.5%) · prince  0.0% · king  0.0% · crowned  0.0% · 4.0s
try  8 · gen   65 · best    204.3 · elite    112.5 · median     12.5 · years  51.0 · road 0.41 · starved  1461 · nobles  -8.5 · read 85.9 · walls  6.2 · fell 69.8% (mother 27.0%) · prince  2.8% · king  0.0% · crowned  0.0% (median year 91) · 4.0s
try  1 · gen   66 · best    200.5 · elite    104.3 · median     14.9 · years  56.7 · road 0.40 · starved  1040 · nobles -10.1 · read 77.7 · walls  6.8 · fell 69.6% (mother 28.1%) · prince  1.7% · king  0.1% · crowned  0.0% (median year 99) · 3.9s
try  2 · gen   66 · best    932.6 · elite    459.4 · median     -2.3 · years  21.3 · road 0.34 · starved   947 · nobles  +0.8 · read 37.6 · walls  2.0 · fell 81.1% (mother 44.4%) · prince 16.8% · king 11.8% · crowned  8.7% (median year 32) · 3.9s
try  3 · gen   66 · best    720.9 · elite    364.4 · median    -20.9 · years  27.2 · road 0.33 · starved  1228 · nobles  +3.1 · read 34.9 · walls  2.3 · fell 85.7% (mother 40.5%) · prince 14.3% · king  9.4% · crowned  6.8% (median year 44) · 3.9s
try  4 · gen   66 · best    570.4 · elite    317.0 · median      5.6 · years  40.4 · road 0.40 · starved  2002 · nobles  +2.0 · read 26.1 · walls  7.0 · fell 82.3% (mother 42.0%) · prince 16.8% · king  9.2% · crowned  6.2% (median year 62) · 3.9s
try  5 · gen   66 · best    644.8 · elite    318.9 · median      0.2 · years  36.4 · road 0.39 · starved  1703 · nobles  -0.5 · read 21.0 · walls  6.1 · fell 86.0% (mother 42.7%) · prince 14.7% · king  8.0% · crowned  5.5% (median year 61) · 3.9s
try  6 · gen   66 · best    274.6 · elite    109.2 · median     -1.9 · years  40.6 · road 0.36 · starved  1014 · nobles  -6.3 · read 38.3 · walls  4.3 · fell 83.2% (mother 27.8%) · prince  4.0% · king  0.2% · crowned  0.1% (median year 52) · 3.9s
try  7 · gen   66 · best    180.9 · elite    112.8 · median     25.9 · years  65.1 · road 0.42 · starved   855 · nobles -12.0 · read 110.7 · walls  7.0 · fell 56.8% (mother 25.5%) · prince  0.0% · king  0.0% · crowned  0.0% · 3.9s
try  8 · gen   66 · best    254.3 · elite    109.8 · median     16.9 · years  50.8 · road 0.41 · starved   747 · nobles  -8.2 · read 85.9 · walls  6.1 · fell 71.1% (mother 29.7%) · prince  3.1% · king  0.1% · crowned  0.0% · 3.9s
try  1 · gen   67 · best    235.6 · elite    111.3 · median     15.5 · years  56.6 · road 0.40 · starved  1064 · nobles  -9.9 · read 76.4 · walls  6.8 · fell 70.7% (mother 29.8%) · prince  2.2% · king  0.1% · crowned  0.0% (median year 99) · 3.9s
try  2 · gen   67 · best    932.7 · elite    461.5 · median      0.3 · years  21.7 · road 0.34 · starved   978 · nobles  +1.6 · read 37.3 · walls  1.9 · fell 81.4% (mother 45.3%) · prince 17.2% · king 11.6% · crowned  8.6% (median year 32) · 3.9s
try  3 · gen   67 · best    684.5 · elite    347.6 · median    -19.5 · years  26.7 · road 0.32 · starved  1153 · nobles  +3.1 · read 35.3 · walls  2.0 · fell 85.8% (mother 40.1%) · prince 14.9% · king  9.3% · crowned  6.9% (median year 42) · 3.9s
try  4 · gen   67 · best    617.7 · elite    308.0 · median     -0.1 · years  40.8 · road 0.41 · starved  1982 · nobles  +1.0 · read 26.1 · walls  7.3 · fell 82.3% (mother 42.5%) · prince 17.8% · king  9.6% · crowned  6.2% (median year 63) · 3.9s
try  5 · gen   67 · best    839.9 · elite    354.5 · median      9.4 · years  35.2 · road 0.39 · starved  1384 · nobles  -0.3 · read 17.8 · walls  6.0 · fell 84.4% (mother 39.5%) · prince 15.7% · king  8.8% · crowned  6.2% (median year 59) · 3.9s
try  6 · gen   67 · best    185.3 · elite    108.1 · median      2.2 · years  41.7 · road 0.37 · starved  1012 · nobles  -6.4 · read 34.8 · walls  4.3 · fell 83.6% (mother 27.5%) · prince  4.1% · king  0.3% · crowned  0.0% · 3.9s
try  7 · gen   67 · best    188.8 · elite    109.4 · median     28.4 · years  65.2 · road 0.42 · starved   826 · nobles -11.9 · read 113.2 · walls  7.0 · fell 55.4% (mother 23.2%) · prince  0.0% · king  0.0% · crowned  0.0% · 3.9s
try  8 · gen   67 · best    263.4 · elite    111.6 · median     15.7 · years  50.1 · road 0.41 · starved   740 · nobles  -8.3 · read 86.1 · walls  5.9 · fell 71.7% (mother 28.3%) · prince  3.1% · king  0.1% · crowned  0.0% (median year 47) · 3.9s
try  1 · gen   68 · best    178.2 · elite    111.5 · median     13.4 · years  57.4 · road 0.40 · starved  1092 · nobles -10.1 · read 77.1 · walls  6.8 · fell 69.0% (mother 27.8%) · prince  2.8% · king  0.1% · crowned  0.0% (median year 89) · 3.9s
try  2 · gen   68 · best    928.2 · elite    466.0 · median      6.1 · years  21.6 · road 0.34 · starved  1006 · nobles  +1.4 · read 36.1 · walls  2.0 · fell 81.2% (mother 46.1%) · prince 17.4% · king 12.0% · crowned  8.9% (median year 34) · 3.9s
try  3 · gen   68 · best    826.9 · elite    397.7 · median    -17.8 · years  25.7 · road 0.32 · starved  1089 · nobles  +2.9 · read 33.3 · walls  1.6 · fell 84.6% (mother 42.3%) · prince 14.9% · king  9.4% · crowned  7.2% (median year 42) · 3.9s
try  4 · gen   68 · best    764.2 · elite    348.8 · median     -0.7 · years  39.6 · road 0.41 · starved  1587 · nobles  +1.2 · read 25.7 · walls  7.1 · fell 81.3% (mother 41.0%) · prince 17.7% · king 10.2% · crowned  6.7% (median year 61) · 3.9s
try  5 · gen   68 · best    820.1 · elite    393.6 · median      9.3 · years  35.1 · road 0.39 · starved  1940 · nobles  +1.0 · read 15.3 · walls  6.1 · fell 83.4% (mother 37.1%) · prince 15.9% · king  9.6% · crowned  7.3% (median year 57) · 3.9s
try  6 · gen   68 · best    243.2 · elite    108.5 · median      0.4 · years  41.3 · road 0.36 · starved   936 · nobles  -6.2 · read 32.5 · walls  4.1 · fell 84.1% (mother 26.6%) · prince  3.1% · king  0.2% · crowned  0.0% (median year 39) · 3.9s
try  7 · gen   68 · best    177.6 · elite    108.5 · median     22.8 · years  64.3 · road 0.42 · starved   874 · nobles -11.7 · read 109.6 · walls  7.0 · fell 57.4% (mother 25.5%) · prince  0.0% · king  0.0% · crowned  0.0% · 3.9s
try  8 · gen   68 · best    215.3 · elite    113.5 · median     16.4 · years  51.0 · road 0.41 · starved   757 · nobles  -8.5 · read 84.9 · walls  5.9 · fell 69.3% (mother 26.3%) · prince  3.5% · king  0.1% · crowned  0.0% · 3.9s
try  1 · gen   69 · best    234.7 · elite    117.6 · median     15.0 · years  59.0 · road 0.41 · starved  1141 · nobles -10.7 · read 78.4 · walls  7.0 · fell 68.1% (mother 28.6%) · prince  2.9% · king  0.3% · crowned  0.1% (median year 72) · 3.8s
try  2 · gen   69 · best    873.7 · elite    472.9 · median     19.1 · years  21.4 · road 0.34 · starved   947 · nobles  +1.8 · read 35.0 · walls  2.1 · fell 79.8% (mother 44.6%) · prince 17.5% · king 12.1% · crowned  9.3% (median year 33) · 3.8s
try  3 · gen   69 · best    764.2 · elite    379.1 · median    -15.5 · years  25.2 · road 0.32 · starved  1083 · nobles  +2.7 · read 33.4 · walls  1.5 · fell 84.4% (mother 41.3%) · prince 14.9% · king 10.0% · crowned  7.2% (median year 40) · 3.8s
try  4 · gen   69 · best    780.3 · elite    367.7 · median     12.1 · years  40.1 · road 0.41 · starved  1435 · nobles  +1.0 · read 27.1 · walls  7.0 · fell 80.4% (mother 41.4%) · prince 18.7% · king 11.0% · crowned  7.3% (median year 58) · 3.8s
try  5 · gen   69 · best    852.3 · elite    392.2 · median      2.7 · years  33.6 · road 0.37 · starved  1974 · nobles  +2.6 · read 14.9 · walls  6.0 · fell 84.7% (mother 38.0%) · prince 15.1% · king  9.2% · crowned  7.4% (median year 57) · 3.8s
try  6 · gen   69 · best    259.8 · elite    109.2 · median     -1.3 · years  41.0 · road 0.36 · starved   976 · nobles  -6.1 · read 29.4 · walls  4.0 · fell 84.1% (mother 26.6%) · prince  3.2% · king  0.2% · crowned  0.1% (median year 49) · 3.8s
try  7 · gen   69 · best    185.0 · elite    115.3 · median     24.0 · years  64.6 · road 0.42 · starved   924 · nobles -11.6 · read 109.1 · walls  7.1 · fell 57.8% (mother 28.8%) · prince  0.1% · king  0.0% · crowned  0.0% · 3.8s
try  8 · gen   69 · best    189.0 · elite    115.3 · median     17.7 · years  51.0 · road 0.41 · starved   762 · nobles  -8.6 · read 84.5 · walls  6.3 · fell 69.1% (mother 26.7%) · prince  3.8% · king  0.1% · crowned  0.0% · 3.8s
try  1 · gen   70 · best    191.2 · elite    115.5 · median     16.5 · years  58.0 · road 0.41 · starved  1181 · nobles -10.5 · read 73.6 · walls  7.0 · fell 69.2% (mother 28.5%) · prince  3.6% · king  0.3% · crowned  0.1% (median year 99) · 3.9s
try  2 · gen   70 · best   1127.9 · elite    483.0 · median      7.7 · years  21.3 · road 0.34 · starved   980 · nobles  +2.4 · read 34.0 · walls  2.0 · fell 81.7% (mother 46.5%) · prince 17.7% · king 12.2% · crowned  9.4% (median year 33) · 3.9s
try  3 · gen   70 · best    706.7 · elite    407.8 · median     -9.9 · years  25.0 · road 0.33 · starved  1096 · nobles  +3.2 · read 31.5 · walls  1.5 · fell 84.4% (mother 41.8%) · prince 16.5% · king 10.5% · crowned  7.5% (median year 40) · 3.9s
try  4 · gen   70 · best    727.1 · elite    389.1 · median      3.7 · years  37.7 · road 0.40 · starved  2523 · nobles  +1.9 · read 23.8 · walls  6.7 · fell 79.9% (mother 41.5%) · prince 18.5% · king 10.8% · crowned  7.2% (median year 57) · 3.9s
try  5 · gen   70 · best    741.4 · elite    385.9 · median      4.6 · years  33.5 · road 0.37 · starved  1775 · nobles  +3.3 · read 14.7 · walls  6.0 · fell 84.2% (mother 35.8%) · prince 15.6% · king  9.3% · crowned  7.6% (median year 56) · 3.9s
try  6 · gen   70 · best    203.6 · elite    108.4 · median      2.5 · years  40.9 · road 0.36 · starved   904 · nobles  -5.9 · read 31.7 · walls  3.7 · fell 83.7% (mother 25.1%) · prince  3.9% · king  0.2% · crowned  0.1% (median year 43) · 3.9s
try  7 · gen   70 · best    174.7 · elite    110.9 · median     25.6 · years  64.1 · road 0.42 · starved   899 · nobles -11.7 · read 108.8 · walls  7.0 · fell 58.3% (mother 27.5%) · prince  0.1% · king  0.0% · crowned  0.0% · 3.9s
try  8 · gen   70 · best    198.1 · elite    112.4 · median     16.4 · years  50.2 · road 0.41 · starved   817 · nobles  -8.4 · read 85.3 · walls  6.1 · fell 70.6% (mother 28.5%) · prince  4.2% · king  0.1% · crowned  0.0% (median year 59) · 3.9s
try  1 · gen   71 · best    168.8 · elite    111.2 · median     17.7 · years  59.1 · road 0.42 · starved  1244 · nobles -10.8 · read 75.4 · walls  7.1 · fell 69.1% (mother 30.2%) · prince  3.8% · king  0.4% · crowned  0.0% (median year 100) · 3.8s
try  2 · gen   71 · best    850.8 · elite    442.6 · median      1.7 · years  21.5 · road 0.34 · starved  1027 · nobles  +2.2 · read 32.3 · walls  1.9 · fell 82.9% (mother 48.9%) · prince 17.5% · king 11.8% · crowned  8.6% (median year 34) · 3.8s
try  3 · gen   71 · best    899.0 · elite    425.6 · median     -9.7 · years  24.9 · road 0.32 · starved  1089 · nobles  +3.5 · read 30.2 · walls  1.5 · fell 83.8% (mother 41.3%) · prince 16.4% · king 10.7% · crowned  8.1% (median year 38) · 3.8s
try  4 · gen   71 · best    637.9 · elite    360.2 · median     11.0 · years  37.8 · road 0.41 · starved  1967 · nobles  +1.7 · read 25.0 · walls  6.8 · fell 79.7% (mother 41.2%) · prince 18.7% · king 11.0% · crowned  7.7% (median year 57) · 3.8s
try  5 · gen   71 · best    659.7 · elite    365.3 · median      1.4 · years  33.5 · road 0.37 · starved  1411 · nobles  +4.8 · read 15.1 · walls  5.7 · fell 84.8% (mother 37.0%) · prince 14.7% · king  9.1% · crowned  7.2% (median year 58) · 3.8s
try  6 · gen   71 · best    243.3 · elite    111.9 · median      0.1 · years  40.9 · road 0.35 · starved   955 · nobles  -5.7 · read 30.8 · walls  3.5 · fell 83.3% (mother 26.8%) · prince  4.0% · king  0.3% · crowned  0.1% (median year 41) · 3.8s
try  7 · gen   71 · best    170.0 · elite    111.8 · median     22.7 · years  63.9 · road 0.42 · starved   917 · nobles -11.4 · read 110.1 · walls  7.2 · fell 58.7% (mother 26.5%) · prince  0.1% · king  0.0% · crowned  0.0% · 3.8s
try  8 · gen   71 · best    217.9 · elite    118.4 · median     14.5 · years  49.3 · road 0.41 · starved   848 · nobles  -8.5 · read 84.0 · walls  5.8 · fell 72.9% (mother 30.3%) · prince  5.7% · king  0.2% · crowned  0.0% (median year 53) · 3.8s
try  1 · gen   72 · best    221.4 · elite    104.6 · median     16.1 · years  58.2 · road 0.41 · starved  1175 · nobles -10.7 · read 74.5 · walls  7.0 · fell 68.4% (mother 29.1%) · prince  3.2% · king  0.2% · crowned  0.0% (median year 78) · 3.8s
try  2 · gen   72 · best   1086.2 · elite    449.2 · median      7.3 · years  21.2 · road 0.34 · starved   987 · nobles  +1.9 · read 33.9 · walls  1.9 · fell 81.6% (mother 46.3%) · prince 17.1% · king 11.9% · crowned  8.9% (median year 33) · 3.8s
try  3 · gen   72 · best    948.3 · elite    482.7 · median      1.2 · years  24.4 · road 0.33 · starved   983 · nobles  +3.8 · read 27.6 · walls  1.1 · fell 81.2% (mother 37.3%) · prince 16.8% · king 11.3% · crowned  8.9% (median year 36) · 3.8s
try  4 · gen   72 · best    777.8 · elite    388.8 · median      9.5 · years  36.8 · road 0.40 · starved  1685 · nobles  +1.7 · read 23.6 · walls  6.5 · fell 80.6% (mother 43.7%) · prince 18.9% · king 11.2% · crowned  7.5% (median year 55) · 3.8s
try  5 · gen   72 · best    779.1 · elite    393.4 · median      6.0 · years  33.5 · road 0.37 · starved  1286 · nobles  +5.2 · read 15.3 · walls  5.5 · fell 84.0% (mother 36.4%) · prince 16.1% · king  9.5% · crowned  8.0% (median year 56) · 3.8s
try  6 · gen   72 · best    223.3 · elite    108.7 · median      1.7 · years  40.6 · road 0.35 · starved   963 · nobles  -5.5 · read 29.1 · walls  3.5 · fell 83.5% (mother 27.4%) · prince  4.6% · king  0.2% · crowned  0.1% (median year 31) · 3.8s
try  7 · gen   72 · best    177.1 · elite    108.7 · median     27.0 · years  63.5 · road 0.42 · starved   956 · nobles -11.0 · read 110.8 · walls  7.2 · fell 60.8% (mother 28.0%) · prince  0.1% · king  0.0% · crowned  0.0% · 3.8s
try  8 · gen   72 · best    233.6 · elite    118.1 · median     13.8 · years  48.5 · road 0.41 · starved   846 · nobles  -8.5 · read 80.4 · walls  5.8 · fell 73.7% (mother 30.1%) · prince  6.1% · king  0.3% · crowned  0.0% · 3.8s
try  1 · gen   73 · best    196.9 · elite    112.6 · median     18.0 · years  59.7 · road 0.42 · starved  1129 · nobles -11.0 · read 77.6 · walls  7.4 · fell 67.6% (mother 29.2%) · prince  3.5% · king  0.4% · crowned  0.1% (median year 94) · 3.8s
try  2 · gen   73 · best    940.4 · elite    465.7 · median      8.3 · years  21.2 · road 0.34 · starved  1033 · nobles  +2.4 · read 32.9 · walls  2.0 · fell 82.4% (mother 50.0%) · prince 17.7% · king 11.9% · crowned  9.1% (median year 33) · 3.8s
try  3 · gen   73 · best   1011.0 · elite    481.9 · median      6.0 · years  24.0 · road 0.32 · starved   976 · nobles  +4.6 · read 26.0 · walls  1.1 · fell 80.6% (mother 39.5%) · prince 16.7% · king 11.8% · crowned  9.4% (median year 36) · 3.8s
try  4 · gen   73 · best    854.8 · elite    392.8 · median     14.1 · years  35.4 · road 0.40 · starved  1810 · nobles  +2.3 · read 22.5 · walls  6.3 · fell 81.1% (mother 44.3%) · prince 19.1% · king 10.9% · crowned  7.6% (median year 53) · 3.8s
try  5 · gen   73 · best    609.0 · elite    396.4 · median     -3.9 · years  33.5 · road 0.36 · starved  1386 · nobles  +6.4 · read 14.1 · walls  5.5 · fell 85.3% (mother 38.0%) · prince 14.7% · king  9.3% · crowned  8.0% (median year 58) · 3.8s
try  6 · gen   73 · best    253.9 · elite    113.9 · median      2.1 · years  40.6 · road 0.35 · starved   990 · nobles  -5.5 · read 27.5 · walls  3.7 · fell 82.4% (mother 27.1%) · prince  5.3% · king  0.3% · crowned  0.1% (median year 39) · 3.8s
try  7 · gen   73 · best    169.7 · elite    109.7 · median     22.8 · years  63.9 · road 0.42 · starved   964 · nobles -11.3 · read 114.3 · walls  7.0 · fell 57.9% (mother 26.5%) · prince  0.1% · king  0.0% · crowned  0.0% · 3.8s
try  8 · gen   73 · best    269.6 · elite    130.0 · median     16.9 · years  49.4 · road 0.41 · starved   890 · nobles  -8.9 · read 79.6 · walls  6.0 · fell 75.1% (mother 31.2%) · prince  7.2% · king  0.4% · crowned  0.0% (median year 65) · 3.8s
try  1 · gen   74 · best    276.6 · elite    120.1 · median     18.2 · years  60.0 · road 0.42 · starved  1253 · nobles -10.9 · read 78.0 · walls  7.3 · fell 67.7% (mother 32.5%) · prince  4.1% · king  0.6% · crowned  0.1% (median year 95) · 3.9s
try  2 · gen   74 · best    763.4 · elite    470.6 · median      2.0 · years  20.4 · road 0.33 · starved   968 · nobles  +2.5 · read 31.8 · walls  2.0 · fell 82.5% (mother 50.1%) · prince 16.9% · king 11.8% · crowned  9.0% (median year 33) · 3.9s
try  3 · gen   74 · best    714.1 · elite    478.5 · median     16.8 · years  23.6 · road 0.32 · starved   997 · nobles  +4.5 · read 24.7 · walls  1.2 · fell 79.9% (mother 40.9%) · prince 17.6% · king 12.2% · crowned  9.8% (median year 35) · 3.9s
try  4 · gen   74 · best    879.3 · elite    369.2 · median     10.1 · years  34.8 · road 0.40 · starved  1541 · nobles  +2.6 · read 22.1 · walls  6.0 · fell 81.5% (mother 44.7%) · prince 18.4% · king 10.6% · crowned  7.4% (median year 51) · 3.9s
try  5 · gen   74 · best    851.5 · elite    367.6 · median    -12.6 · years  32.9 · road 0.36 · starved  2058 · nobles  +6.2 · read 14.0 · walls  5.3 · fell 85.7% (mother 37.5%) · prince 13.6% · king  8.6% · crowned  7.2% (median year 59) · 3.9s
try  6 · gen   74 · best    405.0 · elite    108.2 · median      1.3 · years  39.7 · road 0.36 · starved  1014 · nobles  -5.5 · read 26.0 · walls  3.7 · fell 83.4% (mother 27.1%) · prince  5.2% · king  0.4% · crowned  0.1% (median year 48) · 3.9s
try  7 · gen   74 · best    182.1 · elite    108.0 · median     20.1 · years  62.6 · road 0.41 · starved   951 · nobles -11.1 · read 111.4 · walls  6.9 · fell 61.4% (mother 26.2%) · prince  0.2% · king  0.0% · crowned  0.0% · 3.9s
try  8 · gen   74 · best    241.7 · elite    124.7 · median     19.6 · years  49.3 · road 0.41 · starved   899 · nobles  -8.6 · read 77.1 · walls  5.8 · fell 74.4% (mother 30.9%) · prince  7.4% · king  0.3% · crowned  0.0% · 3.9s
try  1 · gen   75 · best    298.1 · elite    124.9 · median     15.3 · years  61.0 · road 0.42 · starved  1572 · nobles -11.0 · read 80.4 · walls  7.3 · fell 66.0% (mother 31.4%) · prince  3.9% · king  0.4% · crowned  0.2% (median year 93) · 3.8s
try  2 · gen   75 · best    760.9 · elite    457.1 · median     -2.1 · years  20.8 · road 0.33 · starved  1169 · nobles  +2.8 · read 32.2 · walls  2.0 · fell 82.7% (mother 51.3%) · prince 17.4% · king 12.2% · crowned  8.9% (median year 31) · 3.8s
try  3 · gen   75 · best    895.2 · elite    484.5 · median     25.9 · years  23.7 · road 0.32 · starved  1044 · nobles  +4.4 · read 24.8 · walls  1.1 · fell 80.8% (mother 43.4%) · prince 17.2% · king 12.7% · crowned  9.8% (median year 34) · 3.8s
try  4 · gen   75 · best   1048.0 · elite    413.1 · median     14.2 · years  34.6 · road 0.40 · starved  1456 · nobles  +2.3 · read 24.5 · walls  5.7 · fell 80.1% (mother 43.6%) · prince 20.2% · king 11.7% · crowned  7.9% (median year 51) · 3.8s
try  5 · gen   75 · best    801.5 · elite    369.3 · median     -9.8 · years  32.6 · road 0.36 · starved  1434 · nobles  +7.0 · read 13.8 · walls  5.4 · fell 85.9% (mother 40.2%) · prince 14.0% · king  8.8% · crowned  7.4% (median year 59) · 3.8s
try  6 · gen   75 · best    228.0 · elite    111.2 · median      1.0 · years  40.3 · road 0.36 · starved   997 · nobles  -5.6 · read 26.3 · walls  3.9 · fell 83.2% (mother 27.6%) · prince  5.5% · king  0.4% · crowned  0.1% (median year 48) · 3.8s
try  7 · gen   75 · best    182.1 · elite    107.2 · median     24.1 · years  61.6 · road 0.42 · starved   955 · nobles -11.0 · read 105.5 · walls  6.7 · fell 63.3% (mother 28.5%) · prince  0.2% · king  0.0% · crowned  0.0% · 3.8s
try  8 · gen   75 · best    203.2 · elite    121.6 · median     14.3 · years  48.1 · road 0.41 · starved   846 · nobles  -8.3 · read 73.6 · walls  5.6 · fell 73.5% (mother 28.6%) · prince  6.5% · king  0.3% · crowned  0.0% (median year 57) · 3.8s
try  1 · gen   76 · best    195.1 · elite    114.0 · median     17.7 · years  61.2 · road 0.42 · starved  1306 · nobles -11.2 · read 80.8 · walls  7.3 · fell 65.4% (mother 32.4%) · prince  4.1% · king  0.4% · crowned  0.1% (median year 81) · 3.8s
try  2 · gen   76 · best    883.7 · elite    462.2 · median      4.0 · years  20.8 · road 0.33 · starved   990 · nobles  +2.9 · read 32.3 · walls  2.1 · fell 81.3% (mother 49.5%) · prince 17.7% · king 12.2% · crowned  9.0% (median year 31) · 3.8s
try  3 · gen   76 · best    942.4 · elite    521.8 · median     28.9 · years  22.9 · road 0.32 · starved   990 · nobles  +5.2 · read 23.9 · walls  1.3 · fell 79.2% (mother 41.9%) · prince 17.8% · king 13.1% · crowned 10.8% (median year 35) · 3.8s
try  4 · gen   76 · best    895.4 · elite    404.4 · median     19.2 · years  34.1 · road 0.39 · starved  1408 · nobles  +3.2 · read 24.6 · walls  5.3 · fell 78.9% (mother 41.5%) · prince 20.1% · king 11.6% · crowned  8.3% (median year 51) · 3.8s
try  5 · gen   76 · best    834.8 · elite    408.8 · median     -1.1 · years  32.3 · road 0.36 · starved  1641 · nobles  +8.1 · read 11.9 · walls  5.6 · fell 84.4% (mother 38.7%) · prince 14.5% · king 10.1% · crowned  8.6% (median year 57) · 3.8s
try  6 · gen   76 · best    262.1 · elite    108.6 · median     -1.6 · years  40.1 · road 0.36 · starved  1070 · nobles  -5.2 · read 24.0 · walls  4.1 · fell 84.8% (mother 30.0%) · prince  5.5% · king  0.6% · crowned  0.2% (median year 45) · 3.8s
try  7 · gen   76 · best    189.8 · elite    109.9 · median     24.9 · years  63.6 · road 0.41 · starved   932 · nobles -11.6 · read 109.1 · walls  6.7 · fell 60.2% (mother 26.5%) · prince  0.2% · king  0.0% · crowned  0.0% · 3.8s
try  8 · gen   76 · best    276.7 · elite    129.5 · median     23.4 · years  48.2 · road 0.41 · starved   859 · nobles  -8.2 · read 72.9 · walls  5.7 · fell 75.5% (mother 29.9%) · prince  7.6% · king  0.3% · crowned  0.0% (median year 99) · 3.8s
try  1 · gen   77 · best    214.9 · elite    118.0 · median     17.7 · years  60.3 · road 0.42 · starved  1315 · nobles -11.0 · read 77.5 · walls  7.5 · fell 65.2% (mother 33.2%) · prince  3.7% · king  0.2% · crowned  0.1% (median year 91) · 3.9s
try  2 · gen   77 · best   1148.6 · elite    486.6 · median     -1.3 · years  20.7 · road 0.33 · starved  1046 · nobles  +3.3 · read 31.6 · walls  2.0 · fell 81.6% (mother 51.3%) · prince 17.9% · king 12.4% · crowned  9.2% (median year 32) · 3.9s
try  3 · gen   77 · best    990.9 · elite    515.8 · median     40.8 · years  22.2 · road 0.32 · starved   966 · nobles  +4.6 · read 22.8 · walls  1.2 · fell 79.1% (mother 41.1%) · prince 18.2% · king 13.2% · crowned 10.8% (median year 33) · 3.9s
try  4 · gen   77 · best    791.3 · elite    390.4 · median     16.2 · years  33.8 · road 0.39 · starved  1467 · nobles  +2.4 · read 25.0 · walls  5.2 · fell 79.7% (mother 42.4%) · prince 20.1% · king 11.9% · crowned  8.2% (median year 49) · 3.9s
try  5 · gen   77 · best    734.5 · elite    405.9 · median     -2.2 · years  31.7 · road 0.36 · starved  1308 · nobles  +8.1 · read 10.5 · walls  5.6 · fell 84.4% (mother 37.8%) · prince 14.2% · king  9.7% · crowned  8.4% (median year 58) · 3.9s
try  6 · gen   77 · best    428.2 · elite    124.1 · median     -0.6 · years  40.2 · road 0.36 · starved  1057 · nobles  -5.2 · read 23.4 · walls  4.5 · fell 84.2% (mother 29.4%) · prince  5.9% · king  0.6% · crowned  0.2% (median year 54) · 3.9s
try  7 · gen   77 · best    177.9 · elite    113.1 · median     25.2 · years  63.0 · road 0.42 · starved   932 · nobles -11.7 · read 105.2 · walls  6.9 · fell 59.5% (mother 27.5%) · prince  0.2% · king  0.0% · crowned  0.0% · 3.9s
try  8 · gen   77 · best    232.2 · elite    129.7 · median     22.7 · years  49.1 · road 0.41 · starved   870 · nobles  -8.5 · read 69.1 · walls  6.0 · fell 75.5% (mother 28.5%) · prince  7.4% · king  0.5% · crowned  0.1% (median year 92) · 3.9s
try  1 · gen   78 · best    187.2 · elite    109.8 · median      8.1 · years  58.7 · road 0.41 · starved  1339 · nobles -10.6 · read 75.4 · walls  7.5 · fell 66.5% (mother 33.6%) · prince  3.5% · king  0.3% · crowned  0.1% (median year 88) · 3.8s
try  2 · gen   78 · best   1155.3 · elite    501.8 · median     13.8 · years  20.5 · road 0.32 · starved  1010 · nobles  +3.8 · read 30.9 · walls  1.8 · fell 79.6% (mother 51.2%) · prince 17.7% · king 12.9% · crowned  9.7% (median year 31) · 3.8s
try  3 · gen   78 · best    953.3 · elite    496.3 · median     12.3 · years  22.5 · road 0.32 · starved  1004 · nobles  +5.2 · read 22.9 · walls  1.0 · fell 80.8% (mother 41.3%) · prince 17.5% · king 12.5% · crowned  9.8% (median year 33) · 3.8s
try  4 · gen   78 · best    859.0 · elite    415.1 · median     24.7 · years  33.5 · road 0.39 · starved  1319 · nobles  +3.1 · read 24.0 · walls  5.1 · fell 79.1% (mother 41.6%) · prince 20.5% · king 11.9% · crowned  8.6% (median year 49) · 3.8s
try  5 · gen   78 · best    759.5 · elite    381.7 · median    -12.8 · years  31.7 · road 0.36 · starved  1433 · nobles  +7.5 · read 10.1 · walls  5.6 · fell 86.0% (mother 38.8%) · prince 13.9% · king  9.1% · crowned  7.6% (median year 57) · 3.8s
try  6 · gen   78 · best    330.7 · elite    117.0 · median     -1.5 · years  39.9 · road 0.36 · starved  1090 · nobles  -5.2 · read 22.1 · walls  4.3 · fell 84.2% (mother 31.9%) · prince  6.3% · king  0.7% · crowned  0.2% (median year 47) · 3.8s
try  7 · gen   78 · best    193.5 · elite    111.2 · median     24.9 · years  63.0 · road 0.42 · starved   969 · nobles -11.9 · read 104.3 · walls  7.1 · fell 60.8% (mother 29.3%) · prince  0.2% · king  0.0% · crowned  0.0% · 3.8s
try  8 · gen   78 · best    237.7 · elite    137.1 · median     22.9 · years  49.6 · road 0.42 · starved   874 · nobles  -8.7 · read 65.3 · walls  6.2 · fell 75.4% (mother 28.0%) · prince  8.2% · king  0.5% · crowned  0.0% (median year 72) · 3.8s
try  1 · gen   79 · best    192.6 · elite    112.7 · median     17.8 · years  61.1 · road 0.42 · starved  1422 · nobles -11.1 · read 77.7 · walls  7.5 · fell 64.7% (mother 32.2%) · prince  3.6% · king  0.3% · crowned  0.1% (median year 85) · 3.8s
try  2 · gen   79 · best    976.4 · elite    490.4 · median     49.6 · years  20.9 · road 0.33 · starved   984 · nobles  +4.6 · read 31.6 · walls  1.7 · fell 76.8% (mother 46.7%) · prince 19.1% · king 13.4% · crowned 10.2% (median year 30) · 3.8s
try  3 · gen   79 · best    939.2 · elite    529.5 · median      9.5 · years  22.6 · road 0.33 · starved  1007 · nobles  +4.1 · read 23.5 · walls  1.0 · fell 80.3% (mother 40.4%) · prince 18.5% · king 12.9% · crowned 10.2% (median year 33) · 3.8s
try  4 · gen   79 · best    836.4 · elite    452.5 · median     20.1 · years  33.4 · road 0.39 · starved  1440 · nobles  +2.7 · read 25.3 · walls  5.2 · fell 78.3% (mother 43.1%) · prince 20.7% · king 12.7% · crowned  9.0% (median year 48) · 3.8s
try  5 · gen   79 · best    717.6 · elite    393.1 · median     -9.4 · years  30.9 · road 0.35 · starved  1558 · nobles  +7.4 · read  8.9 · walls  5.6 · fell 85.1% (mother 37.0%) · prince 13.2% · king  9.3% · crowned  8.0% (median year 56) · 3.8s
try  6 · gen   79 · best    274.7 · elite    117.6 · median     -4.1 · years  39.4 · road 0.36 · starved  1126 · nobles  -5.2 · read 22.2 · walls  4.5 · fell 85.0% (mother 31.4%) · prince  6.9% · king  0.9% · crowned  0.2% (median year 50) · 3.8s
try  7 · gen   79 · best    184.4 · elite    109.2 · median     24.6 · years  63.0 · road 0.42 · starved   988 · nobles -12.1 · read 106.1 · walls  7.3 · fell 59.3% (mother 29.9%) · prince  0.2% · king  0.0% · crowned  0.0% · 3.8s
try  8 · gen   79 · best    207.7 · elite    125.3 · median     15.8 · years  47.2 · road 0.41 · starved   928 · nobles  -8.4 · read 60.3 · walls  6.0 · fell 77.3% (mother 29.6%) · prince  7.6% · king  0.4% · crowned  0.0% · 3.8s
try  1 · gen   80 · best    235.2 · elite    117.2 · median     16.4 · years  60.5 · road 0.42 · starved  1296 · nobles -10.9 · read 77.7 · walls  7.4 · fell 65.0% (mother 33.0%) · prince  3.5% · king  0.3% · crowned  0.0% (median year 76) · 3.8s
try  2 · gen   80 · best   1204.2 · elite    529.5 · median    123.8 · years  21.1 · road 0.34 · starved   946 · nobles  +4.4 · read 32.4 · walls  2.0 · fell 75.5% (mother 44.6%) · prince 21.7% · king 15.8% · crowned 11.8% (median year 30) · 3.8s
try  3 · gen   80 · best    945.5 · elite    512.1 · median     43.7 · years  21.8 · road 0.32 · starved   978 · nobles  +4.7 · read 22.4 · walls  0.9 · fell 79.7% (mother 41.7%) · prince 18.7% · king 13.6% · crowned 11.0% (median year 33) · 3.8s
try  4 · gen   80 · best    812.8 · elite    467.6 · median     31.5 · years  32.2 · road 0.39 · starved  1374 · nobles  +2.7 · read 24.4 · walls  5.2 · fell 76.9% (mother 42.5%) · prince 20.8% · king 13.1% · crowned  9.4% (median year 47) · 3.8s
try  5 · gen   80 · best    674.2 · elite    420.9 · median     -1.9 · years  31.6 · road 0.36 · starved  1231 · nobles  +7.4 · read  9.6 · walls  5.9 · fell 84.7% (mother 37.7%) · prince 14.6% · king 10.1% · crowned  8.8% (median year 56) · 3.8s
try  6 · gen   80 · best    341.4 · elite    136.0 · median     -2.9 · years  39.4 · road 0.36 · starved  1127 · nobles  -5.1 · read 22.5 · walls  4.6 · fell 84.0% (mother 33.4%) · prince  7.6% · king  0.9% · crowned  0.5% (median year 56) · 3.8s
try  7 · gen   80 · best    189.8 · elite    103.8 · median     22.9 · years  64.0 · road 0.42 · starved   982 · nobles -12.1 · read 108.5 · walls  7.2 · fell 56.6% (mother 26.2%) · prince  0.2% · king  0.0% · crowned  0.0% · 3.8s
try  8 · gen   80 · best    257.1 · elite    127.8 · median     20.3 · years  47.8 · road 0.41 · starved   907 · nobles  -8.5 · read 58.5 · walls  5.9 · fell 75.6% (mother 28.8%) · prince  8.1% · king  0.4% · crowned  0.1% (median year 76) · 3.8s
try  1 · gen   81 · best    205.8 · elite    116.8 · median     15.7 · years  61.3 · road 0.42 · starved  1464 · nobles -11.1 · read 77.2 · walls  7.7 · fell 64.0% (mother 31.9%) · prince  3.9% · king  0.3% · crowned  0.1% (median year 92) · 3.7s
try  2 · gen   81 · best    910.9 · elite    508.6 · median     76.0 · years  21.1 · road 0.34 · starved   956 · nobles  +4.2 · read 32.4 · walls  2.0 · fell 76.2% (mother 46.2%) · prince 20.6% · king 14.3% · crowned 10.8% (median year 30) · 3.7s
try  3 · gen   81 · best   1017.6 · elite    498.1 · median     78.5 · years  21.8 · road 0.32 · starved   949 · nobles  +4.1 · read 23.0 · walls  0.9 · fell 80.2% (mother 40.5%) · prince 17.9% · king 13.5% · crowned 11.0% (median year 33) · 3.7s
try  4 · gen   81 · best    832.5 · elite    445.0 · median     37.2 · years  31.6 · road 0.39 · starved  1242 · nobles  +3.1 · read 24.5 · walls  5.2 · fell 77.1% (mother 41.7%) · prince 21.2% · king 13.5% · crowned  9.5% (median year 46) · 3.7s
try  5 · gen   81 · best    721.5 · elite    409.3 · median      0.9 · years  31.4 · road 0.36 · starved  1272 · nobles  +7.7 · read  9.2 · walls  6.0 · fell 85.1% (mother 40.1%) · prince 14.2% · king 10.0% · crowned  8.8% (median year 53) · 3.7s
try  6 · gen   81 · best    425.2 · elite    140.8 · median     -1.4 · years  38.9 · road 0.37 · starved  1197 · nobles  -4.9 · read 22.6 · walls  4.8 · fell 85.2% (mother 33.8%) · prince  9.0% · king  1.4% · crowned  0.5% (median year 48) · 3.7s
try  7 · gen   81 · best    160.0 · elite    107.8 · median     22.2 · years  64.6 · road 0.42 · starved  1011 · nobles -12.3 · read 110.4 · walls  7.3 · fell 56.7% (mother 26.7%) · prince  0.4% · king  0.0% · crowned  0.0% · 3.7s
try  8 · gen   81 · best    258.0 · elite    131.8 · median     19.6 · years  47.7 · road 0.41 · starved   884 · nobles  -8.2 · read 56.4 · walls  6.3 · fell 75.7% (mother 28.8%) · prince  7.3% · king  0.3% · crowned  0.1% (median year 73) · 3.7s
try  1 · gen   82 · best    192.8 · elite    120.1 · median     16.9 · years  61.4 · road 0.42 · starved  1554 · nobles -10.9 · read 78.1 · walls  7.7 · fell 65.6% (mother 32.8%) · prince  4.6% · king  0.1% · crowned  0.1% (median year 88) · 3.8s
try  2 · gen   82 · best    943.4 · elite    528.2 · median    101.6 · years  20.9 · road 0.34 · starved   948 · nobles  +3.8 · read 32.9 · walls  2.0 · fell 75.4% (mother 45.8%) · prince 21.0% · king 15.1% · crowned 11.7% (median year 30) · 3.8s
try  3 · gen   82 · best    864.1 · elite    526.7 · median     44.4 · years  22.3 · road 0.32 · starved   980 · nobles  +4.1 · read 23.4 · walls  0.8 · fell 80.7% (mother 41.9%) · prince 18.2% · king 13.4% · crowned 10.9% (median year 33) · 3.8s
try  4 · gen   82 · best    695.9 · elite    433.5 · median     52.9 · years  31.0 · road 0.38 · starved  1224 · nobles  +3.2 · read 24.7 · walls  5.2 · fell 76.5% (mother 43.0%) · prince 20.7% · king 13.4% · crowned  9.8% (median year 45) · 3.8s
try  5 · gen   82 · best    878.9 · elite    404.1 · median      9.3 · years  31.9 · road 0.36 · starved  1274 · nobles  +8.0 · read 10.0 · walls  6.1 · fell 83.7% (mother 38.5%) · prince 14.2% · king 10.3% · crowned  8.9% (median year 54) · 3.8s
try  6 · gen   82 · best    362.4 · elite    137.2 · median     -1.4 · years  37.5 · road 0.37 · starved  1227 · nobles  -4.7 · read 22.1 · walls  4.8 · fell 86.7% (mother 37.8%) · prince  9.6% · king  1.5% · crowned  0.5% (median year 52) · 3.8s
try  7 · gen   82 · best    162.1 · elite    106.2 · median     21.4 · years  64.1 · road 0.42 · starved  1034 · nobles -12.2 · read 110.5 · walls  7.2 · fell 57.8% (mother 26.7%) · prince  0.2% · king  0.0% · crowned  0.0% · 3.8s
try  8 · gen   82 · best    308.0 · elite    123.8 · median     17.1 · years  46.4 · road 0.41 · starved   905 · nobles  -7.6 · read 57.4 · walls  6.1 · fell 76.8% (mother 31.3%) · prince  6.6% · king  0.5% · crowned  0.1% (median year 65) · 3.8s
try  1 · gen   83 · best    224.8 · elite    115.0 · median     16.3 · years  62.2 · road 0.42 · starved  1348 · nobles -11.2 · read 77.9 · walls  7.8 · fell 63.2% (mother 29.2%) · prince  4.3% · king  0.2% · crowned  0.1% (median year 96) · 3.7s
try  2 · gen   83 · best    917.9 · elite    552.7 · median     99.4 · years  20.2 · road 0.35 · starved   888 · nobles  +3.1 · read 30.1 · walls  2.4 · fell 75.4% (mother 45.1%) · prince 21.6% · king 15.0% · crowned 11.6% (median year 29) · 3.7s
try  3 · gen   83 · best    952.5 · elite    540.3 · median     98.9 · years  21.9 · road 0.32 · starved   960 · nobles  +4.5 · read 23.2 · walls  0.9 · fell 79.9% (mother 40.4%) · prince 19.1% · king 14.3% · crowned 11.7% (median year 33) · 3.7s
try  4 · gen   83 · best   1092.0 · elite    475.5 · median     31.4 · years  30.9 · road 0.39 · starved  1194 · nobles  +3.3 · read 24.4 · walls  5.1 · fell 76.7% (mother 45.6%) · prince 21.7% · king 13.6% · crowned  9.9% (median year 45) · 3.7s
try  5 · gen   83 · best    661.2 · elite    406.6 · median      1.0 · years  30.3 · road 0.36 · starved  1155 · nobles  +6.9 · read 10.4 · walls  5.8 · fell 84.2% (mother 39.9%) · prince 14.6% · king 10.0% · crowned  8.4% (median year 52) · 3.7s
try  6 · gen   83 · best    437.7 · elite    151.6 · median     -3.5 · years  38.0 · road 0.37 · starved  1191 · nobles  -4.6 · read 23.6 · walls  4.9 · fell 86.5% (mother 35.8%) · prince  9.5% · king  1.6% · crowned  0.7% (median year 53) · 3.7s
try  7 · gen   83 · best    187.8 · elite    100.5 · median     19.6 · years  63.9 · road 0.43 · starved  1070 · nobles -12.4 · read 110.3 · walls  7.3 · fell 57.4% (mother 28.0%) · prince  0.3% · king  0.0% · crowned  0.0% · 3.7s
try  8 · gen   83 · best    311.7 · elite    135.6 · median     20.7 · years  47.2 · road 0.41 · starved   957 · nobles  -7.9 · read 56.3 · walls  6.3 · fell 76.7% (mother 31.2%) · prince  7.8% · king  0.9% · crowned  0.2% (median year 70) · 3.7s
try  1 · gen   84 · best    286.9 · elite    126.3 · median     23.3 · years  63.5 · road 0.43 · starved  1626 · nobles -11.5 · read 75.8 · walls  7.9 · fell 61.5% (mother 30.1%) · prince  4.5% · king  0.1% · crowned  0.1% (median year 84) · 3.7s
try  2 · gen   84 · best    967.6 · elite    563.8 · median    116.4 · years  20.4 · road 0.35 · starved   903 · nobles  +3.1 · read 29.9 · walls  2.5 · fell 75.2% (mother 45.6%) · prince 21.8% · king 15.5% · crowned 11.9% (median year 29) · 3.7s
try  3 · gen   84 · best   1153.6 · elite    535.7 · median     42.7 · years  21.9 · road 0.32 · starved   945 · nobles  +4.2 · read 23.1 · walls  0.8 · fell 80.0% (mother 40.8%) · prince 18.6% · king 13.7% · crowned 11.2% (median year 32) · 3.7s
try  4 · gen   84 · best   1107.5 · elite    464.4 · median     43.2 · years  30.4 · road 0.38 · starved  1204 · nobles  +3.3 · read 23.6 · walls  5.2 · fell 74.8% (mother 43.3%) · prince 21.4% · king 13.6% · crowned 10.0% (median year 44) · 3.7s
try  5 · gen   84 · best    796.3 · elite    424.3 · median      5.3 · years  30.2 · road 0.36 · starved  1518 · nobles  +6.8 · read 10.2 · walls  5.5 · fell 83.1% (mother 38.5%) · prince 14.9% · king 10.6% · crowned  9.1% (median year 49) · 3.7s
try  6 · gen   84 · best    346.9 · elite    144.9 · median     -7.4 · years  37.1 · road 0.37 · starved  1363 · nobles  -4.4 · read 23.0 · walls  4.7 · fell 86.8% (mother 38.4%) · prince 10.4% · king  1.8% · crowned  0.6% (median year 51) · 3.7s
try  7 · gen   84 · best    168.1 · elite    110.3 · median     20.0 · years  63.5 · road 0.43 · starved  1070 · nobles -12.4 · read 108.0 · walls  7.3 · fell 61.0% (mother 30.4%) · prince  0.3% · king  0.0% · crowned  0.0% · 3.7s
try  8 · gen   84 · best    304.5 · elite    139.0 · median     15.3 · years  46.5 · road 0.41 · starved   972 · nobles  -7.6 · read 57.7 · walls  6.3 · fell 77.8% (mother 31.7%) · prince  8.1% · king  0.9% · crowned  0.2% (median year 72) · 3.7s
try  1 · gen   85 · best    163.8 · elite    121.0 · median     26.9 · years  63.7 · road 0.43 · starved  1161 · nobles -11.5 · read 76.1 · walls  8.0 · fell 61.2% (mother 30.6%) · prince  5.1% · king  0.1% · crowned  0.0% (median year 79) · 3.7s
try  2 · gen   85 · best    921.2 · elite    520.9 · median     75.5 · years  20.2 · road 0.36 · starved   909 · nobles  +2.2 · read 28.6 · walls  2.6 · fell 76.8% (mother 48.3%) · prince 21.3% · king 14.4% · crowned 10.9% (median year 29) · 3.7s
try  3 · gen   85 · best   1147.4 · elite    551.9 · median     73.2 · years  21.8 · road 0.32 · starved   985 · nobles  +4.3 · read 23.2 · walls  0.9 · fell 80.1% (mother 43.1%) · prince 19.6% · king 14.1% · crowned 11.6% (median year 32) · 3.7s
try  4 · gen   85 · best    677.7 · elite    459.3 · median     39.8 · years  30.4 · road 0.39 · starved  1199 · nobles  +3.3 · read 23.3 · walls  5.1 · fell 75.4% (mother 44.7%) · prince 22.8% · king 14.1% · crowned  9.9% (median year 45) · 3.7s
try  5 · gen   85 · best    835.6 · elite    436.0 · median     10.1 · years  29.5 · road 0.35 · starved  1145 · nobles  +6.4 · read 11.6 · walls  5.0 · fell 82.5% (mother 38.4%) · prince 15.3% · king 11.0% · crowned  9.2% (median year 48) · 3.7s
try  6 · gen   85 · best    381.9 · elite    154.7 · median     -4.1 · years  37.0 · road 0.37 · starved  1274 · nobles  -4.3 · read 23.7 · walls  4.7 · fell 87.5% (mother 37.6%) · prince 11.4% · king  2.3% · crowned  0.8% (median year 51) · 3.7s
try  7 · gen   85 · best    190.1 · elite    105.6 · median     20.3 · years  63.6 · road 0.43 · starved  1051 · nobles -12.4 · read 107.0 · walls  7.3 · fell 58.9% (mother 28.1%) · prince  0.3% · king  0.0% · crowned  0.0% · 3.7s
try  8 · gen   85 · best    380.0 · elite    140.9 · median     15.8 · years  46.0 · road 0.41 · starved   981 · nobles  -7.2 · read 55.7 · walls  6.5 · fell 78.4% (mother 34.2%) · prince  7.7% · king  1.1% · crowned  0.3% (median year 69) · 3.7s
try  1 · gen   86 · best    252.6 · elite    121.8 · median     24.8 · years  63.7 · road 0.43 · starved  1288 · nobles -11.6 · read 74.6 · walls  8.1 · fell 62.8% (mother 32.2%) · prince  4.8% · king  0.1% · crowned  0.1% (median year 91) · 3.6s
try  2 · gen   86 · best   1033.1 · elite    535.1 · median    114.6 · years  20.4 · road 0.36 · starved   932 · nobles  +2.1 · read 27.9 · walls  2.7 · fell 76.8% (mother 45.9%) · prince 21.4% · king 15.3% · crowned 11.4% (median year 28) · 3.6s
try  3 · gen   86 · best    938.9 · elite    534.6 · median     85.2 · years  21.8 · road 0.33 · starved   952 · nobles  +4.3 · read 23.0 · walls  1.0 · fell 80.0% (mother 40.3%) · prince 20.6% · king 14.7% · crowned 11.4% (median year 32) · 3.6s
try  4 · gen   86 · best    917.5 · elite    505.3 · median     53.0 · years  30.2 · road 0.38 · starved  1160 · nobles  +3.8 · read 22.0 · walls  5.1 · fell 74.9% (mother 42.9%) · prince 22.5% · king 14.5% · crowned 10.5% (median year 44) · 3.6s
try  5 · gen   86 · best    897.8 · elite    460.9 · median      9.6 · years  28.6 · road 0.35 · starved  1095 · nobles  +5.7 · read 12.7 · walls  4.6 · fell 82.7% (mother 38.7%) · prince 15.8% · king 11.4% · crowned  9.6% (median year 47) · 3.6s
try  6 · gen   86 · best    434.2 · elite    175.5 · median     -6.3 · years  35.9 · road 0.37 · starved  1362 · nobles  -4.0 · read 23.1 · walls  4.5 · fell 89.6% (mother 40.4%) · prince 11.3% · king  2.6% · crowned  1.2% (median year 55) · 3.6s
try  7 · gen   86 · best    171.6 · elite    106.1 · median     21.7 · years  64.5 · road 0.43 · starved  1100 · nobles -12.5 · read 105.8 · walls  7.3 · fell 57.8% (mother 29.0%) · prince  0.3% · king  0.0% · crowned  0.0% · 3.6s
try  8 · gen   86 · best    451.6 · elite    153.1 · median     20.6 · years  46.1 · road 0.41 · starved  1016 · nobles  -7.2 · read 58.3 · walls  6.4 · fell 79.7% (mother 34.6%) · prince  9.5% · king  1.5% · crowned  0.5% (median year 70) · 3.6s
try  1 · gen   87 · best    229.0 · elite    124.6 · median     27.4 · years  63.6 · road 0.43 · starved  1210 · nobles -11.4 · read 73.6 · walls  8.1 · fell 61.1% (mother 31.0%) · prince  5.1% · king  0.2% · crowned  0.0% · 3.7s
try  2 · gen   87 · best    917.4 · elite    525.1 · median    117.1 · years  20.0 · road 0.35 · starved   900 · nobles  +1.6 · read 26.0 · walls  2.7 · fell 76.7% (mother 48.2%) · prince 20.8% · king 14.9% · crowned 11.6% (median year 28) · 3.7s
try  3 · gen   87 · best    973.8 · elite    548.4 · median    111.0 · years  21.7 · road 0.33 · starved   916 · nobles  +4.5 · read 22.6 · walls  1.0 · fell 77.9% (mother 40.8%) · prince 20.0% · king 14.5% · crowned 12.0% (median year 32) · 3.7s
try  4 · gen   87 · best    863.2 · elite    491.2 · median     61.3 · years  29.6 · road 0.39 · starved  1159 · nobles  +3.5 · read 21.7 · walls  5.0 · fell 72.1% (mother 41.8%) · prince 22.4% · king 14.2% · crowned 10.4% (median year 42) · 3.7s
try  5 · gen   87 · best    815.8 · elite    463.4 · median     27.1 · years  28.3 · road 0.35 · starved  1095 · nobles  +5.7 · read 14.0 · walls  4.3 · fell 81.7% (mother 38.7%) · prince 16.2% · king 11.9% · crowned 10.2% (median year 46) · 3.7s
try  6 · gen   87 · best    626.0 · elite    206.3 · median     -6.3 · years  34.2 · road 0.37 · starved  1422 · nobles  -3.9 · read 22.9 · walls  4.2 · fell 89.5% (mother 40.0%) · prince 13.2% · king  3.9% · crowned  1.7% (median year 53) · 3.7s
try  7 · gen   87 · best    172.6 · elite    107.1 · median     22.0 · years  66.9 · road 0.43 · starved  1064 · nobles -12.9 · read 110.2 · walls  7.4 · fell 53.8% (mother 26.6%) · prince  0.1% · king  0.0% · crowned  0.0% · 3.7s
try  8 · gen   87 · best    307.9 · elite    174.9 · median     19.2 · years  45.2 · road 0.40 · starved  1079 · nobles  -6.6 · read 60.8 · walls  6.6 · fell 80.7% (mother 34.2%) · prince 11.5% · king  2.1% · crowned  0.8% (median year 76) · 3.7s
try  1 · gen   88 · best    272.7 · elite    127.6 · median     22.7 · years  62.6 · road 0.43 · starved  1115 · nobles -11.4 · read 70.6 · walls  8.1 · fell 60.8% (mother 27.9%) · prince  4.0% · king  0.2% · crowned  0.1% (median year 89) · 3.6s
try  2 · gen   88 · best    938.7 · elite    549.0 · median    109.6 · years  19.2 · road 0.36 · starved   828 · nobles  +1.5 · read 22.3 · walls  2.9 · fell 75.2% (mother 46.8%) · prince 20.9% · king 15.3% · crowned 11.8% (median year 27) · 3.6s
try  3 · gen   88 · best    888.4 · elite    519.6 · median    127.6 · years  21.4 · road 0.34 · starved   930 · nobles  +4.3 · read 21.6 · walls  1.0 · fell 77.7% (mother 43.2%) · prince 20.2% · king 14.6% · crowned 11.9% (median year 31) · 3.6s
try  4 · gen   88 · best    965.9 · elite    508.1 · median     84.1 · years  29.0 · road 0.39 · starved  1104 · nobles  +3.5 · read 20.3 · walls  4.9 · fell 72.8% (mother 45.1%) · prince 24.3% · king 15.2% · crowned 11.1% (median year 42) · 3.6s
try  5 · gen   88 · best    879.7 · elite    467.9 · median      9.7 · years  27.9 · road 0.35 · starved  1095 · nobles  +5.6 · read 13.2 · walls  4.0 · fell 80.8% (mother 35.1%) · prince 15.8% · king 11.7% · crowned 10.2% (median year 45) · 3.6s
try  6 · gen   88 · best    481.7 · elite    208.3 · median     -9.9 · years  32.3 · road 0.37 · starved  1546 · nobles  -3.3 · read 21.8 · walls  4.1 · fell 92.6% (mother 44.8%) · prince 14.2% · king  4.2% · crowned  1.6% (median year 49) · 3.6s
try  7 · gen   88 · best    166.9 · elite    112.2 · median     24.0 · years  66.6 · road 0.43 · starved  1066 · nobles -12.9 · read 106.8 · walls  7.2 · fell 55.6% (mother 28.8%) · prince  0.2% · king  0.0% · crowned  0.0% · 3.6s
try  8 · gen   88 · best    440.6 · elite    198.5 · median     14.0 · years  42.5 · road 0.39 · starved  1095 · nobles  -5.3 · read 62.6 · walls  6.7 · fell 83.7% (mother 35.6%) · prince 11.3% · king  3.3% · crowned  1.4% (median year 66) · 3.6s
try  1 · gen   89 · best    220.2 · elite    127.7 · median     26.7 · years  62.6 · road 0.43 · starved  1102 · nobles -11.3 · read 71.3 · walls  8.0 · fell 60.9% (mother 27.6%) · prince  3.8% · king  0.2% · crowned  0.0% (median year 95) · 3.6s
try  2 · gen   89 · best   1035.0 · elite    550.0 · median    112.7 · years  19.1 · road 0.36 · starved   842 · nobles  +1.4 · read 20.8 · walls  2.9 · fell 76.9% (mother 47.5%) · prince 20.9% · king 15.1% · crowned 11.4% (median year 27) · 3.6s
try  3 · gen   89 · best   1171.6 · elite    552.2 · median    128.2 · years  21.4 · road 0.34 · starved   935 · nobles  +3.8 · read 21.4 · walls  1.0 · fell 77.5% (mother 42.3%) · prince 20.6% · king 15.0% · crowned 12.2% (median year 31) · 3.6s
try  4 · gen   89 · best    895.8 · elite    511.6 · median     98.3 · years  28.9 · road 0.39 · starved  1110 · nobles  +3.3 · read 20.9 · walls  4.9 · fell 71.1% (mother 44.4%) · prince 24.7% · king 15.2% · crowned 11.5% (median year 41) · 3.6s
try  5 · gen   89 · best    752.2 · elite    459.1 · median     10.7 · years  27.5 · road 0.35 · starved  1049 · nobles  +6.3 · read 12.4 · walls  4.1 · fell 81.2% (mother 34.6%) · prince 16.0% · king 11.7% · crowned 10.0% (median year 44) · 3.6s
try  6 · gen   89 · best    485.8 · elite    237.5 · median     -5.5 · years  32.0 · road 0.37 · starved  1542 · nobles  -3.3 · read 21.0 · walls  4.1 · fell 91.6% (mother 44.8%) · prince 15.5% · king  5.4% · crowned  2.2% (median year 53) · 3.6s
try  7 · gen   89 · best    182.5 · elite    108.7 · median     26.8 · years  66.5 · road 0.44 · starved  1067 · nobles -13.1 · read 104.4 · walls  7.2 · fell 55.6% (mother 28.9%) · prince  0.1% · king  0.0% · crowned  0.0% · 3.6s
try  8 · gen   89 · best    404.2 · elite    207.8 · median      7.8 · years  39.9 · road 0.38 · starved  1212 · nobles  -4.1 · read 62.0 · walls  6.8 · fell 86.1% (mother 37.9%) · prince 12.8% · king  3.8% · crowned  1.9% (median year 67) · 3.6s
try  1 · gen   90 · best    201.3 · elite    126.9 · median     29.0 · years  62.6 · road 0.44 · starved  1083 · nobles -11.5 · read 70.5 · walls  8.0 · fell 61.0% (mother 26.3%) · prince  4.2% · king  0.2% · crowned  0.0% (median year 92) · 3.6s
try  2 · gen   90 · best   1171.2 · elite    565.2 · median    134.2 · years  19.1 · road 0.37 · starved   838 · nobles  +1.8 · read 19.9 · walls  2.8 · fell 76.1% (mother 48.3%) · prince 22.4% · king 15.6% · crowned 12.2% (median year 27) · 3.6s
try  3 · gen   90 · best    968.4 · elite    579.6 · median    121.5 · years  21.7 · road 0.34 · starved  1002 · nobles  +3.2 · read 21.6 · walls  1.0 · fell 77.7% (mother 44.8%) · prince 21.3% · king 15.6% · crowned 12.2% (median year 31) · 3.6s
try  4 · gen   90 · best    917.8 · elite    537.9 · median    103.1 · years  28.4 · road 0.39 · starved  1100 · nobles  +3.3 · read 19.9 · walls  4.7 · fell 71.2% (mother 44.6%) · prince 24.8% · king 15.4% · crowned 11.8% (median year 40) · 3.6s
try  5 · gen   90 · best    875.3 · elite    482.8 · median     23.5 · years  26.8 · road 0.34 · starved  1024 · nobles  +6.2 · read 13.1 · walls  3.6 · fell 80.8% (mother 35.5%) · prince 15.9% · king 11.9% · crowned 10.4% (median year 43) · 3.6s
try  6 · gen   90 · best    533.3 · elite    247.5 · median     -4.4 · years  32.0 · road 0.38 · starved  1413 · nobles  -3.3 · read 20.4 · walls  4.1 · fell 91.9% (mother 42.8%) · prince 16.0% · king  5.6% · crowned  2.3% (median year 51) · 3.6s
try  7 · gen   90 · best    160.3 · elite    108.5 · median     22.5 · years  66.0 · road 0.43 · starved  1086 · nobles -12.7 · read 104.3 · walls  7.1 · fell 56.7% (mother 30.8%) · prince  0.1% · king  0.0% · crowned  0.0% · 3.6s
try  8 · gen   90 · best    618.5 · elite    245.6 · median      5.5 · years  39.1 · road 0.38 · starved  1327 · nobles  -3.9 · read 61.5 · walls  7.0 · fell 87.2% (mother 38.4%) · prince 13.9% · king  5.1% · crowned  2.6% (median year 64) · 3.6s
try  1 · gen   91 · best    268.0 · elite    130.1 · median     31.2 · years  62.2 · road 0.44 · starved  1053 · nobles -11.6 · read 68.6 · walls  7.9 · fell 60.8% (mother 26.9%) · prince  4.5% · king  0.3% · crowned  0.0% (median year 96) · 3.6s
try  2 · gen   91 · best   1221.7 · elite    589.7 · median    114.9 · years  18.9 · road 0.36 · starved   829 · nobles  +2.3 · read 18.6 · walls  2.7 · fell 76.3% (mother 47.5%) · prince 21.6% · king 15.2% · crowned 12.1% (median year 27) · 3.6s
try  3 · gen   91 · best    945.2 · elite    542.6 · median    108.9 · years  21.3 · road 0.34 · starved   989 · nobles  +3.3 · read 22.1 · walls  0.9 · fell 78.4% (mother 45.0%) · prince 20.5% · king 15.1% · crowned 11.8% (median year 30) · 3.6s
try  4 · gen   91 · best    898.4 · elite    536.8 · median     84.3 · years  27.8 · road 0.39 · starved  1107 · nobles  +2.9 · read 19.5 · walls  4.5 · fell 71.4% (mother 45.2%) · prince 24.4% · king 15.3% · crowned 11.4% (median year 39) · 3.6s
try  5 · gen   91 · best    689.9 · elite    455.7 · median     33.8 · years  27.8 · road 0.35 · starved  1082 · nobles  +5.7 · read 13.1 · walls  4.1 · fell 81.3% (mother 35.4%) · prince 17.0% · king 12.0% · crowned 10.6% (median year 43) · 3.6s
try  6 · gen   91 · best    622.6 · elite    276.0 · median      2.6 · years  32.4 · road 0.38 · starved  1398 · nobles  -3.5 · read 20.2 · walls  4.3 · fell 91.6% (mother 41.4%) · prince 17.2% · king  6.4% · crowned  2.9% (median year 50) · 3.6s
try  7 · gen   91 · best    167.5 · elite    107.8 · median     23.4 · years  67.2 · road 0.44 · starved  1114 · nobles -12.9 · read 107.8 · walls  7.2 · fell 56.1% (mother 29.3%) · prince  0.1% · king  0.0% · crowned  0.0% · 3.6s
try  8 · gen   91 · best    493.4 · elite    255.0 · median      4.5 · years  38.1 · road 0.37 · starved  1264 · nobles  -3.6 · read 61.0 · walls  6.6 · fell 87.3% (mother 37.1%) · prince 14.4% · king  5.7% · crowned  2.8% (median year 67) · 3.6s
try  1 · gen   92 · best    240.8 · elite    129.3 · median     31.6 · years  62.9 · road 0.45 · starved  1072 · nobles -12.0 · read 68.5 · walls  8.0 · fell 61.1% (mother 28.8%) · prince  4.2% · king  0.3% · crowned  0.0% (median year 85) · 3.6s
try  2 · gen   92 · best    963.5 · elite    531.7 · median    112.8 · years  18.4 · road 0.36 · starved   875 · nobles  +1.5 · read 18.1 · walls  2.3 · fell 79.3% (mother 51.3%) · prince 20.9% · king 14.8% · crowned 11.5% (median year 27) · 3.6s
try  3 · gen   92 · best   1160.8 · elite    533.3 · median     44.9 · years  21.3 · road 0.34 · starved  1021 · nobles  +3.2 · read 21.9 · walls  0.9 · fell 79.7% (mother 45.6%) · prince 19.9% · king 14.1% · crowned 10.8% (median year 30) · 3.6s
try  4 · gen   92 · best    922.7 · elite    517.9 · median    135.3 · years  27.5 · road 0.39 · starved  1079 · nobles  +3.5 · read 19.4 · walls  4.5 · fell 70.5% (mother 43.8%) · prince 26.0% · king 16.1% · crowned 12.4% (median year 38) · 3.6s
try  5 · gen   92 · best   1035.7 · elite    490.7 · median     21.4 · years  26.1 · road 0.34 · starved  1059 · nobles  +5.8 · read 13.6 · walls  3.3 · fell 80.8% (mother 35.5%) · prince 16.9% · king 12.8% · crowned 10.9% (median year 42) · 3.6s
try  6 · gen   92 · best    696.6 · elite    268.5 · median      1.2 · years  31.6 · road 0.38 · starved  1451 · nobles  -3.3 · read 20.1 · walls  4.1 · fell 91.2% (mother 40.6%) · prince 16.5% · king  6.5% · crowned  2.8% (median year 51) · 3.6s
try  7 · gen   92 · best    194.1 · elite    111.7 · median     26.9 · years  66.8 · road 0.44 · starved  1109 · nobles -12.8 · read 107.3 · walls  7.2 · fell 55.0% (mother 28.4%) · prince  0.1% · king  0.0% · crowned  0.0% · 3.6s
try  8 · gen   92 · best    614.4 · elite    277.8 · median      0.3 · years  37.8 · road 0.37 · starved  1369 · nobles  -3.4 · read 61.7 · walls  6.4 · fell 88.7% (mother 39.2%) · prince 14.9% · king  6.5% · crowned  3.3% (median year 62) · 3.6s
try  1 · gen   93 · best    205.9 · elite    128.3 · median     33.8 · years  62.8 · road 0.45 · starved  1074 · nobles -12.0 · read 68.0 · walls  8.0 · fell 62.2% (mother 29.8%) · prince  4.8% · king  0.4% · crowned  0.1% (median year 88) · 3.6s
try  2 · gen   93 · best    947.2 · elite    541.2 · median    114.0 · years  18.5 · road 0.35 · starved   847 · nobles  +2.0 · read 17.7 · walls  2.1 · fell 78.6% (mother 48.0%) · prince 20.3% · king 15.1% · crowned 11.9% (median year 27) · 3.6s
try  3 · gen   93 · best   1114.1 · elite    542.1 · median    117.4 · years  21.0 · road 0.33 · starved   977 · nobles  +4.0 · read 21.2 · walls  0.8 · fell 78.3% (mother 44.5%) · prince 20.8% · king 15.4% · crowned 12.1% (median year 29) · 3.6s
try  4 · gen   93 · best   1184.8 · elite    554.0 · median    130.4 · years  26.5 · road 0.39 · starved  1003 · nobles  +4.1 · read 18.1 · walls  4.2 · fell 68.9% (mother 41.0%) · prince 24.9% · king 15.7% · crowned 12.8% (median year 38) · 3.6s
try  5 · gen   93 · best    886.9 · elite    492.0 · median      9.8 · years  26.0 · road 0.34 · starved  1072 · nobles  +6.5 · read 13.8 · walls  3.0 · fell 81.8% (mother 36.3%) · prince 16.4% · king 11.8% · crowned 10.5% (median year 42) · 3.6s
try  6 · gen   93 · best    736.6 · elite    277.2 · median     -2.0 · years  31.5 · road 0.38 · starved  1523 · nobles  -3.1 · read 22.0 · walls  4.1 · fell 92.2% (mother 42.0%) · prince 16.7% · king  7.1% · crowned  3.2% (median year 50) · 3.6s
try  7 · gen   93 · best    160.5 · elite    103.3 · median     23.8 · years  67.0 · road 0.43 · starved  1108 · nobles -12.6 · read 107.8 · walls  7.1 · fell 54.5% (mother 26.6%) · prince  0.1% · king  0.0% · crowned  0.0% · 3.6s
try  8 · gen   93 · best    643.4 · elite    282.0 · median      2.9 · years  37.4 · road 0.37 · starved  1294 · nobles  -3.1 · read 60.5 · walls  6.3 · fell 87.9% (mother 39.4%) · prince 15.5% · king  6.4% · crowned  3.6% (median year 64) · 3.6s
try  1 · gen   94 · best    262.4 · elite    131.5 · median     28.5 · years  61.0 · road 0.45 · starved  1082 · nobles -11.6 · read 64.4 · walls  7.8 · fell 63.5% (mother 29.6%) · prince  4.7% · king  0.3% · crowned  0.1% (median year 84) · 3.6s
try  2 · gen   94 · best   1011.7 · elite    567.5 · median    132.2 · years  18.6 · road 0.35 · starved   835 · nobles  +2.0 · read 17.5 · walls  2.0 · fell 78.1% (mother 48.2%) · prince 20.4% · king 15.3% · crowned 12.2% (median year 27) · 3.6s
try  3 · gen   94 · best    968.7 · elite    537.3 · median    144.5 · years  20.6 · road 0.33 · starved   943 · nobles  +4.1 · read 21.1 · walls  0.8 · fell 77.6% (mother 44.6%) · prince 20.3% · king 15.6% · crowned 12.4% (median year 29) · 3.6s
try  4 · gen   94 · best   1204.3 · elite    556.2 · median    130.4 · years  26.5 · road 0.39 · starved  1032 · nobles  +5.0 · read 18.4 · walls  4.1 · fell 70.8% (mother 41.1%) · prince 25.0% · king 15.6% · crowned 12.5% (median year 36) · 3.6s
try  5 · gen   94 · best    881.1 · elite    478.2 · median     32.3 · years  26.1 · road 0.34 · starved  1070 · nobles  +6.8 · read 13.3 · walls  3.0 · fell 81.9% (mother 35.9%) · prince 17.8% · king 12.3% · crowned 10.6% (median year 41) · 3.6s
try  6 · gen   94 · best    532.4 · elite    258.9 · median     -4.5 · years  30.6 · road 0.37 · starved  1484 · nobles  -2.7 · read 22.4 · walls  4.2 · fell 92.4% (mother 42.0%) · prince 16.0% · king  6.3% · crowned  2.9% (median year 50) · 3.6s
try  7 · gen   94 · best    152.9 · elite    106.7 · median     26.9 · years  67.4 · road 0.44 · starved  1068 · nobles -12.8 · read 113.7 · walls  7.4 · fell 54.3% (mother 26.7%) · prince  0.1% · king  0.0% · crowned  0.0% · 3.6s
try  8 · gen   94 · best    433.4 · elite    248.3 · median      3.4 · years  37.3 · road 0.37 · starved  1315 · nobles  -3.1 · read 62.5 · walls  6.1 · fell 87.6% (mother 37.8%) · prince 15.1% · king  5.7% · crowned  3.2% (median year 65) · 3.6s
try  1 · gen   95 · best    298.3 · elite    137.6 · median     26.2 · years  60.2 · road 0.45 · starved  1181 · nobles -11.6 · read 62.4 · walls  7.8 · fell 67.0% (mother 33.1%) · prince  5.6% · king  0.7% · crowned  0.2% (median year 92) · 3.6s
try  2 · gen   95 · best   1001.8 · elite    570.2 · median    136.1 · years  18.6 · road 0.35 · starved   825 · nobles  +1.9 · read 16.9 · walls  2.0 · fell 77.4% (mother 46.2%) · prince 21.0% · king 15.4% · crowned 12.3% (median year 26) · 3.6s
try  3 · gen   95 · best    934.6 · elite    520.3 · median     94.3 · years  20.7 · road 0.33 · starved   959 · nobles  +3.5 · read 21.6 · walls  0.7 · fell 79.5% (mother 43.8%) · prince 19.5% · king 14.7% · crowned 11.5% (median year 29) · 3.6s
try  4 · gen   95 · best    951.2 · elite    571.8 · median    153.2 · years  26.0 · road 0.39 · starved   973 · nobles  +4.6 · read 18.7 · walls  3.8 · fell 69.2% (mother 41.2%) · prince 26.3% · king 17.2% · crowned 13.5% (median year 35) · 3.6s
try  5 · gen   95 · best    923.2 · elite    503.7 · median     19.8 · years  25.2 · road 0.34 · starved  1046 · nobles  +5.5 · read 13.0 · walls  2.9 · fell 80.1% (mother 35.8%) · prince 17.3% · king 12.2% · crowned 10.6% (median year 39) · 3.6s
try  6 · gen   95 · best    472.5 · elite    262.7 · median     -0.3 · years  30.7 · road 0.37 · starved  1448 · nobles  -2.7 · read 22.0 · walls  4.1 · fell 91.6% (mother 41.4%) · prince 16.2% · king  7.1% · crowned  3.2% (median year 47) · 3.6s
try  7 · gen   95 · best    175.4 · elite    107.8 · median     26.4 · years  67.2 · road 0.44 · starved  1061 · nobles -12.8 · read 110.3 · walls  7.7 · fell 53.1% (mother 26.4%) · prince  0.1% · king  0.0% · crowned  0.0% · 3.6s
try  8 · gen   95 · best    597.3 · elite    258.5 · median      3.2 · years  37.7 · road 0.37 · starved  1509 · nobles  -3.3 · read 65.0 · walls  6.1 · fell 87.6% (mother 40.2%) · prince 15.7% · king  6.0% · crowned  3.5% (median year 64) · 3.6s
try  1 · gen   96 · best    329.8 · elite    140.3 · median     24.5 · years  60.2 · road 0.45 · starved  1199 · nobles -11.6 · read 63.1 · walls  7.8 · fell 65.2% (mother 33.1%) · prince  5.8% · king  0.6% · crowned  0.2% (median year 86) · 3.6s
try  2 · gen   96 · best   1012.5 · elite    546.3 · median    135.3 · years  18.9 · road 0.36 · starved   829 · nobles  +1.6 · read 15.8 · walls  2.1 · fell 78.0% (mother 47.0%) · prince 21.6% · king 15.7% · crowned 12.3% (median year 27) · 3.6s
try  3 · gen   96 · best   1158.1 · elite    555.3 · median    117.7 · years  20.5 · road 0.32 · starved   959 · nobles  +4.0 · read 20.9 · walls  0.8 · fell 78.5% (mother 44.1%) · prince 20.4% · king 15.6% · crowned 11.9% (median year 29) · 3.6s
try  4 · gen   96 · best   1145.0 · elite    578.0 · median    148.5 · years  25.7 · road 0.39 · starved   944 · nobles  +4.9 · read 18.8 · walls  3.8 · fell 68.1% (mother 38.9%) · prince 26.2% · king 16.8% · crowned 13.4% (median year 35) · 3.6s
try  5 · gen   96 · best    928.4 · elite    505.3 · median     28.2 · years  25.3 · road 0.34 · starved  1034 · nobles  +5.4 · read 12.3 · walls  2.9 · fell 81.4% (mother 35.1%) · prince 18.5% · king 12.9% · crowned 10.8% (median year 38) · 3.6s
try  6 · gen   96 · best    670.9 · elite    285.1 · median     -0.6 · years  31.1 · road 0.38 · starved  1418 · nobles  -2.4 · read 22.3 · walls  4.3 · fell 91.6% (mother 42.0%) · prince 17.0% · king  7.2% · crowned  3.6% (median year 49) · 3.6s
try  7 · gen   96 · best    162.0 · elite    108.0 · median     28.4 · years  68.0 · road 0.45 · starved  1049 · nobles -13.1 · read 111.2 · walls  7.8 · fell 53.5% (mother 28.2%) · prince  0.1% · king  0.0% · crowned  0.0% · 3.6s
try  8 · gen   96 · best    452.7 · elite    263.0 · median      1.0 · years  37.5 · road 0.37 · starved  1765 · nobles  -3.2 · read 66.3 · walls  6.2 · fell 87.9% (mother 42.3%) · prince 16.2% · king  6.4% · crowned  3.4% (median year 65) · 3.6s
try  1 · gen   97 · best    296.1 · elite    157.4 · median     31.7 · years  61.4 · road 0.46 · starved  1184 · nobles -11.8 · read 63.4 · walls  8.0 · fell 65.2% (mother 32.8%) · prince  6.8% · king  1.1% · crowned  0.5% (median year 88) · 3.7s
try  2 · gen   97 · best    969.7 · elite    566.8 · median    136.5 · years  18.8 · road 0.35 · starved   818 · nobles  +1.9 · read 14.4 · walls  2.0 · fell 78.5% (mother 45.7%) · prince 21.0% · king 15.2% · crowned 12.3% (median year 27) · 3.7s
try  3 · gen   97 · best    933.6 · elite    564.0 · median    135.1 · years  20.5 · road 0.32 · starved   955 · nobles  +4.8 · read 21.0 · walls  0.7 · fell 78.4% (mother 43.8%) · prince 19.9% · king 15.6% · crowned 12.6% (median year 30) · 3.7s
try  4 · gen   97 · best    988.0 · elite    585.7 · median    132.0 · years  25.1 · road 0.39 · starved   968 · nobles  +4.0 · read 18.7 · walls  3.7 · fell 68.8% (mother 39.0%) · prince 25.9% · king 16.5% · crowned 12.9% (median year 35) · 3.7s
try  5 · gen   97 · best    935.7 · elite    484.7 · median     67.9 · years  24.6 · road 0.34 · starved  1078 · nobles  +5.7 · read 11.7 · walls  3.0 · fell 81.3% (mother 38.3%) · prince 19.0% · king 13.2% · crowned 11.1% (median year 39) · 3.7s
try  6 · gen   97 · best    593.2 · elite    289.0 · median      0.7 · years  31.0 · road 0.38 · starved  1367 · nobles  -2.3 · read 19.9 · walls  4.5 · fell 91.4% (mother 40.0%) · prince 17.2% · king  7.4% · crowned  3.7% (median year 49) · 3.7s
try  7 · gen   97 · best    175.9 · elite    109.8 · median     28.5 · years  68.7 · road 0.45 · starved  1073 · nobles -13.3 · read 108.3 · walls  8.1 · fell 50.5% (mother 25.6%) · prince  0.1% · king  0.0% · crowned  0.0% · 3.7s
try  8 · gen   97 · best    743.8 · elite    269.9 · median     -5.6 · years  37.4 · road 0.36 · starved  1980 · nobles  -3.0 · read 70.9 · walls  6.0 · fell 88.0% (mother 43.5%) · prince 15.4% · king  6.5% · crowned  3.4% (median year 62) · 3.7s
try  1 · gen   98 · best    327.0 · elite    153.9 · median     32.0 · years  59.7 · road 0.46 · starved  1294 · nobles -11.5 · read 60.2 · walls  8.1 · fell 67.3% (mother 36.4%) · prince  8.9% · king  1.4% · crowned  0.5% (median year 82) · 3.5s
try  2 · gen   98 · best   1010.6 · elite    593.3 · median    153.2 · years  18.9 · road 0.36 · starved   781 · nobles  +1.7 · read 14.0 · walls  2.1 · fell 77.1% (mother 44.9%) · prince 21.5% · king 16.1% · crowned 13.1% (median year 27) · 3.5s
try  3 · gen   98 · best    983.1 · elite    545.3 · median    137.5 · years  20.6 · road 0.32 · starved   924 · nobles  +4.8 · read 21.8 · walls  0.8 · fell 77.7% (mother 39.6%) · prince 20.0% · king 15.5% · crowned 12.4% (median year 29) · 3.5s
try  4 · gen   98 · best   1197.8 · elite    626.4 · median    145.1 · years  24.9 · road 0.39 · starved   907 · nobles  +3.4 · read 18.9 · walls  3.6 · fell 67.4% (mother 37.5%) · prince 26.4% · king 17.3% · crowned 13.6% (median year 33) · 3.5s
try  5 · gen   98 · best    914.4 · elite    500.8 · median     45.6 · years  24.4 · road 0.34 · starved  1071 · nobles  +6.2 · read 12.0 · walls  2.8 · fell 81.2% (mother 37.0%) · prince 19.2% · king 12.7% · crowned 11.1% (median year 37) · 3.5s
try  6 · gen   98 · best    688.8 · elite    287.2 · median      4.3 · years  31.3 · road 0.38 · starved  1358 · nobles  -2.4 · read 19.4 · walls  4.8 · fell 91.6% (mother 39.8%) · prince 17.0% · king  7.3% · crowned  3.5% (median year 52) · 3.5s
try  7 · gen   98 · best    149.2 · elite    102.9 · median     28.8 · years  69.8 · road 0.46 · starved  1093 · nobles -13.8 · read 109.2 · walls  8.2 · fell 48.3% (mother 25.0%) · prince  0.1% · king  0.0% · crowned  0.0% · 3.5s
try  8 · gen   98 · best    577.5 · elite    265.0 · median     -2.4 · years  37.8 · road 0.36 · starved  1398 · nobles  -3.1 · read 72.2 · walls  6.1 · fell 88.4% (mother 43.9%) · prince 15.2% · king  6.1% · crowned  3.1% (median year 63) · 3.5s
try  1 · gen   99 · best    313.2 · elite    152.4 · median     31.0 · years  59.6 · road 0.46 · starved  1273 · nobles -11.3 · read 61.6 · walls  8.1 · fell 68.8% (mother 36.8%) · prince  9.0% · king  1.4% · crowned  0.6% (median year 86) · 3.6s
try  2 · gen   99 · best   1027.5 · elite    572.8 · median    164.2 · years  19.0 · road 0.36 · starved   765 · nobles  +2.3 · read 13.2 · walls  2.1 · fell 75.8% (mother 42.2%) · prince 21.9% · king 16.5% · crowned 13.6% (median year 27) · 3.6s
try  3 · gen   99 · best    917.3 · elite    540.5 · median    135.0 · years  20.1 · road 0.32 · starved   974 · nobles  +4.8 · read 20.8 · walls  0.8 · fell 79.3% (mother 43.6%) · prince 20.3% · king 15.2% · crowned 12.0% (median year 29) · 3.6s
try  4 · gen   99 · best   1117.6 · elite    590.1 · median    168.3 · years  25.1 · road 0.40 · starved   930 · nobles  +3.5 · read 19.2 · walls  3.8 · fell 66.4% (mother 37.8%) · prince 27.6% · king 18.3% · crowned 14.0% (median year 33) · 3.6s
try  5 · gen   99 · best    901.8 · elite    506.3 · median     46.4 · years  23.5 · road 0.34 · starved  1061 · nobles  +5.8 · read 11.8 · walls  2.7 · fell 80.4% (mother 37.3%) · prince 20.5% · king 12.4% · crowned 10.8% (median year 36) · 3.6s
try  6 · gen   99 · best    713.8 · elite    294.8 · median      3.5 · years  31.3 · road 0.38 · starved  1326 · nobles  -2.5 · read 18.3 · walls  4.8 · fell 90.6% (mother 38.9%) · prince 17.0% · king  7.4% · crowned  3.6% (median year 48) · 3.6s
try  7 · gen   99 · best    157.9 · elite    106.4 · median     27.2 · years  69.7 · road 0.46 · starved  1105 · nobles -13.7 · read 108.0 · walls  8.3 · fell 48.5% (mother 25.6%) · prince  0.1% · king  0.0% · crowned  0.0% · 3.6s
try  8 · gen   99 · best    666.4 · elite    295.2 · median     -3.5 · years  38.5 · road 0.36 · starved  1961 · nobles  -3.4 · read 76.3 · walls  5.7 · fell 87.9% (mother 41.9%) · prince 16.5% · king  6.2% · crowned  3.4% (median year 61) · 3.6s
