War · reads Reads { told: false, recall: true, journal: false } · hidden 32 · genome 33445 · population 1000 (first 10000) · elite 100 breeding at 0.3 · tables 6 · hall 0 · rank 40 · letters None · longest 100 years · 8 trials · AMD Radeon RX 6750 XT (RADV NAVI22)
try  1 · gen    0 · best     -3.4 · elite    -22.5 · median   -108.2 · years  18.3 · road 0.20 · starved  1127 · nobles  -0.9 · read 48.0 · walls  1.5 · fell 99.5% (mother 85.0%) · prince  0.0% · king  0.0% · crowned  0.0% · 13.5s
try  2 · gen    0 · best      8.8 · elite    -21.5 · median   -107.8 · years  18.6 · road 0.20 · starved  1134 · nobles  -0.9 · read 48.7 · walls  1.5 · fell 99.5% (mother 85.2%) · prince  0.0% · king  0.0% · crowned  0.0% · 13.5s
try  3 · gen    0 · best     25.0 · elite    -24.1 · median   -107.1 · years  18.5 · road 0.20 · starved  1127 · nobles  -0.9 · read 48.4 · walls  1.5 · fell 99.5% (mother 84.7%) · prince  0.0% · king  0.0% · crowned  0.0% · 13.5s
try  4 · gen    0 · best      0.2 · elite    -24.7 · median   -107.7 · years  18.5 · road 0.20 · starved  1129 · nobles  -0.9 · read 48.7 · walls  1.5 · fell 99.5% (mother 84.8%) · prince  0.0% · king  0.0% · crowned  0.0% · 13.5s
try  5 · gen    0 · best      0.8 · elite    -22.9 · median   -107.8 · years  18.5 · road 0.20 · starved  1129 · nobles  -0.9 · read 48.6 · walls  1.5 · fell 99.4% (mother 84.6%) · prince  0.0% · king  0.0% · crowned  0.0% · 27.6s
try  6 · gen    0 · best     11.1 · elite    -22.2 · median   -108.0 · years  18.6 · road 0.20 · starved  1137 · nobles  -0.9 · read 48.7 · walls  1.5 · fell 99.4% (mother 85.0%) · prince  0.0% · king  0.0% · crowned  0.0% · 27.6s
try  7 · gen    0 · best     12.5 · elite    -24.7 · median   -107.3 · years  18.4 · road 0.20 · starved  1127 · nobles  -0.9 · read 48.4 · walls  1.5 · fell 99.5% (mother 84.9%) · prince  0.0% · king  0.0% · crowned  0.0% · 27.6s
try  8 · gen    0 · best     -2.6 · elite    -23.0 · median   -107.9 · years  18.4 · road 0.20 · starved  1127 · nobles  -0.9 · read 48.5 · walls  1.5 · fell 99.4% (mother 85.0%) · prince  0.0% · king  0.0% · crowned  0.0% · 27.6s
try  1 · gen    1 · best      1.7 · elite    -48.1 · median   -106.6 · years  29.7 · road 0.24 · starved  1509 · nobles  -1.7 · read 72.9 · walls  2.5 · fell 98.2% (mother 74.5%) · prince  0.0% · king  0.0% · crowned  0.0% · 3.4s
try  2 · gen    1 · best     23.1 · elite    -40.1 · median   -106.2 · years  28.5 · road 0.24 · starved  1450 · nobles  -1.4 · read 69.3 · walls  2.3 · fell 97.9% (mother 75.6%) · prince  0.0% · king  0.0% · crowned  0.0% · 3.4s
try  3 · gen    1 · best     -9.9 · elite    -45.6 · median   -107.4 · years  31.6 · road 0.24 · starved  1541 · nobles  -2.0 · read 81.8 · walls  2.6 · fell 97.8% (mother 72.6%) · prince  0.0% · king  0.0% · crowned  0.0% · 3.4s
try  4 · gen    1 · best     -5.4 · elite    -46.7 · median   -106.1 · years  29.4 · road 0.24 · starved  1478 · nobles  -1.4 · read 75.1 · walls  2.5 · fell 97.7% (mother 73.0%) · prince  0.0% · king  0.0% · crowned  0.0% · 3.4s
try  5 · gen    1 · best      3.4 · elite    -45.2 · median   -103.4 · years  27.3 · road 0.24 · starved  1398 · nobles  -1.4 · read 65.6 · walls  2.8 · fell 97.7% (mother 74.8%) · prince  0.0% · king  0.0% · crowned  0.0% · 3.4s
try  6 · gen    1 · best    -10.5 · elite    -44.7 · median   -105.5 · years  29.9 · road 0.24 · starved  1512 · nobles  -1.7 · read 73.4 · walls  2.7 · fell 98.0% (mother 73.2%) · prince  0.0% · king  0.0% · crowned  0.0% · 3.4s
try  7 · gen    1 · best     -2.8 · elite    -43.5 · median   -107.5 · years  29.4 · road 0.24 · starved  1498 · nobles  -1.6 · read 76.0 · walls  2.6 · fell 97.9% (mother 74.0%) · prince  0.0% · king  0.0% · crowned  0.0% · 3.4s
try  8 · gen    1 · best    -12.6 · elite    -46.0 · median   -104.1 · years  28.2 · road 0.24 · starved  1440 · nobles  -1.7 · read 68.3 · walls  2.5 · fell 97.9% (mother 76.5%) · prince  0.0% · king  0.0% · crowned  0.0% · 3.4s
try  1 · gen    2 · best     15.8 · elite    -47.0 · median   -107.3 · years  40.0 · road 0.25 · starved  1787 · nobles  -2.3 · read 103.9 · walls  3.3 · fell 95.0% (mother 61.5%) · prince  0.0% · king  0.0% · crowned  0.0% · 3.9s
try  2 · gen    2 · best      3.4 · elite    -43.6 · median   -106.4 · years  42.5 · road 0.25 · starved  1803 · nobles  -2.0 · read 104.6 · walls  3.3 · fell 91.4% (mother 58.9%) · prince  0.0% · king  0.0% · crowned  0.0% · 3.9s
try  3 · gen    2 · best     15.1 · elite    -47.2 · median   -108.9 · years  43.1 · road 0.23 · starved  1784 · nobles  -2.0 · read 123.1 · walls  2.9 · fell 93.3% (mother 55.5%) · prince  0.0% · king  0.0% · crowned  0.0% · 3.9s
try  4 · gen    2 · best      1.0 · elite    -48.2 · median   -108.3 · years  40.8 · road 0.24 · starved  1772 · nobles  -1.7 · read 104.1 · walls  3.3 · fell 93.8% (mother 57.3%) · prince  0.0% · king  0.0% · crowned  0.0% · 3.9s
try  5 · gen    2 · best      6.2 · elite    -47.5 · median   -107.4 · years  41.0 · road 0.25 · starved  1784 · nobles  -1.9 · read 102.2 · walls  3.6 · fell 94.3% (mother 62.3%) · prince  0.0% · king  0.0% · crowned  0.0% · 3.9s
try  6 · gen    2 · best     -9.6 · elite    -45.3 · median   -106.7 · years  43.4 · road 0.25 · starved  1854 · nobles  -2.4 · read 116.4 · walls  3.7 · fell 93.3% (mother 59.3%) · prince  0.0% · king  0.0% · crowned  0.0% · 3.9s
try  7 · gen    2 · best      6.0 · elite    -40.3 · median   -106.2 · years  40.7 · road 0.25 · starved  1779 · nobles  -2.0 · read 109.1 · walls  3.4 · fell 93.5% (mother 59.5%) · prince  0.0% · king  0.0% · crowned  0.0% · 3.9s
try  8 · gen    2 · best     13.1 · elite    -39.5 · median   -108.1 · years  41.0 · road 0.25 · starved  1786 · nobles  -2.3 · read 105.3 · walls  2.9 · fell 93.9% (mother 62.1%) · prince  0.0% · king  0.0% · crowned  0.0% · 3.9s
try  1 · gen    3 · best     13.3 · elite    -45.0 · median   -105.5 · years  47.6 · road 0.25 · starved  1921 · nobles  -2.6 · read 127.5 · walls  3.7 · fell 88.2% (mother 48.8%) · prince  0.0% · king  0.0% · crowned  0.0% · 4.2s
try  2 · gen    3 · best      3.0 · elite    -39.8 · median   -104.1 · years  49.3 · road 0.24 · starved  1868 · nobles  -1.7 · read 129.6 · walls  3.9 · fell 81.3% (mother 44.3%) · prince  0.0% · king  0.0% · crowned  0.0% · 4.2s
try  3 · gen    3 · best      4.4 · elite    -44.7 · median   -105.3 · years  47.7 · road 0.23 · starved  1822 · nobles  -2.2 · read 137.8 · walls  3.0 · fell 87.4% (mother 44.8%) · prince  0.0% · king  0.0% · crowned  0.0% · 4.2s
try  4 · gen    3 · best     22.8 · elite    -43.3 · median   -104.6 · years  46.6 · road 0.24 · starved  1834 · nobles  -1.7 · read 119.4 · walls  3.8 · fell 87.7% (mother 50.6%) · prince  0.0% · king  0.0% · crowned  0.0% · 4.2s
try  5 · gen    3 · best     29.9 · elite    -42.0 · median   -104.5 · years  49.4 · road 0.23 · starved  1899 · nobles  -2.0 · read 133.7 · walls  3.8 · fell 86.1% (mother 50.0%) · prince  0.0% · king  0.0% · crowned  0.0% · 4.2s
try  6 · gen    3 · best     18.1 · elite    -46.3 · median   -105.2 · years  49.6 · road 0.24 · starved  1905 · nobles  -1.9 · read 142.4 · walls  3.9 · fell 85.1% (mother 45.2%) · prince  0.0% · king  0.0% · crowned  0.0% · 4.2s
try  7 · gen    3 · best     15.1 · elite    -40.1 · median   -103.3 · years  47.9 · road 0.25 · starved  1857 · nobles  -1.7 · read 129.3 · walls  3.7 · fell 85.9% (mother 43.1%) · prince  0.0% · king  0.0% · crowned  0.0% · 4.2s
try  8 · gen    3 · best     24.5 · elite    -25.6 · median    -99.9 · years  49.6 · road 0.27 · starved  1882 · nobles  -2.2 · read 113.0 · walls  3.6 · fell 83.3% (mother 43.0%) · prince  0.0% · king  0.0% · crowned  0.0% · 4.2s
try  1 · gen    4 · best      7.0 · elite    -44.5 · median   -101.9 · years  51.6 · road 0.24 · starved  1925 · nobles  -2.3 · read 138.4 · walls  4.0 · fell 81.8% (mother 39.2%) · prince  0.0% · king  0.0% · crowned  0.0% · 4.3s
try  2 · gen    4 · best     20.9 · elite    -35.8 · median   -100.8 · years  50.3 · road 0.23 · starved  1791 · nobles  -1.1 · read 138.3 · walls  3.8 · fell 74.1% (mother 33.3%) · prince  0.0% · king  0.0% · crowned  0.0% · 4.3s
try  3 · gen    4 · best     16.8 · elite    -39.2 · median   -101.6 · years  49.8 · road 0.23 · starved  1839 · nobles  -2.3 · read 142.9 · walls  3.2 · fell 81.3% (mother 34.5%) · prince  0.0% · king  0.0% · crowned  0.0% · 4.3s
try  4 · gen    4 · best      3.0 · elite    -43.2 · median   -104.9 · years  49.8 · road 0.22 · starved  1820 · nobles  -1.3 · read 132.9 · walls  3.9 · fell 77.7% (mother 39.2%) · prince  0.0% · king  0.0% · crowned  0.0% · 4.3s
try  5 · gen    4 · best      0.2 · elite    -38.4 · median   -102.5 · years  51.6 · road 0.24 · starved  1872 · nobles  -2.5 · read 136.8 · walls  4.0 · fell 80.0% (mother 40.8%) · prince  0.0% · king  0.0% · crowned  0.0% · 4.3s
try  6 · gen    4 · best     28.6 · elite    -43.5 · median   -102.2 · years  50.7 · road 0.24 · starved  1856 · nobles  -2.0 · read 149.1 · walls  3.8 · fell 79.6% (mother 38.8%) · prince  0.0% · king  0.0% · crowned  0.0% · 4.3s
try  7 · gen    4 · best     21.7 · elite    -41.8 · median   -103.3 · years  50.5 · road 0.24 · starved  1822 · nobles  -1.4 · read 135.8 · walls  3.3 · fell 78.6% (mother 32.2%) · prince  0.0% · king  0.0% · crowned  0.0% · 4.3s
try  8 · gen    4 · best     19.5 · elite    -22.6 · median    -94.5 · years  55.3 · road 0.28 · starved  1907 · nobles  -1.9 · read 111.3 · walls  3.7 · fell 68.4% (mother 26.7%) · prince  0.0% · king  0.0% · crowned  0.0% · 4.3s
try  1 · gen    5 · best     28.1 · elite    -40.4 · median   -103.1 · years  51.3 · road 0.24 · starved  1885 · nobles  -2.0 · read 133.2 · walls  3.9 · fell 78.8% (mother 32.0%) · prince  0.0% · king  0.0% · crowned  0.0% · 4.4s
try  2 · gen    5 · best     12.0 · elite    -34.3 · median   -101.4 · years  50.7 · road 0.23 · starved  1779 · nobles  -1.0 · read 147.9 · walls  3.5 · fell 70.8% (mother 27.5%) · prince  0.0% · king  0.0% · crowned  0.0% · 4.4s
try  3 · gen    5 · best     23.5 · elite    -34.9 · median   -103.0 · years  49.6 · road 0.23 · starved  1768 · nobles  -2.0 · read 141.4 · walls  3.4 · fell 78.6% (mother 29.9%) · prince  0.0% · king  0.0% · crowned  0.0% · 4.4s
try  4 · gen    5 · best     16.7 · elite    -44.2 · median   -104.3 · years  49.5 · road 0.22 · starved  1789 · nobles  -1.3 · read 135.1 · walls  4.1 · fell 76.9% (mother 34.9%) · prince  0.0% · king  0.0% · crowned  0.0% · 4.4s
try  5 · gen    5 · best     17.9 · elite    -33.3 · median    -97.1 · years  55.5 · road 0.24 · starved  1885 · nobles  -2.9 · read 139.6 · walls  4.1 · fell 71.6% (mother 31.6%) · prince  0.0% · king  0.0% · crowned  0.0% · 4.4s
try  6 · gen    5 · best     12.5 · elite    -37.6 · median    -98.4 · years  51.0 · road 0.25 · starved  1835 · nobles  -2.0 · read 145.2 · walls  4.1 · fell 78.4% (mother 37.0%) · prince  0.0% · king  0.0% · crowned  0.0% · 4.4s
try  7 · gen    5 · best     14.6 · elite    -34.0 · median   -101.8 · years  49.6 · road 0.24 · starved  1805 · nobles  -1.7 · read 134.3 · walls  3.2 · fell 81.4% (mother 27.5%) · prince  0.0% · king  0.0% · crowned  0.0% · 4.4s
try  8 · gen    5 · best     26.9 · elite    -16.8 · median    -93.5 · years  56.1 · road 0.29 · starved  1908 · nobles  -1.8 · read 107.2 · walls  4.2 · fell 63.1% (mother 20.4%) · prince  0.0% · king  0.0% · crowned  0.0% · 4.4s
try  1 · gen    6 · best     25.9 · elite    -36.8 · median   -104.0 · years  51.2 · road 0.23 · starved  1840 · nobles  -1.6 · read 126.8 · walls  4.0 · fell 77.1% (mother 27.3%) · prince  0.0% · king  0.0% · crowned  0.0% · 4.3s
try  2 · gen    6 · best     21.3 · elite    -30.6 · median   -100.2 · years  50.7 · road 0.23 · starved  1764 · nobles  -1.0 · read 147.7 · walls  3.4 · fell 69.4% (mother 26.5%) · prince  0.0% · king  0.0% · crowned  0.0% · 4.3s
try  3 · gen    6 · best     21.6 · elite    -36.3 · median   -100.7 · years  51.1 · road 0.23 · starved  1789 · nobles  -2.2 · read 142.2 · walls  3.1 · fell 76.2% (mother 26.4%) · prince  0.0% · king  0.0% · crowned  0.0% · 4.3s
try  4 · gen    6 · best     22.3 · elite    -40.8 · median   -101.7 · years  53.5 · road 0.22 · starved  1849 · nobles  -1.3 · read 147.6 · walls  4.1 · fell 70.3% (mother 29.6%) · prince  0.0% · king  0.0% · crowned  0.0% · 4.3s
try  5 · gen    6 · best     15.8 · elite    -27.6 · median    -97.3 · years  53.8 · road 0.25 · starved  1841 · nobles  -3.3 · read 143.6 · walls  4.3 · fell 70.7% (mother 28.2%) · prince  0.0% · king  0.0% · crowned  0.0% · 4.3s
try  6 · gen    6 · best     29.1 · elite    -30.9 · median    -97.6 · years  51.4 · road 0.25 · starved  1819 · nobles  -1.9 · read 145.3 · walls  4.1 · fell 76.8% (mother 34.6%) · prince  0.0% · king  0.0% · crowned  0.0% · 4.3s
try  7 · gen    6 · best     16.1 · elite    -33.0 · median   -102.9 · years  47.3 · road 0.24 · starved  1764 · nobles  -1.6 · read 123.1 · walls  3.2 · fell 82.0% (mother 25.3%) · prince  0.0% · king  0.0% · crowned  0.0% · 4.3s
try  8 · gen    6 · best     63.3 · elite    -16.2 · median    -91.3 · years  56.1 · road 0.29 · starved  1914 · nobles  -2.0 · read 111.3 · walls  4.2 · fell 61.8% (mother 18.2%) · prince  0.0% · king  0.0% · crowned  0.0% · 4.3s
try  1 · gen    7 · best      6.2 · elite    -37.0 · median    -98.4 · years  51.7 · road 0.25 · starved  1865 · nobles  -2.2 · read 130.8 · walls  4.2 · fell 78.5% (mother 26.6%) · prince  0.0% · king  0.0% · crowned  0.0% · 4.4s
try  2 · gen    7 · best     29.0 · elite    -23.8 · median    -93.8 · years  53.1 · road 0.24 · starved  1772 · nobles  -1.7 · read 153.0 · walls  4.1 · fell 67.9% (mother 25.5%) · prince  0.0% · king  0.0% · crowned  0.0% · 4.4s
try  3 · gen    7 · best     21.2 · elite    -32.7 · median   -101.6 · years  50.3 · road 0.23 · starved  1765 · nobles  -2.0 · read 137.8 · walls  3.2 · fell 76.4% (mother 23.5%) · prince  0.0% · king  0.0% · crowned  0.0% · 4.4s
try  4 · gen    7 · best     35.6 · elite    -35.5 · median   -101.1 · years  51.9 · road 0.23 · starved  1799 · nobles  -1.6 · read 140.9 · walls  4.0 · fell 73.2% (mother 28.8%) · prince  0.0% · king  0.0% · crowned  0.0% · 4.4s
try  5 · gen    7 · best     30.8 · elite    -27.3 · median    -95.0 · years  53.9 · road 0.26 · starved  1821 · nobles  -3.4 · read 155.6 · walls  4.4 · fell 70.3% (mother 23.4%) · prince  0.0% · king  0.0% · crowned  0.0% · 4.4s
try  6 · gen    7 · best     18.1 · elite    -27.2 · median    -93.5 · years  53.5 · road 0.26 · starved  1839 · nobles  -2.0 · read 153.7 · walls  4.2 · fell 72.3% (mother 29.3%) · prince  0.0% · king  0.0% · crowned  0.0% · 4.4s
try  7 · gen    7 · best     17.1 · elite    -29.3 · median   -101.7 · years  47.1 · road 0.24 · starved  1745 · nobles  -1.7 · read 120.6 · walls  2.9 · fell 83.4% (mother 25.7%) · prince  0.0% · king  0.0% · crowned  0.0% · 4.4s
try  8 · gen    7 · best     58.2 · elite    -14.6 · median    -86.7 · years  56.4 · road 0.30 · starved  1897 · nobles  -2.4 · read 111.1 · walls  4.6 · fell 61.5% (mother 17.0%) · prince  0.0% · king  0.0% · crowned  0.0% · 4.4s
try  1 · gen    8 · best     24.2 · elite    -36.6 · median    -98.4 · years  48.8 · road 0.26 · starved  1808 · nobles  -2.2 · read 116.3 · walls  4.5 · fell 81.3% (mother 29.6%) · prince  0.0% · king  0.0% · crowned  0.0% · 4.3s
try  2 · gen    8 · best     12.7 · elite    -25.2 · median    -91.3 · years  53.3 · road 0.25 · starved  1738 · nobles  -2.3 · read 152.4 · walls  4.5 · fell 68.2% (mother 25.9%) · prince  0.0% · king  0.0% · crowned  0.0% · 4.3s
try  3 · gen    8 · best     21.5 · elite    -28.2 · median    -98.1 · years  49.2 · road 0.24 · starved  1744 · nobles  -2.2 · read 123.0 · walls  3.3 · fell 78.2% (mother 25.3%) · prince  0.0% · king  0.0% · crowned  0.0% · 4.3s
try  4 · gen    8 · best     20.3 · elite    -31.9 · median    -99.3 · years  51.7 · road 0.25 · starved  1821 · nobles  -2.1 · read 133.7 · walls  4.1 · fell 74.7% (mother 28.2%) · prince  0.0% · king  0.0% · crowned  0.0% · 4.3s
try  5 · gen    8 · best     41.4 · elite    -19.3 · median    -92.7 · years  52.6 · road 0.26 · starved  1799 · nobles  -3.2 · read 161.8 · walls  4.7 · fell 71.8% (mother 22.8%) · prince  0.0% · king  0.0% · crowned  0.0% · 4.3s
try  6 · gen    8 · best     63.3 · elite    -19.0 · median    -88.0 · years  57.0 · road 0.28 · starved  1892 · nobles  -2.2 · read 163.0 · walls  4.4 · fell 70.5% (mother 24.7%) · prince  0.0% · king  0.0% · crowned  0.0% · 4.3s
try  7 · gen    8 · best      9.7 · elite    -33.1 · median   -102.0 · years  45.9 · road 0.24 · starved  1746 · nobles  -1.9 · read 118.3 · walls  3.0 · fell 84.9% (mother 24.8%) · prince  0.0% · king  0.0% · crowned  0.0% · 4.3s
try  8 · gen    8 · best     55.3 · elite    -15.8 · median    -88.9 · years  54.4 · road 0.30 · starved  1872 · nobles  -2.7 · read 104.5 · walls  4.5 · fell 64.7% (mother 17.0%) · prince  0.0% · king  0.0% · crowned  0.0% · 4.3s
try  1 · gen    9 · best     22.5 · elite    -29.2 · median    -96.8 · years  48.8 · road 0.26 · starved  1803 · nobles  -2.5 · read 114.2 · walls  4.8 · fell 80.1% (mother 26.5%) · prince  0.0% · king  0.0% · crowned  0.0% · 4.3s
try  2 · gen    9 · best     55.9 · elite    -24.2 · median    -90.5 · years  54.0 · road 0.26 · starved  1720 · nobles  -2.6 · read 154.9 · walls  4.9 · fell 67.4% (mother 24.3%) · prince  0.0% · king  0.0% · crowned  0.0% · 4.3s
try  3 · gen    9 · best     22.1 · elite    -30.0 · median    -97.7 · years  49.3 · road 0.25 · starved  1722 · nobles  -2.1 · read 118.1 · walls  3.4 · fell 76.8% (mother 24.9%) · prince  0.0% · king  0.0% · crowned  0.0% · 4.3s
try  4 · gen    9 · best     28.6 · elite    -29.8 · median    -99.6 · years  48.3 · road 0.26 · starved  1777 · nobles  -2.1 · read 118.4 · walls  4.0 · fell 79.1% (mother 29.2%) · prince  0.0% · king  0.0% · crowned  0.0% · 4.3s
try  5 · gen    9 · best     65.9 · elite    -20.7 · median    -91.7 · years  52.7 · road 0.27 · starved  1789 · nobles  -3.3 · read 159.3 · walls  4.7 · fell 70.4% (mother 20.0%) · prince  0.0% · king  0.0% · crowned  0.0% · 4.3s
try  6 · gen    9 · best     51.6 · elite    -17.4 · median    -84.8 · years  54.5 · road 0.30 · starved  1828 · nobles  -2.2 · read 157.0 · walls  4.3 · fell 73.6% (mother 21.0%) · prince  0.0% · king  0.0% · crowned  0.0% · 4.3s
try  7 · gen    9 · best     32.6 · elite    -34.4 · median   -104.4 · years  42.9 · road 0.24 · starved  1682 · nobles  -1.9 · read 106.7 · walls  3.3 · fell 87.0% (mother 23.9%) · prince  0.0% · king  0.0% · crowned  0.0% · 4.3s
try  8 · gen    9 · best     35.4 · elite    -12.5 · median    -85.6 · years  54.7 · road 0.31 · starved  1853 · nobles  -3.0 · read 105.5 · walls  4.5 · fell 66.2% (mother 18.7%) · prince  0.0% · king  0.0% · crowned  0.0% · 4.3s
try  1 · gen   10 · best     40.3 · elite    -26.2 · median    -96.0 · years  49.0 · road 0.27 · starved  1793 · nobles  -2.4 · read 122.2 · walls  4.9 · fell 79.1% (mother 27.7%) · prince  0.0% · king  0.0% · crowned  0.0% · 4.3s
try  2 · gen   10 · best     40.8 · elite    -16.1 · median    -86.1 · years  55.9 · road 0.27 · starved  1753 · nobles  -3.2 · read 154.8 · walls  5.0 · fell 69.7% (mother 26.9%) · prince  0.0% · king  0.0% · crowned  0.0% · 4.3s
try  3 · gen   10 · best     49.5 · elite    -17.1 · median    -95.0 · years  49.7 · road 0.25 · starved  1714 · nobles  -2.4 · read 116.2 · walls  3.5 · fell 77.4% (mother 25.8%) · prince  0.0% · king  0.0% · crowned  0.0% · 4.3s
try  4 · gen   10 · best     39.5 · elite    -23.8 · median    -92.0 · years  48.8 · road 0.28 · starved  1766 · nobles  -2.3 · read 103.5 · walls  4.8 · fell 80.3% (mother 28.3%) · prince  0.0% · king  0.0% · crowned  0.0% · 4.3s
try  5 · gen   10 · best     21.0 · elite    -18.6 · median    -92.9 · years  51.2 · road 0.27 · starved  1752 · nobles  -3.4 · read 154.6 · walls  4.5 · fell 72.5% (mother 19.9%) · prince  0.0% · king  0.0% · crowned  0.0% · 4.3s
try  6 · gen   10 · best     44.3 · elite    -16.3 · median    -81.5 · years  54.4 · road 0.30 · starved  1826 · nobles  -2.8 · read 158.5 · walls  4.3 · fell 76.2% (mother 20.5%) · prince  0.0% · king  0.0% · crowned  0.0% · 4.3s
try  7 · gen   10 · best     17.3 · elite    -30.6 · median   -102.2 · years  42.5 · road 0.25 · starved  1675 · nobles  -2.2 · read 96.5 · walls  3.6 · fell 86.8% (mother 24.9%) · prince  0.0% · king  0.0% · crowned  0.0% · 4.3s
try  8 · gen   10 · best     55.0 · elite    -10.5 · median    -84.5 · years  54.0 · road 0.32 · starved  1842 · nobles  -3.9 · read 101.2 · walls  4.5 · fell 69.3% (mother 18.6%) · prince  0.0% · king  0.0% · crowned  0.0% · 4.3s
try  1 · gen   11 · best     29.2 · elite    -22.7 · median    -90.1 · years  49.7 · road 0.28 · starved  1773 · nobles  -3.2 · read 130.5 · walls  5.1 · fell 78.3% (mother 28.4%) · prince  0.0% · king  0.0% · crowned  0.0% · 4.3s
try  2 · gen   11 · best     29.8 · elite    -15.7 · median    -81.3 · years  57.6 · road 0.27 · starved  1740 · nobles  -3.4 · read 170.3 · walls  5.3 · fell 65.8% (mother 24.1%) · prince  0.0% · king  0.0% · crowned  0.0% · 4.3s
try  3 · gen   11 · best     46.3 · elite    -22.7 · median    -92.5 · years  49.0 · road 0.26 · starved  1717 · nobles  -2.7 · read 114.1 · walls  3.6 · fell 77.0% (mother 22.5%) · prince  0.0% · king  0.0% · crowned  0.0% · 4.3s
try  4 · gen   11 · best     10.0 · elite    -24.9 · median    -89.2 · years  48.0 · road 0.30 · starved  1783 · nobles  -2.9 · read 81.9 · walls  4.7 · fell 81.9% (mother 23.5%) · prince  0.0% · king  0.0% · crowned  0.0% · 4.3s
try  5 · gen   11 · best     48.9 · elite    -11.1 · median    -90.3 · years  51.3 · road 0.28 · starved  1755 · nobles  -3.7 · read 147.6 · walls  4.8 · fell 73.8% (mother 21.4%) · prince  0.1% · king  0.0% · crowned  0.0% · 4.3s
try  6 · gen   11 · best     60.5 · elite     -5.5 · median    -81.9 · years  52.8 · road 0.31 · starved  1788 · nobles  -3.3 · read 161.0 · walls  4.1 · fell 79.5% (mother 18.7%) · prince  0.1% · king  0.0% · crowned  0.0% · 4.3s
try  7 · gen   11 · best     25.1 · elite    -29.9 · median    -93.8 · years  43.9 · road 0.26 · starved  1672 · nobles  -2.5 · read 98.3 · walls  4.1 · fell 86.8% (mother 26.0%) · prince  0.0% · king  0.0% · crowned  0.0% · 4.3s
try  8 · gen   11 · best     51.0 · elite     -7.3 · median    -83.9 · years  53.4 · road 0.32 · starved  1815 · nobles  -3.9 · read 97.9 · walls  4.6 · fell 70.6% (mother 17.9%) · prince  0.0% · king  0.0% · crowned  0.0% · 4.3s
try  1 · gen   12 · best     40.6 · elite    -18.8 · median    -92.5 · years  49.6 · road 0.28 · starved  1759 · nobles  -3.4 · read 137.4 · walls  4.9 · fell 78.2% (mother 25.6%) · prince  0.0% · king  0.0% · crowned  0.0% · 4.3s
try  2 · gen   12 · best     54.4 · elite     -9.0 · median    -79.3 · years  57.8 · road 0.28 · starved  1700 · nobles  -3.7 · read 171.5 · walls  5.3 · fell 61.8% (mother 20.1%) · prince  0.0% · king  0.0% · crowned  0.0% · 4.3s
try  3 · gen   12 · best     30.3 · elite    -14.7 · median    -90.7 · years  49.3 · road 0.26 · starved  1673 · nobles  -2.6 · read 117.9 · walls  3.4 · fell 75.2% (mother 18.1%) · prince  0.0% · king  0.0% · crowned  0.0% · 4.3s
try  4 · gen   12 · best     43.9 · elite    -15.5 · median    -90.4 · years  45.7 · road 0.30 · starved  1756 · nobles  -3.5 · read 65.2 · walls  4.7 · fell 83.1% (mother 23.2%) · prince  0.0% · king  0.0% · crowned  0.0% · 4.3s
try  5 · gen   12 · best     60.1 · elite    -13.3 · median    -85.9 · years  51.0 · road 0.29 · starved  1757 · nobles  -3.3 · read 146.1 · walls  5.4 · fell 73.6% (mother 17.9%) · prince  0.2% · king  0.0% · crowned  0.0% · 4.3s
try  6 · gen   12 · best     51.4 · elite     -5.4 · median    -79.8 · years  51.7 · road 0.31 · starved  1736 · nobles  -3.9 · read 160.3 · walls  4.1 · fell 80.1% (mother 20.0%) · prince  0.2% · king  0.0% · crowned  0.0% · 4.3s
try  7 · gen   12 · best     47.3 · elite    -23.0 · median    -91.6 · years  44.1 · road 0.27 · starved  1629 · nobles  -3.0 · read 94.7 · walls  4.4 · fell 85.7% (mother 29.0%) · prince  0.1% · king  0.0% · crowned  0.0% · 4.3s
try  8 · gen   12 · best     59.0 · elite     -8.6 · median    -80.5 · years  53.0 · road 0.33 · starved  1806 · nobles  -4.5 · read 96.2 · walls  4.9 · fell 73.1% (mother 18.6%) · prince  0.0% · king  0.0% · crowned  0.0% · 4.3s
try  1 · gen   13 · best     26.6 · elite    -23.2 · median    -88.8 · years  47.2 · road 0.28 · starved  1689 · nobles  -3.6 · read 126.2 · walls  4.9 · fell 80.4% (mother 24.8%) · prince  0.0% · king  0.0% · crowned  0.0% · 4.3s
try  2 · gen   13 · best     32.8 · elite     -7.9 · median    -77.7 · years  58.0 · road 0.28 · starved  1693 · nobles  -3.9 · read 166.3 · walls  5.2 · fell 60.3% (mother 18.6%) · prince  0.0% · king  0.0% · crowned  0.0% · 4.3s
try  3 · gen   13 · best     53.6 · elite    -16.9 · median    -90.4 · years  49.4 · road 0.26 · starved  1664 · nobles  -2.9 · read 122.3 · walls  3.2 · fell 75.6% (mother 19.3%) · prince  0.0% · king  0.0% · crowned  0.0% · 4.3s
try  4 · gen   13 · best     40.4 · elite    -19.6 · median    -87.5 · years  46.9 · road 0.31 · starved  1791 · nobles  -4.2 · read 59.0 · walls  4.6 · fell 83.8% (mother 23.3%) · prince  0.0% · king  0.0% · crowned  0.0% · 4.3s
try  5 · gen   13 · best     39.9 · elite     -7.8 · median    -83.4 · years  49.5 · road 0.30 · starved  1734 · nobles  -3.0 · read 135.5 · walls  5.6 · fell 79.2% (mother 21.7%) · prince  0.4% · king  0.1% · crowned  0.0% · 4.3s
try  6 · gen   13 · best     67.5 · elite      3.6 · median    -79.9 · years  51.5 · road 0.30 · starved  1737 · nobles  -3.7 · read 158.4 · walls  4.2 · fell 79.7% (mother 16.0%) · prince  0.5% · king  0.0% · crowned  0.0% · 4.3s
try  7 · gen   13 · best     47.1 · elite    -20.8 · median    -91.5 · years  43.8 · road 0.28 · starved  1607 · nobles  -3.4 · read 94.2 · walls  4.7 · fell 85.4% (mother 26.8%) · prince  0.1% · king  0.0% · crowned  0.0% · 4.3s
try  8 · gen   13 · best     39.6 · elite    -10.7 · median    -79.1 · years  51.2 · road 0.34 · starved  1788 · nobles  -4.8 · read 93.9 · walls  5.1 · fell 77.4% (mother 21.4%) · prince  0.0% · king  0.0% · crowned  0.0% · 4.3s
try  1 · gen   14 · best     44.8 · elite    -17.2 · median    -86.1 · years  50.3 · road 0.28 · starved  1690 · nobles  -3.6 · read 132.9 · walls  4.8 · fell 77.4% (mother 25.0%) · prince  0.0% · king  0.0% · crowned  0.0% · 4.2s
try  2 · gen   14 · best     62.1 · elite     -6.4 · median    -76.0 · years  56.4 · road 0.29 · starved  1638 · nobles  -3.7 · read 157.1 · walls  5.1 · fell 61.5% (mother 18.0%) · prince  0.0% · king  0.0% · crowned  0.0% · 4.2s
try  3 · gen   14 · best     37.3 · elite     -9.3 · median    -82.1 · years  49.0 · road 0.27 · starved  1605 · nobles  -3.1 · read 120.9 · walls  3.6 · fell 77.8% (mother 20.1%) · prince  0.0% · king  0.0% · crowned  0.0% · 4.2s
try  4 · gen   14 · best     30.4 · elite    -22.7 · median    -89.4 · years  44.9 · road 0.31 · starved  1760 · nobles  -4.1 · read 58.0 · walls  4.8 · fell 84.3% (mother 23.2%) · prince  0.0% · king  0.0% · crowned  0.0% · 4.2s
try  5 · gen   14 · best     85.6 · elite     -2.1 · median    -82.7 · years  49.1 · road 0.30 · starved  1699 · nobles  -3.2 · read 135.2 · walls  5.3 · fell 80.8% (mother 21.4%) · prince  1.0% · king  0.1% · crowned  0.0% · 4.2s
try  6 · gen   14 · best    122.3 · elite      7.0 · median    -79.4 · years  49.1 · road 0.30 · starved  1659 · nobles  -3.3 · read 148.6 · walls  4.1 · fell 80.5% (mother 13.1%) · prince  0.5% · king  0.1% · crowned  0.0% · 4.2s
try  7 · gen   14 · best     36.0 · elite    -11.3 · median    -87.0 · years  45.5 · road 0.29 · starved  1635 · nobles  -4.1 · read 95.7 · walls  4.6 · fell 83.6% (mother 24.9%) · prince  0.2% · king  0.0% · crowned  0.0% · 4.2s
try  8 · gen   14 · best     28.6 · elite    -12.5 · median    -80.8 · years  48.7 · road 0.34 · starved  1759 · nobles  -4.8 · read 89.0 · walls  5.1 · fell 80.3% (mother 22.5%) · prince  0.0% · king  0.0% · crowned  0.0% · 4.2s
try  1 · gen   15 · best     47.1 · elite    -15.9 · median    -85.6 · years  47.3 · road 0.28 · starved  1610 · nobles  -3.6 · read 119.8 · walls  4.6 · fell 80.5% (mother 28.6%) · prince  0.1% · king  0.0% · crowned  0.0% · 4.2s
try  2 · gen   15 · best     63.2 · elite     -2.1 · median    -74.1 · years  57.8 · road 0.29 · starved  1658 · nobles  -4.0 · read 157.3 · walls  5.1 · fell 61.2% (mother 17.1%) · prince  0.0% · king  0.0% · crowned  0.0% · 4.2s
try  3 · gen   15 · best     67.3 · elite     -2.2 · median    -79.4 · years  49.1 · road 0.29 · starved  1550 · nobles  -3.6 · read 112.7 · walls  3.4 · fell 76.4% (mother 19.5%) · prince  0.3% · king  0.0% · crowned  0.0% · 4.2s
try  4 · gen   15 · best     23.3 · elite    -20.3 · median    -87.5 · years  45.4 · road 0.31 · starved  1749 · nobles  -4.1 · read 61.8 · walls  5.1 · fell 84.0% (mother 23.8%) · prince  0.0% · king  0.0% · crowned  0.0% · 4.2s
try  5 · gen   15 · best    200.0 · elite      5.6 · median    -80.0 · years  45.7 · road 0.30 · starved  1635 · nobles  -3.2 · read 118.2 · walls  5.2 · fell 83.1% (mother 21.0%) · prince  1.2% · king  0.2% · crowned  0.1% (median year 89) · 4.2s
try  6 · gen   15 · best    106.4 · elite     14.8 · median    -76.8 · years  49.2 · road 0.30 · starved  1630 · nobles  -3.4 · read 145.6 · walls  4.2 · fell 81.1% (mother 13.7%) · prince  0.9% · king  0.1% · crowned  0.0% · 4.2s
try  7 · gen   15 · best     34.9 · elite    -10.1 · median    -83.7 · years  44.9 · road 0.29 · starved  1559 · nobles  -4.1 · read 93.9 · walls  4.8 · fell 81.5% (mother 21.9%) · prince  0.1% · king  0.0% · crowned  0.0% · 4.2s
try  8 · gen   15 · best     47.8 · elite    -13.5 · median    -80.0 · years  47.1 · road 0.33 · starved  1743 · nobles  -4.7 · read 85.6 · walls  5.2 · fell 83.4% (mother 24.4%) · prince  0.0% · king  0.0% · crowned  0.0% · 4.2s
try  1 · gen   16 · best     49.3 · elite    -15.0 · median    -83.6 · years  47.4 · road 0.28 · starved  1613 · nobles  -3.8 · read 117.6 · walls  4.8 · fell 78.4% (mother 25.7%) · prince  0.2% · king  0.0% · crowned  0.0% · 4.2s
try  2 · gen   16 · best     58.7 · elite      1.4 · median    -72.5 · years  57.7 · road 0.30 · starved  1648 · nobles  -4.4 · read 154.4 · walls  4.9 · fell 62.0% (mother 18.0%) · prince  0.0% · king  0.0% · crowned  0.0% · 4.2s
try  3 · gen   16 · best     88.6 · elite     -1.6 · median    -71.8 · years  49.7 · road 0.30 · starved  1556 · nobles  -4.4 · read 110.5 · walls  3.3 · fell 75.8% (mother 21.3%) · prince  0.4% · king  0.0% · crowned  0.0% · 4.2s
try  4 · gen   16 · best     20.9 · elite    -25.6 · median    -86.4 · years  43.9 · road 0.31 · starved  1711 · nobles  -4.1 · read 60.6 · walls  5.1 · fell 85.2% (mother 23.7%) · prince  0.0% · king  0.0% · crowned  0.0% · 4.2s
try  5 · gen   16 · best    235.7 · elite      8.3 · median    -76.5 · years  43.5 · road 0.30 · starved  1535 · nobles  -3.3 · read 105.4 · walls  4.5 · fell 82.8% (mother 22.5%) · prince  1.9% · king  0.2% · crowned  0.1% (median year 91) · 4.2s
try  6 · gen   16 · best    175.0 · elite     23.8 · median    -72.1 · years  48.5 · road 0.31 · starved  1551 · nobles  -3.1 · read 138.2 · walls  4.5 · fell 81.1% (mother 13.2%) · prince  1.5% · king  0.4% · crowned  0.0% (median year 78) · 4.2s
try  7 · gen   16 · best     69.2 · elite     -9.7 · median    -83.4 · years  44.9 · road 0.31 · starved  1597 · nobles  -4.3 · read 95.8 · walls  5.2 · fell 81.2% (mother 21.6%) · prince  0.2% · king  0.0% · crowned  0.0% · 4.2s
try  8 · gen   16 · best     51.1 · elite    -15.6 · median    -78.7 · years  45.5 · road 0.33 · starved  1671 · nobles  -4.6 · read 80.7 · walls  5.1 · fell 83.7% (mother 26.1%) · prince  0.0% · king  0.0% · crowned  0.0% · 4.2s
try  1 · gen   17 · best     48.3 · elite     -9.6 · median    -82.1 · years  49.4 · road 0.28 · starved  1624 · nobles  -3.7 · read 125.6 · walls  4.8 · fell 77.7% (mother 24.7%) · prince  0.3% · king  0.0% · crowned  0.0% · 4.2s
try  2 · gen   17 · best     64.4 · elite      5.4 · median    -68.7 · years  56.8 · road 0.30 · starved  1621 · nobles  -5.0 · read 142.9 · walls  5.0 · fell 63.6% (mother 19.8%) · prince  0.0% · king  0.0% · crowned  0.0% · 4.2s
try  3 · gen   17 · best     84.8 · elite     12.6 · median    -67.6 · years  51.9 · road 0.31 · starved  1543 · nobles  -5.0 · read 120.8 · walls  3.4 · fell 72.0% (mother 21.9%) · prince  0.3% · king  0.0% · crowned  0.0% · 4.2s
try  4 · gen   17 · best     40.0 · elite    -19.9 · median    -85.4 · years  44.3 · road 0.31 · starved  1708 · nobles  -4.6 · read 61.8 · walls  5.1 · fell 84.7% (mother 25.6%) · prince  0.1% · king  0.0% · crowned  0.0% · 4.2s
try  5 · gen   17 · best    267.6 · elite     28.4 · median    -74.8 · years  44.2 · road 0.31 · starved  1518 · nobles  -3.5 · read 106.8 · walls  4.3 · fell 83.2% (mother 24.8%) · prince  2.5% · king  0.8% · crowned  0.2% (median year 89) · 4.2s
try  6 · gen   17 · best    163.3 · elite     27.8 · median    -71.1 · years  45.5 · road 0.31 · starved  1482 · nobles  -2.8 · read 125.9 · walls  4.8 · fell 83.5% (mother 13.1%) · prince  2.3% · king  0.5% · crowned  0.1% (median year 96) · 4.2s
try  7 · gen   17 · best     59.1 · elite     -4.5 · median    -79.3 · years  47.5 · road 0.31 · starved  1621 · nobles  -4.8 · read 100.5 · walls  5.7 · fell 76.9% (mother 20.0%) · prince  0.1% · king  0.0% · crowned  0.0% · 4.2s
try  8 · gen   17 · best     51.2 · elite     -9.8 · median    -79.8 · years  46.8 · road 0.33 · starved  1701 · nobles  -4.8 · read 83.5 · walls  5.2 · fell 84.3% (mother 26.2%) · prince  0.1% · king  0.0% · crowned  0.0% · 4.2s
try  1 · gen   18 · best     62.6 · elite    -11.9 · median    -76.6 · years  49.5 · road 0.29 · starved  1623 · nobles  -3.6 · read 123.7 · walls  5.5 · fell 77.6% (mother 24.8%) · prince  0.3% · king  0.0% · crowned  0.0% · 4.2s
try  2 · gen   18 · best     52.1 · elite      8.7 · median    -66.3 · years  57.4 · road 0.31 · starved  1554 · nobles  -5.6 · read 147.1 · walls  5.3 · fell 60.3% (mother 19.5%) · prince  0.0% · king  0.0% · crowned  0.0% · 4.2s
try  3 · gen   18 · best     76.2 · elite     13.2 · median    -65.9 · years  53.2 · road 0.31 · starved  1527 · nobles  -5.1 · read 134.1 · walls  3.5 · fell 69.8% (mother 19.8%) · prince  0.7% · king  0.0% · crowned  0.0% · 4.2s
try  4 · gen   18 · best     38.7 · elite    -18.8 · median    -82.4 · years  42.6 · road 0.32 · starved  1625 · nobles  -4.6 · read 60.1 · walls  5.1 · fell 85.0% (mother 27.1%) · prince  0.1% · king  0.0% · crowned  0.0% · 4.2s
try  5 · gen   18 · best    347.3 · elite     42.5 · median    -68.7 · years  43.4 · road 0.31 · starved  1462 · nobles  -4.0 · read 100.5 · walls  4.0 · fell 83.6% (mother 25.2%) · prince  3.7% · king  1.0% · crowned  0.4% (median year 88) · 4.2s
try  6 · gen   18 · best    173.3 · elite     39.5 · median    -61.4 · years  45.2 · road 0.32 · starved  1430 · nobles  -2.9 · read 119.9 · walls  4.8 · fell 83.4% (mother 17.0%) · prince  3.3% · king  0.9% · crowned  0.2% (median year 87) · 4.2s
try  7 · gen   18 · best     81.0 · elite      2.1 · median    -77.8 · years  48.6 · road 0.31 · starved  1644 · nobles  -4.7 · read 105.9 · walls  5.9 · fell 75.2% (mother 18.1%) · prince  0.1% · king  0.0% · crowned  0.0% · 4.2s
try  8 · gen   18 · best     47.0 · elite    -13.4 · median    -78.4 · years  43.8 · road 0.33 · starved  1655 · nobles  -4.7 · read 78.6 · walls  5.1 · fell 85.6% (mother 27.0%) · prince  0.1% · king  0.0% · crowned  0.0% · 4.2s
try  1 · gen   19 · best     80.7 · elite     -3.5 · median    -75.7 · years  47.7 · road 0.29 · starved  1526 · nobles  -3.4 · read 123.0 · walls  5.3 · fell 79.1% (mother 26.2%) · prince  0.7% · king  0.0% · crowned  0.0% · 4.2s
try  2 · gen   19 · best     82.8 · elite     13.8 · median    -63.3 · years  58.9 · road 0.31 · starved  1564 · nobles  -6.3 · read 160.1 · walls  5.8 · fell 56.2% (mother 16.1%) · prince  0.1% · king  0.0% · crowned  0.0% · 4.2s
try  3 · gen   19 · best     59.1 · elite     12.3 · median    -61.0 · years  52.8 · road 0.31 · starved  1440 · nobles  -4.9 · read 139.4 · walls  3.7 · fell 67.8% (mother 20.6%) · prince  0.9% · king  0.0% · crowned  0.0% · 4.2s
try  4 · gen   19 · best     37.8 · elite    -15.8 · median    -80.8 · years  43.0 · road 0.32 · starved  1614 · nobles  -4.8 · read 61.0 · walls  5.0 · fell 85.7% (mother 28.1%) · prince  0.2% · king  0.0% · crowned  0.0% · 4.2s
try  5 · gen   19 · best    635.4 · elite     68.5 · median    -67.4 · years  42.0 · road 0.31 · starved  1394 · nobles  -3.9 · read 95.9 · walls  4.0 · fell 84.8% (mother 27.7%) · prince  4.7% · king  1.4% · crowned  0.7% (median year 85) · 4.2s
try  6 · gen   19 · best    302.6 · elite     70.0 · median    -59.1 · years  44.9 · road 0.32 · starved  1427 · nobles  -2.6 · read 119.6 · walls  4.5 · fell 84.6% (mother 19.2%) · prince  4.8% · king  1.2% · crowned  0.4% (median year 79) · 4.2s
try  7 · gen   19 · best     75.7 · elite     -0.1 · median    -75.9 · years  47.8 · road 0.32 · starved  1612 · nobles  -4.8 · read 104.3 · walls  6.3 · fell 75.5% (mother 20.6%) · prince  0.2% · king  0.0% · crowned  0.0% · 4.2s
try  8 · gen   19 · best     60.4 · elite     -7.9 · median    -77.2 · years  43.4 · road 0.34 · starved  1632 · nobles  -4.9 · read 77.7 · walls  5.1 · fell 87.4% (mother 28.8%) · prince  0.2% · king  0.0% · crowned  0.0% · 4.2s
try  1 · gen   20 · best     91.0 · elite     -0.7 · median    -71.9 · years  51.6 · road 0.29 · starved  1584 · nobles  -3.5 · read 135.4 · walls  5.2 · fell 76.2% (mother 23.1%) · prince  1.1% · king  0.1% · crowned  0.0% · 4.2s
try  2 · gen   20 · best     86.1 · elite     23.3 · median    -60.3 · years  58.4 · road 0.31 · starved  1489 · nobles  -6.6 · read 166.8 · walls  6.0 · fell 56.4% (mother 18.6%) · prince  0.0% · king  0.0% · crowned  0.0% · 4.2s
try  3 · gen   20 · best    119.2 · elite     17.2 · median    -61.5 · years  53.6 · road 0.31 · starved  1532 · nobles  -5.4 · read 149.3 · walls  3.9 · fell 69.8% (mother 23.4%) · prince  1.0% · king  0.0% · crowned  0.0% · 4.2s
try  4 · gen   20 · best     42.3 · elite    -10.4 · median    -79.4 · years  42.7 · road 0.32 · starved  1593 · nobles  -4.7 · read 60.6 · walls  5.0 · fell 86.1% (mother 25.5%) · prince  0.6% · king  0.0% · crowned  0.0% · 4.2s
try  5 · gen   20 · best    449.1 · elite    109.3 · median    -60.2 · years  41.9 · road 0.31 · starved  1391 · nobles  -3.6 · read 96.2 · walls  3.3 · fell 83.9% (mother 28.3%) · prince  5.9% · king  2.6% · crowned  1.5% (median year 87) · 4.2s
try  6 · gen   20 · best    272.2 · elite     60.8 · median    -59.4 · years  45.1 · road 0.31 · starved  1362 · nobles  -2.4 · read 121.6 · walls  4.0 · fell 83.9% (mother 18.8%) · prince  5.1% · king  1.2% · crowned  0.2% (median year 72) · 4.2s
try  7 · gen   20 · best     94.2 · elite      9.3 · median    -74.5 · years  48.3 · road 0.32 · starved  1609 · nobles  -4.8 · read 106.4 · walls  6.3 · fell 76.3% (mother 21.3%) · prince  0.5% · king  0.0% · crowned  0.0% · 4.2s
try  8 · gen   20 · best     33.7 · elite     -6.2 · median    -72.0 · years  43.4 · road 0.35 · starved  1592 · nobles  -5.1 · read 77.4 · walls  5.0 · fell 86.9% (mother 27.7%) · prince  0.4% · king  0.0% · crowned  0.0% · 4.2s
try  1 · gen   21 · best     54.0 · elite      5.7 · median    -65.4 · years  52.3 · road 0.30 · starved  1519 · nobles  -3.7 · read 137.0 · walls  5.2 · fell 73.7% (mother 25.2%) · prince  1.3% · king  0.1% · crowned  0.0% · 4.2s
try  2 · gen   21 · best    118.8 · elite     31.2 · median    -55.7 · years  58.4 · road 0.31 · starved  1420 · nobles  -7.3 · read 173.3 · walls  5.9 · fell 56.0% (mother 19.7%) · prince  0.2% · king  0.0% · crowned  0.0% · 4.2s
try  3 · gen   21 · best     85.9 · elite     28.6 · median    -60.0 · years  53.4 · road 0.32 · starved  1457 · nobles  -5.4 · read 146.1 · walls  3.8 · fell 68.6% (mother 23.7%) · prince  1.0% · king  0.0% · crowned  0.0% · 4.2s
try  4 · gen   21 · best     68.3 · elite     -9.4 · median    -77.2 · years  42.0 · road 0.32 · starved  1572 · nobles  -4.7 · read 61.9 · walls  5.1 · fell 86.2% (mother 24.9%) · prince  0.9% · king  0.0% · crowned  0.0% (median year 81) · 4.2s
try  5 · gen   21 · best    643.1 · elite    156.9 · median    -61.1 · years  40.3 · road 0.31 · starved  1370 · nobles  -3.3 · read 89.8 · walls  2.5 · fell 84.6% (mother 26.0%) · prince  7.7% · king  4.2% · crowned  2.4% (median year 79) · 4.2s
try  6 · gen   21 · best    303.8 · elite     72.7 · median    -59.5 · years  45.3 · road 0.31 · starved  1395 · nobles  -2.0 · read 123.3 · walls  4.3 · fell 83.6% (mother 20.6%) · prince  5.5% · king  1.0% · crowned  0.4% (median year 82) · 4.2s
try  7 · gen   21 · best     99.2 · elite     13.5 · median    -69.2 · years  47.8 · road 0.33 · starved  1549 · nobles  -5.2 · read 103.8 · walls  6.3 · fell 76.4% (mother 21.3%) · prince  0.9% · king  0.0% · crowned  0.0% · 4.2s
try  8 · gen   21 · best     91.7 · elite     -0.6 · median    -70.2 · years  42.9 · road 0.35 · starved  1536 · nobles  -4.8 · read 73.3 · walls  5.1 · fell 87.7% (mother 31.8%) · prince  0.4% · king  0.0% · crowned  0.0% · 4.2s
try  1 · gen   22 · best    140.0 · elite     13.1 · median    -64.2 · years  52.8 · road 0.30 · starved  1504 · nobles  -3.8 · read 140.5 · walls  5.3 · fell 73.3% (mother 25.5%) · prince  1.7% · king  0.1% · crowned  0.0% (median year 85) · 4.2s
try  2 · gen   22 · best     91.5 · elite     33.7 · median    -49.4 · years  59.3 · road 0.32 · starved  1429 · nobles  -7.8 · read 174.8 · walls  6.2 · fell 56.0% (mother 22.5%) · prince  0.2% · king  0.0% · crowned  0.0% · 4.2s
try  3 · gen   22 · best     94.2 · elite     23.9 · median    -50.9 · years  54.7 · road 0.32 · starved  1413 · nobles  -5.8 · read 146.8 · walls  3.9 · fell 67.2% (mother 21.7%) · prince  1.0% · king  0.0% · crowned  0.0% · 4.2s
try  4 · gen   22 · best     61.0 · elite      0.7 · median    -73.9 · years  41.1 · road 0.32 · starved  1508 · nobles  -4.6 · read 63.6 · walls  5.1 · fell 87.4% (mother 29.1%) · prince  1.5% · king  0.1% · crowned  0.0% · 4.2s
try  5 · gen   22 · best    631.7 · elite    179.8 · median    -60.2 · years  38.9 · road 0.31 · starved  1347 · nobles  -2.5 · read 82.2 · walls  2.6 · fell 85.2% (mother 28.0%) · prince  8.3% · king  5.1% · crowned  3.3% (median year 79) · 4.2s
try  6 · gen   22 · best    282.1 · elite     71.3 · median    -53.4 · years  45.8 · road 0.31 · starved  1359 · nobles  -1.9 · read 124.6 · walls  3.9 · fell 82.1% (mother 19.7%) · prince  5.2% · king  1.4% · crowned  0.5% (median year 85) · 4.2s
try  7 · gen   22 · best    131.1 · elite     26.4 · median    -66.7 · years  47.2 · road 0.34 · starved  1513 · nobles  -5.8 · read 97.8 · walls  6.1 · fell 78.0% (mother 25.0%) · prince  1.6% · king  0.1% · crowned  0.0% · 4.2s
try  8 · gen   22 · best     55.2 · elite      0.9 · median    -70.3 · years  41.4 · road 0.35 · starved  1483 · nobles  -4.6 · read 70.9 · walls  5.1 · fell 87.7% (mother 29.9%) · prince  0.6% · king  0.0% · crowned  0.0% · 4.2s
try  1 · gen   23 · best    124.6 · elite     17.7 · median    -62.1 · years  54.2 · road 0.30 · starved  1522 · nobles  -3.8 · read 147.1 · walls  5.2 · fell 72.9% (mother 26.2%) · prince  2.0% · king  0.2% · crowned  0.0% (median year 95) · 4.2s
try  2 · gen   23 · best    112.3 · elite     42.5 · median    -44.4 · years  57.4 · road 0.32 · starved  1333 · nobles  -8.0 · read 167.4 · walls  6.2 · fell 60.3% (mother 27.3%) · prince  0.3% · king  0.0% · crowned  0.0% · 4.2s
try  3 · gen   23 · best     96.1 · elite     29.7 · median    -51.6 · years  54.9 · road 0.32 · starved  1343 · nobles  -5.8 · read 151.8 · walls  3.9 · fell 65.9% (mother 18.9%) · prince  0.9% · king  0.0% · crowned  0.0% · 4.2s
try  4 · gen   23 · best     66.5 · elite      7.7 · median    -70.3 · years  40.3 · road 0.32 · starved  1428 · nobles  -4.6 · read 61.3 · walls  5.5 · fell 87.7% (mother 33.7%) · prince  1.8% · king  0.1% · crowned  0.0% · 4.2s
try  5 · gen   23 · best    533.8 · elite    184.3 · median    -61.1 · years  37.3 · road 0.31 · starved  1317 · nobles  -2.7 · read 75.1 · walls  2.7 · fell 87.8% (mother 30.8%) · prince  8.5% · king  5.1% · crowned  3.4% (median year 78) · 4.2s
try  6 · gen   23 · best    348.1 · elite     98.3 · median    -58.5 · years  43.8 · road 0.30 · starved  1315 · nobles  -1.8 · read 118.5 · walls  3.8 · fell 83.5% (mother 18.6%) · prince  4.8% · king  1.8% · crowned  0.9% (median year 81) · 4.2s
try  7 · gen   23 · best    167.3 · elite     36.4 · median    -59.5 · years  47.5 · road 0.35 · starved  1472 · nobles  -6.1 · read 93.7 · walls  6.2 · fell 78.6% (mother 25.5%) · prince  2.2% · king  0.3% · crowned  0.0% (median year 76) · 4.2s
try  8 · gen   23 · best     44.0 · elite      3.1 · median    -63.4 · years  42.1 · road 0.36 · starved  1477 · nobles  -4.9 · read 71.5 · walls  4.9 · fell 88.2% (mother 31.8%) · prince  0.9% · king  0.0% · crowned  0.0% · 4.2s
try  1 · gen   24 · best    224.4 · elite     27.2 · median    -55.6 · years  54.0 · road 0.30 · starved  1454 · nobles  -3.8 · read 143.7 · walls  5.1 · fell 71.1% (mother 21.9%) · prince  2.6% · king  0.3% · crowned  0.0% (median year 99) · 4.1s
try  2 · gen   24 · best    122.7 · elite     51.7 · median    -38.6 · years  59.8 · road 0.33 · starved  1304 · nobles  -8.7 · read 177.8 · walls  6.3 · fell 58.8% (mother 29.0%) · prince  0.2% · king  0.0% · crowned  0.0% · 4.1s
try  3 · gen   24 · best     99.6 · elite     35.3 · median    -44.2 · years  55.0 · road 0.34 · starved  1328 · nobles  -6.5 · read 146.3 · walls  4.0 · fell 68.8% (mother 23.7%) · prince  1.6% · king  0.0% · crowned  0.0% · 4.1s
try  4 · gen   24 · best     77.3 · elite      9.0 · median    -66.4 · years  39.2 · road 0.33 · starved  1388 · nobles  -4.8 · read 59.7 · walls  5.3 · fell 89.7% (mother 28.8%) · prince  2.5% · king  0.1% · crowned  0.0% · 4.1s
try  5 · gen   24 · best    509.4 · elite    191.5 · median    -59.9 · years  37.6 · road 0.31 · starved  1315 · nobles  -2.4 · read 76.4 · walls  2.8 · fell 86.9% (mother 28.3%) · prince  8.7% · king  4.8% · crowned  3.3% (median year 77) · 4.1s
try  6 · gen   24 · best    340.7 · elite    106.1 · median    -51.0 · years  43.6 · road 0.31 · starved  1297 · nobles  -1.6 · read 118.3 · walls  3.9 · fell 82.9% (mother 22.7%) · prince  5.7% · king  2.5% · crowned  1.4% (median year 79) · 4.1s
try  7 · gen   24 · best    171.3 · elite     44.0 · median    -57.9 · years  46.4 · road 0.35 · starved  1423 · nobles  -5.7 · read 90.3 · walls  6.6 · fell 79.0% (mother 24.7%) · prince  3.1% · king  0.5% · crowned  0.1% (median year 81) · 4.1s
try  8 · gen   24 · best    112.1 · elite     19.2 · median    -59.0 · years  40.5 · road 0.36 · starved  1390 · nobles  -5.2 · read 68.0 · walls  4.9 · fell 87.7% (mother 32.3%) · prince  1.5% · king  0.0% · crowned  0.0% · 4.1s
try  1 · gen   25 · best     81.9 · elite     30.4 · median    -49.0 · years  55.3 · road 0.31 · starved  1473 · nobles  -4.3 · read 144.3 · walls  5.2 · fell 72.7% (mother 24.8%) · prince  3.3% · king  0.3% · crowned  0.0% · 4.2s
try  2 · gen   25 · best    133.9 · elite     55.7 · median    -37.3 · years  58.2 · road 0.33 · starved  1231 · nobles  -8.3 · read 170.9 · walls  6.3 · fell 59.7% (mother 27.8%) · prince  0.1% · king  0.0% · crowned  0.0% (median year 90) · 4.2s
try  3 · gen   25 · best     98.0 · elite     41.4 · median    -44.9 · years  54.7 · road 0.34 · starved  1299 · nobles  -6.3 · read 145.3 · walls  4.0 · fell 67.0% (mother 20.4%) · prince  2.0% · king  0.1% · crowned  0.0% · 4.2s
try  4 · gen   25 · best    118.9 · elite      9.5 · median    -64.9 · years  38.8 · road 0.32 · starved  1316 · nobles  -4.9 · read 61.7 · walls  5.2 · fell 89.7% (mother 29.5%) · prince  2.4% · king  0.0% · crowned  0.0% · 4.2s
try  5 · gen   25 · best    640.4 · elite    237.2 · median    -56.7 · years  38.4 · road 0.32 · starved  1328 · nobles  -2.2 · read 75.2 · walls  2.5 · fell 85.7% (mother 26.5%) · prince  9.7% · king  6.1% · crowned  4.0% (median year 73) · 4.2s
try  6 · gen   25 · best    474.9 · elite    132.9 · median    -56.8 · years  40.8 · road 0.30 · starved  1341 · nobles  -1.2 · read 110.9 · walls  3.1 · fell 84.6% (mother 26.0%) · prince  6.9% · king  3.3% · crowned  2.0% (median year 76) · 4.2s
try  7 · gen   25 · best    135.1 · elite     43.0 · median    -52.0 · years  46.1 · road 0.35 · starved  1381 · nobles  -5.5 · read 85.7 · walls  6.9 · fell 77.6% (mother 25.4%) · prince  3.7% · king  0.4% · crowned  0.1% (median year 80) · 4.2s
try  8 · gen   25 · best    108.2 · elite     24.9 · median    -57.9 · years  40.7 · road 0.36 · starved  1360 · nobles  -5.9 · read 68.0 · walls  4.8 · fell 88.1% (mother 32.0%) · prince  2.0% · king  0.1% · crowned  0.0% · 4.2s
try  1 · gen   26 · best    207.1 · elite     37.0 · median    -49.1 · years  54.6 · road 0.32 · starved  1417 · nobles  -4.3 · read 138.9 · walls  5.2 · fell 71.9% (mother 24.2%) · prince  3.3% · king  0.4% · crowned  0.0% (median year 98) · 4.1s
try  2 · gen   26 · best    118.8 · elite     61.1 · median    -32.0 · years  58.6 · road 0.34 · starved  1179 · nobles  -9.0 · read 171.7 · walls  6.4 · fell 59.3% (mother 28.1%) · prince  0.2% · king  0.0% · crowned  0.0% · 4.1s
try  3 · gen   26 · best    207.5 · elite     51.7 · median    -38.4 · years  53.0 · road 0.34 · starved  1271 · nobles  -7.0 · read 132.8 · walls  3.7 · fell 70.3% (mother 24.6%) · prince  3.9% · king  0.1% · crowned  0.0% · 4.1s
try  4 · gen   26 · best    100.0 · elite     17.1 · median    -61.1 · years  37.7 · road 0.32 · starved  1196 · nobles  -5.1 · read 58.6 · walls  5.0 · fell 88.9% (mother 28.0%) · prince  2.4% · king  0.0% · crowned  0.0% · 4.1s
try  5 · gen   26 · best    552.8 · elite    220.5 · median    -54.6 · years  37.9 · road 0.32 · starved  1312 · nobles  -1.9 · read 72.2 · walls  2.5 · fell 85.4% (mother 24.2%) · prince  9.8% · king  6.1% · crowned  4.6% (median year 71) · 4.1s
try  6 · gen   26 · best    494.5 · elite    192.7 · median    -55.0 · years  37.3 · road 0.30 · starved  1240 · nobles  -1.0 · read 102.7 · walls  2.3 · fell 85.6% (mother 32.3%) · prince  8.4% · king  4.5% · crowned  3.2% (median year 69) · 4.1s
try  7 · gen   26 · best    191.6 · elite     49.9 · median    -54.5 · years  45.4 · road 0.35 · starved  1407 · nobles  -5.4 · read 85.4 · walls  6.9 · fell 78.8% (mother 27.6%) · prince  4.3% · king  0.6% · crowned  0.1% (median year 66) · 4.1s
try  8 · gen   26 · best    159.3 · elite     23.0 · median    -60.0 · years  39.6 · road 0.36 · starved  1307 · nobles  -5.4 · read 68.2 · walls  4.6 · fell 87.1% (mother 29.2%) · prince  2.5% · king  0.1% · crowned  0.0% (median year 60) · 4.1s
try  1 · gen   27 · best    160.1 · elite     42.4 · median    -42.8 · years  55.9 · road 0.32 · starved  1337 · nobles  -4.2 · read 144.5 · walls  5.2 · fell 68.0% (mother 22.1%) · prince  3.5% · king  0.5% · crowned  0.0% (median year 98) · 4.2s
try  2 · gen   27 · best    131.7 · elite     66.4 · median    -26.0 · years  59.2 · road 0.34 · starved  1100 · nobles  -9.4 · read 168.3 · walls  6.2 · fell 58.6% (mother 25.4%) · prince  0.1% · king  0.0% · crowned  0.0% · 4.2s
try  3 · gen   27 · best    172.4 · elite     52.3 · median    -38.1 · years  53.6 · road 0.33 · starved  1259 · nobles  -6.1 · read 131.4 · walls  3.3 · fell 69.7% (mother 19.7%) · prince  6.1% · king  0.2% · crowned  0.0% (median year 100) · 4.2s
try  4 · gen   27 · best     75.6 · elite     18.2 · median    -59.8 · years  38.3 · road 0.32 · starved  1179 · nobles  -5.3 · read 59.9 · walls  4.8 · fell 88.6% (mother 30.2%) · prince  2.2% · king  0.1% · crowned  0.0% · 4.2s
try  5 · gen   27 · best    592.0 · elite    248.9 · median    -47.5 · years  38.3 · road 0.32 · starved  1292 · nobles  -1.9 · read 72.7 · walls  2.7 · fell 84.4% (mother 21.0%) · prince 10.5% · king  6.8% · crowned  5.3% (median year 71) · 4.2s
try  6 · gen   27 · best    766.4 · elite    222.0 · median    -51.8 · years  36.4 · road 0.30 · starved  1224 · nobles  -0.7 · read 101.2 · walls  1.9 · fell 86.9% (mother 37.7%) · prince 10.0% · king  5.6% · crowned  4.0% (median year 66) · 4.2s
try  7 · gen   27 · best    289.0 · elite     55.2 · median    -54.1 · years  45.2 · road 0.35 · starved  1398 · nobles  -4.9 · read 87.2 · walls  6.6 · fell 78.6% (mother 27.7%) · prince  5.9% · king  0.8% · crowned  0.1% (median year 72) · 4.2s
try  8 · gen   27 · best    130.0 · elite     33.4 · median    -52.9 · years  41.5 · road 0.36 · starved  1351 · nobles  -5.2 · read 72.8 · walls  4.6 · fell 87.4% (mother 26.9%) · prince  3.7% · king  0.2% · crowned  0.1% (median year 77) · 4.2s
try  1 · gen   28 · best    122.8 · elite     43.0 · median    -39.2 · years  57.9 · road 0.32 · starved  1392 · nobles  -4.7 · read 147.3 · walls  5.2 · fell 68.4% (mother 22.8%) · prince  4.1% · king  0.7% · crowned  0.0% (median year 92) · 4.1s
try  2 · gen   28 · best    121.8 · elite     71.4 · median    -17.8 · years  60.8 · road 0.35 · starved  1064 · nobles -10.0 · read 165.8 · walls  6.2 · fell 57.0% (mother 24.2%) · prince  0.2% · king  0.0% · crowned  0.0% · 4.1s
try  3 · gen   28 · best    136.9 · elite     52.0 · median    -38.7 · years  51.3 · road 0.33 · starved  1242 · nobles  -5.9 · read 119.1 · walls  3.4 · fell 72.1% (mother 22.2%) · prince  6.7% · king  0.1% · crowned  0.0% · 4.1s
try  4 · gen   28 · best     85.3 · elite     15.9 · median    -53.8 · years  38.7 · road 0.31 · starved  1147 · nobles  -5.4 · read 62.4 · walls  5.1 · fell 88.2% (mother 29.1%) · prince  2.7% · king  0.1% · crowned  0.0% · 4.1s
try  5 · gen   28 · best    619.3 · elite    253.2 · median    -43.5 · years  37.8 · road 0.32 · starved  1232 · nobles  -1.8 · read 68.6 · walls  2.7 · fell 84.5% (mother 23.3%) · prince 10.5% · king  7.1% · crowned  5.4% (median year 71) · 4.1s
try  6 · gen   28 · best    777.0 · elite    256.5 · median    -50.7 · years  34.3 · road 0.30 · starved  1190 · nobles  -0.3 · read 92.3 · walls  1.6 · fell 86.2% (mother 40.2%) · prince 10.9% · king  7.0% · crowned  5.2% (median year 64) · 4.1s
try  7 · gen   28 · best    275.5 · elite     61.7 · median    -49.6 · years  45.5 · road 0.35 · starved  1393 · nobles  -4.7 · read 88.1 · walls  6.6 · fell 80.0% (mother 28.5%) · prince  6.9% · king  1.2% · crowned  0.1% (median year 72) · 4.1s
try  8 · gen   28 · best    242.9 · elite     47.1 · median    -47.1 · years  41.9 · road 0.36 · starved  1270 · nobles  -5.3 · read 72.7 · walls  5.4 · fell 87.3% (mother 27.8%) · prince  4.2% · king  0.3% · crowned  0.1% (median year 88) · 4.1s
try  1 · gen   29 · best    155.3 · elite     49.9 · median    -37.3 · years  57.9 · road 0.33 · starved  1397 · nobles  -5.0 · read 144.7 · walls  5.4 · fell 68.3% (mother 24.8%) · prince  4.9% · king  0.4% · crowned  0.1% (median year 93) · 4.1s
try  2 · gen   29 · best    128.1 · elite     73.4 · median    -14.1 · years  61.0 · road 0.35 · starved   997 · nobles -10.5 · read 164.9 · walls  6.1 · fell 54.8% (mother 20.5%) · prince  0.1% · king  0.0% · crowned  0.0% · 4.1s
try  3 · gen   29 · best    141.8 · elite     56.4 · median    -45.6 · years  49.4 · road 0.32 · starved  1274 · nobles  -5.1 · read 111.8 · walls  3.1 · fell 74.1% (mother 17.8%) · prince  8.1% · king  0.2% · crowned  0.0% · 4.1s
try  4 · gen   29 · best    101.0 · elite     24.8 · median    -53.5 · years  40.0 · road 0.32 · starved  1161 · nobles  -5.8 · read 63.2 · walls  5.2 · fell 87.7% (mother 30.5%) · prince  2.6% · king  0.1% · crowned  0.0% · 4.1s
try  5 · gen   29 · best    711.6 · elite    276.6 · median    -44.9 · years  37.8 · road 0.33 · starved  1253 · nobles  -1.7 · read 65.6 · walls  2.8 · fell 83.8% (mother 19.3%) · prince 10.9% · king  7.7% · crowned  5.8% (median year 68) · 4.1s
try  6 · gen   29 · best    761.1 · elite    283.0 · median    -46.1 · years  34.6 · road 0.30 · starved  1182 · nobles  +0.1 · read 94.0 · walls  1.5 · fell 85.6% (mother 38.7%) · prince 11.6% · king  7.4% · crowned  5.7% (median year 64) · 4.1s
try  7 · gen   29 · best    501.2 · elite     85.4 · median    -43.9 · years  46.8 · road 0.35 · starved  1355 · nobles  -4.3 · read 94.2 · walls  6.7 · fell 79.7% (mother 26.7%) · prince  8.3% · king  2.2% · crowned  0.3% (median year 79) · 4.1s
try  8 · gen   29 · best    199.5 · elite     45.7 · median    -46.3 · years  43.1 · road 0.36 · starved  1258 · nobles  -5.4 · read 75.7 · walls  5.8 · fell 85.8% (mother 24.6%) · prince  4.8% · king  0.3% · crowned  0.1% (median year 77) · 4.1s
try  1 · gen   30 · best    195.9 · elite     52.3 · median    -37.7 · years  57.6 · road 0.33 · starved  1361 · nobles  -5.0 · read 139.8 · walls  5.5 · fell 68.4% (mother 23.8%) · prince  3.8% · king  0.3% · crowned  0.1% (median year 89) · 4.1s
try  2 · gen   30 · best    166.4 · elite     83.0 · median     -8.9 · years  62.5 · road 0.37 · starved  1033 · nobles -11.3 · read 163.8 · walls  6.0 · fell 54.8% (mother 22.0%) · prince  0.1% · king  0.0% · crowned  0.0% · 4.1s
try  3 · gen   30 · best    165.7 · elite     58.3 · median    -41.3 · years  49.7 · road 0.32 · starved  1249 · nobles  -4.9 · read 108.6 · walls  2.8 · fell 76.0% (mother 17.2%) · prince  8.9% · king  0.1% · crowned  0.0% (median year 91) · 4.1s
try  4 · gen   30 · best     73.4 · elite     27.4 · median    -48.8 · years  40.1 · road 0.32 · starved  1103 · nobles  -5.9 · read 62.9 · walls  5.6 · fell 85.4% (mother 25.2%) · prince  1.9% · king  0.1% · crowned  0.0% (median year 94) · 4.1s
try  5 · gen   30 · best    482.8 · elite    250.8 · median    -46.8 · years  37.0 · road 0.32 · starved  1287 · nobles  -2.0 · read 63.7 · walls  2.8 · fell 84.7% (mother 20.3%) · prince 11.0% · king  7.0% · crowned  5.4% (median year 67) · 4.1s
try  6 · gen   30 · best    499.9 · elite    259.5 · median    -45.3 · years  35.0 · road 0.30 · starved  1210 · nobles  +0.0 · read 94.2 · walls  1.5 · fell 86.2% (mother 38.8%) · prince 11.7% · king  7.2% · crowned  5.3% (median year 63) · 4.1s
try  7 · gen   30 · best    333.9 · elite    123.0 · median    -32.8 · years  47.7 · road 0.35 · starved  1280 · nobles  -3.7 · read 103.3 · walls  6.5 · fell 78.7% (mother 24.5%) · prince 10.6% · king  3.6% · crowned  0.8% (median year 78) · 4.1s
try  8 · gen   30 · best    157.3 · elite     47.4 · median    -43.3 · years  43.3 · road 0.36 · starved  1246 · nobles  -5.5 · read 75.9 · walls  6.0 · fell 85.7% (mother 23.9%) · prince  4.7% · king  0.4% · crowned  0.0% (median year 75) · 4.1s
try  1 · gen   31 · best    119.9 · elite     59.1 · median    -34.9 · years  58.9 · road 0.33 · starved  1363 · nobles  -4.8 · read 137.3 · walls  5.6 · fell 65.5% (mother 22.4%) · prince  4.8% · king  0.3% · crowned  0.1% (median year 86) · 4.1s
try  2 · gen   31 · best    156.1 · elite     83.3 · median     -9.0 · years  59.3 · road 0.36 · starved   912 · nobles -10.8 · read 153.1 · walls  5.8 · fell 57.3% (mother 19.3%) · prince  0.1% · king  0.0% · crowned  0.0% · 4.1s
try  3 · gen   31 · best    201.8 · elite     51.4 · median    -42.6 · years  46.6 · road 0.31 · starved  1233 · nobles  -4.2 · read 95.5 · walls  2.6 · fell 79.5% (mother 19.2%) · prince  8.3% · king  0.2% · crowned  0.0% · 4.1s
try  4 · gen   31 · best     96.1 · elite     33.1 · median    -49.1 · years  40.8 · road 0.31 · starved  1031 · nobles  -6.0 · read 64.9 · walls  5.5 · fell 83.8% (mother 26.6%) · prince  1.6% · king  0.0% · crowned  0.0% · 4.1s
try  5 · gen   31 · best    618.1 · elite    268.0 · median    -49.4 · years  36.3 · road 0.32 · starved  1288 · nobles  -1.7 · read 64.5 · walls  2.7 · fell 85.1% (mother 22.5%) · prince 10.9% · king  7.1% · crowned  5.5% (median year 69) · 4.1s
try  6 · gen   31 · best    707.2 · elite    280.9 · median    -46.1 · years  34.2 · road 0.31 · starved  1191 · nobles  -0.1 · read 88.0 · walls  1.6 · fell 85.7% (mother 40.0%) · prince 11.9% · king  7.0% · crowned  5.2% (median year 62) · 4.1s
try  7 · gen   31 · best    359.2 · elite    138.8 · median    -34.1 · years  45.3 · road 0.35 · starved  1271 · nobles  -3.1 · read 95.0 · walls  6.5 · fell 81.9% (mother 30.2%) · prince 11.2% · king  4.5% · crowned  1.2% (median year 76) · 4.1s
try  8 · gen   31 · best    152.9 · elite     52.8 · median    -47.4 · years  41.5 · road 0.35 · starved  1250 · nobles  -5.3 · read 77.3 · walls  5.7 · fell 85.9% (mother 23.7%) · prince  5.3% · king  0.3% · crowned  0.1% (median year 78) · 4.1s
try  1 · gen   32 · best    186.9 · elite     59.7 · median    -30.3 · years  60.7 · road 0.34 · starved  1431 · nobles  -5.2 · read 139.3 · walls  5.7 · fell 63.4% (mother 22.5%) · prince  4.3% · king  0.3% · crowned  0.1% (median year 84) · 4.1s
try  2 · gen   32 · best    164.8 · elite     85.3 · median     -4.2 · years  61.7 · road 0.38 · starved   934 · nobles -11.6 · read 156.3 · walls  5.9 · fell 55.9% (mother 21.2%) · prince  0.1% · king  0.0% · crowned  0.0% · 4.1s
try  3 · gen   32 · best    139.5 · elite     46.8 · median    -41.7 · years  46.1 · road 0.31 · starved  1206 · nobles  -4.4 · read 93.6 · walls  2.4 · fell 79.7% (mother 19.9%) · prince  8.4% · king  0.1% · crowned  0.0% · 4.1s
try  4 · gen   32 · best    107.7 · elite     40.6 · median    -44.1 · years  42.0 · road 0.32 · starved  1020 · nobles  -6.6 · read 66.0 · walls  5.7 · fell 83.3% (mother 26.4%) · prince  1.9% · king  0.0% · crowned  0.0% · 4.1s
try  5 · gen   32 · best    467.3 · elite    232.9 · median    -50.2 · years  36.5 · road 0.32 · starved  1364 · nobles  -1.7 · read 65.6 · walls  2.8 · fell 85.3% (mother 22.0%) · prince 11.4% · king  7.1% · crowned  5.3% (median year 70) · 4.1s
try  6 · gen   32 · best    632.7 · elite    290.4 · median    -38.3 · years  34.6 · road 0.32 · starved  1221 · nobles  +0.1 · read 85.5 · walls  1.6 · fell 85.9% (mother 38.1%) · prince 13.2% · king  8.0% · crowned  5.7% (median year 60) · 4.1s
try  7 · gen   32 · best    394.3 · elite    193.4 · median    -33.0 · years  43.7 · road 0.35 · starved  1303 · nobles  -2.5 · read 88.4 · walls  6.6 · fell 81.7% (mother 31.2%) · prince 11.8% · king  5.6% · crowned  2.5% (median year 74) · 4.1s
try  8 · gen   32 · best    201.0 · elite     58.2 · median    -42.5 · years  41.3 · road 0.36 · starved  1194 · nobles  -4.9 · read 74.8 · walls  5.3 · fell 85.3% (mother 25.7%) · prince  5.9% · king  0.3% · crowned  0.0% (median year 81) · 4.1s
try  1 · gen   33 · best    144.1 · elite     50.8 · median    -29.3 · years  60.1 · road 0.33 · starved  1335 · nobles  -5.0 · read 134.0 · walls  5.8 · fell 64.1% (mother 21.2%) · prince  3.6% · king  0.3% · crowned  0.1% (median year 90) · 4.2s
try  2 · gen   33 · best    170.6 · elite     93.7 · median      2.5 · years  63.0 · road 0.39 · starved   922 · nobles -12.1 · read 150.0 · walls  6.1 · fell 55.5% (mother 21.3%) · prince  0.1% · king  0.0% · crowned  0.0% · 4.2s
try  3 · gen   33 · best    223.5 · elite     65.0 · median    -37.9 · years  48.4 · road 0.31 · starved  1204 · nobles  -5.1 · read 93.5 · walls  2.5 · fell 78.4% (mother 19.0%) · prince  8.9% · king  0.2% · crowned  0.0% (median year 85) · 4.2s
try  4 · gen   33 · best    110.3 · elite     41.7 · median    -41.4 · years  42.4 · road 0.32 · starved   998 · nobles  -6.6 · read 68.7 · walls  5.8 · fell 82.6% (mother 27.8%) · prince  1.7% · king  0.0% · crowned  0.0% · 4.2s
try  5 · gen   33 · best    551.3 · elite    249.4 · median    -47.3 · years  36.7 · road 0.32 · starved  1324 · nobles  -1.9 · read 64.5 · walls  2.9 · fell 85.8% (mother 22.0%) · prince 11.2% · king  7.1% · crowned  5.1% (median year 67) · 4.2s
try  6 · gen   33 · best    662.4 · elite    318.7 · median    -35.7 · years  34.6 · road 0.32 · starved  1177 · nobles  +0.1 · read 82.4 · walls  1.6 · fell 83.9% (mother 32.8%) · prince 14.4% · king  8.5% · crowned  6.3% (median year 60) · 4.2s
try  7 · gen   33 · best    632.1 · elite    248.1 · median    -36.6 · years  41.5 · road 0.35 · starved  1290 · nobles  -1.7 · read 78.2 · walls  7.0 · fell 80.5% (mother 28.3%) · prince 11.5% · king  7.1% · crowned  4.1% (median year 75) · 4.2s
try  8 · gen   33 · best    135.4 · elite     61.5 · median    -38.8 · years  42.3 · road 0.36 · starved  1204 · nobles  -5.5 · read 74.7 · walls  5.3 · fell 85.8% (mother 28.5%) · prince  7.2% · king  0.4% · crowned  0.0% (median year 80) · 4.2s
try  1 · gen   34 · best    189.8 · elite     59.0 · median    -27.5 · years  57.7 · road 0.33 · starved  1232 · nobles  -5.1 · read 126.0 · walls  5.7 · fell 64.2% (mother 20.8%) · prince  2.7% · king  0.5% · crowned  0.1% (median year 79) · 4.2s
try  2 · gen   34 · best    167.6 · elite     97.1 · median     -1.1 · years  61.0 · road 0.38 · starved   882 · nobles -11.4 · read 144.9 · walls  5.8 · fell 55.2% (mother 19.3%) · prince  0.2% · king  0.0% · crowned  0.0% · 4.2s
try  3 · gen   34 · best    184.8 · elite     50.5 · median    -45.2 · years  44.7 · road 0.31 · starved  1239 · nobles  -4.6 · read 80.9 · walls  2.3 · fell 80.4% (mother 18.5%) · prince  8.5% · king  0.1% · crowned  0.0% · 4.2s
try  4 · gen   34 · best    117.5 · elite     41.0 · median    -34.8 · years  43.9 · road 0.32 · starved   983 · nobles  -6.8 · read 71.3 · walls  6.1 · fell 81.2% (mother 27.0%) · prince  1.5% · king  0.0% · crowned  0.0% · 4.2s
try  5 · gen   34 · best    591.8 · elite    271.2 · median    -47.8 · years  35.9 · road 0.32 · starved  1252 · nobles  -1.5 · read 64.3 · walls  2.8 · fell 84.8% (mother 22.3%) · prince 11.0% · king  6.9% · crowned  5.5% (median year 66) · 4.2s
try  6 · gen   34 · best    732.5 · elite    355.3 · median    -31.8 · years  34.6 · road 0.32 · starved  1165 · nobles  +0.7 · read 78.7 · walls  1.6 · fell 84.0% (mother 31.9%) · prince 15.2% · king  9.0% · crowned  7.2% (median year 61) · 4.2s
try  7 · gen   34 · best    733.7 · elite    292.1 · median    -33.4 · years  40.9 · road 0.35 · starved  1249 · nobles  -1.7 · read 74.4 · walls  6.8 · fell 80.4% (mother 31.6%) · prince 12.4% · king  7.8% · crowned  5.0% (median year 72) · 4.2s
try  8 · gen   34 · best    168.6 · elite     68.8 · median    -32.7 · years  43.1 · road 0.37 · starved  1184 · nobles  -5.9 · read 71.1 · walls  5.8 · fell 84.1% (mother 26.6%) · prince  6.6% · king  0.4% · crowned  0.1% (median year 71) · 4.2s
try  1 · gen   35 · best    204.0 · elite     77.4 · median    -26.5 · years  59.2 · road 0.34 · starved  1245 · nobles  -5.7 · read 131.6 · walls  5.8 · fell 64.7% (mother 19.6%) · prince  3.0% · king  0.9% · crowned  0.3% (median year 81) · 4.2s
try  2 · gen   35 · best    163.5 · elite     94.4 · median     -1.5 · years  60.7 · road 0.38 · starved   883 · nobles -11.2 · read 138.2 · walls  5.8 · fell 54.8% (mother 16.3%) · prince  0.3% · king  0.0% · crowned  0.0% · 4.2s
try  3 · gen   35 · best    107.7 · elite     53.2 · median    -40.2 · years  45.3 · road 0.32 · starved  1240 · nobles  -5.1 · read 79.2 · walls  2.6 · fell 81.0% (mother 19.5%) · prince  8.2% · king  0.1% · crowned  0.0% (median year 87) · 4.2s
try  4 · gen   35 · best    163.2 · elite     47.4 · median    -36.3 · years  44.3 · road 0.32 · starved   974 · nobles  -6.9 · read 71.9 · walls  6.0 · fell 80.5% (mother 25.5%) · prince  1.0% · king  0.0% · crowned  0.0% · 4.2s
try  5 · gen   35 · best    993.6 · elite    246.4 · median    -36.9 · years  37.0 · road 0.32 · starved  1250 · nobles  -1.7 · read 62.8 · walls  2.7 · fell 85.8% (mother 21.5%) · prince 11.4% · king  7.2% · crowned  5.1% (median year 67) · 4.2s
try  6 · gen   35 · best    654.0 · elite    296.8 · median    -31.0 · years  34.8 · road 0.32 · starved  1185 · nobles  +1.0 · read 79.7 · walls  1.4 · fell 84.3% (mother 24.8%) · prince 13.8% · king  8.5% · crowned  6.6% (median year 62) · 4.2s
try  7 · gen   35 · best    767.3 · elite    289.2 · median    -27.6 · years  40.0 · road 0.36 · starved  1200 · nobles  -1.4 · read 70.1 · walls  6.6 · fell 80.0% (mother 32.8%) · prince 12.9% · king  7.3% · crowned  5.3% (median year 73) · 4.2s
try  8 · gen   35 · best    235.7 · elite     70.0 · median    -29.7 · years  44.0 · road 0.37 · starved  1168 · nobles  -5.9 · read 72.2 · walls  6.0 · fell 83.8% (mother 26.0%) · prince  6.8% · king  0.3% · crowned  0.1% (median year 76) · 4.2s
try  1 · gen   36 · best    320.7 · elite     85.0 · median    -18.3 · years  58.4 · road 0.35 · starved  1188 · nobles  -5.8 · read 132.5 · walls  5.4 · fell 71.4% (mother 22.5%) · prince  4.8% · king  1.1% · crowned  0.2% (median year 80) · 4.1s
try  2 · gen   36 · best    179.6 · elite     94.1 · median      1.8 · years  62.2 · road 0.39 · starved   946 · nobles -11.8 · read 135.6 · walls  6.2 · fell 54.7% (mother 20.4%) · prince  0.2% · king  0.0% · crowned  0.0% · 4.1s
try  3 · gen   36 · best    171.5 · elite     59.1 · median    -37.4 · years  44.6 · road 0.32 · starved  1254 · nobles  -5.4 · read 75.1 · walls  3.0 · fell 80.0% (mother 21.7%) · prince  8.8% · king  0.1% · crowned  0.0% (median year 90) · 4.1s
try  4 · gen   36 · best    145.7 · elite     57.5 · median    -28.8 · years  45.7 · road 0.32 · starved   898 · nobles  -7.1 · read 74.1 · walls  6.0 · fell 79.0% (mother 22.0%) · prince  1.0% · king  0.1% · crowned  0.0% · 4.1s
try  5 · gen   36 · best    565.6 · elite    258.9 · median    -38.1 · years  36.2 · road 0.32 · starved  1200 · nobles  -1.9 · read 58.3 · walls  2.7 · fell 86.6% (mother 23.4%) · prince 11.4% · king  6.9% · crowned  4.9% (median year 66) · 4.1s
try  6 · gen   36 · best    748.9 · elite    322.5 · median    -29.8 · years  35.1 · road 0.32 · starved  1237 · nobles  +0.9 · read 78.8 · walls  1.4 · fell 83.3% (mother 22.3%) · prince 14.0% · king  8.7% · crowned  6.7% (median year 61) · 4.1s
try  7 · gen   36 · best    662.7 · elite    323.4 · median    -18.9 · years  41.4 · road 0.36 · starved  1196 · nobles  -1.3 · read 74.2 · walls  6.4 · fell 78.3% (mother 30.4%) · prince 13.8% · king  8.1% · crowned  5.9% (median year 70) · 4.1s
try  8 · gen   36 · best    186.8 · elite     74.1 · median    -32.7 · years  44.3 · road 0.37 · starved  1235 · nobles  -5.5 · read 73.0 · walls  6.2 · fell 82.4% (mother 27.0%) · prince  7.8% · king  0.4% · crowned  0.1% (median year 69) · 4.1s
try  1 · gen   37 · best    404.0 · elite     99.2 · median    -13.7 · years  54.8 · road 0.35 · starved  1162 · nobles  -5.2 · read 118.6 · walls  5.0 · fell 75.6% (mother 21.5%) · prince  7.0% · king  1.5% · crowned  0.4% (median year 77) · 4.1s
try  2 · gen   37 · best    187.5 · elite    101.1 · median      2.9 · years  61.8 · road 0.40 · starved   908 · nobles -11.8 · read 130.4 · walls  6.2 · fell 56.6% (mother 21.5%) · prince  0.2% · king  0.0% · crowned  0.0% · 4.1s
try  3 · gen   37 · best    161.2 · elite     56.3 · median    -37.7 · years  46.2 · road 0.33 · starved  1275 · nobles  -5.4 · read 80.5 · walls  3.6 · fell 80.8% (mother 22.0%) · prince  8.3% · king  0.2% · crowned  0.0% (median year 96) · 4.1s
try  4 · gen   37 · best    126.9 · elite     60.6 · median    -26.5 · years  45.9 · road 0.33 · starved   894 · nobles  -7.4 · read 69.8 · walls  6.6 · fell 79.6% (mother 24.2%) · prince  1.4% · king  0.0% · crowned  0.0% · 4.1s
try  5 · gen   37 · best    585.3 · elite    255.8 · median    -37.9 · years  36.6 · road 0.33 · starved  1278 · nobles  -1.6 · read 59.2 · walls  2.7 · fell 87.1% (mother 23.6%) · prince 11.4% · king  7.0% · crowned  5.0% (median year 65) · 4.1s
try  6 · gen   37 · best    829.7 · elite    330.6 · median    -33.0 · years  35.0 · road 0.32 · starved  1240 · nobles  +1.2 · read 75.8 · walls  1.6 · fell 84.0% (mother 24.9%) · prince 14.3% · king  8.8% · crowned  6.4% (median year 63) · 4.1s
try  7 · gen   37 · best    964.3 · elite    349.9 · median    -12.2 · years  39.6 · road 0.36 · starved  1184 · nobles  -0.3 · read 72.6 · walls  5.9 · fell 77.2% (mother 27.2%) · prince 14.9% · king  9.3% · crowned  7.2% (median year 67) · 4.1s
try  8 · gen   37 · best    179.4 · elite     67.7 · median    -26.8 · years  44.6 · road 0.38 · starved  1176 · nobles  -5.5 · read 70.9 · walls  6.5 · fell 83.5% (mother 27.8%) · prince  7.9% · king  0.3% · crowned  0.1% (median year 86) · 4.1s
try  1 · gen   38 · best    312.4 · elite    102.4 · median    -15.5 · years  53.3 · road 0.35 · starved  1217 · nobles  -4.6 · read 111.7 · walls  4.5 · fell 77.6% (mother 23.6%) · prince  7.1% · king  1.6% · crowned  0.4% (median year 78) · 4.2s
try  2 · gen   38 · best    159.1 · elite     97.1 · median      2.1 · years  61.8 · road 0.40 · starved   948 · nobles -12.1 · read 126.7 · walls  6.8 · fell 56.9% (mother 23.1%) · prince  0.3% · king  0.0% · crowned  0.0% · 4.2s
try  3 · gen   38 · best    172.8 · elite     63.8 · median    -32.8 · years  47.1 · road 0.34 · starved  1258 · nobles  -5.5 · read 81.1 · walls  4.1 · fell 77.1% (mother 21.9%) · prince  8.6% · king  0.2% · crowned  0.0% (median year 84) · 4.2s
try  4 · gen   38 · best    146.4 · elite     66.7 · median    -23.5 · years  46.5 · road 0.34 · starved   897 · nobles  -7.6 · read 68.2 · walls  6.8 · fell 78.7% (mother 24.2%) · prince  1.6% · king  0.1% · crowned  0.0% · 4.2s
try  5 · gen   38 · best    567.4 · elite    264.4 · median    -39.2 · years  36.2 · road 0.32 · starved  1306 · nobles  -1.8 · read 57.4 · walls  2.5 · fell 86.9% (mother 24.7%) · prince 11.4% · king  6.8% · crowned  5.0% (median year 64) · 4.2s
try  6 · gen   38 · best    747.7 · elite    308.9 · median    -30.1 · years  35.4 · road 0.32 · starved  1151 · nobles  +1.0 · read 77.3 · walls  1.8 · fell 83.9% (mother 23.5%) · prince 14.0% · king  8.5% · crowned  6.2% (median year 62) · 4.2s
try  7 · gen   38 · best    776.5 · elite    352.3 · median    -21.3 · years  37.2 · road 0.35 · starved  1171 · nobles  -0.2 · read 69.4 · walls  5.6 · fell 76.9% (mother 27.1%) · prince 14.5% · king  9.1% · crowned  7.2% (median year 62) · 4.2s
try  8 · gen   38 · best    244.7 · elite     64.4 · median    -27.6 · years  44.1 · road 0.37 · starved  1211 · nobles  -5.0 · read 70.7 · walls  6.3 · fell 82.8% (mother 28.0%) · prince  8.0% · king  0.3% · crowned  0.0% (median year 63) · 4.2s
try  1 · gen   39 · best    319.0 · elite    105.3 · median    -13.0 · years  52.8 · road 0.34 · starved  1124 · nobles  -4.2 · read 107.0 · walls  4.3 · fell 77.6% (mother 22.0%) · prince  6.6% · king  1.8% · crowned  0.5% (median year 75) · 4.1s
try  2 · gen   39 · best    175.6 · elite     98.2 · median      5.3 · years  63.1 · road 0.41 · starved  1048 · nobles -12.3 · read 126.5 · walls  6.7 · fell 56.9% (mother 24.0%) · prince  0.3% · king  0.0% · crowned  0.0% (median year 89) · 4.1s
try  3 · gen   39 · best    235.2 · elite     70.1 · median    -32.0 · years  48.0 · road 0.34 · starved  1236 · nobles  -5.4 · read 80.6 · walls  4.3 · fell 77.3% (mother 21.3%) · prince  8.7% · king  0.2% · crowned  0.0% (median year 81) · 4.1s
try  4 · gen   39 · best    132.7 · elite     71.4 · median    -19.7 · years  47.4 · road 0.34 · starved   926 · nobles  -7.5 · read 67.0 · walls  6.8 · fell 79.7% (mother 23.2%) · prince  1.9% · king  0.0% · crowned  0.0% · 4.1s
try  5 · gen   39 · best    586.2 · elite    251.9 · median    -34.3 · years  36.4 · road 0.33 · starved  1196 · nobles  -1.5 · read 57.1 · walls  2.6 · fell 86.0% (mother 22.3%) · prince 12.0% · king  7.3% · crowned  5.2% (median year 66) · 4.1s
try  6 · gen   39 · best    678.5 · elite    306.6 · median    -30.7 · years  34.8 · road 0.32 · starved  1137 · nobles  +0.9 · read 73.3 · walls  1.9 · fell 83.5% (mother 23.4%) · prince 14.0% · king  8.3% · crowned  6.3% (median year 64) · 4.1s
try  7 · gen   39 · best    765.0 · elite    389.6 · median    -21.9 · years  34.5 · road 0.34 · starved  1133 · nobles  +0.1 · read 63.5 · walls  5.0 · fell 77.7% (mother 27.3%) · prince 13.8% · king  9.9% · crowned  7.9% (median year 58) · 4.1s
try  8 · gen   39 · best    287.5 · elite     71.8 · median    -25.7 · years  45.9 · road 0.38 · starved  1232 · nobles  -5.0 · read 72.1 · walls  6.4 · fell 80.6% (mother 27.8%) · prince  7.9% · king  0.4% · crowned  0.1% (median year 77) · 4.1s
try  1 · gen   40 · best    399.4 · elite    137.5 · median    -10.2 · years  51.7 · road 0.35 · starved  1206 · nobles  -3.8 · read 103.5 · walls  4.3 · fell 80.8% (mother 22.2%) · prince  7.6% · king  2.3% · crowned  0.9% (median year 72) · 4.1s
try  2 · gen   40 · best    184.5 · elite    102.0 · median      8.7 · years  62.0 · road 0.41 · starved   937 · nobles -12.3 · read 119.9 · walls  6.6 · fell 57.8% (mother 24.5%) · prince  0.3% · king  0.0% · crowned  0.0% · 4.1s
try  3 · gen   40 · best    171.4 · elite     67.4 · median    -27.9 · years  48.4 · road 0.35 · starved  1192 · nobles  -6.0 · read 77.0 · walls  4.4 · fell 76.1% (mother 21.1%) · prince  7.6% · king  0.2% · crowned  0.0% (median year 92) · 4.1s
try  4 · gen   40 · best    203.1 · elite     74.7 · median    -17.7 · years  46.8 · road 0.35 · starved   917 · nobles  -6.9 · read 62.7 · walls  7.0 · fell 78.5% (mother 21.2%) · prince  2.0% · king  0.2% · crowned  0.0% (median year 51) · 4.1s
try  5 · gen   40 · best    618.2 · elite    248.4 · median    -39.1 · years  35.3 · road 0.32 · starved  1241 · nobles  -1.6 · read 56.8 · walls  2.6 · fell 86.2% (mother 24.1%) · prince 11.2% · king  6.9% · crowned  4.9% (median year 65) · 4.1s
try  6 · gen   40 · best    709.3 · elite    335.4 · median    -21.3 · years  35.3 · road 0.33 · starved  1171 · nobles  +0.9 · read 69.6 · walls  2.1 · fell 82.7% (mother 22.4%) · prince 14.7% · king  8.9% · crowned  6.6% (median year 63) · 4.1s
try  7 · gen   40 · best    845.5 · elite    385.6 · median    -19.3 · years  34.4 · road 0.35 · starved  1125 · nobles  +0.3 · read 63.7 · walls  4.5 · fell 75.9% (mother 26.2%) · prince 14.1% · king 10.5% · crowned  8.2% (median year 55) · 4.1s
try  8 · gen   40 · best    321.1 · elite     73.3 · median    -25.8 · years  44.1 · road 0.38 · starved  1180 · nobles  -4.9 · read 66.7 · walls  6.6 · fell 80.9% (mother 28.7%) · prince  7.8% · king  0.5% · crowned  0.1% (median year 82) · 4.1s
try  1 · gen   41 · best    383.1 · elite    141.9 · median     -7.8 · years  48.6 · road 0.35 · starved  1093 · nobles  -3.9 · read 95.6 · walls  4.2 · fell 82.7% (mother 23.0%) · prince  8.6% · king  2.5% · crowned  1.1% (median year 72) · 4.1s
try  2 · gen   41 · best    150.1 · elite    100.6 · median      8.4 · years  62.7 · road 0.41 · starved   979 · nobles -12.5 · read 116.5 · walls  6.7 · fell 56.2% (mother 24.9%) · prince  0.2% · king  0.0% · crowned  0.0% (median year 96) · 4.1s
try  3 · gen   41 · best    174.0 · elite     70.3 · median    -28.0 · years  49.3 · road 0.34 · starved  1158 · nobles  -6.0 · read 74.6 · walls  4.4 · fell 74.0% (mother 17.2%) · prince  6.5% · king  0.1% · crowned  0.0% · 4.1s
try  4 · gen   41 · best    213.3 · elite     82.2 · median    -14.5 · years  47.4 · road 0.35 · starved   892 · nobles  -7.1 · read 61.9 · walls  7.1 · fell 77.1% (mother 20.5%) · prince  2.7% · king  0.2% · crowned  0.0% · 4.1s
try  5 · gen   41 · best    691.8 · elite    252.4 · median    -38.6 · years  35.6 · road 0.33 · starved  1230 · nobles  -1.6 · read 55.8 · walls  2.9 · fell 86.6% (mother 27.7%) · prince 11.9% · king  6.8% · crowned  4.6% (median year 64) · 4.1s
try  6 · gen   41 · best    824.5 · elite    389.0 · median    -10.7 · years  34.9 · road 0.34 · starved  1132 · nobles  +1.2 · read 60.9 · walls  2.1 · fell 80.8% (mother 22.3%) · prince 16.2% · king  9.9% · crowned  7.7% (median year 58) · 4.1s
try  7 · gen   41 · best    994.4 · elite    395.5 · median    -15.6 · years  32.6 · road 0.34 · starved  1094 · nobles  +0.4 · read 59.1 · walls  4.3 · fell 76.9% (mother 29.4%) · prince 14.3% · king 10.6% · crowned  8.3% (median year 53) · 4.1s
try  8 · gen   41 · best    164.0 · elite     76.2 · median    -23.0 · years  45.2 · road 0.39 · starved  1246 · nobles  -5.1 · read 66.1 · walls  6.9 · fell 81.4% (mother 33.1%) · prince  8.0% · king  0.5% · crowned  0.1% (median year 71) · 4.1s
try  1 · gen   42 · best    602.6 · elite    176.7 · median     -4.5 · years  46.6 · road 0.35 · starved  1425 · nobles  -3.5 · read 94.3 · walls  4.0 · fell 84.6% (mother 22.8%) · prince 10.7% · king  4.3% · crowned  1.8% (median year 69) · 4.0s
try  2 · gen   42 · best    162.1 · elite    110.2 · median     10.4 · years  62.2 · road 0.41 · starved   936 · nobles -12.5 · read 109.3 · walls  6.8 · fell 57.6% (mother 25.7%) · prince  0.4% · king  0.0% · crowned  0.0% (median year 95) · 4.0s
try  3 · gen   42 · best    170.2 · elite     65.4 · median    -24.6 · years  48.4 · road 0.34 · starved  1038 · nobles  -6.0 · read 68.1 · walls  4.4 · fell 74.9% (mother 17.2%) · prince  6.2% · king  0.1% · crowned  0.0% (median year 87) · 4.0s
try  4 · gen   42 · best    173.5 · elite     80.4 · median    -11.9 · years  47.6 · road 0.35 · starved   798 · nobles  -6.9 · read 60.7 · walls  6.9 · fell 77.3% (mother 19.3%) · prince  2.1% · king  0.1% · crowned  0.0% · 4.0s
try  5 · gen   42 · best    624.7 · elite    237.9 · median    -34.8 · years  35.7 · road 0.33 · starved  1269 · nobles  -1.4 · read 55.3 · walls  3.2 · fell 86.0% (mother 28.4%) · prince 11.4% · king  6.5% · crowned  4.6% (median year 64) · 4.0s
try  6 · gen   42 · best    617.8 · elite    359.1 · median    -13.5 · years  33.4 · road 0.34 · starved  1100 · nobles  +0.9 · read 54.5 · walls  1.9 · fell 81.0% (mother 21.1%) · prince 15.9% · king  9.3% · crowned  7.3% (median year 56) · 4.0s
try  7 · gen   42 · best    828.8 · elite    385.4 · median    -22.0 · years  31.6 · road 0.33 · starved  1124 · nobles  +0.6 · read 58.1 · walls  3.5 · fell 77.6% (mother 26.6%) · prince 13.7% · king  9.6% · crowned  7.8% (median year 51) · 4.0s
try  8 · gen   42 · best    196.2 · elite     69.8 · median    -21.1 · years  46.6 · road 0.39 · starved  1244 · nobles  -5.4 · read 66.1 · walls  6.6 · fell 79.8% (mother 30.2%) · prince  7.2% · king  0.2% · crowned  0.1% (median year 76) · 4.0s
try  1 · gen   43 · best    599.6 · elite    222.6 · median     -7.5 · years  41.7 · road 0.34 · starved  1035 · nobles  -2.5 · read 85.8 · walls  3.6 · fell 86.4% (mother 21.4%) · prince 11.8% · king  5.7% · crowned  2.5% (median year 63) · 4.1s
try  2 · gen   43 · best    160.6 · elite    112.4 · median     17.1 · years  62.8 · road 0.42 · starved   896 · nobles -12.8 · read 100.3 · walls  6.9 · fell 56.8% (mother 25.0%) · prince  0.3% · king  0.0% · crowned  0.0% · 4.1s
try  3 · gen   43 · best    162.2 · elite     70.3 · median    -28.3 · years  46.9 · road 0.34 · starved  1059 · nobles  -5.7 · read 63.6 · walls  4.4 · fell 77.0% (mother 16.9%) · prince  6.2% · king  0.2% · crowned  0.1% (median year 80) · 4.1s
try  4 · gen   43 · best    230.9 · elite     84.4 · median    -12.7 · years  47.1 · road 0.35 · starved   872 · nobles  -6.9 · read 58.6 · walls  6.6 · fell 77.7% (mother 17.9%) · prince  3.0% · king  0.2% · crowned  0.0% (median year 98) · 4.1s
try  5 · gen   43 · best    629.3 · elite    302.3 · median    -29.3 · years  36.4 · road 0.33 · starved  1266 · nobles  -0.7 · read 58.6 · walls  3.2 · fell 84.1% (mother 26.3%) · prince 12.0% · king  8.2% · crowned  6.1% (median year 66) · 4.1s
try  6 · gen   43 · best    822.0 · elite    374.2 · median     -4.2 · years  34.0 · road 0.35 · starved  1163 · nobles  +0.9 · read 46.4 · walls  1.9 · fell 82.3% (mother 25.6%) · prince 17.4% · king  9.7% · crowned  7.3% (median year 53) · 4.1s
try  7 · gen   43 · best    726.6 · elite    384.2 · median    -22.5 · years  30.4 · road 0.33 · starved  1093 · nobles  +0.7 · read 54.1 · walls  3.0 · fell 77.7% (mother 28.2%) · prince 13.6% · king 10.0% · crowned  8.1% (median year 49) · 4.1s
try  8 · gen   43 · best    217.2 · elite     71.8 · median    -22.6 · years  47.1 · road 0.39 · starved  1274 · nobles  -5.3 · read 69.8 · walls  6.5 · fell 79.6% (mother 29.9%) · prince  7.1% · king  0.3% · crowned  0.1% (median year 69) · 4.1s
try  1 · gen   44 · best    854.2 · elite    288.2 · median    -13.1 · years  38.1 · road 0.33 · starved   979 · nobles  -1.5 · read 81.1 · walls  3.2 · fell 86.8% (mother 22.0%) · prince 13.8% · king  7.1% · crowned  3.6% (median year 56) · 4.1s
try  2 · gen   44 · best    180.5 · elite    113.5 · median     22.8 · years  65.7 · road 0.43 · starved   906 · nobles -13.2 · read 104.3 · walls  7.2 · fell 53.3% (mother 22.9%) · prince  0.4% · king  0.0% · crowned  0.0% · 4.1s
try  3 · gen   44 · best    141.9 · elite     65.0 · median    -26.6 · years  47.6 · road 0.35 · starved  1089 · nobles  -5.9 · read 60.5 · walls  4.6 · fell 75.3% (mother 19.2%) · prince  6.6% · king  0.1% · crowned  0.0% · 4.1s
try  4 · gen   44 · best    170.8 · elite     81.9 · median    -10.4 · years  46.9 · road 0.35 · starved  1075 · nobles  -6.8 · read 57.2 · walls  6.5 · fell 78.3% (mother 17.0%) · prince  4.1% · king  0.3% · crowned  0.0% (median year 57) · 4.1s
try  5 · gen   44 · best    653.4 · elite    290.2 · median    -27.2 · years  35.7 · road 0.34 · starved  1183 · nobles  -0.7 · read 57.5 · walls  3.5 · fell 83.2% (mother 24.3%) · prince 12.4% · king  8.1% · crowned  6.0% (median year 62) · 4.1s
try  6 · gen   44 · best    657.4 · elite    389.3 · median      0.4 · years  33.7 · road 0.36 · starved  1224 · nobles  +0.6 · read 42.6 · walls  2.1 · fell 80.4% (mother 24.0%) · prince 17.4% · king 10.3% · crowned  7.8% (median year 52) · 4.1s
try  7 · gen   44 · best    974.2 · elite    405.8 · median    -19.3 · years  29.7 · road 0.33 · starved  1112 · nobles  +0.7 · read 51.9 · walls  3.0 · fell 78.5% (mother 30.3%) · prince 14.2% · king 10.4% · crowned  8.2% (median year 48) · 4.1s
try  8 · gen   44 · best    228.4 · elite     72.5 · median    -20.3 · years  47.6 · road 0.39 · starved  1331 · nobles  -5.3 · read 70.2 · walls  6.4 · fell 79.3% (mother 32.7%) · prince  7.8% · king  0.3% · crowned  0.1% (median year 86) · 4.1s
try  1 · gen   45 · best    841.7 · elite    318.0 · median    -12.4 · years  35.0 · road 0.33 · starved   889 · nobles  -0.5 · read 71.3 · walls  2.7 · fell 86.2% (mother 23.8%) · prince 13.5% · king  7.7% · crowned  4.7% (median year 55) · 3.9s
try  2 · gen   45 · best    202.3 · elite    115.0 · median     18.2 · years  63.4 · road 0.43 · starved   857 · nobles -12.7 · read 99.7 · walls  7.1 · fell 54.7% (mother 22.4%) · prince  0.3% · king  0.1% · crowned  0.0% · 3.9s
try  3 · gen   45 · best    141.9 · elite     73.1 · median    -19.1 · years  48.2 · road 0.35 · starved  1027 · nobles  -6.0 · read 62.6 · walls  5.0 · fell 76.0% (mother 20.4%) · prince  6.7% · king  0.1% · crowned  0.0% (median year 75) · 3.9s
try  4 · gen   45 · best    146.3 · elite     72.3 · median    -14.5 · years  46.1 · road 0.35 · starved   854 · nobles  -6.7 · read 56.9 · walls  6.6 · fell 78.1% (mother 17.9%) · prince  3.9% · king  0.2% · crowned  0.0% · 3.9s
try  5 · gen   45 · best    617.4 · elite    284.6 · median    -24.8 · years  36.5 · road 0.34 · starved  1282 · nobles  -0.4 · read 57.0 · walls  3.4 · fell 83.6% (mother 24.5%) · prince 13.1% · king  7.7% · crowned  5.9% (median year 63) · 3.9s
try  6 · gen   45 · best    695.4 · elite    376.6 · median    -11.0 · years  32.6 · road 0.35 · starved  1111 · nobles  +1.2 · read 39.3 · walls  2.0 · fell 81.3% (mother 22.5%) · prince 16.1% · king  9.6% · crowned  7.5% (median year 52) · 3.9s
try  7 · gen   45 · best    784.4 · elite    368.9 · median    -27.0 · years  29.7 · road 0.33 · starved  1152 · nobles  +0.5 · read 50.3 · walls  2.8 · fell 79.8% (mother 29.0%) · prince 13.5% · king  9.6% · crowned  7.5% (median year 50) · 3.9s
try  8 · gen   45 · best    256.6 · elite     94.4 · median    -19.5 · years  47.8 · road 0.40 · starved  1337 · nobles  -5.2 · read 72.1 · walls  6.5 · fell 79.6% (mother 32.6%) · prince  7.6% · king  0.4% · crowned  0.1% (median year 79) · 3.9s
try  1 · gen   46 · best    620.7 · elite    319.8 · median     -5.6 · years  34.4 · road 0.32 · starved   859 · nobles  -0.0 · read 68.7 · walls  2.5 · fell 87.6% (mother 24.1%) · prince 14.8% · king  8.6% · crowned  5.0% (median year 52) · 3.9s
try  2 · gen   46 · best    170.4 · elite    112.8 · median     21.6 · years  64.1 · road 0.43 · starved   985 · nobles -12.8 · read 101.9 · walls  7.0 · fell 53.3% (mother 20.6%) · prince  0.2% · king  0.0% · crowned  0.0% (median year 100) · 3.9s
try  3 · gen   46 · best    225.8 · elite     76.6 · median    -18.6 · years  48.8 · road 0.36 · starved  1020 · nobles  -6.2 · read 63.3 · walls  5.1 · fell 74.9% (mother 20.2%) · prince  6.6% · king  0.2% · crowned  0.0% (median year 70) · 3.9s
try  4 · gen   46 · best    177.5 · elite     76.3 · median    -15.7 · years  45.0 · road 0.35 · starved   912 · nobles  -6.6 · read 53.1 · walls  6.2 · fell 80.6% (mother 19.3%) · prince  3.8% · king  0.1% · crowned  0.0% · 3.9s
try  5 · gen   46 · best    704.7 · elite    295.6 · median    -22.5 · years  34.9 · road 0.33 · starved  1184 · nobles  -0.2 · read 54.8 · walls  3.0 · fell 83.6% (mother 24.5%) · prince 12.9% · king  8.1% · crowned  6.2% (median year 59) · 3.9s
try  6 · gen   46 · best    829.8 · elite    412.2 · median     -5.5 · years  32.3 · road 0.35 · starved  1191 · nobles  +1.2 · read 34.0 · walls  2.1 · fell 81.3% (mother 25.6%) · prince 16.9% · king 10.2% · crowned  8.0% (median year 51) · 3.9s
try  7 · gen   46 · best    872.7 · elite    409.0 · median    -24.4 · years  29.6 · road 0.32 · starved  1175 · nobles  +1.3 · read 47.7 · walls  2.2 · fell 79.2% (mother 28.2%) · prince 14.8% · king 10.3% · crowned  8.1% (median year 49) · 3.9s
try  8 · gen   46 · best    202.0 · elite     88.3 · median    -14.0 · years  49.0 · road 0.40 · starved  1303 · nobles  -5.4 · read 74.2 · walls  6.5 · fell 79.2% (mother 31.3%) · prince  7.6% · king  0.5% · crowned  0.1% (median year 80) · 3.9s
try  1 · gen   47 · best    838.8 · elite    332.3 · median    -14.9 · years  32.7 · road 0.31 · starved   862 · nobles  +1.5 · read 64.8 · walls  2.4 · fell 88.1% (mother 24.9%) · prince 14.0% · king  7.8% · crowned  4.9% (median year 53) · 3.9s
try  2 · gen   47 · best    173.0 · elite    112.7 · median     20.8 · years  63.3 · road 0.43 · starved   891 · nobles -12.9 · read 104.9 · walls  6.8 · fell 51.8% (mother 20.1%) · prince  0.1% · king  0.0% · crowned  0.0% · 3.9s
try  3 · gen   47 · best    167.9 · elite     82.9 · median    -19.1 · years  48.0 · road 0.36 · starved  1018 · nobles  -5.9 · read 61.3 · walls  5.1 · fell 77.3% (mother 19.6%) · prince  7.1% · king  0.2% · crowned  0.1% (median year 89) · 3.9s
try  4 · gen   47 · best    174.8 · elite     72.6 · median    -16.6 · years  43.2 · road 0.35 · starved   848 · nobles  -6.0 · read 49.0 · walls  5.9 · fell 80.2% (mother 17.9%) · prince  4.6% · king  0.1% · crowned  0.0% · 3.9s
try  5 · gen   47 · best    562.1 · elite    303.9 · median    -26.3 · years  34.2 · road 0.34 · starved  1243 · nobles  -0.2 · read 50.6 · walls  3.3 · fell 85.3% (mother 26.8%) · prince 12.9% · king  7.7% · crowned  6.0% (median year 60) · 3.9s
try  6 · gen   47 · best    855.0 · elite    395.1 · median     -3.9 · years  32.5 · road 0.35 · starved  1073 · nobles  +1.7 · read 34.6 · walls  2.1 · fell 82.1% (mother 24.8%) · prince 15.8% · king  9.7% · crowned  7.9% (median year 53) · 3.9s
try  7 · gen   47 · best    765.6 · elite    405.8 · median    -13.0 · years  29.0 · road 0.32 · starved  1151 · nobles  +1.2 · read 46.3 · walls  2.1 · fell 80.0% (mother 31.3%) · prince 14.8% · king 10.7% · crowned  8.6% (median year 49) · 3.9s
try  8 · gen   47 · best    258.8 · elite     97.2 · median    -13.2 · years  48.5 · road 0.40 · starved  1312 · nobles  -5.4 · read 70.9 · walls  6.5 · fell 79.3% (mother 30.8%) · prince  7.5% · king  0.5% · crowned  0.2% (median year 78) · 3.9s
try  1 · gen   48 · best   1004.2 · elite    363.2 · median    -11.0 · years  31.5 · road 0.31 · starved   865 · nobles  +3.0 · read 61.8 · walls  2.1 · fell 86.2% (mother 26.7%) · prince 14.5% · king  8.9% · crowned  6.3% (median year 51) · 3.9s
try  2 · gen   48 · best    173.2 · elite    123.2 · median     24.4 · years  64.0 · road 0.44 · starved   855 · nobles -13.1 · read 108.3 · walls  6.7 · fell 51.9% (mother 19.6%) · prince  0.0% · king  0.0% · crowned  0.0% · 3.9s
try  3 · gen   48 · best    280.0 · elite     82.0 · median    -19.8 · years  47.2 · road 0.36 · starved  1009 · nobles  -5.8 · read 55.8 · walls  5.5 · fell 77.2% (mother 20.4%) · prince  7.2% · king  0.3% · crowned  0.1% (median year 80) · 3.9s
try  4 · gen   48 · best    169.7 · elite     78.0 · median    -14.8 · years  43.5 · road 0.34 · starved   809 · nobles  -5.5 · read 48.7 · walls  6.1 · fell 81.3% (mother 16.8%) · prince  4.4% · king  0.1% · crowned  0.0% · 3.9s
try  5 · gen   48 · best    746.1 · elite    293.1 · median    -24.6 · years  34.1 · road 0.34 · starved  1375 · nobles  -0.1 · read 49.7 · walls  3.8 · fell 84.8% (mother 28.2%) · prince 12.4% · king  7.6% · crowned  5.8% (median year 59) · 3.9s
try  6 · gen   48 · best    692.2 · elite    405.5 · median     -8.3 · years  32.4 · road 0.35 · starved  1269 · nobles  +2.6 · read 32.5 · walls  2.3 · fell 83.3% (mother 27.5%) · prince 15.9% · king 10.0% · crowned  7.8% (median year 51) · 3.9s
try  7 · gen   48 · best    809.7 · elite    405.3 · median    -30.7 · years  28.3 · road 0.32 · starved  1187 · nobles  +0.7 · read 43.1 · walls  1.8 · fell 81.2% (mother 32.7%) · prince 14.5% · king 10.3% · crowned  7.9% (median year 47) · 3.9s
try  8 · gen   48 · best    201.8 · elite     86.6 · median    -13.3 · years  46.8 · road 0.40 · starved  1290 · nobles  -4.7 · read 68.0 · walls  6.4 · fell 79.5% (mother 30.9%) · prince  7.6% · king  0.7% · crowned  0.2% (median year 79) · 3.9s
try  1 · gen   49 · best    795.4 · elite    356.5 · median    -10.8 · years  30.8 · road 0.30 · starved   905 · nobles  +4.3 · read 59.8 · walls  1.8 · fell 86.8% (mother 26.8%) · prince 14.4% · king  8.8% · crowned  6.4% (median year 50) · 3.9s
try  2 · gen   49 · best    186.5 · elite    120.6 · median     29.8 · years  66.0 · road 0.44 · starved   795 · nobles -13.3 · read 116.4 · walls  6.9 · fell 50.4% (mother 18.4%) · prince  0.1% · king  0.0% · crowned  0.0% · 3.9s
try  3 · gen   49 · best    231.3 · elite     89.8 · median    -18.4 · years  47.7 · road 0.37 · starved  1019 · nobles  -5.9 · read 51.5 · walls  5.7 · fell 76.7% (mother 20.6%) · prince  6.8% · king  0.3% · crowned  0.1% (median year 76) · 3.9s
try  4 · gen   49 · best    211.5 · elite     76.7 · median    -15.7 · years  44.0 · road 0.34 · starved   855 · nobles  -5.8 · read 49.5 · walls  6.2 · fell 82.1% (mother 19.2%) · prince  4.6% · king  0.2% · crowned  0.0% (median year 80) · 3.9s
try  5 · gen   49 · best    591.5 · elite    310.6 · median    -25.6 · years  33.3 · road 0.34 · starved  1223 · nobles  +0.2 · read 47.9 · walls  3.6 · fell 84.8% (mother 26.7%) · prince 12.9% · king  7.9% · crowned  6.2% (median year 59) · 3.9s
try  6 · gen   49 · best    693.2 · elite    399.1 · median     -0.2 · years  31.0 · road 0.35 · starved  1129 · nobles  +3.0 · read 27.3 · walls  2.1 · fell 82.3% (mother 27.0%) · prince 15.4% · king 10.0% · crowned  8.2% (median year 50) · 3.9s
try  7 · gen   49 · best    857.6 · elite    399.7 · median    -18.9 · years  27.8 · road 0.32 · starved  1174 · nobles  +0.8 · read 43.1 · walls  1.7 · fell 80.0% (mother 31.7%) · prince 15.2% · king 11.0% · crowned  8.4% (median year 46) · 3.9s
try  8 · gen   49 · best    383.4 · elite    112.5 · median    -15.0 · years  47.9 · road 0.40 · starved  1537 · nobles  -4.9 · read 70.7 · walls  6.5 · fell 80.4% (mother 31.3%) · prince  8.8% · king  1.2% · crowned  0.6% (median year 74) · 3.9s
try  1 · gen   50 · best    836.4 · elite    362.7 · median    -15.9 · years  30.4 · road 0.29 · starved   952 · nobles  +5.0 · read 58.4 · walls  1.7 · fell 87.3% (mother 29.9%) · prince 14.5% · king  8.6% · crowned  6.5% (median year 50) · 3.9s
try  2 · gen   50 · best    197.6 · elite    119.1 · median     28.2 · years  63.8 · road 0.44 · starved   805 · nobles -12.8 · read 110.9 · walls  6.6 · fell 51.5% (mother 17.8%) · prince  0.1% · king  0.0% · crowned  0.0% · 3.9s
try  3 · gen   50 · best    275.1 · elite     98.1 · median    -11.3 · years  46.2 · road 0.38 · starved   962 · nobles  -5.7 · read 41.5 · walls  5.9 · fell 77.2% (mother 20.5%) · prince  8.6% · king  0.6% · crowned  0.2% (median year 70) · 3.9s
try  4 · gen   50 · best    283.2 · elite     81.8 · median    -15.6 · years  43.6 · road 0.34 · starved   840 · nobles  -5.4 · read 47.6 · walls  5.8 · fell 81.8% (mother 18.9%) · prince  4.5% · king  0.3% · crowned  0.1% (median year 78) · 3.9s
try  5 · gen   50 · best    647.9 · elite    282.3 · median    -23.5 · years  33.4 · road 0.34 · starved  1238 · nobles  -0.0 · read 45.9 · walls  3.4 · fell 86.1% (mother 26.3%) · prince 12.3% · king  7.1% · crowned  5.3% (median year 58) · 3.9s
try  6 · gen   50 · best    775.9 · elite    420.5 · median      1.1 · years  30.1 · road 0.35 · starved  1118 · nobles  +3.2 · read 26.0 · walls  2.1 · fell 81.9% (mother 29.4%) · prince 15.6% · king 10.7% · crowned  8.7% (median year 47) · 3.9s
try  7 · gen   50 · best    839.5 · elite    422.6 · median    -23.7 · years  28.4 · road 0.32 · starved  1192 · nobles  +1.1 · read 45.3 · walls  1.7 · fell 79.2% (mother 29.6%) · prince 15.2% · king 10.6% · crowned  8.5% (median year 46) · 3.9s
try  8 · gen   50 · best    620.0 · elite    125.3 · median    -15.8 · years  46.7 · road 0.39 · starved  1710 · nobles  -4.1 · read 67.6 · walls  6.4 · fell 80.7% (mother 33.0%) · prince  8.5% · king  1.2% · crowned  0.5% (median year 66) · 3.9s
try  1 · gen   51 · best    959.6 · elite    351.3 · median    -16.2 · years  29.8 · road 0.29 · starved   973 · nobles  +5.3 · read 57.0 · walls  1.7 · fell 87.6% (mother 31.1%) · prince 13.8% · king  8.8% · crowned  6.5% (median year 49) · 3.9s
try  2 · gen   51 · best    183.7 · elite    118.0 · median     26.7 · years  63.7 · road 0.43 · starved   774 · nobles -12.7 · read 118.3 · walls  6.6 · fell 52.4% (mother 18.3%) · prince  0.1% · king  0.0% · crowned  0.0% · 3.9s
try  3 · gen   51 · best    412.0 · elite    109.5 · median     -9.3 · years  47.1 · road 0.39 · starved  1096 · nobles  -5.5 · read 42.0 · walls  5.9 · fell 78.8% (mother 22.5%) · prince 10.4% · king  0.9% · crowned  0.3% (median year 66) · 3.9s
try  4 · gen   51 · best    169.3 · elite     81.9 · median    -14.8 · years  44.2 · road 0.34 · starved   828 · nobles  -5.5 · read 46.8 · walls  5.7 · fell 82.4% (mother 19.5%) · prince  4.3% · king  0.3% · crowned  0.0% (median year 68) · 3.9s
try  5 · gen   51 · best    622.2 · elite    336.5 · median    -17.6 · years  34.0 · road 0.34 · starved  1202 · nobles  +0.6 · read 45.4 · walls  3.4 · fell 84.0% (mother 24.5%) · prince 13.1% · king  8.3% · crowned  6.5% (median year 58) · 3.9s
try  6 · gen   51 · best    874.6 · elite    441.9 · median      4.1 · years  29.9 · road 0.36 · starved  1223 · nobles  +3.6 · read 25.5 · walls  2.2 · fell 81.7% (mother 32.5%) · prince 16.8% · king 11.1% · crowned  9.0% (median year 47) · 3.9s
try  7 · gen   51 · best    862.8 · elite    449.9 · median    -33.3 · years  26.7 · road 0.32 · starved  1143 · nobles  +0.5 · read 41.0 · walls  1.6 · fell 79.8% (mother 33.8%) · prince 14.4% · king 10.5% · crowned  8.2% (median year 44) · 3.9s
try  8 · gen   51 · best    392.2 · elite    113.4 · median    -14.4 · years  47.6 · road 0.40 · starved  1551 · nobles  -4.2 · read 69.9 · walls  6.6 · fell 79.1% (mother 32.3%) · prince  9.6% · king  1.2% · crowned  0.4% (median year 72) · 3.9s
try  1 · gen   52 · best    816.5 · elite    388.4 · median    -10.6 · years  29.5 · road 0.29 · starved   890 · nobles  +4.9 · read 56.4 · walls  1.8 · fell 86.0% (mother 29.2%) · prince 14.2% · king  9.6% · crowned  7.2% (median year 49) · 3.9s
try  2 · gen   52 · best    248.3 · elite    118.4 · median     29.4 · years  65.2 · road 0.44 · starved   737 · nobles -13.1 · read 121.9 · walls  6.7 · fell 49.8% (mother 15.9%) · prince  0.1% · king  0.0% · crowned  0.0% · 3.9s
try  3 · gen   52 · best    432.8 · elite    120.7 · median    -10.8 · years  46.5 · road 0.39 · starved  1157 · nobles  -5.2 · read 40.8 · walls  5.9 · fell 78.8% (mother 21.9%) · prince 10.9% · king  1.1% · crowned  0.4% (median year 68) · 3.9s
try  4 · gen   52 · best    219.4 · elite     82.7 · median    -13.5 · years  44.3 · road 0.34 · starved   797 · nobles  -6.1 · read 46.8 · walls  5.6 · fell 82.2% (mother 20.8%) · prince  4.7% · king  0.3% · crowned  0.0% (median year 73) · 3.9s
try  5 · gen   52 · best    831.7 · elite    306.6 · median    -18.1 · years  33.3 · road 0.34 · starved  1270 · nobles  +0.6 · read 41.9 · walls  3.6 · fell 84.7% (mother 26.5%) · prince 12.9% · king  7.6% · crowned  6.2% (median year 57) · 3.9s
try  6 · gen   52 · best    815.8 · elite    452.1 · median     12.2 · years  29.9 · road 0.36 · starved  1219 · nobles  +3.9 · read 25.5 · walls  2.2 · fell 81.8% (mother 35.8%) · prince 17.7% · king 12.1% · crowned  9.4% (median year 46) · 3.9s
try  7 · gen   52 · best    794.3 · elite    396.4 · median    -30.0 · years  27.2 · road 0.32 · starved  1128 · nobles  +0.1 · read 41.6 · walls  1.6 · fell 80.0% (mother 32.4%) · prince 13.7% · king 10.1% · crowned  7.8% (median year 45) · 3.9s
try  8 · gen   52 · best    337.9 · elite    122.4 · median    -11.5 · years  48.7 · road 0.40 · starved  1362 · nobles  -4.4 · read 67.4 · walls  6.6 · fell 76.8% (mother 33.1%) · prince  9.6% · king  1.1% · crowned  0.4% (median year 70) · 3.9s
try  1 · gen   53 · best    664.4 · elite    386.2 · median    -14.5 · years  28.8 · road 0.28 · starved   913 · nobles  +4.8 · read 54.5 · walls  1.5 · fell 86.0% (mother 29.1%) · prince 13.6% · king  9.3% · crowned  7.2% (median year 50) · 4.0s
try  2 · gen   53 · best    208.1 · elite    126.8 · median     28.5 · years  63.6 · road 0.44 · starved   742 · nobles -12.6 · read 117.3 · walls  6.8 · fell 51.7% (mother 16.4%) · prince  0.0% · king  0.0% · crowned  0.0% · 4.0s
try  3 · gen   53 · best    542.2 · elite    130.6 · median     -9.1 · years  45.6 · road 0.39 · starved  1120 · nobles  -4.6 · read 41.5 · walls  5.7 · fell 80.2% (mother 21.4%) · prince 11.2% · king  1.6% · crowned  0.7% (median year 64) · 4.0s
try  4 · gen   53 · best    158.3 · elite     83.6 · median    -11.2 · years  45.6 · road 0.34 · starved   771 · nobles  -6.3 · read 49.1 · walls  5.7 · fell 79.7% (mother 19.8%) · prince  4.2% · king  0.2% · crowned  0.0% (median year 83) · 4.0s
try  5 · gen   53 · best    809.1 · elite    289.2 · median    -17.2 · years  33.3 · road 0.35 · starved  1245 · nobles  +0.7 · read 41.5 · walls  3.7 · fell 84.5% (mother 28.3%) · prince 12.9% · king  7.4% · crowned  5.8% (median year 59) · 4.0s
try  6 · gen   53 · best    696.6 · elite    432.5 · median      6.3 · years  28.8 · road 0.35 · starved  1163 · nobles  +3.2 · read 24.4 · walls  2.1 · fell 82.3% (mother 37.3%) · prince 17.0% · king 11.6% · crowned  9.0% (median year 45) · 4.0s
try  7 · gen   53 · best    944.5 · elite    417.4 · median    -20.7 · years  27.6 · road 0.33 · starved  1202 · nobles  +0.0 · read 42.0 · walls  1.7 · fell 80.6% (mother 36.9%) · prince 15.5% · king 10.9% · crowned  8.0% (median year 44) · 4.0s
try  8 · gen   53 · best    537.0 · elite    141.3 · median     -7.4 · years  48.2 · road 0.41 · starved  1282 · nobles  -4.8 · read 66.0 · walls  6.4 · fell 77.1% (mother 32.5%) · prince 10.2% · king  1.3% · crowned  0.6% (median year 65) · 4.0s
try  1 · gen   54 · best    907.9 · elite    393.5 · median    -15.7 · years  29.3 · road 0.29 · starved   989 · nobles  +5.5 · read 51.4 · walls  1.6 · fell 86.8% (mother 30.2%) · prince 14.3% · king 10.0% · crowned  7.3% (median year 50) · 3.9s
try  2 · gen   54 · best    176.6 · elite    119.4 · median     30.4 · years  64.2 · road 0.44 · starved   692 · nobles -12.7 · read 119.8 · walls  6.8 · fell 51.2% (mother 15.1%) · prince  0.0% · king  0.0% · crowned  0.0% · 3.9s
try  3 · gen   54 · best    552.4 · elite    131.5 · median    -15.3 · years  44.0 · road 0.37 · starved  1157 · nobles  -2.9 · read 42.0 · walls  5.4 · fell 83.5% (mother 23.8%) · prince 10.9% · king  2.0% · crowned  0.9% (median year 63) · 3.9s
try  4 · gen   54 · best    141.4 · elite     81.1 · median    -11.1 · years  45.6 · road 0.35 · starved   803 · nobles  -6.7 · read 48.0 · walls  5.5 · fell 79.8% (mother 20.4%) · prince  4.2% · king  0.2% · crowned  0.0% (median year 98) · 3.9s
try  5 · gen   54 · best    583.6 · elite    315.6 · median    -22.0 · years  34.9 · road 0.36 · starved  1301 · nobles  +0.5 · read 41.9 · walls  4.4 · fell 85.7% (mother 28.0%) · prince 12.9% · king  7.8% · crowned  5.9% (median year 60) · 3.9s
try  6 · gen   54 · best    722.8 · elite    464.4 · median     21.9 · years  28.5 · road 0.35 · starved  1136 · nobles  +3.5 · read 23.4 · walls  2.2 · fell 80.6% (mother 38.2%) · prince 17.5% · king 12.7% · crowned 10.1% (median year 44) · 3.9s
try  7 · gen   54 · best    785.7 · elite    426.1 · median    -17.4 · years  27.0 · road 0.33 · starved  1205 · nobles  +0.4 · read 42.1 · walls  1.6 · fell 77.9% (mother 36.5%) · prince 15.9% · king 11.5% · crowned  8.5% (median year 42) · 3.9s
try  8 · gen   54 · best    404.6 · elite    149.1 · median    -10.6 · years  47.4 · road 0.40 · starved  1392 · nobles  -3.9 · read 67.4 · walls  6.4 · fell 77.2% (mother 32.7%) · prince 10.8% · king  1.6% · crowned  0.9% (median year 61) · 3.9s
try  1 · gen   55 · best    659.8 · elite    352.0 · median    -14.7 · years  29.4 · road 0.29 · starved  1049 · nobles  +6.2 · read 48.1 · walls  1.5 · fell 87.6% (mother 30.8%) · prince 13.8% · king  9.1% · crowned  6.7% (median year 53) · 3.9s
try  2 · gen   55 · best    182.0 · elite    117.7 · median     28.8 · years  64.3 · road 0.44 · starved   684 · nobles -12.9 · read 114.8 · walls  6.8 · fell 51.3% (mother 14.9%) · prince  0.1% · king  0.0% · crowned  0.0% · 3.9s
try  3 · gen   55 · best    408.2 · elite    143.2 · median    -12.8 · years  42.0 · road 0.37 · starved  1218 · nobles  -1.9 · read 38.8 · walls  5.3 · fell 84.7% (mother 26.5%) · prince 11.7% · king  2.7% · crowned  1.2% (median year 67) · 3.9s
try  4 · gen   55 · best    166.3 · elite     75.9 · median    -10.1 · years  46.6 · road 0.34 · starved   842 · nobles  -6.6 · read 50.7 · walls  5.8 · fell 77.8% (mother 19.0%) · prince  3.5% · king  0.2% · crowned  0.0% (median year 95) · 3.9s
try  5 · gen   55 · best    935.9 · elite    325.3 · median    -17.9 · years  34.0 · road 0.36 · starved  1301 · nobles  +0.2 · read 38.0 · walls  4.3 · fell 85.2% (mother 29.7%) · prince 13.6% · king  8.0% · crowned  6.0% (median year 57) · 3.9s
try  6 · gen   55 · best    918.3 · elite    488.2 · median     53.2 · years  28.2 · road 0.35 · starved  1171 · nobles  +4.3 · read 20.7 · walls  2.2 · fell 79.1% (mother 38.7%) · prince 18.3% · king 13.9% · crowned 10.9% (median year 42) · 3.9s
try  7 · gen   55 · best   1072.0 · elite    455.7 · median     -2.2 · years  26.7 · road 0.34 · starved  1245 · nobles  +0.6 · read 42.6 · walls  1.6 · fell 77.5% (mother 36.6%) · prince 17.4% · king 12.5% · crowned  9.0% (median year 40) · 3.9s
try  8 · gen   55 · best    438.9 · elite    163.6 · median    -18.7 · years  44.9 · road 0.39 · starved  1457 · nobles  -2.6 · read 63.6 · walls  6.5 · fell 78.8% (mother 33.1%) · prince 11.3% · king  1.9% · crowned  1.3% (median year 59) · 3.9s
try  1 · gen   56 · best    686.0 · elite    388.8 · median     -6.7 · years  29.8 · road 0.30 · starved  1011 · nobles  +6.2 · read 46.4 · walls  1.4 · fell 87.5% (mother 28.8%) · prince 14.6% · king  9.9% · crowned  7.2% (median year 51) · 3.9s
try  2 · gen   56 · best    198.4 · elite    117.4 · median     29.3 · years  63.8 · road 0.44 · starved   703 · nobles -12.6 · read 109.9 · walls  6.8 · fell 51.2% (mother 14.5%) · prince  0.1% · king  0.0% · crowned  0.0% · 3.9s
try  3 · gen   56 · best    394.7 · elite    169.6 · median    -19.7 · years  40.6 · road 0.37 · starved  1246 · nobles  -1.4 · read 38.9 · walls  5.1 · fell 85.5% (mother 28.9%) · prince 11.9% · king  3.0% · crowned  1.6% (median year 63) · 3.9s
try  4 · gen   56 · best    144.0 · elite     75.4 · median    -10.9 · years  46.2 · road 0.35 · starved   781 · nobles  -6.2 · read 48.7 · walls  5.7 · fell 77.9% (mother 16.5%) · prince  4.0% · king  0.1% · crowned  0.1% (median year 96) · 3.9s
try  5 · gen   56 · best    944.6 · elite    297.4 · median    -13.5 · years  34.9 · road 0.36 · starved  1304 · nobles  +0.7 · read 36.3 · walls  4.6 · fell 84.5% (mother 30.0%) · prince 13.6% · king  7.7% · crowned  6.2% (median year 59) · 3.9s
try  6 · gen   56 · best   1098.8 · elite    527.4 · median     28.7 · years  27.4 · road 0.34 · starved  1114 · nobles  +4.5 · read 19.1 · walls  1.9 · fell 79.3% (mother 37.7%) · prince 18.3% · king 13.9% · crowned 11.1% (median year 41) · 3.9s
try  7 · gen   56 · best    827.1 · elite    456.0 · median      3.7 · years  26.9 · road 0.35 · starved  1242 · nobles  +0.7 · read 43.2 · walls  1.7 · fell 76.5% (mother 38.1%) · prince 18.5% · king 12.9% · crowned  9.4% (median year 40) · 3.9s
try  8 · gen   56 · best    597.9 · elite    164.0 · median    -23.8 · years  42.5 · road 0.38 · starved  1463 · nobles  -0.6 · read 56.8 · walls  6.9 · fell 82.9% (mother 39.5%) · prince 11.1% · king  2.0% · crowned  1.2% (median year 58) · 3.9s
try  1 · gen   57 · best    872.8 · elite    383.5 · median     -7.5 · years  30.5 · road 0.30 · starved  1075 · nobles  +7.1 · read 45.8 · walls  1.3 · fell 87.8% (mother 28.1%) · prince 15.2% · king  9.8% · crowned  7.2% (median year 52) · 3.8s
try  2 · gen   57 · best    184.2 · elite    123.2 · median     29.8 · years  63.3 · road 0.44 · starved   760 · nobles -12.6 · read 100.3 · walls  7.2 · fell 52.1% (mother 15.7%) · prince  0.1% · king  0.0% · crowned  0.0% · 3.8s
try  3 · gen   57 · best    541.9 · elite    183.6 · median    -26.2 · years  38.3 · road 0.36 · starved  1270 · nobles  -0.3 · read 37.8 · walls  4.5 · fell 86.2% (mother 32.7%) · prince 12.1% · king  3.5% · crowned  1.9% (median year 61) · 3.8s
try  4 · gen   57 · best    202.9 · elite     91.7 · median     -6.2 · years  47.4 · road 0.35 · starved   786 · nobles  -6.2 · read 49.6 · walls  5.7 · fell 78.1% (mother 18.1%) · prince  4.0% · king  0.3% · crowned  0.1% (median year 85) · 3.8s
try  5 · gen   57 · best    733.3 · elite    310.7 · median    -12.2 · years  35.3 · road 0.37 · starved  1232 · nobles  +0.9 · read 34.3 · walls  4.6 · fell 85.4% (mother 32.2%) · prince 12.7% · king  7.7% · crowned  5.9% (median year 60) · 3.8s
try  6 · gen   57 · best    916.3 · elite    489.6 · median     34.9 · years  27.2 · road 0.34 · starved  1065 · nobles  +4.6 · read 17.4 · walls  1.5 · fell 79.2% (mother 36.2%) · prince 18.0% · king 13.8% · crowned 11.0% (median year 41) · 3.8s
try  7 · gen   57 · best    875.8 · elite    515.5 · median     11.4 · years  27.5 · road 0.36 · starved  1265 · nobles  +1.0 · read 43.7 · walls  1.7 · fell 74.4% (mother 36.2%) · prince 19.7% · king 14.2% · crowned 10.3% (median year 40) · 3.8s
try  8 · gen   57 · best    494.8 · elite    165.9 · median    -20.6 · years  42.6 · road 0.39 · starved  1447 · nobles  -0.9 · read 56.0 · walls  6.6 · fell 80.7% (mother 38.0%) · prince 12.4% · king  2.2% · crowned  1.5% (median year 59) · 3.8s
try  1 · gen   58 · best    845.3 · elite    403.1 · median     -6.7 · years  29.5 · road 0.29 · starved  1029 · nobles  +6.8 · read 43.8 · walls  1.3 · fell 86.7% (mother 28.3%) · prince 14.4% · king 10.3% · crowned  7.7% (median year 50) · 3.8s
try  2 · gen   58 · best    200.1 · elite    125.0 · median     33.2 · years  63.9 · road 0.45 · starved   761 · nobles -12.9 · read 89.3 · walls  7.5 · fell 52.0% (mother 17.3%) · prince  0.1% · king  0.0% · crowned  0.0% · 3.8s
try  3 · gen   58 · best    531.3 · elite    175.5 · median    -30.3 · years  37.1 · road 0.35 · starved  1310 · nobles  +0.1 · read 37.0 · walls  4.4 · fell 87.2% (mother 35.3%) · prince 11.3% · king  3.2% · crowned  2.0% (median year 63) · 3.8s
try  4 · gen   58 · best    209.0 · elite     83.1 · median    -11.4 · years  46.0 · road 0.35 · starved   803 · nobles  -6.3 · read 48.3 · walls  5.4 · fell 78.6% (mother 19.8%) · prince  3.2% · king  0.2% · crowned  0.1% (median year 90) · 3.8s
try  5 · gen   58 · best    549.3 · elite    292.4 · median     -7.0 · years  36.6 · road 0.37 · starved  1298 · nobles  +0.4 · read 34.0 · walls  4.9 · fell 84.3% (mother 30.4%) · prince 13.7% · king  8.4% · crowned  6.4% (median year 61) · 3.8s
try  6 · gen   58 · best    889.3 · elite    506.9 · median     22.0 · years  26.6 · road 0.33 · starved   907 · nobles  +4.2 · read 16.0 · walls  1.0 · fell 78.8% (mother 32.7%) · prince 16.8% · king 12.9% · crowned 10.6% (median year 39) · 3.8s
try  7 · gen   58 · best    840.7 · elite    503.7 · median     17.7 · years  26.2 · road 0.35 · starved  1251 · nobles  +1.2 · read 41.4 · walls  1.7 · fell 73.8% (mother 39.0%) · prince 19.4% · king 14.0% · crowned 10.2% (median year 38) · 3.8s
try  8 · gen   58 · best    459.4 · elite    196.5 · median    -23.8 · years  42.1 · road 0.39 · starved  1785 · nobles  -0.6 · read 53.7 · walls  6.8 · fell 82.0% (mother 39.7%) · prince 13.1% · king  3.0% · crowned  2.1% (median year 61) · 3.8s
try  1 · gen   59 · best    778.0 · elite    409.6 · median    -11.2 · years  29.7 · road 0.29 · starved  1052 · nobles  +7.2 · read 41.2 · walls  1.2 · fell 86.8% (mother 28.7%) · prince 13.8% · king 10.0% · crowned  7.9% (median year 53) · 3.8s
try  2 · gen   59 · best    197.6 · elite    131.1 · median     37.3 · years  65.1 · road 0.45 · starved   712 · nobles -13.3 · read 83.1 · walls  7.4 · fell 50.7% (mother 16.9%) · prince  0.2% · king  0.0% · crowned  0.0% · 3.8s
try  3 · gen   59 · best    561.0 · elite    199.6 · median    -27.6 · years  38.5 · road 0.35 · starved  1348 · nobles  +0.2 · read 40.4 · walls  4.5 · fell 85.9% (mother 35.2%) · prince 12.1% · king  4.1% · crowned  2.5% (median year 62) · 3.8s
try  4 · gen   59 · best    311.9 · elite     80.4 · median    -12.8 · years  45.9 · road 0.34 · starved   819 · nobles  -6.3 · read 48.0 · walls  5.3 · fell 79.4% (mother 20.2%) · prince  3.5% · king  0.2% · crowned  0.1% (median year 76) · 3.8s
try  5 · gen   59 · best    586.4 · elite    297.6 · median    -12.4 · years  37.5 · road 0.38 · starved  1268 · nobles  -0.0 · read 32.2 · walls  5.0 · fell 84.1% (mother 29.9%) · prince 13.6% · king  7.6% · crowned  5.8% (median year 61) · 3.8s
try  6 · gen   59 · best    882.6 · elite    509.0 · median     48.8 · years  26.2 · road 0.33 · starved  1000 · nobles  +3.8 · read 13.2 · walls  0.8 · fell 78.9% (mother 32.4%) · prince 18.2% · king 13.7% · crowned 10.8% (median year 37) · 3.8s
try  7 · gen   59 · best   1063.6 · elite    548.6 · median     36.4 · years  25.8 · road 0.36 · starved  1156 · nobles  +1.2 · read 42.0 · walls  1.7 · fell 71.4% (mother 35.5%) · prince 20.6% · king 15.4% · crowned 11.3% (median year 37) · 3.8s
try  8 · gen   59 · best    375.4 · elite    181.8 · median    -28.2 · years  42.1 · road 0.39 · starved  2124 · nobles  -1.0 · read 49.5 · walls  6.9 · fell 82.1% (mother 46.2%) · prince 12.2% · king  2.2% · crowned  1.6% (median year 60) · 3.8s
try  1 · gen   60 · best    846.4 · elite    404.8 · median    -12.0 · years  29.7 · road 0.30 · starved  1151 · nobles  +7.5 · read 40.0 · walls  1.1 · fell 87.1% (mother 29.4%) · prince 14.3% · king 10.1% · crowned  8.0% (median year 51) · 3.8s
try  2 · gen   60 · best    189.5 · elite    127.9 · median     40.8 · years  66.4 · road 0.45 · starved   664 · nobles -13.7 · read 80.1 · walls  7.6 · fell 49.8% (mother 16.2%) · prince  0.0% · king  0.0% · crowned  0.0% · 3.8s
try  3 · gen   60 · best    608.0 · elite    198.9 · median    -32.8 · years  37.7 · road 0.35 · starved  1419 · nobles  +0.6 · read 40.0 · walls  4.3 · fell 87.6% (mother 37.5%) · prince 11.3% · king  4.0% · crowned  2.6% (median year 63) · 3.8s
try  4 · gen   60 · best    147.9 · elite     76.9 · median    -13.8 · years  45.1 · road 0.34 · starved   782 · nobles  -5.8 · read 48.7 · walls  5.2 · fell 79.6% (mother 17.3%) · prince  3.7% · king  0.2% · crowned  0.1% (median year 88) · 3.8s
try  5 · gen   60 · best    660.2 · elite    279.9 · median    -11.4 · years  38.8 · road 0.38 · starved  1318 · nobles  -0.9 · read 32.8 · walls  5.3 · fell 83.6% (mother 31.2%) · prince 13.7% · king  7.5% · crowned  5.5% (median year 63) · 3.8s
try  6 · gen   60 · best    934.7 · elite    524.3 · median     46.0 · years  25.5 · road 0.33 · starved   959 · nobles  +3.9 · read 12.5 · walls  0.7 · fell 78.5% (mother 34.5%) · prince 18.0% · king 14.2% · crowned 11.3% (median year 36) · 3.8s
try  7 · gen   60 · best   1093.6 · elite    546.0 · median     51.6 · years  25.4 · road 0.36 · starved  1140 · nobles  +1.2 · read 41.8 · walls  1.7 · fell 70.9% (mother 36.4%) · prince 21.6% · king 15.5% · crowned 11.4% (median year 35) · 3.8s
try  8 · gen   60 · best    571.3 · elite    195.3 · median    -17.3 · years  43.4 · road 0.39 · starved  1559 · nobles  -1.0 · read 55.6 · walls  6.8 · fell 81.6% (mother 44.7%) · prince 14.3% · king  3.0% · crowned  1.9% (median year 61) · 3.8s
try  1 · gen   61 · best    839.8 · elite    446.3 · median      0.2 · years  29.1 · road 0.30 · starved  1025 · nobles  +7.2 · read 39.0 · walls  1.3 · fell 86.6% (mother 30.6%) · prince 15.1% · king 11.3% · crowned  8.9% (median year 50) · 3.7s
try  2 · gen   61 · best    198.3 · elite    130.9 · median     40.8 · years  66.2 · road 0.46 · starved   655 · nobles -13.8 · read 72.6 · walls  7.8 · fell 48.1% (mother 14.0%) · prince  0.0% · king  0.0% · crowned  0.0% · 3.7s
try  3 · gen   61 · best    433.9 · elite    198.7 · median    -34.4 · years  36.2 · road 0.35 · starved  1462 · nobles  +0.5 · read 37.2 · walls  4.4 · fell 87.7% (mother 37.8%) · prince 11.4% · king  4.5% · crowned  2.9% (median year 57) · 3.7s
try  4 · gen   61 · best    281.6 · elite     74.8 · median    -16.8 · years  44.6 · road 0.34 · starved   855 · nobles  -5.9 · read 47.9 · walls  5.4 · fell 79.6% (mother 21.3%) · prince  3.0% · king  0.3% · crowned  0.1% (median year 88) · 3.7s
try  5 · gen   61 · best    745.8 · elite    300.8 · median     -8.3 · years  38.4 · road 0.38 · starved  1293 · nobles  -0.9 · read 31.9 · walls  5.4 · fell 83.9% (mother 31.4%) · prince 13.6% · king  7.7% · crowned  5.7% (median year 63) · 3.7s
try  6 · gen   61 · best    926.1 · elite    511.4 · median    115.4 · years  25.3 · road 0.33 · starved   902 · nobles  +4.0 · read 11.5 · walls  0.6 · fell 77.5% (mother 33.3%) · prince 19.0% · king 14.8% · crowned 11.5% (median year 36) · 3.7s
try  7 · gen   61 · best   1098.4 · elite    556.1 · median     78.3 · years  25.3 · road 0.36 · starved  1132 · nobles  +1.2 · read 42.3 · walls  1.8 · fell 69.3% (mother 33.9%) · prince 21.3% · king 15.8% · crowned 11.9% (median year 35) · 3.7s
try  8 · gen   61 · best    414.9 · elite    208.6 · median     -8.2 · years  44.2 · road 0.40 · starved  1534 · nobles  -1.0 · read 58.1 · walls  6.8 · fell 79.9% (mother 39.6%) · prince 16.3% · king  4.3% · crowned  2.9% (median year 60) · 3.7s
try  1 · gen   62 · best    897.6 · elite    468.7 · median      6.9 · years  28.3 · road 0.30 · starved  1013 · nobles  +8.0 · read 36.4 · walls  1.3 · fell 86.0% (mother 31.8%) · prince 15.1% · king 12.1% · crowned 10.0% (median year 50) · 3.8s
try  2 · gen   62 · best    211.4 · elite    134.1 · median     43.5 · years  66.0 · road 0.46 · starved   648 · nobles -14.2 · read 66.7 · walls  7.9 · fell 50.1% (mother 15.5%) · prince  0.2% · king  0.0% · crowned  0.0% · 3.8s
try  3 · gen   62 · best    447.1 · elite    195.8 · median    -34.1 · years  35.7 · road 0.35 · starved  1554 · nobles  +0.5 · read 35.2 · walls  4.5 · fell 88.2% (mother 38.4%) · prince 11.6% · king  5.2% · crowned  3.0% (median year 63) · 3.8s
try  4 · gen   62 · best    320.3 · elite     84.3 · median    -11.9 · years  44.5 · road 0.34 · starved   800 · nobles  -5.8 · read 47.5 · walls  5.3 · fell 80.0% (mother 19.0%) · prince  3.3% · king  0.4% · crowned  0.2% (median year 70) · 3.8s
try  5 · gen   62 · best    715.7 · elite    307.4 · median    -10.3 · years  38.4 · road 0.38 · starved  1278 · nobles  -0.6 · read 31.5 · walls  5.4 · fell 84.3% (mother 32.2%) · prince 13.9% · king  7.3% · crowned  5.4% (median year 62) · 3.8s
try  6 · gen   62 · best    940.8 · elite    540.4 · median     49.0 · years  24.8 · road 0.33 · starved   902 · nobles  +4.0 · read 10.2 · walls  0.5 · fell 77.0% (mother 32.2%) · prince 18.6% · king 14.6% · crowned 11.3% (median year 34) · 3.8s
try  7 · gen   62 · best   1112.4 · elite    578.2 · median     45.5 · years  24.7 · road 0.36 · starved  1136 · nobles  +1.2 · read 41.2 · walls  1.8 · fell 69.9% (mother 34.9%) · prince 21.6% · king 15.9% · crowned 11.4% (median year 34) · 3.8s
try  8 · gen   62 · best    643.8 · elite    237.2 · median    -17.9 · years  43.1 · road 0.39 · starved  1547 · nobles  -0.2 · read 52.6 · walls  6.8 · fell 82.0% (mother 37.5%) · prince 15.7% · king  4.7% · crowned  3.2% (median year 61) · 3.8s
try  1 · gen   63 · best    854.5 · elite    442.5 · median     12.3 · years  27.4 · road 0.30 · starved  1006 · nobles  +7.9 · read 33.0 · walls  1.1 · fell 85.6% (mother 33.7%) · prince 15.0% · king 12.3% · crowned  9.9% (median year 49) · 3.6s
try  2 · gen   63 · best    199.6 · elite    133.2 · median     41.6 · years  65.0 · road 0.46 · starved   688 · nobles -13.9 · read 63.4 · walls  7.8 · fell 52.8% (mother 17.3%) · prince  0.2% · king  0.0% · crowned  0.0% · 3.6s
try  3 · gen   63 · best    524.9 · elite    234.2 · median    -32.7 · years  34.7 · road 0.35 · starved  1536 · nobles  +0.9 · read 36.2 · walls  4.5 · fell 85.7% (mother 38.0%) · prince 12.7% · king  6.3% · crowned  4.1% (median year 59) · 3.6s
try  4 · gen   63 · best    256.3 · elite     87.3 · median    -12.4 · years  44.9 · road 0.35 · starved   840 · nobles  -5.7 · read 47.0 · walls  5.7 · fell 79.6% (mother 19.3%) · prince  3.5% · king  0.4% · crowned  0.1% (median year 74) · 3.6s
try  5 · gen   63 · best    558.3 · elite    280.7 · median    -10.8 · years  38.5 · road 0.38 · starved  1314 · nobles  -0.9 · read 31.7 · walls  5.2 · fell 84.4% (mother 34.8%) · prince 14.2% · king  7.4% · crowned  5.3% (median year 63) · 3.6s
try  6 · gen   63 · best    933.2 · elite    570.6 · median     63.3 · years  24.4 · road 0.33 · starved   828 · nobles  +3.5 · read  9.9 · walls  0.5 · fell 75.8% (mother 30.9%) · prince 19.2% · king 14.9% · crowned 11.8% (median year 33) · 3.6s
try  7 · gen   63 · best   1131.3 · elite    593.1 · median    105.6 · years  24.0 · road 0.36 · starved  1079 · nobles  +1.9 · read 40.3 · walls  1.9 · fell 67.8% (mother 31.0%) · prince 23.0% · king 16.8% · crowned 12.5% (median year 33) · 3.6s
try  8 · gen   63 · best    765.1 · elite    302.9 · median    -13.1 · years  41.8 · road 0.39 · starved  1531 · nobles  -0.4 · read 50.8 · walls  6.8 · fell 79.8% (mother 35.1%) · prince 17.1% · king  6.8% · crowned  4.6% (median year 60) · 3.6s
try  1 · gen   64 · best    893.9 · elite    459.3 · median     15.9 · years  26.1 · road 0.29 · starved   976 · nobles  +8.9 · read 29.1 · walls  0.9 · fell 86.2% (mother 36.8%) · prince 15.1% · king 12.5% · crowned 10.7% (median year 48) · 3.7s
try  2 · gen   64 · best    244.0 · elite    127.8 · median     39.5 · years  63.9 · road 0.46 · starved   672 · nobles -13.6 · read 59.6 · walls  7.6 · fell 52.3% (mother 16.1%) · prince  0.1% · king  0.0% · crowned  0.0% · 3.7s
try  3 · gen   64 · best    592.9 · elite    253.7 · median    -34.6 · years  35.2 · road 0.35 · starved  1676 · nobles  +0.4 · read 36.1 · walls  4.9 · fell 86.3% (mother 39.9%) · prince 12.6% · king  6.4% · crowned  3.7% (median year 56) · 3.7s
try  4 · gen   64 · best    174.5 · elite     85.2 · median    -14.3 · years  44.0 · road 0.35 · starved   832 · nobles  -5.6 · read 45.8 · walls  5.6 · fell 80.4% (mother 21.8%) · prince  3.4% · king  0.4% · crowned  0.2% (median year 69) · 3.7s
try  5 · gen   64 · best    540.6 · elite    278.6 · median    -10.2 · years  38.0 · road 0.38 · starved  1299 · nobles  -0.9 · read 31.3 · walls  5.1 · fell 84.7% (mother 34.0%) · prince 13.8% · king  7.6% · crowned  5.2% (median year 61) · 3.7s
try  6 · gen   64 · best    974.3 · elite    554.9 · median    147.2 · years  23.9 · road 0.33 · starved   754 · nobles  +3.4 · read  9.6 · walls  0.5 · fell 74.3% (mother 28.4%) · prince 19.9% · king 15.6% · crowned 12.2% (median year 31) · 3.7s
try  7 · gen   64 · best   1130.0 · elite    608.7 · median    111.9 · years  24.3 · road 0.38 · starved  1076 · nobles  +1.8 · read 40.4 · walls  2.3 · fell 68.3% (mother 30.5%) · prince 23.1% · king 17.5% · crowned 12.8% (median year 33) · 3.7s
try  8 · gen   64 · best    612.3 · elite    295.2 · median     -5.6 · years  41.4 · road 0.39 · starved  1455 · nobles  +0.1 · read 50.1 · walls  6.6 · fell 79.0% (mother 33.9%) · prince 18.5% · king  7.6% · crowned  5.0% (median year 56) · 3.7s
try  1 · gen   65 · best    833.4 · elite    455.3 · median     42.2 · years  25.6 · road 0.29 · starved   991 · nobles  +9.0 · read 28.3 · walls  0.8 · fell 86.4% (mother 38.4%) · prince 15.2% · king 12.7% · crowned 10.8% (median year 48) · 3.7s
try  2 · gen   65 · best    193.5 · elite    134.0 · median     38.8 · years  62.9 · road 0.46 · starved   643 · nobles -13.6 · read 53.7 · walls  7.6 · fell 53.6% (mother 15.4%) · prince  0.1% · king  0.0% · crowned  0.0% · 3.7s
try  3 · gen   65 · best    514.2 · elite    260.4 · median    -29.5 · years  35.1 · road 0.36 · starved  1944 · nobles  +0.4 · read 37.0 · walls  5.2 · fell 84.2% (mother 40.8%) · prince 14.0% · king  7.1% · crowned  4.6% (median year 54) · 3.7s
try  4 · gen   65 · best    253.3 · elite     90.7 · median    -10.9 · years  45.1 · road 0.35 · starved   829 · nobles  -5.9 · read 48.7 · walls  5.9 · fell 78.5% (mother 21.1%) · prince  2.6% · king  0.4% · crowned  0.2% (median year 72) · 3.7s
try  5 · gen   65 · best    659.8 · elite    312.5 · median    -10.4 · years  37.8 · road 0.38 · starved  1248 · nobles  -0.8 · read 30.2 · walls  5.1 · fell 84.7% (mother 35.3%) · prince 14.2% · king  7.4% · crowned  5.6% (median year 62) · 3.7s
try  6 · gen   65 · best   1099.3 · elite    573.0 · median    133.8 · years  23.9 · road 0.33 · starved   793 · nobles  +3.9 · read  9.4 · walls  0.6 · fell 73.9% (mother 29.0%) · prince 20.1% · king 15.8% · crowned 12.2% (median year 31) · 3.7s
try  7 · gen   65 · best   1201.2 · elite    582.6 · median    146.9 · years  24.6 · road 0.39 · starved  1037 · nobles  +2.0 · read 39.4 · walls  2.6 · fell 67.1% (mother 29.9%) · prince 24.7% · king 18.9% · crowned 13.2% (median year 32) · 3.7s
try  8 · gen   65 · best    740.2 · elite    292.4 · median     -7.2 · years  41.1 · road 0.39 · starved  1487 · nobles  -0.0 · read 50.4 · walls  6.5 · fell 79.0% (mother 34.7%) · prince 17.4% · king  7.9% · crowned  4.8% (median year 58) · 3.7s
try  1 · gen   66 · best    846.2 · elite    469.3 · median     16.8 · years  25.8 · road 0.29 · starved   979 · nobles  +9.4 · read 28.0 · walls  0.8 · fell 86.1% (mother 38.7%) · prince 14.6% · king 12.4% · crowned 10.9% (median year 49) · 3.7s
try  2 · gen   66 · best    201.6 · elite    128.1 · median     39.9 · years  63.1 · road 0.46 · starved   721 · nobles -13.5 · read 53.7 · walls  8.0 · fell 53.5% (mother 15.9%) · prince  0.2% · king  0.0% · crowned  0.0% · 3.7s
try  3 · gen   66 · best    552.1 · elite    284.5 · median    -28.8 · years  35.4 · road 0.37 · starved  1602 · nobles  +0.6 · read 35.3 · walls  5.4 · fell 85.0% (mother 42.7%) · prince 14.3% · king  7.5% · crowned  4.9% (median year 55) · 3.7s
try  4 · gen   66 · best    200.1 · elite     80.7 · median    -14.1 · years  44.3 · road 0.35 · starved   916 · nobles  -5.5 · read 47.6 · walls  5.8 · fell 80.7% (mother 24.2%) · prince  2.9% · king  0.3% · crowned  0.2% (median year 76) · 3.7s
try  5 · gen   66 · best    571.8 · elite    294.8 · median     -9.8 · years  36.7 · road 0.38 · starved  1320 · nobles  -0.2 · read 27.2 · walls  4.9 · fell 84.4% (mother 34.9%) · prince 13.5% · king  7.7% · crowned  5.6% (median year 63) · 3.7s
try  6 · gen   66 · best   1136.7 · elite    541.7 · median    134.6 · years  23.5 · road 0.33 · starved   868 · nobles  +3.7 · read  8.6 · walls  0.6 · fell 75.9% (mother 32.0%) · prince 20.4% · king 16.1% · crowned 11.7% (median year 31) · 3.7s
try  7 · gen   66 · best    966.0 · elite    593.0 · median    145.5 · years  24.4 · road 0.40 · starved  1041 · nobles  +1.7 · read 38.2 · walls  2.8 · fell 66.4% (mother 32.9%) · prince 24.7% · king 18.3% · crowned 13.6% (median year 32) · 3.7s
try  8 · gen   66 · best    770.8 · elite    326.6 · median      2.6 · years  40.5 · road 0.39 · starved  1440 · nobles  +0.1 · read 50.3 · walls  6.6 · fell 78.0% (mother 33.0%) · prince 18.7% · king  9.4% · crowned  5.9% (median year 56) · 3.7s
try  1 · gen   67 · best    800.7 · elite    467.3 · median     11.7 · years  25.8 · road 0.29 · starved   974 · nobles  +9.2 · read 28.4 · walls  0.8 · fell 86.0% (mother 38.0%) · prince 14.6% · king 12.6% · crowned 10.9% (median year 50) · 3.7s
try  2 · gen   67 · best    175.7 · elite    126.6 · median     34.0 · years  61.3 · road 0.45 · starved   768 · nobles -12.9 · read 54.4 · walls  7.9 · fell 56.3% (mother 16.9%) · prince  0.2% · king  0.0% · crowned  0.0% · 3.7s
try  3 · gen   67 · best    565.7 · elite    252.0 · median    -22.7 · years  35.4 · road 0.37 · starved  1705 · nobles  +0.5 · read 35.6 · walls  5.4 · fell 85.2% (mother 42.9%) · prince 14.7% · king  7.6% · crowned  4.9% (median year 53) · 3.7s
try  4 · gen   67 · best    197.8 · elite     80.2 · median    -14.2 · years  45.4 · road 0.35 · starved   939 · nobles  -5.7 · read 49.8 · walls  6.2 · fell 78.7% (mother 23.6%) · prince  1.9% · king  0.4% · crowned  0.1% (median year 80) · 3.7s
try  5 · gen   67 · best    715.0 · elite    292.1 · median     -8.8 · years  36.0 · road 0.38 · starved  1361 · nobles  -0.1 · read 25.5 · walls  4.9 · fell 85.1% (mother 40.2%) · prince 14.4% · king  8.1% · crowned  5.9% (median year 62) · 3.7s
try  6 · gen   67 · best   1100.8 · elite    558.1 · median     93.4 · years  22.7 · road 0.33 · starved   855 · nobles  +3.3 · read  7.5 · walls  0.6 · fell 76.7% (mother 35.4%) · prince 20.4% · king 15.4% · crowned 11.6% (median year 30) · 3.7s
try  7 · gen   67 · best   1021.0 · elite    605.8 · median    123.2 · years  24.7 · road 0.40 · starved  1121 · nobles  +1.5 · read 37.3 · walls  2.9 · fell 67.3% (mother 34.2%) · prince 24.8% · king 18.6% · crowned 13.3% (median year 33) · 3.7s
try  8 · gen   67 · best    752.7 · elite    345.1 · median      4.0 · years  39.3 · road 0.38 · starved  1273 · nobles  +0.0 · read 49.5 · walls  6.4 · fell 77.2% (mother 30.2%) · prince 18.9% · king  9.9% · crowned  6.4% (median year 54) · 3.7s
try  1 · gen   68 · best   1037.9 · elite    472.6 · median     32.6 · years  26.7 · road 0.29 · starved   905 · nobles  +8.8 · read 29.7 · walls  0.9 · fell 84.7% (mother 32.3%) · prince 15.2% · king 13.0% · crowned 11.3% (median year 49) · 3.7s
try  2 · gen   68 · best    196.7 · elite    130.5 · median     33.8 · years  58.8 · road 0.44 · starved   818 · nobles -12.3 · read 58.9 · walls  7.6 · fell 60.6% (mother 17.4%) · prince  0.3% · king  0.0% · crowned  0.0% · 3.7s
try  3 · gen   68 · best    623.2 · elite    280.3 · median    -19.6 · years  36.0 · road 0.37 · starved  1636 · nobles  +1.1 · read 36.4 · walls  5.3 · fell 85.4% (mother 42.3%) · prince 14.4% · king  7.5% · crowned  4.8% (median year 56) · 3.7s
try  4 · gen   68 · best    216.1 · elite     84.0 · median    -10.4 · years  45.5 · road 0.35 · starved   919 · nobles  -5.5 · read 51.5 · walls  6.2 · fell 79.0% (mother 24.5%) · prince  1.7% · king  0.2% · crowned  0.1% (median year 73) · 3.7s
try  5 · gen   68 · best    646.1 · elite    311.5 · median    -14.2 · years  35.7 · road 0.38 · starved  1269 · nobles  -0.6 · read 25.2 · walls  4.8 · fell 84.8% (mother 37.5%) · prince 13.9% · king  7.6% · crowned  5.7% (median year 58) · 3.7s
try  6 · gen   68 · best   1148.6 · elite    543.7 · median     89.7 · years  22.9 · road 0.33 · starved   888 · nobles  +2.9 · read  8.1 · walls  0.6 · fell 76.3% (mother 35.9%) · prince 20.9% · king 15.4% · crowned 11.2% (median year 30) · 3.7s
try  7 · gen   68 · best   1205.2 · elite    626.4 · median    144.2 · years  24.6 · road 0.41 · starved  1087 · nobles  +2.2 · read 37.1 · walls  3.0 · fell 66.4% (mother 32.3%) · prince 25.4% · king 18.7% · crowned 13.8% (median year 32) · 3.7s
try  8 · gen   68 · best    669.6 · elite    366.1 · median      1.9 · years  38.6 · road 0.38 · starved  1267 · nobles  +0.2 · read 48.0 · walls  6.4 · fell 76.2% (mother 29.8%) · prince 19.0% · king 10.1% · crowned  6.7% (median year 53) · 3.7s
try  1 · gen   69 · best    892.5 · elite    454.0 · median     32.1 · years  27.6 · road 0.29 · starved   977 · nobles  +8.7 · read 30.5 · walls  1.1 · fell 84.8% (mother 32.0%) · prince 15.1% · king 12.5% · crowned 11.0% (median year 51) · 3.7s
try  2 · gen   69 · best    202.4 · elite    124.7 · median     24.4 · years  54.7 · road 0.42 · starved   857 · nobles -11.3 · read 61.2 · walls  7.0 · fell 66.1% (mother 17.4%) · prince  0.2% · king  0.0% · crowned  0.0% · 3.7s
try  3 · gen   69 · best    608.1 · elite    285.7 · median    -20.6 · years  36.4 · road 0.37 · starved  1783 · nobles  +1.2 · read 35.1 · walls  5.5 · fell 83.3% (mother 41.2%) · prince 14.4% · king  8.0% · crowned  5.1% (median year 57) · 3.7s
try  4 · gen   69 · best    253.5 · elite     90.0 · median     -8.8 · years  46.2 · road 0.36 · starved   924 · nobles  -5.6 · read 54.1 · walls  6.2 · fell 77.8% (mother 23.5%) · prince  1.8% · king  0.4% · crowned  0.2% (median year 81) · 3.7s
try  5 · gen   69 · best    608.9 · elite    269.4 · median    -13.1 · years  35.0 · road 0.37 · starved  1325 · nobles  +0.1 · read 26.0 · walls  4.8 · fell 86.1% (mother 39.4%) · prince 13.5% · king  7.2% · crowned  5.0% (median year 60) · 3.7s
try  6 · gen   69 · best    943.8 · elite    560.7 · median    129.9 · years  22.9 · road 0.33 · starved   837 · nobles  +2.9 · read  7.7 · walls  0.7 · fell 74.7% (mother 32.2%) · prince 21.5% · king 16.1% · crowned 12.1% (median year 30) · 3.7s
try  7 · gen   69 · best   1350.8 · elite    666.6 · median    126.6 · years  24.5 · road 0.41 · starved  1103 · nobles  +2.5 · read 36.5 · walls  2.9 · fell 66.1% (mother 32.5%) · prince 24.9% · king 19.1% · crowned 13.7% (median year 32) · 3.7s
try  8 · gen   69 · best    722.8 · elite    363.7 · median      6.1 · years  37.3 · road 0.38 · starved  1215 · nobles  +0.2 · read 45.7 · walls  6.1 · fell 76.4% (mother 30.6%) · prince 19.0% · king 10.3% · crowned  6.5% (median year 53) · 3.7s
try  1 · gen   70 · best    837.7 · elite    463.5 · median     44.8 · years  26.8 · road 0.29 · starved   975 · nobles  +8.5 · read 29.3 · walls  1.1 · fell 85.1% (mother 33.5%) · prince 15.5% · king 12.5% · crowned 11.3% (median year 49) · 3.6s
try  2 · gen   70 · best    216.5 · elite    118.0 · median     18.1 · years  49.2 · road 0.40 · starved   991 · nobles  -9.4 · read 61.6 · walls  6.4 · fell 72.8% (mother 18.4%) · prince  0.3% · king  0.0% · crowned  0.0% · 3.6s
try  3 · gen   70 · best    794.6 · elite    320.6 · median    -21.2 · years  35.6 · road 0.37 · starved  1604 · nobles  +0.6 · read 35.1 · walls  5.1 · fell 82.4% (mother 39.5%) · prince 14.4% · king  8.3% · crowned  5.7% (median year 54) · 3.6s
try  4 · gen   70 · best    418.2 · elite    102.7 · median    -10.9 · years  44.5 · road 0.36 · starved   906 · nobles  -4.8 · read 51.7 · walls  5.9 · fell 78.2% (mother 23.9%) · prince  2.4% · king  0.7% · crowned  0.4% (median year 74) · 3.6s
try  5 · gen   70 · best    646.6 · elite    287.1 · median    -10.9 · years  35.4 · road 0.37 · starved  1350 · nobles  +0.0 · read 26.5 · walls  4.6 · fell 85.6% (mother 38.4%) · prince 13.9% · king  7.7% · crowned  5.5% (median year 59) · 3.6s
try  6 · gen   70 · best    947.0 · elite    542.8 · median    149.8 · years  23.0 · road 0.33 · starved   823 · nobles  +3.2 · read  9.0 · walls  0.6 · fell 73.9% (mother 32.3%) · prince 22.5% · king 16.6% · crowned 12.3% (median year 30) · 3.6s
try  7 · gen   70 · best    982.0 · elite    620.7 · median    141.9 · years  23.8 · road 0.41 · starved  1114 · nobles  +1.9 · read 36.4 · walls  2.9 · fell 66.8% (mother 32.7%) · prince 24.8% · king 19.1% · crowned 13.8% (median year 31) · 3.6s
try  8 · gen   70 · best    859.3 · elite    351.8 · median     -2.0 · years  35.7 · road 0.38 · starved  1281 · nobles  +0.8 · read 40.9 · walls  5.4 · fell 79.5% (mother 35.0%) · prince 17.6% · king  8.9% · crowned  6.1% (median year 51) · 3.6s
try  1 · gen   71 · best    878.8 · elite    476.4 · median     55.3 · years  27.3 · road 0.29 · starved   937 · nobles  +8.7 · read 30.3 · walls  1.3 · fell 84.8% (mother 33.0%) · prince 15.8% · king 13.1% · crowned 11.3% (median year 49) · 3.6s
try  2 · gen   71 · best    174.9 · elite    113.7 · median     10.6 · years  45.6 · road 0.39 · starved   935 · nobles  -7.8 · read 63.4 · walls  5.8 · fell 76.7% (mother 19.7%) · prince  0.4% · king  0.0% · crowned  0.0% · 3.6s
try  3 · gen   71 · best    571.9 · elite    289.9 · median    -20.3 · years  35.5 · road 0.36 · starved  1723 · nobles  +1.2 · read 36.5 · walls  4.7 · fell 83.6% (mother 37.8%) · prince 14.8% · king  8.2% · crowned  5.4% (median year 54) · 3.6s
try  4 · gen   71 · best    344.9 · elite    104.1 · median    -12.3 · years  43.4 · road 0.35 · starved   978 · nobles  -4.6 · read 49.5 · walls  5.4 · fell 81.3% (mother 24.6%) · prince  2.2% · king  0.8% · crowned  0.4% (median year 70) · 3.6s
try  5 · gen   71 · best    633.4 · elite    295.3 · median    -14.0 · years  35.1 · road 0.37 · starved  1399 · nobles  +0.4 · read 28.4 · walls  4.6 · fell 85.9% (mother 37.4%) · prince 13.2% · king  7.8% · crowned  5.8% (median year 59) · 3.6s
try  6 · gen   71 · best   1137.0 · elite    594.1 · median    139.0 · years  22.7 · road 0.33 · starved   862 · nobles  +3.2 · read  8.6 · walls  0.7 · fell 75.3% (mother 33.3%) · prince 22.5% · king 16.3% · crowned 12.1% (median year 30) · 3.6s
try  7 · gen   71 · best    960.0 · elite    590.9 · median    134.8 · years  23.6 · road 0.40 · starved  1126 · nobles  +2.1 · read 35.4 · walls  2.8 · fell 68.9% (mother 35.7%) · prince 23.7% · king 18.2% · crowned 13.4% (median year 32) · 3.6s
try  8 · gen   71 · best    795.8 · elite    390.1 · median      9.8 · years  35.1 · road 0.38 · starved  1245 · nobles  +1.3 · read 41.2 · walls  5.1 · fell 80.2% (mother 38.2%) · prince 19.8% · king 10.6% · crowned  7.0% (median year 50) · 3.6s
try  1 · gen   72 · best    834.8 · elite    459.1 · median     38.5 · years  27.3 · road 0.29 · starved   939 · nobles  +8.1 · read 30.0 · walls  1.4 · fell 85.1% (mother 33.6%) · prince 16.0% · king 13.2% · crowned 11.0% (median year 49) · 3.6s
try  2 · gen   72 · best    196.9 · elite    112.0 · median     15.0 · years  45.4 · road 0.39 · starved  1062 · nobles  -7.5 · read 60.8 · walls  6.0 · fell 76.9% (mother 19.6%) · prince  0.3% · king  0.0% · crowned  0.0% · 3.6s
try  3 · gen   72 · best    880.4 · elite    324.8 · median    -23.8 · years  35.3 · road 0.36 · starved  1505 · nobles  +1.6 · read 34.5 · walls  4.7 · fell 82.7% (mother 38.1%) · prince 14.9% · king  8.4% · crowned  5.7% (median year 53) · 3.6s
try  4 · gen   72 · best    394.5 · elite    112.6 · median    -12.9 · years  42.7 · road 0.35 · starved  1010 · nobles  -4.3 · read 48.6 · walls  5.2 · fell 81.3% (mother 26.8%) · prince  2.9% · king  1.2% · crowned  0.6% (median year 63) · 3.6s
try  5 · gen   72 · best    628.2 · elite    298.1 · median    -15.5 · years  34.1 · road 0.36 · starved  1312 · nobles  +0.8 · read 25.5 · walls  4.5 · fell 86.3% (mother 40.0%) · prince 13.3% · king  7.6% · crowned  5.7% (median year 60) · 3.6s
try  6 · gen   72 · best    996.6 · elite    583.4 · median    146.4 · years  22.4 · road 0.34 · starved   835 · nobles  +2.9 · read  8.1 · walls  0.7 · fell 74.0% (mother 32.9%) · prince 22.8% · king 17.2% · crowned 12.5% (median year 29) · 3.6s
try  7 · gen   72 · best   1123.6 · elite    652.0 · median    123.4 · years  23.7 · road 0.40 · starved  1113 · nobles  +2.5 · read 35.1 · walls  2.8 · fell 68.6% (mother 35.2%) · prince 24.2% · king 18.4% · crowned 13.7% (median year 32) · 3.6s
try  8 · gen   72 · best    724.6 · elite    380.5 · median      8.3 · years  33.8 · road 0.38 · starved  1376 · nobles  +0.4 · read 39.9 · walls  4.6 · fell 78.9% (mother 40.7%) · prince 19.1% · king 10.8% · crowned  6.9% (median year 49) · 3.6s
try  1 · gen   73 · best    953.2 · elite    511.7 · median     85.6 · years  27.0 · road 0.30 · starved   926 · nobles  +8.0 · read 29.8 · walls  1.3 · fell 84.1% (mother 31.9%) · prince 16.6% · king 13.5% · crowned 11.7% (median year 47) · 3.5s
try  2 · gen   73 · best    169.8 · elite    107.8 · median     10.6 · years  43.7 · road 0.38 · starved  1050 · nobles  -6.9 · read 57.8 · walls  5.8 · fell 78.7% (mother 22.0%) · prince  0.4% · king  0.0% · crowned  0.0% · 3.5s
try  3 · gen   73 · best    799.8 · elite    295.2 · median    -20.7 · years  33.8 · road 0.36 · starved  1399 · nobles  +1.5 · read 32.4 · walls  4.6 · fell 83.4% (mother 37.6%) · prince 14.3% · king  8.3% · crowned  5.8% (median year 53) · 3.5s
try  4 · gen   73 · best    516.3 · elite    119.3 · median    -16.6 · years  41.0 · road 0.35 · starved  1041 · nobles  -3.6 · read 43.9 · walls  4.8 · fell 82.2% (mother 28.3%) · prince  3.1% · king  1.4% · crowned  0.8% (median year 63) · 3.5s
try  5 · gen   73 · best    595.1 · elite    284.1 · median    -14.1 · years  35.2 · road 0.37 · starved  1312 · nobles  +1.2 · read 26.2 · walls  4.4 · fell 87.2% (mother 37.1%) · prince 12.1% · king  6.9% · crowned  5.2% (median year 60) · 3.5s
try  6 · gen   73 · best    981.1 · elite    571.4 · median    153.3 · years  21.9 · road 0.34 · starved   774 · nobles  +2.9 · read  9.0 · walls  0.8 · fell 72.1% (mother 30.3%) · prince 23.0% · king 16.8% · crowned 12.6% (median year 28) · 3.5s
try  7 · gen   73 · best   1138.0 · elite    625.0 · median    114.6 · years  23.9 · road 0.41 · starved  1159 · nobles  +2.3 · read 33.8 · walls  2.9 · fell 69.6% (mother 36.3%) · prince 24.9% · king 18.2% · crowned 13.2% (median year 32) · 3.5s
try  8 · gen   73 · best    812.4 · elite    361.4 · median      1.6 · years  33.0 · road 0.37 · starved  1276 · nobles  +1.0 · read 37.5 · walls  4.4 · fell 79.5% (mother 40.0%) · prince 19.2% · king 10.1% · crowned  6.7% (median year 47) · 3.5s
try  1 · gen   74 · best    869.4 · elite    485.7 · median     58.2 · years  25.9 · road 0.29 · starved   928 · nobles  +8.6 · read 27.9 · walls  1.1 · fell 84.4% (mother 35.7%) · prince 16.5% · king 13.4% · crowned 11.3% (median year 46) · 3.5s
try  2 · gen   74 · best    224.7 · elite    113.9 · median      8.6 · years  43.0 · road 0.39 · starved  1008 · nobles  -6.7 · read 57.2 · walls  5.6 · fell 79.6% (mother 21.1%) · prince  0.6% · king  0.0% · crowned  0.0% · 3.5s
try  3 · gen   74 · best    624.3 · elite    283.1 · median    -22.5 · years  34.0 · road 0.36 · starved  1524 · nobles  +1.5 · read 33.9 · walls  4.8 · fell 85.1% (mother 38.6%) · prince 13.4% · king  7.8% · crowned  5.2% (median year 52) · 3.5s
try  4 · gen   74 · best    480.6 · elite    126.9 · median    -19.9 · years  39.3 · road 0.34 · starved  1077 · nobles  -2.6 · read 39.6 · walls  4.5 · fell 82.9% (mother 29.3%) · prince  4.2% · king  1.8% · crowned  1.0% (median year 66) · 3.5s
try  5 · gen   74 · best    666.6 · elite    300.1 · median    -13.3 · years  36.4 · road 0.38 · starved  1413 · nobles  +1.8 · read 27.9 · walls  4.7 · fell 88.2% (mother 37.4%) · prince 12.9% · king  7.3% · crowned  5.2% (median year 61) · 3.5s
try  6 · gen   74 · best   1459.2 · elite    596.3 · median    160.7 · years  21.3 · road 0.34 · starved   748 · nobles  +3.2 · read  9.0 · walls  0.8 · fell 71.3% (mother 27.1%) · prince 24.1% · king 17.9% · crowned 13.1% (median year 27) · 3.5s
try  7 · gen   74 · best   1150.0 · elite    641.9 · median    127.1 · years  23.3 · road 0.41 · starved  1108 · nobles  +2.8 · read 33.1 · walls  2.9 · fell 67.7% (mother 33.6%) · prince 25.9% · king 18.6% · crowned 13.9% (median year 32) · 3.5s
try  8 · gen   74 · best   1096.7 · elite    406.7 · median     12.3 · years  33.2 · road 0.38 · starved  1287 · nobles  +1.2 · read 37.3 · walls  4.2 · fell 77.6% (mother 39.8%) · prince 19.5% · king 10.8% · crowned  7.3% (median year 46) · 3.5s
try  1 · gen   75 · best    876.9 · elite    485.9 · median     89.9 · years  25.3 · road 0.29 · starved   915 · nobles  +8.6 · read 27.8 · walls  1.0 · fell 84.7% (mother 35.1%) · prince 16.0% · king 13.8% · crowned 11.9% (median year 47) · 3.4s
try  2 · gen   75 · best    223.8 · elite    119.2 · median      9.4 · years  43.4 · road 0.38 · starved   923 · nobles  -6.8 · read 55.6 · walls  5.8 · fell 78.4% (mother 21.2%) · prince  0.4% · king  0.0% · crowned  0.0% · 3.4s
try  3 · gen   75 · best    619.5 · elite    284.7 · median    -26.7 · years  33.1 · road 0.35 · starved  1402 · nobles  +1.6 · read 37.2 · walls  4.8 · fell 85.8% (mother 38.8%) · prince 12.6% · king  7.4% · crowned  4.9% (median year 52) · 3.4s
try  4 · gen   75 · best    702.8 · elite    147.7 · median    -23.8 · years  38.5 · road 0.34 · starved  1166 · nobles  -1.8 · read 39.8 · walls  4.0 · fell 83.9% (mother 31.5%) · prince  4.4% · king  2.2% · crowned  1.6% (median year 63) · 3.4s
try  5 · gen   75 · best    593.6 · elite    296.5 · median     -6.5 · years  36.2 · road 0.38 · starved  1282 · nobles  +2.2 · read 24.8 · walls  4.9 · fell 86.6% (mother 36.0%) · prince 11.9% · king  7.2% · crowned  5.7% (median year 62) · 3.4s
try  6 · gen   75 · best    976.4 · elite    584.7 · median    161.0 · years  21.2 · road 0.34 · starved   753 · nobles  +3.3 · read 10.0 · walls  0.9 · fell 72.0% (mother 27.5%) · prince 25.8% · king 18.2% · crowned 13.0% (median year 27) · 3.4s
try  7 · gen   75 · best   1154.1 · elite    652.0 · median    134.7 · years  23.3 · road 0.41 · starved  1135 · nobles  +3.3 · read 32.9 · walls  2.9 · fell 67.9% (mother 32.4%) · prince 25.0% · king 18.5% · crowned 14.6% (median year 32) · 3.4s
try  8 · gen   75 · best    812.1 · elite    409.9 · median      0.4 · years  31.8 · road 0.39 · starved  1259 · nobles  +1.2 · read 37.6 · walls  3.7 · fell 78.6% (mother 43.7%) · prince 19.9% · king 10.2% · crowned  6.6% (median year 44) · 3.4s
try  1 · gen   76 · best    877.2 · elite    500.6 · median    115.4 · years  26.0 · road 0.29 · starved   928 · nobles  +8.0 · read 28.8 · walls  0.9 · fell 84.4% (mother 33.3%) · prince 16.6% · king 14.1% · crowned 12.3% (median year 46) · 3.4s
try  2 · gen   76 · best    236.8 · elite    116.2 · median     10.3 · years  43.4 · road 0.39 · starved  1032 · nobles  -7.0 · read 52.7 · walls  6.0 · fell 79.7% (mother 23.0%) · prince  0.4% · king  0.0% · crowned  0.0% · 3.4s
try  3 · gen   76 · best    746.3 · elite    294.3 · median    -22.0 · years  34.0 · road 0.35 · starved  1308 · nobles  +2.6 · read 37.6 · walls  5.0 · fell 84.9% (mother 36.6%) · prince 12.2% · king  7.7% · crowned  5.7% (median year 54) · 3.4s
try  4 · gen   76 · best    515.8 · elite    185.2 · median    -34.4 · years  34.6 · road 0.33 · starved  1187 · nobles  -0.5 · read 33.0 · walls  3.0 · fell 86.2% (mother 33.2%) · prince  6.0% · king  3.7% · crowned  2.6% (median year 62) · 3.4s
try  5 · gen   76 · best    598.9 · elite    284.2 · median    -12.2 · years  36.8 · road 0.38 · starved  1405 · nobles  +2.3 · read 23.9 · walls  5.1 · fell 87.9% (mother 37.5%) · prince 12.4% · king  7.3% · crowned  5.4% (median year 62) · 3.4s
try  6 · gen   76 · best   1210.1 · elite    632.7 · median    173.7 · years  20.8 · road 0.35 · starved   706 · nobles  +3.2 · read 10.4 · walls  0.9 · fell 70.1% (mother 27.4%) · prince 26.6% · king 19.1% · crowned 14.0% (median year 26) · 3.4s
try  7 · gen   76 · best   1240.8 · elite    614.4 · median    129.6 · years  23.1 · road 0.41 · starved  1163 · nobles  +2.9 · read 32.8 · walls  2.8 · fell 69.2% (mother 36.2%) · prince 25.3% · king 17.1% · crowned 13.4% (median year 31) · 3.4s
try  8 · gen   76 · best   1106.6 · elite    448.0 · median     13.2 · years  32.0 · road 0.39 · starved  1210 · nobles  +1.4 · read 36.8 · walls  3.6 · fell 78.0% (mother 43.2%) · prince 21.1% · king 11.7% · crowned  7.4% (median year 44) · 3.4s
try  1 · gen   77 · best    865.0 · elite    487.0 · median    104.2 · years  25.9 · road 0.29 · starved   891 · nobles  +8.8 · read 28.0 · walls  0.9 · fell 83.9% (mother 33.5%) · prince 16.8% · king 13.8% · crowned 12.2% (median year 46) · 3.4s
try  2 · gen   77 · best    209.2 · elite    129.0 · median     13.7 · years  45.3 · road 0.39 · starved   942 · nobles  -7.2 · read 58.5 · walls  6.2 · fell 76.3% (mother 21.1%) · prince  0.4% · king  0.0% · crowned  0.0% (median year 88) · 3.4s
try  3 · gen   77 · best    793.4 · elite    333.2 · median    -25.1 · years  32.7 · road 0.35 · starved  1260 · nobles  +1.6 · read 35.6 · walls  4.9 · fell 84.2% (mother 37.8%) · prince 13.5% · king  8.2% · crowned  5.9% (median year 52) · 3.4s
try  4 · gen   77 · best    586.1 · elite    245.1 · median    -37.7 · years  31.5 · road 0.33 · starved  1150 · nobles  +1.5 · read 28.6 · walls  2.6 · fell 87.3% (mother 33.9%) · prince  8.2% · king  5.2% · crowned  3.7% (median year 61) · 3.4s
try  5 · gen   77 · best    563.6 · elite    282.5 · median     -8.9 · years  37.0 · road 0.38 · starved  1375 · nobles  +2.7 · read 23.8 · walls  5.3 · fell 87.8% (mother 36.6%) · prince 12.3% · king  7.3% · crowned  5.4% (median year 63) · 3.4s
try  6 · gen   77 · best   1204.1 · elite    634.4 · median    168.7 · years  20.7 · road 0.35 · starved  1287 · nobles  +3.0 · read  9.8 · walls  0.9 · fell 71.0% (mother 28.0%) · prince 26.0% · king 18.5% · crowned 13.3% (median year 26) · 3.4s
try  7 · gen   77 · best   1136.8 · elite    631.7 · median    136.7 · years  22.3 · road 0.40 · starved  1110 · nobles  +2.6 · read 31.5 · walls  2.8 · fell 69.0% (mother 37.8%) · prince 24.5% · king 17.1% · crowned 13.9% (median year 31) · 3.4s
try  8 · gen   77 · best    957.8 · elite    474.5 · median     38.5 · years  32.2 · road 0.40 · starved  1190 · nobles  +2.6 · read 37.6 · walls  3.7 · fell 76.0% (mother 38.4%) · prince 21.8% · king 12.9% · crowned  8.9% (median year 43) · 3.4s
try  1 · gen   78 · best    759.6 · elite    477.5 · median    106.3 · years  25.4 · road 0.28 · starved   947 · nobles  +9.1 · read 27.4 · walls  0.7 · fell 84.9% (mother 35.6%) · prince 16.6% · king 13.6% · crowned 11.9% (median year 45) · 3.4s
try  2 · gen   78 · best    196.6 · elite    116.8 · median     14.0 · years  44.4 · road 0.39 · starved   959 · nobles  -6.8 · read 56.2 · walls  6.1 · fell 75.8% (mother 20.9%) · prince  0.2% · king  0.0% · crowned  0.0% · 3.4s
try  3 · gen   78 · best    762.8 · elite    344.9 · median    -12.4 · years  32.3 · road 0.35 · starved  1182 · nobles  +2.2 · read 35.3 · walls  4.8 · fell 82.8% (mother 34.7%) · prince 14.2% · king  8.6% · crowned  6.2% (median year 50) · 3.4s
try  4 · gen   78 · best    683.2 · elite    258.8 · median    -31.2 · years  31.8 · road 0.33 · starved  1213 · nobles  +2.7 · read 28.7 · walls  2.6 · fell 88.5% (mother 34.9%) · prince  9.9% · king  6.0% · crowned  4.5% (median year 60) · 3.4s
try  5 · gen   78 · best    581.8 · elite    303.9 · median     -7.5 · years  38.1 · road 0.39 · starved  1437 · nobles  +2.3 · read 24.4 · walls  5.7 · fell 87.5% (mother 36.9%) · prince 12.9% · king  7.3% · crowned  5.5% (median year 63) · 3.4s
try  6 · gen   78 · best   1258.5 · elite    638.4 · median    171.9 · years  20.5 · road 0.36 · starved   705 · nobles  +2.8 · read  9.7 · walls  0.9 · fell 69.7% (mother 26.9%) · prince 26.9% · king 19.0% · crowned 13.8% (median year 26) · 3.4s
try  7 · gen   78 · best   1158.8 · elite    654.3 · median    136.2 · years  22.7 · road 0.41 · starved  1108 · nobles  +2.6 · read 31.6 · walls  2.9 · fell 69.5% (mother 37.6%) · prince 25.8% · king 17.9% · crowned 14.1% (median year 31) · 3.4s
try  8 · gen   78 · best   1066.5 · elite    510.4 · median     51.3 · years  31.8 · road 0.41 · starved  1104 · nobles  +2.7 · read 39.1 · walls  3.6 · fell 73.6% (mother 34.2%) · prince 21.6% · king 13.2% · crowned  9.7% (median year 42) · 3.4s
try  1 · gen   79 · best    900.1 · elite    485.7 · median     67.3 · years  24.8 · road 0.28 · starved   922 · nobles  +9.5 · read 26.9 · walls  0.7 · fell 85.2% (mother 36.9%) · prince 15.9% · king 13.4% · crowned 11.8% (median year 45) · 3.4s
try  2 · gen   79 · best    212.9 · elite    123.0 · median     13.5 · years  44.3 · road 0.39 · starved   885 · nobles  -6.6 · read 56.6 · walls  6.3 · fell 75.1% (mother 20.7%) · prince  0.4% · king  0.0% · crowned  0.0% · 3.4s
try  3 · gen   79 · best    762.2 · elite    334.7 · median    -21.6 · years  32.3 · road 0.35 · starved  1231 · nobles  +1.9 · read 33.6 · walls  4.6 · fell 83.1% (mother 34.8%) · prince 13.2% · king  7.9% · crowned  5.9% (median year 49) · 3.4s
try  4 · gen   79 · best    522.2 · elite    252.1 · median    -32.2 · years  31.4 · road 0.33 · starved  1240 · nobles  +2.1 · read 28.9 · walls  2.5 · fell 89.0% (mother 34.1%) · prince 10.0% · king  6.1% · crowned  4.3% (median year 59) · 3.4s
try  5 · gen   79 · best    762.4 · elite    297.4 · median     -8.2 · years  38.0 · road 0.39 · starved  1408 · nobles  +1.9 · read 25.3 · walls  5.6 · fell 86.6% (mother 36.8%) · prince 13.8% · king  8.0% · crowned  5.8% (median year 66) · 3.4s
try  6 · gen   79 · best   1238.1 · elite    661.1 · median    175.5 · years  20.3 · road 0.36 · starved   744 · nobles  +2.3 · read 10.3 · walls  1.0 · fell 69.3% (mother 28.1%) · prince 26.9% · king 18.8% · crowned 14.0% (median year 25) · 3.4s
try  7 · gen   79 · best   1125.4 · elite    653.7 · median    152.0 · years  22.2 · road 0.41 · starved  1095 · nobles  +3.1 · read 30.5 · walls  3.1 · fell 67.3% (mother 37.5%) · prince 26.0% · king 18.4% · crowned 14.5% (median year 31) · 3.4s
try  8 · gen   79 · best    893.7 · elite    544.7 · median     63.4 · years  31.4 · road 0.41 · starved  1062 · nobles  +2.9 · read 42.4 · walls  3.5 · fell 72.2% (mother 31.0%) · prince 22.2% · king 13.4% · crowned 10.3% (median year 40) · 3.4s
try  1 · gen   80 · best    882.6 · elite    511.1 · median     26.4 · years  25.0 · road 0.28 · starved   962 · nobles  +9.3 · read 26.4 · walls  0.8 · fell 85.5% (mother 36.8%) · prince 15.7% · king 13.3% · crowned 11.4% (median year 45) · 3.4s
try  2 · gen   80 · best    235.7 · elite    117.0 · median     11.3 · years  44.1 · road 0.39 · starved  1059 · nobles  -6.9 · read 56.4 · walls  6.4 · fell 77.7% (mother 22.3%) · prince  0.7% · king  0.0% · crowned  0.0% · 3.4s
try  3 · gen   80 · best    847.3 · elite    340.2 · median    -16.5 · years  31.9 · road 0.35 · starved  1224 · nobles  +1.6 · read 34.2 · walls  4.6 · fell 82.4% (mother 36.7%) · prince 14.2% · king  8.7% · crowned  6.5% (median year 48) · 3.4s
try  4 · gen   80 · best    586.2 · elite    259.1 · median    -27.9 · years  31.9 · road 0.34 · starved  1189 · nobles  +2.4 · read 30.2 · walls  2.8 · fell 89.0% (mother 33.0%) · prince 10.1% · king  6.0% · crowned  4.1% (median year 58) · 3.4s
try  5 · gen   80 · best    567.5 · elite    281.1 · median     -5.4 · years  37.7 · road 0.39 · starved  1444 · nobles  +0.8 · read 25.4 · walls  5.7 · fell 86.8% (mother 37.9%) · prince 13.2% · king  7.8% · crowned  5.7% (median year 61) · 3.4s
try  6 · gen   80 · best    956.8 · elite    628.3 · median    190.8 · years  20.0 · road 0.36 · starved   680 · nobles  +2.5 · read 10.0 · walls  0.9 · fell 69.6% (mother 26.6%) · prince 27.0% · king 19.8% · crowned 14.3% (median year 25) · 3.4s
try  7 · gen   80 · best   1160.5 · elite    660.3 · median    163.9 · years  23.1 · road 0.43 · starved  1097 · nobles  +3.1 · read 31.8 · walls  3.5 · fell 66.0% (mother 36.5%) · prince 27.4% · king 19.4% · crowned 15.1% (median year 31) · 3.4s
try  8 · gen   80 · best    980.3 · elite    571.7 · median     92.2 · years  30.5 · road 0.42 · starved  1023 · nobles  +3.5 · read 43.1 · walls  3.3 · fell 71.9% (mother 31.6%) · prince 23.0% · king 14.8% · crowned 11.3% (median year 40) · 3.4s
try  1 · gen   81 · best    900.0 · elite    515.0 · median     65.1 · years  24.7 · road 0.28 · starved   904 · nobles  +9.7 · read 26.3 · walls  0.8 · fell 84.2% (mother 34.6%) · prince 15.9% · king 13.4% · crowned 11.8% (median year 44) · 3.4s
try  2 · gen   81 · best    190.8 · elite    113.4 · median     11.4 · years  44.1 · road 0.39 · starved  1076 · nobles  -6.8 · read 56.2 · walls  6.5 · fell 77.7% (mother 22.8%) · prince  0.8% · king  0.0% · crowned  0.0% · 3.4s
try  3 · gen   81 · best    630.5 · elite    362.1 · median    -18.4 · years  31.7 · road 0.34 · starved  1188 · nobles  +2.0 · read 35.0 · walls  4.3 · fell 81.8% (mother 34.4%) · prince 13.9% · king  8.7% · crowned  6.5% (median year 48) · 3.4s
try  4 · gen   81 · best    536.9 · elite    252.3 · median    -26.5 · years  31.9 · road 0.34 · starved  1139 · nobles  +2.5 · read 29.3 · walls  2.8 · fell 88.2% (mother 32.0%) · prince  9.4% · king  6.1% · crowned  4.1% (median year 59) · 3.4s
try  5 · gen   81 · best    573.7 · elite    299.6 · median     -2.4 · years  38.9 · road 0.40 · starved  1415 · nobles  +0.8 · read 26.5 · walls  5.8 · fell 86.3% (mother 36.3%) · prince 14.2% · king  8.1% · crowned  6.1% (median year 65) · 3.4s
try  6 · gen   81 · best   1203.6 · elite    651.5 · median    170.9 · years  20.2 · road 0.36 · starved   764 · nobles  +2.7 · read  9.5 · walls  0.8 · fell 70.1% (mother 25.9%) · prince 26.4% · king 18.5% · crowned 13.6% (median year 24) · 3.4s
try  7 · gen   81 · best   1404.7 · elite    718.7 · median    151.3 · years  23.4 · road 0.43 · starved  1116 · nobles  +3.1 · read 32.2 · walls  3.8 · fell 65.1% (mother 38.1%) · prince 27.5% · king 19.5% · crowned 15.1% (median year 31) · 3.4s
try  8 · gen   81 · best    977.6 · elite    546.3 · median     80.4 · years  30.6 · road 0.42 · starved  1035 · nobles  +3.5 · read 43.9 · walls  3.2 · fell 72.7% (mother 32.0%) · prince 24.2% · king 15.3% · crowned 10.8% (median year 39) · 3.4s
try  1 · gen   82 · best    891.0 · elite    491.1 · median     55.2 · years  24.9 · road 0.28 · starved   951 · nobles  +9.8 · read 26.8 · walls  0.9 · fell 85.4% (mother 37.9%) · prince 15.7% · king 12.9% · crowned 11.4% (median year 44) · 3.4s
try  2 · gen   82 · best    220.1 · elite    116.6 · median     12.0 · years  44.3 · road 0.39 · starved  1060 · nobles  -6.9 · read 58.7 · walls  6.7 · fell 77.9% (mother 23.8%) · prince  1.0% · king  0.0% · crowned  0.0% · 3.4s
try  3 · gen   82 · best    718.6 · elite    331.8 · median    -15.4 · years  31.3 · road 0.34 · starved  1247 · nobles  +1.8 · read 34.4 · walls  4.2 · fell 82.4% (mother 36.6%) · prince 14.4% · king  9.1% · crowned  6.6% (median year 48) · 3.4s
try  4 · gen   82 · best    614.2 · elite    253.0 · median    -28.2 · years  32.9 · road 0.33 · starved  1182 · nobles  +2.7 · read 32.2 · walls  2.6 · fell 88.8% (mother 32.0%) · prince  9.5% · king  5.7% · crowned  4.1% (median year 61) · 3.4s
try  5 · gen   82 · best    789.6 · elite    281.1 · median     -4.6 · years  38.8 · road 0.40 · starved  1443 · nobles  +1.1 · read 25.6 · walls  5.9 · fell 86.3% (mother 36.5%) · prince 13.6% · king  7.8% · crowned  5.6% (median year 63) · 3.4s
try  6 · gen   82 · best   1061.0 · elite    624.5 · median    182.9 · years  19.9 · road 0.35 · starved   746 · nobles  +2.6 · read  8.8 · walls  0.8 · fell 70.1% (mother 28.0%) · prince 26.5% · king 19.1% · crowned 13.9% (median year 25) · 3.4s
try  7 · gen   82 · best   1191.8 · elite    693.4 · median    169.5 · years  23.8 · road 0.43 · starved  1139 · nobles  +3.7 · read 32.2 · walls  3.9 · fell 64.6% (mother 38.3%) · prince 28.5% · king 19.9% · crowned 15.0% (median year 32) · 3.4s
try  8 · gen   82 · best    997.3 · elite    567.0 · median     96.9 · years  30.7 · road 0.43 · starved  1017 · nobles  +3.9 · read 43.9 · walls  3.3 · fell 71.1% (mother 33.5%) · prince 23.2% · king 15.1% · crowned 11.4% (median year 39) · 3.4s
try  1 · gen   83 · best   1263.0 · elite    488.5 · median     47.1 · years  24.3 · road 0.28 · starved   916 · nobles  +9.5 · read 26.0 · walls  0.9 · fell 85.4% (mother 39.2%) · prince 15.5% · king 13.0% · crowned 11.4% (median year 44) · 3.5s
try  2 · gen   83 · best    193.8 · elite    116.7 · median     11.8 · years  43.8 · road 0.39 · starved  1030 · nobles  -7.0 · read 58.7 · walls  6.7 · fell 78.2% (mother 25.0%) · prince  1.4% · king  0.0% · crowned  0.0% · 3.5s
try  3 · gen   83 · best    805.2 · elite    335.0 · median    -12.6 · years  31.5 · road 0.34 · starved  1255 · nobles  +1.9 · read 33.9 · walls  4.1 · fell 83.0% (mother 34.5%) · prince 14.1% · king  9.3% · crowned  6.9% (median year 49) · 3.5s
try  4 · gen   83 · best    530.1 · elite    243.3 · median    -28.1 · years  33.7 · road 0.34 · starved  1217 · nobles  +2.7 · read 31.5 · walls  2.8 · fell 89.8% (mother 31.5%) · prince  9.5% · king  5.6% · crowned  3.7% (median year 62) · 3.5s
try  5 · gen   83 · best    716.7 · elite    313.4 · median     -9.7 · years  38.0 · road 0.40 · starved  1423 · nobles  +1.3 · read 26.1 · walls  5.7 · fell 86.1% (mother 35.9%) · prince 14.2% · king  8.2% · crowned  5.9% (median year 61) · 3.5s
try  6 · gen   83 · best   1236.0 · elite    626.1 · median    181.5 · years  19.8 · road 0.35 · starved   738 · nobles  +2.8 · read  9.1 · walls  0.8 · fell 70.7% (mother 28.5%) · prince 26.9% · king 19.7% · crowned 14.1% (median year 24) · 3.5s
try  7 · gen   83 · best   1155.2 · elite    689.8 · median    175.3 · years  23.7 · road 0.43 · starved  1128 · nobles  +3.9 · read 30.2 · walls  3.9 · fell 64.2% (mother 40.1%) · prince 29.5% · king 20.6% · crowned 15.7% (median year 32) · 3.5s
try  8 · gen   83 · best   1149.8 · elite    546.5 · median     73.2 · years  30.1 · road 0.43 · starved  1060 · nobles  +3.5 · read 42.8 · walls  3.2 · fell 72.4% (mother 34.7%) · prince 23.4% · king 14.6% · crowned 10.5% (median year 38) · 3.5s
try  1 · gen   84 · best    863.8 · elite    478.0 · median    103.2 · years  24.7 · road 0.28 · starved   926 · nobles  +9.4 · read 26.5 · walls  0.8 · fell 85.2% (mother 36.7%) · prince 15.8% · king 13.2% · crowned 11.6% (median year 44) · 3.4s
try  2 · gen   84 · best    258.7 · elite    123.5 · median     12.8 · years  44.5 · road 0.39 · starved   981 · nobles  -7.0 · read 61.9 · walls  6.4 · fell 77.1% (mother 22.3%) · prince  2.0% · king  0.1% · crowned  0.0% · 3.4s
try  3 · gen   84 · best    592.3 · elite    347.5 · median    -25.6 · years  31.6 · road 0.34 · starved  1369 · nobles  +2.0 · read 30.5 · walls  4.1 · fell 83.9% (mother 36.1%) · prince 14.1% · king  9.3% · crowned  6.6% (median year 49) · 3.4s
try  4 · gen   84 · best    879.6 · elite    256.8 · median    -20.0 · years  33.8 · road 0.34 · starved  1123 · nobles  +1.9 · read 30.1 · walls  2.8 · fell 87.7% (mother 29.4%) · prince 10.3% · king  6.3% · crowned  4.4% (median year 63) · 3.4s
try  5 · gen   84 · best    630.1 · elite    316.9 · median     -3.8 · years  39.4 · road 0.40 · starved  1554 · nobles  +1.2 · read 26.6 · walls  5.7 · fell 85.3% (mother 37.2%) · prince 15.9% · king  9.1% · crowned  6.2% (median year 63) · 3.4s
try  6 · gen   84 · best   1171.1 · elite    643.1 · median    185.4 · years  19.9 · road 0.36 · starved   768 · nobles  +2.6 · read  9.8 · walls  0.9 · fell 71.0% (mother 29.8%) · prince 27.6% · king 20.0% · crowned 14.2% (median year 25) · 3.4s
try  7 · gen   84 · best   1388.3 · elite    698.1 · median    164.7 · years  24.0 · road 0.44 · starved  1149 · nobles  +3.9 · read 30.8 · walls  4.0 · fell 64.0% (mother 39.1%) · prince 28.6% · king 20.5% · crowned 15.4% (median year 31) · 3.4s
try  8 · gen   84 · best   1150.9 · elite    527.9 · median     78.9 · years  29.9 · road 0.43 · starved  1057 · nobles  +3.5 · read 43.4 · walls  3.2 · fell 72.6% (mother 38.0%) · prince 22.8% · king 14.2% · crowned 10.4% (median year 39) · 3.4s
try  1 · gen   85 · best   1027.8 · elite    513.2 · median      8.1 · years  25.2 · road 0.28 · starved   928 · nobles  +9.3 · read 27.5 · walls  0.7 · fell 85.8% (mother 33.9%) · prince 15.1% · king 12.5% · crowned 10.9% (median year 44) · 3.3s
try  2 · gen   85 · best    238.3 · elite    125.7 · median     13.1 · years  43.7 · road 0.39 · starved  1109 · nobles  -6.7 · read 59.9 · walls  6.4 · fell 78.2% (mother 24.2%) · prince  2.3% · king  0.1% · crowned  0.0% (median year 76) · 3.3s
try  3 · gen   85 · best    694.6 · elite    395.0 · median    -15.1 · years  30.8 · road 0.34 · starved  1202 · nobles  +2.4 · read 29.1 · walls  4.5 · fell 82.2% (mother 32.4%) · prince 14.0% · king  9.8% · crowned  7.8% (median year 48) · 3.3s
try  4 · gen   85 · best    617.0 · elite    252.6 · median    -21.0 · years  34.2 · road 0.34 · starved  1197 · nobles  +2.0 · read 29.8 · walls  2.7 · fell 88.9% (mother 29.2%) · prince 10.2% · king  6.3% · crowned  4.1% (median year 61) · 3.3s
try  5 · gen   85 · best    647.3 · elite    305.8 · median    -14.3 · years  39.3 · road 0.40 · starved  1592 · nobles  +1.6 · read 25.9 · walls  5.5 · fell 85.6% (mother 38.3%) · prince 14.5% · king  8.3% · crowned  5.8% (median year 66) · 3.3s
try  6 · gen   85 · best   1034.0 · elite    673.6 · median    178.0 · years  19.6 · road 0.35 · starved   758 · nobles  +2.7 · read  9.5 · walls  0.8 · fell 69.9% (mother 28.8%) · prince 26.4% · king 19.2% · crowned 14.3% (median year 24) · 3.3s
try  7 · gen   85 · best    970.6 · elite    695.5 · median    159.6 · years  23.7 · road 0.43 · starved  1116 · nobles  +4.1 · read 29.6 · walls  4.1 · fell 63.4% (mother 39.5%) · prince 29.2% · king 20.4% · crowned 15.7% (median year 31) · 3.3s
try  8 · gen   85 · best   1147.3 · elite    510.8 · median     58.1 · years  29.2 · road 0.43 · starved  1115 · nobles  +3.3 · read 44.5 · walls  3.1 · fell 73.6% (mother 41.7%) · prince 21.3% · king 12.8% · crowned  9.7% (median year 38) · 3.3s
try  1 · gen   86 · best    942.2 · elite    527.3 · median    106.3 · years  25.1 · road 0.29 · starved   909 · nobles +10.1 · read 27.7 · walls  0.8 · fell 84.1% (mother 34.1%) · prince 16.8% · king 14.1% · crowned 12.1% (median year 43) · 3.4s
try  2 · gen   86 · best    198.8 · elite    119.5 · median     11.4 · years  43.7 · road 0.38 · starved  1501 · nobles  -6.5 · read 58.9 · walls  6.7 · fell 76.5% (mother 23.4%) · prince  1.6% · king  0.1% · crowned  0.0% (median year 72) · 3.4s
try  3 · gen   86 · best    817.3 · elite    402.2 · median    -10.5 · years  30.3 · road 0.34 · starved  1117 · nobles  +2.1 · read 27.5 · walls  4.2 · fell 80.7% (mother 29.2%) · prince 14.4% · king 10.0% · crowned  7.9% (median year 46) · 3.4s
try  4 · gen   86 · best    640.0 · elite    249.5 · median    -22.4 · years  33.2 · road 0.34 · starved  1101 · nobles  +2.7 · read 27.9 · walls  2.7 · fell 88.5% (mother 29.6%) · prince  9.2% · king  5.7% · crowned  3.9% (median year 63) · 3.4s
try  5 · gen   86 · best    606.5 · elite    305.0 · median     -8.7 · years  38.2 · road 0.40 · starved  1571 · nobles  +3.0 · read 23.4 · walls  5.4 · fell 85.9% (mother 39.2%) · prince 14.1% · king  8.4% · crowned  6.2% (median year 63) · 3.4s
try  6 · gen   86 · best    973.5 · elite    650.5 · median    182.9 · years  20.0 · road 0.35 · starved   724 · nobles  +2.3 · read  9.7 · walls  0.9 · fell 68.8% (mother 28.7%) · prince 27.6% · king 19.9% · crowned 14.4% (median year 25) · 3.4s
try  7 · gen   86 · best   1152.4 · elite    718.4 · median    168.0 · years  23.6 · road 0.43 · starved  1165 · nobles  +4.1 · read 30.6 · walls  4.1 · fell 63.7% (mother 41.1%) · prince 29.6% · king 21.2% · crowned 16.1% (median year 31) · 3.4s
try  8 · gen   86 · best    768.7 · elite    509.3 · median     88.6 · years  29.5 · road 0.44 · starved  1103 · nobles  +3.7 · read 44.2 · walls  3.3 · fell 73.2% (mother 40.2%) · prince 22.9% · king 13.6% · crowned 10.4% (median year 37) · 3.4s
try  1 · gen   87 · best   1043.3 · elite    490.7 · median     54.9 · years  25.2 · road 0.28 · starved   958 · nobles +10.1 · read 28.9 · walls  0.8 · fell 85.0% (mother 33.4%) · prince 15.7% · king 12.5% · crowned 11.4% (median year 42) · 3.4s
try  2 · gen   87 · best    312.0 · elite    125.8 · median     16.2 · years  44.7 · road 0.39 · starved  1295 · nobles  -6.7 · read 60.1 · walls  6.8 · fell 76.0% (mother 22.8%) · prince  1.9% · king  0.2% · crowned  0.1% (median year 74) · 3.4s
try  3 · gen   87 · best    893.1 · elite    419.4 · median     -2.0 · years  30.4 · road 0.35 · starved  1067 · nobles  +1.9 · read 26.6 · walls  4.4 · fell 80.2% (mother 28.7%) · prince 15.1% · king 10.8% · crowned  8.3% (median year 45) · 3.4s
try  4 · gen   87 · best    622.0 · elite    283.4 · median    -15.0 · years  34.1 · road 0.34 · starved  1119 · nobles  +1.9 · read 27.6 · walls  2.6 · fell 87.6% (mother 29.5%) · prince 11.2% · king  6.8% · crowned  4.6% (median year 63) · 3.4s
try  5 · gen   87 · best    747.3 · elite    335.8 · median     -9.6 · years  37.9 · road 0.40 · starved  1548 · nobles  +2.8 · read 19.2 · walls  5.0 · fell 85.1% (mother 39.7%) · prince 14.9% · king  9.0% · crowned  6.9% (median year 63) · 3.4s
try  6 · gen   87 · best   1021.9 · elite    653.6 · median    182.5 · years  19.8 · road 0.35 · starved   755 · nobles  +2.5 · read  9.6 · walls  1.0 · fell 70.1% (mother 31.9%) · prince 27.3% · king 20.0% · crowned 14.5% (median year 25) · 3.4s
try  7 · gen   87 · best   1004.1 · elite    716.7 · median    175.1 · years  23.2 · road 0.43 · starved  1123 · nobles  +3.7 · read 31.1 · walls  4.0 · fell 62.3% (mother 38.2%) · prince 29.6% · king 21.2% · crowned 16.2% (median year 30) · 3.4s
try  8 · gen   87 · best   1056.2 · elite    543.7 · median     89.4 · years  29.0 · road 0.43 · starved  1042 · nobles  +4.2 · read 43.9 · walls  3.3 · fell 71.8% (mother 38.0%) · prince 23.1% · king 14.0% · crowned 10.7% (median year 36) · 3.4s
try  1 · gen   88 · best    895.8 · elite    491.0 · median     92.7 · years  24.9 · road 0.28 · starved   909 · nobles +10.2 · read 28.8 · walls  0.8 · fell 84.2% (mother 34.0%) · prince 16.0% · king 12.9% · crowned 11.6% (median year 42) · 3.3s
try  2 · gen   88 · best    290.8 · elite    137.8 · median     17.5 · years  45.3 · road 0.39 · starved   955 · nobles  -6.8 · read 60.9 · walls  6.5 · fell 74.1% (mother 20.4%) · prince  2.2% · king  0.2% · crowned  0.1% (median year 82) · 3.3s
try  3 · gen   88 · best    821.9 · elite    431.6 · median     16.8 · years  30.2 · road 0.36 · starved  1029 · nobles  +2.2 · read 28.1 · walls  4.8 · fell 79.4% (mother 28.1%) · prince 15.5% · king 11.6% · crowned  9.2% (median year 45) · 3.3s
try  4 · gen   88 · best    580.9 · elite    261.6 · median    -14.1 · years  34.4 · road 0.34 · starved  1159 · nobles  +1.9 · read 27.1 · walls  2.5 · fell 88.2% (mother 28.4%) · prince 10.8% · king  6.2% · crowned  4.3% (median year 62) · 3.3s
try  5 · gen   88 · best    590.5 · elite    319.1 · median    -10.1 · years  39.1 · road 0.40 · starved  1578 · nobles  +2.1 · read 21.1 · walls  4.9 · fell 85.9% (mother 42.2%) · prince 14.5% · king  8.6% · crowned  6.3% (median year 65) · 3.3s
try  6 · gen   88 · best   1072.3 · elite    694.1 · median    192.0 · years  19.7 · road 0.36 · starved   736 · nobles  +2.6 · read  8.6 · walls  1.1 · fell 67.1% (mother 30.2%) · prince 29.5% · king 21.4% · crowned 15.4% (median year 24) · 3.3s
try  7 · gen   88 · best   1146.1 · elite    689.8 · median    179.0 · years  23.2 · road 0.43 · starved  1138 · nobles  +3.5 · read 31.8 · walls  4.1 · fell 63.0% (mother 39.3%) · prince 30.1% · king 20.4% · crowned 16.3% (median year 31) · 3.3s
try  8 · gen   88 · best    986.4 · elite    552.4 · median     62.8 · years  27.7 · road 0.43 · starved  1047 · nobles  +3.0 · read 42.1 · walls  3.3 · fell 72.6% (mother 39.5%) · prince 22.2% · king 13.2% · crowned 10.4% (median year 35) · 3.3s
try  1 · gen   89 · best    826.7 · elite    472.5 · median    110.1 · years  24.5 · road 0.28 · starved   919 · nobles  +9.8 · read 28.4 · walls  0.8 · fell 83.8% (mother 31.7%) · prince 15.6% · king 12.7% · crowned 11.5% (median year 40) · 3.4s
try  2 · gen   89 · best    336.1 · elite    143.2 · median     18.9 · years  45.4 · road 0.39 · starved   950 · nobles  -6.8 · read 64.9 · walls  6.2 · fell 74.6% (mother 22.5%) · prince  2.6% · king  0.3% · crowned  0.1% (median year 82) · 3.4s
try  3 · gen   89 · best    861.3 · elite    461.6 · median      6.3 · years  29.9 · road 0.36 · starved   999 · nobles  +2.7 · read 27.0 · walls  4.7 · fell 78.3% (mother 26.5%) · prince 15.3% · king 11.7% · crowned  9.3% (median year 43) · 3.4s
try  4 · gen   89 · best    899.0 · elite    289.0 · median    -18.0 · years  34.3 · road 0.34 · starved  1149 · nobles  +2.0 · read 24.1 · walls  2.2 · fell 88.2% (mother 27.8%) · prince 10.6% · king  6.4% · crowned  4.4% (median year 62) · 3.4s
try  5 · gen   89 · best    584.0 · elite    316.0 · median    -12.8 · years  39.0 · road 0.41 · starved  1631 · nobles  +2.6 · read 20.4 · walls  5.2 · fell 86.0% (mother 45.4%) · prince 14.3% · king  8.4% · crowned  6.5% (median year 66) · 3.4s
try  6 · gen   89 · best   1266.6 · elite    666.0 · median    196.0 · years  19.7 · road 0.36 · starved   709 · nobles  +3.1 · read  8.0 · walls  1.2 · fell 66.9% (mother 30.4%) · prince 29.5% · king 21.4% · crowned 15.5% (median year 24) · 3.4s
try  7 · gen   89 · best   1439.2 · elite    695.6 · median    173.1 · years  22.6 · road 0.43 · starved  1111 · nobles  +3.8 · read 30.0 · walls  3.7 · fell 62.8% (mother 37.9%) · prince 29.8% · king 20.3% · crowned 16.2% (median year 30) · 3.4s
try  8 · gen   89 · best    996.6 · elite    540.7 · median     79.8 · years  27.9 · road 0.44 · starved  1068 · nobles  +1.8 · read 42.0 · walls  3.3 · fell 72.9% (mother 42.4%) · prince 22.6% · king 13.9% · crowned 10.4% (median year 35) · 3.4s
try  1 · gen   90 · best    876.7 · elite    518.9 · median     56.1 · years  24.7 · road 0.29 · starved   942 · nobles  +9.0 · read 28.3 · walls  0.8 · fell 83.6% (mother 29.8%) · prince 16.3% · king 12.8% · crowned 11.6% (median year 40) · 3.3s
try  2 · gen   90 · best    338.6 · elite    138.8 · median     16.7 · years  44.2 · road 0.38 · starved  1076 · nobles  -6.2 · read 61.8 · walls  6.1 · fell 76.7% (mother 24.0%) · prince  3.0% · king  0.4% · crowned  0.1% (median year 80) · 3.3s
try  3 · gen   90 · best    917.7 · elite    457.7 · median     22.6 · years  29.3 · road 0.35 · starved   957 · nobles  +2.6 · read 27.6 · walls  4.5 · fell 77.2% (mother 26.7%) · prince 16.0% · king 12.4% · crowned 10.1% (median year 42) · 3.3s
try  4 · gen   90 · best    586.4 · elite    252.7 · median    -20.3 · years  34.1 · road 0.34 · starved  1204 · nobles  +2.7 · read 23.4 · walls  2.2 · fell 88.2% (mother 29.6%) · prince 10.5% · king  6.1% · crowned  4.3% (median year 62) · 3.3s
try  5 · gen   90 · best    637.3 · elite    311.4 · median     -7.9 · years  40.9 · road 0.41 · starved  1746 · nobles  +1.1 · read 22.9 · walls  5.2 · fell 85.2% (mother 45.3%) · prince 15.9% · king  8.9% · crowned  6.0% (median year 66) · 3.3s
try  6 · gen   90 · best   1055.1 · elite    642.9 · median    194.9 · years  19.6 · road 0.36 · starved   723 · nobles  +3.4 · read  7.5 · walls  1.2 · fell 67.3% (mother 32.1%) · prince 29.0% · king 21.3% · crowned 15.5% (median year 25) · 3.3s
try  7 · gen   90 · best   1178.9 · elite    696.5 · median    181.3 · years  22.1 · road 0.43 · starved  1018 · nobles  +3.9 · read 28.7 · walls  3.8 · fell 61.2% (mother 34.8%) · prince 30.0% · king 20.2% · crowned 16.4% (median year 29) · 3.3s
try  8 · gen   90 · best   1139.2 · elite    548.2 · median     88.1 · years  27.7 · road 0.45 · starved  1044 · nobles  +1.3 · read 41.0 · walls  3.2 · fell 73.2% (mother 42.5%) · prince 23.0% · king 14.5% · crowned 10.9% (median year 35) · 3.3s
try  1 · gen   91 · best    870.6 · elite    510.1 · median     91.3 · years  24.3 · road 0.29 · starved   914 · nobles  +9.2 · read 26.5 · walls  0.9 · fell 83.7% (mother 32.1%) · prince 16.4% · king 13.3% · crowned 11.8% (median year 39) · 3.4s
try  2 · gen   91 · best    381.9 · elite    145.8 · median     17.8 · years  44.3 · road 0.39 · starved  1053 · nobles  -6.3 · read 60.0 · walls  6.1 · fell 76.5% (mother 23.6%) · prince  3.4% · king  0.4% · crowned  0.2% (median year 69) · 3.4s
try  3 · gen   91 · best    754.5 · elite    474.2 · median     14.4 · years  29.1 · road 0.35 · starved  1060 · nobles  +2.5 · read 26.7 · walls  4.1 · fell 77.9% (mother 26.4%) · prince 17.0% · king 12.4% · crowned 10.1% (median year 41) · 3.4s
try  4 · gen   91 · best    717.1 · elite    286.5 · median    -18.2 · years  34.1 · road 0.34 · starved  1219 · nobles  +3.1 · read 23.3 · walls  2.3 · fell 87.5% (mother 29.8%) · prince 10.9% · king  6.4% · crowned  4.7% (median year 61) · 3.4s
try  5 · gen   91 · best    724.5 · elite    303.7 · median     -0.2 · years  42.3 · road 0.42 · starved  1712 · nobles  +0.5 · read 24.0 · walls  5.5 · fell 85.2% (mother 44.9%) · prince 16.9% · king  9.6% · crowned  6.5% (median year 66) · 3.4s
try  6 · gen   91 · best   1262.9 · elite    667.2 · median    192.0 · years  19.8 · road 0.36 · starved   761 · nobles  +3.2 · read  8.2 · walls  1.1 · fell 68.5% (mother 31.8%) · prince 29.4% · king 20.5% · crowned 15.2% (median year 25) · 3.4s
try  7 · gen   91 · best   1189.0 · elite    706.6 · median    184.5 · years  21.9 · road 0.43 · starved  1014 · nobles  +4.0 · read 28.2 · walls  3.8 · fell 62.8% (mother 33.9%) · prince 29.2% · king 20.2% · crowned 16.2% (median year 28) · 3.4s
try  8 · gen   91 · best   1076.9 · elite    582.4 · median     78.5 · years  27.6 · road 0.45 · starved  1043 · nobles  +1.7 · read 41.3 · walls  3.3 · fell 71.4% (mother 40.1%) · prince 23.4% · king 15.0% · crowned 11.6% (median year 34) · 3.4s
try  1 · gen   92 · best    887.9 · elite    489.9 · median     91.8 · years  24.3 · road 0.29 · starved   959 · nobles  +9.2 · read 25.9 · walls  0.9 · fell 84.3% (mother 35.1%) · prince 16.5% · king 13.0% · crowned 11.6% (median year 40) · 3.5s
try  2 · gen   92 · best    322.3 · elite    142.9 · median     12.7 · years  42.3 · road 0.38 · starved  1032 · nobles  -5.8 · read 55.7 · walls  5.6 · fell 79.8% (mother 23.4%) · prince  4.3% · king  0.5% · crowned  0.2% (median year 79) · 3.5s
try  3 · gen   92 · best    891.3 · elite    456.8 · median     22.4 · years  28.8 · road 0.36 · starved  1029 · nobles  +2.3 · read 25.1 · walls  4.2 · fell 79.0% (mother 27.5%) · prince 16.9% · king 12.4% · crowned  9.4% (median year 40) · 3.5s
try  4 · gen   92 · best    590.4 · elite    258.6 · median    -21.2 · years  33.4 · road 0.34 · starved  1288 · nobles  +3.8 · read 22.7 · walls  2.3 · fell 88.7% (mother 31.4%) · prince 10.9% · king  6.0% · crowned  4.2% (median year 62) · 3.5s
try  5 · gen   92 · best    699.2 · elite    323.2 · median     -5.1 · years  41.2 · road 0.41 · starved  1618 · nobles  +0.8 · read 23.9 · walls  5.4 · fell 84.5% (mother 45.3%) · prince 15.2% · king  9.7% · crowned  6.5% (median year 66) · 3.5s
try  6 · gen   92 · best   1233.7 · elite    712.5 · median    193.9 · years  19.9 · road 0.37 · starved   715 · nobles  +3.3 · read  8.2 · walls  1.1 · fell 66.5% (mother 30.2%) · prince 30.3% · king 21.0% · crowned 15.7% (median year 25) · 3.5s
try  7 · gen   92 · best   1209.2 · elite    717.4 · median    179.9 · years  22.5 · road 0.44 · starved  1083 · nobles  +3.9 · read 26.7 · walls  3.8 · fell 64.3% (mother 38.0%) · prince 30.5% · king 20.3% · crowned 15.8% (median year 29) · 3.5s
try  8 · gen   92 · best    912.8 · elite    551.6 · median    110.1 · years  27.4 · road 0.44 · starved  1030 · nobles  +1.6 · read 40.1 · walls  3.2 · fell 72.5% (mother 40.3%) · prince 23.8% · king 15.2% · crowned 11.4% (median year 34) · 3.5s
try  1 · gen   93 · best    953.3 · elite    486.5 · median     28.3 · years  23.9 · road 0.28 · starved   981 · nobles  +8.8 · read 25.4 · walls  1.0 · fell 84.6% (mother 35.5%) · prince 15.9% · king 13.0% · crowned 11.1% (median year 40) · 3.4s
try  2 · gen   93 · best    351.6 · elite    150.2 · median     15.5 · years  42.4 · road 0.38 · starved   927 · nobles  -5.8 · read 54.8 · walls  5.4 · fell 79.4% (mother 23.5%) · prince  4.9% · king  0.4% · crowned  0.2% (median year 75) · 3.4s
try  3 · gen   93 · best    870.5 · elite    459.6 · median      4.7 · years  28.4 · road 0.34 · starved  1319 · nobles  +3.1 · read 25.7 · walls  3.6 · fell 79.7% (mother 30.1%) · prince 15.4% · king 11.4% · crowned  9.3% (median year 40) · 3.4s
try  4 · gen   93 · best    671.7 · elite    278.3 · median    -17.5 · years  33.4 · road 0.34 · starved  1345 · nobles  +4.0 · read 22.6 · walls  2.4 · fell 88.5% (mother 31.1%) · prince 11.2% · king  6.7% · crowned  4.7% (median year 58) · 3.4s
try  5 · gen   93 · best    612.6 · elite    331.0 · median     -7.4 · years  41.5 · road 0.41 · starved  1658 · nobles  +1.3 · read 25.0 · walls  5.4 · fell 84.7% (mother 44.8%) · prince 15.0% · king  9.5% · crowned  6.4% (median year 68) · 3.4s
try  6 · gen   93 · best   1264.3 · elite    664.2 · median    198.7 · years  19.8 · road 0.37 · starved   754 · nobles  +2.3 · read  7.7 · walls  1.2 · fell 67.4% (mother 32.8%) · prince 31.1% · king 21.0% · crowned 15.1% (median year 24) · 3.4s
try  7 · gen   93 · best   1099.6 · elite    679.2 · median    172.2 · years  21.9 · road 0.43 · starved  1083 · nobles  +3.7 · read 25.0 · walls  3.9 · fell 65.2% (mother 40.1%) · prince 29.6% · king 20.2% · crowned 15.3% (median year 29) · 3.4s
try  8 · gen   93 · best   1119.8 · elite    577.6 · median    100.1 · years  27.7 · road 0.45 · starved  1074 · nobles  +1.9 · read 39.7 · walls  3.2 · fell 72.9% (mother 39.7%) · prince 24.0% · king 15.2% · crowned 11.4% (median year 34) · 3.4s
try  1 · gen   94 · best   1144.7 · elite    507.6 · median     36.0 · years  24.3 · road 0.29 · starved   980 · nobles  +8.8 · read 26.1 · walls  1.0 · fell 84.8% (mother 35.3%) · prince 16.4% · king 12.9% · crowned 11.1% (median year 41) · 3.5s
try  2 · gen   94 · best    392.7 · elite    174.9 · median     18.6 · years  40.9 · road 0.37 · starved   973 · nobles  -4.8 · read 54.3 · walls  5.3 · fell 80.6% (mother 24.1%) · prince  7.4% · king  0.4% · crowned  0.1% (median year 72) · 3.5s
try  3 · gen   94 · best    837.9 · elite    467.4 · median      7.3 · years  27.8 · road 0.34 · starved  1154 · nobles  +2.9 · read 26.3 · walls  3.5 · fell 78.2% (mother 28.3%) · prince 16.2% · king 11.8% · crowned  9.6% (median year 39) · 3.5s
try  4 · gen   94 · best    581.3 · elite    287.5 · median    -18.0 · years  31.7 · road 0.34 · starved  1229 · nobles  +4.7 · read 21.4 · walls  2.3 · fell 89.3% (mother 32.2%) · prince 11.2% · king  6.3% · crowned  4.7% (median year 58) · 3.5s
try  5 · gen   94 · best    649.9 · elite    330.4 · median      2.3 · years  41.5 · road 0.42 · starved  1593 · nobles  +0.8 · read 24.4 · walls  5.6 · fell 84.6% (mother 44.5%) · prince 15.8% · king  9.6% · crowned  6.6% (median year 64) · 3.5s
try  6 · gen   94 · best   1408.7 · elite    710.7 · median    197.1 · years  19.9 · road 0.38 · starved   755 · nobles  +1.8 · read  7.9 · walls  1.2 · fell 67.5% (mother 31.0%) · prince 31.4% · king 21.9% · crowned 15.8% (median year 24) · 3.5s
try  7 · gen   94 · best   1119.5 · elite    691.2 · median    175.0 · years  21.5 · road 0.43 · starved  1057 · nobles  +3.5 · read 25.3 · walls  3.7 · fell 63.7% (mother 37.6%) · prince 29.4% · king 20.4% · crowned 15.6% (median year 28) · 3.5s
try  8 · gen   94 · best    979.6 · elite    556.4 · median     88.6 · years  27.9 · road 0.45 · starved  1066 · nobles  +1.6 · read 38.9 · walls  3.2 · fell 72.5% (mother 41.7%) · prince 23.0% · king 14.8% · crowned 11.2% (median year 34) · 3.5s
try  1 · gen   95 · best    879.7 · elite    497.7 · median     56.8 · years  24.2 · road 0.29 · starved   966 · nobles  +8.6 · read 25.1 · walls  1.1 · fell 83.8% (mother 35.2%) · prince 16.4% · king 13.1% · crowned 11.3% (median year 41) · 3.5s
try  2 · gen   95 · best    393.1 · elite    184.4 · median     18.4 · years  39.3 · road 0.36 · starved  1087 · nobles  -3.4 · read 54.3 · walls  5.0 · fell 83.4% (mother 25.6%) · prince 10.9% · king  0.6% · crowned  0.3% (median year 66) · 3.5s
try  3 · gen   95 · best    870.3 · elite    456.6 · median     -7.0 · years  27.7 · road 0.34 · starved  1388 · nobles  +4.0 · read 28.1 · walls  3.3 · fell 80.6% (mother 32.6%) · prince 16.2% · king 11.2% · crowned  8.8% (median year 38) · 3.5s
try  4 · gen   95 · best    671.3 · elite    301.0 · median    -18.7 · years  32.8 · road 0.35 · starved  1339 · nobles  +4.7 · read 20.9 · walls  2.6 · fell 88.6% (mother 32.0%) · prince 12.3% · king  6.7% · crowned  4.9% (median year 60) · 3.5s
try  5 · gen   95 · best    491.6 · elite    304.7 · median     -0.1 · years  42.3 · road 0.42 · starved  1666 · nobles  +0.9 · read 26.9 · walls  5.8 · fell 84.7% (mother 45.7%) · prince 15.7% · king  9.2% · crowned  6.4% (median year 67) · 3.5s
try  6 · gen   95 · best   1441.9 · elite    678.3 · median    192.4 · years  20.1 · road 0.37 · starved   816 · nobles  +2.1 · read  7.4 · walls  1.1 · fell 69.3% (mother 34.1%) · prince 30.9% · king 21.2% · crowned 15.2% (median year 25) · 3.5s
try  7 · gen   95 · best   1022.1 · elite    682.2 · median    186.7 · years  21.1 · road 0.43 · starved  1013 · nobles  +3.2 · read 24.4 · walls  3.8 · fell 63.5% (mother 37.7%) · prince 30.6% · king 21.4% · crowned 15.8% (median year 28) · 3.5s
try  8 · gen   95 · best    955.1 · elite    557.4 · median    105.8 · years  27.6 · road 0.45 · starved  1072 · nobles  +2.3 · read 39.7 · walls  3.2 · fell 71.6% (mother 40.4%) · prince 23.7% · king 14.8% · crowned 11.6% (median year 33) · 3.5s
try  1 · gen   96 · best    933.1 · elite    514.5 · median     87.5 · years  24.4 · road 0.29 · starved  1029 · nobles  +8.2 · read 25.6 · walls  1.2 · fell 82.9% (mother 34.3%) · prince 17.2% · king 13.6% · crowned 11.7% (median year 40) · 3.7s
try  2 · gen   96 · best    472.9 · elite    203.0 · median     18.7 · years  37.6 · road 0.36 · starved  1062 · nobles  -2.8 · read 53.0 · walls  4.8 · fell 85.5% (mother 26.5%) · prince 13.4% · king  1.0% · crowned  0.4% (median year 75) · 3.7s
try  3 · gen   96 · best    846.3 · elite    443.5 · median      2.0 · years  27.5 · road 0.34 · starved  1351 · nobles  +4.6 · read 28.2 · walls  3.0 · fell 80.7% (mother 32.5%) · prince 16.4% · king 11.5% · crowned  9.0% (median year 40) · 3.7s
try  4 · gen   96 · best    565.0 · elite    270.0 · median    -12.8 · years  33.4 · road 0.35 · starved  1303 · nobles  +4.2 · read 22.1 · walls  3.0 · fell 88.8% (mother 32.4%) · prince 11.6% · king  6.6% · crowned  4.7% (median year 59) · 3.7s
try  5 · gen   96 · best    577.5 · elite    331.1 · median      0.9 · years  42.7 · road 0.42 · starved  1651 · nobles  +0.8 · read 26.3 · walls  5.7 · fell 84.2% (mother 44.7%) · prince 15.9% · king  9.4% · crowned  6.7% (median year 66) · 3.7s
try  6 · gen   96 · best   1202.9 · elite    655.8 · median    194.5 · years  19.8 · road 0.37 · starved   840 · nobles  +2.2 · read  6.1 · walls  1.1 · fell 70.3% (mother 38.2%) · prince 29.9% · king 21.3% · crowned 15.3% (median year 25) · 3.7s
try  7 · gen   96 · best   1169.8 · elite    693.7 · median    175.6 · years  21.3 · road 0.44 · starved  1067 · nobles  +3.1 · read 23.9 · walls  3.9 · fell 65.0% (mother 42.0%) · prince 30.2% · king 20.4% · crowned 15.1% (median year 28) · 3.7s
try  8 · gen   96 · best   1154.3 · elite    534.0 · median    116.5 · years  26.6 · road 0.44 · starved  1077 · nobles  +2.8 · read 38.4 · walls  3.3 · fell 71.3% (mother 40.5%) · prince 23.0% · king 14.7% · crowned 11.6% (median year 32) · 3.7s
try  1 · gen   97 · best   1089.1 · elite    521.8 · median     98.4 · years  23.4 · road 0.29 · starved   987 · nobles  +7.4 · read 24.5 · walls  1.2 · fell 82.7% (mother 34.7%) · prince 16.9% · king 13.9% · crowned 12.0% (median year 38) · 3.8s
try  2 · gen   97 · best    433.5 · elite    210.6 · median     18.3 · years  37.3 · road 0.36 · starved  1059 · nobles  -2.4 · read 55.0 · walls  4.6 · fell 86.9% (mother 27.6%) · prince 15.1% · king  1.0% · crowned  0.5% (median year 86) · 3.8s
try  3 · gen   97 · best    725.1 · elite    468.5 · median     -7.1 · years  27.5 · road 0.33 · starved  1334 · nobles  +4.3 · read 28.1 · walls  2.8 · fell 82.4% (mother 34.2%) · prince 16.3% · king 11.5% · crowned  8.8% (median year 39) · 3.8s
try  4 · gen   97 · best    801.8 · elite    281.6 · median    -14.8 · years  33.1 · road 0.35 · starved  1339 · nobles  +4.2 · read 20.9 · walls  2.9 · fell 88.7% (mother 32.6%) · prince 12.3% · king  6.5% · crowned  4.9% (median year 57) · 3.8s
try  5 · gen   97 · best    570.2 · elite    308.0 · median     -1.7 · years  42.7 · road 0.42 · starved  1675 · nobles  +0.7 · read 27.2 · walls  5.6 · fell 85.1% (mother 46.0%) · prince 15.7% · king  9.0% · crowned  6.2% (median year 67) · 3.8s
try  6 · gen   97 · best   1253.1 · elite    691.5 · median    179.4 · years  19.8 · road 0.37 · starved   864 · nobles  +2.7 · read  5.4 · walls  1.0 · fell 71.1% (mother 38.9%) · prince 30.6% · king 20.8% · crowned 14.7% (median year 25) · 3.8s
try  7 · gen   97 · best   1222.8 · elite    720.4 · median    185.5 · years  21.8 · road 0.44 · starved  1070 · nobles  +2.8 · read 24.8 · walls  4.1 · fell 63.1% (mother 41.4%) · prince 32.0% · king 21.6% · crowned 16.1% (median year 28) · 3.8s
try  8 · gen   97 · best    984.1 · elite    568.9 · median    132.9 · years  25.9 · road 0.44 · starved  1040 · nobles  +3.5 · read 36.4 · walls  3.3 · fell 71.1% (mother 39.2%) · prince 22.8% · king 15.5% · crowned 12.4% (median year 32) · 3.8s
try  1 · gen   98 · best    922.8 · elite    522.0 · median    133.7 · years  23.5 · road 0.29 · starved   975 · nobles  +8.1 · read 24.5 · walls  1.1 · fell 82.3% (mother 34.6%) · prince 17.5% · king 14.4% · crowned 12.6% (median year 38) · 3.7s
try  2 · gen   98 · best    503.7 · elite    208.2 · median     18.7 · years  37.1 · road 0.36 · starved  1116 · nobles  -2.2 · read 54.3 · walls  4.6 · fell 87.5% (mother 28.2%) · prince 15.2% · king  1.3% · crowned  0.8% (median year 82) · 3.7s
try  3 · gen   98 · best    661.6 · elite    437.3 · median      1.9 · years  27.2 · road 0.33 · starved  1386 · nobles  +4.4 · read 26.3 · walls  2.6 · fell 82.2% (mother 32.8%) · prince 16.6% · king 11.4% · crowned  8.9% (median year 38) · 3.7s
try  4 · gen   98 · best    742.2 · elite    290.3 · median    -13.1 · years  33.2 · road 0.35 · starved  1301 · nobles  +4.3 · read 21.7 · walls  3.3 · fell 89.2% (mother 35.6%) · prince 11.9% · king  6.4% · crowned  4.8% (median year 62) · 3.7s
try  5 · gen   98 · best    552.1 · elite    326.4 · median      4.1 · years  43.1 · road 0.42 · starved  1680 · nobles  +0.9 · read 26.6 · walls  5.9 · fell 84.6% (mother 47.0%) · prince 16.0% · king  9.4% · crowned  6.5% (median year 66) · 3.7s
try  6 · gen   98 · best   1193.2 · elite    655.9 · median    186.9 · years  19.7 · road 0.36 · starved   879 · nobles  +2.8 · read  5.0 · walls  1.0 · fell 70.6% (mother 39.7%) · prince 29.5% · king 20.8% · crowned 15.3% (median year 25) · 3.7s
try  7 · gen   98 · best   1164.8 · elite    716.0 · median    185.1 · years  21.5 · road 0.44 · starved  1059 · nobles  +2.9 · read 25.4 · walls  3.8 · fell 62.7% (mother 41.9%) · prince 31.8% · king 21.6% · crowned 15.8% (median year 28) · 3.7s
try  8 · gen   98 · best   1180.9 · elite    571.3 · median    146.3 · years  25.7 · road 0.44 · starved   969 · nobles  +2.9 · read 35.4 · walls  3.5 · fell 70.0% (mother 37.2%) · prince 24.6% · king 15.1% · crowned 12.4% (median year 31) · 3.7s
try  1 · gen   99 · best   1135.8 · elite    514.6 · median    102.2 · years  23.5 · road 0.29 · starved   962 · nobles  +7.2 · read 24.0 · walls  1.1 · fell 83.4% (mother 34.0%) · prince 17.2% · king 13.9% · crowned 11.6% (median year 37) · 3.8s
try  2 · gen   99 · best    558.7 · elite    237.3 · median     16.1 · years  36.5 · road 0.36 · starved  1086 · nobles  -2.4 · read 52.2 · walls  4.5 · fell 87.1% (mother 28.2%) · prince 15.4% · king  2.3% · crowned  1.2% (median year 75) · 3.8s
try  3 · gen   99 · best    893.7 · elite    477.7 · median      4.1 · years  26.8 · road 0.33 · starved  1144 · nobles  +3.7 · read 25.4 · walls  2.6 · fell 82.3% (mother 33.0%) · prince 17.3% · king 12.0% · crowned  9.0% (median year 37) · 3.8s
try  4 · gen   99 · best    754.8 · elite    296.9 · median     -8.6 · years  34.3 · road 0.36 · starved  1267 · nobles  +4.0 · read 23.0 · walls  3.9 · fell 88.3% (mother 31.6%) · prince 12.1% · king  6.6% · crowned  5.0% (median year 60) · 3.8s
try  5 · gen   99 · best    539.8 · elite    310.1 · median      7.4 · years  43.2 · road 0.42 · starved  1671 · nobles  +1.1 · read 27.2 · walls  5.9 · fell 84.4% (mother 45.7%) · prince 17.0% · king 10.0% · crowned  6.8% (median year 67) · 3.8s
try  6 · gen   99 · best   1083.2 · elite    658.9 · median    183.5 · years  19.5 · road 0.36 · starved   877 · nobles  +2.8 · read  5.6 · walls  0.9 · fell 71.3% (mother 41.4%) · prince 29.3% · king 20.8% · crowned 14.7% (median year 25) · 3.8s
try  7 · gen   99 · best   1246.3 · elite    733.5 · median    187.2 · years  22.0 · road 0.45 · starved  1051 · nobles  +3.3 · read 27.0 · walls  3.9 · fell 60.3% (mother 39.2%) · prince 32.8% · king 22.5% · crowned 16.4% (median year 29) · 3.8s
try  8 · gen   99 · best   1093.3 · elite    610.1 · median    166.6 · years  25.6 · road 0.45 · starved   906 · nobles  +2.8 · read 35.5 · walls  3.5 · fell 69.1% (mother 33.7%) · prince 24.3% · king 16.5% · crowned 13.2% (median year 31) · 3.8s
