War · reads Reads { told: true, recall: false, journal: false } · hidden 32 · genome 33445 · population 1000 (first 10000) · elite 100 breeding at 0.3 · tables 6 · hall 0 · rank 40 · letters None · longest 100 years · 8 trials · AMD Radeon RX 6750 XT (RADV NAVI22)
try  1 · gen    0 · best      2.1 · elite    -24.2 · median   -107.7 · years  18.5 · road 0.20 · starved  1129 · nobles  -0.9 · read 48.4 · walls  1.5 · fell 99.4% (mother 84.8%) · prince  0.0% · king  0.0% · crowned  0.0% · 13.4s
try  2 · gen    0 · best     -4.2 · elite    -25.0 · median   -107.6 · years  18.4 · road 0.20 · starved  1130 · nobles  -0.9 · read 47.9 · walls  1.5 · fell 99.4% (mother 85.2%) · prince  0.0% · king  0.0% · crowned  0.0% · 13.4s
try  3 · gen    0 · best      5.5 · elite    -21.3 · median   -107.5 · years  18.4 · road 0.20 · starved  1128 · nobles  -0.9 · read 47.9 · walls  1.5 · fell 99.5% (mother 85.2%) · prince  0.0% · king  0.0% · crowned  0.0% · 13.4s
try  4 · gen    0 · best     10.0 · elite    -24.6 · median   -107.7 · years  18.4 · road 0.20 · starved  1127 · nobles  -0.9 · read 48.4 · walls  1.5 · fell 99.4% (mother 84.6%) · prince  0.0% · king  0.0% · crowned  0.0% · 13.4s
try  5 · gen    0 · best      5.2 · elite    -24.0 · median   -107.9 · years  18.4 · road 0.20 · starved  1125 · nobles  -0.9 · read 47.9 · walls  1.5 · fell 99.5% (mother 84.6%) · prince  0.0% · king  0.0% · crowned  0.0% · 27.7s
try  6 · gen    0 · best      8.1 · elite    -24.2 · median   -108.1 · years  18.4 · road 0.20 · starved  1128 · nobles  -0.9 · read 48.1 · walls  1.5 · fell 99.5% (mother 84.7%) · prince  0.0% · king  0.0% · crowned  0.0% · 27.7s
try  7 · gen    0 · best      2.4 · elite    -22.3 · median   -108.0 · years  18.6 · road 0.20 · starved  1141 · nobles  -0.9 · read 48.4 · walls  1.5 · fell 99.4% (mother 85.3%) · prince  0.0% · king  0.0% · crowned  0.0% · 27.7s
try  8 · gen    0 · best      2.2 · elite    -23.7 · median   -107.6 · years  18.4 · road 0.20 · starved  1126 · nobles  -0.9 · read 48.0 · walls  1.5 · fell 99.4% (mother 84.8%) · prince  0.0% · king  0.0% · crowned  0.0% · 27.7s
try  1 · gen    1 · best      7.1 · elite    -40.9 · median   -106.1 · years  30.1 · road 0.24 · starved  1518 · nobles  -1.9 · read 73.5 · walls  2.4 · fell 97.7% (mother 74.3%) · prince  0.0% · king  0.0% · crowned  0.0% · 3.3s
try  2 · gen    1 · best      0.6 · elite    -41.9 · median   -105.7 · years  27.3 · road 0.24 · starved  1404 · nobles  -1.5 · read 65.3 · walls  2.6 · fell 97.9% (mother 74.7%) · prince  0.0% · king  0.0% · crowned  0.0% · 3.3s
try  3 · gen    1 · best      3.3 · elite    -43.8 · median   -104.4 · years  28.9 · road 0.24 · starved  1474 · nobles  -1.7 · read 71.4 · walls  2.4 · fell 98.2% (mother 74.9%) · prince  0.0% · king  0.0% · crowned  0.0% · 3.3s
try  4 · gen    1 · best     14.2 · elite    -49.7 · median   -108.5 · years  31.7 · road 0.24 · starved  1562 · nobles  -2.0 · read 82.8 · walls  2.4 · fell 97.2% (mother 72.1%) · prince  0.0% · king  0.0% · crowned  0.0% · 3.3s
try  5 · gen    1 · best      7.6 · elite    -43.8 · median   -104.5 · years  29.1 · road 0.24 · starved  1445 · nobles  -1.9 · read 74.1 · walls  2.6 · fell 97.5% (mother 73.0%) · prince  0.0% · king  0.0% · crowned  0.0% · 3.3s
try  6 · gen    1 · best      3.8 · elite    -41.0 · median   -106.4 · years  28.8 · road 0.24 · starved  1461 · nobles  -1.6 · read 69.0 · walls  2.3 · fell 97.8% (mother 74.7%) · prince  0.0% · king  0.0% · crowned  0.0% · 3.3s
try  7 · gen    1 · best     11.2 · elite    -42.7 · median   -105.5 · years  26.6 · road 0.24 · starved  1408 · nobles  -1.6 · read 67.1 · walls  2.6 · fell 98.1% (mother 74.9%) · prince  0.0% · king  0.0% · crowned  0.0% · 3.3s
try  8 · gen    1 · best     -3.5 · elite    -47.5 · median   -105.6 · years  29.2 · road 0.24 · starved  1484 · nobles  -1.6 · read 70.0 · walls  2.5 · fell 97.4% (mother 75.1%) · prince  0.0% · king  0.0% · crowned  0.0% · 3.3s
try  1 · gen    2 · best     19.2 · elite    -42.6 · median   -107.0 · years  43.3 · road 0.25 · starved  1826 · nobles  -2.5 · read 109.6 · walls  3.2 · fell 91.4% (mother 55.8%) · prince  0.0% · king  0.0% · crowned  0.0% · 3.9s
try  2 · gen    2 · best     -5.7 · elite    -46.5 · median   -107.2 · years  40.0 · road 0.25 · starved  1803 · nobles  -2.3 · read 98.4 · walls  3.4 · fell 94.9% (mother 61.1%) · prince  0.0% · king  0.0% · crowned  0.0% · 3.9s
try  3 · gen    2 · best      6.4 · elite    -45.9 · median   -109.3 · years  40.9 · road 0.25 · starved  1814 · nobles  -2.5 · read 109.3 · walls  3.0 · fell 94.7% (mother 61.8%) · prince  0.0% · king  0.0% · crowned  0.0% · 3.9s
try  4 · gen    2 · best      4.8 · elite    -44.5 · median   -108.9 · years  42.8 · road 0.24 · starved  1804 · nobles  -2.3 · read 111.6 · walls  2.9 · fell 92.4% (mother 56.0%) · prince  0.0% · king  0.0% · crowned  0.0% · 3.9s
try  5 · gen    2 · best     19.4 · elite    -44.4 · median   -105.2 · years  44.8 · road 0.25 · starved  1854 · nobles  -2.8 · read 120.5 · walls  3.5 · fell 91.2% (mother 60.1%) · prince  0.0% · king  0.0% · crowned  0.0% · 3.9s
try  6 · gen    2 · best     16.9 · elite    -42.7 · median   -104.4 · years  39.4 · road 0.25 · starved  1726 · nobles  -2.0 · read 95.5 · walls  2.9 · fell 93.5% (mother 61.5%) · prince  0.0% · king  0.0% · crowned  0.0% · 3.9s
try  7 · gen    2 · best     -0.4 · elite    -41.9 · median   -106.5 · years  37.7 · road 0.26 · starved  1729 · nobles  -1.8 · read 98.6 · walls  3.6 · fell 95.2% (mother 65.0%) · prince  0.0% · king  0.0% · crowned  0.0% · 3.9s
try  8 · gen    2 · best      4.1 · elite    -42.6 · median   -107.2 · years  39.9 · road 0.25 · starved  1770 · nobles  -2.2 · read 101.8 · walls  3.0 · fell 93.8% (mother 61.3%) · prince  0.0% · king  0.0% · crowned  0.0% · 3.9s
try  1 · gen    3 · best     21.8 · elite    -39.0 · median   -106.2 · years  47.9 · road 0.24 · starved  1835 · nobles  -2.1 · read 125.7 · walls  3.7 · fell 82.7% (mother 39.9%) · prince  0.0% · king  0.0% · crowned  0.0% · 4.2s
try  2 · gen    3 · best     -2.0 · elite    -46.4 · median   -106.7 · years  45.6 · road 0.24 · starved  1881 · nobles  -2.0 · read 113.2 · walls  3.7 · fell 89.7% (mother 53.9%) · prince  0.0% · king  0.0% · crowned  0.0% · 4.2s
try  3 · gen    3 · best     19.1 · elite    -44.8 · median   -105.9 · years  47.5 · road 0.23 · starved  1862 · nobles  -2.3 · read 132.9 · walls  3.3 · fell 86.7% (mother 52.7%) · prince  0.0% · king  0.0% · crowned  0.0% · 4.2s
try  4 · gen    3 · best     24.6 · elite    -45.4 · median   -106.5 · years  48.0 · road 0.23 · starved  1841 · nobles  -2.0 · read 119.2 · walls  3.1 · fell 83.8% (mother 44.0%) · prince  0.0% · king  0.0% · crowned  0.0% · 4.2s
try  5 · gen    3 · best      8.4 · elite    -38.1 · median   -101.1 · years  51.3 · road 0.24 · starved  1871 · nobles  -2.4 · read 143.0 · walls  4.1 · fell 79.8% (mother 43.0%) · prince  0.0% · king  0.0% · crowned  0.0% · 4.2s
try  6 · gen    3 · best     14.7 · elite    -37.3 · median   -102.8 · years  46.5 · road 0.25 · starved  1811 · nobles  -1.7 · read 111.7 · walls  3.3 · fell 85.5% (mother 51.9%) · prince  0.0% · king  0.0% · crowned  0.0% · 4.2s
try  7 · gen    3 · best     -8.4 · elite    -42.9 · median   -103.1 · years  48.7 · road 0.25 · starved  1872 · nobles  -1.5 · read 134.1 · walls  4.3 · fell 84.5% (mother 45.2%) · prince  0.0% · king  0.0% · crowned  0.0% · 4.2s
try  8 · gen    3 · best     11.0 · elite    -39.2 · median   -105.2 · years  47.4 · road 0.25 · starved  1870 · nobles  -1.8 · read 122.6 · walls  3.5 · fell 87.3% (mother 50.5%) · prince  0.0% · king  0.0% · crowned  0.0% · 4.2s
try  1 · gen    4 · best      4.9 · elite    -34.6 · median   -101.2 · years  50.8 · road 0.24 · starved  1835 · nobles  -2.0 · read 131.0 · walls  4.1 · fell 77.7% (mother 32.6%) · prince  0.0% · king  0.0% · crowned  0.0% · 4.3s
try  2 · gen    4 · best     12.9 · elite    -47.2 · median   -105.6 · years  50.9 · road 0.23 · starved  1899 · nobles  -2.0 · read 138.6 · walls  4.0 · fell 80.5% (mother 42.2%) · prince  0.0% · king  0.0% · crowned  0.0% · 4.3s
try  3 · gen    4 · best      9.4 · elite    -41.4 · median   -105.8 · years  50.1 · road 0.23 · starved  1878 · nobles  -2.0 · read 140.9 · walls  3.2 · fell 79.5% (mother 43.2%) · prince  0.0% · king  0.0% · crowned  0.0% · 4.3s
try  4 · gen    4 · best    -13.3 · elite    -45.0 · median   -104.8 · years  48.6 · road 0.23 · starved  1799 · nobles  -2.1 · read 114.4 · walls  3.4 · fell 81.6% (mother 38.4%) · prince  0.0% · king  0.0% · crowned  0.0% · 4.3s
try  5 · gen    4 · best     29.5 · elite    -30.1 · median    -95.6 · years  53.6 · road 0.26 · starved  1864 · nobles  -2.7 · read 138.4 · walls  5.1 · fell 72.8% (mother 32.0%) · prince  0.0% · king  0.0% · crowned  0.0% · 4.3s
try  6 · gen    4 · best     15.9 · elite    -33.6 · median   -100.3 · years  50.0 · road 0.24 · starved  1802 · nobles  -1.2 · read 128.8 · walls  3.3 · fell 76.6% (mother 38.7%) · prince  0.0% · king  0.0% · crowned  0.0% · 4.3s
try  7 · gen    4 · best     21.2 · elite    -38.7 · median   -100.6 · years  50.6 · road 0.24 · starved  1836 · nobles  -0.9 · read 138.1 · walls  4.9 · fell 77.1% (mother 35.2%) · prince  0.0% · king  0.0% · crowned  0.0% · 4.3s
try  8 · gen    4 · best     22.1 · elite    -34.7 · median   -102.7 · years  51.1 · road 0.24 · starved  1859 · nobles  -1.2 · read 136.0 · walls  3.9 · fell 77.6% (mother 40.0%) · prince  0.0% · king  0.0% · crowned  0.0% · 4.3s
try  1 · gen    5 · best     26.3 · elite    -31.6 · median    -98.5 · years  50.3 · road 0.25 · starved  1790 · nobles  -2.0 · read 125.5 · walls  4.7 · fell 76.8% (mother 28.0%) · prince  0.0% · king  0.0% · crowned  0.0% · 4.3s
try  2 · gen    5 · best      8.8 · elite    -41.0 · median   -106.6 · years  51.2 · road 0.22 · starved  1858 · nobles  -2.4 · read 143.3 · walls  3.5 · fell 75.4% (mother 34.9%) · prince  0.0% · king  0.0% · crowned  0.0% · 4.3s
try  3 · gen    5 · best      4.9 · elite    -36.5 · median   -103.6 · years  50.6 · road 0.23 · starved  1843 · nobles  -1.5 · read 139.2 · walls  3.6 · fell 74.6% (mother 36.6%) · prince  0.0% · king  0.0% · crowned  0.0% · 4.3s
try  4 · gen    5 · best      0.0 · elite    -40.6 · median   -102.8 · years  49.3 · road 0.23 · starved  1788 · nobles  -1.9 · read 115.1 · walls  3.7 · fell 79.2% (mother 38.2%) · prince  0.0% · king  0.0% · crowned  0.0% · 4.3s
try  5 · gen    5 · best     13.0 · elite    -26.3 · median    -92.2 · years  56.4 · road 0.27 · starved  1898 · nobles  -2.9 · read 137.0 · walls  5.6 · fell 67.8% (mother 25.2%) · prince  0.0% · king  0.0% · crowned  0.0% · 4.3s
try  6 · gen    5 · best     40.9 · elite    -27.0 · median    -96.8 · years  53.1 · road 0.25 · starved  1826 · nobles  -1.0 · read 139.5 · walls  3.6 · fell 70.9% (mother 31.0%) · prince  0.0% · king  0.0% · crowned  0.0% · 4.3s
try  7 · gen    5 · best     15.4 · elite    -33.0 · median    -97.8 · years  53.2 · road 0.25 · starved  1864 · nobles  -0.6 · read 141.1 · walls  5.4 · fell 70.5% (mother 28.1%) · prince  0.0% · king  0.0% · crowned  0.0% · 4.3s
try  8 · gen    5 · best     24.4 · elite    -36.6 · median   -103.7 · years  51.7 · road 0.23 · starved  1823 · nobles  -0.8 · read 139.4 · walls  4.1 · fell 71.7% (mother 29.8%) · prince  0.0% · king  0.0% · crowned  0.0% · 4.3s
try  1 · gen    6 · best     22.0 · elite    -29.8 · median    -97.7 · years  49.0 · road 0.26 · starved  1739 · nobles  -2.4 · read 117.4 · walls  4.6 · fell 78.8% (mother 27.5%) · prince  0.0% · king  0.0% · crowned  0.0% · 4.4s
try  2 · gen    6 · best      6.6 · elite    -35.8 · median   -102.7 · years  54.5 · road 0.22 · starved  1889 · nobles  -3.3 · read 158.6 · walls  3.4 · fell 70.6% (mother 28.9%) · prince  0.0% · king  0.0% · crowned  0.0% · 4.4s
try  3 · gen    6 · best     12.3 · elite    -37.2 · median   -101.3 · years  51.7 · road 0.23 · starved  1860 · nobles  -1.6 · read 141.4 · walls  3.8 · fell 71.8% (mother 32.9%) · prince  0.0% · king  0.0% · crowned  0.0% · 4.4s
try  4 · gen    6 · best     23.0 · elite    -37.9 · median   -101.6 · years  49.5 · road 0.24 · starved  1756 · nobles  -2.0 · read 110.6 · walls  3.9 · fell 77.7% (mother 34.7%) · prince  0.0% · king  0.0% · crowned  0.0% · 4.4s
try  5 · gen    6 · best     34.9 · elite    -22.4 · median    -91.2 · years  55.7 · road 0.27 · starved  1867 · nobles  -2.6 · read 134.3 · walls  5.8 · fell 66.0% (mother 21.7%) · prince  0.0% · king  0.0% · crowned  0.0% · 4.4s
try  6 · gen    6 · best     21.2 · elite    -25.8 · median    -93.1 · years  54.3 · road 0.26 · starved  1838 · nobles  -0.8 · read 149.0 · walls  4.0 · fell 68.2% (mother 28.3%) · prince  0.0% · king  0.0% · crowned  0.0% · 4.4s
try  7 · gen    6 · best     14.3 · elite    -38.2 · median    -99.1 · years  52.5 · road 0.25 · starved  1856 · nobles  -0.4 · read 140.7 · walls  5.4 · fell 69.1% (mother 24.1%) · prince  0.0% · king  0.0% · crowned  0.0% · 4.4s
try  8 · gen    6 · best     17.4 · elite    -27.2 · median   -100.2 · years  55.3 · road 0.24 · starved  1868 · nobles  -0.7 · read 152.5 · walls  4.3 · fell 65.6% (mother 26.4%) · prince  0.0% · king  0.0% · crowned  0.0% · 4.4s
try  1 · gen    7 · best     45.4 · elite    -30.3 · median    -94.1 · years  51.6 · road 0.25 · starved  1790 · nobles  -2.2 · read 123.4 · walls  4.5 · fell 74.5% (mother 23.5%) · prince  0.0% · king  0.0% · crowned  0.0% · 4.4s
try  2 · gen    7 · best     26.0 · elite    -33.5 · median   -100.8 · years  53.1 · road 0.23 · starved  1819 · nobles  -4.4 · read 152.9 · walls  3.1 · fell 70.4% (mother 25.9%) · prince  0.0% · king  0.0% · crowned  0.0% · 4.4s
try  3 · gen    7 · best     14.3 · elite    -30.7 · median    -97.5 · years  51.5 · road 0.24 · starved  1820 · nobles  -1.7 · read 137.4 · walls  3.5 · fell 72.8% (mother 32.9%) · prince  0.0% · king  0.0% · crowned  0.0% · 4.4s
try  4 · gen    7 · best     17.3 · elite    -34.8 · median   -101.2 · years  48.7 · road 0.24 · starved  1732 · nobles  -1.9 · read 111.1 · walls  4.0 · fell 77.3% (mother 29.9%) · prince  0.0% · king  0.0% · crowned  0.0% · 4.4s
try  5 · gen    7 · best     48.4 · elite    -17.9 · median    -89.8 · years  57.3 · road 0.28 · starved  1894 · nobles  -3.0 · read 137.6 · walls  5.9 · fell 65.5% (mother 19.0%) · prince  0.0% · king  0.0% · crowned  0.0% · 4.4s
try  6 · gen    7 · best     18.3 · elite    -21.7 · median    -91.3 · years  56.9 · road 0.26 · starved  1896 · nobles  -0.5 · read 156.2 · walls  3.9 · fell 64.7% (mother 24.0%) · prince  0.0% · king  0.0% · crowned  0.0% · 4.4s
try  7 · gen    7 · best     17.9 · elite    -31.0 · median    -97.4 · years  52.7 · road 0.26 · starved  1845 · nobles  -0.4 · read 138.6 · walls  5.7 · fell 68.7% (mother 23.8%) · prince  0.0% · king  0.0% · crowned  0.0% · 4.4s
try  8 · gen    7 · best      8.8 · elite    -32.1 · median    -97.6 · years  53.3 · road 0.24 · starved  1806 · nobles  -0.6 · read 146.0 · walls  4.5 · fell 66.0% (mother 25.5%) · prince  0.0% · king  0.0% · crowned  0.0% · 4.4s
try  1 · gen    8 · best     25.8 · elite    -29.3 · median    -94.1 · years  50.7 · road 0.25 · starved  1768 · nobles  -2.1 · read 119.8 · walls  4.8 · fell 75.1% (mother 21.9%) · prince  0.0% · king  0.0% · crowned  0.0% · 4.4s
try  2 · gen    8 · best      3.4 · elite    -36.4 · median   -100.2 · years  52.8 · road 0.24 · starved  1802 · nobles  -5.5 · read 148.8 · walls  3.2 · fell 71.8% (mother 24.9%) · prince  0.0% · king  0.0% · crowned  0.0% · 4.4s
try  3 · gen    8 · best     23.3 · elite    -25.9 · median    -99.1 · years  50.2 · road 0.25 · starved  1777 · nobles  -1.9 · read 136.4 · walls  3.8 · fell 74.3% (mother 30.7%) · prince  0.0% · king  0.0% · crowned  0.0% · 4.4s
try  4 · gen    8 · best     19.7 · elite    -28.9 · median    -99.9 · years  47.7 · road 0.24 · starved  1706 · nobles  -2.0 · read 110.9 · walls  4.2 · fell 79.0% (mother 32.0%) · prince  0.0% · king  0.0% · crowned  0.0% · 4.4s
try  5 · gen    8 · best     40.3 · elite    -19.3 · median    -86.5 · years  56.1 · road 0.29 · starved  1853 · nobles  -3.3 · read 126.4 · walls  6.0 · fell 68.0% (mother 21.8%) · prince  0.0% · king  0.0% · crowned  0.0% · 4.4s
try  6 · gen    8 · best     38.2 · elite    -23.8 · median    -92.0 · years  55.2 · road 0.26 · starved  1845 · nobles  -0.4 · read 155.2 · walls  4.2 · fell 64.3% (mother 21.6%) · prince  0.0% · king  0.0% · crowned  0.0% · 4.4s
try  7 · gen    8 · best     26.8 · elite    -31.7 · median    -96.2 · years  52.9 · road 0.26 · starved  1845 · nobles  -0.4 · read 140.3 · walls  5.8 · fell 68.0% (mother 21.5%) · prince  0.0% · king  0.0% · crowned  0.0% · 4.4s
try  8 · gen    8 · best     42.7 · elite    -28.9 · median    -95.1 · years  54.1 · road 0.25 · starved  1799 · nobles  -0.7 · read 146.7 · walls  4.7 · fell 64.1% (mother 23.6%) · prince  0.0% · king  0.0% · crowned  0.0% · 4.4s
try  1 · gen    9 · best     50.7 · elite    -29.0 · median    -96.2 · years  50.3 · road 0.25 · starved  1762 · nobles  -2.1 · read 120.0 · walls  4.4 · fell 74.0% (mother 21.2%) · prince  0.0% · king  0.0% · crowned  0.0% · 4.4s
try  2 · gen    9 · best      6.3 · elite    -30.8 · median    -98.3 · years  53.3 · road 0.24 · starved  1785 · nobles  -5.8 · read 147.7 · walls  3.5 · fell 70.0% (mother 22.1%) · prince  0.0% · king  0.0% · crowned  0.0% · 4.4s
try  3 · gen    9 · best     21.4 · elite    -26.2 · median    -96.5 · years  48.0 · road 0.26 · starved  1746 · nobles  -2.1 · read 126.4 · walls  4.1 · fell 78.6% (mother 32.4%) · prince  0.0% · king  0.0% · crowned  0.0% · 4.4s
try  4 · gen    9 · best     44.5 · elite    -28.4 · median    -95.5 · years  47.2 · road 0.25 · starved  1681 · nobles  -2.1 · read 118.2 · walls  4.4 · fell 79.2% (mother 28.8%) · prince  0.0% · king  0.0% · crowned  0.0% · 4.4s
try  5 · gen    9 · best     40.0 · elite    -22.1 · median    -88.2 · years  53.9 · road 0.28 · starved  1811 · nobles  -3.2 · read 114.9 · walls  5.6 · fell 70.4% (mother 20.5%) · prince  0.0% · king  0.0% · crowned  0.0% · 4.4s
try  6 · gen    9 · best     20.6 · elite    -25.3 · median    -94.8 · years  53.5 · road 0.26 · starved  1834 · nobles  -0.3 · read 144.5 · walls  4.2 · fell 66.1% (mother 23.6%) · prince  0.0% · king  0.0% · crowned  0.0% · 4.4s
try  7 · gen    9 · best     29.1 · elite    -27.7 · median    -95.9 · years  53.6 · road 0.26 · starved  1845 · nobles  -0.4 · read 137.5 · walls  6.0 · fell 67.8% (mother 21.5%) · prince  0.0% · king  0.0% · crowned  0.0% · 4.4s
try  8 · gen    9 · best     23.3 · elite    -26.6 · median    -97.3 · years  54.9 · road 0.25 · starved  1812 · nobles  -0.8 · read 148.7 · walls  4.9 · fell 64.4% (mother 23.8%) · prince  0.0% · king  0.0% · crowned  0.0% · 4.4s
try  1 · gen   10 · best     37.4 · elite    -27.6 · median    -92.7 · years  49.5 · road 0.26 · starved  1744 · nobles  -2.4 · read 107.6 · walls  4.5 · fell 75.1% (mother 24.2%) · prince  0.0% · king  0.0% · crowned  0.0% · 4.4s
try  2 · gen   10 · best     19.2 · elite    -28.5 · median    -98.7 · years  52.7 · road 0.23 · starved  1769 · nobles  -6.2 · read 145.7 · walls  3.5 · fell 71.3% (mother 20.6%) · prince  0.0% · king  0.0% · crowned  0.0% · 4.4s
try  3 · gen   10 · best     29.5 · elite    -23.9 · median    -91.4 · years  47.7 · road 0.27 · starved  1728 · nobles  -3.0 · read 129.8 · walls  4.7 · fell 80.8% (mother 30.2%) · prince  0.0% · king  0.0% · crowned  0.0% · 4.4s
try  4 · gen   10 · best     25.1 · elite    -27.2 · median    -96.0 · years  45.8 · road 0.25 · starved  1660 · nobles  -2.1 · read 118.1 · walls  4.3 · fell 80.7% (mother 31.7%) · prince  0.0% · king  0.0% · crowned  0.0% · 4.4s
try  5 · gen   10 · best     61.2 · elite    -17.8 · median    -86.7 · years  54.0 · road 0.28 · starved  1801 · nobles  -2.8 · read 113.3 · walls  5.8 · fell 70.1% (mother 19.4%) · prince  0.1% · king  0.0% · crowned  0.0% · 4.4s
try  6 · gen   10 · best     32.9 · elite    -22.7 · median    -90.8 · years  53.3 · road 0.27 · starved  1827 · nobles  -0.2 · read 135.3 · walls  4.5 · fell 66.9% (mother 25.0%) · prince  0.0% · king  0.0% · crowned  0.0% · 4.4s
try  7 · gen   10 · best     18.8 · elite    -27.6 · median    -93.8 · years  52.3 · road 0.27 · starved  1823 · nobles  -0.3 · read 127.3 · walls  6.4 · fell 67.1% (mother 20.5%) · prince  0.0% · king  0.0% · crowned  0.0% · 4.4s
try  8 · gen   10 · best     37.9 · elite    -25.5 · median    -93.2 · years  54.9 · road 0.26 · starved  1813 · nobles  -1.0 · read 150.0 · walls  5.1 · fell 65.2% (mother 25.6%) · prince  0.0% · king  0.0% · crowned  0.0% · 4.4s
try  1 · gen   11 · best     27.3 · elite    -23.8 · median    -91.6 · years  48.1 · road 0.27 · starved  1694 · nobles  -2.7 · read 99.6 · walls  4.8 · fell 76.0% (mother 26.8%) · prince  0.0% · king  0.0% · crowned  0.0% · 4.3s
try  2 · gen   11 · best     17.3 · elite    -25.2 · median    -96.5 · years  52.3 · road 0.24 · starved  1751 · nobles  -6.4 · read 145.5 · walls  4.0 · fell 71.2% (mother 20.6%) · prince  0.0% · king  0.0% · crowned  0.0% · 4.3s
try  3 · gen   11 · best     50.0 · elite    -26.8 · median    -90.4 · years  48.6 · road 0.27 · starved  1733 · nobles  -3.0 · read 137.8 · walls  5.2 · fell 81.4% (mother 30.9%) · prince  0.0% · king  0.0% · crowned  0.0% · 4.3s
try  4 · gen   11 · best     14.7 · elite    -27.4 · median    -94.1 · years  47.3 · road 0.26 · starved  1676 · nobles  -2.0 · read 119.3 · walls  5.0 · fell 79.2% (mother 31.5%) · prince  0.0% · king  0.0% · crowned  0.0% · 4.3s
try  5 · gen   11 · best     56.0 · elite    -15.3 · median    -87.6 · years  53.4 · road 0.28 · starved  1788 · nobles  -2.7 · read 109.0 · walls  6.0 · fell 72.4% (mother 19.0%) · prince  0.2% · king  0.0% · crowned  0.0% · 4.3s
try  6 · gen   11 · best     23.1 · elite    -22.5 · median    -90.5 · years  52.0 · road 0.27 · starved  1794 · nobles  -0.2 · read 131.8 · walls  4.7 · fell 68.2% (mother 24.6%) · prince  0.0% · king  0.0% · crowned  0.0% · 4.3s
try  7 · gen   11 · best     34.6 · elite    -23.8 · median    -89.6 · years  52.9 · road 0.28 · starved  1826 · nobles  -0.4 · read 117.5 · walls  6.7 · fell 66.5% (mother 22.0%) · prince  0.0% · king  0.0% · crowned  0.0% · 4.3s
try  8 · gen   11 · best      4.7 · elite    -29.9 · median    -94.3 · years  53.3 · road 0.26 · starved  1809 · nobles  -1.1 · read 143.0 · walls  5.1 · fell 67.0% (mother 26.6%) · prince  0.0% · king  0.0% · crowned  0.0% · 4.3s
try  1 · gen   12 · best     32.1 · elite    -24.3 · median    -87.7 · years  51.4 · road 0.28 · starved  1745 · nobles  -3.2 · read 108.9 · walls  5.0 · fell 71.5% (mother 22.0%) · prince  0.0% · king  0.0% · crowned  0.0% · 4.3s
try  2 · gen   12 · best     21.1 · elite    -23.5 · median    -92.5 · years  52.6 · road 0.25 · starved  1723 · nobles  -7.0 · read 144.6 · walls  4.5 · fell 70.7% (mother 21.5%) · prince  0.0% · king  0.0% · crowned  0.0% · 4.3s
try  3 · gen   12 · best     40.0 · elite    -26.9 · median    -92.4 · years  46.8 · road 0.27 · starved  1697 · nobles  -2.8 · read 143.7 · walls  5.3 · fell 83.8% (mother 30.3%) · prince  0.0% · king  0.0% · crowned  0.0% · 4.3s
try  4 · gen   12 · best     28.9 · elite    -26.4 · median    -93.8 · years  47.0 · road 0.26 · starved  1673 · nobles  -2.2 · read 123.1 · walls  5.1 · fell 80.7% (mother 30.0%) · prince  0.0% · king  0.0% · crowned  0.0% · 4.3s
try  5 · gen   12 · best     69.9 · elite    -10.1 · median    -83.6 · years  51.4 · road 0.28 · starved  1742 · nobles  -2.8 · read 98.5 · walls  6.0 · fell 74.0% (mother 19.1%) · prince  0.6% · king  0.0% · crowned  0.0% · 4.3s
try  6 · gen   12 · best     30.2 · elite    -21.3 · median    -91.9 · years  52.1 · road 0.27 · starved  1795 · nobles  -0.2 · read 134.1 · walls  4.5 · fell 68.8% (mother 24.5%) · prince  0.0% · king  0.0% · crowned  0.0% · 4.3s
try  7 · gen   12 · best     26.1 · elite    -19.9 · median    -86.3 · years  56.3 · road 0.29 · starved  1879 · nobles  -0.5 · read 118.1 · walls  6.9 · fell 62.3% (mother 20.4%) · prince  0.0% · king  0.0% · crowned  0.0% · 4.3s
try  8 · gen   12 · best     22.9 · elite    -26.8 · median    -93.7 · years  51.4 · road 0.26 · starved  1767 · nobles  -1.2 · read 139.9 · walls  4.9 · fell 70.0% (mother 25.2%) · prince  0.0% · king  0.0% · crowned  0.0% · 4.3s
try  1 · gen   13 · best     49.9 · elite    -16.1 · median    -88.7 · years  49.2 · road 0.28 · starved  1700 · nobles  -3.2 · read 105.6 · walls  5.0 · fell 73.6% (mother 21.8%) · prince  0.1% · king  0.0% · crowned  0.0% · 4.3s
try  2 · gen   13 · best     33.8 · elite    -19.6 · median    -91.8 · years  51.3 · road 0.26 · starved  1674 · nobles  -7.5 · read 142.6 · walls  4.7 · fell 73.6% (mother 22.8%) · prince  0.0% · king  0.0% · crowned  0.0% · 4.3s
try  3 · gen   13 · best     13.7 · elite    -27.5 · median    -94.2 · years  45.0 · road 0.27 · starved  1649 · nobles  -2.6 · read 149.9 · walls  5.5 · fell 84.0% (mother 28.2%) · prince  0.0% · king  0.0% · crowned  0.0% · 4.3s
try  4 · gen   13 · best     28.4 · elite    -27.8 · median    -93.8 · years  43.5 · road 0.27 · starved  1621 · nobles  -2.5 · read 114.2 · walls  4.9 · fell 85.7% (mother 32.8%) · prince  0.0% · king  0.0% · crowned  0.0% · 4.3s
try  5 · gen   13 · best     79.7 · elite      1.8 · median    -79.9 · years  51.3 · road 0.29 · starved  1694 · nobles  -3.4 · read 90.9 · walls  6.2 · fell 75.8% (mother 20.2%) · prince  1.2% · king  0.0% · crowned  0.0% · 4.3s
try  6 · gen   13 · best     57.8 · elite    -20.6 · median    -89.1 · years  51.1 · road 0.28 · starved  1771 · nobles  -0.3 · read 127.7 · walls  4.7 · fell 70.2% (mother 26.9%) · prince  0.0% · king  0.0% · crowned  0.0% · 4.3s
try  7 · gen   13 · best     34.5 · elite    -16.3 · median    -86.6 · years  56.5 · road 0.29 · starved  1868 · nobles  -0.5 · read 117.2 · walls  7.1 · fell 61.6% (mother 19.1%) · prince  0.0% · king  0.0% · crowned  0.0% · 4.3s
try  8 · gen   13 · best     31.3 · elite    -26.2 · median    -93.7 · years  51.0 · road 0.27 · starved  1785 · nobles  -1.7 · read 132.1 · walls  5.0 · fell 71.8% (mother 27.5%) · prince  0.0% · king  0.0% · crowned  0.0% · 4.3s
try  1 · gen   14 · best     28.9 · elite    -15.6 · median    -86.9 · years  48.8 · road 0.28 · starved  1660 · nobles  -3.5 · read 104.5 · walls  5.0 · fell 75.7% (mother 23.8%) · prince  0.1% · king  0.0% · crowned  0.0% · 4.3s
try  2 · gen   14 · best     48.4 · elite    -14.1 · median    -86.1 · years  51.4 · road 0.27 · starved  1624 · nobles  -8.1 · read 141.7 · walls  5.2 · fell 72.8% (mother 22.9%) · prince  0.0% · king  0.0% · crowned  0.0% · 4.3s
try  3 · gen   14 · best     27.9 · elite    -26.2 · median    -92.0 · years  46.1 · road 0.26 · starved  1640 · nobles  -2.6 · read 159.7 · walls  5.7 · fell 82.9% (mother 27.1%) · prince  0.0% · king  0.0% · crowned  0.0% · 4.3s
try  4 · gen   14 · best     26.8 · elite    -26.9 · median    -92.1 · years  41.3 · road 0.27 · starved  1592 · nobles  -2.8 · read 108.7 · walls  4.8 · fell 87.5% (mother 33.0%) · prince  0.0% · king  0.0% · crowned  0.0% · 4.3s
try  5 · gen   14 · best    126.6 · elite      7.5 · median    -76.1 · years  50.6 · road 0.30 · starved  1639 · nobles  -3.6 · read 88.6 · walls  6.2 · fell 75.9% (mother 18.5%) · prince  2.0% · king  0.0% · crowned  0.0% · 4.3s
try  6 · gen   14 · best     28.9 · elite    -18.9 · median    -89.6 · years  48.6 · road 0.28 · starved  1700 · nobles  -0.3 · read 118.8 · walls  4.5 · fell 72.9% (mother 28.3%) · prince  0.0% · king  0.0% · crowned  0.0% · 4.3s
try  7 · gen   14 · best     44.2 · elite    -17.4 · median    -83.5 · years  55.8 · road 0.30 · starved  1836 · nobles  -0.6 · read 119.0 · walls  7.2 · fell 63.0% (mother 20.5%) · prince  0.0% · king  0.0% · crowned  0.0% · 4.3s
try  8 · gen   14 · best     27.0 · elite    -20.2 · median    -91.0 · years  53.5 · road 0.28 · starved  1819 · nobles  -2.2 · read 141.7 · walls  5.0 · fell 69.3% (mother 25.5%) · prince  0.0% · king  0.0% · crowned  0.0% · 4.3s
try  1 · gen   15 · best     45.7 · elite    -14.6 · median    -84.4 · years  47.6 · road 0.28 · starved  1656 · nobles  -3.7 · read 103.7 · walls  4.7 · fell 77.2% (mother 25.4%) · prince  0.1% · king  0.0% · crowned  0.0% · 4.3s
try  2 · gen   15 · best     54.1 · elite    -15.6 · median    -80.2 · years  52.5 · road 0.28 · starved  1617 · nobles  -8.8 · read 142.3 · walls  5.5 · fell 73.0% (mother 25.5%) · prince  0.0% · king  0.0% · crowned  0.0% · 4.3s
try  3 · gen   15 · best     23.2 · elite    -22.9 · median    -90.7 · years  46.1 · road 0.27 · starved  1643 · nobles  -2.8 · read 159.4 · walls  6.2 · fell 82.9% (mother 27.0%) · prince  0.0% · king  0.0% · crowned  0.0% · 4.3s
try  4 · gen   15 · best     42.4 · elite    -25.5 · median    -90.7 · years  41.4 · road 0.27 · starved  1579 · nobles  -2.9 · read 110.4 · walls  4.6 · fell 89.2% (mother 35.1%) · prince  0.1% · king  0.0% · crowned  0.0% · 4.3s
try  5 · gen   15 · best    118.4 · elite     14.9 · median    -75.1 · years  51.0 · road 0.30 · starved  1652 · nobles  -3.7 · read 88.1 · walls  6.2 · fell 76.6% (mother 18.7%) · prince  3.0% · king  0.1% · crowned  0.0% (median year 100) · 4.3s
try  6 · gen   15 · best     31.0 · elite    -14.7 · median    -83.7 · years  51.6 · road 0.29 · starved  1734 · nobles  -0.3 · read 126.0 · walls  4.7 · fell 72.0% (mother 27.6%) · prince  0.0% · king  0.0% · crowned  0.0% · 4.3s
try  7 · gen   15 · best     25.4 · elite    -16.1 · median    -84.6 · years  55.7 · road 0.30 · starved  1862 · nobles  -0.8 · read 109.8 · walls  7.3 · fell 62.1% (mother 19.8%) · prince  0.0% · king  0.0% · crowned  0.0% · 4.3s
try  8 · gen   15 · best     31.0 · elite    -20.2 · median    -87.7 · years  51.9 · road 0.28 · starved  1759 · nobles  -2.4 · read 141.0 · walls  4.8 · fell 68.8% (mother 23.0%) · prince  0.0% · king  0.0% · crowned  0.0% · 4.3s
try  1 · gen   16 · best     32.6 · elite    -12.9 · median    -83.7 · years  46.9 · road 0.28 · starved  1593 · nobles  -3.9 · read 104.8 · walls  4.6 · fell 77.7% (mother 25.8%) · prince  0.1% · king  0.0% · crowned  0.0% · 4.3s
try  2 · gen   16 · best     60.9 · elite     -7.7 · median    -80.5 · years  50.6 · road 0.28 · starved  1556 · nobles  -8.5 · read 136.9 · walls  5.7 · fell 73.3% (mother 25.1%) · prince  0.0% · king  0.0% · crowned  0.0% · 4.3s
try  3 · gen   16 · best     22.4 · elite    -24.8 · median    -92.1 · years  45.0 · road 0.27 · starved  1630 · nobles  -2.8 · read 154.5 · walls  6.5 · fell 84.2% (mother 26.3%) · prince  0.0% · king  0.0% · crowned  0.0% · 4.3s
try  4 · gen   16 · best     22.4 · elite    -26.8 · median    -91.7 · years  39.1 · road 0.26 · starved  1501 · nobles  -2.9 · read 110.3 · walls  4.4 · fell 89.9% (mother 35.8%) · prince  0.1% · king  0.0% · crowned  0.0% · 4.3s
try  5 · gen   16 · best    137.2 · elite     19.8 · median    -68.0 · years  49.5 · road 0.31 · starved  1566 · nobles  -3.5 · read 81.8 · walls  6.1 · fell 77.5% (mother 19.0%) · prince  3.5% · king  0.1% · crowned  0.1% (median year 91) · 4.3s
try  6 · gen   16 · best     33.6 · elite    -12.3 · median    -83.4 · years  51.1 · road 0.28 · starved  1689 · nobles  -0.3 · read 124.2 · walls  4.6 · fell 73.1% (mother 26.0%) · prince  0.0% · king  0.0% · crowned  0.0% · 4.3s
try  7 · gen   16 · best     61.5 · elite    -17.2 · median    -84.4 · years  54.4 · road 0.30 · starved  1834 · nobles  -1.0 · read 108.0 · walls  7.1 · fell 64.4% (mother 19.2%) · prince  0.0% · king  0.0% · crowned  0.0% · 4.3s
try  8 · gen   16 · best     35.4 · elite     -9.7 · median    -83.4 · years  53.4 · road 0.30 · starved  1778 · nobles  -4.0 · read 140.8 · walls  4.5 · fell 70.2% (mother 25.3%) · prince  0.0% · king  0.0% · crowned  0.0% · 4.3s
try  1 · gen   17 · best     56.9 · elite     -7.1 · median    -80.3 · years  46.0 · road 0.29 · starved  1532 · nobles  -4.0 · read 99.9 · walls  4.7 · fell 78.4% (mother 26.6%) · prince  0.1% · king  0.0% · crowned  0.0% · 4.2s
try  2 · gen   17 · best     51.2 · elite     -7.7 · median    -77.1 · years  51.7 · road 0.29 · starved  1559 · nobles  -8.8 · read 141.0 · walls  6.0 · fell 72.2% (mother 24.9%) · prince  0.0% · king  0.0% · crowned  0.0% · 4.2s
try  3 · gen   17 · best     20.8 · elite    -24.9 · median    -86.7 · years  44.5 · road 0.27 · starved  1585 · nobles  -2.9 · read 150.5 · walls  6.6 · fell 83.4% (mother 27.2%) · prince  0.0% · king  0.0% · crowned  0.0% · 4.2s
try  4 · gen   17 · best     40.4 · elite    -23.8 · median    -91.4 · years  39.1 · road 0.26 · starved  1487 · nobles  -3.0 · read 111.3 · walls  4.4 · fell 89.8% (mother 33.5%) · prince  0.1% · king  0.0% · crowned  0.0% · 4.2s
try  5 · gen   17 · best    189.2 · elite     31.3 · median    -66.6 · years  48.6 · road 0.31 · starved  1555 · nobles  -3.4 · read 78.2 · walls  6.0 · fell 80.9% (mother 20.3%) · prince  4.7% · king  0.3% · crowned  0.1% (median year 88) · 4.2s
try  6 · gen   17 · best     23.7 · elite    -14.3 · median    -81.7 · years  48.8 · road 0.28 · starved  1631 · nobles  -0.3 · read 116.1 · walls  4.4 · fell 75.5% (mother 29.3%) · prince  0.0% · king  0.0% · crowned  0.0% · 4.2s
try  7 · gen   17 · best     30.9 · elite    -18.6 · median    -84.4 · years  53.7 · road 0.31 · starved  1810 · nobles  -1.2 · read 107.6 · walls  7.0 · fell 65.9% (mother 19.7%) · prince  0.0% · king  0.0% · crowned  0.0% · 4.2s
try  8 · gen   17 · best     61.1 · elite     -7.3 · median    -79.6 · years  52.3 · road 0.32 · starved  1747 · nobles  -4.6 · read 132.0 · walls  4.6 · fell 71.9% (mother 25.9%) · prince  0.0% · king  0.0% · crowned  0.0% · 4.2s
try  1 · gen   18 · best     64.2 · elite     -5.6 · median    -78.7 · years  47.0 · road 0.29 · starved  1525 · nobles  -4.2 · read 103.8 · walls  4.6 · fell 78.5% (mother 27.0%) · prince  0.3% · king  0.0% · crowned  0.0% · 4.3s
try  2 · gen   18 · best     56.4 · elite     -1.5 · median    -75.2 · years  52.3 · road 0.29 · starved  1558 · nobles  -8.5 · read 144.9 · walls  6.1 · fell 70.3% (mother 22.5%) · prince  0.0% · king  0.0% · crowned  0.0% · 4.3s
try  3 · gen   18 · best     35.7 · elite    -20.6 · median    -87.3 · years  44.8 · road 0.27 · starved  1575 · nobles  -3.1 · read 149.5 · walls  6.5 · fell 83.0% (mother 29.3%) · prince  0.0% · king  0.0% · crowned  0.0% · 4.3s
try  4 · gen   18 · best     28.3 · elite    -24.7 · median    -88.1 · years  39.8 · road 0.25 · starved  1454 · nobles  -2.9 · read 111.7 · walls  4.0 · fell 89.0% (mother 33.2%) · prince  0.1% · king  0.0% · crowned  0.0% · 4.3s
try  5 · gen   18 · best    223.9 · elite     52.3 · median    -63.6 · years  45.6 · road 0.32 · starved  1480 · nobles  -3.1 · read 68.7 · walls  5.9 · fell 81.8% (mother 22.0%) · prince  5.8% · king  0.9% · crowned  0.3% (median year 80) · 4.3s
try  6 · gen   18 · best     35.8 · elite    -11.8 · median    -81.3 · years  50.4 · road 0.29 · starved  1676 · nobles  -0.3 · read 119.0 · walls  4.5 · fell 75.7% (mother 31.7%) · prince  0.0% · king  0.0% · crowned  0.0% · 4.3s
try  7 · gen   18 · best     42.3 · elite    -16.7 · median    -80.6 · years  54.7 · road 0.31 · starved  1822 · nobles  -1.4 · read 110.7 · walls  7.0 · fell 66.9% (mother 19.8%) · prince  0.1% · king  0.0% · crowned  0.0% · 4.3s
try  8 · gen   18 · best     70.0 · elite     -1.3 · median    -75.6 · years  52.2 · road 0.33 · starved  1736 · nobles  -4.7 · read 129.1 · walls  4.5 · fell 71.6% (mother 27.0%) · prince  0.2% · king  0.0% · crowned  0.0% · 4.3s
try  1 · gen   19 · best     40.8 · elite     -2.8 · median    -76.2 · years  45.8 · road 0.29 · starved  1460 · nobles  -4.3 · read 102.1 · walls  4.7 · fell 78.1% (mother 25.2%) · prince  0.3% · king  0.0% · crowned  0.0% · 4.2s
try  2 · gen   19 · best     65.2 · elite      5.0 · median    -70.5 · years  52.6 · road 0.29 · starved  1469 · nobles  -8.5 · read 145.2 · walls  6.0 · fell 69.6% (mother 20.4%) · prince  0.0% · king  0.0% · crowned  0.0% · 4.2s
try  3 · gen   19 · best     27.8 · elite    -21.2 · median    -88.3 · years  44.1 · road 0.27 · starved  1541 · nobles  -3.5 · read 152.1 · walls  6.1 · fell 83.2% (mother 28.0%) · prince  0.0% · king  0.0% · crowned  0.0% · 4.2s
try  4 · gen   19 · best     54.3 · elite    -22.4 · median    -88.2 · years  40.9 · road 0.25 · starved  1491 · nobles  -2.9 · read 111.8 · walls  3.7 · fell 87.7% (mother 29.4%) · prince  0.2% · king  0.0% · crowned  0.0% · 4.2s
try  5 · gen   19 · best    344.4 · elite     75.4 · median    -58.1 · years  44.8 · road 0.33 · starved  1427 · nobles  -3.1 · read 62.8 · walls  6.1 · fell 83.4% (mother 23.8%) · prince  6.9% · king  1.1% · crowned  0.4% (median year 77) · 4.2s
try  6 · gen   19 · best     47.9 · elite    -10.6 · median    -78.3 · years  49.5 · road 0.29 · starved  1584 · nobles  -0.2 · read 121.3 · walls  4.4 · fell 75.3% (mother 30.5%) · prince  0.0% · king  0.0% · crowned  0.0% · 4.2s
try  7 · gen   19 · best     27.0 · elite    -15.5 · median    -81.3 · years  53.7 · road 0.31 · starved  1795 · nobles  -1.6 · read 114.7 · walls  7.0 · fell 69.1% (mother 20.5%) · prince  0.1% · king  0.0% · crowned  0.0% · 4.2s
try  8 · gen   19 · best     83.8 · elite     -0.9 · median    -71.2 · years  52.1 · road 0.33 · starved  1649 · nobles  -4.8 · read 127.2 · walls  4.3 · fell 71.3% (mother 30.5%) · prince  0.2% · king  0.0% · crowned  0.0% · 4.2s
try  1 · gen   20 · best     44.3 · elite      1.2 · median    -72.5 · years  46.7 · road 0.30 · starved  1460 · nobles  -4.8 · read 98.4 · walls  5.0 · fell 80.7% (mother 28.8%) · prince  0.6% · king  0.0% · crowned  0.0% · 4.3s
try  2 · gen   20 · best     60.5 · elite     10.4 · median    -64.0 · years  53.3 · road 0.30 · starved  1422 · nobles  -8.8 · read 142.4 · walls  6.0 · fell 68.8% (mother 19.5%) · prince  0.0% · king  0.0% · crowned  0.0% · 4.3s
try  3 · gen   20 · best     49.4 · elite    -15.8 · median    -86.5 · years  45.3 · road 0.27 · starved  1556 · nobles  -3.9 · read 157.5 · walls  5.9 · fell 82.3% (mother 25.2%) · prince  0.0% · king  0.0% · crowned  0.0% · 4.3s
try  4 · gen   20 · best     23.7 · elite    -19.3 · median    -84.1 · years  40.2 · road 0.26 · starved  1416 · nobles  -3.2 · read 103.0 · walls  3.8 · fell 88.0% (mother 31.2%) · prince  0.3% · king  0.0% · crowned  0.0% · 4.3s
try  5 · gen   20 · best    441.8 · elite    105.4 · median    -51.4 · years  43.6 · road 0.34 · starved  1414 · nobles  -2.9 · read 57.3 · walls  6.2 · fell 85.1% (mother 29.3%) · prince  7.9% · king  1.9% · crowned  1.0% (median year 75) · 4.3s
try  6 · gen   20 · best     48.6 · elite     -6.5 · median    -70.7 · years  51.5 · road 0.29 · starved  1586 · nobles  -0.2 · read 128.4 · walls  4.7 · fell 73.7% (mother 29.3%) · prince  0.0% · king  0.0% · crowned  0.0% · 4.3s
try  7 · gen   20 · best     22.9 · elite    -14.2 · median    -77.4 · years  53.4 · road 0.31 · starved  1764 · nobles  -1.6 · read 123.1 · walls  7.0 · fell 69.9% (mother 21.1%) · prince  0.1% · king  0.0% · crowned  0.0% · 4.3s
try  8 · gen   20 · best     42.8 · elite     -1.6 · median    -71.7 · years  53.1 · road 0.33 · starved  1659 · nobles  -5.0 · read 131.4 · walls  4.1 · fell 71.1% (mother 30.5%) · prince  0.2% · king  0.0% · crowned  0.0% · 4.3s
try  1 · gen   21 · best     53.3 · elite     -0.0 · median    -71.0 · years  45.6 · road 0.30 · starved  1427 · nobles  -4.5 · read 95.8 · walls  5.0 · fell 80.3% (mother 27.9%) · prince  0.6% · king  0.0% · crowned  0.0% · 4.2s
try  2 · gen   21 · best    106.1 · elite     23.8 · median    -60.0 · years  53.7 · road 0.30 · starved  1348 · nobles  -9.3 · read 138.3 · walls  6.1 · fell 66.0% (mother 17.7%) · prince  0.0% · king  0.0% · crowned  0.0% · 4.2s
try  3 · gen   21 · best     33.6 · elite    -18.9 · median    -81.9 · years  46.1 · road 0.28 · starved  1555 · nobles  -4.2 · read 157.9 · walls  6.0 · fell 81.7% (mother 25.7%) · prince  0.1% · king  0.0% · crowned  0.0% · 4.2s
try  4 · gen   21 · best     41.4 · elite    -13.0 · median    -78.8 · years  39.6 · road 0.26 · starved  1336 · nobles  -3.2 · read 99.3 · walls  3.5 · fell 88.2% (mother 29.8%) · prince  0.4% · king  0.0% · crowned  0.0% · 4.2s
try  5 · gen   21 · best    381.1 · elite    111.8 · median    -52.5 · years  41.7 · road 0.34 · starved  1389 · nobles  -2.6 · read 52.5 · walls  6.2 · fell 85.8% (mother 30.8%) · prince  8.2% · king  2.4% · crowned  1.2% (median year 79) · 4.2s
try  6 · gen   21 · best     62.1 · elite      0.6 · median    -71.5 · years  52.5 · road 0.29 · starved  1569 · nobles  -0.2 · read 135.4 · walls  4.8 · fell 71.1% (mother 26.3%) · prince  0.0% · king  0.0% · crowned  0.0% · 4.2s
try  7 · gen   21 · best     32.5 · elite    -14.3 · median    -75.2 · years  53.7 · road 0.31 · starved  1739 · nobles  -1.8 · read 127.5 · walls  6.9 · fell 70.1% (mother 21.6%) · prince  0.1% · king  0.0% · crowned  0.0% · 4.2s
try  8 · gen   21 · best     51.5 · elite      0.0 · median    -68.7 · years  53.4 · road 0.33 · starved  1662 · nobles  -5.0 · read 135.9 · walls  4.1 · fell 70.8% (mother 30.0%) · prince  0.2% · king  0.0% · crowned  0.0% · 4.2s
try  1 · gen   22 · best     63.6 · elite      6.6 · median    -63.8 · years  46.0 · road 0.31 · starved  1398 · nobles  -4.9 · read 89.2 · walls  5.3 · fell 80.5% (mother 27.9%) · prince  1.1% · king  0.0% · crowned  0.0% · 4.3s
try  2 · gen   22 · best    113.8 · elite     25.9 · median    -53.2 · years  55.1 · road 0.31 · starved  1293 · nobles  -9.9 · read 137.0 · walls  6.6 · fell 63.1% (mother 15.2%) · prince  0.0% · king  0.0% · crowned  0.0% · 4.3s
try  3 · gen   22 · best     31.5 · elite    -17.2 · median    -79.3 · years  46.0 · road 0.28 · starved  1545 · nobles  -4.2 · read 156.9 · walls  6.0 · fell 82.3% (mother 28.9%) · prince  0.0% · king  0.0% · crowned  0.0% · 4.3s
try  4 · gen   22 · best     46.8 · elite     -5.6 · median    -76.5 · years  38.9 · road 0.26 · starved  1252 · nobles  -3.6 · read 88.6 · walls  3.5 · fell 88.2% (mother 30.4%) · prince  0.6% · king  0.0% · crowned  0.0% · 4.3s
try  5 · gen   22 · best    511.1 · elite    145.7 · median    -48.5 · years  42.3 · road 0.33 · starved  1426 · nobles  -2.2 · read 52.9 · walls  6.0 · fell 87.6% (mother 28.8%) · prince 10.1% · king  3.2% · crowned  1.7% (median year 72) · 4.3s
try  6 · gen   22 · best     61.9 · elite      0.8 · median    -68.1 · years  54.1 · road 0.29 · starved  1562 · nobles  -0.2 · read 141.5 · walls  5.1 · fell 69.5% (mother 27.0%) · prince  0.0% · king  0.0% · crowned  0.0% · 4.3s
try  7 · gen   22 · best     28.1 · elite     -7.8 · median    -72.4 · years  54.7 · road 0.32 · starved  1735 · nobles  -1.8 · read 137.3 · walls  7.1 · fell 71.6% (mother 22.6%) · prince  0.1% · king  0.0% · crowned  0.0% · 4.3s
try  8 · gen   22 · best     65.8 · elite      4.1 · median    -72.7 · years  52.0 · road 0.33 · starved  1621 · nobles  -5.1 · read 131.8 · walls  4.0 · fell 70.8% (mother 28.0%) · prince  0.5% · king  0.0% · crowned  0.0% · 4.3s
try  1 · gen   23 · best    120.4 · elite     14.1 · median    -57.4 · years  44.3 · road 0.32 · starved  1262 · nobles  -5.0 · read 77.8 · walls  5.3 · fell 81.8% (mother 30.1%) · prince  1.2% · king  0.0% · crowned  0.0% · 4.3s
try  2 · gen   23 · best    115.5 · elite     37.7 · median    -45.8 · years  56.2 · road 0.32 · starved  1259 · nobles -10.6 · read 133.4 · walls  6.8 · fell 62.8% (mother 17.1%) · prince  0.0% · king  0.0% · crowned  0.0% · 4.3s
try  3 · gen   23 · best     31.6 · elite    -15.8 · median    -79.7 · years  47.4 · road 0.28 · starved  1552 · nobles  -4.3 · read 160.9 · walls  5.9 · fell 81.6% (mother 25.6%) · prince  0.0% · king  0.0% · crowned  0.0% · 4.3s
try  4 · gen   23 · best     39.4 · elite     -2.7 · median    -72.2 · years  40.0 · road 0.26 · starved  1273 · nobles  -4.0 · read 84.5 · walls  3.4 · fell 87.7% (mother 28.0%) · prince  0.5% · king  0.0% · crowned  0.0% · 4.3s
try  5 · gen   23 · best    628.8 · elite    141.6 · median    -51.9 · years  41.0 · road 0.32 · starved  1433 · nobles  -2.4 · read 53.8 · walls  5.4 · fell 87.2% (mother 28.7%) · prince  9.5% · king  3.3% · crowned  2.0% (median year 72) · 4.3s
try  6 · gen   23 · best     45.7 · elite      0.0 · median    -60.7 · years  54.2 · road 0.30 · starved  1478 · nobles  -0.2 · read 141.4 · walls  5.2 · fell 67.7% (mother 25.6%) · prince  0.0% · king  0.0% · crowned  0.0% · 4.3s
try  7 · gen   23 · best     37.8 · elite     -1.8 · median    -69.0 · years  53.7 · road 0.32 · starved  1663 · nobles  -1.7 · read 132.7 · walls  7.0 · fell 73.4% (mother 24.9%) · prince  0.2% · king  0.0% · crowned  0.0% · 4.3s
try  8 · gen   23 · best     78.2 · elite      7.2 · median    -70.7 · years  49.3 · road 0.33 · starved  1551 · nobles  -5.2 · read 122.0 · walls  4.1 · fell 74.2% (mother 31.2%) · prince  0.8% · king  0.0% · crowned  0.0% · 4.3s
try  1 · gen   24 · best     90.3 · elite     25.7 · median    -51.5 · years  46.3 · road 0.33 · starved  1253 · nobles  -5.6 · read 78.6 · walls  5.2 · fell 81.2% (mother 28.2%) · prince  1.5% · king  0.0% · crowned  0.0% · 4.2s
try  2 · gen   24 · best    114.2 · elite     40.4 · median    -37.1 · years  56.8 · road 0.32 · starved  1181 · nobles -11.1 · read 129.0 · walls  7.2 · fell 62.1% (mother 19.1%) · prince  0.0% · king  0.0% · crowned  0.0% · 4.2s
try  3 · gen   24 · best     31.9 · elite    -16.7 · median    -79.7 · years  48.3 · road 0.28 · starved  1545 · nobles  -4.2 · read 166.3 · walls  6.0 · fell 81.2% (mother 26.1%) · prince  0.0% · king  0.0% · crowned  0.0% · 4.2s
try  4 · gen   24 · best     42.0 · elite     -0.8 · median    -73.2 · years  38.7 · road 0.26 · starved  1211 · nobles  -4.0 · read 77.9 · walls  3.3 · fell 88.4% (mother 24.6%) · prince  0.7% · king  0.0% · crowned  0.0% · 4.2s
try  5 · gen   24 · best    544.2 · elite    154.8 · median    -60.9 · years  39.3 · road 0.31 · starved  1475 · nobles  -2.3 · read 49.3 · walls  5.0 · fell 86.8% (mother 28.1%) · prince  9.2% · king  3.8% · crowned  2.2% (median year 72) · 4.2s
try  6 · gen   24 · best     42.0 · elite      4.3 · median    -58.7 · years  54.6 · road 0.30 · starved  1452 · nobles  -0.2 · read 141.2 · walls  5.2 · fell 66.8% (mother 25.2%) · prince  0.0% · king  0.0% · crowned  0.0% · 4.2s
try  7 · gen   24 · best     61.7 · elite     -1.5 · median    -66.6 · years  54.7 · road 0.32 · starved  1677 · nobles  -2.2 · read 134.6 · walls  6.9 · fell 70.7% (mother 24.4%) · prince  0.2% · king  0.0% · crowned  0.0% · 4.2s
try  8 · gen   24 · best    107.0 · elite      8.6 · median    -65.9 · years  50.4 · road 0.34 · starved  1577 · nobles  -5.7 · read 127.0 · walls  4.4 · fell 77.3% (mother 32.2%) · prince  1.5% · king  0.0% · crowned  0.0% · 4.2s
try  1 · gen   25 · best     95.8 · elite     23.7 · median    -50.0 · years  46.2 · road 0.33 · starved  1239 · nobles  -6.1 · read 75.7 · walls  5.0 · fell 79.6% (mother 26.9%) · prince  1.8% · king  0.0% · crowned  0.0% · 4.2s
try  2 · gen   25 · best    111.9 · elite     47.4 · median    -33.9 · years  57.8 · road 0.33 · starved  1095 · nobles -11.1 · read 128.5 · walls  7.4 · fell 60.4% (mother 18.4%) · prince  0.0% · king  0.0% · crowned  0.0% · 4.2s
try  3 · gen   25 · best     28.8 · elite    -12.8 · median    -80.3 · years  47.0 · road 0.27 · starved  1494 · nobles  -3.9 · read 161.4 · walls  5.8 · fell 80.0% (mother 27.2%) · prince  0.0% · king  0.0% · crowned  0.0% · 4.2s
try  4 · gen   25 · best     79.0 · elite      4.7 · median    -65.7 · years  39.0 · road 0.26 · starved  1181 · nobles  -4.3 · read 74.6 · walls  3.1 · fell 88.8% (mother 23.7%) · prince  0.9% · king  0.0% · crowned  0.0% · 4.2s
try  5 · gen   25 · best    543.1 · elite    170.7 · median    -62.4 · years  37.5 · road 0.30 · starved  1421 · nobles  -2.3 · read 44.4 · walls  4.6 · fell 87.0% (mother 27.2%) · prince  9.6% · king  4.1% · crowned  2.8% (median year 71) · 4.2s
try  6 · gen   25 · best     71.0 · elite     11.4 · median    -56.4 · years  54.0 · road 0.30 · starved  1374 · nobles  -0.2 · read 133.2 · walls  5.0 · fell 66.9% (mother 26.0%) · prince  0.0% · king  0.0% · crowned  0.0% · 4.2s
try  7 · gen   25 · best     73.6 · elite      2.8 · median    -62.3 · years  55.1 · road 0.32 · starved  1598 · nobles  -2.5 · read 142.0 · walls  6.7 · fell 68.7% (mother 22.6%) · prince  0.2% · king  0.0% · crowned  0.0% · 4.2s
try  8 · gen   25 · best     81.8 · elite     14.5 · median    -67.4 · years  49.2 · road 0.33 · starved  1517 · nobles  -5.2 · read 128.3 · walls  4.1 · fell 76.4% (mother 31.0%) · prince  2.0% · king  0.1% · crowned  0.0% · 4.2s
try  1 · gen   26 · best    101.9 · elite     27.7 · median    -48.7 · years  44.8 · road 0.33 · starved  1229 · nobles  -5.9 · read 73.7 · walls  5.0 · fell 80.3% (mother 26.4%) · prince  2.7% · king  0.1% · crowned  0.0% · 4.2s
try  2 · gen   26 · best    130.7 · elite     51.3 · median    -29.8 · years  58.0 · road 0.34 · starved  1069 · nobles -11.4 · read 128.2 · walls  7.3 · fell 60.4% (mother 20.3%) · prince  0.0% · king  0.0% · crowned  0.0% · 4.2s
try  3 · gen   26 · best     47.2 · elite    -11.2 · median    -79.7 · years  48.8 · road 0.27 · starved  1520 · nobles  -3.7 · read 164.1 · walls  5.9 · fell 80.1% (mother 28.4%) · prince  0.1% · king  0.0% · crowned  0.0% · 4.2s
try  4 · gen   26 · best     71.3 · elite     12.7 · median    -62.6 · years  39.3 · road 0.26 · starved  1079 · nobles  -4.3 · read 71.7 · walls  3.0 · fell 88.0% (mother 22.5%) · prince  1.1% · king  0.2% · crowned  0.0% (median year 79) · 4.2s
try  5 · gen   26 · best    561.5 · elite    203.3 · median    -65.1 · years  35.7 · road 0.31 · starved  1443 · nobles  -2.2 · read 41.3 · walls  4.6 · fell 88.2% (mother 30.7%) · prince 10.1% · king  4.3% · crowned  2.9% (median year 60) · 4.2s
try  6 · gen   26 · best     43.1 · elite      5.9 · median    -55.9 · years  52.4 · road 0.30 · starved  1331 · nobles  -0.2 · read 128.6 · walls  4.8 · fell 67.4% (mother 24.4%) · prince  0.0% · king  0.0% · crowned  0.0% · 4.2s
try  7 · gen   26 · best    111.1 · elite      3.2 · median    -62.0 · years  55.0 · road 0.32 · starved  1543 · nobles  -3.0 · read 141.5 · walls  6.7 · fell 68.0% (mother 22.4%) · prince  0.2% · king  0.0% · crowned  0.0% · 4.2s
try  8 · gen   26 · best     90.6 · elite     20.9 · median    -61.7 · years  49.2 · road 0.33 · starved  1482 · nobles  -5.3 · read 129.2 · walls  4.0 · fell 76.7% (mother 30.0%) · prince  3.1% · king  0.2% · crowned  0.0% · 4.2s
try  1 · gen   27 · best    112.2 · elite     29.0 · median    -50.8 · years  44.9 · road 0.33 · starved  1229 · nobles  -5.9 · read 74.0 · walls  4.9 · fell 80.8% (mother 25.6%) · prince  3.0% · king  0.2% · crowned  0.0% · 4.3s
try  2 · gen   27 · best    123.4 · elite     59.8 · median    -23.7 · years  59.0 · road 0.35 · starved  1046 · nobles -11.8 · read 123.9 · walls  7.2 · fell 59.3% (mother 19.8%) · prince  0.0% · king  0.0% · crowned  0.0% · 4.3s
try  3 · gen   27 · best     52.4 · elite     -7.8 · median    -71.7 · years  50.1 · road 0.28 · starved  1488 · nobles  -3.9 · read 167.0 · walls  5.8 · fell 77.2% (mother 27.9%) · prince  0.1% · king  0.0% · crowned  0.0% · 4.3s
try  4 · gen   27 · best    104.0 · elite     20.0 · median    -59.2 · years  39.0 · road 0.26 · starved  1041 · nobles  -4.4 · read 70.2 · walls  2.9 · fell 89.3% (mother 24.8%) · prince  1.5% · king  0.1% · crowned  0.0% · 4.3s
try  5 · gen   27 · best    760.9 · elite    216.5 · median    -63.6 · years  35.0 · road 0.31 · starved  1404 · nobles  -1.9 · read 42.9 · walls  4.4 · fell 86.9% (mother 32.4%) · prince 10.4% · king  4.4% · crowned  3.3% (median year 60) · 4.3s
try  6 · gen   27 · best     57.6 · elite     11.1 · median    -52.8 · years  56.8 · road 0.30 · starved  1363 · nobles  -0.1 · read 138.6 · walls  5.0 · fell 62.4% (mother 19.1%) · prince  0.0% · king  0.0% · crowned  0.0% · 4.3s
try  7 · gen   27 · best     58.9 · elite      8.6 · median    -62.0 · years  55.1 · road 0.32 · starved  1540 · nobles  -3.3 · read 134.3 · walls  6.8 · fell 68.1% (mother 22.5%) · prince  0.1% · king  0.0% · crowned  0.0% · 4.3s
try  8 · gen   27 · best    140.1 · elite     26.1 · median    -58.8 · years  49.5 · road 0.33 · starved  1499 · nobles  -5.3 · read 128.1 · walls  3.9 · fell 78.1% (mother 29.2%) · prince  4.0% · king  0.2% · crowned  0.1% (median year 92) · 4.3s
try  1 · gen   28 · best     85.4 · elite     35.5 · median    -45.7 · years  46.4 · road 0.34 · starved  1221 · nobles  -6.2 · read 76.1 · walls  5.0 · fell 78.4% (mother 26.0%) · prince  3.0% · king  0.1% · crowned  0.0% · 4.2s
try  2 · gen   28 · best    132.4 · elite     62.7 · median    -17.5 · years  58.9 · road 0.36 · starved  1006 · nobles -11.9 · read 118.4 · walls  7.3 · fell 59.5% (mother 19.0%) · prince  0.0% · king  0.0% · crowned  0.0% · 4.2s
try  3 · gen   28 · best     43.7 · elite     -2.4 · median    -72.9 · years  49.9 · road 0.28 · starved  1439 · nobles  -3.6 · read 164.5 · walls  5.9 · fell 75.7% (mother 28.6%) · prince  0.0% · king  0.0% · crowned  0.0% · 4.2s
try  4 · gen   28 · best    124.5 · elite     24.0 · median    -55.6 · years  39.8 · road 0.27 · starved  1017 · nobles  -4.7 · read 70.0 · walls  3.2 · fell 87.7% (mother 25.8%) · prince  1.5% · king  0.2% · crowned  0.0% · 4.2s
try  5 · gen   28 · best    782.9 · elite    231.4 · median    -60.6 · years  33.6 · road 0.31 · starved  1406 · nobles  -1.5 · read 41.0 · walls  4.3 · fell 87.1% (mother 32.2%) · prince 11.6% · king  5.7% · crowned  3.8% (median year 57) · 4.2s
try  6 · gen   28 · best     74.4 · elite     13.2 · median    -53.5 · years  56.0 · road 0.30 · starved  1351 · nobles  -0.1 · read 135.9 · walls  5.2 · fell 62.2% (mother 19.5%) · prince  0.0% · king  0.0% · crowned  0.0% · 4.2s
try  7 · gen   28 · best     63.8 · elite      9.7 · median    -57.2 · years  55.0 · road 0.32 · starved  1480 · nobles  -4.1 · read 131.0 · walls  6.9 · fell 68.8% (mother 21.1%) · prince  0.1% · king  0.0% · crowned  0.0% · 4.2s
try  8 · gen   28 · best    222.6 · elite     36.5 · median    -59.0 · years  47.3 · road 0.32 · starved  1419 · nobles  -4.7 · read 117.7 · walls  3.9 · fell 79.2% (mother 27.6%) · prince  4.9% · king  0.3% · crowned  0.2% (median year 77) · 4.2s
try  1 · gen   29 · best    226.7 · elite     53.1 · median    -40.2 · years  48.2 · road 0.35 · starved  1228 · nobles  -6.5 · read 77.1 · walls  5.4 · fell 76.5% (mother 25.1%) · prince  4.0% · king  0.5% · crowned  0.1% (median year 92) · 4.3s
try  2 · gen   29 · best    130.9 · elite     75.2 · median    -15.5 · years  58.1 · road 0.36 · starved   929 · nobles -11.7 · read 113.3 · walls  7.2 · fell 58.9% (mother 19.7%) · prince  0.0% · king  0.0% · crowned  0.0% · 4.3s
try  3 · gen   29 · best     66.9 · elite      0.7 · median    -69.7 · years  52.8 · road 0.28 · starved  1476 · nobles  -4.0 · read 177.9 · walls  6.1 · fell 71.6% (mother 24.1%) · prince  0.1% · king  0.0% · crowned  0.0% · 4.3s
try  4 · gen   29 · best    134.8 · elite     31.0 · median    -52.1 · years  40.3 · road 0.27 · starved   962 · nobles  -4.9 · read 69.6 · walls  3.6 · fell 86.4% (mother 23.8%) · prince  1.6% · king  0.1% · crowned  0.0% (median year 88) · 4.3s
try  5 · gen   29 · best    573.6 · elite    231.5 · median    -57.0 · years  33.0 · road 0.32 · starved  1447 · nobles  -1.3 · read 38.8 · walls  4.3 · fell 86.7% (mother 33.5%) · prince 11.3% · king  5.7% · crowned  4.1% (median year 55) · 4.3s
try  6 · gen   29 · best     88.0 · elite     17.5 · median    -46.5 · years  56.1 · road 0.31 · starved  1319 · nobles  -0.1 · read 139.0 · walls  5.5 · fell 62.5% (mother 23.2%) · prince  0.0% · king  0.0% · crowned  0.0% · 4.3s
try  7 · gen   29 · best     90.4 · elite     18.3 · median    -51.9 · years  57.1 · road 0.32 · starved  1425 · nobles  -4.9 · read 129.4 · walls  7.0 · fell 63.8% (mother 19.6%) · prince  0.1% · king  0.0% · crowned  0.0% · 4.3s
try  8 · gen   29 · best    348.9 · elite     44.5 · median    -57.2 · years  45.5 · road 0.32 · starved  1373 · nobles  -4.6 · read 106.8 · walls  3.6 · fell 80.8% (mother 29.5%) · prince  5.7% · king  0.7% · crowned  0.2% (median year 85) · 4.3s
try  1 · gen   30 · best    135.9 · elite     47.7 · median    -40.6 · years  45.9 · road 0.34 · starved  1185 · nobles  -5.8 · read 70.4 · walls  5.2 · fell 76.8% (mother 24.5%) · prince  4.2% · king  0.4% · crowned  0.1% (median year 79) · 4.3s
try  2 · gen   30 · best    156.6 · elite     81.9 · median    -11.3 · years  60.5 · road 0.36 · starved   896 · nobles -12.2 · read 120.9 · walls  7.0 · fell 57.3% (mother 18.4%) · prince  0.0% · king  0.0% · crowned  0.0% · 4.3s
try  3 · gen   30 · best     53.0 · elite      1.8 · median    -63.9 · years  55.0 · road 0.28 · starved  1491 · nobles  -4.5 · read 185.6 · walls  5.9 · fell 67.9% (mother 24.0%) · prince  0.1% · king  0.0% · crowned  0.0% · 4.3s
try  4 · gen   30 · best    129.4 · elite     34.1 · median    -51.7 · years  42.4 · road 0.28 · starved  1030 · nobles  -5.3 · read 71.2 · walls  3.7 · fell 84.8% (mother 20.9%) · prince  2.0% · king  0.2% · crowned  0.0% (median year 93) · 4.3s
try  5 · gen   30 · best    817.1 · elite    238.5 · median    -55.2 · years  32.3 · road 0.32 · starved  1416 · nobles  -1.1 · read 37.0 · walls  4.0 · fell 86.5% (mother 34.3%) · prince 11.9% · king  6.1% · crowned  4.0% (median year 54) · 4.3s
try  6 · gen   30 · best     69.6 · elite     24.1 · median    -44.9 · years  57.0 · road 0.32 · starved  1306 · nobles  -0.1 · read 140.2 · walls  5.5 · fell 62.9% (mother 23.5%) · prince  0.0% · king  0.0% · crowned  0.0% · 4.3s
try  7 · gen   30 · best     89.4 · elite     24.9 · median    -48.3 · years  57.8 · road 0.32 · starved  1366 · nobles  -5.0 · read 130.4 · walls  7.2 · fell 63.8% (mother 20.9%) · prince  0.2% · king  0.0% · crowned  0.0% · 4.3s
try  8 · gen   30 · best    291.3 · elite     62.6 · median    -55.6 · years  44.9 · road 0.33 · starved  1374 · nobles  -4.6 · read 102.0 · walls  3.4 · fell 83.3% (mother 32.5%) · prince  7.1% · king  1.2% · crowned  0.5% (median year 81) · 4.3s
try  1 · gen   31 · best    278.9 · elite     66.2 · median    -34.3 · years  48.4 · road 0.35 · starved  1150 · nobles  -6.5 · read 71.3 · walls  5.7 · fell 74.3% (mother 26.3%) · prince  3.5% · king  0.5% · crowned  0.2% (median year 78) · 4.3s
try  2 · gen   31 · best    146.4 · elite     71.3 · median     -7.1 · years  58.6 · road 0.36 · starved   858 · nobles -11.8 · read 117.9 · walls  6.9 · fell 58.6% (mother 18.5%) · prince  0.0% · king  0.0% · crowned  0.0% · 4.3s
try  3 · gen   31 · best     90.5 · elite      2.2 · median    -68.7 · years  51.6 · road 0.28 · starved  1422 · nobles  -4.6 · read 170.2 · walls  5.7 · fell 69.1% (mother 23.0%) · prince  0.1% · king  0.0% · crowned  0.0% · 4.3s
try  4 · gen   31 · best    157.1 · elite     33.9 · median    -52.0 · years  41.6 · road 0.28 · starved  1169 · nobles  -5.3 · read 70.3 · walls  3.6 · fell 84.2% (mother 20.2%) · prince  1.6% · king  0.2% · crowned  0.0% (median year 93) · 4.3s
try  5 · gen   31 · best    792.7 · elite    274.6 · median    -50.1 · years  32.5 · road 0.33 · starved  1381 · nobles  -0.7 · read 38.2 · walls  4.3 · fell 87.2% (mother 33.5%) · prince 12.7% · king  6.4% · crowned  4.4% (median year 54) · 4.3s
try  6 · gen   31 · best     79.4 · elite     31.3 · median    -39.8 · years  58.2 · road 0.32 · starved  1300 · nobles  -0.2 · read 144.5 · walls  5.5 · fell 61.6% (mother 26.4%) · prince  0.0% · king  0.0% · crowned  0.0% · 4.3s
try  7 · gen   31 · best     55.5 · elite     18.2 · median    -43.9 · years  56.7 · road 0.32 · starved  1313 · nobles  -4.7 · read 130.7 · walls  7.0 · fell 63.4% (mother 19.1%) · prince  0.1% · king  0.0% · crowned  0.0% · 4.3s
try  8 · gen   31 · best    406.8 · elite     76.3 · median    -53.3 · years  43.8 · road 0.33 · starved  1370 · nobles  -4.2 · read 96.2 · walls  3.2 · fell 83.6% (mother 33.2%) · prince  7.9% · king  1.4% · crowned  0.8% (median year 75) · 4.3s
try  1 · gen   32 · best    167.9 · elite     61.5 · median    -26.9 · years  49.0 · road 0.36 · starved  1100 · nobles  -6.6 · read 72.3 · walls  5.9 · fell 73.8% (mother 24.6%) · prince  3.9% · king  0.5% · crowned  0.1% (median year 79) · 4.3s
try  2 · gen   32 · best    140.6 · elite     81.9 · median     -4.5 · years  60.7 · road 0.37 · starved   875 · nobles -12.1 · read 122.1 · walls  7.3 · fell 58.4% (mother 20.0%) · prince  0.0% · king  0.0% · crowned  0.0% · 4.3s
try  3 · gen   32 · best     58.7 · elite     13.2 · median    -64.5 · years  53.5 · road 0.29 · starved  1438 · nobles  -5.3 · read 173.2 · walls  5.9 · fell 67.5% (mother 27.7%) · prince  0.1% · king  0.0% · crowned  0.0% · 4.3s
try  4 · gen   32 · best    109.2 · elite     31.5 · median    -49.6 · years  42.4 · road 0.28 · starved  1067 · nobles  -5.5 · read 71.4 · walls  3.8 · fell 84.3% (mother 20.8%) · prince  1.6% · king  0.2% · crowned  0.0% (median year 90) · 4.3s
try  5 · gen   32 · best    575.4 · elite    256.1 · median    -53.6 · years  30.8 · road 0.33 · starved  1393 · nobles  -1.0 · read 36.0 · walls  4.0 · fell 86.7% (mother 32.9%) · prince 11.9% · king  6.5% · crowned  4.3% (median year 50) · 4.3s
try  6 · gen   32 · best    121.7 · elite     29.5 · median    -39.4 · years  57.6 · road 0.32 · starved  1292 · nobles  -0.2 · read 143.1 · walls  5.4 · fell 62.7% (mother 26.2%) · prince  0.0% · king  0.0% · crowned  0.0% · 4.3s
try  7 · gen   32 · best     80.6 · elite     25.8 · median    -45.2 · years  56.0 · road 0.32 · starved  1262 · nobles  -4.6 · read 128.9 · walls  6.9 · fell 64.0% (mother 20.9%) · prince  0.1% · king  0.0% · crowned  0.0% · 4.3s
try  8 · gen   32 · best    319.5 · elite    101.1 · median    -53.2 · years  41.1 · road 0.32 · starved  1303 · nobles  -3.7 · read 83.4 · walls  2.9 · fell 84.9% (mother 31.6%) · prince  8.8% · king  2.2% · crowned  1.1% (median year 76) · 4.3s
try  1 · gen   33 · best    128.7 · elite     66.7 · median    -24.1 · years  51.9 · road 0.37 · starved  1137 · nobles  -7.6 · read 77.2 · walls  6.3 · fell 71.4% (mother 26.8%) · prince  3.5% · king  0.3% · crowned  0.1% (median year 78) · 4.3s
try  2 · gen   33 · best    157.6 · elite     82.5 · median     -5.4 · years  59.6 · road 0.37 · starved   827 · nobles -11.5 · read 123.1 · walls  7.4 · fell 57.8% (mother 20.0%) · prince  0.0% · king  0.0% · crowned  0.0% · 4.3s
try  3 · gen   33 · best     63.9 · elite     18.6 · median    -59.1 · years  54.3 · road 0.31 · starved  1428 · nobles  -6.4 · read 176.2 · walls  5.9 · fell 65.2% (mother 25.4%) · prince  0.2% · king  0.0% · crowned  0.0% · 4.3s
try  4 · gen   33 · best    139.6 · elite     38.8 · median    -49.2 · years  43.3 · road 0.28 · starved  1062 · nobles  -5.4 · read 73.8 · walls  4.0 · fell 83.8% (mother 19.8%) · prince  1.6% · king  0.1% · crowned  0.0% (median year 60) · 4.3s
try  5 · gen   33 · best    713.3 · elite    292.2 · median    -50.8 · years  29.7 · road 0.33 · starved  1272 · nobles  -0.6 · read 34.2 · walls  3.7 · fell 86.0% (mother 33.1%) · prince 12.3% · king  7.0% · crowned  5.0% (median year 48) · 4.3s
try  6 · gen   33 · best     95.6 · elite     30.6 · median    -38.7 · years  57.1 · road 0.32 · starved  1226 · nobles  -0.1 · read 144.2 · walls  5.3 · fell 60.6% (mother 22.2%) · prince  0.0% · king  0.0% · crowned  0.0% · 4.3s
try  7 · gen   33 · best     83.5 · elite     30.1 · median    -40.7 · years  57.0 · road 0.32 · starved  1230 · nobles  -5.3 · read 132.9 · walls  6.7 · fell 63.9% (mother 21.4%) · prince  0.1% · king  0.0% · crowned  0.0% · 4.3s
try  8 · gen   33 · best    464.9 · elite    145.4 · median    -61.5 · years  37.5 · road 0.31 · starved  1272 · nobles  -2.7 · read 68.3 · walls  2.1 · fell 86.5% (mother 31.0%) · prince  9.3% · king  3.1% · crowned  1.9% (median year 69) · 4.3s
try  1 · gen   34 · best    186.2 · elite     71.5 · median    -19.2 · years  53.2 · road 0.37 · starved  1106 · nobles  -8.3 · read 78.9 · walls  6.4 · fell 69.8% (mother 27.4%) · prince  2.7% · king  0.4% · crowned  0.1% (median year 85) · 4.2s
try  2 · gen   34 · best    173.1 · elite     91.4 · median     -2.0 · years  61.8 · road 0.38 · starved   893 · nobles -12.2 · read 126.5 · walls  7.9 · fell 55.1% (mother 20.7%) · prince  0.0% · king  0.0% · crowned  0.0% · 4.2s
try  3 · gen   34 · best     88.7 · elite     21.9 · median    -57.2 · years  58.0 · road 0.33 · starved  1529 · nobles  -8.0 · read 190.5 · walls  6.0 · fell 56.9% (mother 20.7%) · prince  0.1% · king  0.0% · crowned  0.0% · 4.2s
try  4 · gen   34 · best    148.8 · elite     42.9 · median    -44.3 · years  42.9 · road 0.29 · starved  1039 · nobles  -5.4 · read 75.2 · walls  4.4 · fell 82.9% (mother 21.4%) · prince  0.9% · king  0.1% · crowned  0.0% (median year 95) · 4.2s
try  5 · gen   34 · best    827.0 · elite    303.3 · median    -42.7 · years  29.8 · road 0.33 · starved  1244 · nobles  -0.9 · read 33.8 · walls  3.5 · fell 86.0% (mother 33.7%) · prince 13.2% · king  7.4% · crowned  5.3% (median year 48) · 4.2s
try  6 · gen   34 · best     82.8 · elite     32.0 · median    -37.0 · years  57.5 · road 0.33 · starved  1266 · nobles  -0.1 · read 139.7 · walls  5.5 · fell 62.6% (mother 24.9%) · prince  0.0% · king  0.0% · crowned  0.0% · 4.2s
try  7 · gen   34 · best     91.2 · elite     36.6 · median    -36.9 · years  57.4 · road 0.32 · starved  1175 · nobles  -5.5 · read 135.9 · walls  6.9 · fell 62.8% (mother 20.7%) · prince  0.1% · king  0.0% · crowned  0.0% · 4.2s
try  8 · gen   34 · best    788.2 · elite    207.4 · median    -58.0 · years  35.4 · road 0.30 · starved  1246 · nobles  -1.8 · read 58.5 · walls  1.6 · fell 86.3% (mother 30.9%) · prince 10.6% · king  5.2% · crowned  3.5% (median year 69) · 4.2s
try  1 · gen   35 · best    352.2 · elite     85.1 · median    -18.9 · years  53.4 · road 0.37 · starved  1080 · nobles  -8.2 · read 80.9 · walls  6.4 · fell 68.1% (mother 24.1%) · prince  3.0% · king  0.3% · crowned  0.2% (median year 77) · 4.2s
try  2 · gen   35 · best    158.5 · elite     87.9 · median      5.4 · years  62.7 · road 0.39 · starved   841 · nobles -12.1 · read 130.7 · walls  8.0 · fell 55.3% (mother 21.3%) · prince  0.0% · king  0.0% · crowned  0.0% · 4.2s
try  3 · gen   35 · best    134.7 · elite     28.4 · median    -52.1 · years  57.8 · road 0.34 · starved  1548 · nobles  -8.8 · read 183.1 · walls  6.3 · fell 58.0% (mother 24.3%) · prince  0.2% · king  0.0% · crowned  0.0% · 4.2s
try  4 · gen   35 · best    113.2 · elite     36.3 · median    -42.2 · years  42.7 · road 0.30 · starved  1088 · nobles  -4.8 · read 71.6 · walls  4.9 · fell 85.6% (mother 21.5%) · prince  0.8% · king  0.1% · crowned  0.0% (median year 83) · 4.2s
try  5 · gen   35 · best    776.3 · elite    276.9 · median    -48.7 · years  28.3 · road 0.33 · starved  1241 · nobles  -1.2 · read 33.0 · walls  3.5 · fell 87.6% (mother 34.6%) · prince 11.8% · king  6.5% · crowned  4.6% (median year 46) · 4.2s
try  6 · gen   35 · best     87.7 · elite     34.4 · median    -34.3 · years  57.2 · road 0.33 · starved  1224 · nobles  -0.1 · read 136.1 · walls  5.9 · fell 63.0% (mother 24.1%) · prince  0.0% · king  0.0% · crowned  0.0% · 4.2s
try  7 · gen   35 · best    127.3 · elite     44.9 · median    -31.4 · years  57.3 · road 0.33 · starved  1109 · nobles  -6.1 · read 131.5 · walls  7.0 · fell 65.6% (mother 22.5%) · prince  0.0% · king  0.0% · crowned  0.0% · 4.2s
try  8 · gen   35 · best    650.1 · elite    257.7 · median    -60.8 · years  34.5 · road 0.30 · starved  1208 · nobles  -1.4 · read 58.3 · walls  1.4 · fell 85.8% (mother 27.5%) · prince 10.2% · king  6.1% · crowned  4.3% (median year 66) · 4.2s
try  1 · gen   36 · best    401.5 · elite     86.7 · median    -19.4 · years  51.2 · road 0.37 · starved  1133 · nobles  -7.0 · read 81.2 · walls  6.1 · fell 72.5% (mother 22.4%) · prince  5.0% · king  0.8% · crowned  0.3% (median year 80) · 4.2s
try  2 · gen   36 · best    144.5 · elite     86.0 · median      4.7 · years  62.7 · road 0.39 · starved   864 · nobles -11.9 · read 129.2 · walls  7.8 · fell 55.6% (mother 18.8%) · prince  0.1% · king  0.0% · crowned  0.0% · 4.2s
try  3 · gen   36 · best    112.1 · elite     41.4 · median    -44.8 · years  59.5 · road 0.35 · starved  1684 · nobles  -8.7 · read 186.8 · walls  6.5 · fell 56.3% (mother 25.8%) · prince  0.5% · king  0.0% · crowned  0.0% · 4.2s
try  4 · gen   36 · best     99.4 · elite     39.8 · median    -42.7 · years  42.7 · road 0.30 · starved  1066 · nobles  -4.6 · read 70.3 · walls  4.8 · fell 84.1% (mother 21.1%) · prince  0.8% · king  0.1% · crowned  0.0% (median year 95) · 4.2s
try  5 · gen   36 · best    637.9 · elite    257.9 · median    -50.1 · years  27.4 · road 0.32 · starved  1180 · nobles  -1.4 · read 32.4 · walls  3.6 · fell 88.0% (mother 35.0%) · prince 11.2% · king  6.3% · crowned  4.7% (median year 46) · 4.2s
try  6 · gen   36 · best    104.2 · elite     39.6 · median    -29.2 · years  58.7 · road 0.33 · starved  1205 · nobles  -0.1 · read 142.2 · walls  5.5 · fell 62.6% (mother 25.6%) · prince  0.0% · king  0.0% · crowned  0.0% · 4.2s
try  7 · gen   36 · best    131.0 · elite     50.1 · median    -27.8 · years  56.6 · road 0.34 · starved  1064 · nobles  -6.8 · read 123.9 · walls  6.8 · fell 67.6% (mother 21.4%) · prince  0.1% · king  0.0% · crowned  0.0% · 4.2s
try  8 · gen   36 · best    766.1 · elite    297.1 · median    -50.8 · years  34.7 · road 0.31 · starved  1118 · nobles  -1.1 · read 60.0 · walls  1.5 · fell 85.2% (mother 23.4%) · prince 11.2% · king  7.4% · crowned  5.5% (median year 62) · 4.2s
try  1 · gen   37 · best    346.2 · elite     94.4 · median    -21.0 · years  49.0 · road 0.36 · starved  1060 · nobles  -5.9 · read 78.3 · walls  5.6 · fell 75.1% (mother 22.4%) · prince  5.7% · king  0.8% · crowned  0.4% (median year 75) · 4.2s
try  2 · gen   37 · best    147.5 · elite     92.4 · median      4.2 · years  62.4 · road 0.39 · starved   840 · nobles -11.5 · read 135.5 · walls  7.8 · fell 55.4% (mother 16.8%) · prince  0.0% · king  0.0% · crowned  0.0% · 4.2s
try  3 · gen   37 · best    134.4 · elite     49.1 · median    -41.1 · years  59.0 · road 0.35 · starved  1376 · nobles  -8.9 · read 186.6 · walls  6.6 · fell 56.0% (mother 26.0%) · prince  0.5% · king  0.0% · crowned  0.0% · 4.2s
try  4 · gen   37 · best    145.3 · elite     41.8 · median    -39.3 · years  43.2 · road 0.30 · starved  1094 · nobles  -4.5 · read 71.5 · walls  4.9 · fell 84.1% (mother 22.1%) · prince  0.9% · king  0.1% · crowned  0.0% (median year 81) · 4.2s
try  5 · gen   37 · best    644.2 · elite    254.4 · median    -53.2 · years  27.5 · road 0.33 · starved  1183 · nobles  -2.7 · read 34.0 · walls  3.8 · fell 90.4% (mother 39.0%) · prince 10.6% · king  5.4% · crowned  3.7% (median year 46) · 4.2s
try  6 · gen   37 · best    103.4 · elite     40.0 · median    -31.0 · years  56.2 · road 0.33 · starved  1142 · nobles  -0.1 · read 134.7 · walls  5.4 · fell 65.9% (mother 26.5%) · prince  0.0% · king  0.0% · crowned  0.0% · 4.2s
try  7 · gen   37 · best    147.8 · elite     67.0 · median    -19.5 · years  57.7 · road 0.35 · starved   972 · nobles  -7.6 · read 122.3 · walls  6.5 · fell 67.4% (mother 20.0%) · prince  0.0% · king  0.0% · crowned  0.0% · 4.2s
try  8 · gen   37 · best    624.6 · elite    296.4 · median    -43.1 · years  34.0 · road 0.31 · starved  1036 · nobles  -0.6 · read 56.7 · walls  1.5 · fell 85.3% (mother 22.7%) · prince 11.2% · king  7.3% · crowned  5.3% (median year 59) · 4.2s
try  1 · gen   38 · best    550.0 · elite    141.7 · median    -21.7 · years  47.2 · road 0.36 · starved  1168 · nobles  -4.7 · read 74.9 · walls  5.6 · fell 79.6% (mother 22.8%) · prince  8.3% · king  1.9% · crowned  1.3% (median year 76) · 4.1s
try  2 · gen   38 · best    159.6 · elite     94.6 · median      9.9 · years  63.0 · road 0.39 · starved   813 · nobles -11.6 · read 141.7 · walls  7.8 · fell 55.6% (mother 17.0%) · prince  0.1% · king  0.0% · crowned  0.0% · 4.1s
try  3 · gen   38 · best     97.6 · elite     44.3 · median    -33.8 · years  59.2 · road 0.36 · starved  1302 · nobles  -9.1 · read 186.0 · walls  6.6 · fell 54.5% (mother 25.4%) · prince  0.2% · king  0.0% · crowned  0.0% · 4.1s
try  4 · gen   38 · best    142.7 · elite     44.8 · median    -39.1 · years  44.4 · road 0.31 · starved  1259 · nobles  -5.1 · read 74.0 · walls  5.4 · fell 83.4% (mother 23.2%) · prince  0.9% · king  0.0% · crowned  0.0% (median year 73) · 4.1s
try  5 · gen   38 · best    613.2 · elite    250.1 · median    -58.9 · years  25.8 · road 0.32 · starved  1182 · nobles  -3.0 · read 34.2 · walls  3.4 · fell 90.9% (mother 40.8%) · prince  9.8% · king  5.5% · crowned  3.8% (median year 43) · 4.1s
try  6 · gen   38 · best    103.5 · elite     46.7 · median    -25.2 · years  57.4 · road 0.33 · starved  1107 · nobles  -0.0 · read 136.3 · walls  5.4 · fell 64.2% (mother 26.0%) · prince  0.0% · king  0.0% · crowned  0.0% · 4.1s
try  7 · gen   38 · best    137.6 · elite     65.1 · median    -13.5 · years  56.5 · road 0.35 · starved   885 · nobles  -7.9 · read 114.3 · walls  6.2 · fell 66.2% (mother 18.4%) · prince  0.0% · king  0.0% · crowned  0.0% · 4.1s
try  8 · gen   38 · best    784.6 · elite    304.1 · median    -43.8 · years  34.1 · road 0.31 · starved  1034 · nobles  -0.6 · read 55.0 · walls  1.7 · fell 86.4% (mother 22.5%) · prince 10.9% · king  7.2% · crowned  5.4% (median year 58) · 4.1s
try  1 · gen   39 · best    493.6 · elite    181.2 · median    -34.5 · years  42.0 · road 0.33 · starved  1214 · nobles  -1.9 · read 72.8 · walls  4.2 · fell 83.2% (mother 22.0%) · prince 10.7% · king  3.7% · crowned  2.5% (median year 74) · 4.1s
try  2 · gen   39 · best    169.1 · elite    100.1 · median     10.2 · years  63.5 · road 0.40 · starved   803 · nobles -11.8 · read 136.6 · walls  7.9 · fell 56.0% (mother 16.9%) · prince  0.2% · king  0.0% · crowned  0.0% · 4.1s
try  3 · gen   39 · best    124.7 · elite     57.4 · median    -30.4 · years  59.3 · road 0.36 · starved  1241 · nobles  -8.9 · read 177.6 · walls  6.8 · fell 57.1% (mother 27.8%) · prince  0.3% · king  0.0% · crowned  0.0% · 4.1s
try  4 · gen   39 · best    111.2 · elite     47.9 · median    -35.4 · years  45.0 · road 0.31 · starved  1146 · nobles  -5.0 · read 74.8 · walls  5.4 · fell 83.3% (mother 23.2%) · prince  0.7% · king  0.0% · crowned  0.0% · 4.1s
try  5 · gen   39 · best    627.2 · elite    228.1 · median    -61.3 · years  25.3 · road 0.32 · starved  1147 · nobles  -3.1 · read 35.6 · walls  3.1 · fell 92.3% (mother 43.1%) · prince  8.9% · king  5.1% · crowned  3.1% (median year 43) · 4.1s
try  6 · gen   39 · best    103.3 · elite     48.6 · median    -22.7 · years  56.3 · road 0.33 · starved  1038 · nobles  -0.1 · read 134.7 · walls  5.7 · fell 65.5% (mother 24.6%) · prince  0.0% · king  0.0% · crowned  0.0% · 4.1s
try  7 · gen   39 · best    124.5 · elite     69.6 · median    -10.6 · years  56.5 · road 0.36 · starved   884 · nobles  -8.1 · read 111.5 · walls  6.2 · fell 66.6% (mother 21.9%) · prince  0.0% · king  0.0% · crowned  0.0% · 4.1s
try  8 · gen   39 · best    584.5 · elite    274.6 · median    -40.1 · years  32.7 · road 0.31 · starved   968 · nobles  -0.8 · read 49.1 · walls  1.7 · fell 86.1% (mother 21.8%) · prince 10.7% · king  6.9% · crowned  5.0% (median year 59) · 4.1s
try  1 · gen   40 · best    708.7 · elite    252.6 · median    -38.2 · years  38.6 · road 0.31 · starved  1223 · nobles  -0.1 · read 68.7 · walls  3.0 · fell 85.2% (mother 21.0%) · prince 12.8% · king  6.0% · crowned  4.5% (median year 71) · 4.1s
try  2 · gen   40 · best    153.1 · elite     99.4 · median      8.8 · years  63.4 · road 0.40 · starved   778 · nobles -11.5 · read 135.4 · walls  7.7 · fell 56.1% (mother 15.9%) · prince  0.1% · king  0.0% · crowned  0.0% (median year 84) · 4.1s
try  3 · gen   40 · best    130.4 · elite     59.7 · median    -28.5 · years  60.3 · road 0.36 · starved  1217 · nobles  -9.5 · read 179.8 · walls  6.8 · fell 52.5% (mother 22.8%) · prince  0.2% · king  0.0% · crowned  0.0% · 4.1s
try  4 · gen   40 · best    177.7 · elite     52.0 · median    -31.0 · years  46.1 · road 0.32 · starved  1015 · nobles  -5.2 · read 75.9 · walls  5.7 · fell 82.1% (mother 25.1%) · prince  0.8% · king  0.0% · crowned  0.0% (median year 87) · 4.1s
try  5 · gen   40 · best    679.7 · elite    250.7 · median    -53.6 · years  25.5 · road 0.32 · starved  1133 · nobles  -3.2 · read 36.4 · walls  3.1 · fell 91.7% (mother 39.2%) · prince 10.6% · king  6.2% · crowned  3.8% (median year 44) · 4.1s
try  6 · gen   40 · best    120.6 · elite     56.0 · median    -20.1 · years  57.0 · road 0.34 · starved  1041 · nobles  -0.1 · read 129.0 · walls  5.8 · fell 65.7% (mother 25.0%) · prince  0.0% · king  0.0% · crowned  0.0% · 4.1s
try  7 · gen   40 · best    150.7 · elite     67.4 · median    -11.7 · years  55.7 · road 0.36 · starved   855 · nobles  -7.8 · read 108.5 · walls  6.1 · fell 68.2% (mother 20.6%) · prince  0.0% · king  0.0% · crowned  0.0% · 4.1s
try  8 · gen   40 · best    593.2 · elite    275.8 · median    -37.3 · years  32.4 · road 0.31 · starved   995 · nobles  -0.9 · read 46.6 · walls  1.7 · fell 86.4% (mother 20.5%) · prince 10.9% · king  7.2% · crowned  5.3% (median year 57) · 4.1s
try  1 · gen   41 · best    601.3 · elite    236.3 · median    -34.7 · years  38.0 · road 0.31 · starved  1163 · nobles  +0.4 · read 66.0 · walls  3.2 · fell 84.3% (mother 22.4%) · prince 12.9% · king  6.9% · crowned  4.9% (median year 71) · 4.0s
try  2 · gen   41 · best    165.2 · elite     97.9 · median      9.0 · years  61.2 · road 0.39 · starved   740 · nobles -11.0 · read 125.8 · walls  7.5 · fell 57.5% (mother 15.8%) · prince  0.2% · king  0.0% · crowned  0.0% · 4.0s
try  3 · gen   41 · best    127.9 · elite     63.6 · median    -25.1 · years  61.7 · road 0.36 · starved  1186 · nobles -10.4 · read 185.8 · walls  6.8 · fell 49.0% (mother 19.7%) · prince  0.1% · king  0.0% · crowned  0.0% · 4.0s
try  4 · gen   41 · best    109.6 · elite     56.4 · median    -30.2 · years  47.5 · road 0.32 · starved  1117 · nobles  -5.9 · read 74.5 · walls  5.8 · fell 80.8% (mother 25.2%) · prince  1.0% · king  0.0% · crowned  0.0% (median year 81) · 4.0s
try  5 · gen   41 · best    600.2 · elite    236.3 · median    -55.9 · years  25.2 · road 0.32 · starved  1081 · nobles  -3.5 · read 39.2 · walls  2.8 · fell 93.1% (mother 41.9%) · prince 10.1% · king  5.1% · crowned  3.4% (median year 43) · 4.0s
try  6 · gen   41 · best    113.2 · elite     55.2 · median    -19.6 · years  55.2 · road 0.34 · starved   984 · nobles  -0.1 · read 126.3 · walls  5.9 · fell 68.0% (mother 25.6%) · prince  0.0% · king  0.0% · crowned  0.0% · 4.0s
try  7 · gen   41 · best    159.4 · elite     75.4 · median     -9.8 · years  55.4 · road 0.35 · starved   830 · nobles  -7.7 · read 110.3 · walls  6.3 · fell 68.7% (mother 21.9%) · prince  0.0% · king  0.0% · crowned  0.0% · 4.0s
try  8 · gen   41 · best    703.4 · elite    298.7 · median    -37.9 · years  31.8 · road 0.31 · starved   959 · nobles  -0.8 · read 45.3 · walls  1.7 · fell 85.6% (mother 19.6%) · prince 10.9% · king  7.3% · crowned  5.4% (median year 58) · 4.0s
try  1 · gen   42 · best    599.4 · elite    261.7 · median    -35.3 · years  36.3 · road 0.31 · starved  1129 · nobles  +0.2 · read 62.2 · walls  3.1 · fell 85.1% (mother 22.8%) · prince 11.6% · king  6.4% · crowned  5.1% (median year 70) · 4.1s
try  2 · gen   42 · best    150.3 · elite     98.0 · median      9.4 · years  60.9 · road 0.39 · starved   701 · nobles -10.8 · read 115.1 · walls  7.4 · fell 58.8% (mother 14.4%) · prince  0.4% · king  0.0% · crowned  0.0% · 4.1s
try  3 · gen   42 · best    148.3 · elite     62.5 · median    -15.4 · years  64.4 · road 0.38 · starved  1159 · nobles -11.5 · read 192.2 · walls  7.0 · fell 44.0% (mother 16.4%) · prince  0.0% · king  0.0% · crowned  0.0% · 4.1s
try  4 · gen   42 · best    109.0 · elite     50.8 · median    -28.8 · years  47.9 · road 0.33 · starved  1353 · nobles  -5.8 · read 73.3 · walls  6.5 · fell 80.8% (mother 27.7%) · prince  1.0% · king  0.0% · crowned  0.0% · 4.1s
try  5 · gen   42 · best    819.8 · elite    311.7 · median    -52.5 · years  24.9 · road 0.32 · starved  1010 · nobles  -2.7 · read 39.8 · walls  2.7 · fell 90.2% (mother 37.0%) · prince 10.7% · king  6.4% · crowned  4.6% (median year 43) · 4.1s
try  6 · gen   42 · best    146.4 · elite     61.6 · median    -13.9 · years  56.9 · road 0.34 · starved   974 · nobles  -0.1 · read 131.2 · walls  6.2 · fell 67.8% (mother 27.4%) · prince  0.0% · king  0.0% · crowned  0.0% · 4.1s
try  7 · gen   42 · best    148.9 · elite     82.1 · median     -6.4 · years  55.2 · road 0.35 · starved   801 · nobles  -7.3 · read 109.3 · walls  6.3 · fell 70.2% (mother 25.1%) · prince  0.1% · king  0.0% · crowned  0.0% · 4.1s
try  8 · gen   42 · best    644.1 · elite    282.9 · median    -37.5 · years  31.9 · road 0.31 · starved   971 · nobles  -0.9 · read 45.1 · walls  1.9 · fell 84.8% (mother 21.8%) · prince 11.0% · king  7.1% · crowned  5.2% (median year 58) · 4.1s
try  1 · gen   43 · best    533.4 · elite    240.8 · median    -35.8 · years  35.9 · road 0.31 · starved  1177 · nobles  +0.3 · read 59.8 · walls  3.3 · fell 85.0% (mother 23.8%) · prince 11.6% · king  6.5% · crowned  4.9% (median year 69) · 4.1s
try  2 · gen   43 · best    177.9 · elite    104.1 · median     12.3 · years  61.5 · road 0.40 · starved   757 · nobles -11.3 · read 112.8 · walls  7.4 · fell 59.2% (mother 16.4%) · prince  0.2% · king  0.0% · crowned  0.0% · 4.1s
try  3 · gen   43 · best    162.3 · elite     67.2 · median    -16.1 · years  64.0 · road 0.38 · starved  1131 · nobles -11.5 · read 185.0 · walls  7.2 · fell 46.5% (mother 18.4%) · prince  0.0% · king  0.0% · crowned  0.0% · 4.1s
try  4 · gen   43 · best    167.0 · elite     60.0 · median    -25.0 · years  49.8 · road 0.34 · starved  1218 · nobles  -5.8 · read 74.7 · walls  6.5 · fell 79.1% (mother 26.0%) · prince  1.1% · king  0.1% · crowned  0.0% (median year 78) · 4.1s
try  5 · gen   43 · best    881.3 · elite    328.7 · median    -45.9 · years  24.8 · road 0.33 · starved  1010 · nobles  -2.4 · read 38.5 · walls  2.8 · fell 89.5% (mother 33.4%) · prince 11.3% · king  7.2% · crowned  5.5% (median year 42) · 4.1s
try  6 · gen   43 · best    122.4 · elite     58.4 · median    -20.6 · years  55.1 · road 0.34 · starved   972 · nobles  +0.0 · read 122.7 · walls  6.4 · fell 67.8% (mother 26.4%) · prince  0.0% · king  0.0% · crowned  0.0% · 4.1s
try  7 · gen   43 · best    150.6 · elite     84.7 · median     -3.3 · years  55.0 · road 0.36 · starved   797 · nobles  -7.1 · read 110.4 · walls  6.6 · fell 68.5% (mother 22.3%) · prince  0.0% · king  0.0% · crowned  0.0% · 4.1s
try  8 · gen   43 · best    793.5 · elite    292.4 · median    -38.3 · years  31.2 · road 0.31 · starved   968 · nobles  -1.0 · read 46.2 · walls  1.8 · fell 85.5% (mother 22.0%) · prince 10.7% · king  6.7% · crowned  5.2% (median year 55) · 4.1s
try  1 · gen   44 · best    635.7 · elite    272.8 · median    -36.6 · years  36.7 · road 0.32 · starved  1184 · nobles  -0.0 · read 60.3 · walls  3.5 · fell 84.3% (mother 24.2%) · prince 11.9% · king  6.9% · crowned  5.1% (median year 65) · 4.0s
try  2 · gen   44 · best    171.4 · elite    109.4 · median     17.2 · years  62.7 · road 0.41 · starved   775 · nobles -11.7 · read 107.2 · walls  7.4 · fell 57.6% (mother 17.0%) · prince  0.3% · king  0.0% · crowned  0.0% · 4.0s
try  3 · gen   44 · best    133.1 · elite     68.2 · median    -15.9 · years  61.9 · road 0.38 · starved  1131 · nobles -11.4 · read 171.9 · walls  7.3 · fell 50.4% (mother 22.3%) · prince  0.0% · king  0.0% · crowned  0.0% · 4.0s
try  4 · gen   44 · best    139.0 · elite     64.1 · median    -23.4 · years  51.0 · road 0.34 · starved  1315 · nobles  -6.5 · read 75.8 · walls  6.6 · fell 76.9% (mother 25.0%) · prince  1.2% · king  0.1% · crowned  0.0% · 4.0s
try  5 · gen   44 · best    743.2 · elite    366.4 · median    -44.7 · years  24.8 · road 0.34 · starved  1012 · nobles  -2.4 · read 36.8 · walls  2.9 · fell 89.3% (mother 33.8%) · prince 11.0% · king  7.6% · crowned  5.7% (median year 42) · 4.0s
try  6 · gen   44 · best    144.6 · elite     56.7 · median    -15.5 · years  55.0 · road 0.35 · starved   930 · nobles  +0.0 · read 116.8 · walls  6.6 · fell 68.1% (mother 25.9%) · prince  0.0% · king  0.0% · crowned  0.0% · 4.0s
try  7 · gen   44 · best    188.6 · elite     89.4 · median     -0.3 · years  55.9 · road 0.36 · starved   832 · nobles  -7.2 · read 115.6 · walls  6.4 · fell 68.2% (mother 23.5%) · prince  0.1% · king  0.0% · crowned  0.0% · 4.0s
try  8 · gen   44 · best    651.3 · elite    288.8 · median    -43.5 · years  30.8 · road 0.30 · starved   947 · nobles  -0.8 · read 47.0 · walls  1.5 · fell 86.2% (mother 20.8%) · prince 10.4% · king  6.7% · crowned  5.5% (median year 56) · 4.0s
try  1 · gen   45 · best    591.1 · elite    281.5 · median    -37.1 · years  36.5 · road 0.32 · starved  1193 · nobles  +0.0 · read 58.2 · walls  3.4 · fell 85.2% (mother 23.9%) · prince 12.4% · king  7.0% · crowned  5.4% (median year 66) · 4.1s
try  2 · gen   45 · best    175.2 · elite    110.4 · median     16.0 · years  61.8 · road 0.42 · starved   742 · nobles -11.7 · read 105.5 · walls  7.0 · fell 57.0% (mother 16.0%) · prince  0.2% · king  0.0% · crowned  0.0% · 4.1s
try  3 · gen   45 · best    114.7 · elite     62.5 · median    -21.2 · years  60.0 · road 0.38 · starved  1114 · nobles -10.9 · read 165.9 · walls  7.4 · fell 52.7% (mother 23.2%) · prince  0.1% · king  0.0% · crowned  0.0% · 4.1s
try  4 · gen   45 · best    153.4 · elite     71.0 · median    -18.6 · years  53.4 · road 0.35 · starved  1248 · nobles  -7.9 · read 78.0 · walls  6.7 · fell 74.0% (mother 26.0%) · prince  1.2% · king  0.0% · crowned  0.0% · 4.1s
try  5 · gen   45 · best    902.8 · elite    363.7 · median    -43.0 · years  24.4 · road 0.34 · starved  1008 · nobles  -2.2 · read 35.9 · walls  3.0 · fell 88.4% (mother 34.2%) · prince 11.4% · king  7.7% · crowned  6.0% (median year 42) · 4.1s
try  6 · gen   45 · best    132.6 · elite     60.1 · median    -12.6 · years  55.6 · road 0.35 · starved   967 · nobles  +0.2 · read 121.0 · walls  6.6 · fell 69.5% (mother 29.5%) · prince  0.0% · king  0.0% · crowned  0.0% · 4.1s
try  7 · gen   45 · best    138.0 · elite     88.1 · median     -0.1 · years  55.5 · road 0.36 · starved   823 · nobles  -7.4 · read 110.2 · walls  6.3 · fell 69.5% (mother 23.7%) · prince  0.2% · king  0.0% · crowned  0.0% · 4.1s
try  8 · gen   45 · best    580.4 · elite    275.0 · median    -40.3 · years  31.9 · road 0.31 · starved  1025 · nobles  -1.0 · read 48.3 · walls  1.5 · fell 87.4% (mother 23.8%) · prince 11.4% · king  6.3% · crowned  4.8% (median year 57) · 4.1s
try  1 · gen   46 · best    529.3 · elite    269.5 · median    -31.1 · years  36.5 · road 0.32 · starved  1204 · nobles  -0.0 · read 56.6 · walls  3.7 · fell 84.5% (mother 25.1%) · prince 12.4% · king  7.2% · crowned  5.6% (median year 66) · 4.1s
try  2 · gen   46 · best    170.2 · elite    106.9 · median     25.6 · years  63.5 · road 0.43 · starved   720 · nobles -12.1 · read 106.8 · walls  6.8 · fell 55.7% (mother 16.7%) · prince  0.2% · king  0.0% · crowned  0.0% · 4.1s
try  3 · gen   46 · best    115.4 · elite     66.3 · median    -13.2 · years  62.1 · road 0.38 · starved  1119 · nobles -11.3 · read 171.7 · walls  7.5 · fell 51.4% (mother 23.0%) · prince  0.1% · king  0.0% · crowned  0.0% · 4.1s
try  4 · gen   46 · best    174.6 · elite     72.9 · median    -15.6 · years  54.2 · road 0.35 · starved  1085 · nobles  -8.7 · read 82.1 · walls  6.7 · fell 70.6% (mother 23.8%) · prince  0.8% · king  0.0% · crowned  0.0% · 4.1s
try  5 · gen   46 · best    785.1 · elite    391.4 · median    -36.9 · years  24.1 · road 0.34 · starved   974 · nobles  -1.5 · read 35.5 · walls  3.2 · fell 87.6% (mother 33.5%) · prince 12.5% · king  8.3% · crowned  6.6% (median year 41) · 4.1s
try  6 · gen   46 · best    134.4 · elite     72.6 · median     -9.8 · years  56.2 · road 0.35 · starved   936 · nobles  +0.2 · read 129.4 · walls  6.4 · fell 69.2% (mother 27.8%) · prince  0.0% · king  0.0% · crowned  0.0% · 4.1s
try  7 · gen   46 · best    180.1 · elite     84.5 · median      0.7 · years  54.6 · road 0.36 · starved   802 · nobles  -7.7 · read 106.9 · walls  6.3 · fell 68.6% (mother 21.2%) · prince  0.1% · king  0.0% · crowned  0.0% · 4.1s
try  8 · gen   46 · best    604.2 · elite    277.4 · median    -44.1 · years  31.3 · road 0.30 · starved   994 · nobles  -0.4 · read 46.7 · walls  1.4 · fell 86.6% (mother 21.9%) · prince 10.6% · king  6.8% · crowned  5.1% (median year 57) · 4.1s
try  1 · gen   47 · best    720.0 · elite    281.4 · median    -36.0 · years  35.6 · road 0.32 · starved  1228 · nobles  +0.1 · read 54.0 · walls  3.5 · fell 84.4% (mother 25.2%) · prince 12.4% · king  7.1% · crowned  5.5% (median year 63) · 4.0s
try  2 · gen   47 · best    180.0 · elite    109.1 · median     18.5 · years  61.8 · road 0.43 · starved   729 · nobles -12.0 · read 106.0 · walls  6.8 · fell 57.1% (mother 16.5%) · prince  0.2% · king  0.0% · crowned  0.0% · 4.0s
try  3 · gen   47 · best    154.1 · elite     73.3 · median    -10.8 · years  63.9 · road 0.38 · starved  1066 · nobles -11.7 · read 177.1 · walls  7.5 · fell 47.4% (mother 19.0%) · prince  0.1% · king  0.0% · crowned  0.0% · 4.0s
try  4 · gen   47 · best    147.9 · elite     75.6 · median    -12.3 · years  52.4 · road 0.35 · starved   987 · nobles  -8.6 · read 73.2 · walls  7.0 · fell 72.8% (mother 23.5%) · prince  0.8% · king  0.0% · crowned  0.0% · 4.0s
try  5 · gen   47 · best    727.7 · elite    382.1 · median    -31.8 · years  23.1 · road 0.35 · starved  1006 · nobles  -1.0 · read 32.6 · walls  3.2 · fell 87.2% (mother 34.1%) · prince 12.8% · king  8.7% · crowned  6.8% (median year 39) · 4.0s
try  6 · gen   47 · best    159.5 · elite     72.8 · median     -9.9 · years  54.4 · road 0.35 · starved   863 · nobles  +0.3 · read 135.0 · walls  6.5 · fell 69.0% (mother 28.7%) · prince  0.0% · king  0.0% · crowned  0.0% · 4.0s
try  7 · gen   47 · best    170.3 · elite     91.9 · median      2.4 · years  55.3 · road 0.37 · starved   823 · nobles  -8.1 · read 109.2 · walls  6.4 · fell 68.2% (mother 21.0%) · prince  0.2% · king  0.0% · crowned  0.0% · 4.0s
try  8 · gen   47 · best    801.6 · elite    284.9 · median    -36.1 · years  30.7 · road 0.31 · starved   969 · nobles  -0.5 · read 42.9 · walls  1.4 · fell 85.8% (mother 21.2%) · prince 10.8% · king  7.0% · crowned  5.4% (median year 54) · 4.0s
try  1 · gen   48 · best    734.4 · elite    268.7 · median    -27.5 · years  35.6 · road 0.33 · starved  1164 · nobles  +0.3 · read 53.9 · walls  3.6 · fell 84.7% (mother 24.8%) · prince 12.2% · king  6.9% · crowned  5.4% (median year 63) · 4.0s
try  2 · gen   48 · best    187.0 · elite    118.8 · median     23.2 · years  63.0 · road 0.44 · starved   706 · nobles -12.4 · read 105.3 · walls  7.0 · fell 57.3% (mother 16.8%) · prince  0.3% · king  0.0% · crowned  0.0% · 4.0s
try  3 · gen   48 · best    138.9 · elite     67.6 · median     -6.7 · years  64.8 · road 0.38 · starved  1071 · nobles -12.0 · read 181.8 · walls  7.4 · fell 47.5% (mother 19.4%) · prince  0.2% · king  0.0% · crowned  0.0% · 4.0s
try  4 · gen   48 · best    148.9 · elite     82.1 · median     -4.7 · years  56.6 · road 0.36 · starved   984 · nobles  -9.4 · read 77.2 · walls  7.4 · fell 68.8% (mother 19.5%) · prince  0.7% · king  0.0% · crowned  0.0% · 4.0s
try  5 · gen   48 · best    903.5 · elite    415.3 · median    -26.8 · years  22.6 · road 0.35 · starved  1030 · nobles  -0.4 · read 32.0 · walls  3.2 · fell 86.8% (mother 36.5%) · prince 13.4% · king  9.3% · crowned  7.6% (median year 38) · 4.0s
try  6 · gen   48 · best    148.3 · elite     85.4 · median     -3.2 · years  56.6 · road 0.35 · starved   791 · nobles  +0.4 · read 143.6 · walls  6.3 · fell 66.0% (mother 24.0%) · prince  0.0% · king  0.0% · crowned  0.0% · 4.0s
try  7 · gen   48 · best    162.0 · elite     96.6 · median      2.9 · years  55.0 · road 0.37 · starved   792 · nobles  -7.8 · read 107.7 · walls  6.3 · fell 68.4% (mother 20.4%) · prince  0.1% · king  0.0% · crowned  0.0% · 4.0s
try  8 · gen   48 · best    963.9 · elite    300.2 · median    -30.5 · years  31.5 · road 0.32 · starved   993 · nobles  -0.6 · read 39.8 · walls  1.9 · fell 85.6% (mother 20.7%) · prince 10.8% · king  7.1% · crowned  5.6% (median year 54) · 4.0s
try  1 · gen   49 · best    668.8 · elite    286.3 · median    -20.0 · years  36.3 · road 0.34 · starved  1159 · nobles  +0.3 · read 52.6 · walls  3.8 · fell 85.5% (mother 25.2%) · prince 13.4% · king  7.6% · crowned  5.7% (median year 60) · 4.1s
try  2 · gen   49 · best    165.8 · elite    115.4 · median     26.5 · years  61.8 · road 0.44 · starved   671 · nobles -12.3 · read 102.6 · walls  7.0 · fell 58.7% (mother 16.5%) · prince  0.2% · king  0.0% · crowned  0.0% · 4.1s
try  3 · gen   49 · best    126.1 · elite     69.5 · median     -7.4 · years  63.4 · road 0.38 · starved  1041 · nobles -11.8 · read 172.0 · walls  7.1 · fell 49.5% (mother 20.6%) · prince  0.2% · king  0.0% · crowned  0.0% · 4.1s
try  4 · gen   49 · best    140.8 · elite     78.4 · median     -8.5 · years  55.3 · road 0.36 · starved   992 · nobles  -9.6 · read 69.8 · walls  7.5 · fell 68.9% (mother 19.6%) · prince  0.4% · king  0.0% · crowned  0.0% · 4.1s
try  5 · gen   49 · best   1101.0 · elite    409.4 · median    -20.0 · years  22.7 · road 0.35 · starved   988 · nobles  -0.1 · read 33.3 · walls  3.3 · fell 86.2% (mother 34.4%) · prince 13.4% · king  9.6% · crowned  8.1% (median year 39) · 4.1s
try  6 · gen   49 · best    133.3 · elite     79.9 · median     -6.2 · years  53.9 · road 0.35 · starved   776 · nobles  +0.4 · read 136.6 · walls  5.8 · fell 68.9% (mother 26.0%) · prince  0.0% · king  0.0% · crowned  0.0% · 4.1s
try  7 · gen   49 · best    169.0 · elite     95.8 · median      9.7 · years  57.9 · road 0.37 · starved   823 · nobles  -8.4 · read 110.3 · walls  6.5 · fell 67.6% (mother 21.7%) · prince  0.2% · king  0.0% · crowned  0.0% · 4.1s
try  8 · gen   49 · best    642.6 · elite    283.8 · median    -30.7 · years  31.3 · road 0.32 · starved   936 · nobles  -1.0 · read 38.8 · walls  1.8 · fell 87.4% (mother 22.3%) · prince 10.4% · king  6.6% · crowned  5.0% (median year 55) · 4.1s
try  1 · gen   50 · best    679.4 · elite    287.2 · median    -27.7 · years  34.4 · road 0.33 · starved  1294 · nobles  +0.4 · read 49.7 · walls  3.8 · fell 84.3% (mother 23.7%) · prince 12.7% · king  7.2% · crowned  5.8% (median year 60) · 4.0s
try  2 · gen   50 · best    178.0 · elite    117.5 · median     30.6 · years  62.9 · road 0.45 · starved   676 · nobles -12.4 · read 103.0 · walls  7.2 · fell 57.5% (mother 17.6%) · prince  0.5% · king  0.0% · crowned  0.0% · 4.0s
try  3 · gen   50 · best    145.7 · elite     76.2 · median     -4.0 · years  64.1 · road 0.39 · starved   992 · nobles -11.8 · read 174.9 · walls  7.0 · fell 48.9% (mother 19.4%) · prince  0.1% · king  0.0% · crowned  0.0% · 4.0s
try  4 · gen   50 · best    153.5 · elite     83.8 · median     -4.1 · years  55.8 · road 0.37 · starved   995 · nobles  -9.6 · read 66.6 · walls  7.6 · fell 69.7% (mother 20.0%) · prince  0.3% · king  0.1% · crowned  0.0% (median year 98) · 4.0s
try  5 · gen   50 · best    799.8 · elite    447.8 · median    -24.8 · years  22.3 · road 0.35 · starved   984 · nobles  -0.6 · read 33.0 · walls  3.1 · fell 85.1% (mother 33.9%) · prince 14.1% · king 10.0% · crowned  8.4% (median year 38) · 4.0s
try  6 · gen   50 · best    129.5 · elite     78.4 · median     -1.5 · years  54.7 · road 0.35 · starved   785 · nobles  +0.5 · read 133.7 · walls  5.6 · fell 69.5% (mother 24.8%) · prince  0.0% · king  0.0% · crowned  0.0% · 4.0s
try  7 · gen   50 · best    174.0 · elite     99.1 · median      9.7 · years  57.4 · road 0.37 · starved   759 · nobles  -8.1 · read 105.2 · walls  6.5 · fell 66.4% (mother 20.3%) · prince  0.2% · king  0.0% · crowned  0.0% · 4.0s
try  8 · gen   50 · best    512.5 · elite    300.3 · median    -25.5 · years  31.2 · road 0.33 · starved   930 · nobles  -0.6 · read 36.6 · walls  2.0 · fell 86.0% (mother 21.9%) · prince 11.0% · king  7.5% · crowned  5.8% (median year 54) · 4.0s
try  1 · gen   51 · best    814.5 · elite    300.8 · median    -26.7 · years  34.0 · road 0.34 · starved  1211 · nobles  +0.5 · read 48.3 · walls  4.0 · fell 85.6% (mother 24.4%) · prince 14.0% · king  7.2% · crowned  5.6% (median year 57) · 4.1s
try  2 · gen   51 · best    205.0 · elite    120.0 · median     32.9 · years  63.2 · road 0.45 · starved   654 · nobles -12.4 · read 103.5 · walls  7.0 · fell 56.7% (mother 17.6%) · prince  0.5% · king  0.0% · crowned  0.0% · 4.1s
try  3 · gen   51 · best    139.6 · elite     79.7 · median     -3.5 · years  64.1 · road 0.39 · starved  1011 · nobles -12.0 · read 173.7 · walls  7.0 · fell 50.2% (mother 20.6%) · prince  0.1% · king  0.0% · crowned  0.0% · 4.1s
try  4 · gen   51 · best    145.8 · elite     90.0 · median      1.2 · years  58.7 · road 0.38 · starved  1063 · nobles -10.8 · read 67.3 · walls  7.7 · fell 65.2% (mother 20.9%) · prince  0.2% · king  0.0% · crowned  0.0% · 4.1s
try  5 · gen   51 · best   1276.6 · elite    464.2 · median    -13.6 · years  22.3 · road 0.36 · starved  1005 · nobles  -0.1 · read 32.1 · walls  3.1 · fell 85.0% (mother 34.8%) · prince 14.8% · king 10.5% · crowned  8.9% (median year 39) · 4.1s
try  6 · gen   51 · best    167.5 · elite     79.9 · median      0.7 · years  55.2 · road 0.36 · starved   777 · nobles  +0.5 · read 130.9 · walls  5.7 · fell 68.2% (mother 23.9%) · prince  0.0% · king  0.0% · crowned  0.0% · 4.1s
try  7 · gen   51 · best    165.8 · elite     99.5 · median     10.9 · years  56.3 · road 0.37 · starved   729 · nobles  -8.0 · read 101.5 · walls  6.5 · fell 65.2% (mother 19.1%) · prince  0.0% · king  0.0% · crowned  0.0% · 4.1s
try  8 · gen   51 · best    679.1 · elite    329.1 · median    -27.9 · years  30.9 · road 0.33 · starved   883 · nobles  -0.7 · read 35.2 · walls  1.9 · fell 85.1% (mother 22.9%) · prince 11.1% · king  7.7% · crowned  6.3% (median year 54) · 4.1s
try  1 · gen   52 · best    775.6 · elite    301.6 · median    -25.2 · years  33.3 · road 0.34 · starved  1308 · nobles  +0.3 · read 45.2 · walls  3.8 · fell 86.1% (mother 26.0%) · prince 13.9% · king  7.0% · crowned  5.4% (median year 57) · 4.0s
try  2 · gen   52 · best    188.7 · elite    113.2 · median     28.7 · years  61.6 · road 0.45 · starved   672 · nobles -12.0 · read 100.5 · walls  6.9 · fell 58.3% (mother 16.7%) · prince  0.7% · king  0.0% · crowned  0.0% · 4.0s
try  3 · gen   52 · best    125.7 · elite     78.4 · median      0.5 · years  63.8 · road 0.39 · starved   982 · nobles -11.9 · read 171.3 · walls  6.9 · fell 51.0% (mother 23.4%) · prince  0.0% · king  0.0% · crowned  0.0% · 4.0s
try  4 · gen   52 · best    147.1 · elite     93.5 · median      3.3 · years  59.9 · road 0.38 · starved  1002 · nobles -10.9 · read 65.8 · walls  7.5 · fell 62.7% (mother 19.5%) · prince  0.3% · king  0.0% · crowned  0.0% (median year 83) · 4.0s
try  5 · gen   52 · best    894.0 · elite    460.5 · median    -12.5 · years  23.3 · road 0.37 · starved  1052 · nobles  -0.0 · read 34.1 · walls  3.1 · fell 85.8% (mother 35.0%) · prince 15.2% · king 10.4% · crowned  8.6% (median year 39) · 4.0s
try  6 · gen   52 · best    176.4 · elite     84.4 · median     -5.2 · years  54.3 · road 0.36 · starved   760 · nobles  +0.4 · read 129.4 · walls  5.8 · fell 68.6% (mother 24.3%) · prince  0.0% · king  0.0% · crowned  0.0% · 4.0s
try  7 · gen   52 · best    154.5 · elite     98.0 · median     14.8 · years  58.8 · road 0.37 · starved   681 · nobles  -8.6 · read 105.6 · walls  6.4 · fell 61.5% (mother 17.1%) · prince  0.0% · king  0.0% · crowned  0.0% · 4.0s
try  8 · gen   52 · best    844.1 · elite    337.5 · median    -18.8 · years  30.0 · road 0.32 · starved   809 · nobles  -0.8 · read 33.8 · walls  1.8 · fell 83.8% (mother 22.3%) · prince 11.6% · king  8.4% · crowned  6.8% (median year 52) · 4.0s
try  1 · gen   53 · best    601.2 · elite    297.5 · median    -28.0 · years  32.0 · road 0.34 · starved  1236 · nobles  +0.6 · read 42.2 · walls  3.9 · fell 85.9% (mother 26.7%) · prince 13.2% · king  6.7% · crowned  5.2% (median year 55) · 4.1s
try  2 · gen   53 · best    191.0 · elite    117.1 · median     27.8 · years  61.2 · road 0.44 · starved   653 · nobles -11.9 · read 97.9 · walls  6.9 · fell 57.5% (mother 16.7%) · prince  0.7% · king  0.0% · crowned  0.0% · 4.1s
try  3 · gen   53 · best    131.0 · elite     77.0 · median     -5.4 · years  61.9 · road 0.39 · starved   967 · nobles -11.4 · read 159.9 · walls  6.6 · fell 51.8% (mother 20.4%) · prince  0.1% · king  0.0% · crowned  0.0% · 4.1s
try  4 · gen   53 · best    217.5 · elite     91.7 · median      1.4 · years  57.9 · road 0.38 · starved   963 · nobles -10.8 · read 60.5 · walls  7.4 · fell 64.2% (mother 19.1%) · prince  0.3% · king  0.1% · crowned  0.0% (median year 97) · 4.1s
try  5 · gen   53 · best    899.7 · elite    496.7 · median     -0.2 · years  23.0 · road 0.37 · starved  1029 · nobles  -0.0 · read 33.8 · walls  3.1 · fell 83.7% (mother 33.5%) · prince 16.8% · king 11.6% · crowned  9.4% (median year 38) · 4.1s
try  6 · gen   53 · best    131.0 · elite     84.2 · median      2.6 · years  56.5 · road 0.37 · starved   762 · nobles  +0.3 · read 133.6 · walls  5.9 · fell 65.7% (mother 23.3%) · prince  0.0% · king  0.0% · crowned  0.0% · 4.1s
try  7 · gen   53 · best    182.8 · elite    100.1 · median     13.9 · years  61.0 · road 0.37 · starved   754 · nobles  -9.1 · read 106.6 · walls  6.5 · fell 61.7% (mother 15.6%) · prince  0.0% · king  0.0% · crowned  0.0% · 4.1s
try  8 · gen   53 · best    799.3 · elite    355.4 · median    -22.6 · years  29.9 · road 0.32 · starved   806 · nobles  -0.5 · read 32.5 · walls  1.7 · fell 83.5% (mother 20.9%) · prince 11.8% · king  8.4% · crowned  7.0% (median year 52) · 4.1s
try  1 · gen   54 · best    742.1 · elite    280.0 · median    -21.9 · years  32.3 · road 0.34 · starved  1182 · nobles  +1.0 · read 41.5 · walls  3.6 · fell 84.7% (mother 26.0%) · prince 13.5% · king  7.1% · crowned  5.6% (median year 55) · 4.0s
try  2 · gen   54 · best    187.7 · elite    123.9 · median     29.5 · years  61.4 · road 0.45 · starved   688 · nobles -12.1 · read 96.2 · walls  7.1 · fell 60.9% (mother 18.8%) · prince  1.1% · king  0.1% · crowned  0.0% · 4.0s
try  3 · gen   54 · best    150.0 · elite     80.1 · median     -6.3 · years  61.5 · road 0.39 · starved  1354 · nobles -11.2 · read 152.4 · walls  6.7 · fell 52.5% (mother 20.6%) · prince  0.0% · king  0.0% · crowned  0.0% · 4.0s
try  4 · gen   54 · best    157.6 · elite     90.2 · median      6.3 · years  58.2 · road 0.38 · starved   948 · nobles -10.5 · read 58.4 · walls  7.1 · fell 64.6% (mother 19.6%) · prince  0.4% · king  0.0% · crowned  0.0% · 4.0s
try  5 · gen   54 · best   1070.8 · elite    490.2 · median      2.6 · years  23.4 · road 0.37 · starved   997 · nobles  -0.1 · read 34.8 · walls  3.0 · fell 84.3% (mother 36.7%) · prince 17.9% · king 11.1% · crowned  9.2% (median year 37) · 4.0s
try  6 · gen   54 · best    150.2 · elite     86.5 · median      5.2 · years  56.6 · road 0.37 · starved   747 · nobles  +0.3 · read 133.6 · walls  5.7 · fell 66.0% (mother 24.3%) · prince  0.0% · king  0.0% · crowned  0.0% · 4.0s
try  7 · gen   54 · best    168.3 · elite     96.8 · median     12.1 · years  59.3 · road 0.37 · starved   713 · nobles  -8.9 · read 100.4 · walls  6.4 · fell 60.1% (mother 15.1%) · prince  0.1% · king  0.0% · crowned  0.0% · 4.0s
try  8 · gen   54 · best    638.8 · elite    337.3 · median    -21.9 · years  28.9 · road 0.32 · starved   833 · nobles  -0.3 · read 30.9 · walls  1.7 · fell 84.7% (mother 23.6%) · prince 11.8% · king  8.6% · crowned  6.7% (median year 49) · 4.0s
try  1 · gen   55 · best    589.7 · elite    287.5 · median    -23.2 · years  32.3 · road 0.33 · starved  1231 · nobles  +1.5 · read 40.6 · walls  3.3 · fell 86.2% (mother 26.1%) · prince 13.7% · king  6.9% · crowned  5.3% (median year 56) · 4.0s
try  2 · gen   55 · best    243.6 · elite    118.9 · median     27.9 · years  60.5 · road 0.45 · starved   655 · nobles -11.8 · read 93.2 · walls  7.2 · fell 59.5% (mother 17.0%) · prince  0.9% · king  0.0% · crowned  0.0% · 4.0s
try  3 · gen   55 · best    148.9 · elite     88.3 · median     -1.6 · years  63.3 · road 0.40 · starved  1057 · nobles -11.6 · read 154.2 · walls  6.8 · fell 51.2% (mother 21.6%) · prince  0.1% · king  0.0% · crowned  0.0% · 4.0s
try  4 · gen   55 · best    194.3 · elite     92.4 · median      5.8 · years  58.0 · road 0.38 · starved   918 · nobles -10.7 · read 55.7 · walls  7.0 · fell 64.2% (mother 19.7%) · prince  0.2% · king  0.0% · crowned  0.0% · 4.0s
try  5 · gen   55 · best    970.1 · elite    495.5 · median     11.8 · years  22.9 · road 0.37 · starved   980 · nobles  -0.1 · read 34.8 · walls  3.0 · fell 83.8% (mother 36.4%) · prince 16.8% · king 11.1% · crowned  9.5% (median year 35) · 4.0s
try  6 · gen   55 · best    179.2 · elite     89.5 · median      2.4 · years  55.9 · road 0.37 · starved   758 · nobles  +0.3 · read 133.2 · walls  5.7 · fell 67.9% (mother 23.5%) · prince  0.0% · king  0.0% · crowned  0.0% · 4.0s
try  7 · gen   55 · best    186.1 · elite    102.1 · median     10.4 · years  58.8 · road 0.37 · starved   733 · nobles  -9.0 · read 96.2 · walls  6.4 · fell 62.2% (mother 15.7%) · prince  0.0% · king  0.0% · crowned  0.0% · 4.0s
try  8 · gen   55 · best    821.0 · elite    366.1 · median    -23.1 · years  29.0 · road 0.32 · starved   841 · nobles  -0.4 · read 31.7 · walls  1.8 · fell 84.9% (mother 22.9%) · prince 12.1% · king  8.6% · crowned  7.2% (median year 48) · 4.0s
try  1 · gen   56 · best    601.9 · elite    278.2 · median    -25.8 · years  32.8 · road 0.34 · starved  1302 · nobles  +1.7 · read 39.6 · walls  3.1 · fell 86.6% (mother 26.8%) · prince 13.3% · king  6.6% · crowned  5.1% (median year 55) · 4.0s
try  2 · gen   56 · best    203.1 · elite    121.2 · median     32.3 · years  60.8 · road 0.46 · starved   635 · nobles -12.1 · read 95.4 · walls  7.2 · fell 59.8% (mother 17.3%) · prince  0.9% · king  0.0% · crowned  0.0% · 4.0s
try  3 · gen   56 · best    166.4 · elite     88.3 · median      1.2 · years  63.2 · road 0.40 · starved   959 · nobles -11.4 · read 157.1 · walls  6.7 · fell 50.5% (mother 19.8%) · prince  0.1% · king  0.0% · crowned  0.0% · 4.0s
try  4 · gen   56 · best    162.9 · elite     98.3 · median      6.4 · years  58.5 · road 0.38 · starved   894 · nobles -11.1 · read 51.2 · walls  6.7 · fell 61.7% (mother 17.6%) · prince  0.3% · king  0.0% · crowned  0.0% · 4.0s
try  5 · gen   56 · best    959.7 · elite    524.7 · median     -3.3 · years  23.1 · road 0.37 · starved   933 · nobles  -0.5 · read 35.5 · walls  2.9 · fell 83.1% (mother 36.6%) · prince 17.9% · king 11.5% · crowned  9.6% (median year 36) · 4.0s
try  6 · gen   56 · best    167.4 · elite     85.1 · median      1.5 · years  54.6 · road 0.36 · starved   764 · nobles  +0.3 · read 130.5 · walls  5.2 · fell 69.8% (mother 26.4%) · prince  0.0% · king  0.0% · crowned  0.0% · 4.0s
try  7 · gen   56 · best    191.5 · elite    101.9 · median     12.7 · years  58.9 · road 0.38 · starved   738 · nobles  -9.2 · read 96.0 · walls  6.4 · fell 63.8% (mother 16.7%) · prince  0.0% · king  0.0% · crowned  0.0% · 4.0s
try  8 · gen   56 · best    680.4 · elite    388.1 · median    -20.4 · years  28.7 · road 0.32 · starved   834 · nobles  -0.3 · read 32.3 · walls  1.7 · fell 83.4% (mother 21.3%) · prince 12.5% · king  9.4% · crowned  7.4% (median year 47) · 4.0s
try  1 · gen   57 · best    669.2 · elite    299.2 · median    -15.8 · years  32.2 · road 0.34 · starved  1207 · nobles  +2.5 · read 37.0 · walls  3.1 · fell 87.0% (mother 28.4%) · prince 13.4% · king  7.3% · crowned  5.7% (median year 54) · 4.1s
try  2 · gen   57 · best    185.9 · elite    118.0 · median     32.7 · years  60.4 · road 0.45 · starved   628 · nobles -12.0 · read 95.4 · walls  7.0 · fell 60.3% (mother 17.5%) · prince  1.0% · king  0.1% · crowned  0.0% · 4.1s
try  3 · gen   57 · best    166.4 · elite     89.3 · median      3.9 · years  62.3 · road 0.40 · starved  1098 · nobles -11.2 · read 156.1 · walls  6.9 · fell 52.5% (mother 20.4%) · prince  0.0% · king  0.0% · crowned  0.0% · 4.1s
try  4 · gen   57 · best    174.3 · elite     96.0 · median      9.9 · years  60.2 · road 0.39 · starved   908 · nobles -11.5 · read 54.6 · walls  6.7 · fell 61.6% (mother 18.7%) · prince  0.3% · king  0.0% · crowned  0.0% · 4.1s
try  5 · gen   57 · best    978.4 · elite    476.7 · median      5.5 · years  22.6 · road 0.37 · starved   948 · nobles  -1.1 · read 35.6 · walls  3.0 · fell 84.8% (mother 37.8%) · prince 16.4% · king 11.1% · crowned  8.9% (median year 36) · 4.1s
try  6 · gen   57 · best    164.7 · elite     81.2 · median      4.0 · years  55.5 · road 0.37 · starved   816 · nobles  +0.1 · read 131.1 · walls  5.4 · fell 71.2% (mother 29.1%) · prince  0.0% · king  0.0% · crowned  0.0% · 4.1s
try  7 · gen   57 · best    153.8 · elite    100.0 · median     14.9 · years  57.4 · road 0.38 · starved   755 · nobles  -9.3 · read 98.4 · walls  6.2 · fell 66.9% (mother 18.8%) · prince  0.1% · king  0.0% · crowned  0.0% · 4.1s
try  8 · gen   57 · best    863.0 · elite    376.2 · median    -13.4 · years  27.7 · road 0.31 · starved   823 · nobles  +0.1 · read 31.3 · walls  1.5 · fell 84.1% (mother 23.5%) · prince 12.5% · king  9.4% · crowned  7.6% (median year 45) · 4.1s
try  1 · gen   58 · best    657.1 · elite    319.1 · median    -19.0 · years  31.9 · road 0.35 · starved  1295 · nobles  +3.1 · read 33.3 · walls  3.2 · fell 86.2% (mother 33.3%) · prince 14.2% · king  7.8% · crowned  6.2% (median year 54) · 4.0s
try  2 · gen   58 · best    162.9 · elite    116.7 · median     31.4 · years  59.5 · road 0.45 · starved   611 · nobles -11.5 · read 93.5 · walls  7.1 · fell 60.5% (mother 17.5%) · prince  1.1% · king  0.0% · crowned  0.0% · 4.0s
try  3 · gen   58 · best    140.2 · elite     82.2 · median      7.4 · years  64.0 · road 0.41 · starved   931 · nobles -11.4 · read 164.3 · walls  6.8 · fell 51.9% (mother 19.2%) · prince  0.2% · king  0.0% · crowned  0.0% · 4.0s
try  4 · gen   58 · best    155.4 · elite     93.6 · median      7.3 · years  59.7 · road 0.38 · starved   888 · nobles -11.2 · read 54.0 · walls  6.5 · fell 60.9% (mother 17.0%) · prince  0.2% · king  0.0% · crowned  0.0% · 4.0s
try  5 · gen   58 · best    992.2 · elite    489.0 · median      1.3 · years  22.5 · road 0.36 · starved   960 · nobles  -0.9 · read 34.6 · walls  2.7 · fell 83.6% (mother 36.2%) · prince 16.5% · king 11.4% · crowned  9.4% (median year 35) · 4.0s
try  6 · gen   58 · best    160.3 · elite     91.3 · median      1.1 · years  54.2 · road 0.37 · starved   779 · nobles  -0.0 · read 121.0 · walls  5.2 · fell 71.1% (mother 27.8%) · prince  0.0% · king  0.0% · crowned  0.0% · 4.0s
try  7 · gen   58 · best    184.5 · elite    104.8 · median     11.7 · years  56.4 · road 0.37 · starved   735 · nobles  -8.9 · read 100.0 · walls  6.2 · fell 66.9% (mother 17.5%) · prince  0.0% · king  0.0% · crowned  0.0% · 4.0s
try  8 · gen   58 · best    831.8 · elite    387.0 · median    -23.2 · years  26.9 · road 0.31 · starved   850 · nobles  +0.3 · read 30.7 · walls  1.5 · fell 83.6% (mother 26.8%) · prince 12.2% · king  9.0% · crowned  7.4% (median year 42) · 4.0s
try  1 · gen   59 · best    738.4 · elite    319.3 · median    -21.3 · years  31.1 · road 0.34 · starved  1304 · nobles  +3.2 · read 33.4 · walls  3.0 · fell 86.9% (mother 34.2%) · prince 13.3% · king  7.4% · crowned  5.8% (median year 52) · 4.0s
try  2 · gen   59 · best    208.7 · elite    119.3 · median     31.6 · years  59.5 · road 0.45 · starved   597 · nobles -11.6 · read 93.1 · walls  7.3 · fell 59.7% (mother 15.9%) · prince  1.6% · king  0.1% · crowned  0.0% · 4.0s
try  3 · gen   59 · best    147.0 · elite     92.0 · median      8.6 · years  63.8 · road 0.41 · starved   893 · nobles -11.3 · read 164.6 · walls  7.0 · fell 51.5% (mother 18.4%) · prince  0.1% · king  0.0% · crowned  0.0% · 4.0s
try  4 · gen   59 · best    169.0 · elite     95.7 · median     10.8 · years  60.7 · road 0.39 · starved   894 · nobles -11.4 · read 50.9 · walls  6.9 · fell 59.2% (mother 17.9%) · prince  0.2% · king  0.0% · crowned  0.0% · 4.0s
try  5 · gen   59 · best    836.3 · elite    500.5 · median     20.4 · years  22.7 · road 0.36 · starved   975 · nobles  -0.2 · read 34.7 · walls  2.7 · fell 83.4% (mother 36.1%) · prince 17.7% · king 11.9% · crowned 10.1% (median year 35) · 4.0s
try  6 · gen   59 · best    147.2 · elite     89.8 · median      4.2 · years  54.4 · road 0.37 · starved   753 · nobles  +0.1 · read 120.8 · walls  5.2 · fell 70.0% (mother 25.1%) · prince  0.0% · king  0.0% · crowned  0.0% · 4.0s
try  7 · gen   59 · best    176.4 · elite    103.6 · median     10.5 · years  55.8 · road 0.38 · starved   802 · nobles  -8.9 · read 98.7 · walls  6.1 · fell 69.4% (mother 19.9%) · prince  0.0% · king  0.0% · crowned  0.0% · 4.0s
try  8 · gen   59 · best    691.2 · elite    396.3 · median    -19.6 · years  26.6 · road 0.31 · starved   841 · nobles  +0.3 · read 30.7 · walls  1.5 · fell 83.1% (mother 25.1%) · prince 12.5% · king  9.4% · crowned  7.7% (median year 42) · 4.0s
try  1 · gen   60 · best    679.3 · elite    317.7 · median    -20.7 · years  30.8 · road 0.34 · starved  1253 · nobles  +2.8 · read 32.1 · walls  2.9 · fell 86.5% (mother 34.5%) · prince 13.4% · king  7.4% · crowned  5.7% (median year 51) · 4.0s
try  2 · gen   60 · best    214.8 · elite    122.1 · median     33.6 · years  60.3 · road 0.46 · starved   625 · nobles -12.0 · read 93.5 · walls  7.3 · fell 61.4% (mother 17.8%) · prince  1.8% · king  0.0% · crowned  0.0% · 4.0s
try  3 · gen   60 · best    150.4 · elite     89.1 · median      6.0 · years  62.4 · road 0.41 · starved   889 · nobles -11.1 · read 160.1 · walls  6.7 · fell 51.5% (mother 19.3%) · prince  0.1% · king  0.0% · crowned  0.0% · 4.0s
try  4 · gen   60 · best    154.8 · elite    100.0 · median      6.7 · years  60.1 · road 0.39 · starved  1014 · nobles -11.1 · read 48.0 · walls  6.9 · fell 60.5% (mother 18.2%) · prince  0.4% · king  0.0% · crowned  0.0% · 4.0s
try  5 · gen   60 · best    925.4 · elite    511.6 · median      5.6 · years  22.5 · road 0.36 · starved   940 · nobles  +0.6 · read 33.4 · walls  2.5 · fell 83.4% (mother 34.2%) · prince 17.3% · king 11.5% · crowned 10.2% (median year 36) · 4.0s
try  6 · gen   60 · best    147.1 · elite     92.7 · median      6.9 · years  55.0 · road 0.37 · starved   762 · nobles  +0.1 · read 118.0 · walls  5.3 · fell 69.1% (mother 23.8%) · prince  0.1% · king  0.0% · crowned  0.0% · 4.0s
try  7 · gen   60 · best    205.0 · elite    112.3 · median     17.2 · years  57.1 · road 0.38 · starved   793 · nobles  -9.3 · read 99.6 · walls  6.3 · fell 68.2% (mother 20.9%) · prince  0.0% · king  0.0% · crowned  0.0% · 4.0s
try  8 · gen   60 · best    879.8 · elite    409.2 · median    -27.9 · years  25.9 · road 0.31 · starved   956 · nobles  +0.7 · read 30.6 · walls  1.4 · fell 84.1% (mother 26.9%) · prince 12.6% · king  9.7% · crowned  7.5% (median year 40) · 4.0s
try  1 · gen   61 · best    689.7 · elite    337.0 · median    -18.8 · years  30.0 · road 0.34 · starved  1246 · nobles  +2.6 · read 31.6 · walls  3.1 · fell 86.9% (mother 37.1%) · prince 14.1% · king  8.4% · crowned  6.6% (median year 51) · 4.1s
try  2 · gen   61 · best    188.5 · elite    126.7 · median     29.0 · years  58.8 · road 0.45 · starved   614 · nobles -11.8 · read 87.0 · walls  7.5 · fell 62.0% (mother 15.7%) · prince  1.6% · king  0.1% · crowned  0.0% · 4.1s
try  3 · gen   61 · best    182.1 · elite     93.3 · median      4.5 · years  62.3 · road 0.42 · starved  1384 · nobles -11.2 · read 158.9 · walls  6.9 · fell 53.7% (mother 21.7%) · prince  0.2% · king  0.0% · crowned  0.0% · 4.1s
try  4 · gen   61 · best    147.5 · elite     99.0 · median     11.3 · years  61.3 · road 0.39 · starved   933 · nobles -11.7 · read 45.7 · walls  7.2 · fell 58.8% (mother 17.2%) · prince  0.4% · king  0.0% · crowned  0.0% (median year 92) · 4.1s
try  5 · gen   61 · best    975.1 · elite    541.7 · median     25.6 · years  22.8 · road 0.36 · starved   865 · nobles  +1.1 · read 31.3 · walls  2.2 · fell 82.3% (mother 28.2%) · prince 18.5% · king 13.0% · crowned 11.2% (median year 35) · 4.1s
try  6 · gen   61 · best    172.2 · elite     91.7 · median      7.6 · years  55.5 · road 0.37 · starved   787 · nobles  +0.1 · read 112.5 · walls  5.4 · fell 68.1% (mother 24.5%) · prince  0.0% · king  0.0% · crowned  0.0% · 4.1s
try  7 · gen   61 · best    193.9 · elite    109.1 · median     15.1 · years  56.9 · road 0.39 · starved   828 · nobles  -9.5 · read 98.2 · walls  6.5 · fell 68.4% (mother 22.2%) · prince  0.0% · king  0.0% · crowned  0.0% · 4.1s
try  8 · gen   61 · best    901.1 · elite    338.8 · median    -29.7 · years  25.5 · road 0.31 · starved   984 · nobles  +0.4 · read 29.9 · walls  1.3 · fell 86.9% (mother 33.6%) · prince 11.8% · king  8.4% · crowned  6.6% (median year 42) · 4.1s
try  1 · gen   62 · best    677.5 · elite    312.0 · median    -24.6 · years  29.1 · road 0.34 · starved  1275 · nobles  +2.5 · read 30.2 · walls  2.8 · fell 87.4% (mother 37.1%) · prince 13.1% · king  7.5% · crowned  5.2% (median year 46) · 4.1s
try  2 · gen   62 · best    188.2 · elite    122.5 · median     34.2 · years  59.8 · road 0.45 · starved   619 · nobles -11.8 · read 90.0 · walls  7.5 · fell 60.9% (mother 16.1%) · prince  1.5% · king  0.0% · crowned  0.0% (median year 84) · 4.1s
try  3 · gen   62 · best    177.4 · elite    101.5 · median     11.7 · years  63.9 · road 0.42 · starved  1969 · nobles -11.4 · read 163.4 · walls  7.1 · fell 51.1% (mother 20.0%) · prince  0.3% · king  0.0% · crowned  0.0% · 4.1s
try  4 · gen   62 · best    156.2 · elite     98.5 · median      9.2 · years  60.2 · road 0.39 · starved  1114 · nobles -11.8 · read 46.8 · walls  6.9 · fell 60.4% (mother 17.5%) · prince  0.5% · king  0.0% · crowned  0.0% · 4.1s
try  5 · gen   62 · best   1092.3 · elite    538.0 · median     65.3 · years  22.9 · road 0.36 · starved   844 · nobles  +1.4 · read 29.2 · walls  1.9 · fell 82.2% (mother 30.2%) · prince 19.5% · king 13.5% · crowned 11.2% (median year 36) · 4.1s
try  6 · gen   62 · best    145.4 · elite     91.6 · median      5.3 · years  52.4 · road 0.37 · starved   776 · nobles  +0.3 · read 103.9 · walls  5.5 · fell 70.8% (mother 27.0%) · prince  0.0% · king  0.0% · crowned  0.0% · 4.1s
try  7 · gen   62 · best    182.8 · elite    106.1 · median     16.6 · years  57.8 · road 0.38 · starved   803 · nobles  -9.4 · read 103.6 · walls  6.5 · fell 66.3% (mother 21.5%) · prince  0.1% · king  0.0% · crowned  0.0% · 4.1s
try  8 · gen   62 · best    679.4 · elite    342.3 · median    -33.6 · years  25.6 · road 0.31 · starved  1124 · nobles  +0.6 · read 31.1 · walls  1.1 · fell 86.8% (mother 36.0%) · prince 11.4% · king  8.4% · crowned  6.6% (median year 42) · 4.1s
try  1 · gen   63 · best    667.7 · elite    343.0 · median    -20.1 · years  28.8 · road 0.34 · starved  1280 · nobles  +2.1 · read 27.7 · walls  3.0 · fell 87.5% (mother 38.5%) · prince 13.9% · king  8.1% · crowned  5.9% (median year 46) · 4.2s
try  2 · gen   63 · best    194.0 · elite    126.9 · median     32.4 · years  60.1 · road 0.45 · starved   628 · nobles -12.2 · read 89.5 · walls  7.6 · fell 61.4% (mother 17.7%) · prince  1.6% · king  0.0% · crowned  0.0% · 4.2s
try  3 · gen   63 · best    157.1 · elite     95.3 · median      8.4 · years  62.1 · road 0.43 · starved  1212 · nobles -11.1 · read 152.7 · walls  6.9 · fell 54.6% (mother 22.6%) · prince  0.5% · king  0.0% · crowned  0.0% · 4.2s
try  4 · gen   63 · best    205.5 · elite    107.0 · median     13.7 · years  63.0 · road 0.40 · starved  1288 · nobles -12.6 · read 49.4 · walls  7.2 · fell 55.5% (mother 16.7%) · prince  0.5% · king  0.0% · crowned  0.0% (median year 90) · 4.2s
try  5 · gen   63 · best   1072.8 · elite    556.1 · median     81.7 · years  22.5 · road 0.36 · starved   833 · nobles  +1.4 · read 28.5 · walls  1.6 · fell 81.8% (mother 29.2%) · prince 20.0% · king 13.7% · crowned 11.7% (median year 36) · 4.2s
try  6 · gen   63 · best    154.5 · elite     92.2 · median      7.0 · years  51.2 · road 0.37 · starved   709 · nobles  +0.5 · read 99.5 · walls  5.4 · fell 72.7% (mother 25.4%) · prince  0.0% · king  0.0% · crowned  0.0% · 4.2s
try  7 · gen   63 · best    174.4 · elite    105.6 · median     16.8 · years  58.9 · road 0.38 · starved   847 · nobles  -9.8 · read 108.0 · walls  6.7 · fell 64.5% (mother 21.8%) · prince  0.0% · king  0.0% · crowned  0.0% · 4.2s
try  8 · gen   63 · best    721.3 · elite    325.9 · median    -33.4 · years  26.3 · road 0.31 · starved  1212 · nobles  +1.2 · read 32.3 · walls  1.1 · fell 87.8% (mother 36.5%) · prince 11.7% · king  8.0% · crowned  6.3% (median year 43) · 4.2s
try  1 · gen   64 · best    702.8 · elite    380.7 · median    -12.2 · years  28.4 · road 0.35 · starved  1226 · nobles  +1.8 · read 25.5 · walls  3.0 · fell 86.3% (mother 37.2%) · prince 15.0% · king  9.2% · crowned  6.6% (median year 43) · 4.0s
try  2 · gen   64 · best    193.6 · elite    120.7 · median     37.3 · years  60.9 · road 0.45 · starved   625 · nobles -12.4 · read 91.6 · walls  7.6 · fell 60.5% (mother 17.7%) · prince  1.5% · king  0.0% · crowned  0.0% · 4.0s
try  3 · gen   64 · best    220.7 · elite     96.1 · median     10.6 · years  62.5 · road 0.43 · starved  1602 · nobles -11.1 · read 152.0 · walls  7.1 · fell 53.7% (mother 22.0%) · prince  0.4% · king  0.0% · crowned  0.0% · 4.0s
try  4 · gen   64 · best    194.4 · elite    104.3 · median     16.0 · years  62.4 · road 0.40 · starved  1021 · nobles -12.5 · read 51.5 · walls  7.2 · fell 58.7% (mother 18.5%) · prince  0.6% · king  0.0% · crowned  0.0% · 4.0s
try  5 · gen   64 · best   1002.5 · elite    545.0 · median     92.9 · years  22.5 · road 0.36 · starved   856 · nobles  +0.9 · read 27.9 · walls  1.6 · fell 82.1% (mother 30.8%) · prince 20.6% · king 14.0% · crowned 11.7% (median year 36) · 4.0s
try  6 · gen   64 · best    176.0 · elite     96.4 · median      4.4 · years  51.8 · road 0.37 · starved   743 · nobles  +0.5 · read 98.4 · walls  5.7 · fell 72.5% (mother 26.8%) · prince  0.0% · king  0.0% · crowned  0.0% · 4.0s
try  7 · gen   64 · best    164.8 · elite    104.1 · median     17.9 · years  59.4 · road 0.39 · starved   806 · nobles -10.1 · read 107.8 · walls  6.9 · fell 63.2% (mother 21.5%) · prince  0.0% · king  0.0% · crowned  0.0% · 4.0s
try  8 · gen   64 · best    648.4 · elite    335.1 · median    -33.8 · years  26.5 · road 0.31 · starved  1191 · nobles  +1.8 · read 32.0 · walls  1.0 · fell 87.8% (mother 36.7%) · prince 11.3% · king  8.1% · crowned  6.3% (median year 45) · 4.0s
try  1 · gen   65 · best    694.7 · elite    367.4 · median     -8.5 · years  28.4 · road 0.35 · starved  1180 · nobles  +1.3 · read 25.4 · walls  2.8 · fell 85.7% (mother 37.2%) · prince 15.8% · king  9.7% · crowned  6.7% (median year 43) · 4.0s
try  2 · gen   65 · best    179.5 · elite    119.6 · median     33.3 · years  60.2 · road 0.44 · starved   635 · nobles -12.1 · read 88.7 · walls  7.7 · fell 60.2% (mother 16.7%) · prince  1.1% · king  0.0% · crowned  0.0% · 4.0s
try  3 · gen   65 · best    187.6 · elite    107.1 · median     16.0 · years  64.7 · road 0.43 · starved  1784 · nobles -11.6 · read 159.6 · walls  7.3 · fell 51.7% (mother 20.9%) · prince  0.5% · king  0.0% · crowned  0.0% · 4.0s
try  4 · gen   65 · best    213.9 · elite    107.4 · median     14.1 · years  61.3 · road 0.40 · starved   927 · nobles -12.6 · read 50.1 · walls  7.1 · fell 59.9% (mother 18.2%) · prince  0.6% · king  0.0% · crowned  0.0% · 4.0s
try  5 · gen   65 · best    902.5 · elite    509.8 · median    113.4 · years  22.1 · road 0.35 · starved   774 · nobles  +0.8 · read 27.7 · walls  1.6 · fell 82.6% (mother 29.5%) · prince 19.2% · king 13.3% · crowned 11.3% (median year 36) · 4.0s
try  6 · gen   65 · best    186.2 · elite     92.0 · median      9.4 · years  51.7 · road 0.37 · starved   761 · nobles  +0.3 · read 95.5 · walls  6.0 · fell 72.0% (mother 28.0%) · prince  0.0% · king  0.0% · crowned  0.0% · 4.0s
try  7 · gen   65 · best    181.9 · elite    108.3 · median     17.3 · years  59.6 · road 0.39 · starved   815 · nobles  -9.9 · read 105.0 · walls  6.8 · fell 62.9% (mother 22.5%) · prince  0.0% · king  0.0% · crowned  0.0% · 4.0s
try  8 · gen   65 · best    788.2 · elite    326.4 · median    -40.5 · years  26.7 · road 0.31 · starved  1251 · nobles  +2.1 · read 32.8 · walls  1.1 · fell 88.8% (mother 39.6%) · prince 11.4% · king  7.9% · crowned  6.1% (median year 45) · 4.0s
try  1 · gen   66 · best    686.4 · elite    346.7 · median    -14.0 · years  27.8 · road 0.34 · starved  1159 · nobles  +2.5 · read 24.3 · walls  2.8 · fell 87.0% (mother 39.0%) · prince 14.2% · king  8.8% · crowned  6.1% (median year 41) · 4.0s
try  2 · gen   66 · best    213.3 · elite    124.2 · median     34.6 · years  62.8 · road 0.45 · starved   649 · nobles -12.9 · read 92.3 · walls  8.0 · fell 58.3% (mother 17.3%) · prince  1.2% · king  0.0% · crowned  0.0% · 4.0s
try  3 · gen   66 · best    203.5 · elite    110.4 · median     17.7 · years  64.0 · road 0.43 · starved  1416 · nobles -11.6 · read 151.4 · walls  7.3 · fell 52.7% (mother 21.0%) · prince  0.4% · king  0.0% · crowned  0.0% · 4.0s
try  4 · gen   66 · best    184.9 · elite    108.8 · median     20.2 · years  63.0 · road 0.41 · starved  1176 · nobles -12.9 · read 50.0 · walls  7.2 · fell 59.1% (mother 18.7%) · prince  0.9% · king  0.0% · crowned  0.0% · 4.0s
try  5 · gen   66 · best   1063.1 · elite    548.4 · median     45.7 · years  22.2 · road 0.35 · starved   795 · nobles  +1.3 · read 27.4 · walls  1.6 · fell 82.5% (mother 29.4%) · prince 19.7% · king 13.4% · crowned 11.1% (median year 35) · 4.0s
try  6 · gen   66 · best    163.0 · elite     96.7 · median      9.4 · years  53.1 · road 0.37 · starved   775 · nobles  +0.2 · read 96.9 · walls  6.1 · fell 70.1% (mother 26.3%) · prince  0.0% · king  0.0% · crowned  0.0% · 4.0s
try  7 · gen   66 · best    168.3 · elite    105.3 · median     15.2 · years  59.0 · road 0.39 · starved   849 · nobles -10.0 · read 103.6 · walls  6.9 · fell 63.4% (mother 22.4%) · prince  0.1% · king  0.0% · crowned  0.0% · 4.0s
try  8 · gen   66 · best    666.0 · elite    333.9 · median    -42.4 · years  26.7 · road 0.31 · starved  1279 · nobles  +1.0 · read 33.9 · walls  1.1 · fell 89.4% (mother 42.5%) · prince 11.2% · king  7.4% · crowned  5.8% (median year 48) · 4.0s
try  1 · gen   67 · best    764.7 · elite    368.7 · median    -10.2 · years  27.3 · road 0.34 · starved  1042 · nobles  +3.2 · read 24.4 · walls  3.0 · fell 86.0% (mother 35.3%) · prince 14.0% · king  9.1% · crowned  6.4% (median year 41) · 4.0s
try  2 · gen   67 · best    211.7 · elite    124.1 · median     35.7 · years  62.4 · road 0.45 · starved   666 · nobles -12.9 · read 88.1 · walls  8.0 · fell 58.3% (mother 18.1%) · prince  1.1% · king  0.0% · crowned  0.0% · 4.0s
try  3 · gen   67 · best    171.8 · elite    104.9 · median     16.6 · years  63.4 · road 0.43 · starved  1862 · nobles -11.6 · read 154.4 · walls  7.3 · fell 53.6% (mother 21.6%) · prince  0.5% · king  0.0% · crowned  0.0% · 4.0s
try  4 · gen   67 · best    189.4 · elite    115.9 · median     24.9 · years  63.4 · road 0.42 · starved  1039 · nobles -13.1 · read 45.9 · walls  7.6 · fell 58.1% (mother 19.5%) · prince  1.1% · king  0.0% · crowned  0.0% · 4.0s
try  5 · gen   67 · best    949.6 · elite    551.1 · median    104.0 · years  21.9 · road 0.35 · starved   774 · nobles  +0.9 · read 26.7 · walls  1.4 · fell 82.4% (mother 28.5%) · prince 19.9% · king 14.3% · crowned 11.9% (median year 34) · 4.0s
try  6 · gen   67 · best    149.0 · elite     85.9 · median     10.8 · years  52.7 · road 0.37 · starved   791 · nobles  +0.1 · read 93.6 · walls  6.3 · fell 70.5% (mother 27.0%) · prince  0.0% · king  0.0% · crowned  0.0% · 4.0s
try  7 · gen   67 · best    197.0 · elite    114.3 · median     17.8 · years  59.9 · road 0.39 · starved   809 · nobles -10.3 · read 101.7 · walls  6.9 · fell 62.3% (mother 21.1%) · prince  0.0% · king  0.0% · crowned  0.0% · 4.0s
try  8 · gen   67 · best    660.5 · elite    322.2 · median    -32.6 · years  27.3 · road 0.31 · starved  1214 · nobles  +2.1 · read 33.7 · walls  0.9 · fell 88.2% (mother 39.5%) · prince 11.9% · king  7.9% · crowned  6.3% (median year 48) · 4.0s
try  1 · gen   68 · best    727.9 · elite    382.6 · median     -8.6 · years  26.4 · road 0.33 · starved  1039 · nobles  +3.2 · read 23.8 · walls  2.8 · fell 85.4% (mother 36.5%) · prince 14.2% · king  9.4% · crowned  6.7% (median year 37) · 4.0s
try  2 · gen   68 · best    173.6 · elite    119.2 · median     34.0 · years  61.9 · road 0.44 · starved   618 · nobles -12.9 · read 86.3 · walls  7.8 · fell 57.5% (mother 15.4%) · prince  1.0% · king  0.1% · crowned  0.0% (median year 91) · 4.0s
try  3 · gen   68 · best    163.0 · elite    101.2 · median     16.8 · years  64.0 · road 0.43 · starved  1936 · nobles -11.5 · read 154.0 · walls  7.3 · fell 53.0% (mother 21.4%) · prince  0.5% · king  0.0% · crowned  0.0% · 4.0s
try  4 · gen   68 · best    184.2 · elite    116.6 · median     23.6 · years  63.8 · road 0.43 · starved  1007 · nobles -13.5 · read 42.8 · walls  7.8 · fell 57.3% (mother 19.9%) · prince  1.7% · king  0.0% · crowned  0.0% · 4.0s
try  5 · gen   68 · best    911.3 · elite    536.1 · median     54.5 · years  21.1 · road 0.34 · starved   822 · nobles  +1.0 · read 27.3 · walls  1.4 · fell 83.1% (mother 30.4%) · prince 19.0% · king 14.0% · crowned 11.3% (median year 33) · 4.0s
try  6 · gen   68 · best    155.9 · elite    101.0 · median     10.2 · years  53.1 · road 0.38 · starved   766 · nobles  +0.2 · read 95.1 · walls  6.4 · fell 68.7% (mother 27.5%) · prince  0.0% · king  0.0% · crowned  0.0% · 4.0s
try  7 · gen   68 · best    211.2 · elite    115.8 · median     25.7 · years  62.0 · road 0.39 · starved   837 · nobles -10.8 · read 111.1 · walls  6.9 · fell 60.2% (mother 21.1%) · prince  0.0% · king  0.0% · crowned  0.0% · 4.0s
try  8 · gen   68 · best    629.3 · elite    329.8 · median    -29.4 · years  27.2 · road 0.31 · starved  1167 · nobles  +2.1 · read 32.4 · walls  0.9 · fell 88.0% (mother 40.3%) · prince 12.1% · king  8.1% · crowned  6.3% (median year 48) · 4.0s
try  1 · gen   69 · best    877.5 · elite    425.3 · median    -10.0 · years  26.2 · road 0.33 · starved  1003 · nobles  +3.3 · read 24.4 · walls  2.7 · fell 85.3% (mother 34.6%) · prince 15.2% · king 10.4% · crowned  7.1% (median year 36) · 4.0s
try  2 · gen   69 · best    192.6 · elite    123.9 · median     35.8 · years  62.7 · road 0.45 · starved   638 · nobles -13.1 · read 87.5 · walls  7.8 · fell 58.0% (mother 16.7%) · prince  0.8% · king  0.0% · crowned  0.0% · 4.0s
try  3 · gen   69 · best    193.2 · elite    107.4 · median     16.4 · years  64.9 · road 0.43 · starved  2492 · nobles -11.9 · read 155.9 · walls  7.2 · fell 52.9% (mother 21.5%) · prince  0.5% · king  0.0% · crowned  0.0% · 4.0s
try  4 · gen   69 · best    171.5 · elite    116.8 · median     23.9 · years  64.3 · road 0.43 · starved  1058 · nobles -13.6 · read 39.7 · walls  7.9 · fell 56.1% (mother 20.9%) · prince  1.6% · king  0.0% · crowned  0.0% · 4.0s
try  5 · gen   69 · best   1127.8 · elite    556.8 · median    107.8 · years  21.4 · road 0.35 · starved   812 · nobles  +1.9 · read 28.8 · walls  1.5 · fell 82.7% (mother 31.5%) · prince 19.6% · king 14.8% · crowned 12.0% (median year 32) · 4.0s
try  6 · gen   69 · best    166.4 · elite     96.3 · median     12.8 · years  53.2 · road 0.37 · starved   791 · nobles  +0.3 · read 93.0 · walls  6.5 · fell 67.7% (mother 25.5%) · prince  0.0% · king  0.0% · crowned  0.0% · 4.0s
try  7 · gen   69 · best    162.7 · elite    107.5 · median     21.6 · years  61.0 · road 0.39 · starved   791 · nobles -10.7 · read 110.2 · walls  7.0 · fell 59.1% (mother 20.1%) · prince  0.0% · king  0.0% · crowned  0.0% · 4.0s
try  8 · gen   69 · best   1037.8 · elite    371.7 · median    -25.6 · years  27.2 · road 0.31 · starved  1135 · nobles  +1.7 · read 31.7 · walls  1.0 · fell 86.7% (mother 39.5%) · prince 13.6% · king  9.2% · crowned  7.2% (median year 47) · 4.0s
try  1 · gen   70 · best    909.9 · elite    425.4 · median     -9.1 · years  25.2 · road 0.33 · starved   988 · nobles  +2.9 · read 25.0 · walls  2.8 · fell 85.4% (mother 33.3%) · prince 15.2% · king 10.6% · crowned  7.2% (median year 34) · 4.0s
try  2 · gen   70 · best    180.7 · elite    133.8 · median     40.6 · years  65.1 · road 0.46 · starved   669 · nobles -14.0 · read 90.4 · walls  8.1 · fell 55.9% (mother 18.9%) · prince  0.8% · king  0.0% · crowned  0.0% · 4.0s
try  3 · gen   70 · best    187.3 · elite    108.5 · median     15.8 · years  63.4 · road 0.43 · starved  1557 · nobles -11.8 · read 151.5 · walls  6.9 · fell 54.2% (mother 23.4%) · prince  0.4% · king  0.0% · crowned  0.0% · 4.0s
try  4 · gen   70 · best    236.0 · elite    119.0 · median     24.9 · years  64.5 · road 0.44 · starved  1030 · nobles -13.7 · read 37.6 · walls  7.9 · fell 55.5% (mother 20.5%) · prince  1.9% · king  0.1% · crowned  0.0% (median year 95) · 4.0s
try  5 · gen   70 · best    931.7 · elite    572.8 · median    128.7 · years  20.9 · road 0.34 · starved   769 · nobles  +2.1 · read 28.2 · walls  1.4 · fell 81.8% (mother 29.5%) · prince 20.3% · king 14.9% · crowned 12.6% (median year 31) · 4.0s
try  6 · gen   70 · best    153.6 · elite     97.5 · median      9.6 · years  50.2 · road 0.37 · starved   789 · nobles  +0.5 · read 81.6 · walls  6.5 · fell 70.1% (mother 28.5%) · prince  0.0% · king  0.0% · crowned  0.0% · 4.0s
try  7 · gen   70 · best    158.1 · elite    106.3 · median     20.8 · years  60.5 · road 0.39 · starved   789 · nobles -10.8 · read 110.1 · walls  7.0 · fell 60.2% (mother 20.2%) · prince  0.0% · king  0.0% · crowned  0.0% · 4.0s
try  8 · gen   70 · best    947.2 · elite    371.7 · median    -23.6 · years  26.7 · road 0.32 · starved  1174 · nobles  +1.6 · read 31.1 · walls  1.2 · fell 86.3% (mother 40.8%) · prince 13.6% · king  9.4% · crowned  7.2% (median year 44) · 4.0s
try  1 · gen   71 · best    759.0 · elite    407.4 · median     -5.6 · years  24.7 · road 0.32 · starved   933 · nobles  +3.6 · read 25.3 · walls  2.6 · fell 84.9% (mother 33.0%) · prince 14.8% · king 10.1% · crowned  7.4% (median year 35) · 4.0s
try  2 · gen   71 · best    236.0 · elite    134.9 · median     42.1 · years  65.4 · road 0.46 · starved   637 · nobles -14.0 · read 90.4 · walls  8.1 · fell 55.4% (mother 19.2%) · prince  0.5% · king  0.0% · crowned  0.0% (median year 98) · 4.0s
try  3 · gen   71 · best    186.5 · elite    108.4 · median     20.4 · years  63.9 · road 0.43 · starved  1052 · nobles -11.8 · read 148.0 · walls  6.7 · fell 52.4% (mother 23.1%) · prince  0.5% · king  0.0% · crowned  0.0% · 4.0s
try  4 · gen   71 · best    212.2 · elite    113.5 · median     21.8 · years  62.6 · road 0.43 · starved   987 · nobles -13.2 · read 37.9 · walls  7.7 · fell 58.2% (mother 21.0%) · prince  2.3% · king  0.1% · crowned  0.0% (median year 99) · 4.0s
try  5 · gen   71 · best   1169.1 · elite    557.3 · median    132.0 · years  20.8 · road 0.34 · starved   786 · nobles  +2.2 · read 27.6 · walls  1.3 · fell 81.2% (mother 29.0%) · prince 19.8% · king 14.9% · crowned 12.6% (median year 31) · 4.0s
try  6 · gen   71 · best    154.4 · elite     93.6 · median      9.5 · years  49.9 · road 0.37 · starved   798 · nobles  +0.5 · read 78.7 · walls  6.6 · fell 70.8% (mother 27.2%) · prince  0.0% · king  0.0% · crowned  0.0% · 4.0s
try  7 · gen   71 · best    164.8 · elite    111.7 · median     22.4 · years  61.8 · road 0.40 · starved   857 · nobles -11.0 · read 105.5 · walls  7.1 · fell 61.0% (mother 22.5%) · prince  0.0% · king  0.0% · crowned  0.0% · 4.0s
try  8 · gen   71 · best   1146.3 · elite    434.0 · median    -12.1 · years  26.4 · road 0.32 · starved  1075 · nobles  +1.9 · read 29.3 · walls  1.3 · fell 84.8% (mother 37.3%) · prince 15.3% · king 10.9% · crowned  8.5% (median year 42) · 4.0s
try  1 · gen   72 · best    724.5 · elite    469.0 · median     -5.6 · years  24.4 · road 0.32 · starved   951 · nobles  +3.3 · read 27.0 · walls  2.3 · fell 84.4% (mother 33.3%) · prince 16.0% · king 11.6% · crowned  8.2% (median year 33) · 4.0s
try  2 · gen   72 · best    216.0 · elite    135.6 · median     44.5 · years  64.9 · road 0.46 · starved   560 · nobles -13.8 · read 85.9 · walls  8.3 · fell 54.0% (mother 16.6%) · prince  0.7% · king  0.0% · crowned  0.0% (median year 76) · 4.0s
try  3 · gen   72 · best    164.1 · elite    110.9 · median     15.3 · years  63.3 · road 0.43 · starved  2276 · nobles -11.9 · read 146.7 · walls  6.3 · fell 53.5% (mother 23.0%) · prince  0.7% · king  0.0% · crowned  0.0% · 4.0s
try  4 · gen   72 · best    258.0 · elite    125.4 · median     26.4 · years  63.1 · road 0.44 · starved  1000 · nobles -13.2 · read 41.1 · walls  7.9 · fell 59.4% (mother 22.0%) · prince  3.5% · king  0.1% · crowned  0.0% · 4.0s
try  5 · gen   72 · best    899.1 · elite    562.1 · median    104.9 · years  20.5 · road 0.34 · starved   841 · nobles  +2.2 · read 27.1 · walls  1.4 · fell 82.0% (mother 32.4%) · prince 19.5% · king 14.7% · crowned 12.1% (median year 30) · 4.0s
try  6 · gen   72 · best    165.8 · elite    101.6 · median     12.1 · years  51.2 · road 0.37 · starved   807 · nobles  +0.5 · read 80.2 · walls  6.7 · fell 70.0% (mother 26.7%) · prince  0.0% · king  0.0% · crowned  0.0% · 4.0s
try  7 · gen   72 · best    194.5 · elite    114.5 · median     22.8 · years  60.8 · road 0.40 · starved   798 · nobles -10.7 · read 103.9 · walls  7.0 · fell 61.5% (mother 21.0%) · prince  0.0% · king  0.0% · crowned  0.0% · 4.0s
try  8 · gen   72 · best    924.8 · elite    464.8 · median     -7.8 · years  25.8 · road 0.32 · starved  1057 · nobles  +1.2 · read 28.9 · walls  1.2 · fell 83.6% (mother 35.8%) · prince 16.0% · king 11.6% · crowned  9.0% (median year 40) · 4.0s
try  1 · gen   73 · best    881.9 · elite    455.6 · median     -5.3 · years  24.4 · road 0.32 · starved   942 · nobles  +3.5 · read 26.9 · walls  2.2 · fell 84.7% (mother 32.8%) · prince 15.4% · king 11.1% · crowned  7.9% (median year 33) · 4.0s
try  2 · gen   73 · best    220.1 · elite    134.6 · median     43.2 · years  64.6 · road 0.46 · starved   628 · nobles -13.9 · read 85.4 · walls  8.1 · fell 56.0% (mother 18.7%) · prince  0.8% · king  0.1% · crowned  0.0% (median year 73) · 4.0s
try  3 · gen   73 · best    177.6 · elite    111.0 · median     21.0 · years  64.1 · road 0.44 · starved  1253 · nobles -12.2 · read 150.4 · walls  6.4 · fell 53.6% (mother 23.9%) · prince  0.5% · king  0.0% · crowned  0.0% · 4.0s
try  4 · gen   73 · best    256.4 · elite    126.2 · median     27.3 · years  62.6 · road 0.44 · starved  1072 · nobles -12.9 · read 45.7 · walls  7.7 · fell 62.5% (mother 22.2%) · prince  5.1% · king  0.2% · crowned  0.0% (median year 90) · 4.0s
try  5 · gen   73 · best    964.4 · elite    556.6 · median    122.1 · years  20.3 · road 0.34 · starved   831 · nobles  +1.7 · read 26.4 · walls  1.5 · fell 82.3% (mother 33.2%) · prince 19.6% · king 14.6% · crowned 11.9% (median year 30) · 4.0s
try  6 · gen   73 · best    169.3 · elite     98.0 · median     12.5 · years  50.0 · road 0.37 · starved   848 · nobles  +0.6 · read 76.2 · walls  6.7 · fell 71.8% (mother 28.2%) · prince  0.0% · king  0.0% · crowned  0.0% · 4.0s
try  7 · gen   73 · best    178.9 · elite    108.1 · median     21.0 · years  59.4 · road 0.39 · starved   821 · nobles -10.5 · read 101.1 · walls  7.1 · fell 64.2% (mother 21.7%) · prince  0.0% · king  0.0% · crowned  0.0% · 4.0s
try  8 · gen   73 · best    915.5 · elite    490.0 · median     -0.1 · years  24.7 · road 0.33 · starved   883 · nobles  +0.4 · read 27.7 · walls  1.3 · fell 80.7% (mother 31.6%) · prince 16.2% · king 12.2% · crowned  9.1% (median year 35) · 4.0s
try  1 · gen   74 · best    757.8 · elite    438.8 · median     -3.3 · years  24.0 · road 0.32 · starved   923 · nobles  +3.5 · read 25.6 · walls  2.1 · fell 84.8% (mother 36.5%) · prince 15.9% · king 11.1% · crowned  7.9% (median year 33) · 4.1s
try  2 · gen   74 · best    372.7 · elite    133.4 · median     48.1 · years  65.9 · road 0.47 · starved   601 · nobles -14.3 · read 84.7 · walls  8.1 · fell 54.7% (mother 18.6%) · prince  0.8% · king  0.1% · crowned  0.0% (median year 85) · 4.1s
try  3 · gen   74 · best    183.5 · elite    111.7 · median     13.2 · years  61.7 · road 0.43 · starved   953 · nobles -11.9 · read 143.2 · walls  6.2 · fell 55.6% (mother 25.2%) · prince  0.8% · king  0.0% · crowned  0.0% · 4.1s
try  4 · gen   74 · best    287.8 · elite    137.5 · median     29.4 · years  63.0 · road 0.45 · starved   992 · nobles -12.7 · read 48.6 · walls  7.9 · fell 62.7% (mother 23.9%) · prince  6.2% · king  0.3% · crowned  0.1% (median year 95) · 4.1s
try  5 · gen   74 · best    951.6 · elite    541.6 · median    118.4 · years  20.1 · road 0.34 · starved   866 · nobles  +1.9 · read 26.6 · walls  1.6 · fell 82.8% (mother 35.5%) · prince 19.6% · king 14.3% · crowned 11.7% (median year 30) · 4.1s
try  6 · gen   74 · best    178.4 · elite    104.1 · median     12.3 · years  50.8 · road 0.37 · starved   846 · nobles  +0.6 · read 77.5 · walls  6.9 · fell 72.4% (mother 29.1%) · prince  0.0% · king  0.0% · crowned  0.0% · 4.1s
try  7 · gen   74 · best    172.0 · elite    111.8 · median     22.8 · years  60.3 · road 0.39 · starved   866 · nobles -10.5 · read 104.1 · walls  7.2 · fell 64.3% (mother 21.5%) · prince  0.0% · king  0.0% · crowned  0.0% · 4.1s
try  8 · gen   74 · best    938.2 · elite    504.8 · median     26.7 · years  23.7 · road 0.33 · starved   883 · nobles  -0.5 · read 26.1 · walls  1.6 · fell 79.5% (mother 29.8%) · prince 18.8% · king 13.8% · crowned  9.8% (median year 32) · 4.1s
try  1 · gen   75 · best    722.9 · elite    460.0 · median      4.9 · years  24.1 · road 0.32 · starved   907 · nobles  +3.5 · read 27.1 · walls  2.0 · fell 82.7% (mother 33.0%) · prince 16.9% · king 11.9% · crowned  8.6% (median year 33) · 4.0s
try  2 · gen   75 · best    342.5 · elite    135.8 · median     43.1 · years  66.0 · road 0.46 · starved   606 · nobles -14.4 · read 83.2 · walls  8.1 · fell 53.7% (mother 17.1%) · prince  0.6% · king  0.0% · crowned  0.0% (median year 84) · 4.0s
try  3 · gen   75 · best    173.1 · elite    107.9 · median     17.5 · years  62.3 · road 0.43 · starved  1391 · nobles -12.0 · read 144.7 · walls  6.0 · fell 54.3% (mother 24.3%) · prince  0.7% · king  0.0% · crowned  0.0% · 4.0s
try  4 · gen   75 · best    294.3 · elite    142.4 · median     33.1 · years  61.6 · road 0.45 · starved  1116 · nobles -12.0 · read 53.9 · walls  7.6 · fell 65.0% (mother 22.8%) · prince  8.7% · king  0.7% · crowned  0.2% (median year 77) · 4.0s
try  5 · gen   75 · best    933.5 · elite    575.7 · median     83.8 · years  20.3 · road 0.34 · starved   838 · nobles  +2.5 · read 27.2 · walls  1.8 · fell 81.8% (mother 36.3%) · prince 19.6% · king 14.4% · crowned 11.9% (median year 30) · 4.0s
try  6 · gen   75 · best    182.0 · elite    100.9 · median     12.5 · years  51.4 · road 0.37 · starved   872 · nobles  +0.7 · read 77.8 · walls  7.0 · fell 72.1% (mother 28.9%) · prince  0.0% · king  0.0% · crowned  0.0% · 4.0s
try  7 · gen   75 · best    159.9 · elite    115.1 · median     22.7 · years  58.8 · road 0.39 · starved   833 · nobles -10.1 · read 99.2 · walls  7.2 · fell 64.5% (mother 20.9%) · prince  0.0% · king  0.0% · crowned  0.0% · 4.0s
try  8 · gen   75 · best    932.5 · elite    515.8 · median     28.2 · years  22.8 · road 0.33 · starved   869 · nobles  -0.4 · read 24.9 · walls  1.7 · fell 79.5% (mother 29.0%) · prince 19.1% · king 13.8% · crowned  9.8% (median year 31) · 4.0s
try  1 · gen   76 · best   1116.8 · elite    463.2 · median      3.5 · years  24.1 · road 0.32 · starved   910 · nobles  +3.9 · read 27.1 · walls  1.9 · fell 83.6% (mother 32.0%) · prince 16.4% · king 11.7% · crowned  8.8% (median year 33) · 3.9s
try  2 · gen   76 · best    203.9 · elite    131.9 · median     47.1 · years  66.9 · road 0.47 · starved   679 · nobles -14.5 · read 83.8 · walls  8.0 · fell 53.7% (mother 18.4%) · prince  0.3% · king  0.1% · crowned  0.0% (median year 72) · 3.9s
try  3 · gen   76 · best    170.6 · elite    109.7 · median     19.0 · years  62.2 · road 0.43 · starved   875 · nobles -12.4 · read 145.7 · walls  5.6 · fell 55.7% (mother 25.0%) · prince  0.6% · king  0.0% · crowned  0.0% · 3.9s
try  4 · gen   76 · best    298.7 · elite    149.2 · median     34.5 · years  62.1 · road 0.46 · starved  1105 · nobles -11.6 · read 58.2 · walls  7.6 · fell 66.7% (mother 24.4%) · prince 11.2% · king  1.1% · crowned  0.3% (median year 83) · 3.9s
try  5 · gen   76 · best    908.6 · elite    569.4 · median    116.7 · years  20.3 · road 0.33 · starved   835 · nobles  +2.8 · read 27.0 · walls  1.7 · fell 82.0% (mother 36.2%) · prince 19.2% · king 14.5% · crowned 12.1% (median year 30) · 3.9s
try  6 · gen   76 · best    186.4 · elite    107.0 · median     12.7 · years  50.5 · road 0.37 · starved   869 · nobles  +0.8 · read 74.8 · walls  7.0 · fell 72.8% (mother 30.9%) · prince  0.0% · king  0.0% · crowned  0.0% · 3.9s
try  7 · gen   76 · best    169.0 · elite    113.8 · median     21.2 · years  59.4 · road 0.39 · starved   825 · nobles -10.2 · read 97.2 · walls  7.3 · fell 65.0% (mother 21.9%) · prince  0.0% · king  0.0% · crowned  0.0% · 3.9s
try  8 · gen   76 · best    991.9 · elite    565.5 · median     37.2 · years  22.3 · road 0.34 · starved   775 · nobles  -0.3 · read 23.6 · walls  1.7 · fell 77.1% (mother 28.2%) · prince 19.2% · king 14.2% · crowned 10.8% (median year 30) · 3.9s
try  1 · gen   77 · best    939.9 · elite    478.5 · median     15.6 · years  23.4 · road 0.32 · starved   892 · nobles  +3.8 · read 26.6 · walls  1.8 · fell 82.5% (mother 32.1%) · prince 17.4% · king 12.1% · crowned  9.1% (median year 33) · 4.0s
try  2 · gen   77 · best    192.3 · elite    133.8 · median     46.2 · years  67.0 · road 0.47 · starved   594 · nobles -14.5 · read 83.8 · walls  8.1 · fell 52.0% (mother 17.0%) · prince  0.2% · king  0.0% · crowned  0.0% · 4.0s
try  3 · gen   77 · best    202.5 · elite    109.2 · median     13.9 · years  61.1 · road 0.44 · starved   924 · nobles -12.7 · read 139.9 · walls  5.2 · fell 59.1% (mother 28.5%) · prince  1.1% · king  0.0% · crowned  0.0% · 4.0s
try  4 · gen   77 · best    307.2 · elite    154.1 · median     31.6 · years  61.4 · road 0.46 · starved  1428 · nobles -11.6 · read 60.9 · walls  7.5 · fell 69.0% (mother 28.0%) · prince 11.6% · king  1.3% · crowned  0.3% (median year 87) · 4.0s
try  5 · gen   77 · best   1133.7 · elite    582.1 · median    135.5 · years  20.4 · road 0.33 · starved   834 · nobles  +3.4 · read 26.0 · walls  1.7 · fell 81.0% (mother 35.5%) · prince 19.8% · king 15.2% · crowned 13.0% (median year 30) · 4.0s
try  6 · gen   77 · best    219.7 · elite    117.2 · median     12.4 · years  51.3 · road 0.37 · starved   871 · nobles  +0.8 · read 74.5 · walls  7.1 · fell 71.4% (mother 29.8%) · prince  0.0% · king  0.0% · crowned  0.0% · 4.0s
try  7 · gen   77 · best    165.0 · elite    116.0 · median     23.4 · years  58.9 · road 0.39 · starved   775 · nobles  -9.9 · read 96.0 · walls  7.3 · fell 64.3% (mother 18.8%) · prince  0.1% · king  0.0% · crowned  0.0% · 4.0s
try  8 · gen   77 · best   1166.9 · elite    522.3 · median     42.2 · years  22.4 · road 0.34 · starved   810 · nobles  -0.7 · read 23.7 · walls  1.6 · fell 77.3% (mother 28.4%) · prince 19.7% · king 14.1% · crowned 10.6% (median year 30) · 4.0s
try  1 · gen   78 · best    884.0 · elite    494.5 · median     -2.1 · years  23.8 · road 0.32 · starved   911 · nobles  +4.0 · read 26.6 · walls  1.7 · fell 83.8% (mother 34.3%) · prince 16.5% · king 11.6% · crowned  8.9% (median year 33) · 4.0s
try  2 · gen   78 · best    203.5 · elite    129.9 · median     45.2 · years  66.0 · road 0.47 · starved   575 · nobles -14.1 · read 81.1 · walls  8.1 · fell 51.6% (mother 14.6%) · prince  0.1% · king  0.0% · crowned  0.0% · 4.0s
try  3 · gen   78 · best    198.4 · elite    116.1 · median     15.8 · years  60.6 · road 0.44 · starved  1137 · nobles -13.0 · read 136.5 · walls  5.1 · fell 58.7% (mother 28.6%) · prince  1.0% · king  0.0% · crowned  0.0% (median year 87) · 4.0s
try  4 · gen   78 · best    420.1 · elite    164.4 · median     31.0 · years  58.6 · road 0.45 · starved  1299 · nobles -10.6 · read 64.0 · walls  7.0 · fell 71.1% (mother 28.5%) · prince 13.6% · king  1.7% · crowned  0.7% (median year 87) · 4.0s
try  5 · gen   78 · best   1154.6 · elite    541.8 · median    139.3 · years  20.3 · road 0.33 · starved   844 · nobles  +3.8 · read 25.3 · walls  1.6 · fell 82.0% (mother 38.5%) · prince 19.7% · king 14.8% · crowned 12.3% (median year 31) · 4.0s
try  6 · gen   78 · best    219.6 · elite    115.4 · median     17.0 · years  50.8 · road 0.37 · starved   854 · nobles  +0.8 · read 71.3 · walls  7.1 · fell 71.6% (mother 30.1%) · prince  0.0% · king  0.0% · crowned  0.0% · 4.0s
try  7 · gen   78 · best    201.5 · elite    112.9 · median     25.2 · years  60.0 · road 0.39 · starved   824 · nobles  -9.9 · read 97.5 · walls  7.4 · fell 64.4% (mother 20.8%) · prince  0.1% · king  0.0% · crowned  0.0% · 4.0s
try  8 · gen   78 · best    905.4 · elite    521.8 · median     52.3 · years  22.0 · road 0.34 · starved   843 · nobles  +0.3 · read 22.7 · walls  1.4 · fell 77.4% (mother 25.4%) · prince 19.7% · king 14.1% · crowned 10.7% (median year 29) · 4.0s
try  1 · gen   79 · best    928.3 · elite    486.7 · median     21.7 · years  23.4 · road 0.32 · starved   892 · nobles  +4.2 · read 25.6 · walls  1.8 · fell 82.8% (mother 34.2%) · prince 17.5% · king 12.7% · crowned  9.5% (median year 32) · 4.0s
try  2 · gen   79 · best    197.3 · elite    132.3 · median     47.0 · years  67.0 · road 0.48 · starved   628 · nobles -14.5 · read 80.4 · walls  7.9 · fell 51.2% (mother 14.9%) · prince  0.3% · king  0.0% · crowned  0.0% (median year 78) · 4.0s
try  3 · gen   79 · best    172.3 · elite    110.9 · median     13.2 · years  58.6 · road 0.43 · starved  1252 · nobles -12.3 · read 129.7 · walls  4.9 · fell 61.6% (mother 29.8%) · prince  1.7% · king  0.0% · crowned  0.0% · 4.0s
try  4 · gen   79 · best    379.2 · elite    170.4 · median     32.2 · years  58.3 · road 0.45 · starved  1383 · nobles -10.3 · read 65.5 · walls  6.9 · fell 72.2% (mother 29.1%) · prince 13.6% · king  1.6% · crowned  0.8% (median year 84) · 4.0s
try  5 · gen   79 · best   1169.0 · elite    559.1 · median    131.0 · years  20.3 · road 0.33 · starved   917 · nobles  +4.1 · read 25.8 · walls  1.6 · fell 81.4% (mother 39.4%) · prince 20.3% · king 15.1% · crowned 12.7% (median year 30) · 4.0s
try  6 · gen   79 · best    193.8 · elite    113.8 · median     13.8 · years  51.5 · road 0.38 · starved   858 · nobles  +0.8 · read 73.0 · walls  7.1 · fell 70.6% (mother 27.2%) · prince  0.0% · king  0.0% · crowned  0.0% · 4.0s
try  7 · gen   79 · best    174.7 · elite    115.6 · median     23.5 · years  61.3 · road 0.39 · starved   824 · nobles -10.4 · read 98.8 · walls  7.5 · fell 62.7% (mother 20.6%) · prince  0.2% · king  0.0% · crowned  0.0% · 4.0s
try  8 · gen   79 · best   1106.2 · elite    545.4 · median     56.5 · years  22.0 · road 0.34 · starved   847 · nobles  +1.0 · read 22.3 · walls  1.5 · fell 77.4% (mother 26.5%) · prince 20.2% · king 14.5% · crowned 11.0% (median year 29) · 4.0s
try  1 · gen   80 · best   1020.1 · elite    515.8 · median     16.9 · years  23.0 · road 0.33 · starved   913 · nobles  +4.3 · read 24.0 · walls  1.9 · fell 81.2% (mother 36.2%) · prince 18.1% · king 13.1% · crowned  9.9% (median year 32) · 4.1s
try  2 · gen   80 · best    184.4 · elite    130.2 · median     42.7 · years  66.0 · road 0.47 · starved   601 · nobles -14.3 · read 78.8 · walls  8.0 · fell 51.9% (mother 15.2%) · prince  0.2% · king  0.0% · crowned  0.0% · 4.1s
try  3 · gen   80 · best    206.0 · elite    111.8 · median     14.7 · years  58.3 · road 0.43 · starved   929 · nobles -12.5 · read 126.3 · walls  4.7 · fell 63.5% (mother 30.9%) · prince  2.5% · king  0.1% · crowned  0.0% · 4.1s
try  4 · gen   80 · best    412.4 · elite    188.4 · median     30.0 · years  57.4 · road 0.45 · starved  1402 · nobles -10.0 · read 67.1 · walls  6.9 · fell 73.7% (mother 31.6%) · prince 13.9% · king  2.4% · crowned  1.2% (median year 85) · 4.1s
try  5 · gen   80 · best   1190.8 · elite    560.2 · median    143.8 · years  20.4 · road 0.33 · starved   844 · nobles  +4.2 · read 25.1 · walls  1.5 · fell 79.9% (mother 37.3%) · prince 21.0% · king 15.5% · crowned 13.0% (median year 30) · 4.1s
try  6 · gen   80 · best    196.7 · elite    115.4 · median     15.8 · years  52.5 · road 0.38 · starved   864 · nobles  +0.9 · read 75.6 · walls  7.1 · fell 70.2% (mother 28.6%) · prince  0.0% · king  0.0% · crowned  0.0% · 4.1s
try  7 · gen   80 · best    211.2 · elite    115.7 · median     22.8 · years  60.9 · road 0.39 · starved   829 · nobles -10.0 · read 99.2 · walls  7.5 · fell 63.4% (mother 20.0%) · prince  0.1% · king  0.0% · crowned  0.0% · 4.1s
try  8 · gen   80 · best   1009.7 · elite    543.9 · median     69.6 · years  21.4 · road 0.34 · starved   818 · nobles  +1.0 · read 21.6 · walls  1.5 · fell 77.4% (mother 27.0%) · prince 20.1% · king 14.5% · crowned 11.1% (median year 29) · 4.1s
try  1 · gen   81 · best   1072.5 · elite    526.1 · median     29.1 · years  22.7 · road 0.33 · starved   883 · nobles  +4.8 · read 22.9 · walls  2.1 · fell 81.3% (mother 38.9%) · prince 18.2% · king 13.3% · crowned 10.3% (median year 32) · 4.0s
try  2 · gen   81 · best    176.7 · elite    134.1 · median     44.6 · years  66.9 · road 0.47 · starved   598 · nobles -14.5 · read 78.6 · walls  8.1 · fell 52.2% (mother 16.8%) · prince  0.2% · king  0.0% · crowned  0.0% · 4.0s
try  3 · gen   81 · best    194.3 · elite    113.7 · median     16.2 · years  58.5 · road 0.44 · starved  1001 · nobles -12.9 · read 126.6 · walls  4.7 · fell 64.8% (mother 31.0%) · prince  4.0% · king  0.1% · crowned  0.0% (median year 79) · 4.0s
try  4 · gen   81 · best    517.9 · elite    226.6 · median     36.7 · years  56.0 · road 0.45 · starved  1208 · nobles  -9.1 · read 67.1 · walls  6.9 · fell 74.0% (mother 29.6%) · prince 15.2% · king  3.3% · crowned  2.1% (median year 80) · 4.0s
try  5 · gen   81 · best   1087.2 · elite    582.7 · median    148.2 · years  20.3 · road 0.33 · starved   828 · nobles  +4.1 · read 24.5 · walls  1.3 · fell 79.6% (mother 36.5%) · prince 21.4% · king 15.9% · crowned 13.1% (median year 29) · 4.0s
try  6 · gen   81 · best    183.8 · elite    120.5 · median     21.4 · years  53.3 · road 0.38 · starved   893 · nobles  +0.8 · read 76.6 · walls  7.3 · fell 69.8% (mother 28.9%) · prince  0.0% · king  0.0% · crowned  0.0% · 4.0s
try  7 · gen   81 · best    203.2 · elite    118.3 · median     24.5 · years  60.9 · road 0.39 · starved   774 · nobles  -9.9 · read 99.7 · walls  7.5 · fell 62.6% (mother 19.2%) · prince  0.2% · king  0.0% · crowned  0.0% · 4.0s
try  8 · gen   81 · best   1232.6 · elite    569.9 · median     48.1 · years  21.5 · road 0.34 · starved   827 · nobles  +0.6 · read 21.9 · walls  1.7 · fell 77.7% (mother 27.3%) · prince 19.9% · king 14.6% · crowned 10.9% (median year 29) · 4.0s
try  1 · gen   82 · best   1189.8 · elite    534.8 · median    106.7 · years  23.3 · road 0.34 · starved   849 · nobles  +5.0 · read 23.3 · walls  2.2 · fell 79.1% (mother 33.7%) · prince 20.8% · king 14.5% · crowned 11.2% (median year 32) · 4.0s
try  2 · gen   82 · best    199.5 · elite    130.8 · median     45.6 · years  65.6 · road 0.47 · starved   540 · nobles -14.0 · read 78.1 · walls  8.2 · fell 51.3% (mother 12.3%) · prince  0.2% · king  0.1% · crowned  0.0% (median year 78) · 4.0s
try  3 · gen   82 · best    188.8 · elite    118.6 · median     18.0 · years  57.1 · road 0.43 · starved  1041 · nobles -12.7 · read 121.3 · walls  4.6 · fell 68.6% (mother 30.9%) · prince  5.1% · king  0.1% · crowned  0.0% · 4.0s
try  4 · gen   82 · best    572.7 · elite    299.6 · median     40.3 · years  54.9 · road 0.45 · starved  1235 · nobles  -7.6 · read 69.7 · walls  6.9 · fell 74.6% (mother 29.8%) · prince 16.7% · king  6.2% · crowned  4.2% (median year 77) · 4.0s
try  5 · gen   82 · best   1120.9 · elite    592.3 · median    152.1 · years  20.3 · road 0.33 · starved   779 · nobles  +4.2 · read 22.8 · walls  1.3 · fell 79.1% (mother 36.0%) · prince 21.9% · king 16.5% · crowned 13.2% (median year 29) · 4.0s
try  6 · gen   82 · best    194.2 · elite    114.6 · median     21.8 · years  54.5 · road 0.38 · starved   850 · nobles  +0.8 · read 81.4 · walls  7.3 · fell 68.4% (mother 27.0%) · prince  0.0% · king  0.0% · crowned  0.0% · 4.0s
try  7 · gen   82 · best    186.3 · elite    112.3 · median     28.3 · years  60.2 · road 0.39 · starved   799 · nobles -10.1 · read 96.7 · walls  7.6 · fell 63.7% (mother 19.5%) · prince  0.1% · king  0.0% · crowned  0.0% · 4.0s
try  8 · gen   82 · best    986.2 · elite    571.6 · median    110.6 · years  21.5 · road 0.35 · starved   841 · nobles  +0.7 · read 22.1 · walls  1.7 · fell 75.8% (mother 25.3%) · prince 20.8% · king 15.2% · crowned 11.9% (median year 28) · 4.0s
try  1 · gen   83 · best   1182.8 · elite    549.7 · median     68.9 · years  23.5 · road 0.34 · starved   841 · nobles  +4.7 · read 24.2 · walls  2.2 · fell 79.8% (mother 34.1%) · prince 20.5% · king 14.2% · crowned 11.3% (median year 32) · 3.9s
try  2 · gen   83 · best    205.8 · elite    131.6 · median     47.0 · years  66.6 · road 0.47 · starved   553 · nobles -14.3 · read 80.3 · walls  8.1 · fell 51.4% (mother 13.9%) · prince  0.3% · king  0.1% · crowned  0.1% (median year 81) · 3.9s
try  3 · gen   83 · best    238.0 · elite    123.4 · median     15.9 · years  55.0 · road 0.43 · starved   948 · nobles -12.4 · read 113.1 · walls  4.4 · fell 69.9% (mother 31.6%) · prince  5.7% · king  0.1% · crowned  0.0% · 3.9s
try  4 · gen   83 · best    762.9 · elite    346.7 · median     36.1 · years  50.5 · road 0.44 · starved  1164 · nobles  -5.7 · read 67.4 · walls  7.0 · fell 74.9% (mother 29.5%) · prince 17.5% · king  7.8% · crowned  5.8% (median year 73) · 3.9s
try  5 · gen   83 · best   1194.2 · elite    629.7 · median    155.6 · years  20.3 · road 0.33 · starved   813 · nobles  +4.0 · read 21.5 · walls  1.2 · fell 78.7% (mother 35.5%) · prince 23.0% · king 17.1% · crowned 13.7% (median year 28) · 3.9s
try  6 · gen   83 · best    214.3 · elite    117.9 · median     20.2 · years  53.6 · road 0.38 · starved   871 · nobles  +0.9 · read 80.4 · walls  7.4 · fell 69.0% (mother 28.4%) · prince  0.0% · king  0.0% · crowned  0.0% · 3.9s
try  7 · gen   83 · best    193.8 · elite    117.0 · median     22.8 · years  59.6 · road 0.39 · starved   841 · nobles -10.1 · read 92.3 · walls  7.6 · fell 66.2% (mother 22.3%) · prince  0.1% · king  0.0% · crowned  0.0% · 3.9s
try  8 · gen   83 · best   1012.7 · elite    567.9 · median     99.9 · years  21.5 · road 0.35 · starved   862 · nobles  +0.4 · read 22.4 · walls  1.9 · fell 76.8% (mother 28.3%) · prince 21.3% · king 15.3% · crowned 11.7% (median year 28) · 3.9s
try  1 · gen   84 · best   1123.9 · elite    584.1 · median    145.0 · years  23.3 · road 0.35 · starved   783 · nobles  +5.5 · read 24.3 · walls  2.3 · fell 77.4% (mother 32.1%) · prince 21.5% · king 15.2% · crowned 12.7% (median year 32) · 3.9s
try  2 · gen   84 · best    253.0 · elite    141.4 · median     53.3 · years  67.4 · road 0.48 · starved   516 · nobles -14.4 · read 81.3 · walls  8.2 · fell 49.7% (mother 12.9%) · prince  0.4% · king  0.2% · crowned  0.1% (median year 71) · 3.9s
try  3 · gen   84 · best    304.5 · elite    128.0 · median     19.6 · years  55.1 · road 0.43 · starved   923 · nobles -12.6 · read 111.1 · walls  4.3 · fell 70.8% (mother 31.0%) · prince  6.1% · king  0.3% · crowned  0.1% (median year 73) · 3.9s
try  4 · gen   84 · best    742.5 · elite    376.2 · median     42.1 · years  47.9 · road 0.44 · starved  1445 · nobles  -4.6 · read 63.4 · walls  6.8 · fell 75.3% (mother 30.8%) · prince 17.8% · king  9.0% · crowned  6.4% (median year 65) · 3.9s
try  5 · gen   84 · best    957.1 · elite    552.0 · median    156.5 · years  20.0 · road 0.32 · starved   777 · nobles  +3.4 · read 20.5 · walls  1.1 · fell 79.8% (mother 37.4%) · prince 21.7% · king 16.1% · crowned 12.8% (median year 28) · 3.9s
try  6 · gen   84 · best    220.0 · elite    119.1 · median     24.4 · years  56.6 · road 0.39 · starved   853 · nobles  +0.9 · read 92.7 · walls  7.6 · fell 67.2% (mother 26.7%) · prince  0.0% · king  0.0% · crowned  0.0% · 3.9s
try  7 · gen   84 · best    190.7 · elite    115.0 · median     25.3 · years  60.0 · road 0.40 · starved   862 · nobles -10.2 · read 92.0 · walls  7.7 · fell 65.5% (mother 22.1%) · prince  0.1% · king  0.0% · crowned  0.0% · 3.9s
try  8 · gen   84 · best    946.5 · elite    572.2 · median     81.2 · years  21.3 · road 0.35 · starved   788 · nobles  +0.7 · read 22.9 · walls  1.9 · fell 75.6% (mother 27.1%) · prince 21.7% · king 15.2% · crowned 11.6% (median year 28) · 3.9s
try  1 · gen   85 · best    938.9 · elite    573.2 · median    136.7 · years  22.8 · road 0.34 · starved   827 · nobles  +5.2 · read 23.1 · walls  2.2 · fell 78.4% (mother 33.2%) · prince 20.8% · king 15.2% · crowned 12.5% (median year 31) · 4.3s
try  2 · gen   85 · best    476.2 · elite    140.0 · median     47.7 · years  64.6 · road 0.47 · starved   543 · nobles -13.9 · read 79.8 · walls  8.1 · fell 53.2% (mother 12.9%) · prince  0.7% · king  0.3% · crowned  0.2% (median year 75) · 4.3s
try  3 · gen   85 · best    286.9 · elite    132.3 · median     15.2 · years  52.2 · road 0.43 · starved  1868 · nobles -12.1 · read 101.6 · walls  4.3 · fell 75.0% (mother 32.7%) · prince  8.3% · king  0.4% · crowned  0.2% (median year 79) · 4.3s
try  4 · gen   85 · best    673.6 · elite    403.7 · median     39.5 · years  44.6 · road 0.44 · starved  1437 · nobles  -3.8 · read 61.4 · walls  6.7 · fell 76.9% (mother 34.7%) · prince 19.2% · king 10.1% · crowned  7.3% (median year 59) · 4.3s
try  5 · gen   85 · best    993.2 · elite    599.8 · median    157.3 · years  20.0 · road 0.33 · starved   817 · nobles  +3.4 · read 20.0 · walls  1.0 · fell 78.7% (mother 39.4%) · prince 23.1% · king 16.9% · crowned 13.4% (median year 29) · 4.3s
try  6 · gen   85 · best    185.2 · elite    125.7 · median     24.8 · years  57.6 · road 0.39 · starved   913 · nobles  +0.9 · read 100.0 · walls  7.6 · fell 67.1% (mother 26.8%) · prince  0.0% · king  0.0% · crowned  0.0% · 4.3s
try  7 · gen   85 · best    175.5 · elite    115.1 · median     26.8 · years  58.8 · road 0.40 · starved   840 · nobles  -9.8 · read 88.4 · walls  7.7 · fell 66.9% (mother 20.7%) · prince  0.1% · king  0.0% · crowned  0.0% · 4.3s
try  8 · gen   85 · best   1217.2 · elite    590.1 · median     98.9 · years  20.7 · road 0.35 · starved   803 · nobles  +0.8 · read 21.9 · walls  1.8 · fell 76.3% (mother 29.1%) · prince 21.3% · king 15.7% · crowned 11.8% (median year 28) · 4.3s
try  1 · gen   86 · best   1136.8 · elite    568.8 · median    122.7 · years  22.5 · road 0.35 · starved   813 · nobles  +4.9 · read 22.6 · walls  2.2 · fell 78.1% (mother 33.3%) · prince 21.1% · king 15.1% · crowned 12.4% (median year 31) · 4.8s
try  2 · gen   86 · best    477.2 · elite    141.6 · median     43.0 · years  63.4 · road 0.46 · starved   590 · nobles -13.5 · read 78.6 · walls  7.7 · fell 54.2% (mother 13.8%) · prince  1.1% · king  0.5% · crowned  0.2% (median year 75) · 4.8s
try  3 · gen   86 · best    411.7 · elite    135.7 · median     11.7 · years  50.6 · road 0.42 · starved  1155 · nobles -11.7 · read 98.5 · walls  4.2 · fell 76.5% (mother 34.3%) · prince  9.3% · king  0.6% · crowned  0.2% (median year 79) · 4.8s
try  4 · gen   86 · best    880.1 · elite    447.5 · median     33.9 · years  42.4 · road 0.43 · starved  1317 · nobles  -2.1 · read 56.7 · walls  6.5 · fell 75.1% (mother 35.6%) · prince 19.2% · king 10.2% · crowned  7.6% (median year 56) · 4.8s
try  5 · gen   86 · best   1236.0 · elite    628.7 · median    161.5 · years  20.3 · road 0.33 · starved   814 · nobles  +3.0 · read 19.1 · walls  1.0 · fell 77.7% (mother 37.2%) · prince 23.5% · king 17.6% · crowned 13.9% (median year 28) · 4.8s
try  6 · gen   86 · best    178.2 · elite    117.2 · median     23.6 · years  55.0 · road 0.38 · starved   900 · nobles  +0.9 · read 93.3 · walls  7.2 · fell 69.1% (mother 27.9%) · prince  0.0% · king  0.0% · crowned  0.0% · 4.8s
try  7 · gen   86 · best    230.4 · elite    113.9 · median     19.4 · years  58.8 · road 0.39 · starved   884 · nobles  -9.4 · read 90.6 · walls  7.6 · fell 65.4% (mother 20.5%) · prince  0.1% · king  0.0% · crowned  0.0% · 4.8s
try  8 · gen   86 · best    970.9 · elite    588.0 · median    129.2 · years  20.8 · road 0.35 · starved   778 · nobles  +0.7 · read 22.1 · walls  2.0 · fell 75.9% (mother 29.4%) · prince 21.1% · king 16.3% · crowned 12.0% (median year 27) · 4.8s
try  1 · gen   87 · best   1157.3 · elite    588.4 · median    141.3 · years  22.3 · road 0.35 · starved   782 · nobles  +4.9 · read 22.0 · walls  2.1 · fell 77.5% (mother 31.5%) · prince 22.1% · king 15.7% · crowned 12.7% (median year 31) · 4.3s
try  2 · gen   87 · best    784.2 · elite    154.4 · median     44.2 · years  62.7 · road 0.46 · starved   600 · nobles -13.5 · read 79.0 · walls  7.6 · fell 56.5% (mother 14.8%) · prince  1.7% · king  0.8% · crowned  0.5% (median year 74) · 4.3s
try  3 · gen   87 · best    433.2 · elite    128.9 · median     11.1 · years  50.7 · road 0.42 · starved  2178 · nobles -11.8 · read 97.0 · walls  4.3 · fell 76.9% (mother 35.0%) · prince  8.6% · king  0.7% · crowned  0.2% (median year 75) · 4.3s
try  4 · gen   87 · best    867.2 · elite    398.9 · median     31.5 · years  41.0 · road 0.43 · starved  1776 · nobles  -1.4 · read 55.3 · walls  6.4 · fell 77.0% (mother 38.7%) · prince 18.9% · king 10.0% · crowned  7.2% (median year 56) · 4.3s
try  5 · gen   87 · best   1190.3 · elite    630.8 · median    168.0 · years  20.1 · road 0.33 · starved   744 · nobles  +3.4 · read 18.6 · walls  1.0 · fell 76.8% (mother 33.3%) · prince 23.0% · king 17.7% · crowned 14.5% (median year 28) · 4.3s
try  6 · gen   87 · best    214.2 · elite    124.2 · median     26.7 · years  57.7 · road 0.39 · starved   854 · nobles  +0.9 · read 100.6 · walls  7.3 · fell 66.5% (mother 24.6%) · prince  0.0% · king  0.0% · crowned  0.0% · 4.3s
try  7 · gen   87 · best    201.5 · elite    119.6 · median     23.8 · years  59.9 · road 0.40 · starved   876 · nobles  -9.6 · read 91.3 · walls  7.6 · fell 66.1% (mother 21.6%) · prince  0.2% · king  0.0% · crowned  0.0% · 4.3s
try  8 · gen   87 · best   1195.4 · elite    618.2 · median    144.4 · years  21.2 · road 0.36 · starved   732 · nobles  +0.7 · read 22.1 · walls  2.2 · fell 74.8% (mother 26.2%) · prince 22.0% · king 17.0% · crowned 13.0% (median year 28) · 4.3s
try  1 · gen   88 · best   1003.9 · elite    553.6 · median    150.3 · years  22.6 · road 0.35 · starved   815 · nobles  +4.5 · read 21.9 · walls  2.1 · fell 78.8% (mother 32.5%) · prince 21.1% · king 15.4% · crowned 12.3% (median year 31) · 4.0s
try  2 · gen   88 · best    447.3 · elite    157.0 · median     40.4 · years  59.3 · road 0.45 · starved   764 · nobles -12.8 · read 80.0 · walls  7.3 · fell 62.2% (mother 16.9%) · prince  3.9% · king  1.4% · crowned  0.7% (median year 73) · 4.0s
try  3 · gen   88 · best    319.1 · elite    137.1 · median     10.0 · years  48.0 · road 0.42 · starved  1075 · nobles -11.3 · read 90.6 · walls  4.1 · fell 79.6% (mother 36.2%) · prince  9.9% · king  0.7% · crowned  0.2% (median year 70) · 4.0s
try  4 · gen   88 · best    688.1 · elite    399.8 · median     30.3 · years  39.7 · road 0.42 · starved  1275 · nobles  -0.7 · read 53.7 · walls  6.0 · fell 78.5% (mother 39.0%) · prince 19.1% · king  9.9% · crowned  7.4% (median year 53) · 4.0s
try  5 · gen   88 · best   1208.1 · elite    617.6 · median    172.0 · years  19.8 · road 0.33 · starved   761 · nobles  +3.2 · read 17.2 · walls  1.0 · fell 77.9% (mother 35.4%) · prince 23.4% · king 18.3% · crowned 14.6% (median year 28) · 4.0s
try  6 · gen   88 · best    187.4 · elite    128.5 · median     26.0 · years  57.2 · road 0.39 · starved   842 · nobles  +1.0 · read 94.9 · walls  7.3 · fell 66.8% (mother 26.4%) · prince  0.0% · king  0.0% · crowned  0.0% · 4.0s
try  7 · gen   88 · best    241.9 · elite    121.6 · median     29.0 · years  58.9 · road 0.40 · starved   819 · nobles  -9.5 · read 84.6 · walls  7.7 · fell 66.2% (mother 21.5%) · prince  0.4% · king  0.0% · crowned  0.0% · 4.0s
try  8 · gen   88 · best   1182.6 · elite    617.0 · median    157.1 · years  21.0 · road 0.36 · starved   720 · nobles  +1.1 · read 21.8 · walls  2.2 · fell 74.2% (mother 26.7%) · prince 22.6% · king 16.7% · crowned 13.3% (median year 28) · 4.0s
try  1 · gen   89 · best    990.9 · elite    584.3 · median    142.7 · years  22.7 · road 0.36 · starved   772 · nobles  +5.1 · read 21.7 · walls  2.3 · fell 77.2% (mother 30.9%) · prince 22.1% · king 16.0% · crowned 12.8% (median year 31) · 4.2s
try  2 · gen   89 · best    415.5 · elite    165.9 · median     25.1 · years  51.6 · road 0.43 · starved  1027 · nobles -11.5 · read 77.7 · walls  6.6 · fell 72.0% (mother 20.7%) · prince  6.3% · king  2.1% · crowned  1.0% (median year 73) · 4.2s
try  3 · gen   89 · best    335.6 · elite    139.3 · median      2.5 · years  46.0 · road 0.41 · starved  1335 · nobles -10.8 · read 85.0 · walls  4.0 · fell 81.0% (mother 35.9%) · prince 10.1% · king  1.2% · crowned  0.5% (median year 79) · 4.2s
try  4 · gen   89 · best    763.5 · elite    387.9 · median     36.0 · years  39.6 · road 0.42 · starved  1318 · nobles  +0.3 · read 51.6 · walls  6.0 · fell 79.0% (mother 41.0%) · prince 19.5% · king 10.1% · crowned  7.3% (median year 55) · 4.2s
try  5 · gen   89 · best    962.2 · elite    647.3 · median    164.9 · years  19.6 · road 0.33 · starved   745 · nobles  +3.0 · read 16.7 · walls  1.0 · fell 77.2% (mother 35.3%) · prince 23.4% · king 18.1% · crowned 14.5% (median year 27) · 4.2s
try  6 · gen   89 · best    202.9 · elite    127.1 · median     29.5 · years  57.4 · road 0.39 · starved   917 · nobles  +1.1 · read 97.5 · walls  7.1 · fell 66.5% (mother 28.3%) · prince  0.0% · king  0.0% · crowned  0.0% · 4.2s
try  7 · gen   89 · best    174.5 · elite    116.5 · median     27.2 · years  58.0 · road 0.40 · starved   845 · nobles  -9.3 · read 82.5 · walls  7.7 · fell 68.1% (mother 22.3%) · prince  0.4% · king  0.0% · crowned  0.0% · 4.2s
try  8 · gen   89 · best   1162.1 · elite    607.0 · median    133.3 · years  20.6 · road 0.36 · starved   738 · nobles  +0.8 · read 21.2 · walls  2.3 · fell 74.8% (mother 27.8%) · prince 21.8% · king 16.7% · crowned 12.7% (median year 27) · 4.2s
try  1 · gen   90 · best   1201.4 · elite    599.3 · median    162.9 · years  22.5 · road 0.36 · starved   751 · nobles  +5.0 · read 22.4 · walls  2.3 · fell 76.2% (mother 30.1%) · prince 22.3% · king 16.5% · crowned 13.5% (median year 30) · 4.2s
try  2 · gen   90 · best    469.5 · elite    216.6 · median     13.7 · years  46.0 · road 0.42 · starved  1124 · nobles  -9.9 · read 76.8 · walls  6.2 · fell 79.7% (mother 23.6%) · prince  9.0% · king  3.9% · crowned  2.1% (median year 72) · 4.2s
try  3 · gen   90 · best    422.3 · elite    163.4 · median      3.8 · years  44.8 · road 0.41 · starved  1485 · nobles -10.0 · read 81.6 · walls  4.1 · fell 82.3% (mother 37.9%) · prince 11.7% · king  1.8% · crowned  0.8% (median year 68) · 4.2s
try  4 · gen   90 · best    741.2 · elite    425.8 · median     40.6 · years  39.9 · road 0.42 · starved  1331 · nobles  +0.0 · read 52.5 · walls  6.0 · fell 78.1% (mother 41.1%) · prince 20.2% · king 10.8% · crowned  7.9% (median year 54) · 4.2s
try  5 · gen   90 · best   1013.0 · elite    655.0 · median    175.3 · years  19.6 · road 0.34 · starved   729 · nobles  +3.2 · read 16.2 · walls  0.9 · fell 74.9% (mother 33.7%) · prince 24.5% · king 19.6% · crowned 15.6% (median year 27) · 4.2s
try  6 · gen   90 · best    220.7 · elite    121.3 · median     24.9 · years  56.9 · road 0.39 · starved   907 · nobles  +1.2 · read 98.0 · walls  7.0 · fell 66.8% (mother 30.2%) · prince  0.0% · king  0.0% · crowned  0.0% · 4.2s
try  7 · gen   90 · best    199.7 · elite    118.9 · median     25.4 · years  58.1 · road 0.40 · starved   869 · nobles  -9.2 · read 82.9 · walls  7.7 · fell 68.6% (mother 23.6%) · prince  0.5% · king  0.0% · crowned  0.0% · 4.2s
try  8 · gen   90 · best   1186.4 · elite    663.9 · median    164.7 · years  20.5 · road 0.36 · starved   668 · nobles  +1.6 · read 21.2 · walls  2.2 · fell 72.0% (mother 23.2%) · prince 22.3% · king 17.3% · crowned 14.1% (median year 27) · 4.2s
try  1 · gen   91 · best    992.0 · elite    590.2 · median    140.2 · years  22.6 · road 0.36 · starved   784 · nobles  +5.1 · read 22.3 · walls  2.3 · fell 78.0% (mother 30.5%) · prince 22.2% · king 15.7% · crowned 12.6% (median year 30) · 3.8s
try  2 · gen   91 · best    766.4 · elite    243.1 · median     -0.1 · years  40.7 · road 0.40 · starved  1399 · nobles  -8.6 · read 79.2 · walls  5.1 · fell 85.9% (mother 29.5%) · prince 12.5% · king  4.6% · crowned  2.7% (median year 66) · 3.8s
try  3 · gen   91 · best    534.3 · elite    209.1 · median     -2.0 · years  42.3 · road 0.40 · starved  1288 · nobles  -9.2 · read 76.2 · walls  3.9 · fell 84.2% (mother 40.3%) · prince 11.0% · king  2.6% · crowned  1.7% (median year 65) · 3.8s
try  4 · gen   91 · best    958.6 · elite    418.1 · median     48.2 · years  39.6 · road 0.42 · starved  1225 · nobles  +1.1 · read 51.6 · walls  6.2 · fell 76.6% (mother 36.4%) · prince 20.6% · king 11.3% · crowned  8.8% (median year 55) · 3.8s
try  5 · gen   91 · best   1182.0 · elite    668.2 · median    180.2 · years  19.7 · road 0.34 · starved   698 · nobles  +3.1 · read 16.1 · walls  1.0 · fell 74.6% (mother 31.6%) · prince 25.4% · king 19.8% · crowned 15.9% (median year 28) · 3.8s
try  6 · gen   91 · best    177.3 · elite    122.2 · median     21.0 · years  56.1 · road 0.39 · starved   951 · nobles  +1.3 · read 96.7 · walls  6.8 · fell 67.9% (mother 30.4%) · prince  0.0% · king  0.0% · crowned  0.0% · 3.8s
try  7 · gen   91 · best    194.2 · elite    119.0 · median     26.3 · years  57.1 · road 0.40 · starved   929 · nobles  -8.7 · read 83.4 · walls  7.7 · fell 70.1% (mother 24.1%) · prince  0.5% · king  0.0% · crowned  0.0% · 3.8s
try  8 · gen   91 · best    992.8 · elite    634.3 · median    159.0 · years  20.3 · road 0.36 · starved   677 · nobles  +1.7 · read 21.2 · walls  2.0 · fell 73.0% (mother 23.5%) · prince 22.5% · king 17.2% · crowned 13.7% (median year 26) · 3.8s
try  1 · gen   92 · best    949.4 · elite    584.8 · median    162.7 · years  22.8 · road 0.37 · starved   754 · nobles  +4.4 · read 21.8 · walls  2.5 · fell 77.1% (mother 30.6%) · prince 22.1% · king 15.9% · crowned 12.9% (median year 30) · 3.9s
try  2 · gen   92 · best    653.9 · elite    252.7 · median     -5.1 · years  37.4 · road 0.39 · starved  1469 · nobles  -7.8 · read 75.0 · walls  4.7 · fell 88.4% (mother 31.6%) · prince 13.5% · king  5.1% · crowned  2.9% (median year 63) · 3.9s
try  3 · gen   92 · best    578.1 · elite    254.9 · median     -5.1 · years  38.0 · road 0.40 · starved  1384 · nobles  -7.0 · read 68.1 · walls  3.9 · fell 87.3% (mother 47.8%) · prince 13.2% · king  4.1% · crowned  3.0% (median year 61) · 3.9s
try  4 · gen   92 · best    983.2 · elite    438.2 · median     45.7 · years  39.7 · road 0.42 · starved  1409 · nobles  +0.7 · read 49.9 · walls  6.3 · fell 75.1% (mother 36.5%) · prince 20.4% · king 11.5% · crowned  8.6% (median year 53) · 3.9s
try  5 · gen   92 · best   1038.8 · elite    664.4 · median    175.6 · years  19.9 · road 0.34 · starved   738 · nobles  +3.0 · read 16.2 · walls  1.1 · fell 74.8% (mother 31.8%) · prince 25.2% · king 19.5% · crowned 15.6% (median year 28) · 3.9s
try  6 · gen   92 · best    206.0 · elite    119.7 · median     27.5 · years  57.8 · road 0.40 · starved   950 · nobles  +1.3 · read 104.9 · walls  6.9 · fell 65.1% (mother 30.0%) · prince  0.0% · king  0.0% · crowned  0.0% · 3.9s
try  7 · gen   92 · best    188.9 · elite    121.7 · median     28.9 · years  58.1 · road 0.41 · starved   935 · nobles  -8.8 · read 86.2 · walls  7.8 · fell 71.6% (mother 23.9%) · prince  0.6% · king  0.0% · crowned  0.0% · 3.9s
try  8 · gen   92 · best    972.1 · elite    619.7 · median    162.7 · years  20.5 · road 0.37 · starved   735 · nobles  +1.3 · read 21.3 · walls  2.0 · fell 72.2% (mother 25.3%) · prince 22.9% · king 17.4% · crowned 13.6% (median year 26) · 3.9s
try  1 · gen   93 · best   1004.1 · elite    597.9 · median    158.8 · years  22.7 · road 0.37 · starved   793 · nobles  +4.7 · read 22.0 · walls  2.7 · fell 77.0% (mother 30.5%) · prince 22.8% · king 16.1% · crowned 13.2% (median year 30) · 3.9s
try  2 · gen   93 · best    612.9 · elite    250.5 · median     -7.7 · years  36.6 · road 0.38 · starved  1442 · nobles  -7.2 · read 70.8 · walls  4.4 · fell 87.7% (mother 34.0%) · prince 13.7% · king  5.1% · crowned  3.0% (median year 61) · 3.9s
try  3 · gen   93 · best    654.8 · elite    283.4 · median     -9.1 · years  36.1 · road 0.39 · starved  1426 · nobles  -5.8 · read 66.1 · walls  3.6 · fell 87.4% (mother 48.5%) · prince 13.9% · king  5.5% · crowned  4.0% (median year 60) · 3.9s
try  4 · gen   93 · best    797.7 · elite    434.2 · median     44.7 · years  39.7 · road 0.42 · starved  1206 · nobles  +0.4 · read 48.2 · walls  6.5 · fell 75.2% (mother 35.9%) · prince 20.4% · king 11.6% · crowned  8.6% (median year 53) · 3.9s
try  5 · gen   93 · best   1238.2 · elite    629.2 · median    176.5 · years  20.2 · road 0.34 · starved   799 · nobles  +3.5 · read 16.0 · walls  1.1 · fell 75.4% (mother 32.5%) · prince 25.5% · king 19.7% · crowned 15.2% (median year 28) · 3.9s
try  6 · gen   93 · best    217.3 · elite    128.9 · median     27.7 · years  59.2 · road 0.40 · starved   938 · nobles  +1.3 · read 109.8 · walls  6.9 · fell 63.8% (mother 29.0%) · prince  0.0% · king  0.0% · crowned  0.0% · 3.9s
try  7 · gen   93 · best    181.1 · elite    124.8 · median     32.5 · years  59.5 · road 0.41 · starved   888 · nobles  -9.3 · read 89.0 · walls  7.8 · fell 69.5% (mother 24.6%) · prince  0.8% · king  0.0% · crowned  0.0% · 3.9s
try  8 · gen   93 · best   1000.7 · elite    638.3 · median    157.8 · years  20.6 · road 0.36 · starved   759 · nobles  +1.2 · read 21.6 · walls  1.8 · fell 73.2% (mother 27.5%) · prince 23.0% · king 17.0% · crowned 13.3% (median year 26) · 3.9s
try  1 · gen   94 · best    947.4 · elite    582.9 · median    156.2 · years  22.9 · road 0.38 · starved   802 · nobles  +4.5 · read 23.0 · walls  3.0 · fell 76.8% (mother 30.9%) · prince 23.1% · king 16.6% · crowned 13.2% (median year 30) · 4.2s
try  2 · gen   94 · best    664.9 · elite    264.6 · median    -10.9 · years  35.6 · road 0.38 · starved  1547 · nobles  -7.3 · read 68.7 · walls  4.3 · fell 88.3% (mother 35.5%) · prince 13.7% · king  5.5% · crowned  3.2% (median year 58) · 4.2s
try  3 · gen   94 · best    823.5 · elite    299.9 · median    -10.1 · years  35.2 · road 0.39 · starved  1473 · nobles  -5.4 · read 62.7 · walls  3.5 · fell 88.3% (mother 50.8%) · prince 14.6% · king  6.4% · crowned  4.7% (median year 56) · 4.2s
try  4 · gen   94 · best    882.4 · elite    444.5 · median     49.4 · years  39.3 · road 0.42 · starved  1217 · nobles  +1.1 · read 48.5 · walls  6.5 · fell 74.6% (mother 35.7%) · prince 20.6% · king 11.5% · crowned  8.8% (median year 52) · 4.2s
try  5 · gen   94 · best    968.0 · elite    637.5 · median    175.2 · years  19.9 · road 0.34 · starved   782 · nobles  +3.0 · read 16.3 · walls  1.0 · fell 75.3% (mother 31.7%) · prince 25.8% · king 19.6% · crowned 15.2% (median year 27) · 4.2s
try  6 · gen   94 · best    176.9 · elite    120.4 · median     22.6 · years  57.4 · road 0.40 · starved   957 · nobles  +1.3 · read 107.9 · walls  6.8 · fell 64.9% (mother 32.0%) · prince  0.0% · king  0.0% · crowned  0.0% · 4.2s
try  7 · gen   94 · best    174.0 · elite    121.8 · median     29.5 · years  59.2 · road 0.41 · starved   893 · nobles  -9.2 · read 88.1 · walls  7.8 · fell 70.2% (mother 24.9%) · prince  0.5% · king  0.0% · crowned  0.0% · 4.2s
try  8 · gen   94 · best    992.7 · elite    567.1 · median    150.7 · years  21.2 · road 0.36 · starved   791 · nobles  +1.4 · read 22.0 · walls  1.7 · fell 73.6% (mother 29.9%) · prince 23.8% · king 16.7% · crowned 12.5% (median year 27) · 4.2s
try  1 · gen   95 · best    928.3 · elite    580.6 · median    164.3 · years  22.8 · road 0.39 · starved   804 · nobles  +3.5 · read 23.8 · walls  3.3 · fell 76.3% (mother 29.6%) · prince 23.0% · king 16.1% · crowned 13.2% (median year 30) · 4.2s
try  2 · gen   95 · best    637.2 · elite    244.5 · median    -10.0 · years  35.9 · road 0.39 · starved  1528 · nobles  -7.3 · read 67.7 · walls  4.4 · fell 89.3% (mother 38.7%) · prince 14.6% · king  5.0% · crowned  2.7% (median year 58) · 4.2s
try  3 · gen   95 · best    727.5 · elite    316.1 · median     -9.7 · years  34.7 · road 0.39 · starved  1428 · nobles  -5.1 · read 62.3 · walls  3.4 · fell 87.1% (mother 47.4%) · prince 14.6% · king  6.2% · crowned  4.8% (median year 54) · 4.2s
try  4 · gen   95 · best   1037.5 · elite    447.0 · median     50.0 · years  37.8 · road 0.41 · starved  1167 · nobles  +1.8 · read 47.5 · walls  6.3 · fell 74.6% (mother 35.0%) · prince 19.8% · king 11.6% · crowned  9.1% (median year 50) · 4.2s
try  5 · gen   95 · best    975.7 · elite    631.8 · median    178.1 · years  19.7 · road 0.34 · starved   735 · nobles  +3.2 · read 16.4 · walls  1.1 · fell 74.9% (mother 30.8%) · prince 25.7% · king 19.4% · crowned 15.5% (median year 27) · 4.2s
try  6 · gen   95 · best    224.2 · elite    125.8 · median     28.9 · years  58.1 · road 0.40 · starved   922 · nobles  +1.4 · read 109.4 · walls  6.8 · fell 64.6% (mother 29.9%) · prince  0.0% · king  0.0% · crowned  0.0% · 4.2s
try  7 · gen   95 · best    202.5 · elite    127.8 · median     28.7 · years  58.8 · road 0.42 · starved   915 · nobles  -9.2 · read 85.0 · walls  7.9 · fell 71.1% (mother 27.0%) · prince  0.7% · king  0.0% · crowned  0.0% (median year 89) · 4.2s
try  8 · gen   95 · best   1024.6 · elite    605.4 · median    159.2 · years  21.1 · road 0.37 · starved   811 · nobles  +1.1 · read 22.5 · walls  1.9 · fell 72.3% (mother 32.2%) · prince 24.3% · king 17.4% · crowned 12.9% (median year 26) · 4.2s
try  1 · gen   96 · best    951.6 · elite    575.6 · median    162.4 · years  22.5 · road 0.38 · starved   826 · nobles  +3.7 · read 23.2 · walls  3.3 · fell 76.7% (mother 32.0%) · prince 22.7% · king 16.2% · crowned 13.1% (median year 29) · 4.0s
try  2 · gen   96 · best    479.5 · elite    268.1 · median     -3.7 · years  35.5 · road 0.39 · starved  1490 · nobles  -7.2 · read 66.6 · walls  4.3 · fell 88.7% (mother 38.9%) · prince 15.3% · king  5.9% · crowned  3.3% (median year 56) · 4.0s
try  3 · gen   96 · best    665.1 · elite    327.1 · median     -5.7 · years  34.4 · road 0.39 · starved  1360 · nobles  -3.9 · read 62.0 · walls  3.2 · fell 85.5% (mother 45.7%) · prince 15.0% · king  6.9% · crowned  5.5% (median year 55) · 4.0s
try  4 · gen   96 · best    839.7 · elite    472.1 · median     48.4 · years  36.2 · road 0.40 · starved  1098 · nobles  +1.9 · read 43.2 · walls  6.1 · fell 74.6% (mother 36.3%) · prince 20.6% · king 12.4% · crowned  9.7% (median year 50) · 4.0s
try  5 · gen   96 · best   1135.0 · elite    663.2 · median    172.9 · years  19.8 · road 0.34 · starved   763 · nobles  +3.8 · read 16.9 · walls  1.0 · fell 75.8% (mother 31.6%) · prince 25.5% · king 19.4% · crowned 14.9% (median year 27) · 4.0s
try  6 · gen   96 · best    183.0 · elite    119.0 · median     27.4 · years  58.0 · road 0.40 · starved   975 · nobles  +1.4 · read 109.4 · walls  7.0 · fell 64.7% (mother 31.6%) · prince  0.0% · king  0.0% · crowned  0.0% · 4.0s
try  7 · gen   96 · best    301.4 · elite    128.3 · median     36.7 · years  61.0 · road 0.42 · starved  1770 · nobles  -9.8 · read 88.6 · walls  7.9 · fell 68.1% (mother 24.2%) · prince  0.8% · king  0.2% · crowned  0.0% (median year 55) · 4.0s
try  8 · gen   96 · best   1148.5 · elite    598.2 · median    152.3 · years  21.3 · road 0.37 · starved   847 · nobles  +0.6 · read 22.4 · walls  2.0 · fell 73.2% (mother 35.2%) · prince 23.3% · king 16.7% · crowned 12.3% (median year 26) · 4.0s
try  1 · gen   97 · best   1033.4 · elite    618.3 · median    167.1 · years  22.8 · road 0.40 · starved   818 · nobles  +3.9 · read 24.4 · walls  3.6 · fell 75.0% (mother 30.5%) · prince 23.6% · king 17.0% · crowned 13.9% (median year 30) · 3.8s
try  2 · gen   97 · best    822.2 · elite    268.7 · median     -4.5 · years  35.3 · road 0.38 · starved  1451 · nobles  -6.7 · read 65.0 · walls  4.0 · fell 88.8% (mother 38.2%) · prince 15.8% · king  5.7% · crowned  3.3% (median year 59) · 3.8s
try  3 · gen   97 · best    853.7 · elite    353.4 · median     -7.3 · years  33.8 · road 0.39 · starved  1394 · nobles  -3.2 · read 60.2 · walls  3.3 · fell 85.7% (mother 45.3%) · prince 15.8% · king  7.0% · crowned  5.5% (median year 51) · 3.8s
try  4 · gen   97 · best    853.9 · elite    467.4 · median     61.9 · years  35.6 · road 0.40 · starved  1077 · nobles  +2.0 · read 42.6 · walls  5.8 · fell 74.9% (mother 34.5%) · prince 20.7% · king 12.9% · crowned 10.2% (median year 50) · 3.8s
try  5 · gen   97 · best   1200.3 · elite    648.6 · median    155.5 · years  19.5 · road 0.34 · starved   804 · nobles  +3.1 · read 17.7 · walls  1.1 · fell 77.4% (mother 33.3%) · prince 24.8% · king 18.3% · crowned 14.1% (median year 27) · 3.8s
try  6 · gen   97 · best    246.5 · elite    124.8 · median     26.2 · years  58.9 · road 0.40 · starved   999 · nobles  +1.4 · read 114.5 · walls  6.9 · fell 65.3% (mother 32.3%) · prince  0.0% · king  0.0% · crowned  0.0% · 3.8s
try  7 · gen   97 · best    238.2 · elite    132.1 · median     34.5 · years  59.8 · road 0.42 · starved   875 · nobles  -9.6 · read 87.6 · walls  7.9 · fell 70.2% (mother 25.4%) · prince  1.4% · king  0.1% · crowned  0.0% (median year 87) · 3.8s
try  8 · gen   97 · best    974.8 · elite    580.0 · median    147.2 · years  21.5 · road 0.37 · starved   875 · nobles  +0.8 · read 22.4 · walls  2.1 · fell 72.9% (mother 34.1%) · prince 23.2% · king 16.4% · crowned 12.2% (median year 27) · 3.8s
try  1 · gen   98 · best   1250.2 · elite    628.7 · median    173.3 · years  22.7 · road 0.40 · starved   814 · nobles  +3.7 · read 25.7 · walls  3.6 · fell 74.1% (mother 28.0%) · prince 24.5% · king 16.9% · crowned 13.9% (median year 30) · 4.0s
try  2 · gen   98 · best    669.6 · elite    253.5 · median     -0.5 · years  34.6 · road 0.38 · starved  1364 · nobles  -6.6 · read 64.4 · walls  3.9 · fell 88.2% (mother 39.0%) · prince 15.4% · king  5.6% · crowned  3.2% (median year 57) · 4.0s
try  3 · gen   98 · best    683.0 · elite    380.7 · median     -3.1 · years  33.2 · road 0.38 · starved  1349 · nobles  -2.8 · read 59.5 · walls  3.2 · fell 85.3% (mother 43.9%) · prince 15.8% · king  7.9% · crowned  6.3% (median year 50) · 4.0s
try  4 · gen   98 · best    901.2 · elite    469.2 · median     47.0 · years  34.4 · road 0.40 · starved  1076 · nobles  +2.2 · read 41.5 · walls  5.7 · fell 73.9% (mother 37.7%) · prince 19.7% · king 11.8% · crowned  9.4% (median year 47) · 4.0s
try  5 · gen   98 · best    987.3 · elite    660.4 · median    172.5 · years  19.6 · road 0.34 · starved   755 · nobles  +3.7 · read 17.7 · walls  1.0 · fell 75.1% (mother 29.5%) · prince 25.2% · king 19.5% · crowned 15.1% (median year 27) · 4.0s
try  6 · gen   98 · best    210.8 · elite    122.3 · median     25.5 · years  58.8 · road 0.40 · starved  1006 · nobles  +1.5 · read 110.3 · walls  7.0 · fell 66.3% (mother 33.5%) · prince  0.0% · king  0.0% · crowned  0.0% · 4.0s
try  7 · gen   98 · best    210.3 · elite    128.5 · median     40.0 · years  60.2 · road 0.43 · starved  1143 · nobles  -9.8 · read 88.7 · walls  7.9 · fell 69.3% (mother 23.7%) · prince  1.4% · king  0.1% · crowned  0.0% (median year 87) · 4.0s
try  8 · gen   98 · best   1010.0 · elite    592.2 · median    144.1 · years  21.7 · road 0.37 · starved   897 · nobles  +0.8 · read 23.2 · walls  2.2 · fell 72.0% (mother 33.0%) · prince 22.7% · king 16.5% · crowned 12.6% (median year 26) · 4.0s
try  1 · gen   99 · best   1158.4 · elite    604.6 · median    177.2 · years  22.5 · road 0.41 · starved   755 · nobles  +3.2 · read 24.8 · walls  3.5 · fell 73.3% (mother 26.2%) · prince 23.7% · king 17.0% · crowned 13.9% (median year 29) · 3.9s
try  2 · gen   99 · best    475.5 · elite    263.7 · median     -1.1 · years  35.0 · road 0.38 · starved  1453 · nobles  -6.6 · read 65.2 · walls  3.8 · fell 89.3% (mother 41.1%) · prince 15.9% · king  5.9% · crowned  3.5% (median year 57) · 3.9s
try  3 · gen   99 · best    700.7 · elite    377.3 · median     -1.7 · years  31.9 · road 0.38 · starved  1295 · nobles  -2.9 · read 58.8 · walls  2.9 · fell 84.4% (mother 39.8%) · prince 15.9% · king  8.2% · crowned  6.8% (median year 47) · 3.9s
try  4 · gen   99 · best    804.3 · elite    490.0 · median     74.4 · years  34.3 · road 0.40 · starved   987 · nobles  +2.2 · read 42.6 · walls  5.6 · fell 73.5% (mother 34.8%) · prince 21.4% · king 13.8% · crowned 10.5% (median year 45) · 3.9s
try  5 · gen   99 · best   1007.3 · elite    643.5 · median    173.0 · years  19.4 · road 0.34 · starved   766 · nobles  +3.1 · read 17.7 · walls  1.0 · fell 75.8% (mother 31.4%) · prince 25.4% · king 19.5% · crowned 14.6% (median year 27) · 3.9s
try  6 · gen   99 · best    230.6 · elite    122.8 · median     23.2 · years  59.1 · road 0.40 · starved  1048 · nobles  +1.4 · read 113.2 · walls  6.9 · fell 64.5% (mother 31.2%) · prince  0.0% · king  0.0% · crowned  0.0% · 3.9s
try  7 · gen   99 · best    374.3 · elite    141.1 · median     42.6 · years  60.7 · road 0.43 · starved   856 · nobles  -9.9 · read 87.7 · walls  7.9 · fell 71.4% (mother 24.3%) · prince  1.7% · king  0.2% · crowned  0.1% (median year 87) · 3.9s
try  8 · gen   99 · best   1206.0 · elite    599.8 · median    127.7 · years  22.2 · road 0.38 · starved   996 · nobles  +0.0 · read 23.2 · walls  2.5 · fell 72.6% (mother 35.0%) · prince 23.2% · king 16.8% · crowned 12.0% (median year 27) · 3.9s
