War · reads Reads { told: true, recall: true, journal: true } · hidden 32 · genome 33445 · population 1000 (first 10000) · elite 100 breeding at 0.3 · tables 6 · hall 0 · rank 40 · letters None · longest 100 years · 8 trials · AMD Radeon RX 6750 XT (RADV NAVI22)
try  1 · gen    0 · best      6.4 · elite    -22.5 · median   -108.1 · years  19.0 · road 0.21 · starved  1164 · nobles  -1.1 · read 49.2 · walls  1.7 · fell 99.4% (mother 83.4%) · prince  0.0% · king  0.0% · crowned  0.0% · 13.6s
try  2 · gen    0 · best     15.7 · elite    -20.1 · median   -108.1 · years  19.2 · road 0.21 · starved  1168 · nobles  -1.0 · read 49.4 · walls  1.7 · fell 99.3% (mother 83.6%) · prince  0.0% · king  0.0% · crowned  0.0% · 13.6s
try  3 · gen    0 · best      9.8 · elite    -21.6 · median   -107.9 · years  19.0 · road 0.21 · starved  1157 · nobles  -1.0 · read 49.2 · walls  1.7 · fell 99.3% (mother 83.5%) · prince  0.0% · king  0.0% · crowned  0.0% · 13.6s
try  4 · gen    0 · best     -4.3 · elite    -23.4 · median   -108.0 · years  19.2 · road 0.21 · starved  1175 · nobles  -1.1 · read 49.4 · walls  1.7 · fell 99.4% (mother 84.1%) · prince  0.0% · king  0.0% · crowned  0.0% · 13.6s
try  5 · gen    0 · best     12.7 · elite    -23.2 · median   -107.8 · years  19.1 · road 0.21 · starved  1165 · nobles  -1.0 · read 49.4 · walls  1.7 · fell 99.3% (mother 83.8%) · prince  0.0% · king  0.0% · crowned  0.0% · 28.1s
try  6 · gen    0 · best     25.1 · elite    -20.5 · median   -107.9 · years  19.1 · road 0.21 · starved  1169 · nobles  -1.0 · read 49.5 · walls  1.7 · fell 99.3% (mother 84.1%) · prince  0.0% · king  0.0% · crowned  0.0% · 28.1s
try  7 · gen    0 · best     -0.5 · elite    -22.8 · median   -107.9 · years  19.3 · road 0.21 · starved  1173 · nobles  -1.1 · read 49.6 · walls  1.7 · fell 99.3% (mother 83.8%) · prince  0.0% · king  0.0% · crowned  0.0% · 28.1s
try  8 · gen    0 · best      9.2 · elite    -22.6 · median   -108.0 · years  19.3 · road 0.21 · starved  1169 · nobles  -1.0 · read 49.6 · walls  1.7 · fell 99.4% (mother 83.7%) · prince  0.0% · king  0.0% · crowned  0.0% · 28.1s
try  1 · gen    1 · best     12.6 · elite    -46.6 · median   -103.0 · years  29.2 · road 0.25 · starved  1501 · nobles  -1.7 · read 75.0 · walls  3.2 · fell 97.6% (mother 72.4%) · prince  0.0% · king  0.0% · crowned  0.0% · 3.4s
try  2 · gen    1 · best     -2.2 · elite    -42.9 · median   -104.2 · years  31.6 · road 0.25 · starved  1584 · nobles  -2.3 · read 79.9 · walls  2.8 · fell 97.3% (mother 72.7%) · prince  0.0% · king  0.0% · crowned  0.0% · 3.4s
try  3 · gen    1 · best      6.4 · elite    -41.9 · median   -107.1 · years  30.9 · road 0.25 · starved  1545 · nobles  -2.4 · read 79.6 · walls  3.0 · fell 97.2% (mother 72.2%) · prince  0.0% · king  0.0% · crowned  0.0% · 3.4s
try  4 · gen    1 · best    -11.3 · elite    -47.1 · median   -106.1 · years  31.2 · road 0.24 · starved  1558 · nobles  -2.1 · read 76.3 · walls  2.8 · fell 97.8% (mother 70.2%) · prince  0.0% · king  0.0% · crowned  0.0% · 3.4s
try  5 · gen    1 · best     -1.4 · elite    -44.8 · median   -104.9 · years  29.8 · road 0.25 · starved  1505 · nobles  -2.1 · read 73.5 · walls  2.8 · fell 97.4% (mother 72.2%) · prince  0.0% · king  0.0% · crowned  0.0% · 3.4s
try  6 · gen    1 · best      6.6 · elite    -42.3 · median   -105.7 · years  31.9 · road 0.25 · starved  1561 · nobles  -2.0 · read 79.1 · walls  3.0 · fell 97.1% (mother 70.5%) · prince  0.0% · king  0.0% · crowned  0.0% · 3.4s
try  7 · gen    1 · best     -7.4 · elite    -46.3 · median   -104.9 · years  32.2 · road 0.25 · starved  1585 · nobles  -2.1 · read 79.5 · walls  2.9 · fell 96.0% (mother 69.3%) · prince  0.0% · king  0.0% · crowned  0.0% · 3.4s
try  8 · gen    1 · best      5.0 · elite    -44.4 · median   -105.5 · years  29.5 · road 0.24 · starved  1469 · nobles  -1.7 · read 71.9 · walls  2.8 · fell 97.4% (mother 70.6%) · prince  0.0% · king  0.0% · crowned  0.0% · 3.4s
try  1 · gen    2 · best     15.5 · elite    -47.5 · median   -104.6 · years  35.7 · road 0.26 · starved  1690 · nobles  -1.8 · read 93.0 · walls  3.7 · fell 96.4% (mother 65.4%) · prince  0.0% · king  0.0% · crowned  0.0% · 3.8s
try  2 · gen    2 · best      0.6 · elite    -45.5 · median   -105.4 · years  38.9 · road 0.25 · starved  1748 · nobles  -2.5 · read 96.4 · walls  3.8 · fell 94.6% (mother 62.6%) · prince  0.0% · king  0.0% · crowned  0.0% · 3.8s
try  3 · gen    2 · best      0.0 · elite    -42.4 · median   -104.7 · years  37.5 · road 0.26 · starved  1697 · nobles  -2.8 · read 101.5 · walls  3.3 · fell 94.5% (mother 59.7%) · prince  0.0% · king  0.0% · crowned  0.0% · 3.8s
try  4 · gen    2 · best    -11.8 · elite    -48.3 · median   -106.3 · years  37.4 · road 0.25 · starved  1691 · nobles  -2.6 · read 88.4 · walls  3.4 · fell 94.4% (mother 58.9%) · prince  0.0% · king  0.0% · crowned  0.0% · 3.8s
try  5 · gen    2 · best    -14.2 · elite    -49.2 · median   -105.5 · years  36.7 · road 0.25 · starved  1700 · nobles  -2.8 · read 94.5 · walls  3.5 · fell 95.7% (mother 62.9%) · prince  0.0% · king  0.0% · crowned  0.0% · 3.8s
try  6 · gen    2 · best      6.0 · elite    -41.1 · median   -106.5 · years  40.4 · road 0.25 · starved  1737 · nobles  -2.4 · read 102.1 · walls  3.6 · fell 91.7% (mother 58.0%) · prince  0.0% · king  0.0% · crowned  0.0% · 3.8s
try  7 · gen    2 · best     -0.5 · elite    -43.3 · median   -108.3 · years  41.1 · road 0.25 · starved  1796 · nobles  -2.4 · read 109.4 · walls  3.5 · fell 92.4% (mother 59.0%) · prince  0.0% · king  0.0% · crowned  0.0% · 3.8s
try  8 · gen    2 · best      3.0 · elite    -42.0 · median   -105.5 · years  38.4 · road 0.25 · starved  1704 · nobles  -2.2 · read 94.2 · walls  3.2 · fell 92.2% (mother 61.9%) · prince  0.0% · king  0.0% · crowned  0.0% · 3.8s
try  1 · gen    3 · best      5.4 · elite    -40.2 · median   -103.5 · years  41.3 · road 0.26 · starved  1762 · nobles  -1.8 · read 114.7 · walls  4.0 · fell 91.2% (mother 59.6%) · prince  0.0% · king  0.0% · crowned  0.0% · 4.0s
try  2 · gen    3 · best    -12.9 · elite    -45.2 · median   -106.6 · years  41.3 · road 0.25 · starved  1777 · nobles  -2.3 · read 98.0 · walls  4.3 · fell 89.0% (mother 51.3%) · prince  0.0% · king  0.0% · crowned  0.0% · 4.0s
try  3 · gen    3 · best      2.2 · elite    -41.0 · median   -100.9 · years  39.9 · road 0.26 · starved  1688 · nobles  -2.6 · read 104.4 · walls  3.8 · fell 92.0% (mother 55.2%) · prince  0.0% · king  0.0% · crowned  0.0% · 4.0s
try  4 · gen    3 · best      8.6 · elite    -45.4 · median   -107.8 · years  42.1 · road 0.24 · starved  1767 · nobles  -2.9 · read 103.2 · walls  3.4 · fell 88.4% (mother 48.9%) · prince  0.0% · king  0.0% · crowned  0.0% · 4.0s
try  5 · gen    3 · best     -0.0 · elite    -42.7 · median   -102.2 · years  40.9 · road 0.25 · starved  1749 · nobles  -2.8 · read 108.3 · walls  4.1 · fell 92.8% (mother 57.1%) · prince  0.0% · king  0.0% · crowned  0.0% · 4.0s
try  6 · gen    3 · best     25.1 · elite    -37.7 · median   -100.0 · years  46.3 · road 0.25 · starved  1761 · nobles  -2.4 · read 114.3 · walls  3.9 · fell 84.0% (mother 48.0%) · prince  0.0% · king  0.0% · crowned  0.0% · 4.0s
try  7 · gen    3 · best     10.6 · elite    -40.3 · median   -105.3 · years  43.2 · road 0.24 · starved  1714 · nobles  -2.2 · read 120.0 · walls  3.5 · fell 87.1% (mother 48.4%) · prince  0.0% · king  0.0% · crowned  0.0% · 4.0s
try  8 · gen    3 · best      7.1 · elite    -43.9 · median   -105.2 · years  43.9 · road 0.24 · starved  1778 · nobles  -2.2 · read 109.2 · walls  3.4 · fell 85.1% (mother 45.6%) · prince  0.0% · king  0.0% · crowned  0.0% · 4.0s
try  1 · gen    4 · best      4.2 · elite    -40.0 · median   -101.1 · years  42.7 · road 0.26 · starved  1744 · nobles  -1.9 · read 119.6 · walls  4.3 · fell 88.2% (mother 52.8%) · prince  0.0% · king  0.0% · crowned  0.0% · 4.1s
try  2 · gen    4 · best     11.4 · elite    -43.1 · median   -103.6 · years  43.9 · road 0.26 · starved  1797 · nobles  -2.4 · read 104.3 · walls  4.7 · fell 86.1% (mother 47.7%) · prince  0.0% · king  0.0% · crowned  0.0% · 4.1s
try  3 · gen    4 · best     20.8 · elite    -32.9 · median   -100.4 · years  43.8 · road 0.27 · starved  1768 · nobles  -2.6 · read 120.0 · walls  3.9 · fell 87.5% (mother 49.8%) · prince  0.0% · king  0.0% · crowned  0.0% · 4.1s
try  4 · gen    4 · best     16.0 · elite    -44.2 · median   -105.8 · years  43.0 · road 0.24 · starved  1711 · nobles  -3.4 · read 103.6 · walls  3.6 · fell 85.1% (mother 41.5%) · prince  0.0% · king  0.0% · crowned  0.0% · 4.1s
try  5 · gen    4 · best      8.2 · elite    -42.0 · median   -103.1 · years  42.9 · road 0.25 · starved  1734 · nobles  -2.5 · read 115.6 · walls  4.0 · fell 87.8% (mother 52.7%) · prince  0.0% · king  0.0% · crowned  0.0% · 4.1s
try  6 · gen    4 · best     12.0 · elite    -36.6 · median   -100.1 · years  48.3 · road 0.24 · starved  1737 · nobles  -2.6 · read 123.4 · walls  3.7 · fell 77.2% (mother 36.7%) · prince  0.0% · king  0.0% · crowned  0.0% · 4.1s
try  7 · gen    4 · best      2.9 · elite    -40.4 · median   -100.9 · years  45.9 · road 0.25 · starved  1768 · nobles  -2.2 · read 120.8 · walls  3.5 · fell 83.8% (mother 43.3%) · prince  0.0% · king  0.0% · crowned  0.0% · 4.1s
try  8 · gen    4 · best      9.2 · elite    -36.5 · median   -103.1 · years  47.2 · road 0.24 · starved  1779 · nobles  -2.4 · read 122.0 · walls  3.3 · fell 79.3% (mother 37.3%) · prince  0.0% · king  0.0% · crowned  0.0% · 4.1s
try  1 · gen    5 · best      7.6 · elite    -38.3 · median    -99.5 · years  43.5 · road 0.26 · starved  1739 · nobles  -2.2 · read 121.5 · walls  4.7 · fell 85.5% (mother 51.9%) · prince  0.0% · king  0.0% · crowned  0.0% · 4.1s
try  2 · gen    5 · best     27.4 · elite    -37.6 · median   -100.9 · years  45.9 · road 0.26 · starved  1820 · nobles  -3.0 · read 106.9 · walls  4.8 · fell 83.0% (mother 44.5%) · prince  0.0% · king  0.0% · crowned  0.0% · 4.1s
try  3 · gen    5 · best     14.5 · elite    -36.4 · median    -96.8 · years  45.6 · road 0.27 · starved  1787 · nobles  -2.6 · read 127.2 · walls  3.8 · fell 84.9% (mother 46.9%) · prince  0.0% · king  0.0% · crowned  0.0% · 4.1s
try  4 · gen    5 · best     13.6 · elite    -36.8 · median   -100.8 · years  43.5 · road 0.25 · starved  1712 · nobles  -3.9 · read 103.7 · walls  3.9 · fell 84.4% (mother 42.1%) · prince  0.0% · king  0.0% · crowned  0.0% · 4.1s
try  5 · gen    5 · best     31.2 · elite    -38.4 · median   -100.2 · years  44.4 · road 0.25 · starved  1717 · nobles  -2.3 · read 118.8 · walls  4.5 · fell 85.2% (mother 48.2%) · prince  0.0% · king  0.0% · crowned  0.0% · 4.1s
try  6 · gen    5 · best     38.5 · elite    -34.5 · median    -95.8 · years  47.6 · road 0.25 · starved  1707 · nobles  -2.6 · read 124.4 · walls  4.0 · fell 77.1% (mother 34.5%) · prince  0.0% · king  0.0% · crowned  0.0% · 4.1s
try  7 · gen    5 · best      7.0 · elite    -37.0 · median   -101.6 · years  43.9 · road 0.25 · starved  1732 · nobles  -2.3 · read 111.9 · walls  3.4 · fell 85.1% (mother 41.1%) · prince  0.0% · king  0.0% · crowned  0.0% · 4.1s
try  8 · gen    5 · best      3.5 · elite    -33.3 · median    -99.6 · years  48.6 · road 0.25 · starved  1788 · nobles  -2.8 · read 127.9 · walls  3.8 · fell 79.6% (mother 34.8%) · prince  0.0% · king  0.0% · crowned  0.0% · 4.1s
try  1 · gen    6 · best     29.6 · elite    -36.4 · median    -98.1 · years  43.8 · road 0.26 · starved  1727 · nobles  -2.3 · read 118.4 · walls  4.8 · fell 83.2% (mother 45.8%) · prince  0.0% · king  0.0% · crowned  0.0% · 4.1s
try  2 · gen    6 · best     21.6 · elite    -31.5 · median    -97.8 · years  43.4 · road 0.27 · starved  1713 · nobles  -4.0 · read 96.1 · walls  4.9 · fell 82.6% (mother 42.1%) · prince  0.0% · king  0.0% · crowned  0.0% · 4.1s
try  3 · gen    6 · best      8.6 · elite    -31.9 · median    -96.6 · years  45.0 · road 0.27 · starved  1731 · nobles  -2.5 · read 128.5 · walls  3.5 · fell 82.8% (mother 45.2%) · prince  0.0% · king  0.0% · crowned  0.0% · 4.1s
try  4 · gen    6 · best      3.6 · elite    -36.8 · median   -100.2 · years  42.3 · road 0.26 · starved  1688 · nobles  -4.1 · read 97.8 · walls  4.1 · fell 86.2% (mother 41.9%) · prince  0.0% · king  0.0% · crowned  0.0% · 4.1s
try  5 · gen    6 · best     34.1 · elite    -34.0 · median   -100.0 · years  45.2 · road 0.25 · starved  1707 · nobles  -2.3 · read 114.5 · walls  4.5 · fell 83.2% (mother 43.9%) · prince  0.0% · king  0.0% · crowned  0.0% · 4.1s
try  6 · gen    6 · best     24.7 · elite    -27.8 · median    -94.8 · years  47.4 · road 0.26 · starved  1693 · nobles  -2.6 · read 123.5 · walls  4.3 · fell 77.0% (mother 34.9%) · prince  0.0% · king  0.0% · crowned  0.0% · 4.1s
try  7 · gen    6 · best      6.5 · elite    -37.9 · median   -101.9 · years  43.6 · road 0.25 · starved  1733 · nobles  -2.8 · read 111.7 · walls  3.3 · fell 84.3% (mother 38.7%) · prince  0.0% · king  0.0% · crowned  0.0% · 4.1s
try  8 · gen    6 · best     10.1 · elite    -38.1 · median    -97.6 · years  45.9 · road 0.25 · starved  1738 · nobles  -3.0 · read 114.4 · walls  3.9 · fell 80.6% (mother 34.5%) · prince  0.0% · king  0.0% · crowned  0.0% · 4.1s
try  1 · gen    7 · best     28.0 · elite    -35.4 · median    -97.5 · years  43.8 · road 0.27 · starved  1724 · nobles  -2.3 · read 116.9 · walls  4.8 · fell 81.4% (mother 45.1%) · prince  0.0% · king  0.0% · crowned  0.0% · 4.1s
try  2 · gen    7 · best     30.1 · elite    -27.0 · median    -95.4 · years  44.5 · road 0.28 · starved  1729 · nobles  -4.5 · read 95.9 · walls  4.8 · fell 83.0% (mother 42.8%) · prince  0.0% · king  0.0% · crowned  0.0% · 4.1s
try  3 · gen    7 · best     53.2 · elite    -22.1 · median    -93.8 · years  47.2 · road 0.27 · starved  1744 · nobles  -2.3 · read 138.2 · walls  3.5 · fell 80.7% (mother 42.2%) · prince  0.0% · king  0.0% · crowned  0.0% · 4.1s
try  4 · gen    7 · best     -3.1 · elite    -36.5 · median    -96.1 · years  37.7 · road 0.27 · starved  1582 · nobles  -3.9 · read 84.3 · walls  4.1 · fell 91.0% (mother 43.9%) · prince  0.0% · king  0.0% · crowned  0.0% · 4.1s
try  5 · gen    7 · best     22.7 · elite    -27.3 · median    -97.0 · years  47.1 · road 0.25 · starved  1705 · nobles  -2.2 · read 122.8 · walls  4.1 · fell 79.2% (mother 37.2%) · prince  0.0% · king  0.0% · crowned  0.0% · 4.1s
try  6 · gen    7 · best     23.9 · elite    -29.1 · median    -91.1 · years  48.2 · road 0.26 · starved  1672 · nobles  -2.5 · read 127.5 · walls  4.3 · fell 75.1% (mother 31.2%) · prince  0.0% · king  0.0% · crowned  0.0% · 4.1s
try  7 · gen    7 · best     -2.5 · elite    -36.5 · median   -102.5 · years  43.4 · road 0.25 · starved  1734 · nobles  -3.2 · read 109.3 · walls  3.2 · fell 83.0% (mother 35.8%) · prince  0.0% · king  0.0% · crowned  0.0% · 4.1s
try  8 · gen    7 · best     20.8 · elite    -35.4 · median    -99.2 · years  43.9 · road 0.26 · starved  1708 · nobles  -2.9 · read 103.1 · walls  3.9 · fell 82.0% (mother 35.7%) · prince  0.0% · king  0.0% · crowned  0.0% · 4.1s
try  1 · gen    8 · best      9.1 · elite    -32.4 · median    -96.1 · years  44.8 · road 0.27 · starved  1715 · nobles  -2.7 · read 114.7 · walls  4.9 · fell 79.0% (mother 41.2%) · prince  0.0% · king  0.0% · crowned  0.0% · 4.2s
try  2 · gen    8 · best     36.5 · elite    -31.2 · median    -94.4 · years  44.4 · road 0.28 · starved  1706 · nobles  -5.0 · read 96.3 · walls  4.7 · fell 81.8% (mother 40.7%) · prince  0.0% · king  0.0% · crowned  0.0% · 4.2s
try  3 · gen    8 · best     24.5 · elite    -26.9 · median    -95.0 · years  46.0 · road 0.26 · starved  1700 · nobles  -2.0 · read 139.3 · walls  2.9 · fell 78.3% (mother 38.7%) · prince  0.0% · king  0.0% · crowned  0.0% · 4.2s
try  4 · gen    8 · best     27.9 · elite    -27.7 · median    -93.2 · years  40.2 · road 0.27 · starved  1621 · nobles  -4.1 · read 88.3 · walls  4.0 · fell 89.6% (mother 43.2%) · prince  0.0% · king  0.0% · crowned  0.0% · 4.2s
try  5 · gen    8 · best     22.1 · elite    -23.2 · median    -94.4 · years  47.7 · road 0.26 · starved  1673 · nobles  -2.0 · read 122.4 · walls  4.1 · fell 78.6% (mother 33.3%) · prince  0.0% · king  0.0% · crowned  0.0% · 4.2s
try  6 · gen    8 · best     35.6 · elite    -19.6 · median    -90.3 · years  48.4 · road 0.26 · starved  1638 · nobles  -2.6 · read 127.3 · walls  4.1 · fell 73.7% (mother 31.9%) · prince  0.0% · king  0.0% · crowned  0.0% · 4.2s
try  7 · gen    8 · best     -1.7 · elite    -36.5 · median   -102.4 · years  43.1 · road 0.25 · starved  1723 · nobles  -3.5 · read 106.7 · walls  3.0 · fell 82.8% (mother 33.9%) · prince  0.0% · king  0.0% · crowned  0.0% · 4.2s
try  8 · gen    8 · best     17.0 · elite    -26.3 · median    -96.9 · years  45.4 · road 0.27 · starved  1721 · nobles  -3.2 · read 106.2 · walls  4.0 · fell 82.9% (mother 38.0%) · prince  0.0% · king  0.0% · crowned  0.0% · 4.2s
try  1 · gen    9 · best     14.9 · elite    -27.3 · median    -95.3 · years  46.7 · road 0.27 · starved  1738 · nobles  -3.1 · read 115.2 · walls  4.4 · fell 77.1% (mother 39.6%) · prince  0.0% · king  0.0% · crowned  0.0% · 4.1s
try  2 · gen    9 · best     11.1 · elite    -28.7 · median    -93.9 · years  42.4 · road 0.28 · starved  1639 · nobles  -4.8 · read 93.6 · walls  4.6 · fell 81.6% (mother 40.1%) · prince  0.0% · king  0.0% · crowned  0.0% · 4.1s
try  3 · gen    9 · best     63.1 · elite    -24.8 · median    -92.4 · years  47.4 · road 0.27 · starved  1724 · nobles  -2.2 · read 142.7 · walls  3.0 · fell 77.2% (mother 37.5%) · prince  0.0% · king  0.0% · crowned  0.0% · 4.1s
try  4 · gen    9 · best     23.8 · elite    -26.5 · median    -92.2 · years  38.5 · road 0.28 · starved  1573 · nobles  -4.2 · read 81.3 · walls  4.1 · fell 90.2% (mother 43.2%) · prince  0.0% · king  0.0% · crowned  0.0% · 4.1s
try  5 · gen    9 · best     32.5 · elite    -20.6 · median    -88.5 · years  48.8 · road 0.26 · starved  1615 · nobles  -2.0 · read 126.1 · walls  4.4 · fell 76.6% (mother 26.7%) · prince  0.0% · king  0.0% · crowned  0.0% · 4.1s
try  6 · gen    9 · best     33.2 · elite    -22.0 · median    -90.6 · years  50.3 · road 0.27 · starved  1708 · nobles  -3.2 · read 131.0 · walls  4.1 · fell 71.4% (mother 31.5%) · prince  0.0% · king  0.0% · crowned  0.0% · 4.1s
try  7 · gen    9 · best     19.4 · elite    -36.3 · median   -100.7 · years  42.5 · road 0.25 · starved  1686 · nobles  -3.6 · read 102.0 · walls  3.1 · fell 82.9% (mother 33.3%) · prince  0.0% · king  0.0% · crowned  0.0% · 4.1s
try  8 · gen    9 · best     41.2 · elite    -27.0 · median    -93.1 · years  43.3 · road 0.27 · starved  1681 · nobles  -3.3 · read 94.5 · walls  3.8 · fell 84.9% (mother 38.0%) · prince  0.1% · king  0.0% · crowned  0.0% · 4.1s
try  1 · gen   10 · best     19.3 · elite    -24.5 · median    -93.3 · years  47.4 · road 0.28 · starved  1744 · nobles  -3.5 · read 110.6 · walls  4.4 · fell 75.9% (mother 37.6%) · prince  0.0% · king  0.0% · crowned  0.0% · 4.1s
try  2 · gen   10 · best     21.3 · elite    -30.7 · median    -90.0 · years  41.4 · road 0.28 · starved  1605 · nobles  -4.8 · read 86.4 · walls  4.7 · fell 83.2% (mother 45.5%) · prince  0.0% · king  0.0% · crowned  0.0% · 4.1s
try  3 · gen   10 · best     22.4 · elite    -21.6 · median    -93.9 · years  44.7 · road 0.27 · starved  1666 · nobles  -2.3 · read 129.4 · walls  3.0 · fell 80.4% (mother 37.2%) · prince  0.0% · king  0.0% · crowned  0.0% · 4.1s
try  4 · gen   10 · best     29.1 · elite    -26.6 · median    -88.3 · years  38.7 · road 0.29 · starved  1564 · nobles  -4.4 · read 82.5 · walls  4.1 · fell 91.5% (mother 41.5%) · prince  0.0% · king  0.0% · crowned  0.0% · 4.1s
try  5 · gen   10 · best     43.0 · elite    -14.8 · median    -84.6 · years  49.6 · road 0.27 · starved  1582 · nobles  -2.6 · read 125.7 · walls  4.8 · fell 75.7% (mother 27.0%) · prince  0.0% · king  0.0% · crowned  0.0% · 4.1s
try  6 · gen   10 · best     42.0 · elite    -16.8 · median    -87.4 · years  50.5 · road 0.28 · starved  1702 · nobles  -3.5 · read 131.6 · walls  4.2 · fell 72.8% (mother 31.2%) · prince  0.0% · king  0.0% · crowned  0.0% · 4.1s
try  7 · gen   10 · best     26.6 · elite    -35.9 · median   -102.9 · years  41.1 · road 0.25 · starved  1629 · nobles  -3.6 · read 96.8 · walls  2.8 · fell 83.2% (mother 34.9%) · prince  0.0% · king  0.0% · crowned  0.0% · 4.1s
try  8 · gen   10 · best     69.0 · elite    -24.7 · median    -93.9 · years  42.4 · road 0.27 · starved  1644 · nobles  -3.1 · read 84.0 · walls  3.9 · fell 84.3% (mother 35.0%) · prince  0.1% · king  0.0% · crowned  0.0% · 4.1s
try  1 · gen   11 · best     26.7 · elite    -23.0 · median    -92.1 · years  49.1 · road 0.28 · starved  1787 · nobles  -3.7 · read 113.6 · walls  4.6 · fell 74.1% (mother 36.8%) · prince  0.0% · king  0.0% · crowned  0.0% · 4.1s
try  2 · gen   11 · best     26.6 · elite    -27.4 · median    -91.6 · years  40.4 · road 0.28 · starved  1576 · nobles  -4.8 · read 85.0 · walls  4.8 · fell 84.6% (mother 47.5%) · prince  0.0% · king  0.0% · crowned  0.0% · 4.1s
try  3 · gen   11 · best     33.6 · elite    -22.8 · median    -91.1 · years  44.9 · road 0.27 · starved  1635 · nobles  -2.1 · read 132.7 · walls  3.2 · fell 79.5% (mother 36.0%) · prince  0.0% · king  0.0% · crowned  0.0% · 4.1s
try  4 · gen   11 · best     15.5 · elite    -19.2 · median    -85.2 · years  38.9 · road 0.29 · starved  1526 · nobles  -4.2 · read 79.8 · walls  4.1 · fell 91.2% (mother 45.6%) · prince  0.1% · king  0.0% · crowned  0.0% · 4.1s
try  5 · gen   11 · best     52.7 · elite     -9.1 · median    -76.6 · years  51.2 · road 0.29 · starved  1554 · nobles  -3.1 · read 124.9 · walls  5.1 · fell 74.2% (mother 26.6%) · prince  0.0% · king  0.0% · crowned  0.0% · 4.1s
try  6 · gen   11 · best     41.2 · elite    -18.1 · median    -87.4 · years  50.8 · road 0.28 · starved  1713 · nobles  -3.2 · read 130.4 · walls  4.5 · fell 71.2% (mother 29.3%) · prince  0.0% · king  0.0% · crowned  0.0% · 4.1s
try  7 · gen   11 · best     33.3 · elite    -31.4 · median    -99.9 · years  43.1 · road 0.25 · starved  1649 · nobles  -4.0 · read 101.5 · walls  2.8 · fell 81.8% (mother 32.9%) · prince  0.0% · king  0.0% · crowned  0.0% · 4.1s
try  8 · gen   11 · best     43.5 · elite    -27.4 · median    -95.0 · years  40.6 · road 0.27 · starved  1611 · nobles  -3.2 · read 74.6 · walls  3.7 · fell 86.2% (mother 33.0%) · prince  0.1% · king  0.0% · crowned  0.0% · 4.1s
try  1 · gen   12 · best     22.5 · elite    -23.2 · median    -90.7 · years  49.8 · road 0.29 · starved  1803 · nobles  -4.1 · read 112.8 · walls  4.7 · fell 71.9% (mother 36.8%) · prince  0.0% · king  0.0% · crowned  0.0% · 4.1s
try  2 · gen   12 · best     31.3 · elite    -23.2 · median    -88.4 · years  40.2 · road 0.29 · starved  1548 · nobles  -5.0 · read 82.5 · walls  4.7 · fell 85.0% (mother 47.0%) · prince  0.0% · king  0.0% · crowned  0.0% · 4.1s
try  3 · gen   12 · best     47.2 · elite    -22.4 · median    -88.5 · years  47.1 · road 0.28 · starved  1664 · nobles  -2.1 · read 139.9 · walls  3.4 · fell 77.9% (mother 34.7%) · prince  0.0% · king  0.0% · crowned  0.0% · 4.1s
try  4 · gen   12 · best     22.2 · elite    -16.8 · median    -85.4 · years  39.1 · road 0.29 · starved  1521 · nobles  -4.3 · read 84.0 · walls  4.4 · fell 90.2% (mother 42.7%) · prince  0.1% · king  0.0% · crowned  0.0% · 4.1s
try  5 · gen   12 · best     48.8 · elite     -9.3 · median    -76.3 · years  52.4 · road 0.29 · starved  1572 · nobles  -3.3 · read 125.2 · walls  5.0 · fell 72.9% (mother 24.3%) · prince  0.0% · king  0.0% · crowned  0.0% · 4.1s
try  6 · gen   12 · best     39.9 · elite    -15.0 · median    -86.4 · years  48.8 · road 0.28 · starved  1655 · nobles  -2.7 · read 121.3 · walls  4.5 · fell 73.7% (mother 31.2%) · prince  0.0% · king  0.0% · crowned  0.0% · 4.1s
try  7 · gen   12 · best     31.2 · elite    -27.4 · median    -99.6 · years  39.8 · road 0.25 · starved  1568 · nobles  -4.0 · read 92.1 · walls  2.5 · fell 82.8% (mother 34.0%) · prince  0.0% · king  0.0% · crowned  0.0% · 4.1s
try  8 · gen   12 · best     29.1 · elite    -22.6 · median    -93.5 · years  40.4 · road 0.28 · starved  1614 · nobles  -3.0 · read 71.7 · walls  3.6 · fell 86.3% (mother 34.7%) · prince  0.1% · king  0.0% · crowned  0.0% · 4.1s
try  1 · gen   13 · best     26.9 · elite    -21.3 · median    -91.8 · years  46.8 · road 0.28 · starved  1718 · nobles  -3.6 · read 104.0 · walls  4.5 · fell 73.7% (mother 36.1%) · prince  0.0% · king  0.0% · crowned  0.0% · 4.1s
try  2 · gen   13 · best     34.8 · elite    -18.6 · median    -88.0 · years  40.0 · road 0.29 · starved  1544 · nobles  -5.2 · read 79.6 · walls  4.8 · fell 85.4% (mother 46.4%) · prince  0.1% · king  0.0% · crowned  0.0% · 4.1s
try  3 · gen   13 · best     24.7 · elite    -17.7 · median    -87.5 · years  45.8 · road 0.28 · starved  1608 · nobles  -1.9 · read 137.8 · walls  3.3 · fell 78.4% (mother 34.0%) · prince  0.1% · king  0.0% · crowned  0.0% · 4.1s
try  4 · gen   13 · best     49.9 · elite    -16.6 · median    -80.4 · years  38.2 · road 0.30 · starved  1467 · nobles  -4.8 · read 80.8 · walls  4.3 · fell 92.3% (mother 44.2%) · prince  0.2% · king  0.0% · crowned  0.0% · 4.1s
try  5 · gen   13 · best     46.9 · elite     -0.0 · median    -74.2 · years  53.2 · road 0.29 · starved  1553 · nobles  -3.5 · read 123.7 · walls  5.0 · fell 70.6% (mother 24.2%) · prince  0.0% · king  0.0% · crowned  0.0% · 4.1s
try  6 · gen   13 · best     55.9 · elite    -11.0 · median    -82.3 · years  48.6 · road 0.30 · starved  1647 · nobles  -2.8 · read 114.4 · walls  4.7 · fell 75.2% (mother 32.5%) · prince  0.0% · king  0.0% · crowned  0.0% · 4.1s
try  7 · gen   13 · best     27.9 · elite    -22.2 · median    -95.4 · years  42.2 · road 0.26 · starved  1561 · nobles  -5.0 · read 99.8 · walls  2.6 · fell 80.5% (mother 31.3%) · prince  0.0% · king  0.0% · crowned  0.0% · 4.1s
try  8 · gen   13 · best     53.2 · elite    -21.0 · median    -90.3 · years  41.4 · road 0.28 · starved  1604 · nobles  -3.0 · read 74.1 · walls  3.9 · fell 86.8% (mother 36.3%) · prince  0.2% · king  0.0% · crowned  0.0% · 4.1s
try  1 · gen   14 · best     42.3 · elite    -20.6 · median    -86.8 · years  51.0 · road 0.29 · starved  1770 · nobles  -4.4 · read 108.4 · walls  4.9 · fell 69.2% (mother 31.2%) · prince  0.0% · king  0.0% · crowned  0.0% · 4.1s
try  2 · gen   14 · best     19.3 · elite    -19.8 · median    -87.0 · years  41.1 · road 0.30 · starved  1571 · nobles  -5.4 · read 80.3 · walls  4.7 · fell 84.2% (mother 45.0%) · prince  0.1% · king  0.0% · crowned  0.0% · 4.1s
try  3 · gen   14 · best     33.7 · elite    -15.0 · median    -87.5 · years  47.1 · road 0.27 · starved  1586 · nobles  -1.6 · read 147.3 · walls  3.4 · fell 76.2% (mother 29.6%) · prince  0.1% · king  0.0% · crowned  0.0% · 4.1s
try  4 · gen   14 · best     50.6 · elite     -9.9 · median    -77.6 · years  38.7 · road 0.30 · starved  1448 · nobles  -5.0 · read 81.9 · walls  4.3 · fell 90.9% (mother 41.2%) · prince  0.3% · king  0.0% · crowned  0.0% · 4.1s
try  5 · gen   14 · best     67.9 · elite     -0.5 · median    -72.3 · years  52.7 · road 0.30 · starved  1513 · nobles  -3.8 · read 125.4 · walls  5.1 · fell 71.2% (mother 23.0%) · prince  0.0% · king  0.0% · crowned  0.0% · 4.1s
try  6 · gen   14 · best     18.1 · elite    -15.8 · median    -80.4 · years  48.7 · road 0.30 · starved  1641 · nobles  -2.7 · read 119.6 · walls  4.7 · fell 74.7% (mother 30.1%) · prince  0.1% · king  0.0% · crowned  0.0% · 4.1s
try  7 · gen   14 · best     50.0 · elite    -23.8 · median    -91.3 · years  42.2 · road 0.26 · starved  1530 · nobles  -5.3 · read 102.0 · walls  2.7 · fell 80.6% (mother 31.7%) · prince  0.0% · king  0.0% · crowned  0.0% · 4.1s
try  8 · gen   14 · best     27.3 · elite    -20.0 · median    -86.0 · years  41.2 · road 0.28 · starved  1579 · nobles  -3.0 · read 75.9 · walls  3.8 · fell 87.2% (mother 37.8%) · prince  0.1% · king  0.0% · crowned  0.0% · 4.1s
try  1 · gen   15 · best     33.4 · elite    -14.3 · median    -83.8 · years  53.7 · road 0.29 · starved  1825 · nobles  -4.7 · read 112.5 · walls  5.1 · fell 66.6% (mother 29.8%) · prince  0.0% · king  0.0% · crowned  0.0% · 4.1s
try  2 · gen   15 · best     39.2 · elite    -15.0 · median    -84.2 · years  41.6 · road 0.30 · starved  1543 · nobles  -5.7 · read 83.1 · walls  4.9 · fell 83.0% (mother 44.2%) · prince  0.1% · king  0.0% · crowned  0.0% · 4.1s
try  3 · gen   15 · best     31.5 · elite    -15.8 · median    -81.3 · years  49.1 · road 0.28 · starved  1601 · nobles  -1.7 · read 157.7 · walls  3.6 · fell 74.7% (mother 26.8%) · prince  0.1% · king  0.0% · crowned  0.0% · 4.1s
try  4 · gen   15 · best     73.9 · elite     -7.2 · median    -72.0 · years  38.3 · road 0.32 · starved  1392 · nobles  -5.6 · read 77.1 · walls  4.5 · fell 90.7% (mother 41.7%) · prince  0.4% · king  0.0% · crowned  0.0% · 4.1s
try  5 · gen   15 · best     88.0 · elite      5.7 · median    -68.5 · years  52.9 · road 0.30 · starved  1481 · nobles  -4.3 · read 120.8 · walls  5.1 · fell 68.8% (mother 19.0%) · prince  0.0% · king  0.0% · crowned  0.0% · 4.1s
try  6 · gen   15 · best     47.9 · elite     -9.4 · median    -80.1 · years  48.3 · road 0.30 · starved  1622 · nobles  -2.8 · read 114.7 · walls  4.8 · fell 77.4% (mother 32.3%) · prince  0.1% · king  0.0% · crowned  0.0% · 4.1s
try  7 · gen   15 · best     42.0 · elite    -17.8 · median    -93.0 · years  41.7 · road 0.27 · starved  1509 · nobles  -5.4 · read 96.2 · walls  2.5 · fell 79.3% (mother 32.4%) · prince  0.0% · king  0.0% · crowned  0.0% · 4.1s
try  8 · gen   15 · best     28.4 · elite    -16.2 · median    -84.3 · years  42.2 · road 0.29 · starved  1568 · nobles  -2.9 · read 77.5 · walls  4.1 · fell 86.1% (mother 36.5%) · prince  0.1% · king  0.0% · crowned  0.0% · 4.1s
try  1 · gen   16 · best     66.7 · elite    -13.9 · median    -81.7 · years  51.0 · road 0.31 · starved  1765 · nobles  -4.7 · read 103.1 · walls  5.5 · fell 69.1% (mother 28.9%) · prince  0.0% · king  0.0% · crowned  0.0% · 4.1s
try  2 · gen   16 · best     56.7 · elite    -14.8 · median    -79.2 · years  43.0 · road 0.31 · starved  1552 · nobles  -5.6 · read 85.8 · walls  5.1 · fell 82.8% (mother 44.5%) · prince  0.1% · king  0.0% · crowned  0.0% · 4.1s
try  3 · gen   16 · best     45.2 · elite    -12.3 · median    -80.1 · years  45.5 · road 0.28 · starved  1511 · nobles  -1.7 · read 139.4 · walls  3.6 · fell 78.7% (mother 32.3%) · prince  0.2% · king  0.0% · crowned  0.0% · 4.1s
try  4 · gen   16 · best     59.3 · elite      0.3 · median    -71.9 · years  37.9 · road 0.31 · starved  1359 · nobles  -5.1 · read 76.8 · walls  4.6 · fell 90.1% (mother 40.0%) · prince  0.3% · king  0.0% · crowned  0.0% · 4.1s
try  5 · gen   16 · best     99.6 · elite      9.2 · median    -63.7 · years  53.2 · road 0.31 · starved  1486 · nobles  -5.5 · read 110.4 · walls  5.2 · fell 67.3% (mother 21.0%) · prince  0.0% · king  0.0% · crowned  0.0% · 4.1s
try  6 · gen   16 · best    176.5 · elite     -9.6 · median    -78.4 · years  46.5 · road 0.31 · starved  1586 · nobles  -2.7 · read 107.9 · walls  5.1 · fell 79.4% (mother 33.9%) · prince  0.2% · king  0.0% · crowned  0.0% · 4.1s
try  7 · gen   16 · best     72.3 · elite    -15.2 · median    -87.7 · years  42.1 · road 0.28 · starved  1484 · nobles  -5.9 · read 93.9 · walls  2.6 · fell 79.6% (mother 34.9%) · prince  0.1% · king  0.0% · crowned  0.0% · 4.1s
try  8 · gen   16 · best     76.8 · elite    -14.8 · median    -83.2 · years  41.5 · road 0.29 · starved  1541 · nobles  -2.7 · read 75.6 · walls  4.0 · fell 86.2% (mother 37.7%) · prince  0.3% · king  0.0% · crowned  0.0% · 4.1s
try  1 · gen   17 · best     41.9 · elite     -9.8 · median    -78.9 · years  52.3 · road 0.32 · starved  1794 · nobles  -5.6 · read 110.0 · walls  5.8 · fell 68.7% (mother 27.4%) · prince  0.1% · king  0.0% · crowned  0.0% · 4.1s
try  2 · gen   17 · best     45.4 · elite     -8.2 · median    -78.8 · years  41.9 · road 0.30 · starved  1507 · nobles  -5.6 · read 85.0 · walls  5.1 · fell 83.3% (mother 45.4%) · prince  0.4% · king  0.0% · crowned  0.0% · 4.1s
try  3 · gen   17 · best     53.3 · elite     -9.0 · median    -79.2 · years  44.9 · road 0.28 · starved  1490 · nobles  -1.8 · read 135.8 · walls  3.7 · fell 79.9% (mother 33.0%) · prince  0.2% · king  0.0% · crowned  0.0% · 4.1s
try  4 · gen   17 · best     45.4 · elite     -1.9 · median    -67.0 · years  37.8 · road 0.32 · starved  1320 · nobles  -5.5 · read 77.2 · walls  4.6 · fell 91.3% (mother 40.5%) · prince  0.7% · king  0.0% · crowned  0.0% · 4.1s
try  5 · gen   17 · best    104.3 · elite      9.8 · median    -60.3 · years  53.4 · road 0.32 · starved  1467 · nobles  -6.1 · read 104.0 · walls  5.4 · fell 65.4% (mother 19.9%) · prince  0.0% · king  0.0% · crowned  0.0% · 4.1s
try  6 · gen   17 · best     82.9 · elite     -4.7 · median    -78.5 · years  45.6 · road 0.30 · starved  1532 · nobles  -2.6 · read 104.5 · walls  4.8 · fell 81.1% (mother 35.5%) · prince  0.6% · king  0.1% · crowned  0.1% (median year 94) · 4.1s
try  7 · gen   17 · best     91.8 · elite     -9.3 · median    -90.1 · years  41.0 · road 0.28 · starved  1448 · nobles  -5.9 · read 90.0 · walls  2.7 · fell 79.4% (mother 34.8%) · prince  0.1% · king  0.0% · crowned  0.0% · 4.1s
try  8 · gen   17 · best     45.2 · elite    -13.9 · median    -79.5 · years  43.5 · road 0.30 · starved  1602 · nobles  -2.7 · read 79.9 · walls  4.3 · fell 84.2% (mother 37.6%) · prince  0.2% · king  0.0% · crowned  0.0% · 4.1s
try  1 · gen   18 · best     39.4 · elite     -6.2 · median    -75.4 · years  52.7 · road 0.33 · starved  1795 · nobles  -5.7 · read 111.6 · walls  6.2 · fell 67.8% (mother 27.5%) · prince  0.2% · king  0.0% · crowned  0.0% · 4.1s
try  2 · gen   18 · best     38.3 · elite    -10.5 · median    -75.8 · years  41.2 · road 0.31 · starved  1470 · nobles  -5.8 · read 83.4 · walls  4.9 · fell 85.0% (mother 46.2%) · prince  0.4% · king  0.0% · crowned  0.0% · 4.1s
try  3 · gen   18 · best     70.2 · elite     -7.9 · median    -77.8 · years  45.1 · road 0.29 · starved  1454 · nobles  -1.7 · read 134.4 · walls  4.1 · fell 77.9% (mother 35.1%) · prince  0.1% · king  0.0% · crowned  0.0% · 4.1s
try  4 · gen   18 · best     71.1 · elite      5.1 · median    -65.2 · years  37.8 · road 0.32 · starved  1292 · nobles  -5.5 · read 78.7 · walls  4.4 · fell 90.1% (mother 39.5%) · prince  1.0% · king  0.0% · crowned  0.0% · 4.1s
try  5 · gen   18 · best     86.4 · elite     17.2 · median    -59.1 · years  53.9 · road 0.33 · starved  1457 · nobles  -6.5 · read 99.2 · walls  5.6 · fell 67.0% (mother 20.0%) · prince  0.1% · king  0.0% · crowned  0.0% · 4.1s
try  6 · gen   18 · best    291.3 · elite     11.0 · median    -75.0 · years  46.2 · road 0.31 · starved  1545 · nobles  -2.4 · read 105.4 · walls  4.9 · fell 80.0% (mother 36.3%) · prince  1.3% · king  0.2% · crowned  0.2% (median year 82) · 4.1s
try  7 · gen   18 · best     63.0 · elite      2.5 · median    -81.7 · years  41.8 · road 0.30 · starved  1431 · nobles  -6.2 · read 93.1 · walls  3.2 · fell 79.0% (mother 36.7%) · prince  0.2% · king  0.0% · crowned  0.0% · 4.1s
try  8 · gen   18 · best     31.8 · elite    -11.1 · median    -76.3 · years  43.8 · road 0.30 · starved  1543 · nobles  -2.4 · read 83.4 · walls  4.3 · fell 83.5% (mother 36.6%) · prince  0.4% · king  0.0% · crowned  0.0% · 4.1s
try  1 · gen   19 · best     74.9 · elite     -2.3 · median    -76.7 · years  50.2 · road 0.32 · starved  1734 · nobles  -5.4 · read 109.7 · walls  6.1 · fell 72.2% (mother 29.6%) · prince  0.6% · king  0.0% · crowned  0.0% · 4.1s
try  2 · gen   19 · best     56.4 · elite     -6.8 · median    -75.4 · years  42.1 · road 0.31 · starved  1448 · nobles  -6.0 · read 81.4 · walls  4.9 · fell 84.7% (mother 44.7%) · prince  0.6% · king  0.0% · crowned  0.0% · 4.1s
try  3 · gen   19 · best     58.8 · elite     -7.1 · median    -75.5 · years  46.1 · road 0.29 · starved  1449 · nobles  -2.0 · read 144.6 · walls  4.1 · fell 78.8% (mother 31.2%) · prince  0.3% · king  0.0% · crowned  0.0% · 4.1s
try  4 · gen   19 · best     84.6 · elite      9.1 · median    -61.8 · years  38.5 · road 0.33 · starved  1260 · nobles  -5.6 · read 76.1 · walls  4.5 · fell 89.6% (mother 42.5%) · prince  0.9% · king  0.1% · crowned  0.0% · 4.1s
try  5 · gen   19 · best     66.3 · elite     17.4 · median    -60.1 · years  52.3 · road 0.33 · starved  1404 · nobles  -6.5 · read 89.0 · walls  5.7 · fell 65.0% (mother 19.0%) · prince  0.0% · king  0.0% · crowned  0.0% · 4.1s
try  6 · gen   19 · best    120.4 · elite      6.9 · median    -73.4 · years  44.6 · road 0.31 · starved  1536 · nobles  -2.6 · read 100.7 · walls  4.7 · fell 80.9% (mother 35.7%) · prince  2.2% · king  0.5% · crowned  0.1% (median year 90) · 4.1s
try  7 · gen   19 · best     93.8 · elite     18.3 · median    -76.8 · years  42.8 · road 0.31 · starved  1409 · nobles  -6.7 · read 97.0 · walls  3.4 · fell 76.3% (mother 34.8%) · prince  0.3% · king  0.0% · crowned  0.0% · 4.1s
try  8 · gen   19 · best     48.8 · elite     -5.7 · median    -72.3 · years  46.0 · road 0.31 · starved  1569 · nobles  -2.1 · read 91.1 · walls  4.1 · fell 81.2% (mother 35.4%) · prince  0.4% · king  0.0% · crowned  0.0% (median year 82) · 4.1s
try  1 · gen   20 · best    116.6 · elite      9.0 · median    -72.1 · years  52.2 · road 0.34 · starved  1793 · nobles  -6.0 · read 108.8 · walls  6.3 · fell 70.7% (mother 29.8%) · prince  1.2% · king  0.1% · crowned  0.0% · 4.2s
try  2 · gen   20 · best     40.3 · elite     -6.3 · median    -73.3 · years  42.6 · road 0.31 · starved  1457 · nobles  -6.0 · read 82.5 · walls  4.7 · fell 84.5% (mother 41.4%) · prince  0.6% · king  0.0% · crowned  0.0% · 4.2s
try  3 · gen   20 · best     58.8 · elite     -8.5 · median    -73.7 · years  45.3 · road 0.28 · starved  1429 · nobles  -2.1 · read 138.1 · walls  3.8 · fell 79.5% (mother 33.4%) · prince  0.3% · king  0.0% · crowned  0.0% · 4.2s
try  4 · gen   20 · best     65.5 · elite      8.1 · median    -59.7 · years  39.8 · road 0.34 · starved  1300 · nobles  -5.8 · read 76.4 · walls  4.7 · fell 89.3% (mother 42.7%) · prince  0.7% · king  0.0% · crowned  0.0% · 4.2s
try  5 · gen   20 · best     74.7 · elite     14.0 · median    -54.5 · years  52.6 · road 0.33 · starved  1439 · nobles  -6.3 · read 84.2 · walls  5.8 · fell 65.4% (mother 20.0%) · prince  0.1% · king  0.0% · crowned  0.0% · 4.2s
try  6 · gen   20 · best    294.5 · elite     28.1 · median    -72.3 · years  43.3 · road 0.31 · starved  1578 · nobles  -3.0 · read 93.9 · walls  4.3 · fell 82.3% (mother 36.8%) · prince  3.2% · king  0.7% · crowned  0.3% (median year 80) · 4.2s
try  7 · gen   20 · best     95.7 · elite     14.5 · median    -69.1 · years  44.8 · road 0.32 · starved  1394 · nobles  -7.6 · read 101.6 · walls  3.4 · fell 75.0% (mother 32.8%) · prince  0.5% · king  0.0% · crowned  0.0% · 4.2s
try  8 · gen   20 · best     38.6 · elite     -4.9 · median    -71.2 · years  47.3 · road 0.31 · starved  1542 · nobles  -1.9 · read 95.0 · walls  4.3 · fell 77.8% (mother 33.3%) · prince  0.3% · king  0.0% · crowned  0.0% · 4.2s
try  1 · gen   21 · best     85.6 · elite     15.3 · median    -67.2 · years  50.9 · road 0.34 · starved  1709 · nobles  -5.5 · read 95.6 · walls  6.4 · fell 72.5% (mother 30.5%) · prince  2.0% · king  0.2% · crowned  0.0% · 4.2s
try  2 · gen   21 · best     47.4 · elite     -0.7 · median    -70.6 · years  43.7 · road 0.32 · starved  1465 · nobles  -6.2 · read 86.9 · walls  4.7 · fell 83.6% (mother 39.0%) · prince  0.9% · king  0.0% · crowned  0.0% · 4.2s
try  3 · gen   21 · best     52.0 · elite     -5.3 · median    -71.6 · years  46.2 · road 0.29 · starved  1418 · nobles  -2.4 · read 139.4 · walls  4.1 · fell 78.8% (mother 33.2%) · prince  0.3% · king  0.0% · crowned  0.0% · 4.2s
try  4 · gen   21 · best     65.7 · elite     19.8 · median    -55.9 · years  41.2 · road 0.34 · starved  1260 · nobles  -5.4 · read 77.9 · walls  5.0 · fell 88.9% (mother 42.9%) · prince  0.7% · king  0.0% · crowned  0.0% · 4.2s
try  5 · gen   21 · best     62.3 · elite     24.8 · median    -51.4 · years  53.6 · road 0.33 · starved  1347 · nobles  -6.7 · read 83.0 · walls  5.9 · fell 64.0% (mother 19.0%) · prince  0.1% · king  0.0% · crowned  0.0% · 4.2s
try  6 · gen   21 · best    290.3 · elite     55.8 · median    -69.1 · years  42.8 · road 0.32 · starved  1524 · nobles  -3.2 · read 89.0 · walls  4.3 · fell 82.8% (mother 38.8%) · prince  3.7% · king  1.3% · crowned  0.7% (median year 76) · 4.2s
try  7 · gen   21 · best    110.0 · elite     20.6 · median    -66.3 · years  43.1 · road 0.33 · starved  1335 · nobles  -7.4 · read 96.5 · walls  3.6 · fell 75.8% (mother 33.5%) · prince  0.5% · king  0.0% · crowned  0.0% · 4.2s
try  8 · gen   21 · best    125.5 · elite      4.6 · median    -66.0 · years  50.3 · road 0.31 · starved  1558 · nobles  -1.5 · read 101.6 · walls  4.2 · fell 74.3% (mother 30.9%) · prince  0.4% · king  0.0% · crowned  0.0% (median year 96) · 4.2s
try  1 · gen   22 · best    200.6 · elite     36.5 · median    -64.5 · years  51.0 · road 0.35 · starved  1692 · nobles  -6.1 · read 88.7 · walls  6.4 · fell 72.6% (mother 29.2%) · prince  3.2% · king  0.3% · crowned  0.1% (median year 86) · 4.2s
try  2 · gen   22 · best     61.7 · elite      7.3 · median    -66.1 · years  42.6 · road 0.32 · starved  1364 · nobles  -6.1 · read 85.0 · walls  4.4 · fell 84.4% (mother 39.0%) · prince  0.9% · king  0.0% · crowned  0.0% · 4.2s
try  3 · gen   22 · best     54.6 · elite     -0.9 · median    -68.9 · years  46.8 · road 0.29 · starved  1404 · nobles  -2.7 · read 140.6 · walls  4.3 · fell 78.9% (mother 34.0%) · prince  0.3% · king  0.0% · crowned  0.0% · 4.2s
try  4 · gen   22 · best    129.3 · elite     26.7 · median    -45.7 · years  44.4 · road 0.35 · starved  1230 · nobles  -6.0 · read 88.6 · walls  5.5 · fell 85.3% (mother 41.2%) · prince  0.8% · king  0.1% · crowned  0.0% (median year 61) · 4.2s
try  5 · gen   22 · best     92.9 · elite     28.4 · median    -48.4 · years  52.0 · road 0.33 · starved  1242 · nobles  -6.6 · read 80.1 · walls  5.7 · fell 67.1% (mother 21.6%) · prince  0.1% · king  0.0% · crowned  0.0% · 4.2s
try  6 · gen   22 · best    444.9 · elite     66.9 · median    -65.0 · years  41.1 · road 0.32 · starved  1540 · nobles  -3.0 · read 81.6 · walls  4.0 · fell 85.0% (mother 40.1%) · prince  5.0% · king  1.8% · crowned  1.0% (median year 79) · 4.2s
try  7 · gen   22 · best     98.8 · elite     28.0 · median    -68.7 · years  43.1 · road 0.33 · starved  1324 · nobles  -7.4 · read 94.9 · walls  3.4 · fell 77.2% (mother 35.1%) · prince  0.6% · king  0.0% · crowned  0.0% · 4.2s
try  8 · gen   22 · best    228.2 · elite      5.7 · median    -65.6 · years  49.5 · road 0.31 · starved  1532 · nobles  -1.3 · read 98.2 · walls  4.0 · fell 73.7% (mother 28.5%) · prince  0.7% · king  0.1% · crowned  0.0% (median year 94) · 4.2s
try  1 · gen   23 · best    150.0 · elite     41.2 · median    -50.6 · years  52.5 · road 0.37 · starved  1701 · nobles  -6.7 · read 84.0 · walls  7.0 · fell 71.5% (mother 27.6%) · prince  3.8% · king  0.5% · crowned  0.1% (median year 75) · 4.2s
try  2 · gen   23 · best     70.9 · elite      6.6 · median    -63.1 · years  42.1 · road 0.31 · starved  1328 · nobles  -5.7 · read 86.6 · walls  4.4 · fell 83.0% (mother 37.4%) · prince  1.7% · king  0.0% · crowned  0.0% · 4.2s
try  3 · gen   23 · best     54.0 · elite      2.6 · median    -67.8 · years  45.5 · road 0.29 · starved  1329 · nobles  -2.9 · read 134.0 · walls  4.4 · fell 79.4% (mother 33.8%) · prince  0.3% · king  0.1% · crowned  0.0% · 4.2s
try  4 · gen   23 · best     81.8 · elite     33.6 · median    -41.3 · years  48.9 · road 0.37 · starved  1337 · nobles  -6.2 · read 98.0 · walls  6.2 · fell 82.4% (mother 40.1%) · prince  0.8% · king  0.0% · crowned  0.0% · 4.2s
try  5 · gen   23 · best    129.4 · elite     38.7 · median    -43.8 · years  50.9 · road 0.32 · starved  1147 · nobles  -6.4 · read 76.8 · walls  5.4 · fell 68.4% (mother 24.3%) · prince  0.3% · king  0.0% · crowned  0.0% · 4.2s
try  6 · gen   23 · best    442.9 · elite    102.3 · median    -71.3 · years  39.2 · road 0.31 · starved  1578 · nobles  -2.7 · read 76.9 · walls  3.7 · fell 84.6% (mother 38.9%) · prince  6.4% · king  2.3% · crowned  1.5% (median year 75) · 4.2s
try  7 · gen   23 · best    164.9 · elite     29.3 · median    -59.4 · years  44.9 · road 0.34 · starved  1298 · nobles  -7.8 · read 98.7 · walls  3.5 · fell 74.5% (mother 35.0%) · prince  0.5% · king  0.1% · crowned  0.0% · 4.2s
try  8 · gen   23 · best    156.0 · elite      6.4 · median    -66.5 · years  48.2 · road 0.31 · starved  1478 · nobles  -1.5 · read 95.3 · walls  3.7 · fell 76.3% (mother 29.8%) · prince  1.1% · king  0.1% · crowned  0.0% (median year 68) · 4.2s
try  1 · gen   24 · best    204.0 · elite     50.4 · median    -44.1 · years  52.8 · road 0.37 · starved  1562 · nobles  -7.0 · read 78.7 · walls  7.0 · fell 71.4% (mother 28.9%) · prince  3.7% · king  0.6% · crowned  0.1% (median year 82) · 4.2s
try  2 · gen   24 · best     82.5 · elite     20.9 · median    -60.7 · years  42.7 · road 0.32 · starved  1290 · nobles  -5.5 · read 88.0 · walls  4.7 · fell 83.4% (mother 38.7%) · prince  2.3% · king  0.1% · crowned  0.0% · 4.2s
try  3 · gen   24 · best    102.8 · elite      8.5 · median    -65.5 · years  46.4 · road 0.30 · starved  1311 · nobles  -3.3 · read 130.4 · walls  4.4 · fell 77.8% (mother 32.4%) · prince  0.5% · king  0.1% · crowned  0.0% · 4.2s
try  4 · gen   24 · best    304.1 · elite     40.7 · median    -31.8 · years  51.5 · road 0.38 · starved  1383 · nobles  -6.2 · read 103.8 · walls  6.8 · fell 78.3% (mother 37.8%) · prince  0.8% · king  0.1% · crowned  0.1% (median year 90) · 4.2s
try  5 · gen   24 · best    115.6 · elite     38.4 · median    -45.6 · years  50.2 · road 0.32 · starved  1077 · nobles  -6.3 · read 74.7 · walls  5.3 · fell 69.4% (mother 23.5%) · prince  0.2% · king  0.0% · crowned  0.0% · 4.2s
try  6 · gen   24 · best    450.6 · elite    124.0 · median    -65.3 · years  39.0 · road 0.31 · starved  1597 · nobles  -2.4 · read 74.0 · walls  3.5 · fell 86.4% (mother 42.2%) · prince  7.4% · king  3.3% · crowned  1.9% (median year 72) · 4.2s
try  7 · gen   24 · best    102.9 · elite     33.6 · median    -56.4 · years  45.5 · road 0.34 · starved  1314 · nobles  -8.1 · read 98.6 · walls  3.6 · fell 74.9% (mother 35.2%) · prince  1.0% · king  0.1% · crowned  0.0% (median year 99) · 4.2s
try  8 · gen   24 · best    240.2 · elite     10.4 · median    -65.3 · years  46.8 · road 0.30 · starved  1478 · nobles  -1.8 · read 90.6 · walls  3.7 · fell 78.1% (mother 30.2%) · prince  1.6% · king  0.1% · crowned  0.1% (median year 91) · 4.2s
try  1 · gen   25 · best    238.7 · elite     57.0 · median    -43.2 · years  51.9 · road 0.38 · starved  1544 · nobles  -6.6 · read 72.6 · walls  7.0 · fell 74.3% (mother 30.6%) · prince  4.9% · king  0.8% · crowned  0.1% (median year 72) · 4.2s
try  2 · gen   25 · best    107.0 · elite     22.2 · median    -55.4 · years  44.2 · road 0.33 · starved  1342 · nobles  -5.7 · read 92.4 · walls  5.4 · fell 83.6% (mother 40.6%) · prince  3.0% · king  0.0% · crowned  0.0% · 4.2s
try  3 · gen   25 · best    107.2 · elite     20.6 · median    -57.2 · years  48.2 · road 0.31 · starved  1300 · nobles  -3.2 · read 131.3 · walls  4.7 · fell 76.8% (mother 29.7%) · prince  1.0% · king  0.2% · crowned  0.0% · 4.2s
try  4 · gen   25 · best    133.3 · elite     43.8 · median    -31.3 · years  51.4 · road 0.38 · starved  1282 · nobles  -6.4 · read 104.0 · walls  6.4 · fell 75.5% (mother 34.8%) · prince  0.8% · king  0.2% · crowned  0.1% (median year 74) · 4.2s
try  5 · gen   25 · best    117.3 · elite     35.4 · median    -41.6 · years  50.4 · road 0.32 · starved  1071 · nobles  -6.4 · read 75.5 · walls  5.2 · fell 70.3% (mother 25.9%) · prince  0.4% · king  0.0% · crowned  0.0% · 4.2s
try  6 · gen   25 · best    395.2 · elite    127.4 · median    -73.1 · years  36.2 · road 0.29 · starved  1589 · nobles  -1.5 · read 67.9 · walls  2.9 · fell 87.3% (mother 44.8%) · prince  7.7% · king  3.7% · crowned  2.1% (median year 74) · 4.2s
try  7 · gen   25 · best    126.7 · elite     33.7 · median    -58.0 · years  44.6 · road 0.33 · starved  1266 · nobles  -7.9 · read 94.5 · walls  3.4 · fell 74.7% (mother 33.0%) · prince  1.0% · king  0.0% · crowned  0.0% · 4.2s
try  8 · gen   25 · best    157.9 · elite     17.2 · median    -61.0 · years  47.4 · road 0.31 · starved  1420 · nobles  -1.6 · read 89.3 · walls  4.3 · fell 78.0% (mother 33.2%) · prince  1.3% · king  0.2% · crowned  0.1% (median year 74) · 4.2s
try  1 · gen   26 · best    381.7 · elite     78.9 · median    -42.1 · years  49.3 · road 0.38 · starved  1534 · nobles  -5.6 · read 69.6 · walls  6.9 · fell 77.7% (mother 33.2%) · prince  5.1% · king  1.3% · crowned  0.4% (median year 79) · 4.2s
try  2 · gen   26 · best    100.8 · elite     29.9 · median    -52.4 · years  43.8 · road 0.34 · starved  1275 · nobles  -5.6 · read 91.7 · walls  5.6 · fell 82.6% (mother 38.7%) · prince  3.7% · king  0.1% · crowned  0.0% · 4.2s
try  3 · gen   26 · best    161.3 · elite     30.0 · median    -55.5 · years  49.0 · road 0.32 · starved  1333 · nobles  -3.1 · read 130.1 · walls  4.7 · fell 77.1% (mother 32.0%) · prince  2.1% · king  0.3% · crowned  0.1% (median year 97) · 4.2s
try  4 · gen   26 · best    269.3 · elite     59.0 · median    -27.3 · years  54.1 · road 0.39 · starved  1342 · nobles  -7.0 · read 105.7 · walls  6.8 · fell 75.6% (mother 33.8%) · prince  1.7% · king  0.6% · crowned  0.2% (median year 81) · 4.2s
try  5 · gen   26 · best    141.8 · elite     45.6 · median    -41.4 · years  51.2 · road 0.33 · starved  1072 · nobles  -6.9 · read 78.7 · walls  5.0 · fell 69.5% (mother 25.6%) · prince  0.4% · king  0.0% · crowned  0.0% · 4.2s
try  6 · gen   26 · best    515.6 · elite    160.0 · median    -72.3 · years  34.3 · road 0.28 · starved  1489 · nobles  -1.4 · read 61.9 · walls  2.4 · fell 86.6% (mother 46.9%) · prince  8.0% · king  4.2% · crowned  2.8% (median year 67) · 4.2s
try  7 · gen   26 · best    114.4 · elite     40.6 · median    -50.7 · years  48.7 · road 0.35 · starved  1346 · nobles  -8.8 · read 102.8 · walls  3.7 · fell 72.1% (mother 32.1%) · prince  1.4% · king  0.0% · crowned  0.0% (median year 98) · 4.2s
try  8 · gen   26 · best    310.0 · elite     32.4 · median    -55.4 · years  50.5 · road 0.32 · starved  1438 · nobles  -1.7 · read 99.0 · walls  4.7 · fell 74.3% (mother 30.3%) · prince  1.5% · king  0.6% · crowned  0.3% (median year 84) · 4.2s
try  1 · gen   27 · best    456.1 · elite     79.8 · median    -39.1 · years  49.6 · road 0.38 · starved  1539 · nobles  -5.8 · read 67.9 · walls  7.0 · fell 78.7% (mother 36.4%) · prince  6.0% · king  1.3% · crowned  0.4% (median year 71) · 4.2s
try  2 · gen   27 · best    156.4 · elite     35.3 · median    -47.3 · years  42.7 · road 0.34 · starved  1247 · nobles  -5.1 · read 89.3 · walls  5.7 · fell 83.9% (mother 37.7%) · prince  4.4% · king  0.2% · crowned  0.1% (median year 92) · 4.2s
try  3 · gen   27 · best    206.1 · elite     28.8 · median    -54.9 · years  45.6 · road 0.32 · starved  1291 · nobles  -3.0 · read 118.2 · walls  4.9 · fell 80.5% (mother 33.5%) · prince  2.7% · king  0.3% · crowned  0.1% (median year 87) · 4.2s
try  4 · gen   27 · best    265.3 · elite     80.0 · median    -24.4 · years  50.9 · road 0.39 · starved  1289 · nobles  -6.4 · read 99.2 · walls  6.4 · fell 79.7% (mother 32.7%) · prince  3.0% · king  1.1% · crowned  0.5% (median year 82) · 4.2s
try  5 · gen   27 · best    141.4 · elite     50.6 · median    -34.1 · years  53.8 · road 0.33 · starved  1331 · nobles  -7.8 · read 85.3 · walls  4.6 · fell 66.8% (mother 23.1%) · prince  0.2% · king  0.0% · crowned  0.0% · 4.2s
try  6 · gen   27 · best    393.9 · elite    170.3 · median    -70.9 · years  33.6 · road 0.29 · starved  1528 · nobles  -0.9 · read 58.8 · walls  2.1 · fell 88.3% (mother 48.0%) · prince 10.1% · king  5.3% · crowned  3.2% (median year 66) · 4.2s
try  7 · gen   27 · best    147.5 · elite     49.3 · median    -47.2 · years  48.5 · road 0.36 · starved  1320 · nobles  -8.5 · read 100.6 · walls  3.8 · fell 71.4% (mother 34.8%) · prince  1.6% · king  0.0% · crowned  0.0% · 4.2s
try  8 · gen   27 · best    290.9 · elite     41.6 · median    -53.2 · years  48.4 · road 0.32 · starved  1444 · nobles  -1.4 · read 97.2 · walls  4.4 · fell 76.8% (mother 32.2%) · prince  2.8% · king  0.9% · crowned  0.5% (median year 77) · 4.2s
try  1 · gen   28 · best    278.8 · elite     83.8 · median    -34.2 · years  49.0 · road 0.37 · starved  1475 · nobles  -5.9 · read 75.4 · walls  6.7 · fell 79.8% (mother 34.7%) · prince  6.3% · king  1.5% · crowned  0.5% (median year 84) · 4.1s
try  2 · gen   28 · best    255.0 · elite     47.9 · median    -46.4 · years  41.7 · road 0.34 · starved  1201 · nobles  -4.7 · read 87.6 · walls  5.7 · fell 85.3% (mother 34.7%) · prince  5.3% · king  0.3% · crowned  0.2% (median year 81) · 4.1s
try  3 · gen   28 · best    329.7 · elite     38.5 · median    -53.8 · years  44.8 · road 0.32 · starved  1303 · nobles  -3.0 · read 115.2 · walls  5.3 · fell 80.7% (mother 34.8%) · prince  2.8% · king  0.5% · crowned  0.2% (median year 95) · 4.1s
try  4 · gen   28 · best    408.2 · elite     93.0 · median    -29.3 · years  44.5 · road 0.37 · starved  1389 · nobles  -5.1 · read 82.6 · walls  5.5 · fell 82.2% (mother 32.2%) · prince  4.2% · king  1.5% · crowned  0.8% (median year 76) · 4.1s
try  5 · gen   28 · best    122.8 · elite     49.8 · median    -34.5 · years  52.6 · road 0.32 · starved   993 · nobles  -8.1 · read 84.1 · walls  4.0 · fell 66.3% (mother 22.4%) · prince  0.1% · king  0.0% · crowned  0.0% · 4.1s
try  6 · gen   28 · best    550.1 · elite    195.2 · median    -73.6 · years  32.3 · road 0.29 · starved  1476 · nobles  -0.8 · read 55.3 · walls  2.0 · fell 88.2% (mother 47.5%) · prince  9.7% · king  5.2% · crowned  3.7% (median year 64) · 4.1s
try  7 · gen   28 · best    129.3 · elite     52.9 · median    -50.4 · years  47.9 · road 0.36 · starved  1319 · nobles  -8.6 · read 99.1 · walls  3.8 · fell 72.4% (mother 32.8%) · prince  1.8% · king  0.1% · crowned  0.0% · 4.1s
try  8 · gen   28 · best    414.2 · elite     69.2 · median    -55.2 · years  46.0 · road 0.31 · starved  1381 · nobles  -1.5 · read 93.5 · walls  4.0 · fell 78.8% (mother 31.5%) · prince  3.9% · king  1.4% · crowned  0.8% (median year 76) · 4.1s
try  1 · gen   29 · best    394.5 · elite     89.4 · median    -39.2 · years  47.7 · road 0.37 · starved  1511 · nobles  -5.4 · read 72.6 · walls  6.6 · fell 81.0% (mother 34.6%) · prince  6.8% · king  1.8% · crowned  0.4% (median year 70) · 4.1s
try  2 · gen   29 · best    304.8 · elite     46.7 · median    -43.4 · years  41.5 · road 0.34 · starved  1187 · nobles  -4.7 · read 86.0 · walls  6.0 · fell 86.8% (mother 37.0%) · prince  5.6% · king  0.3% · crowned  0.2% (median year 83) · 4.1s
try  3 · gen   29 · best    269.0 · elite     30.8 · median    -56.2 · years  42.1 · road 0.32 · starved  1278 · nobles  -2.7 · read 108.0 · walls  5.7 · fell 82.9% (mother 35.2%) · prince  2.3% · king  0.5% · crowned  0.3% (median year 84) · 4.1s
try  4 · gen   29 · best    320.6 · elite     99.9 · median    -29.3 · years  42.3 · road 0.37 · starved  1271 · nobles  -4.5 · read 74.7 · walls  5.0 · fell 86.3% (mother 35.6%) · prince  4.8% · king  1.6% · crowned  0.8% (median year 68) · 4.1s
try  5 · gen   29 · best    116.7 · elite     57.4 · median    -26.6 · years  54.6 · road 0.32 · starved   942 · nobles  -8.3 · read 88.1 · walls  3.9 · fell 64.8% (mother 21.9%) · prince  0.2% · king  0.0% · crowned  0.0% · 4.1s
try  6 · gen   29 · best    559.4 · elite    194.5 · median    -69.8 · years  31.9 · road 0.29 · starved  1441 · nobles  -0.5 · read 53.6 · walls  1.9 · fell 88.6% (mother 46.2%) · prince  9.7% · king  5.4% · crowned  3.8% (median year 66) · 4.1s
try  7 · gen   29 · best    197.5 · elite     62.5 · median    -44.4 · years  48.7 · road 0.36 · starved  1328 · nobles  -8.9 · read 101.7 · walls  3.8 · fell 71.7% (mother 33.1%) · prince  2.2% · king  0.2% · crowned  0.1% (median year 76) · 4.1s
try  8 · gen   29 · best    271.6 · elite     71.3 · median    -59.3 · years  42.0 · road 0.30 · starved  1355 · nobles  -1.8 · read 83.1 · walls  3.6 · fell 82.7% (mother 34.6%) · prince  4.9% · king  1.9% · crowned  0.9% (median year 81) · 4.1s
try  1 · gen   30 · best    234.7 · elite     83.0 · median    -36.8 · years  45.7 · road 0.37 · starved  1488 · nobles  -4.9 · read 71.2 · walls  6.3 · fell 83.1% (mother 34.4%) · prince  6.3% · king  1.7% · crowned  0.4% (median year 74) · 4.1s
try  2 · gen   30 · best    327.4 · elite     65.7 · median    -45.7 · years  41.1 · road 0.34 · starved  1150 · nobles  -4.1 · read 84.7 · walls  5.9 · fell 84.9% (mother 34.6%) · prince  6.0% · king  0.4% · crowned  0.3% (median year 84) · 4.1s
try  3 · gen   30 · best    291.9 · elite     45.5 · median    -53.3 · years  42.7 · road 0.32 · starved  1275 · nobles  -2.7 · read 108.9 · walls  6.0 · fell 82.5% (mother 34.2%) · prince  2.9% · king  0.8% · crowned  0.4% (median year 80) · 4.1s
try  4 · gen   30 · best    350.2 · elite    108.6 · median    -27.8 · years  42.0 · road 0.37 · starved  1228 · nobles  -4.6 · read 73.0 · walls  5.2 · fell 84.6% (mother 34.9%) · prince  5.5% · king  2.0% · crowned  0.9% (median year 66) · 4.1s
try  5 · gen   30 · best    126.8 · elite     58.4 · median    -28.1 · years  52.9 · road 0.31 · starved   879 · nobles  -8.1 · read 82.9 · walls  3.9 · fell 65.9% (mother 20.7%) · prince  0.2% · king  0.0% · crowned  0.0% · 4.1s
try  6 · gen   30 · best    732.7 · elite    220.6 · median    -66.1 · years  32.0 · road 0.29 · starved  1400 · nobles  -0.4 · read 52.0 · walls  1.8 · fell 87.7% (mother 45.1%) · prince  9.4% · king  5.8% · crowned  4.0% (median year 63) · 4.1s
try  7 · gen   30 · best    190.1 · elite     58.4 · median    -41.4 · years  47.6 · road 0.36 · starved  1291 · nobles  -8.4 · read 100.2 · walls  3.5 · fell 73.5% (mother 34.2%) · prince  3.2% · king  0.4% · crowned  0.1% (median year 75) · 4.1s
try  8 · gen   30 · best    279.5 · elite     77.4 · median    -60.0 · years  41.4 · road 0.30 · starved  1407 · nobles  -2.2 · read 79.6 · walls  3.2 · fell 83.1% (mother 36.5%) · prince  6.2% · king  2.0% · crowned  1.0% (median year 80) · 4.1s
try  1 · gen   31 · best    340.1 · elite    117.7 · median    -31.3 · years  43.1 · road 0.37 · starved  1476 · nobles  -3.7 · read 68.8 · walls  5.7 · fell 84.7% (mother 34.0%) · prince  7.8% · king  2.4% · crowned  0.6% (median year 66) · 4.0s
try  2 · gen   31 · best    310.0 · elite     71.6 · median    -38.9 · years  41.7 · road 0.34 · starved  1177 · nobles  -3.9 · read 83.1 · walls  6.0 · fell 84.0% (mother 33.4%) · prince  6.5% · king  0.7% · crowned  0.4% (median year 76) · 4.0s
try  3 · gen   31 · best    301.9 · elite     66.7 · median    -50.6 · years  41.9 · road 0.32 · starved  1252 · nobles  -2.5 · read 107.3 · walls  6.1 · fell 83.6% (mother 38.0%) · prince  3.5% · king  1.3% · crowned  0.7% (median year 79) · 4.0s
try  4 · gen   31 · best    627.5 · elite    133.0 · median    -29.2 · years  40.9 · road 0.37 · starved  1447 · nobles  -3.9 · read 71.4 · walls  5.1 · fell 87.0% (mother 37.0%) · prince  6.8% · king  2.9% · crowned  1.3% (median year 69) · 4.0s
try  5 · gen   31 · best    175.0 · elite     67.4 · median    -22.9 · years  53.6 · road 0.33 · starved   863 · nobles  -8.0 · read 75.9 · walls  4.6 · fell 65.8% (mother 22.6%) · prince  0.2% · king  0.0% · crowned  0.0% · 4.0s
try  6 · gen   31 · best    567.1 · elite    196.2 · median    -71.9 · years  30.7 · road 0.28 · starved  1423 · nobles  -0.6 · read 49.6 · walls  1.4 · fell 89.6% (mother 46.6%) · prince  9.5% · king  5.4% · crowned  3.7% (median year 63) · 4.0s
try  7 · gen   31 · best    436.6 · elite     72.0 · median    -37.0 · years  49.6 · road 0.38 · starved  1549 · nobles  -8.9 · read 104.3 · walls  3.5 · fell 74.0% (mother 36.2%) · prince  3.1% · king  0.4% · crowned  0.1% (median year 62) · 4.0s
try  8 · gen   31 · best    320.0 · elite     92.3 · median    -56.3 · years  40.0 · road 0.30 · starved  1368 · nobles  -1.8 · read 73.6 · walls  3.2 · fell 84.0% (mother 38.0%) · prince  6.8% · king  2.4% · crowned  1.1% (median year 74) · 4.0s
try  1 · gen   32 · best    780.4 · elite    157.7 · median    -34.1 · years  40.7 · road 0.37 · starved  1367 · nobles  -2.9 · read 66.5 · walls  4.9 · fell 86.0% (mother 33.9%) · prince  9.3% · king  3.6% · crowned  0.9% (median year 58) · 4.0s
try  2 · gen   32 · best    283.4 · elite     85.0 · median    -43.4 · years  39.2 · road 0.33 · starved  1101 · nobles  -3.3 · read 76.6 · walls  5.9 · fell 85.6% (mother 35.5%) · prince  6.2% · king  1.1% · crowned  0.7% (median year 73) · 4.0s
try  3 · gen   32 · best    289.1 · elite     79.6 · median    -52.9 · years  38.9 · road 0.32 · starved  1313 · nobles  -2.2 · read 100.9 · walls  5.9 · fell 86.0% (mother 39.4%) · prince  4.1% · king  1.6% · crowned  0.9% (median year 70) · 4.0s
try  4 · gen   32 · best    464.8 · elite    155.2 · median    -33.7 · years  38.3 · road 0.37 · starved  1352 · nobles  -3.5 · read 63.3 · walls  4.6 · fell 87.7% (mother 38.3%) · prince  7.2% · king  3.4% · crowned  1.7% (median year 68) · 4.0s
try  5 · gen   32 · best    147.2 · elite     69.7 · median    -28.7 · years  51.9 · road 0.33 · starved   851 · nobles  -8.2 · read 70.2 · walls  4.7 · fell 64.9% (mother 22.2%) · prince  0.1% · king  0.0% · crowned  0.0% · 4.0s
try  6 · gen   32 · best    740.2 · elite    224.0 · median    -67.0 · years  31.3 · road 0.28 · starved  1473 · nobles  -0.3 · read 49.8 · walls  1.3 · fell 87.8% (mother 44.0%) · prince 10.9% · king  6.3% · crowned  4.3% (median year 62) · 4.0s
try  7 · gen   32 · best    395.8 · elite     80.4 · median    -36.9 · years  48.4 · road 0.38 · starved  1249 · nobles  -8.6 · read 101.4 · walls  3.6 · fell 73.3% (mother 33.7%) · prince  3.6% · king  0.7% · crowned  0.2% (median year 65) · 4.0s
try  8 · gen   32 · best    351.3 · elite    105.6 · median    -59.6 · years  39.0 · road 0.30 · starved  1402 · nobles  -1.6 · read 70.8 · walls  3.3 · fell 85.6% (mother 38.7%) · prince  7.7% · king  2.8% · crowned  1.4% (median year 77) · 4.0s
try  1 · gen   33 · best    421.2 · elite    170.5 · median    -34.2 · years  38.8 · road 0.36 · starved  1524 · nobles  -2.1 · read 63.3 · walls  4.3 · fell 84.5% (mother 31.9%) · prince  9.1% · king  3.7% · crowned  1.2% (median year 58) · 3.9s
try  2 · gen   33 · best    418.2 · elite    102.2 · median    -38.9 · years  40.2 · road 0.33 · starved  1110 · nobles  -2.9 · read 77.0 · walls  6.0 · fell 85.0% (mother 35.9%) · prince  6.4% · king  1.3% · crowned  0.9% (median year 79) · 3.9s
try  3 · gen   33 · best    491.3 · elite    128.3 · median    -53.5 · years  36.6 · road 0.32 · starved  1335 · nobles  -1.5 · read 93.9 · walls  5.4 · fell 86.4% (mother 41.9%) · prince  5.3% · king  2.6% · crowned  1.9% (median year 70) · 3.9s
try  4 · gen   33 · best    455.0 · elite    190.2 · median    -43.1 · years  34.8 · road 0.36 · starved  1334 · nobles  -2.4 · read 51.7 · walls  4.3 · fell 89.4% (mother 39.1%) · prince  8.1% · king  4.0% · crowned  2.4% (median year 67) · 3.9s
try  5 · gen   33 · best    135.4 · elite     67.6 · median    -20.8 · years  51.7 · road 0.33 · starved   805 · nobles  -8.1 · read 68.2 · walls  4.9 · fell 66.3% (mother 24.0%) · prince  0.2% · king  0.0% · crowned  0.0% · 3.9s
try  6 · gen   33 · best    789.2 · elite    246.2 · median    -64.9 · years  31.6 · road 0.29 · starved  1465 · nobles  -0.3 · read 49.1 · walls  1.2 · fell 87.6% (mother 43.5%) · prince 11.6% · king  6.1% · crowned  4.3% (median year 60) · 3.9s
try  7 · gen   33 · best    586.5 · elite     95.9 · median    -33.3 · years  47.0 · road 0.37 · starved  1263 · nobles  -8.2 · read 99.1 · walls  3.6 · fell 74.7% (mother 34.5%) · prince  3.9% · king  1.2% · crowned  0.5% (median year 60) · 3.9s
try  8 · gen   33 · best    388.4 · elite    119.3 · median    -58.5 · years  37.3 · road 0.30 · starved  1484 · nobles  -1.2 · read 64.9 · walls  3.4 · fell 86.7% (mother 40.5%) · prince  8.2% · king  3.3% · crowned  1.5% (median year 77) · 3.9s
try  1 · gen   34 · best    420.7 · elite    172.4 · median    -35.1 · years  37.3 · road 0.36 · starved  1287 · nobles  -1.6 · read 61.6 · walls  4.1 · fell 85.6% (mother 32.8%) · prince  9.3% · king  4.0% · crowned  1.5% (median year 53) · 3.9s
try  2 · gen   34 · best    394.2 · elite    119.2 · median    -34.9 · years  39.9 · road 0.34 · starved  1095 · nobles  -2.1 · read 75.6 · walls  6.0 · fell 85.6% (mother 36.0%) · prince  6.9% · king  1.8% · crowned  1.1% (median year 75) · 3.9s
try  3 · gen   34 · best    367.1 · elite    106.5 · median    -77.4 · years  30.2 · road 0.30 · starved  1793 · nobles  -1.4 · read 75.2 · walls  4.4 · fell 92.1% (mother 49.7%) · prince  4.1% · king  2.5% · crowned  1.6% (median year 70) · 3.9s
try  4 · gen   34 · best    538.3 · elite    212.3 · median    -41.6 · years  34.5 · road 0.37 · starved  1344 · nobles  -1.7 · read 50.6 · walls  4.3 · fell 89.5% (mother 39.4%) · prince  8.9% · king  4.6% · crowned  2.8% (median year 67) · 3.9s
try  5 · gen   34 · best    152.0 · elite     76.6 · median    -17.2 · years  53.0 · road 0.34 · starved   796 · nobles  -8.5 · read 64.7 · walls  5.1 · fell 64.2% (mother 23.6%) · prince  0.1% · king  0.0% · crowned  0.0% · 3.9s
try  6 · gen   34 · best    593.9 · elite    250.0 · median    -58.6 · years  30.6 · road 0.29 · starved  1495 · nobles  +0.2 · read 46.3 · walls  1.2 · fell 87.8% (mother 44.2%) · prince 12.3% · king  7.3% · crowned  4.5% (median year 59) · 3.9s
try  7 · gen   34 · best    516.6 · elite    116.9 · median    -31.6 · years  44.1 · road 0.36 · starved  1216 · nobles  -7.2 · read 88.1 · walls  3.4 · fell 77.0% (mother 38.3%) · prince  5.4% · king  1.8% · crowned  1.0% (median year 59) · 3.9s
try  8 · gen   34 · best    494.2 · elite    151.7 · median    -58.3 · years  38.6 · road 0.32 · starved  1489 · nobles  -1.4 · read 66.2 · walls  3.7 · fell 86.4% (mother 41.6%) · prince  9.3% · king  3.9% · crowned  2.0% (median year 75) · 3.9s
try  1 · gen   35 · best    417.5 · elite    210.5 · median    -34.6 · years  36.0 · road 0.36 · starved  1256 · nobles  -1.2 · read 57.6 · walls  4.2 · fell 86.1% (mother 36.3%) · prince 11.4% · king  4.8% · crowned  2.4% (median year 56) · 3.8s
try  2 · gen   35 · best    427.8 · elite    141.5 · median    -37.1 · years  37.6 · road 0.34 · starved  1112 · nobles  -1.9 · read 69.9 · walls  6.0 · fell 86.6% (mother 37.0%) · prince  7.2% · king  2.3% · crowned  1.5% (median year 72) · 3.8s
try  3 · gen   35 · best    417.9 · elite    141.0 · median    -67.2 · years  31.8 · road 0.31 · starved  1517 · nobles  -1.0 · read 79.5 · walls  4.3 · fell 89.9% (mother 47.8%) · prince  5.3% · king  3.3% · crowned  2.0% (median year 64) · 3.8s
try  4 · gen   35 · best    580.8 · elite    251.0 · median    -36.7 · years  34.1 · road 0.37 · starved  1251 · nobles  -0.7 · read 48.9 · walls  4.5 · fell 89.3% (mother 39.1%) · prince 10.3% · king  5.9% · crowned  3.8% (median year 67) · 3.8s
try  5 · gen   35 · best    140.3 · elite     74.0 · median    -15.0 · years  53.9 · road 0.34 · starved   755 · nobles  -8.6 · read 64.0 · walls  5.2 · fell 63.2% (mother 23.1%) · prince  0.1% · king  0.0% · crowned  0.0% · 3.8s
try  6 · gen   35 · best    597.4 · elite    241.2 · median    -60.3 · years  30.0 · road 0.29 · starved  1447 · nobles  +0.1 · read 46.0 · walls  1.2 · fell 87.7% (mother 41.6%) · prince 11.9% · king  6.6% · crowned  4.3% (median year 57) · 3.8s
try  7 · gen   35 · best    521.5 · elite    151.4 · median    -48.7 · years  38.0 · road 0.33 · starved  1252 · nobles  -5.2 · read 69.9 · walls  2.4 · fell 83.0% (mother 41.3%) · prince  7.5% · king  3.0% · crowned  1.6% (median year 60) · 3.8s
try  8 · gen   35 · best    391.8 · elite    160.0 · median    -59.7 · years  36.5 · road 0.31 · starved  1472 · nobles  -1.1 · read 64.0 · walls  3.8 · fell 87.5% (mother 42.8%) · prince  9.0% · king  4.6% · crowned  2.5% (median year 74) · 3.8s
try  1 · gen   36 · best    525.5 · elite    247.4 · median    -28.0 · years  35.4 · road 0.36 · starved  1285 · nobles  -1.0 · read 53.3 · walls  4.4 · fell 84.7% (mother 39.2%) · prince 12.7% · king  5.5% · crowned  2.9% (median year 51) · 3.7s
try  2 · gen   36 · best    375.6 · elite    150.6 · median    -46.3 · years  35.5 · road 0.33 · starved  1147 · nobles  -1.3 · read 65.6 · walls  5.5 · fell 88.4% (mother 41.5%) · prince  7.2% · king  2.3% · crowned  1.8% (median year 72) · 3.7s
try  3 · gen   36 · best    501.0 · elite    157.4 · median    -72.9 · years  29.9 · road 0.30 · starved  1390 · nobles  -1.1 · read 71.7 · walls  3.8 · fell 91.2% (mother 49.3%) · prince  5.4% · king  3.5% · crowned  2.3% (median year 63) · 3.7s
try  4 · gen   36 · best    589.3 · elite    243.2 · median    -23.2 · years  35.5 · road 0.38 · starved  1241 · nobles  -1.2 · read 55.0 · walls  4.9 · fell 87.8% (mother 36.6%) · prince 11.8% · king  6.3% · crowned  4.2% (median year 67) · 3.7s
try  5 · gen   36 · best    137.3 · elite     75.3 · median    -14.4 · years  51.6 · road 0.34 · starved   733 · nobles  -8.2 · read 60.0 · walls  5.0 · fell 65.1% (mother 22.9%) · prince  0.1% · king  0.0% · crowned  0.0% · 3.7s
try  6 · gen   36 · best    798.9 · elite    274.2 · median    -52.6 · years  29.8 · road 0.29 · starved  1521 · nobles  +0.6 · read 43.6 · walls  1.1 · fell 86.3% (mother 42.0%) · prince 12.9% · king  7.3% · crowned  5.1% (median year 56) · 3.7s
try  7 · gen   36 · best    565.4 · elite    198.8 · median    -48.9 · years  33.8 · road 0.31 · starved  1889 · nobles  -2.9 · read 58.6 · walls  1.8 · fell 85.0% (mother 46.8%) · prince  8.8% · king  4.8% · crowned  3.0% (median year 60) · 3.7s
try  8 · gen   36 · best    506.5 · elite    186.4 · median    -56.7 · years  36.2 · road 0.32 · starved  1457 · nobles  -0.8 · read 62.4 · walls  3.9 · fell 86.6% (mother 40.4%) · prince  9.1% · king  5.0% · crowned  3.0% (median year 73) · 3.7s
try  1 · gen   37 · best    586.9 · elite    237.0 · median    -28.8 · years  34.5 · road 0.35 · starved  1281 · nobles  -0.4 · read 52.0 · walls  4.6 · fell 85.5% (mother 40.9%) · prince 12.2% · king  5.4% · crowned  3.3% (median year 49) · 3.7s
try  2 · gen   37 · best    382.9 · elite    180.0 · median    -42.0 · years  35.5 · road 0.33 · starved  1133 · nobles  -1.0 · read 66.8 · walls  5.4 · fell 87.8% (mother 41.8%) · prince  8.2% · king  3.0% · crowned  2.3% (median year 66) · 3.7s
try  3 · gen   37 · best    606.3 · elite    180.4 · median    -71.7 · years  31.0 · road 0.30 · starved  1426 · nobles  -0.8 · read 73.6 · walls  3.5 · fell 90.6% (mother 46.0%) · prince  6.6% · king  4.3% · crowned  3.2% (median year 64) · 3.7s
try  4 · gen   37 · best    766.1 · elite    290.5 · median    -27.3 · years  35.6 · road 0.38 · starved  1226 · nobles  -0.3 · read 56.8 · walls  5.3 · fell 87.4% (mother 34.5%) · prince 12.7% · king  6.8% · crowned  4.8% (median year 66) · 3.7s
try  5 · gen   37 · best    137.9 · elite     76.1 · median    -10.6 · years  52.7 · road 0.35 · starved   777 · nobles  -8.3 · read 61.6 · walls  5.3 · fell 64.1% (mother 24.2%) · prince  0.1% · king  0.0% · crowned  0.0% · 3.7s
try  6 · gen   37 · best    574.5 · elite    249.5 · median    -49.3 · years  29.9 · road 0.29 · starved  1575 · nobles  +0.6 · read 43.1 · walls  1.2 · fell 87.6% (mother 41.6%) · prince 12.7% · king  7.4% · crowned  5.0% (median year 58) · 3.7s
try  7 · gen   37 · best    472.3 · elite    191.4 · median    -64.8 · years  29.3 · road 0.29 · starved  1202 · nobles  -0.9 · read 48.4 · walls  1.1 · fell 89.8% (mother 52.3%) · prince  8.9% · king  4.8% · crowned  3.0% (median year 58) · 3.7s
try  8 · gen   37 · best    732.9 · elite    226.1 · median    -52.4 · years  36.9 · road 0.33 · starved  1632 · nobles  -0.7 · read 62.1 · walls  4.2 · fell 86.8% (mother 40.9%) · prince 10.4% · king  5.9% · crowned  3.7% (median year 69) · 3.7s
try  1 · gen   38 · best    680.9 · elite    266.7 · median    -27.8 · years  34.5 · road 0.35 · starved  1285 · nobles  -0.6 · read 50.7 · walls  4.6 · fell 86.1% (mother 42.8%) · prince 12.5% · king  5.9% · crowned  3.4% (median year 49) · 3.8s
try  2 · gen   38 · best    666.2 · elite    192.4 · median    -37.6 · years  34.7 · road 0.33 · starved  1144 · nobles  -0.5 · read 65.0 · walls  5.3 · fell 87.6% (mother 39.8%) · prince  9.1% · king  3.6% · crowned  2.6% (median year 63) · 3.8s
try  3 · gen   38 · best    569.8 · elite    178.4 · median    -70.1 · years  30.4 · road 0.30 · starved  1445 · nobles  -0.8 · read 71.1 · walls  3.5 · fell 90.8% (mother 46.9%) · prince  6.6% · king  4.3% · crowned  2.8% (median year 62) · 3.8s
try  4 · gen   38 · best    742.4 · elite    296.4 · median    -13.7 · years  36.1 · road 0.39 · starved  1175 · nobles  -0.1 · read 57.5 · walls  5.7 · fell 86.6% (mother 34.0%) · prince 13.9% · king  7.8% · crowned  5.5% (median year 63) · 3.8s
try  5 · gen   38 · best    187.3 · elite     82.4 · median    -11.2 · years  52.9 · road 0.35 · starved   770 · nobles  -7.9 · read 63.5 · walls  5.6 · fell 64.7% (mother 21.5%) · prince  0.2% · king  0.0% · crowned  0.0% · 3.8s
try  6 · gen   38 · best    583.3 · elite    251.1 · median    -53.3 · years  29.7 · road 0.29 · starved  1677 · nobles  +0.7 · read 41.3 · walls  1.0 · fell 88.5% (mother 42.6%) · prince 12.2% · king  7.1% · crowned  4.5% (median year 55) · 3.8s
try  7 · gen   38 · best    607.7 · elite    204.9 · median    -59.7 · years  28.5 · road 0.29 · starved  1213 · nobles  -0.5 · read 47.7 · walls  1.0 · fell 89.7% (mother 54.2%) · prince  9.9% · king  5.6% · crowned  3.8% (median year 57) · 3.8s
try  8 · gen   38 · best    559.0 · elite    228.8 · median    -52.5 · years  37.1 · road 0.33 · starved  1595 · nobles  -0.1 · read 61.0 · walls  4.5 · fell 85.5% (mother 39.5%) · prince 11.0% · king  6.4% · crowned  4.1% (median year 68) · 3.8s
try  1 · gen   39 · best    625.5 · elite    268.8 · median    -26.5 · years  32.9 · road 0.35 · starved  1216 · nobles  -0.6 · read 48.9 · walls  4.5 · fell 85.3% (mother 42.0%) · prince 12.3% · king  6.4% · crowned  3.9% (median year 48) · 3.7s
try  2 · gen   39 · best    753.4 · elite    211.8 · median    -45.1 · years  33.1 · road 0.32 · starved  1165 · nobles  -0.2 · read 65.0 · walls  5.0 · fell 89.0% (mother 44.5%) · prince  9.3% · king  4.0% · crowned  3.0% (median year 60) · 3.7s
try  3 · gen   39 · best    399.8 · elite    162.9 · median    -68.4 · years  29.5 · road 0.30 · starved  1417 · nobles  -1.0 · read 69.0 · walls  3.4 · fell 91.0% (mother 48.8%) · prince  6.5% · king  3.9% · crowned  2.7% (median year 60) · 3.7s
try  4 · gen   39 · best    579.9 · elite    312.9 · median    -17.6 · years  35.4 · road 0.39 · starved  1204 · nobles  -0.0 · read 57.1 · walls  5.7 · fell 86.8% (mother 35.7%) · prince 14.3% · king  7.7% · crowned  5.3% (median year 58) · 3.7s
try  5 · gen   39 · best    132.5 · elite     78.5 · median     -6.7 · years  53.8 · road 0.36 · starved   785 · nobles  -8.0 · read 66.0 · walls  5.9 · fell 64.2% (mother 21.7%) · prince  0.2% · king  0.0% · crowned  0.0% · 3.7s
try  6 · gen   39 · best    587.4 · elite    256.4 · median    -54.7 · years  29.8 · road 0.29 · starved  1692 · nobles  +0.8 · read 40.9 · walls  1.0 · fell 89.1% (mother 42.5%) · prince 11.8% · king  7.0% · crowned  4.2% (median year 56) · 3.7s
try  7 · gen   39 · best    553.8 · elite    252.7 · median    -60.4 · years  28.2 · road 0.29 · starved  1207 · nobles  -0.7 · read 48.8 · walls  1.0 · fell 88.5% (mother 51.7%) · prince 10.2% · king  5.7% · crowned  4.0% (median year 57) · 3.7s
try  8 · gen   39 · best    705.8 · elite    239.2 · median    -44.3 · years  37.7 · road 0.34 · starved  1545 · nobles  -0.3 · read 56.6 · walls  4.8 · fell 84.9% (mother 40.3%) · prince 12.7% · king  6.9% · crowned  4.3% (median year 69) · 3.7s
try  1 · gen   40 · best    749.2 · elite    274.2 · median    -29.7 · years  31.8 · road 0.35 · starved  1191 · nobles  -0.8 · read 48.8 · walls  4.1 · fell 85.5% (mother 40.3%) · prince 12.6% · king  6.2% · crowned  4.0% (median year 48) · 3.7s
try  2 · gen   40 · best    452.3 · elite    200.6 · median    -51.2 · years  30.5 · road 0.31 · starved  1101 · nobles  +0.0 · read 63.4 · walls  4.6 · fell 89.5% (mother 42.9%) · prince  8.8% · king  3.9% · crowned  2.9% (median year 58) · 3.7s
try  3 · gen   40 · best    581.5 · elite    213.9 · median    -69.0 · years  28.8 · road 0.30 · starved  1285 · nobles  -0.8 · read 67.6 · walls  3.0 · fell 90.1% (mother 48.9%) · prince  7.2% · king  4.9% · crowned  3.4% (median year 56) · 3.7s
try  4 · gen   40 · best    535.1 · elite    276.5 · median    -10.6 · years  34.2 · road 0.39 · starved  1183 · nobles  +0.8 · read 54.1 · walls  5.5 · fell 86.4% (mother 35.0%) · prince 14.6% · king  7.5% · crowned  5.5% (median year 59) · 3.7s
try  5 · gen   40 · best    161.8 · elite     81.8 · median     -8.1 · years  52.7 · road 0.35 · starved   777 · nobles  -7.6 · read 65.4 · walls  5.7 · fell 65.5% (mother 22.6%) · prince  0.3% · king  0.0% · crowned  0.0% · 3.7s
try  6 · gen   40 · best    761.2 · elite    273.7 · median    -44.7 · years  30.0 · road 0.30 · starved  1549 · nobles  +1.5 · read 40.8 · walls  1.0 · fell 88.6% (mother 43.7%) · prince 12.4% · king  7.2% · crowned  4.8% (median year 54) · 3.7s
try  7 · gen   40 · best    581.0 · elite    245.6 · median    -54.2 · years  27.4 · road 0.29 · starved  1791 · nobles  -0.7 · read 47.2 · walls  1.1 · fell 87.7% (mother 49.2%) · prince 10.8% · king  6.8% · crowned  4.6% (median year 55) · 3.7s
try  8 · gen   40 · best    585.1 · elite    252.9 · median    -44.0 · years  36.7 · road 0.34 · starved  1481 · nobles  +0.1 · read 52.3 · walls  4.9 · fell 85.8% (mother 39.8%) · prince 11.9% · king  6.8% · crowned  4.6% (median year 67) · 3.7s
try  1 · gen   41 · best    672.2 · elite    284.3 · median    -24.7 · years  31.0 · road 0.35 · starved  1196 · nobles  -0.1 · read 46.9 · walls  4.1 · fell 85.6% (mother 40.6%) · prince 12.5% · king  6.8% · crowned  4.6% (median year 46) · 3.7s
try  2 · gen   41 · best    580.3 · elite    212.5 · median    -51.4 · years  30.6 · road 0.32 · starved  1133 · nobles  -0.1 · read 64.4 · walls  4.5 · fell 90.1% (mother 46.3%) · prince  8.8% · king  3.9% · crowned  2.9% (median year 54) · 3.7s
try  3 · gen   41 · best    502.5 · elite    210.1 · median    -68.7 · years  28.5 · road 0.31 · starved  1415 · nobles  -0.8 · read 64.9 · walls  3.1 · fell 89.2% (mother 48.6%) · prince  7.7% · king  4.7% · crowned  3.5% (median year 54) · 3.7s
try  4 · gen   41 · best    613.0 · elite    319.3 · median    -18.0 · years  33.9 · road 0.38 · starved  1190 · nobles  +1.3 · read 52.8 · walls  5.3 · fell 86.2% (mother 35.2%) · prince 14.2% · king  7.7% · crowned  5.8% (median year 57) · 3.7s
try  5 · gen   41 · best    159.6 · elite     80.3 · median     -4.9 · years  53.7 · road 0.36 · starved   835 · nobles  -7.8 · read 67.3 · walls  5.5 · fell 67.6% (mother 23.7%) · prince  0.5% · king  0.0% · crowned  0.0% · 3.7s
try  6 · gen   41 · best    753.0 · elite    263.0 · median    -49.3 · years  29.5 · road 0.30 · starved  1446 · nobles  +1.2 · read 39.1 · walls  1.0 · fell 88.7% (mother 42.2%) · prince 11.7% · king  6.3% · crowned  4.1% (median year 53) · 3.7s
try  7 · gen   41 · best    734.7 · elite    304.5 · median    -45.9 · years  28.2 · road 0.30 · starved  1527 · nobles  -0.4 · read 47.4 · walls  1.1 · fell 85.3% (mother 46.6%) · prince 12.1% · king  7.9% · crowned  5.6% (median year 52) · 3.7s
try  8 · gen   41 · best    589.4 · elite    253.8 · median    -30.5 · years  36.3 · road 0.35 · starved  1410 · nobles  +0.3 · read 48.2 · walls  5.2 · fell 85.7% (mother 38.6%) · prince 12.6% · king  7.3% · crowned  5.0% (median year 67) · 3.7s
try  1 · gen   42 · best    590.2 · elite    282.0 · median    -30.7 · years  29.9 · road 0.35 · starved  1203 · nobles  +1.1 · read 46.0 · walls  3.9 · fell 87.3% (mother 44.4%) · prince 12.1% · king  6.2% · crowned  4.3% (median year 47) · 3.7s
try  2 · gen   42 · best    589.7 · elite    228.5 · median    -49.0 · years  30.4 · road 0.32 · starved  1143 · nobles  +0.2 · read 65.8 · walls  4.5 · fell 89.0% (mother 45.8%) · prince  9.2% · king  4.5% · crowned  3.6% (median year 53) · 3.7s
try  3 · gen   42 · best    467.8 · elite    211.6 · median    -69.4 · years  28.3 · road 0.31 · starved  1409 · nobles  -0.6 · read 64.5 · walls  3.3 · fell 89.4% (mother 48.0%) · prince  8.4% · king  5.3% · crowned  3.7% (median year 55) · 3.7s
try  4 · gen   42 · best    663.6 · elite    286.2 · median    -15.1 · years  33.4 · road 0.38 · starved  1209 · nobles  +1.7 · read 51.4 · walls  5.1 · fell 86.1% (mother 36.7%) · prince 14.4% · king  7.6% · crowned  5.7% (median year 59) · 3.7s
try  5 · gen   42 · best    140.4 · elite     85.4 · median     -7.7 · years  52.1 · road 0.35 · starved   810 · nobles  -7.7 · read 64.7 · walls  5.7 · fell 69.7% (mother 25.1%) · prince  0.6% · king  0.0% · crowned  0.0% · 3.7s
try  6 · gen   42 · best    615.3 · elite    266.2 · median    -40.5 · years  29.5 · road 0.30 · starved  1447 · nobles  +1.5 · read 37.7 · walls  0.9 · fell 88.5% (mother 42.4%) · prince 12.5% · king  7.4% · crowned  4.8% (median year 50) · 3.7s
try  7 · gen   42 · best    606.0 · elite    287.3 · median    -47.7 · years  28.0 · road 0.30 · starved  1168 · nobles  -0.5 · read 46.8 · walls  1.1 · fell 86.6% (mother 47.2%) · prince 12.2% · king  8.0% · crowned  5.2% (median year 53) · 3.7s
try  8 · gen   42 · best    590.4 · elite    269.4 · median    -43.4 · years  33.5 · road 0.34 · starved  1426 · nobles  +0.0 · read 40.5 · walls  5.2 · fell 86.3% (mother 39.7%) · prince 10.8% · king  7.0% · crowned  4.8% (median year 65) · 3.7s
try  1 · gen   43 · best    672.5 · elite    325.3 · median    -28.1 · years  30.1 · road 0.35 · starved  1225 · nobles  +1.8 · read 47.2 · walls  3.8 · fell 86.7% (mother 41.8%) · prince 13.0% · king  6.8% · crowned  5.0% (median year 45) · 3.6s
try  2 · gen   43 · best    571.5 · elite    234.8 · median    -49.1 · years  28.6 · road 0.32 · starved  1084 · nobles  +0.6 · read 62.4 · walls  4.2 · fell 89.2% (mother 46.8%) · prince  9.2% · king  4.7% · crowned  3.8% (median year 50) · 3.6s
try  3 · gen   43 · best   1104.1 · elite    255.4 · median    -66.5 · years  27.3 · road 0.31 · starved  1477 · nobles  -0.6 · read 58.9 · walls  3.2 · fell 89.3% (mother 50.4%) · prince  8.2% · king  5.5% · crowned  3.9% (median year 50) · 3.6s
try  4 · gen   43 · best    683.7 · elite    284.2 · median    -18.6 · years  33.1 · road 0.38 · starved  1241 · nobles  +1.7 · read 48.8 · walls  5.1 · fell 86.5% (mother 39.8%) · prince 13.9% · king  7.6% · crowned  5.3% (median year 57) · 3.6s
try  5 · gen   43 · best    225.9 · elite     84.5 · median     -5.8 · years  52.4 · road 0.35 · starved   847 · nobles  -7.2 · read 66.3 · walls  5.7 · fell 69.8% (mother 24.2%) · prince  0.6% · king  0.1% · crowned  0.0% (median year 68) · 3.6s
try  6 · gen   43 · best    658.6 · elite    300.2 · median    -40.4 · years  30.0 · road 0.31 · starved  1396 · nobles  +1.7 · read 37.6 · walls  1.0 · fell 86.5% (mother 40.8%) · prince 13.3% · king  8.0% · crowned  5.2% (median year 51) · 3.6s
try  7 · gen   43 · best    623.7 · elite    285.9 · median    -44.1 · years  27.2 · road 0.29 · starved  1211 · nobles  -0.5 · read 44.6 · walls  1.0 · fell 86.2% (mother 45.7%) · prince 12.3% · king  7.7% · crowned  5.4% (median year 51) · 3.6s
try  8 · gen   43 · best    538.9 · elite    254.5 · median    -34.5 · years  32.5 · road 0.34 · starved  1281 · nobles  +0.6 · read 37.3 · walls  5.6 · fell 86.5% (mother 36.8%) · prince 10.2% · king  6.9% · crowned  5.2% (median year 65) · 3.6s
try  1 · gen   44 · best    620.3 · elite    301.9 · median    -28.5 · years  29.7 · road 0.35 · starved  1215 · nobles  +1.4 · read 45.9 · walls  3.4 · fell 87.2% (mother 42.1%) · prince 12.8% · king  6.5% · crowned  4.8% (median year 47) · 3.5s
try  2 · gen   44 · best    603.6 · elite    236.2 · median    -48.8 · years  28.8 · road 0.32 · starved  1098 · nobles  +0.2 · read 61.6 · walls  4.2 · fell 89.9% (mother 47.5%) · prince  9.2% · king  4.2% · crowned  3.2% (median year 51) · 3.5s
try  3 · gen   44 · best    606.1 · elite    292.6 · median    -60.7 · years  27.6 · road 0.32 · starved  1368 · nobles  -0.5 · read 59.1 · walls  3.5 · fell 87.7% (mother 46.7%) · prince  9.2% · king  6.5% · crowned  4.8% (median year 49) · 3.5s
try  4 · gen   44 · best    633.9 · elite    296.6 · median    -15.8 · years  33.2 · road 0.38 · starved  1253 · nobles  +1.2 · read 47.2 · walls  4.7 · fell 87.1% (mother 37.2%) · prince 15.0% · king  8.2% · crowned  5.5% (median year 56) · 3.5s
try  5 · gen   44 · best    148.3 · elite     82.5 · median     -5.9 · years  51.3 · road 0.35 · starved   850 · nobles  -7.0 · read 66.8 · walls  5.8 · fell 71.9% (mother 24.9%) · prince  0.9% · king  0.0% · crowned  0.0% · 3.5s
try  6 · gen   44 · best    636.4 · elite    281.7 · median    -37.6 · years  29.5 · road 0.31 · starved  1351 · nobles  +1.9 · read 36.7 · walls  1.2 · fell 87.6% (mother 41.5%) · prince 12.9% · king  7.3% · crowned  4.6% (median year 50) · 3.5s
try  7 · gen   44 · best    655.4 · elite    286.5 · median    -41.9 · years  26.8 · road 0.30 · starved  1294 · nobles  +0.1 · read 45.5 · walls  1.1 · fell 86.7% (mother 46.1%) · prince 11.4% · king  7.5% · crowned  5.4% (median year 51) · 3.5s
try  8 · gen   44 · best    783.7 · elite    243.4 · median    -34.0 · years  33.2 · road 0.35 · starved  1288 · nobles  +0.8 · read 35.2 · walls  5.9 · fell 87.8% (mother 37.9%) · prince 10.6% · king  6.7% · crowned  5.0% (median year 68) · 3.5s
try  1 · gen   45 · best    534.6 · elite    262.4 · median    -29.0 · years  29.8 · road 0.35 · starved  1274 · nobles  +0.9 · read 45.5 · walls  3.7 · fell 86.7% (mother 41.6%) · prince 12.9% · king  6.6% · crowned  4.5% (median year 45) · 3.6s
try  2 · gen   45 · best    548.8 · elite    252.6 · median    -48.3 · years  27.9 · road 0.31 · starved  1067 · nobles  +0.5 · read 58.7 · walls  3.9 · fell 88.5% (mother 46.3%) · prince  9.1% · king  4.8% · crowned  4.0% (median year 50) · 3.6s
try  3 · gen   45 · best    650.2 · elite    268.9 · median    -60.4 · years  26.9 · road 0.33 · starved  1387 · nobles  -0.7 · read 56.0 · walls  3.5 · fell 88.4% (mother 50.3%) · prince  9.0% · king  6.3% · crowned  4.8% (median year 49) · 3.6s
try  4 · gen   45 · best    593.1 · elite    319.7 · median    -10.6 · years  32.9 · road 0.37 · starved  1190 · nobles  +2.0 · read 46.6 · walls  4.2 · fell 85.9% (mother 37.6%) · prince 15.7% · king  8.3% · crowned  6.1% (median year 55) · 3.6s
try  5 · gen   45 · best    136.7 · elite     77.0 · median     -7.8 · years  50.4 · road 0.35 · starved   842 · nobles  -6.8 · read 66.1 · walls  5.8 · fell 73.2% (mother 27.0%) · prince  0.7% · king  0.1% · crowned  0.0% · 3.6s
try  6 · gen   45 · best    650.7 · elite    292.5 · median    -39.6 · years  28.7 · road 0.31 · starved  1324 · nobles  +2.2 · read 35.2 · walls  1.1 · fell 87.3% (mother 40.8%) · prince 12.9% · king  7.5% · crowned  4.9% (median year 49) · 3.6s
try  7 · gen   45 · best    690.6 · elite    290.4 · median    -45.9 · years  27.0 · road 0.30 · starved  1120 · nobles  -0.2 · read 45.5 · walls  1.4 · fell 87.7% (mother 46.2%) · prince 10.9% · king  7.2% · crowned  5.0% (median year 49) · 3.6s
try  8 · gen   45 · best    513.1 · elite    248.3 · median    -38.4 · years  32.2 · road 0.35 · starved  1279 · nobles  +0.9 · read 31.3 · walls  6.2 · fell 88.2% (mother 38.4%) · prince 10.2% · king  6.1% · crowned  4.6% (median year 67) · 3.6s
try  1 · gen   46 · best    636.4 · elite    287.6 · median    -26.9 · years  29.7 · road 0.35 · starved  1261 · nobles  +1.9 · read 44.2 · walls  3.7 · fell 87.6% (mother 43.0%) · prince 13.1% · king  5.9% · crowned  4.3% (median year 44) · 3.5s
try  2 · gen   46 · best    538.6 · elite    245.5 · median    -49.2 · years  27.9 · road 0.32 · starved  1083 · nobles  +1.1 · read 59.6 · walls  3.6 · fell 88.8% (mother 45.1%) · prince  9.8% · king  5.1% · crowned  4.0% (median year 50) · 3.5s
try  3 · gen   46 · best    711.7 · elite    275.6 · median    -63.6 · years  25.9 · road 0.32 · starved  1528 · nobles  -0.8 · read 52.7 · walls  3.5 · fell 87.8% (mother 50.0%) · prince  9.2% · king  6.5% · crowned  4.8% (median year 47) · 3.5s
try  4 · gen   46 · best   1014.3 · elite    324.4 · median    -16.2 · years  31.9 · road 0.36 · starved  1196 · nobles  +2.0 · read 43.7 · walls  3.9 · fell 86.3% (mother 38.7%) · prince 15.1% · king  8.4% · crowned  5.9% (median year 55) · 3.5s
try  5 · gen   46 · best    152.9 · elite     83.8 · median     -8.6 · years  50.5 · road 0.34 · starved   883 · nobles  -6.5 · read 68.7 · walls  5.9 · fell 75.1% (mother 27.0%) · prince  0.8% · king  0.0% · crowned  0.0% · 3.5s
try  6 · gen   46 · best    806.2 · elite    300.4 · median    -29.9 · years  28.9 · road 0.31 · starved  1187 · nobles  +3.0 · read 33.9 · walls  1.4 · fell 87.4% (mother 41.5%) · prince 13.0% · king  7.9% · crowned  5.3% (median year 50) · 3.5s
try  7 · gen   46 · best    618.5 · elite    288.6 · median    -44.1 · years  26.2 · road 0.30 · starved  1135 · nobles  -0.6 · read 42.3 · walls  1.4 · fell 86.3% (mother 47.4%) · prince 11.1% · king  7.6% · crowned  5.4% (median year 50) · 3.5s
try  8 · gen   46 · best    500.6 · elite    253.5 · median    -35.5 · years  32.3 · road 0.35 · starved  1305 · nobles  +0.6 · read 30.2 · walls  6.1 · fell 88.5% (mother 38.0%) · prince 10.4% · king  6.5% · crowned  4.8% (median year 65) · 3.5s
try  1 · gen   47 · best    573.6 · elite    309.9 · median    -30.8 · years  29.4 · road 0.35 · starved  1200 · nobles  +1.1 · read 46.3 · walls  3.2 · fell 86.4% (mother 41.0%) · prince 13.1% · king  6.6% · crowned  4.7% (median year 44) · 3.5s
try  2 · gen   47 · best    724.5 · elite    260.9 · median    -50.8 · years  27.3 · road 0.31 · starved  1109 · nobles  +1.4 · read 57.4 · walls  3.3 · fell 89.1% (mother 47.3%) · prince 10.4% · king  5.0% · crowned  4.0% (median year 51) · 3.5s
try  3 · gen   47 · best    766.4 · elite    289.7 · median    -56.2 · years  26.8 · road 0.33 · starved  1708 · nobles  -0.7 · read 54.2 · walls  3.6 · fell 87.2% (mother 50.5%) · prince 10.1% · king  7.0% · crowned  5.2% (median year 48) · 3.5s
try  4 · gen   47 · best    863.2 · elite    326.5 · median    -12.9 · years  31.8 · road 0.36 · starved  1183 · nobles  +2.2 · read 43.3 · walls  4.0 · fell 84.8% (mother 40.1%) · prince 14.4% · king  8.9% · crowned  6.4% (median year 54) · 3.5s
try  5 · gen   47 · best    173.1 · elite     86.7 · median     -4.1 · years  51.6 · road 0.34 · starved   886 · nobles  -6.9 · read 71.5 · walls  5.9 · fell 73.9% (mother 26.3%) · prince  0.6% · king  0.1% · crowned  0.0% (median year 78) · 3.5s
try  6 · gen   47 · best    778.9 · elite    333.7 · median    -24.4 · years  28.6 · road 0.32 · starved  1231 · nobles  +2.9 · read 33.0 · walls  1.6 · fell 87.3% (mother 41.8%) · prince 14.0% · king  9.2% · crowned  5.9% (median year 48) · 3.5s
try  7 · gen   47 · best    770.9 · elite    292.1 · median    -34.3 · years  26.7 · road 0.31 · starved  1129 · nobles  -0.3 · read 42.5 · walls  1.5 · fell 86.9% (mother 45.8%) · prince 12.1% · king  8.1% · crowned  5.7% (median year 49) · 3.5s
try  8 · gen   47 · best    531.1 · elite    265.3 · median    -28.7 · years  33.0 · road 0.36 · starved  1312 · nobles  +0.8 · read 30.9 · walls  6.5 · fell 88.2% (mother 36.2%) · prince 11.1% · king  7.1% · crowned  5.2% (median year 63) · 3.5s
try  1 · gen   48 · best    620.6 · elite    280.4 · median    -28.7 · years  27.9 · road 0.35 · starved  1148 · nobles  +1.1 · read 42.4 · walls  3.3 · fell 87.4% (mother 42.4%) · prince 12.3% · king  6.4% · crowned  4.3% (median year 43) · 3.5s
try  2 · gen   48 · best    482.5 · elite    226.8 · median    -41.0 · years  27.5 · road 0.32 · starved  1080 · nobles  +0.7 · read 57.7 · walls  3.5 · fell 89.6% (mother 48.7%) · prince 10.1% · king  4.9% · crowned  3.9% (median year 49) · 3.5s
try  3 · gen   48 · best    687.8 · elite    291.4 · median    -53.0 · years  26.4 · road 0.33 · starved  1292 · nobles  -0.6 · read 52.9 · walls  3.3 · fell 87.5% (mother 49.8%) · prince 11.0% · king  7.2% · crowned  5.2% (median year 47) · 3.5s
try  4 · gen   48 · best    653.3 · elite    345.7 · median    -12.1 · years  31.1 · road 0.37 · starved  1145 · nobles  +2.3 · read 41.4 · walls  3.9 · fell 85.0% (mother 40.9%) · prince 14.5% · king  8.6% · crowned  6.5% (median year 52) · 3.5s
try  5 · gen   48 · best    178.7 · elite     83.4 · median     -9.3 · years  50.0 · road 0.35 · starved   860 · nobles  -7.3 · read 70.5 · walls  6.0 · fell 73.5% (mother 27.8%) · prince  0.8% · king  0.1% · crowned  0.0% · 3.5s
try  6 · gen   48 · best    805.9 · elite    308.9 · median    -27.3 · years  28.7 · road 0.32 · starved  1254 · nobles  +2.7 · read 31.8 · walls  1.6 · fell 86.8% (mother 42.8%) · prince 14.1% · king  8.3% · crowned  5.4% (median year 47) · 3.5s
try  7 · gen   48 · best    574.8 · elite    291.6 · median    -34.1 · years  27.0 · road 0.31 · starved  1168 · nobles  -0.3 · read 42.1 · walls  1.4 · fell 87.3% (mother 46.9%) · prince 12.9% · king  8.3% · crowned  5.6% (median year 49) · 3.5s
try  8 · gen   48 · best    634.0 · elite    287.9 · median    -29.1 · years  32.7 · road 0.36 · starved  1315 · nobles  +1.2 · read 29.9 · walls  6.2 · fell 87.4% (mother 34.3%) · prince 11.9% · king  7.4% · crowned  5.3% (median year 61) · 3.5s
try  1 · gen   49 · best    597.8 · elite    270.9 · median    -24.1 · years  29.0 · road 0.35 · starved  1230 · nobles  +1.7 · read 44.1 · walls  3.5 · fell 88.6% (mother 44.3%) · prince 13.4% · king  6.5% · crowned  4.0% (median year 43) · 3.6s
try  2 · gen   49 · best    630.5 · elite    250.0 · median    -42.1 · years  27.2 · road 0.32 · starved  1090 · nobles  +1.1 · read 56.3 · walls  3.5 · fell 89.4% (mother 47.8%) · prince 10.2% · king  5.2% · crowned  4.2% (median year 49) · 3.6s
try  3 · gen   49 · best    766.2 · elite    315.0 · median    -52.4 · years  26.1 · road 0.33 · starved  1311 · nobles  -0.7 · read 51.2 · walls  3.0 · fell 86.7% (mother 49.5%) · prince 11.1% · king  7.5% · crowned  5.5% (median year 46) · 3.6s
try  4 · gen   49 · best    778.9 · elite    367.5 · median    -11.4 · years  31.0 · road 0.36 · starved  1162 · nobles  +3.0 · read 40.7 · walls  3.6 · fell 84.0% (mother 39.7%) · prince 15.5% · king  9.0% · crowned  6.9% (median year 51) · 3.6s
try  5 · gen   49 · best    150.8 · elite     80.4 · median     -6.3 · years  50.7 · road 0.36 · starved   859 · nobles  -7.9 · read 69.4 · walls  6.4 · fell 72.3% (mother 27.2%) · prince  0.4% · king  0.0% · crowned  0.0% · 3.6s
try  6 · gen   49 · best    797.6 · elite    319.3 · median    -26.4 · years  28.4 · road 0.32 · starved  1197 · nobles  +3.0 · read 30.6 · walls  1.9 · fell 86.9% (mother 43.9%) · prince 13.4% · king  8.1% · crowned  5.8% (median year 49) · 3.6s
try  7 · gen   49 · best    827.6 · elite    298.3 · median    -47.5 · years  25.6 · road 0.30 · starved  1387 · nobles  -0.3 · read 39.8 · walls  1.4 · fell 87.6% (mother 47.2%) · prince 11.7% · king  7.7% · crowned  5.4% (median year 49) · 3.6s
try  8 · gen   49 · best    643.7 · elite    323.6 · median    -23.9 · years  32.5 · road 0.36 · starved  1225 · nobles  +1.3 · read 30.8 · walls  6.1 · fell 86.5% (mother 31.3%) · prince 12.2% · king  7.9% · crowned  6.1% (median year 61) · 3.6s
try  1 · gen   50 · best    609.6 · elite    294.8 · median    -23.2 · years  27.4 · road 0.35 · starved  1208 · nobles  +0.9 · read 41.7 · walls  3.2 · fell 87.2% (mother 43.6%) · prince 13.3% · king  6.7% · crowned  4.8% (median year 41) · 3.5s
try  2 · gen   50 · best    655.7 · elite    252.9 · median    -43.4 · years  28.0 · road 0.33 · starved  1095 · nobles  +0.9 · read 55.5 · walls  4.1 · fell 88.6% (mother 47.3%) · prince 10.1% · king  5.1% · crowned  3.9% (median year 49) · 3.5s
try  3 · gen   50 · best    850.0 · elite    326.0 · median    -46.1 · years  26.4 · road 0.33 · starved  1187 · nobles  -0.1 · read 49.8 · walls  3.1 · fell 85.3% (mother 45.9%) · prince 12.2% · king  8.3% · crowned  6.0% (median year 46) · 3.5s
try  4 · gen   50 · best    917.7 · elite    366.0 · median     -5.6 · years  30.7 · road 0.36 · starved  1112 · nobles  +3.0 · read 39.5 · walls  3.3 · fell 82.3% (mother 37.1%) · prince 15.5% · king  9.4% · crowned  7.2% (median year 49) · 3.5s
try  5 · gen   50 · best    165.2 · elite     85.4 · median     -2.9 · years  51.2 · road 0.37 · starved   862 · nobles  -8.7 · read 67.2 · walls  6.8 · fell 71.7% (mother 28.0%) · prince  0.7% · king  0.0% · crowned  0.0% · 3.5s
try  6 · gen   50 · best    630.8 · elite    331.4 · median    -28.4 · years  28.3 · road 0.32 · starved  1227 · nobles  +3.5 · read 31.8 · walls  1.8 · fell 87.3% (mother 44.5%) · prince 13.9% · king  8.4% · crowned  5.8% (median year 47) · 3.5s
try  7 · gen   50 · best    814.4 · elite    313.1 · median    -37.6 · years  26.1 · road 0.31 · starved  1599 · nobles  -0.6 · read 41.0 · walls  1.6 · fell 87.6% (mother 47.9%) · prince 12.0% · king  8.0% · crowned  5.4% (median year 48) · 3.5s
try  8 · gen   50 · best    759.1 · elite    311.4 · median    -17.0 · years  33.3 · road 0.36 · starved  1273 · nobles  +1.4 · read 30.3 · walls  6.0 · fell 85.4% (mother 29.8%) · prince 13.1% · king  8.6% · crowned  6.6% (median year 58) · 3.5s
try  1 · gen   51 · best    895.1 · elite    337.9 · median    -20.4 · years  27.6 · road 0.35 · starved  1152 · nobles  +0.8 · read 41.3 · walls  2.9 · fell 86.4% (mother 42.5%) · prince 14.7% · king  8.0% · crowned  5.6% (median year 40) · 3.6s
try  2 · gen   51 · best    813.9 · elite    263.5 · median    -32.7 · years  28.9 · road 0.34 · starved  2440 · nobles  +1.0 · read 55.8 · walls  4.4 · fell 88.8% (mother 48.2%) · prince 10.9% · king  5.3% · crowned  4.1% (median year 49) · 3.6s
try  3 · gen   51 · best    656.5 · elite    310.7 · median    -42.7 · years  26.3 · road 0.33 · starved  1184 · nobles  +0.2 · read 52.3 · walls  2.8 · fell 85.4% (mother 46.7%) · prince 12.6% · king  8.1% · crowned  6.0% (median year 46) · 3.6s
try  4 · gen   51 · best    824.5 · elite    392.2 · median      2.5 · years  30.0 · road 0.36 · starved  1066 · nobles  +2.8 · read 38.9 · walls  3.2 · fell 83.5% (mother 37.7%) · prince 15.7% · king 10.2% · crowned  7.8% (median year 49) · 3.6s
try  5 · gen   51 · best    220.2 · elite     87.5 · median     -2.6 · years  51.5 · road 0.37 · starved   872 · nobles  -9.3 · read 68.0 · walls  6.7 · fell 71.8% (mother 29.0%) · prince  0.7% · king  0.1% · crowned  0.0% (median year 70) · 3.6s
try  6 · gen   51 · best    881.8 · elite    377.9 · median    -25.6 · years  28.2 · road 0.32 · starved  1220 · nobles  +2.8 · read 29.9 · walls  1.4 · fell 85.8% (mother 43.6%) · prince 15.2% · king  9.6% · crowned  6.7% (median year 45) · 3.6s
try  7 · gen   51 · best    615.3 · elite    321.5 · median    -32.8 · years  26.3 · road 0.32 · starved  1152 · nobles  +0.2 · read 41.3 · walls  1.8 · fell 86.3% (mother 47.0%) · prince 11.7% · king  8.4% · crowned  6.3% (median year 46) · 3.6s
try  8 · gen   51 · best    986.8 · elite    316.2 · median    -21.8 · years  33.6 · road 0.36 · starved  1301 · nobles  +1.4 · read 30.8 · walls  6.2 · fell 85.4% (mother 30.3%) · prince 13.4% · king  8.1% · crowned  6.1% (median year 61) · 3.6s
try  1 · gen   52 · best    722.5 · elite    324.5 · median    -23.1 · years  26.5 · road 0.35 · starved  1107 · nobles  +0.6 · read 37.4 · walls  2.6 · fell 86.5% (mother 43.2%) · prince 14.6% · king  8.0% · crowned  5.4% (median year 39) · 3.5s
try  2 · gen   52 · best    796.9 · elite    283.0 · median    -35.1 · years  29.1 · road 0.35 · starved  1364 · nobles  +0.6 · read 55.0 · walls  4.7 · fell 88.8% (mother 47.6%) · prince 10.6% · king  5.5% · crowned  4.4% (median year 51) · 3.5s
try  3 · gen   52 · best    682.5 · elite    334.7 · median    -38.9 · years  27.0 · road 0.33 · starved  1112 · nobles  +0.7 · read 53.4 · walls  2.6 · fell 84.4% (mother 43.2%) · prince 12.8% · king  8.4% · crowned  6.6% (median year 46) · 3.5s
try  4 · gen   52 · best    855.0 · elite    383.8 · median     -8.4 · years  29.9 · road 0.36 · starved  1098 · nobles  +2.6 · read 40.2 · walls  3.2 · fell 84.1% (mother 39.3%) · prince 15.4% · king  9.9% · crowned  7.4% (median year 49) · 3.5s
try  5 · gen   52 · best    170.6 · elite     86.1 · median     -0.0 · years  51.3 · road 0.37 · starved   866 · nobles  -9.1 · read 65.8 · walls  6.7 · fell 71.7% (mother 28.1%) · prince  1.1% · king  0.1% · crowned  0.0% (median year 88) · 3.5s
try  6 · gen   52 · best   1101.5 · elite    393.8 · median    -19.8 · years  27.5 · road 0.32 · starved  1232 · nobles  +3.0 · read 27.6 · walls  1.1 · fell 85.8% (mother 41.1%) · prince 15.7% · king 10.2% · crowned  7.2% (median year 44) · 3.5s
try  7 · gen   52 · best    691.5 · elite    319.7 · median    -33.2 · years  26.6 · road 0.31 · starved  1374 · nobles  +0.6 · read 42.8 · walls  1.7 · fell 87.0% (mother 46.8%) · prince 12.2% · king  8.0% · crowned  5.8% (median year 48) · 3.5s
try  8 · gen   52 · best    665.2 · elite    299.2 · median    -16.5 · years  34.3 · road 0.36 · starved  1327 · nobles  +1.5 · read 32.8 · walls  6.2 · fell 86.4% (mother 29.7%) · prince 13.3% · king  8.1% · crowned  6.2% (median year 60) · 3.5s
try  1 · gen   53 · best    693.1 · elite    318.8 · median    -15.8 · years  26.6 · road 0.35 · starved  1143 · nobles  +0.9 · read 36.5 · walls  2.8 · fell 86.5% (mother 45.7%) · prince 15.6% · king  8.0% · crowned  5.4% (median year 37) · 3.5s
try  2 · gen   53 · best    818.4 · elite    295.3 · median    -25.9 · years  29.0 · road 0.34 · starved  1035 · nobles  +0.5 · read 54.6 · walls  4.7 · fell 86.6% (mother 46.8%) · prince 11.1% · king  6.1% · crowned  4.7% (median year 47) · 3.5s
try  3 · gen   53 · best    888.7 · elite    346.5 · median    -34.1 · years  27.1 · road 0.33 · starved  1144 · nobles  +1.3 · read 51.2 · walls  2.5 · fell 83.4% (mother 43.9%) · prince 13.6% · king  8.5% · crowned  6.5% (median year 45) · 3.5s
try  4 · gen   53 · best    779.1 · elite    387.0 · median    -10.7 · years  29.3 · road 0.36 · starved  1237 · nobles  +2.2 · read 38.4 · walls  3.5 · fell 83.8% (mother 42.0%) · prince 15.0% · king  9.8% · crowned  7.8% (median year 49) · 3.5s
try  5 · gen   53 · best    182.9 · elite     97.3 · median     -0.2 · years  51.8 · road 0.38 · starved   845 · nobles  -9.7 · read 66.2 · walls  6.8 · fell 71.3% (mother 26.8%) · prince  1.1% · king  0.1% · crowned  0.0% (median year 79) · 3.5s
try  6 · gen   53 · best    878.9 · elite    347.0 · median    -17.6 · years  27.3 · road 0.31 · starved  1198 · nobles  +3.0 · read 26.1 · walls  1.0 · fell 85.5% (mother 40.6%) · prince 15.0% · king  9.8% · crowned  7.2% (median year 46) · 3.5s
try  7 · gen   53 · best    704.7 · elite    325.3 · median    -33.2 · years  26.7 · road 0.31 · starved  1015 · nobles  +1.4 · read 41.1 · walls  1.5 · fell 86.8% (mother 45.8%) · prince 12.1% · king  8.1% · crowned  6.3% (median year 48) · 3.5s
try  8 · gen   53 · best    730.1 · elite    301.9 · median    -21.0 · years  33.8 · road 0.36 · starved  1280 · nobles  +1.7 · read 32.6 · walls  6.1 · fell 86.0% (mother 31.8%) · prince 13.4% · king  8.0% · crowned  6.2% (median year 60) · 3.5s
try  1 · gen   54 · best    889.6 · elite    378.8 · median    -17.8 · years  25.6 · road 0.35 · starved  1041 · nobles  -0.1 · read 36.3 · walls  2.6 · fell 84.5% (mother 43.0%) · prince 15.5% · king  8.9% · crowned  6.4% (median year 37) · 3.5s
try  2 · gen   54 · best    605.9 · elite    297.1 · median    -23.6 · years  28.4 · road 0.34 · starved  1009 · nobles  +0.9 · read 52.8 · walls  4.5 · fell 85.9% (mother 43.6%) · prince 11.8% · king  6.8% · crowned  5.6% (median year 46) · 3.5s
try  3 · gen   54 · best    641.4 · elite    359.6 · median    -38.1 · years  27.0 · road 0.33 · starved  1223 · nobles  +1.9 · read 48.6 · walls  2.4 · fell 84.3% (mother 44.3%) · prince 13.1% · king  8.8% · crowned  6.5% (median year 46) · 3.5s
try  4 · gen   54 · best    818.4 · elite    361.6 · median     -6.9 · years  29.3 · road 0.36 · starved  1154 · nobles  +2.3 · read 37.3 · walls  3.5 · fell 84.5% (mother 42.9%) · prince 15.0% · king 10.0% · crowned  7.6% (median year 53) · 3.5s
try  5 · gen   54 · best    153.3 · elite     88.7 · median     -0.5 · years  50.2 · road 0.38 · starved   861 · nobles  -9.7 · read 63.2 · walls  6.7 · fell 73.9% (mother 28.5%) · prince  1.1% · king  0.1% · crowned  0.0% · 3.5s
try  6 · gen   54 · best    898.5 · elite    357.6 · median    -20.7 · years  27.1 · road 0.32 · starved  1212 · nobles  +2.4 · read 26.5 · walls  0.9 · fell 87.0% (mother 43.3%) · prince 15.4% · king  9.9% · crowned  7.1% (median year 46) · 3.5s
try  7 · gen   54 · best    900.3 · elite    375.4 · median    -28.7 · years  27.4 · road 0.32 · starved  1402 · nobles  +1.6 · read 40.1 · walls  1.4 · fell 85.6% (mother 43.3%) · prince 13.8% · king  8.8% · crowned  7.0% (median year 48) · 3.5s
try  8 · gen   54 · best    624.5 · elite    303.8 · median    -16.4 · years  33.2 · road 0.36 · starved  1296 · nobles  +1.6 · read 31.5 · walls  6.1 · fell 87.0% (mother 33.7%) · prince 13.2% · king  7.9% · crowned  6.2% (median year 60) · 3.5s
try  1 · gen   55 · best    845.9 · elite    363.0 · median    -17.8 · years  25.3 · road 0.35 · starved  1021 · nobles  -0.2 · read 36.0 · walls  2.6 · fell 84.8% (mother 45.1%) · prince 15.9% · king  8.8% · crowned  6.1% (median year 35) · 3.5s
try  2 · gen   55 · best    622.9 · elite    303.9 · median    -27.3 · years  28.4 · road 0.35 · starved  1435 · nobles  +0.8 · read 51.2 · walls  5.0 · fell 87.3% (mother 44.8%) · prince 11.6% · king  6.3% · crowned  5.0% (median year 47) · 3.5s
try  3 · gen   55 · best    731.3 · elite    325.3 · median    -34.0 · years  26.8 · road 0.33 · starved  1459 · nobles  +1.9 · read 49.3 · walls  2.3 · fell 84.3% (mother 43.4%) · prince 13.1% · king  8.1% · crowned  6.0% (median year 44) · 3.5s
try  4 · gen   55 · best    823.1 · elite    384.7 · median     -1.9 · years  29.6 · road 0.36 · starved  1113 · nobles  +2.4 · read 39.0 · walls  3.2 · fell 81.6% (mother 39.3%) · prince 15.3% · king 10.2% · crowned  8.1% (median year 51) · 3.5s
try  5 · gen   55 · best    166.2 · elite     90.0 · median      1.5 · years  51.5 · road 0.37 · starved   833 · nobles  -9.6 · read 64.1 · walls  6.9 · fell 71.9% (mother 27.2%) · prince  0.6% · king  0.1% · crowned  0.0% · 3.5s
try  6 · gen   55 · best    935.7 · elite    389.3 · median    -17.1 · years  26.9 · road 0.31 · starved  1238 · nobles  +2.8 · read 26.3 · walls  0.9 · fell 85.8% (mother 41.5%) · prince 15.6% · king 10.4% · crowned  7.7% (median year 44) · 3.5s
try  7 · gen   55 · best    895.1 · elite    375.0 · median    -25.3 · years  27.1 · road 0.32 · starved  2192 · nobles  +0.8 · read 39.1 · walls  1.2 · fell 84.7% (mother 41.4%) · prince 13.7% · king  9.5% · crowned  7.1% (median year 47) · 3.5s
try  8 · gen   55 · best    659.1 · elite    331.7 · median    -17.5 · years  33.1 · road 0.36 · starved  1295 · nobles  +1.5 · read 31.9 · walls  6.0 · fell 85.5% (mother 33.1%) · prince 14.2% · king  8.5% · crowned  6.5% (median year 60) · 3.5s
try  1 · gen   56 · best    742.9 · elite    397.0 · median    -19.1 · years  25.0 · road 0.35 · starved  1024 · nobles  -0.3 · read 35.9 · walls  2.5 · fell 84.6% (mother 44.6%) · prince 16.3% · king  9.2% · crowned  6.4% (median year 35) · 3.5s
try  2 · gen   56 · best    651.7 · elite    351.2 · median    -24.1 · years  28.9 · road 0.35 · starved   990 · nobles  +1.0 · read 50.9 · walls  5.2 · fell 86.2% (mother 40.5%) · prince 12.3% · king  6.8% · crowned  5.6% (median year 45) · 3.5s
try  3 · gen   56 · best    658.2 · elite    301.2 · median    -37.8 · years  26.3 · road 0.32 · starved  1181 · nobles  +2.2 · read 47.0 · walls  2.1 · fell 85.7% (mother 43.8%) · prince 12.7% · king  8.1% · crowned  5.6% (median year 43) · 3.5s
try  4 · gen   56 · best    620.8 · elite    366.9 · median     -8.7 · years  29.6 · road 0.36 · starved  1176 · nobles  +2.3 · read 38.3 · walls  3.0 · fell 83.6% (mother 40.5%) · prince 15.1% · king 10.0% · crowned  7.5% (median year 50) · 3.5s
try  5 · gen   56 · best    171.2 · elite     95.1 · median      4.3 · years  52.4 · road 0.37 · starved   839 · nobles  -9.6 · read 63.5 · walls  6.9 · fell 71.6% (mother 26.9%) · prince  0.6% · king  0.1% · crowned  0.0% · 3.5s
try  6 · gen   56 · best    680.0 · elite    408.9 · median    -15.2 · years  26.4 · road 0.31 · starved  1123 · nobles  +2.8 · read 25.9 · walls  0.9 · fell 84.8% (mother 41.5%) · prince 15.7% · king 10.8% · crowned  8.4% (median year 44) · 3.5s
try  7 · gen   56 · best    666.0 · elite    382.7 · median    -17.2 · years  26.5 · road 0.32 · starved  1530 · nobles  +0.2 · read 37.3 · walls  1.2 · fell 83.2% (mother 39.8%) · prince 14.5% · king 10.0% · crowned  7.6% (median year 45) · 3.5s
try  8 · gen   56 · best    809.3 · elite    340.1 · median    -15.1 · years  32.5 · road 0.36 · starved  1247 · nobles  +1.7 · read 31.6 · walls  5.8 · fell 86.6% (mother 35.2%) · prince 14.5% · king  8.4% · crowned  6.6% (median year 57) · 3.5s
try  1 · gen   57 · best    919.9 · elite    370.4 · median    -12.8 · years  24.5 · road 0.35 · starved  1028 · nobles  +0.1 · read 34.7 · walls  2.5 · fell 84.6% (mother 43.6%) · prince 15.9% · king  9.1% · crowned  6.6% (median year 34) · 3.6s
try  2 · gen   57 · best    739.1 · elite    329.4 · median    -20.8 · years  28.9 · road 0.35 · starved   946 · nobles  +1.8 · read 50.6 · walls  5.0 · fell 85.1% (mother 36.0%) · prince 12.2% · king  6.7% · crowned  5.8% (median year 44) · 3.6s
try  3 · gen   57 · best    904.2 · elite    327.7 · median    -39.1 · years  25.9 · road 0.32 · starved  1137 · nobles  +2.0 · read 46.7 · walls  2.1 · fell 85.2% (mother 44.6%) · prince 11.1% · king  7.6% · crowned  5.6% (median year 43) · 3.6s
try  4 · gen   57 · best    829.6 · elite    367.4 · median     -7.9 · years  29.4 · road 0.36 · starved  1191 · nobles  +2.2 · read 36.3 · walls  3.4 · fell 83.0% (mother 40.9%) · prince 14.7% · king  9.8% · crowned  7.7% (median year 50) · 3.6s
try  5 · gen   57 · best    201.1 · elite     96.1 · median      3.8 · years  51.0 · road 0.37 · starved   812 · nobles  -9.1 · read 60.8 · walls  7.1 · fell 72.3% (mother 26.2%) · prince  1.1% · king  0.1% · crowned  0.0% (median year 95) · 3.6s
try  6 · gen   57 · best    869.0 · elite    440.7 · median    -16.2 · years  26.3 · road 0.32 · starved  1135 · nobles  +2.8 · read 26.4 · walls  0.9 · fell 85.0% (mother 41.9%) · prince 16.5% · king 11.0% · crowned  8.1% (median year 41) · 3.6s
try  7 · gen   57 · best    707.2 · elite    385.8 · median    -18.5 · years  26.3 · road 0.32 · starved  1182 · nobles  +0.1 · read 38.6 · walls  1.2 · fell 82.3% (mother 40.6%) · prince 14.8% · king 10.1% · crowned  7.4% (median year 43) · 3.6s
try  8 · gen   57 · best    890.6 · elite    304.2 · median    -17.0 · years  32.4 · road 0.36 · starved  1292 · nobles  +1.4 · read 32.0 · walls  5.8 · fell 87.2% (mother 38.0%) · prince 13.7% · king  8.2% · crowned  6.1% (median year 59) · 3.6s
try  1 · gen   58 · best    686.2 · elite    375.7 · median     -7.6 · years  24.3 · road 0.35 · starved   986 · nobles  -0.9 · read 34.9 · walls  2.3 · fell 85.1% (mother 45.1%) · prince 15.8% · king  9.1% · crowned  6.7% (median year 33) · 3.5s
try  2 · gen   58 · best    836.1 · elite    349.2 · median    -18.9 · years  28.6 · road 0.35 · starved   923 · nobles  +2.3 · read 50.3 · walls  4.6 · fell 85.9% (mother 36.1%) · prince 12.4% · king  6.9% · crowned  5.6% (median year 43) · 3.5s
try  3 · gen   58 · best    645.3 · elite    322.2 · median    -37.8 · years  26.3 · road 0.32 · starved  1237 · nobles  +1.8 · read 47.0 · walls  2.1 · fell 85.6% (mother 42.7%) · prince 13.1% · king  8.7% · crowned  5.9% (median year 44) · 3.5s
try  4 · gen   58 · best    776.2 · elite    361.4 · median      8.4 · years  29.8 · road 0.36 · starved  1146 · nobles  +2.0 · read 37.6 · walls  3.3 · fell 82.2% (mother 38.6%) · prince 16.4% · king 10.8% · crowned  8.0% (median year 49) · 3.5s
try  5 · gen   58 · best    180.0 · elite     90.9 · median      0.3 · years  50.6 · road 0.37 · starved   873 · nobles  -8.9 · read 59.0 · walls  7.1 · fell 73.8% (mother 27.4%) · prince  1.3% · king  0.1% · crowned  0.0% · 3.5s
try  6 · gen   58 · best    936.6 · elite    414.3 · median    -11.2 · years  26.8 · road 0.32 · starved  1120 · nobles  +3.5 · read 25.7 · walls  1.0 · fell 85.3% (mother 41.9%) · prince 16.6% · king 11.0% · crowned  7.9% (median year 42) · 3.5s
try  7 · gen   58 · best    829.2 · elite    419.7 · median    -14.7 · years  26.0 · road 0.32 · starved  1249 · nobles  +0.1 · read 38.8 · walls  1.4 · fell 83.3% (mother 42.5%) · prince 15.3% · king 10.4% · crowned  7.8% (median year 43) · 3.5s
try  8 · gen   58 · best    665.1 · elite    301.0 · median    -22.1 · years  31.4 · road 0.35 · starved  1264 · nobles  +1.7 · read 30.6 · walls  5.7 · fell 87.4% (mother 39.9%) · prince 13.1% · king  7.5% · crowned  5.6% (median year 59) · 3.5s
try  1 · gen   59 · best    735.1 · elite    393.0 · median    -14.6 · years  24.3 · road 0.35 · starved  1009 · nobles  -0.2 · read 33.6 · walls  2.2 · fell 84.8% (mother 43.0%) · prince 16.8% · king  9.6% · crowned  6.6% (median year 33) · 3.4s
try  2 · gen   59 · best    667.9 · elite    333.0 · median    -18.1 · years  28.5 · road 0.35 · starved   913 · nobles  +2.8 · read 50.0 · walls  4.4 · fell 85.7% (mother 33.8%) · prince 11.9% · king  6.8% · crowned  5.4% (median year 44) · 3.4s
try  3 · gen   59 · best    794.0 · elite    319.7 · median    -37.9 · years  26.4 · road 0.32 · starved  1512 · nobles  +1.9 · read 45.0 · walls  2.1 · fell 85.4% (mother 41.6%) · prince 13.4% · king  8.3% · crowned  6.0% (median year 43) · 3.4s
try  4 · gen   59 · best   1043.6 · elite    420.6 · median     -0.7 · years  30.1 · road 0.36 · starved  1165 · nobles  +2.5 · read 37.4 · walls  3.3 · fell 81.5% (mother 39.3%) · prince 16.8% · king 11.1% · crowned  8.4% (median year 50) · 3.4s
try  5 · gen   59 · best    164.0 · elite     92.3 · median     -0.4 · years  51.5 · road 0.36 · starved   935 · nobles  -8.9 · read 60.6 · walls  7.2 · fell 74.3% (mother 27.2%) · prince  1.6% · king  0.1% · crowned  0.0% · 3.4s
try  6 · gen   59 · best    884.2 · elite    410.7 · median    -12.4 · years  26.3 · road 0.32 · starved  1120 · nobles  +3.2 · read 24.7 · walls  1.0 · fell 84.3% (mother 41.5%) · prince 16.4% · king 10.7% · crowned  7.8% (median year 41) · 3.4s
try  7 · gen   59 · best    919.7 · elite    426.4 · median    -11.7 · years  25.8 · road 0.32 · starved  1308 · nobles  +0.2 · read 40.5 · walls  1.4 · fell 82.3% (mother 41.2%) · prince 16.0% · king 11.4% · crowned  8.2% (median year 41) · 3.4s
try  8 · gen   59 · best    867.5 · elite    300.3 · median    -26.4 · years  31.7 · road 0.35 · starved  1307 · nobles  +1.3 · read 32.1 · walls  5.5 · fell 88.7% (mother 40.7%) · prince 13.4% · king  7.6% · crowned  5.7% (median year 61) · 3.4s
try  1 · gen   60 · best    954.7 · elite    421.3 · median     -7.3 · years  24.3 · road 0.35 · starved  1014 · nobles  +0.0 · read 34.0 · walls  2.2 · fell 83.7% (mother 41.0%) · prince 17.2% · king 10.1% · crowned  7.0% (median year 33) · 3.5s
try  2 · gen   60 · best    648.1 · elite    338.5 · median    -13.9 · years  28.0 · road 0.35 · starved   869 · nobles  +2.6 · read 48.5 · walls  4.2 · fell 85.3% (mother 34.7%) · prince 12.3% · king  7.3% · crowned  5.9% (median year 42) · 3.5s
try  3 · gen   60 · best    775.7 · elite    348.0 · median    -34.8 · years  26.9 · road 0.33 · starved  1253 · nobles  +1.7 · read 44.2 · walls  2.1 · fell 84.2% (mother 39.4%) · prince 13.8% · king  8.5% · crowned  5.9% (median year 43) · 3.5s
try  4 · gen   60 · best    650.3 · elite    388.3 · median     -6.8 · years  29.5 · road 0.35 · starved  1156 · nobles  +2.3 · read 36.1 · walls  3.1 · fell 82.5% (mother 39.2%) · prince 16.0% · king 10.0% · crowned  7.7% (median year 49) · 3.5s
try  5 · gen   60 · best    191.4 · elite     97.2 · median     -3.5 · years  51.5 · road 0.36 · starved   983 · nobles  -8.3 · read 62.0 · walls  7.2 · fell 75.7% (mother 27.5%) · prince  1.7% · king  0.1% · crowned  0.0% · 3.5s
try  6 · gen   60 · best    809.9 · elite    415.4 · median    -11.3 · years  26.4 · road 0.32 · starved  1101 · nobles  +3.8 · read 24.1 · walls  1.2 · fell 84.2% (mother 40.1%) · prince 16.4% · king 10.6% · crowned  7.6% (median year 40) · 3.5s
try  7 · gen   60 · best    939.2 · elite    428.8 · median    -17.7 · years  25.2 · road 0.32 · starved  1312 · nobles  +0.4 · read 39.4 · walls  1.3 · fell 81.9% (mother 40.6%) · prince 15.2% · king 10.8% · crowned  8.0% (median year 40) · 3.5s
try  8 · gen   60 · best    960.1 · elite    300.5 · median    -21.1 · years  32.4 · road 0.36 · starved  1308 · nobles  +1.8 · read 33.0 · walls  5.5 · fell 88.1% (mother 38.8%) · prince 13.9% · king  7.7% · crowned  5.9% (median year 60) · 3.5s
try  1 · gen   61 · best    942.4 · elite    384.9 · median     -3.1 · years  25.0 · road 0.35 · starved  1071 · nobles  +0.8 · read 35.1 · walls  2.0 · fell 84.5% (mother 41.1%) · prince 17.4% · king  9.7% · crowned  7.0% (median year 33) · 3.4s
try  2 · gen   61 · best    670.6 · elite    358.1 · median    -14.4 · years  27.5 · road 0.34 · starved   878 · nobles  +2.7 · read 48.7 · walls  4.0 · fell 85.2% (mother 36.7%) · prince 13.3% · king  8.1% · crowned  6.8% (median year 41) · 3.4s
try  3 · gen   61 · best    693.2 · elite    332.1 · median    -27.6 · years  26.5 · road 0.33 · starved  1886 · nobles  +1.7 · read 42.8 · walls  2.0 · fell 84.2% (mother 41.0%) · prince 13.9% · king  9.0% · crowned  5.9% (median year 42) · 3.4s
try  4 · gen   61 · best    774.3 · elite    373.5 · median     -6.8 · years  29.2 · road 0.35 · starved  1143 · nobles  +2.7 · read 35.5 · walls  3.3 · fell 83.0% (mother 39.8%) · prince 15.5% · king  9.9% · crowned  7.8% (median year 51) · 3.4s
try  5 · gen   61 · best    156.8 · elite     87.4 · median     -1.5 · years  50.9 · road 0.36 · starved  1126 · nobles  -8.1 · read 59.7 · walls  7.1 · fell 76.2% (mother 28.4%) · prince  2.0% · king  0.1% · crowned  0.0% · 3.4s
try  6 · gen   61 · best    671.0 · elite    417.6 · median     -3.2 · years  26.5 · road 0.32 · starved  1110 · nobles  +5.2 · read 24.7 · walls  1.2 · fell 83.7% (mother 40.2%) · prince 17.0% · king 11.0% · crowned  8.4% (median year 40) · 3.4s
try  7 · gen   61 · best    915.3 · elite    420.7 · median    -20.2 · years  25.0 · road 0.32 · starved  1399 · nobles  +1.1 · read 38.0 · walls  1.5 · fell 82.2% (mother 40.3%) · prince 15.0% · king 10.2% · crowned  7.9% (median year 40) · 3.4s
try  8 · gen   61 · best    584.2 · elite    312.3 · median    -23.4 · years  32.1 · road 0.36 · starved  1317 · nobles  +2.3 · read 32.5 · walls  5.4 · fell 87.8% (mother 38.9%) · prince 13.5% · king  7.4% · crowned  6.0% (median year 60) · 3.4s
try  1 · gen   62 · best    967.5 · elite    420.0 · median     -4.5 · years  24.7 · road 0.35 · starved  1055 · nobles  +0.8 · read 35.4 · walls  1.8 · fell 84.6% (mother 40.5%) · prince 18.7% · king 10.1% · crowned  7.0% (median year 32) · 3.5s
try  2 · gen   62 · best    644.0 · elite    343.5 · median    -14.2 · years  27.0 · road 0.34 · starved   953 · nobles  +2.8 · read 48.2 · walls  3.8 · fell 86.8% (mother 38.9%) · prince 12.9% · king  7.5% · crowned  5.8% (median year 41) · 3.5s
try  3 · gen   62 · best    841.6 · elite    339.8 · median    -36.6 · years  26.6 · road 0.32 · starved  1666 · nobles  +2.1 · read 42.2 · walls  2.0 · fell 84.7% (mother 41.7%) · prince 13.8% · king  8.5% · crowned  5.8% (median year 41) · 3.5s
try  4 · gen   62 · best    809.3 · elite    362.1 · median     -4.6 · years  30.2 · road 0.36 · starved  1178 · nobles  +2.5 · read 36.6 · walls  3.3 · fell 83.1% (mother 39.3%) · prince 16.1% · king  9.6% · crowned  7.5% (median year 51) · 3.5s
try  5 · gen   62 · best    168.1 · elite     93.6 · median      0.3 · years  51.2 · road 0.36 · starved  1118 · nobles  -7.9 · read 60.7 · walls  7.1 · fell 76.2% (mother 28.4%) · prince  2.2% · king  0.1% · crowned  0.0% · 3.5s
try  6 · gen   62 · best    819.7 · elite    412.2 · median     -4.6 · years  25.9 · road 0.32 · starved  1098 · nobles  +4.7 · read 24.3 · walls  1.2 · fell 84.8% (mother 41.1%) · prince 17.3% · king 11.0% · crowned  8.3% (median year 40) · 3.5s
try  7 · gen   62 · best    814.8 · elite    439.9 · median    -14.1 · years  24.6 · road 0.32 · starved  1453 · nobles  +1.2 · read 38.2 · walls  1.3 · fell 82.3% (mother 41.5%) · prince 15.4% · king 11.2% · crowned  8.5% (median year 39) · 3.5s
try  8 · gen   62 · best    624.5 · elite    293.2 · median    -17.9 · years  32.5 · road 0.36 · starved  1313 · nobles  +2.1 · read 33.1 · walls  5.2 · fell 87.9% (mother 37.7%) · prince 14.0% · king  7.5% · crowned  5.8% (median year 60) · 3.5s
try  1 · gen   63 · best    774.4 · elite    431.9 · median    -11.0 · years  24.3 · road 0.34 · starved  1117 · nobles  +1.3 · read 34.8 · walls  1.9 · fell 84.0% (mother 41.7%) · prince 18.1% · king  9.4% · crowned  6.9% (median year 31) · 3.4s
try  2 · gen   63 · best    709.6 · elite    379.3 · median    -15.2 · years  26.6 · road 0.34 · starved   892 · nobles  +2.0 · read 47.7 · walls  3.6 · fell 85.7% (mother 38.8%) · prince 12.8% · king  8.0% · crowned  6.3% (median year 40) · 3.4s
try  3 · gen   63 · best    690.1 · elite    384.5 · median    -36.8 · years  26.4 · road 0.33 · starved  3153 · nobles  +2.1 · read 41.8 · walls  2.2 · fell 84.2% (mother 42.5%) · prince 13.7% · king  8.8% · crowned  6.5% (median year 42) · 3.4s
try  4 · gen   63 · best    676.7 · elite    356.6 · median     -1.7 · years  29.7 · road 0.35 · starved  1197 · nobles  +2.8 · read 36.8 · walls  2.9 · fell 82.9% (mother 36.0%) · prince 16.0% · king  9.8% · crowned  7.5% (median year 48) · 3.4s
try  5 · gen   63 · best    181.7 · elite     90.7 · median     -0.5 · years  51.3 · road 0.36 · starved  1087 · nobles  -7.9 · read 60.2 · walls  7.2 · fell 75.5% (mother 27.9%) · prince  2.5% · king  0.1% · crowned  0.0% (median year 89) · 3.4s
try  6 · gen   63 · best    728.9 · elite    430.1 · median     -1.5 · years  26.1 · road 0.32 · starved  1146 · nobles  +4.2 · read 23.9 · walls  1.3 · fell 84.3% (mother 41.1%) · prince 17.5% · king 11.7% · crowned  8.5% (median year 40) · 3.4s
try  7 · gen   63 · best    905.5 · elite    438.1 · median    -18.6 · years  24.0 · road 0.32 · starved  1213 · nobles  +0.6 · read 36.2 · walls  1.4 · fell 81.6% (mother 43.2%) · prince 15.0% · king 11.1% · crowned  7.9% (median year 37) · 3.4s
try  8 · gen   63 · best    471.4 · elite    282.1 · median    -18.5 · years  32.8 · road 0.36 · starved  1334 · nobles  +2.0 · read 33.0 · walls  5.2 · fell 87.6% (mother 36.8%) · prince 13.9% · king  7.7% · crowned  5.7% (median year 60) · 3.4s
try  1 · gen   64 · best    735.6 · elite    417.2 · median     -4.7 · years  23.7 · road 0.35 · starved  1123 · nobles  +1.1 · read 34.3 · walls  1.8 · fell 85.1% (mother 43.5%) · prince 18.2% · king  9.7% · crowned  6.8% (median year 31) · 3.4s
try  2 · gen   64 · best    687.0 · elite    388.8 · median    -12.9 · years  26.0 · road 0.34 · starved   862 · nobles  +2.0 · read 46.4 · walls  3.4 · fell 85.6% (mother 37.5%) · prince 13.7% · king  8.6% · crowned  6.9% (median year 39) · 3.4s
try  3 · gen   64 · best    840.6 · elite    372.9 · median    -28.8 · years  26.5 · road 0.33 · starved  1756 · nobles  +2.0 · read 41.6 · walls  2.4 · fell 84.1% (mother 42.1%) · prince 14.9% · king  9.2% · crowned  6.7% (median year 42) · 3.4s
try  4 · gen   64 · best    804.0 · elite    346.8 · median     -8.5 · years  30.1 · road 0.35 · starved  1172 · nobles  +3.1 · read 36.5 · walls  2.8 · fell 84.1% (mother 36.0%) · prince 15.5% · king  9.4% · crowned  7.1% (median year 49) · 3.4s
try  5 · gen   64 · best    218.9 · elite     90.1 · median     -7.6 · years  49.7 · road 0.35 · starved  1193 · nobles  -7.3 · read 58.9 · walls  7.1 · fell 77.2% (mother 30.0%) · prince  3.0% · king  0.2% · crowned  0.0% · 3.4s
try  6 · gen   64 · best    701.9 · elite    407.4 · median    -16.3 · years  25.9 · road 0.32 · starved  1184 · nobles  +4.1 · read 23.3 · walls  1.4 · fell 85.4% (mother 43.2%) · prince 17.2% · king 10.6% · crowned  7.5% (median year 40) · 3.4s
try  7 · gen   64 · best    898.9 · elite    448.2 · median      6.2 · years  24.4 · road 0.33 · starved  1141 · nobles  +0.8 · read 36.7 · walls  1.6 · fell 81.4% (mother 43.8%) · prince 17.7% · king 12.3% · crowned  8.7% (median year 36) · 3.4s
try  8 · gen   64 · best    631.6 · elite    288.6 · median    -21.3 · years  32.3 · road 0.36 · starved  1388 · nobles  +2.5 · read 31.6 · walls  5.2 · fell 87.5% (mother 37.9%) · prince 13.9% · king  7.5% · crowned  5.9% (median year 61) · 3.4s
try  1 · gen   65 · best    943.7 · elite    425.4 · median     -9.6 · years  24.1 · road 0.35 · starved  1232 · nobles  +1.1 · read 35.3 · walls  1.9 · fell 84.7% (mother 43.4%) · prince 18.9% · king  9.5% · crowned  6.9% (median year 32) · 3.4s
try  2 · gen   65 · best    677.4 · elite    368.7 · median    -16.0 · years  25.9 · road 0.34 · starved   891 · nobles  +1.9 · read 45.6 · walls  3.4 · fell 84.6% (mother 37.7%) · prince 13.4% · king  8.2% · crowned  6.6% (median year 39) · 3.4s
try  3 · gen   65 · best    670.6 · elite    363.4 · median    -25.6 · years  26.1 · road 0.33 · starved  1369 · nobles  +2.5 · read 43.1 · walls  2.3 · fell 83.4% (mother 42.8%) · prince 14.8% · king  8.6% · crowned  6.4% (median year 41) · 3.4s
try  4 · gen   65 · best    704.8 · elite    364.9 · median     -8.9 · years  29.7 · road 0.35 · starved  1211 · nobles  +3.6 · read 33.1 · walls  2.9 · fell 85.1% (mother 38.5%) · prince 16.0% · king  9.1% · crowned  7.1% (median year 48) · 3.4s
try  5 · gen   65 · best    209.3 · elite     99.4 · median     -0.1 · years  50.8 · road 0.36 · starved  1072 · nobles  -7.6 · read 59.8 · walls  7.1 · fell 75.5% (mother 29.0%) · prince  3.5% · king  0.2% · crowned  0.1% (median year 95) · 3.4s
try  6 · gen   65 · best   1182.4 · elite    445.2 · median     -7.0 · years  25.4 · road 0.32 · starved  1290 · nobles  +3.0 · read 23.1 · walls  1.3 · fell 84.3% (mother 42.6%) · prince 17.1% · king 11.2% · crowned  8.1% (median year 39) · 3.4s
try  7 · gen   65 · best    891.4 · elite    461.7 · median     11.1 · years  24.4 · road 0.34 · starved  1030 · nobles  +0.9 · read 34.5 · walls  1.9 · fell 78.2% (mother 41.3%) · prince 18.3% · king 12.4% · crowned  8.8% (median year 36) · 3.4s
try  8 · gen   65 · best    605.3 · elite    303.5 · median    -21.1 · years  31.8 · road 0.35 · starved  1361 · nobles  +2.9 · read 31.1 · walls  5.1 · fell 87.5% (mother 37.5%) · prince 14.1% · king  7.9% · crowned  6.2% (median year 59) · 3.4s
try  1 · gen   66 · best    904.3 · elite    443.1 · median     -5.7 · years  23.5 · road 0.35 · starved  1173 · nobles  +1.3 · read 34.7 · walls  1.8 · fell 84.3% (mother 42.3%) · prince 18.5% · king 10.1% · crowned  7.5% (median year 31) · 3.4s
try  2 · gen   66 · best    839.5 · elite    397.9 · median    -14.2 · years  25.9 · road 0.34 · starved   879 · nobles  +2.1 · read 45.4 · walls  3.3 · fell 84.6% (mother 36.8%) · prince 13.7% · king  8.5% · crowned  7.1% (median year 37) · 3.4s
try  3 · gen   66 · best    686.9 · elite    367.8 · median    -21.3 · years  25.9 · road 0.34 · starved  1203 · nobles  +2.1 · read 43.2 · walls  2.1 · fell 83.3% (mother 45.3%) · prince 15.6% · king  9.3% · crowned  6.7% (median year 39) · 3.4s
try  4 · gen   66 · best    816.5 · elite    389.3 · median     -3.7 · years  29.3 · road 0.35 · starved  1305 · nobles  +3.4 · read 32.1 · walls  3.0 · fell 84.3% (mother 40.0%) · prince 16.8% · king  9.2% · crowned  7.4% (median year 47) · 3.4s
try  5 · gen   66 · best    258.0 · elite     94.5 · median     -2.5 · years  50.4 · road 0.36 · starved  1157 · nobles  -7.8 · read 59.3 · walls  7.1 · fell 77.2% (mother 30.4%) · prince  3.3% · king  0.2% · crowned  0.1% (median year 71) · 3.4s
try  6 · gen   66 · best    739.7 · elite    436.2 · median      8.1 · years  25.5 · road 0.32 · starved  1269 · nobles  +3.3 · read 22.3 · walls  1.4 · fell 84.2% (mother 42.7%) · prince 18.6% · king 12.5% · crowned  9.1% (median year 41) · 3.4s
try  7 · gen   66 · best   1141.3 · elite    494.6 · median      5.8 · years  23.9 · road 0.34 · starved  1242 · nobles  +1.5 · read 34.3 · walls  1.8 · fell 77.8% (mother 40.7%) · prince 17.8% · king 12.7% · crowned  9.4% (median year 35) · 3.4s
try  8 · gen   66 · best    611.7 · elite    283.2 · median    -15.1 · years  32.6 · road 0.36 · starved  1357 · nobles  +2.4 · read 32.1 · walls  5.3 · fell 87.9% (mother 39.5%) · prince 14.0% · king  7.8% · crowned  5.8% (median year 60) · 3.4s
try  1 · gen   67 · best   1057.3 · elite    488.6 · median      5.6 · years  23.5 · road 0.35 · starved  1110 · nobles  +1.9 · read 34.7 · walls  1.7 · fell 82.5% (mother 40.6%) · prince 19.6% · king 10.9% · crowned  8.5% (median year 31) · 3.4s
try  2 · gen   67 · best    687.7 · elite    371.5 · median    -10.5 · years  25.9 · road 0.34 · starved   860 · nobles  +2.1 · read 44.6 · walls  3.0 · fell 84.6% (mother 34.4%) · prince 14.1% · king  8.4% · crowned  7.1% (median year 38) · 3.4s
try  3 · gen   67 · best    864.9 · elite    378.1 · median    -24.2 · years  25.9 · road 0.34 · starved  1821 · nobles  +2.4 · read 41.1 · walls  2.2 · fell 82.8% (mother 43.0%) · prince 15.4% · king  9.4% · crowned  7.2% (median year 40) · 3.4s
try  4 · gen   67 · best    613.0 · elite    344.8 · median     -2.7 · years  30.1 · road 0.35 · starved  1228 · nobles  +3.8 · read 32.4 · walls  2.8 · fell 85.4% (mother 39.5%) · prince 17.3% · king  9.3% · crowned  7.0% (median year 49) · 3.4s
try  5 · gen   67 · best    201.0 · elite     94.3 · median     -4.9 · years  50.4 · road 0.37 · starved  1233 · nobles  -8.1 · read 60.4 · walls  7.2 · fell 77.4% (mother 30.5%) · prince  4.3% · king  0.1% · crowned  0.0% (median year 75) · 3.4s
try  6 · gen   67 · best    715.8 · elite    432.9 · median     -4.7 · years  25.6 · road 0.32 · starved  1245 · nobles  +3.3 · read 22.2 · walls  1.4 · fell 84.1% (mother 42.1%) · prince 17.4% · king 11.4% · crowned  8.4% (median year 39) · 3.4s
try  7 · gen   67 · best    969.3 · elite    504.8 · median     11.8 · years  23.1 · road 0.33 · starved  1278 · nobles  +1.0 · read 33.9 · walls  1.7 · fell 78.3% (mother 44.4%) · prince 18.1% · king 12.8% · crowned  9.6% (median year 33) · 3.4s
try  8 · gen   67 · best    764.3 · elite    306.7 · median    -14.8 · years  32.5 · road 0.36 · starved  1303 · nobles  +2.1 · read 31.4 · walls  5.7 · fell 87.5% (mother 38.2%) · prince 14.4% · king  8.1% · crowned  6.3% (median year 60) · 3.4s
try  1 · gen   68 · best    984.1 · elite    483.3 · median      0.1 · years  23.6 · road 0.34 · starved  1159 · nobles  +2.2 · read 34.2 · walls  1.7 · fell 84.5% (mother 43.0%) · prince 19.4% · king 10.9% · crowned  8.2% (median year 31) · 3.4s
try  2 · gen   68 · best    913.1 · elite    390.7 · median     -8.3 · years  26.3 · road 0.34 · starved   904 · nobles  +1.5 · read 44.9 · walls  3.2 · fell 83.8% (mother 36.5%) · prince 14.3% · king  8.6% · crowned  7.3% (median year 38) · 3.4s
try  3 · gen   68 · best    643.3 · elite    333.9 · median    -33.5 · years  24.9 · road 0.33 · starved  1176 · nobles  +2.1 · read 39.4 · walls  2.0 · fell 84.4% (mother 45.3%) · prince 14.1% · king  8.5% · crowned  6.3% (median year 41) · 3.4s
try  4 · gen   68 · best    825.0 · elite    378.6 · median     -9.6 · years  29.7 · road 0.35 · starved  1238 · nobles  +4.4 · read 31.3 · walls  2.8 · fell 85.8% (mother 39.5%) · prince 16.6% · king  8.8% · crowned  7.0% (median year 49) · 3.4s
try  5 · gen   68 · best    172.2 · elite     98.9 · median      0.3 · years  50.2 · road 0.37 · starved  1252 · nobles  -7.6 · read 56.3 · walls  7.1 · fell 77.6% (mother 32.2%) · prince  4.5% · king  0.1% · crowned  0.0% · 3.4s
try  6 · gen   68 · best    706.4 · elite    458.6 · median      6.9 · years  25.4 · road 0.32 · starved  1099 · nobles  +4.1 · read 22.3 · walls  1.3 · fell 81.3% (mother 39.2%) · prince 18.5% · king 12.1% · crowned  9.1% (median year 38) · 3.4s
try  7 · gen   68 · best   1109.6 · elite    537.4 · median     30.6 · years  23.5 · road 0.34 · starved  1015 · nobles  +1.5 · read 33.9 · walls  1.8 · fell 77.2% (mother 40.2%) · prince 18.8% · king 14.1% · crowned 10.5% (median year 33) · 3.4s
try  8 · gen   68 · best    538.5 · elite    297.3 · median    -17.4 · years  32.7 · road 0.37 · starved  1370 · nobles  +1.9 · read 32.7 · walls  5.8 · fell 88.2% (mother 41.4%) · prince 14.5% · king  7.7% · crowned  5.6% (median year 61) · 3.4s
try  1 · gen   69 · best    958.0 · elite    472.3 · median      9.7 · years  23.4 · road 0.34 · starved  1095 · nobles  +2.6 · read 34.4 · walls  1.6 · fell 82.1% (mother 39.8%) · prince 18.8% · king 11.6% · crowned  9.1% (median year 30) · 3.4s
try  2 · gen   69 · best    714.4 · elite    361.2 · median    -14.3 · years  26.1 · road 0.34 · starved   920 · nobles  +1.5 · read 43.7 · walls  3.0 · fell 85.7% (mother 37.0%) · prince 14.3% · king  8.1% · crowned  6.3% (median year 37) · 3.4s
try  3 · gen   69 · best    714.1 · elite    348.9 · median    -30.8 · years  25.0 · road 0.34 · starved  1374 · nobles  +1.8 · read 39.5 · walls  2.3 · fell 85.4% (mother 46.7%) · prince 14.3% · king  8.1% · crowned  6.3% (median year 41) · 3.4s
try  4 · gen   69 · best    676.8 · elite    317.8 · median     -7.5 · years  29.2 · road 0.35 · starved  1213 · nobles  +5.0 · read 30.3 · walls  2.5 · fell 87.1% (mother 40.2%) · prince 15.4% · king  8.1% · crowned  6.4% (median year 49) · 3.4s
try  5 · gen   69 · best    230.6 · elite     92.6 · median      3.6 · years  49.7 · road 0.38 · starved  1224 · nobles  -7.8 · read 55.4 · walls  7.3 · fell 77.9% (mother 32.7%) · prince  5.1% · king  0.0% · crowned  0.0% · 3.4s
try  6 · gen   69 · best    859.4 · elite    483.8 · median      4.3 · years  25.2 · road 0.33 · starved  1134 · nobles  +3.8 · read 22.1 · walls  1.4 · fell 81.2% (mother 40.7%) · prince 18.6% · king 12.6% · crowned  9.3% (median year 37) · 3.4s
try  7 · gen   69 · best    951.4 · elite    480.9 · median     27.3 · years  22.7 · road 0.34 · starved  1165 · nobles  +1.5 · read 33.9 · walls  1.6 · fell 78.4% (mother 42.2%) · prince 18.5% · king 13.2% · crowned  9.7% (median year 32) · 3.4s
try  8 · gen   69 · best    796.0 · elite    332.4 · median     -6.0 · years  32.8 · road 0.37 · starved  1299 · nobles  +1.9 · read 34.3 · walls  5.9 · fell 87.4% (mother 39.8%) · prince 15.6% · king  8.4% · crowned  6.4% (median year 58) · 3.4s
try  1 · gen   70 · best   1459.2 · elite    486.3 · median      1.7 · years  23.7 · road 0.33 · starved  1125 · nobles  +3.2 · read 34.6 · walls  1.7 · fell 84.2% (mother 41.7%) · prince 18.5% · king 11.4% · crowned  8.5% (median year 31) · 3.4s
try  2 · gen   70 · best    711.1 · elite    384.6 · median     -6.6 · years  26.3 · road 0.34 · starved   904 · nobles  +2.0 · read 44.1 · walls  3.2 · fell 85.0% (mother 36.7%) · prince 15.1% · king  8.6% · crowned  6.8% (median year 38) · 3.4s
try  3 · gen   70 · best    868.4 · elite    385.1 · median    -29.8 · years  25.6 · road 0.34 · starved  1194 · nobles  +2.5 · read 39.1 · walls  2.4 · fell 83.9% (mother 43.7%) · prince 15.0% · king  8.8% · crowned  6.6% (median year 41) · 3.4s
try  4 · gen   70 · best    824.7 · elite    339.6 · median    -10.8 · years  29.3 · road 0.35 · starved  1214 · nobles  +5.1 · read 29.3 · walls  2.4 · fell 88.2% (mother 41.7%) · prince 15.9% · king  7.8% · crowned  6.0% (median year 49) · 3.4s
try  5 · gen   70 · best    201.5 · elite     94.8 · median     -2.7 · years  49.6 · road 0.38 · starved  1452 · nobles  -8.0 · read 58.3 · walls  7.2 · fell 79.6% (mother 33.6%) · prince  5.5% · king  0.1% · crowned  0.0% · 3.4s
try  6 · gen   70 · best    948.8 · elite    457.1 · median     17.9 · years  24.7 · road 0.33 · starved  1216 · nobles  +4.1 · read 21.7 · walls  1.5 · fell 83.0% (mother 41.9%) · prince 18.4% · king 12.3% · crowned  9.1% (median year 36) · 3.4s
try  7 · gen   70 · best    891.8 · elite    510.2 · median     28.5 · years  22.8 · road 0.34 · starved  1168 · nobles  +1.3 · read 34.2 · walls  1.6 · fell 77.7% (mother 40.6%) · prince 19.1% · king 13.5% · crowned 10.3% (median year 33) · 3.4s
try  8 · gen   70 · best    763.2 · elite    316.3 · median    -13.2 · years  32.2 · road 0.36 · starved  1308 · nobles  +2.1 · read 34.7 · walls  5.7 · fell 87.1% (mother 40.0%) · prince 14.6% · king  8.1% · crowned  6.3% (median year 60) · 3.4s
try  1 · gen   71 · best    908.9 · elite    476.7 · median      4.5 · years  23.5 · road 0.33 · starved  1130 · nobles  +3.9 · read 34.8 · walls  1.6 · fell 83.9% (mother 41.8%) · prince 18.4% · king 11.5% · crowned  8.9% (median year 32) · 3.4s
try  2 · gen   71 · best    692.4 · elite    375.3 · median     -6.4 · years  25.4 · road 0.34 · starved   923 · nobles  +1.8 · read 43.0 · walls  3.0 · fell 84.7% (mother 38.7%) · prince 15.1% · king  8.5% · crowned  6.8% (median year 36) · 3.4s
try  3 · gen   71 · best    667.3 · elite    356.4 · median    -32.9 · years  25.9 · road 0.34 · starved  1482 · nobles  +2.1 · read 40.1 · walls  2.4 · fell 84.7% (mother 45.4%) · prince 15.1% · king  8.5% · crowned  6.6% (median year 43) · 3.4s
try  4 · gen   71 · best    575.8 · elite    308.8 · median    -13.5 · years  28.9 · road 0.35 · starved  1239 · nobles  +5.0 · read 27.0 · walls  2.4 · fell 88.6% (mother 42.0%) · prince 15.5% · king  7.5% · crowned  6.0% (median year 51) · 3.4s
try  5 · gen   71 · best    207.0 · elite     96.2 · median     -3.8 · years  49.1 · road 0.38 · starved  1355 · nobles  -7.7 · read 57.4 · walls  7.0 · fell 78.3% (mother 33.0%) · prince  5.3% · king  0.0% · crowned  0.0% · 3.4s
try  6 · gen   71 · best    871.6 · elite    461.6 · median      8.8 · years  24.0 · road 0.33 · starved  1530 · nobles  +4.1 · read 20.9 · walls  1.5 · fell 82.0% (mother 42.7%) · prince 17.8% · king 12.6% · crowned  9.6% (median year 35) · 3.4s
try  7 · gen   71 · best   1168.9 · elite    520.9 · median     27.3 · years  22.6 · road 0.34 · starved   918 · nobles  +0.8 · read 33.8 · walls  1.6 · fell 78.6% (mother 42.9%) · prince 19.0% · king 13.7% · crowned 10.1% (median year 33) · 3.4s
try  8 · gen   71 · best    527.2 · elite    276.6 · median    -15.8 · years  33.3 · road 0.36 · starved  1370 · nobles  +1.2 · read 36.5 · walls  6.1 · fell 88.3% (mother 42.6%) · prince 14.4% · king  7.3% · crowned  5.3% (median year 61) · 3.4s
try  1 · gen   72 · best   1187.0 · elite    499.1 · median     -1.0 · years  23.4 · road 0.33 · starved  1179 · nobles  +4.1 · read 34.3 · walls  1.6 · fell 83.7% (mother 41.9%) · prince 18.0% · king 11.5% · crowned  9.0% (median year 31) · 3.4s
try  2 · gen   72 · best    761.4 · elite    413.6 · median    -16.8 · years  25.0 · road 0.34 · starved   909 · nobles  +1.5 · read 43.3 · walls  3.0 · fell 84.9% (mother 39.1%) · prince 14.6% · king  8.2% · crowned  6.6% (median year 36) · 3.4s
try  3 · gen   72 · best    651.5 · elite    339.9 · median    -27.7 · years  24.7 · road 0.34 · starved  1177 · nobles  +2.6 · read 37.1 · walls  2.3 · fell 84.8% (mother 46.7%) · prince 14.1% · king  8.6% · crowned  6.7% (median year 41) · 3.4s
try  4 · gen   72 · best    652.2 · elite    313.4 · median    -12.3 · years  29.1 · road 0.35 · starved  1225 · nobles  +4.7 · read 26.9 · walls  2.3 · fell 88.0% (mother 40.6%) · prince 15.6% · king  8.2% · crowned  6.1% (median year 49) · 3.4s
try  5 · gen   72 · best    239.9 · elite    109.0 · median     -2.3 · years  49.0 · road 0.38 · starved  1234 · nobles  -7.7 · read 58.2 · walls  7.1 · fell 77.9% (mother 31.7%) · prince  4.9% · king  0.1% · crowned  0.0% (median year 94) · 3.4s
try  6 · gen   72 · best    909.8 · elite    483.2 · median      8.3 · years  24.0 · road 0.33 · starved  1133 · nobles  +4.6 · read 20.8 · walls  1.4 · fell 81.6% (mother 42.4%) · prince 18.7% · king 12.6% · crowned  9.3% (median year 34) · 3.4s
try  7 · gen   72 · best    972.5 · elite    512.0 · median     27.5 · years  22.6 · road 0.34 · starved   907 · nobles  +1.3 · read 34.7 · walls  1.6 · fell 78.4% (mother 43.8%) · prince 18.6% · king 13.4% · crowned 10.2% (median year 33) · 3.4s
try  8 · gen   72 · best    609.6 · elite    295.9 · median    -13.1 · years  33.7 · road 0.36 · starved  1416 · nobles  +1.4 · read 38.0 · walls  6.3 · fell 87.7% (mother 41.1%) · prince 14.1% · king  7.4% · crowned  5.7% (median year 61) · 3.4s
try  1 · gen   73 · best    719.6 · elite    448.5 · median     13.4 · years  23.4 · road 0.32 · starved  1109 · nobles  +5.0 · read 34.1 · walls  1.5 · fell 83.8% (mother 42.3%) · prince 18.5% · king 11.8% · crowned  9.2% (median year 32) · 3.4s
try  2 · gen   73 · best    697.5 · elite    416.4 · median      9.3 · years  25.5 · road 0.34 · starved   893 · nobles  +1.8 · read 43.4 · walls  3.1 · fell 83.0% (mother 37.0%) · prince 16.2% · king  9.6% · crowned  8.1% (median year 36) · 3.4s
try  3 · gen   73 · best    648.9 · elite    375.4 · median    -27.1 · years  24.9 · road 0.34 · starved  1153 · nobles  +2.8 · read 39.3 · walls  2.3 · fell 83.9% (mother 43.6%) · prince 14.1% · king  8.6% · crowned  6.9% (median year 39) · 3.4s
try  4 · gen   73 · best    890.4 · elite    322.2 · median    -12.2 · years  29.2 · road 0.35 · starved  1320 · nobles  +5.7 · read 26.2 · walls  2.2 · fell 88.2% (mother 43.7%) · prince 15.3% · king  8.0% · crowned  6.0% (median year 49) · 3.4s
try  5 · gen   73 · best    213.4 · elite    101.6 · median      2.7 · years  49.5 · road 0.38 · starved  1266 · nobles  -8.1 · read 56.5 · walls  7.1 · fell 77.9% (mother 33.2%) · prince  5.4% · king  0.0% · crowned  0.0% (median year 57) · 3.4s
try  6 · gen   73 · best   1166.2 · elite    522.6 · median     33.2 · years  23.5 · road 0.33 · starved  1057 · nobles  +5.0 · read 20.5 · walls  1.4 · fell 79.9% (mother 40.4%) · prince 19.2% · king 13.4% · crowned 10.7% (median year 33) · 3.4s
try  7 · gen   73 · best   1184.6 · elite    539.2 · median     46.4 · years  22.5 · road 0.34 · starved   877 · nobles  +1.4 · read 34.3 · walls  1.9 · fell 78.0% (mother 42.9%) · prince 19.4% · king 14.1% · crowned 10.9% (median year 32) · 3.4s
try  8 · gen   73 · best    813.3 · elite    318.4 · median    -14.7 · years  33.8 · road 0.36 · starved  1325 · nobles  +1.5 · read 37.9 · walls  6.4 · fell 87.1% (mother 39.1%) · prince 14.1% · king  7.7% · crowned  5.7% (median year 60) · 3.4s
try  1 · gen   74 · best    745.0 · elite    475.5 · median      1.0 · years  23.1 · road 0.32 · starved  1112 · nobles  +4.5 · read 34.8 · walls  1.4 · fell 83.0% (mother 40.7%) · prince 18.4% · king 11.8% · crowned  9.1% (median year 31) · 3.4s
try  2 · gen   74 · best   1127.8 · elite    440.5 · median      0.3 · years  25.0 · road 0.34 · starved   921 · nobles  +1.2 · read 41.4 · walls  3.1 · fell 82.7% (mother 38.0%) · prince 16.6% · king  9.8% · crowned  8.3% (median year 36) · 3.4s
try  3 · gen   74 · best    768.5 · elite    393.4 · median    -36.1 · years  24.5 · road 0.34 · starved  1415 · nobles  +3.0 · read 36.2 · walls  2.5 · fell 84.8% (mother 45.5%) · prince 13.8% · king  8.2% · crowned  6.4% (median year 40) · 3.4s
try  4 · gen   74 · best    806.3 · elite    307.1 · median     -9.8 · years  29.3 · road 0.34 · starved  1292 · nobles  +5.4 · read 27.9 · walls  2.1 · fell 88.4% (mother 41.3%) · prince 15.3% · king  8.1% · crowned  5.9% (median year 49) · 3.4s
try  5 · gen   74 · best    228.3 · elite    103.5 · median      3.8 · years  50.8 · road 0.38 · starved  1245 · nobles  -8.4 · read 59.1 · walls  7.0 · fell 76.3% (mother 33.0%) · prince  4.7% · king  0.1% · crowned  0.0% (median year 94) · 3.4s
try  6 · gen   74 · best    903.4 · elite    485.1 · median     25.7 · years  23.6 · road 0.33 · starved  1028 · nobles  +4.6 · read 20.4 · walls  1.4 · fell 79.8% (mother 41.2%) · prince 19.0% · king 13.2% · crowned 10.0% (median year 33) · 3.4s
try  7 · gen   74 · best    943.3 · elite    546.3 · median     37.1 · years  22.5 · road 0.34 · starved   881 · nobles  +2.1 · read 33.9 · walls  2.0 · fell 77.4% (mother 42.6%) · prince 20.1% · king 14.0% · crowned 10.8% (median year 32) · 3.4s
try  8 · gen   74 · best    615.5 · elite    319.0 · median     -9.6 · years  34.2 · road 0.36 · starved  1287 · nobles  +1.5 · read 39.0 · walls  6.4 · fell 86.4% (mother 38.3%) · prince 13.8% · king  7.9% · crowned  6.4% (median year 63) · 3.4s
try  1 · gen   75 · best    965.6 · elite    509.8 · median     16.2 · years  23.0 · road 0.32 · starved  1072 · nobles  +4.1 · read 34.1 · walls  1.4 · fell 82.9% (mother 41.4%) · prince 19.1% · king 12.4% · crowned  9.8% (median year 31) · 3.3s
try  2 · gen   75 · best    881.1 · elite    446.9 · median      3.7 · years  24.7 · road 0.35 · starved   911 · nobles  +1.2 · read 40.8 · walls  3.2 · fell 83.2% (mother 39.1%) · prince 16.6% · king  9.8% · crowned  8.4% (median year 36) · 3.3s
try  3 · gen   75 · best    739.5 · elite    369.7 · median    -25.9 · years  24.2 · road 0.34 · starved  1151 · nobles  +2.0 · read 35.3 · walls  2.5 · fell 84.4% (mother 45.1%) · prince 14.3% · king  9.1% · crowned  6.6% (median year 38) · 3.3s
try  4 · gen   75 · best    681.2 · elite    313.4 · median    -21.7 · years  28.5 · road 0.34 · starved  1199 · nobles  +5.6 · read 28.3 · walls  2.1 · fell 88.9% (mother 40.7%) · prince 13.7% · king  7.2% · crowned  5.7% (median year 49) · 3.3s
try  5 · gen   75 · best    293.5 · elite    109.9 · median      4.8 · years  51.1 · road 0.39 · starved  1342 · nobles  -8.7 · read 60.4 · walls  7.1 · fell 76.4% (mother 33.8%) · prince  5.7% · king  0.1% · crowned  0.0% (median year 83) · 3.3s
try  6 · gen   75 · best    939.4 · elite    498.7 · median     29.0 · years  23.0 · road 0.32 · starved   968 · nobles  +4.7 · read 20.1 · walls  1.2 · fell 80.0% (mother 40.2%) · prince 18.6% · king 13.3% · crowned 10.5% (median year 32) · 3.3s
try  7 · gen   75 · best    824.1 · elite    524.7 · median     69.4 · years  22.8 · road 0.36 · starved   909 · nobles  +2.0 · read 33.4 · walls  2.2 · fell 77.6% (mother 43.5%) · prince 20.8% · king 14.6% · crowned 10.9% (median year 32) · 3.3s
try  8 · gen   75 · best    664.6 · elite    334.3 · median    -14.5 · years  33.0 · road 0.35 · starved  1347 · nobles  +2.1 · read 36.8 · walls  6.0 · fell 85.4% (mother 38.0%) · prince 13.9% · king  8.1% · crowned  6.4% (median year 59) · 3.3s
try  1 · gen   76 · best    908.6 · elite    503.6 · median     12.7 · years  23.0 · road 0.33 · starved  1113 · nobles  +4.0 · read 34.8 · walls  1.4 · fell 83.3% (mother 41.8%) · prince 18.8% · king 12.4% · crowned  9.5% (median year 31) · 3.3s
try  2 · gen   76 · best   1116.0 · elite    461.6 · median      5.2 · years  24.2 · road 0.34 · starved   948 · nobles  +1.3 · read 40.7 · walls  3.0 · fell 84.1% (mother 40.0%) · prince 16.4% · king  9.8% · crowned  8.4% (median year 36) · 3.3s
try  3 · gen   76 · best    876.6 · elite    401.0 · median    -22.8 · years  24.5 · road 0.34 · starved  1191 · nobles  +2.2 · read 35.9 · walls  2.6 · fell 84.6% (mother 44.7%) · prince 15.1% · king  9.4% · crowned  6.9% (median year 37) · 3.3s
try  4 · gen   76 · best    676.4 · elite    318.8 · median    -10.6 · years  29.6 · road 0.34 · starved  1265 · nobles  +5.9 · read 29.7 · walls  2.3 · fell 88.7% (mother 40.7%) · prince 14.8% · king  8.0% · crowned  6.1% (median year 49) · 3.3s
try  5 · gen   76 · best    199.9 · elite    101.7 · median      3.9 · years  48.8 · road 0.38 · starved  1309 · nobles  -8.1 · read 58.1 · walls  7.0 · fell 79.1% (mother 33.3%) · prince  5.3% · king  0.1% · crowned  0.0% (median year 86) · 3.3s
try  6 · gen   76 · best    877.5 · elite    524.8 · median     51.6 · years  23.3 · road 0.33 · starved   990 · nobles  +4.7 · read 21.1 · walls  1.3 · fell 80.0% (mother 41.1%) · prince 20.0% · king 13.9% · crowned 10.9% (median year 32) · 3.3s
try  7 · gen   76 · best    917.0 · elite    520.0 · median    108.6 · years  22.8 · road 0.36 · starved   926 · nobles  +2.3 · read 32.6 · walls  2.3 · fell 77.1% (mother 43.9%) · prince 20.5% · king 13.9% · crowned 11.1% (median year 32) · 3.3s
try  8 · gen   76 · best    636.5 · elite    342.5 · median    -11.9 · years  33.0 · road 0.35 · starved  1323 · nobles  +2.7 · read 34.7 · walls  5.9 · fell 86.6% (mother 41.5%) · prince 14.7% · king  8.7% · crowned  6.9% (median year 61) · 3.3s
try  1 · gen   77 · best    900.6 · elite    498.7 · median     25.1 · years  22.9 · road 0.33 · starved  1096 · nobles  +3.8 · read 34.5 · walls  1.5 · fell 82.5% (mother 43.0%) · prince 18.9% · king 12.5% · crowned  9.6% (median year 31) · 3.3s
try  2 · gen   77 · best    962.6 · elite    475.9 · median      2.3 · years  23.6 · road 0.34 · starved   937 · nobles  +1.1 · read 39.5 · walls  2.8 · fell 83.6% (mother 41.6%) · prince 16.4% · king 10.6% · crowned  9.0% (median year 35) · 3.3s
try  3 · gen   77 · best    661.7 · elite    343.7 · median    -12.6 · years  23.7 · road 0.34 · starved  1332 · nobles  +1.9 · read 33.5 · walls  2.4 · fell 84.8% (mother 45.2%) · prince 15.1% · king  9.7% · crowned  6.8% (median year 37) · 3.3s
try  4 · gen   77 · best    813.7 · elite    320.4 · median    -10.1 · years  30.0 · road 0.34 · starved  1253 · nobles  +5.6 · read 30.8 · walls  2.3 · fell 88.2% (mother 41.8%) · prince 15.4% · king  8.1% · crowned  6.3% (median year 48) · 3.3s
try  5 · gen   77 · best    190.3 · elite    103.9 · median      2.0 · years  48.8 · road 0.38 · starved  1260 · nobles  -8.0 · read 59.8 · walls  6.8 · fell 78.8% (mother 33.5%) · prince  5.6% · king  0.1% · crowned  0.0% (median year 92) · 3.3s
try  6 · gen   77 · best    973.7 · elite    513.1 · median     23.1 · years  23.0 · road 0.33 · starved   993 · nobles  +4.5 · read 20.8 · walls  1.3 · fell 79.9% (mother 41.2%) · prince 19.8% · king 13.5% · crowned 10.3% (median year 31) · 3.3s
try  7 · gen   77 · best   1134.4 · elite    516.4 · median     99.6 · years  22.5 · road 0.36 · starved   925 · nobles  +2.3 · read 32.0 · walls  2.1 · fell 76.8% (mother 44.1%) · prince 20.6% · king 14.2% · crowned 11.3% (median year 31) · 3.3s
try  8 · gen   77 · best    635.3 · elite    315.7 · median    -14.3 · years  32.7 · road 0.35 · starved  1313 · nobles  +2.6 · read 34.3 · walls  5.8 · fell 86.4% (mother 41.0%) · prince 14.0% · king  8.3% · crowned  6.6% (median year 60) · 3.3s
try  1 · gen   78 · best    946.3 · elite    515.2 · median     22.2 · years  22.9 · road 0.33 · starved  1127 · nobles  +3.6 · read 34.1 · walls  1.5 · fell 82.1% (mother 42.8%) · prince 20.0% · king 13.0% · crowned  9.9% (median year 31) · 3.3s
try  2 · gen   78 · best    978.8 · elite    480.8 · median      6.1 · years  23.5 · road 0.34 · starved  1000 · nobles  +1.0 · read 39.2 · walls  2.7 · fell 83.3% (mother 42.9%) · prince 17.0% · king 10.8% · crowned  9.2% (median year 33) · 3.3s
try  3 · gen   78 · best    904.4 · elite    383.8 · median    -17.8 · years  24.0 · road 0.35 · starved  1140 · nobles  +1.1 · read 31.7 · walls  2.7 · fell 83.8% (mother 44.2%) · prince 15.3% · king  9.5% · crowned  7.0% (median year 37) · 3.3s
try  4 · gen   78 · best    759.8 · elite    286.8 · median    -19.4 · years  29.4 · road 0.34 · starved  1270 · nobles  +5.5 · read 30.6 · walls  2.2 · fell 88.6% (mother 42.3%) · prince 15.0% · king  7.3% · crowned  5.6% (median year 49) · 3.3s
try  5 · gen   78 · best    221.0 · elite    110.5 · median      5.2 · years  49.0 · road 0.38 · starved  1444 · nobles  -7.6 · read 60.0 · walls  6.7 · fell 79.3% (mother 31.3%) · prince  6.5% · king  0.3% · crowned  0.1% (median year 89) · 3.3s
try  6 · gen   78 · best    982.5 · elite    539.9 · median     32.8 · years  22.9 · road 0.33 · starved   983 · nobles  +4.1 · read 21.0 · walls  1.2 · fell 79.4% (mother 40.6%) · prince 20.2% · king 14.2% · crowned 10.7% (median year 32) · 3.3s
try  7 · gen   78 · best    783.2 · elite    532.1 · median     53.7 · years  22.1 · road 0.36 · starved   928 · nobles  +2.1 · read 31.3 · walls  1.8 · fell 77.4% (mother 45.2%) · prince 20.6% · king 13.9% · crowned 10.9% (median year 31) · 3.3s
try  8 · gen   78 · best    644.3 · elite    334.4 · median    -10.9 · years  32.4 · road 0.35 · starved  1285 · nobles  +3.4 · read 33.0 · walls  5.7 · fell 86.6% (mother 41.4%) · prince 14.9% · king  8.8% · crowned  7.0% (median year 59) · 3.3s
try  1 · gen   79 · best    867.1 · elite    511.7 · median     25.0 · years  22.7 · road 0.34 · starved  1144 · nobles  +3.2 · read 33.2 · walls  1.5 · fell 82.7% (mother 45.6%) · prince 20.2% · king 12.9% · crowned 10.1% (median year 31) · 3.4s
try  2 · gen   79 · best    930.0 · elite    472.0 · median      6.5 · years  22.8 · road 0.34 · starved   974 · nobles  +1.0 · read 38.7 · walls  2.6 · fell 82.6% (mother 44.1%) · prince 16.4% · king 10.9% · crowned  9.1% (median year 32) · 3.4s
try  3 · gen   79 · best    885.2 · elite    397.7 · median    -21.1 · years  23.0 · road 0.35 · starved  1563 · nobles  +1.4 · read 29.4 · walls  2.6 · fell 83.8% (mother 46.5%) · prince 15.5% · king  9.5% · crowned  7.1% (median year 36) · 3.4s
try  4 · gen   79 · best    655.0 · elite    326.3 · median    -17.3 · years  28.7 · road 0.33 · starved  1294 · nobles  +5.6 · read 29.4 · walls  2.0 · fell 88.8% (mother 41.2%) · prince 14.9% · king  8.2% · crowned  6.2% (median year 49) · 3.4s
try  5 · gen   79 · best    251.2 · elite    112.5 · median      8.0 · years  50.2 · road 0.39 · starved  1392 · nobles  -8.1 · read 59.2 · walls  6.7 · fell 77.3% (mother 30.5%) · prince  6.0% · king  0.2% · crowned  0.0% (median year 85) · 3.4s
try  6 · gen   79 · best    908.7 · elite    502.9 · median     39.9 · years  22.7 · road 0.33 · starved   994 · nobles  +4.7 · read 21.1 · walls  1.3 · fell 79.2% (mother 40.5%) · prince 19.0% · king 13.5% · crowned 10.5% (median year 32) · 3.4s
try  7 · gen   79 · best    956.1 · elite    540.4 · median     70.2 · years  21.9 · road 0.36 · starved   949 · nobles  +2.1 · read 30.4 · walls  1.7 · fell 78.1% (mother 45.9%) · prince 21.8% · king 14.1% · crowned 10.8% (median year 31) · 3.4s
try  8 · gen   79 · best    567.6 · elite    339.8 · median    -11.9 · years  32.0 · road 0.35 · starved  1307 · nobles  +3.3 · read 33.2 · walls  5.7 · fell 86.8% (mother 41.7%) · prince 14.5% · king  9.0% · crowned  7.1% (median year 58) · 3.4s
try  1 · gen   80 · best    913.6 · elite    505.5 · median     38.4 · years  22.9 · road 0.34 · starved  1066 · nobles  +3.0 · read 32.9 · walls  1.5 · fell 81.4% (mother 43.0%) · prince 19.6% · king 13.1% · crowned 10.4% (median year 31) · 3.3s
try  2 · gen   80 · best    951.4 · elite    448.1 · median     -3.9 · years  22.4 · road 0.33 · starved  1028 · nobles  +0.6 · read 38.0 · walls  2.7 · fell 83.8% (mother 45.3%) · prince 16.2% · king 10.4% · crowned  8.4% (median year 32) · 3.3s
try  3 · gen   80 · best    894.4 · elite    416.3 · median    -14.7 · years  22.5 · road 0.35 · starved  1088 · nobles  +1.2 · read 28.1 · walls  2.5 · fell 82.9% (mother 46.7%) · prince 15.4% · king 10.2% · crowned  7.8% (median year 35) · 3.3s
try  4 · gen   80 · best    547.9 · elite    283.2 · median    -18.1 · years  28.4 · road 0.33 · starved  1286 · nobles  +5.4 · read 27.7 · walls  2.0 · fell 89.3% (mother 43.2%) · prince 13.9% · king  7.6% · crowned  5.7% (median year 50) · 3.3s
try  5 · gen   80 · best    192.8 · elite    114.8 · median     11.2 · years  50.3 · road 0.39 · starved  1411 · nobles  -8.2 · read 59.2 · walls  6.6 · fell 78.0% (mother 28.9%) · prince  5.8% · king  0.2% · crowned  0.0% (median year 82) · 3.3s
try  6 · gen   80 · best    927.1 · elite    532.7 · median     40.9 · years  22.7 · road 0.33 · starved   957 · nobles  +4.5 · read 22.1 · walls  1.4 · fell 78.4% (mother 39.1%) · prince 20.4% · king 14.2% · crowned 10.9% (median year 32) · 3.3s
try  7 · gen   80 · best    996.7 · elite    541.5 · median     54.5 · years  21.8 · road 0.36 · starved   931 · nobles  +1.8 · read 29.9 · walls  1.6 · fell 78.4% (mother 45.7%) · prince 22.5% · king 14.6% · crowned 10.8% (median year 30) · 3.3s
try  8 · gen   80 · best    678.4 · elite    376.7 · median     -8.4 · years  30.9 · road 0.35 · starved  1226 · nobles  +3.7 · read 31.9 · walls  5.5 · fell 85.2% (mother 39.6%) · prince 14.1% · king  9.9% · crowned  8.0% (median year 56) · 3.3s
try  1 · gen   81 · best    933.2 · elite    500.4 · median     49.4 · years  23.0 · road 0.34 · starved  1099 · nobles  +3.3 · read 32.9 · walls  1.5 · fell 81.2% (mother 43.1%) · prince 20.1% · king 13.0% · crowned 10.3% (median year 31) · 3.4s
try  2 · gen   81 · best   1179.0 · elite    497.1 · median     22.2 · years  22.2 · road 0.34 · starved  1033 · nobles  +0.1 · read 37.3 · walls  2.8 · fell 82.3% (mother 47.4%) · prince 17.6% · king 12.1% · crowned  9.7% (median year 32) · 3.4s
try  3 · gen   81 · best    949.3 · elite    429.5 · median    -15.3 · years  22.0 · road 0.36 · starved  1216 · nobles  +0.9 · read 25.6 · walls  2.6 · fell 82.3% (mother 48.3%) · prince 15.9% · king 10.1% · crowned  7.8% (median year 33) · 3.4s
try  4 · gen   81 · best    677.8 · elite    297.8 · median    -24.0 · years  28.0 · road 0.33 · starved  1242 · nobles  +5.6 · read 27.7 · walls  2.0 · fell 89.7% (mother 44.5%) · prince 13.5% · king  7.2% · crowned  5.4% (median year 49) · 3.4s
try  5 · gen   81 · best    241.6 · elite    119.3 · median     11.1 · years  50.5 · road 0.39 · starved  1735 · nobles  -8.5 · read 59.6 · walls  6.7 · fell 77.2% (mother 28.8%) · prince  6.8% · king  0.2% · crowned  0.0% (median year 91) · 3.4s
try  6 · gen   81 · best    961.1 · elite    532.3 · median     86.7 · years  22.6 · road 0.33 · starved   988 · nobles  +4.8 · read 22.1 · walls  1.5 · fell 78.9% (mother 42.7%) · prince 19.9% · king 14.1% · crowned 11.1% (median year 31) · 3.4s
try  7 · gen   81 · best   1191.3 · elite    540.1 · median     44.4 · years  21.9 · road 0.36 · starved  1004 · nobles  +1.1 · read 29.8 · walls  1.6 · fell 79.0% (mother 47.7%) · prince 22.2% · king 14.3% · crowned 10.4% (median year 31) · 3.4s
try  8 · gen   81 · best    729.8 · elite    347.9 · median     -6.8 · years  31.1 · road 0.35 · starved  1253 · nobles  +3.5 · read 31.0 · walls  5.5 · fell 85.6% (mother 40.8%) · prince 14.1% · king  9.5% · crowned  7.8% (median year 55) · 3.4s
try  1 · gen   82 · best    963.1 · elite    520.7 · median     19.0 · years  22.9 · road 0.34 · starved  1161 · nobles  +3.1 · read 32.7 · walls  1.5 · fell 81.9% (mother 44.3%) · prince 20.5% · king 12.7% · crowned  9.7% (median year 30) · 3.3s
try  2 · gen   82 · best    932.9 · elite    496.6 · median      8.5 · years  22.0 · road 0.35 · starved  1001 · nobles  -0.4 · read 36.7 · walls  2.8 · fell 82.7% (mother 46.2%) · prince 17.9% · king 12.2% · crowned  9.6% (median year 32) · 3.3s
try  3 · gen   82 · best    959.2 · elite    434.8 · median     -6.0 · years  21.7 · road 0.37 · starved  1497 · nobles  +0.9 · read 23.3 · walls  2.6 · fell 81.3% (mother 47.1%) · prince 16.7% · king 11.1% · crowned  8.3% (median year 34) · 3.3s
try  4 · gen   82 · best    901.3 · elite    313.1 · median    -24.7 · years  27.6 · road 0.33 · starved  1341 · nobles  +4.8 · read 28.3 · walls  2.0 · fell 90.1% (mother 44.6%) · prince 13.5% · king  7.3% · crowned  5.5% (median year 47) · 3.3s
try  5 · gen   82 · best    238.6 · elite    131.5 · median     14.7 · years  52.2 · road 0.39 · starved  1200 · nobles  -8.5 · read 59.6 · walls  6.7 · fell 76.0% (mother 28.1%) · prince  7.4% · king  0.1% · crowned  0.1% (median year 85) · 3.3s
try  6 · gen   82 · best    819.0 · elite    494.5 · median     69.0 · years  22.4 · road 0.34 · starved   965 · nobles  +3.9 · read 23.0 · walls  1.6 · fell 80.0% (mother 42.4%) · prince 20.8% · king 13.9% · crowned 10.4% (median year 31) · 3.3s
try  7 · gen   82 · best    977.0 · elite    554.8 · median    132.0 · years  22.2 · road 0.37 · starved   923 · nobles  +2.0 · read 30.5 · walls  1.6 · fell 77.8% (mother 44.0%) · prince 23.2% · king 15.1% · crowned 11.8% (median year 30) · 3.3s
try  8 · gen   82 · best    796.9 · elite    386.9 · median     -0.2 · years  31.7 · road 0.35 · starved  1233 · nobles  +4.1 · read 29.4 · walls  5.6 · fell 85.1% (mother 38.9%) · prince 15.3% · king 10.0% · crowned  8.3% (median year 55) · 3.3s
try  1 · gen   83 · best   1167.3 · elite    488.1 · median     42.2 · years  22.2 · road 0.34 · starved  1042 · nobles  +3.2 · read 31.3 · walls  1.4 · fell 81.2% (mother 43.0%) · prince 20.4% · king 13.0% · crowned 10.2% (median year 29) · 3.3s
try  2 · gen   83 · best    953.9 · elite    479.2 · median     13.8 · years  22.1 · road 0.35 · starved  1056 · nobles  -0.9 · read 37.0 · walls  2.8 · fell 83.0% (mother 47.3%) · prince 17.4% · king 12.0% · crowned  9.3% (median year 31) · 3.3s
try  3 · gen   83 · best    872.7 · elite    465.3 · median      3.2 · years  21.7 · road 0.37 · starved  1261 · nobles  +1.9 · read 21.5 · walls  2.4 · fell 79.9% (mother 44.8%) · prince 17.6% · king 11.4% · crowned  8.7% (median year 33) · 3.3s
try  4 · gen   83 · best    571.0 · elite    313.2 · median    -18.5 · years  27.0 · road 0.33 · starved  1242 · nobles  +4.8 · read 27.7 · walls  1.8 · fell 88.9% (mother 41.5%) · prince 13.8% · king  7.7% · crowned  6.0% (median year 44) · 3.3s
try  5 · gen   83 · best    244.3 · elite    131.3 · median     16.3 · years  51.7 · road 0.39 · starved  1205 · nobles  -8.5 · read 57.6 · walls  6.7 · fell 75.4% (mother 26.5%) · prince  8.5% · king  0.3% · crowned  0.1% (median year 92) · 3.3s
try  6 · gen   83 · best    978.1 · elite    546.5 · median     78.3 · years  22.6 · road 0.34 · starved   971 · nobles  +4.1 · read 23.3 · walls  1.6 · fell 77.4% (mother 41.3%) · prince 21.3% · king 14.7% · crowned 11.0% (median year 30) · 3.3s
try  7 · gen   83 · best   1434.4 · elite    570.9 · median    132.9 · years  22.2 · road 0.37 · starved   965 · nobles  +2.2 · read 30.4 · walls  1.5 · fell 77.2% (mother 43.6%) · prince 23.4% · king 15.4% · crowned 12.0% (median year 30) · 3.3s
try  8 · gen   83 · best    846.3 · elite    388.2 · median    -11.9 · years  31.6 · road 0.36 · starved  1286 · nobles  +4.2 · read 26.9 · walls  5.6 · fell 85.6% (mother 40.8%) · prince 15.1% · king 10.0% · crowned  8.2% (median year 55) · 3.3s
try  1 · gen   84 · best    959.0 · elite    511.8 · median     57.2 · years  21.6 · road 0.34 · starved  1005 · nobles  +3.3 · read 30.7 · walls  1.3 · fell 80.3% (mother 43.4%) · prince 21.1% · king 13.9% · crowned 10.6% (median year 29) · 3.2s
try  2 · gen   84 · best    927.8 · elite    494.7 · median     13.2 · years  21.8 · road 0.35 · starved  1027 · nobles  -0.9 · read 36.2 · walls  2.7 · fell 82.7% (mother 49.4%) · prince 17.8% · king 12.2% · crowned  9.6% (median year 31) · 3.2s
try  3 · gen   84 · best    880.6 · elite    484.0 · median     14.1 · years  21.1 · road 0.37 · starved  1257 · nobles  +1.4 · read 20.2 · walls  2.3 · fell 79.0% (mother 45.0%) · prince 18.5% · king 12.1% · crowned  9.2% (median year 32) · 3.2s
try  4 · gen   84 · best    694.0 · elite    304.1 · median    -19.3 · years  27.4 · road 0.33 · starved  1273 · nobles  +4.7 · read 27.7 · walls  1.7 · fell 90.0% (mother 45.2%) · prince 13.6% · king  7.2% · crowned  5.5% (median year 48) · 3.2s
try  5 · gen   84 · best    325.7 · elite    139.4 · median     12.8 · years  51.8 · road 0.39 · starved  1115 · nobles  -8.2 · read 56.3 · walls  6.6 · fell 76.2% (mother 27.5%) · prince  9.2% · king  0.2% · crowned  0.2% (median year 71) · 3.2s
try  6 · gen   84 · best    921.3 · elite    512.4 · median     45.9 · years  22.3 · road 0.34 · starved   959 · nobles  +3.2 · read 22.8 · walls  1.6 · fell 78.9% (mother 42.0%) · prince 21.0% · king 14.0% · crowned 10.4% (median year 30) · 3.2s
try  7 · gen   84 · best    909.9 · elite    545.1 · median    121.9 · years  22.5 · road 0.37 · starved  1041 · nobles  +2.1 · read 30.2 · walls  1.5 · fell 78.0% (mother 43.6%) · prince 23.7% · king 15.5% · crowned 11.9% (median year 31) · 3.2s
try  8 · gen   84 · best    653.7 · elite    400.9 · median      4.1 · years  31.5 · road 0.36 · starved  1236 · nobles  +4.6 · read 24.9 · walls  5.5 · fell 84.4% (mother 41.8%) · prince 15.7% · king 10.5% · crowned  8.9% (median year 55) · 3.2s
try  1 · gen   85 · best    914.6 · elite    513.1 · median     53.7 · years  21.7 · road 0.33 · starved  1014 · nobles  +3.7 · read 30.0 · walls  1.4 · fell 79.9% (mother 44.0%) · prince 20.2% · king 13.7% · crowned 10.8% (median year 29) · 3.3s
try  2 · gen   85 · best    941.5 · elite    503.0 · median     28.0 · years  22.0 · road 0.35 · starved  1016 · nobles  -1.0 · read 36.2 · walls  2.7 · fell 81.9% (mother 48.0%) · prince 18.9% · king 13.1% · crowned 10.1% (median year 31) · 3.3s
try  3 · gen   85 · best   1192.3 · elite    491.0 · median     13.7 · years  20.8 · road 0.37 · starved  1199 · nobles  +1.6 · read 19.7 · walls  2.4 · fell 78.2% (mother 42.9%) · prince 17.7% · king 12.1% · crowned  9.3% (median year 31) · 3.3s
try  4 · gen   85 · best    786.8 · elite    352.7 · median    -19.6 · years  27.6 · road 0.33 · starved  1185 · nobles  +4.4 · read 30.0 · walls  1.8 · fell 88.7% (mother 43.5%) · prince 14.3% · king  8.2% · crowned  6.4% (median year 47) · 3.3s
try  5 · gen   85 · best    310.4 · elite    145.5 · median     16.3 · years  51.4 · road 0.38 · starved  1190 · nobles  -7.6 · read 54.7 · walls  6.6 · fell 78.1% (mother 28.6%) · prince 10.9% · king  0.2% · crowned  0.1% (median year 75) · 3.3s
try  6 · gen   85 · best    989.2 · elite    544.3 · median     61.7 · years  22.2 · road 0.34 · starved   956 · nobles  +3.8 · read 22.1 · walls  1.5 · fell 78.0% (mother 41.4%) · prince 21.4% · king 14.4% · crowned 10.9% (median year 30) · 3.3s
try  7 · gen   85 · best    931.8 · elite    553.1 · median    108.2 · years  22.4 · road 0.37 · starved  1022 · nobles  +2.3 · read 29.9 · walls  1.5 · fell 78.2% (mother 44.0%) · prince 22.9% · king 14.9% · crowned 11.9% (median year 31) · 3.3s
try  8 · gen   85 · best    805.4 · elite    449.8 · median     -0.7 · years  31.3 · road 0.36 · starved  1173 · nobles  +4.3 · read 24.0 · walls  5.6 · fell 83.5% (mother 41.5%) · prince 15.7% · king 11.2% · crowned  9.4% (median year 54) · 3.3s
try  1 · gen   86 · best   1178.0 · elite    516.3 · median    105.4 · years  21.1 · road 0.33 · starved  1016 · nobles  +3.5 · read 29.2 · walls  1.4 · fell 79.6% (mother 43.6%) · prince 20.9% · king 14.6% · crowned 11.1% (median year 28) · 3.3s
try  2 · gen   86 · best    927.0 · elite    489.5 · median     28.1 · years  22.0 · road 0.35 · starved  1043 · nobles  -0.5 · read 35.1 · walls  2.7 · fell 82.2% (mother 49.1%) · prince 18.7% · king 12.5% · crowned  9.8% (median year 31) · 3.3s
try  3 · gen   86 · best    928.9 · elite    511.4 · median     20.8 · years  20.8 · road 0.38 · starved  1060 · nobles  +1.9 · read 18.3 · walls  2.4 · fell 77.9% (mother 43.7%) · prince 18.9% · king 12.6% · crowned  9.8% (median year 31) · 3.3s
try  4 · gen   86 · best    640.2 · elite    289.4 · median    -22.0 · years  27.7 · road 0.33 · starved  1304 · nobles  +4.6 · read 30.1 · walls  1.6 · fell 90.0% (mother 43.8%) · prince 13.6% · king  7.6% · crowned  5.4% (median year 48) · 3.3s
try  5 · gen   86 · best    342.5 · elite    135.7 · median     17.7 · years  52.9 · road 0.39 · starved  1252 · nobles  -8.0 · read 58.5 · walls  6.7 · fell 78.2% (mother 28.9%) · prince 11.4% · king  0.2% · crowned  0.1% (median year 72) · 3.3s
try  6 · gen   86 · best    995.1 · elite    528.2 · median     63.1 · years  22.2 · road 0.34 · starved   981 · nobles  +3.4 · read 21.7 · walls  1.4 · fell 78.2% (mother 42.2%) · prince 21.5% · king 14.8% · crowned 10.7% (median year 30) · 3.3s
try  7 · gen   86 · best   1142.1 · elite    586.9 · median    138.7 · years  21.9 · road 0.37 · starved   965 · nobles  +2.5 · read 29.0 · walls  1.6 · fell 77.0% (mother 44.3%) · prince 23.8% · king 15.6% · crowned 12.4% (median year 30) · 3.3s
try  8 · gen   86 · best    750.9 · elite    405.9 · median      6.8 · years  30.6 · road 0.36 · starved  1136 · nobles  +4.1 · read 21.6 · walls  5.8 · fell 83.7% (mother 41.3%) · prince 15.5% · king 10.9% · crowned  9.1% (median year 52) · 3.3s
try  1 · gen   87 · best    974.0 · elite    557.4 · median     99.8 · years  20.8 · road 0.33 · starved   917 · nobles  +3.9 · read 29.0 · walls  1.4 · fell 77.4% (mother 40.9%) · prince 20.6% · king 14.2% · crowned 11.4% (median year 27) · 3.2s
try  2 · gen   87 · best    880.2 · elite    479.7 · median     18.7 · years  21.6 · road 0.34 · starved  1001 · nobles  -0.3 · read 33.1 · walls  2.5 · fell 82.9% (mother 49.9%) · prince 18.1% · king 12.6% · crowned  9.6% (median year 30) · 3.2s
try  3 · gen   87 · best   1066.2 · elite    483.3 · median     18.6 · years  19.5 · road 0.37 · starved  1108 · nobles  +1.3 · read 17.0 · walls  2.3 · fell 78.9% (mother 46.0%) · prince 17.7% · king 12.3% · crowned  9.2% (median year 30) · 3.2s
try  4 · gen   87 · best    639.5 · elite    325.2 · median    -16.0 · years  27.9 · road 0.33 · starved  1231 · nobles  +5.0 · read 32.0 · walls  1.7 · fell 89.0% (mother 44.0%) · prince 14.2% · king  8.3% · crowned  6.1% (median year 48) · 3.2s
try  5 · gen   87 · best    305.5 · elite    136.5 · median     14.9 · years  51.9 · road 0.38 · starved  1181 · nobles  -7.6 · read 58.7 · walls  6.4 · fell 76.5% (mother 27.5%) · prince 10.6% · king  0.3% · crowned  0.1% (median year 74) · 3.2s
try  6 · gen   87 · best    946.2 · elite    541.3 · median     62.2 · years  21.5 · road 0.34 · starved   963 · nobles  +3.8 · read 21.0 · walls  1.3 · fell 78.6% (mother 41.9%) · prince 21.4% · king 14.9% · crowned 10.8% (median year 29) · 3.2s
try  7 · gen   87 · best    940.2 · elite    567.4 · median    143.7 · years  22.1 · road 0.37 · starved   972 · nobles  +2.1 · read 30.0 · walls  1.5 · fell 76.3% (mother 42.3%) · prince 23.9% · king 16.3% · crowned 12.5% (median year 31) · 3.2s
try  8 · gen   87 · best    747.5 · elite    426.5 · median     12.8 · years  31.4 · road 0.36 · starved  1193 · nobles  +4.5 · read 22.7 · walls  5.9 · fell 82.7% (mother 40.7%) · prince 16.1% · king 11.6% · crowned  9.7% (median year 53) · 3.2s
try  1 · gen   88 · best    935.3 · elite    549.1 · median    114.8 · years  21.0 · road 0.34 · starved   919 · nobles  +4.4 · read 28.1 · walls  1.5 · fell 77.1% (mother 40.8%) · prince 21.0% · king 14.9% · crowned 11.5% (median year 27) · 3.2s
try  2 · gen   88 · best    926.6 · elite    501.6 · median     31.0 · years  21.3 · road 0.34 · starved   996 · nobles  +0.3 · read 32.6 · walls  2.6 · fell 81.8% (mother 50.3%) · prince 18.5% · king 12.8% · crowned 10.0% (median year 30) · 3.2s
try  3 · gen   88 · best    956.6 · elite    486.6 · median     32.3 · years  20.0 · road 0.38 · starved  1328 · nobles  +1.5 · read 18.6 · walls  2.7 · fell 78.8% (mother 46.0%) · prince 18.3% · king 12.6% · crowned  9.7% (median year 31) · 3.2s
try  4 · gen   88 · best    841.1 · elite    316.2 · median    -20.4 · years  27.9 · road 0.33 · starved  1277 · nobles  +4.8 · read 32.0 · walls  1.6 · fell 89.8% (mother 45.8%) · prince 13.7% · king  7.9% · crowned  6.1% (median year 48) · 3.2s
try  5 · gen   88 · best    296.2 · elite    139.8 · median     13.0 · years  50.8 · road 0.38 · starved  1199 · nobles  -7.3 · read 61.7 · walls  6.3 · fell 78.2% (mother 28.5%) · prince 11.2% · king  0.4% · crowned  0.2% (median year 69) · 3.2s
try  6 · gen   88 · best   1021.2 · elite    527.7 · median     82.0 · years  21.6 · road 0.34 · starved   936 · nobles  +3.3 · read 21.7 · walls  1.5 · fell 78.3% (mother 42.1%) · prince 22.3% · king 15.2% · crowned 10.9% (median year 29) · 3.2s
try  7 · gen   88 · best    947.8 · elite    549.2 · median    139.9 · years  22.2 · road 0.37 · starved   963 · nobles  +2.4 · read 29.3 · walls  1.5 · fell 75.9% (mother 43.1%) · prince 24.2% · king 16.2% · crowned 12.5% (median year 30) · 3.2s
try  8 · gen   88 · best    787.0 · elite    407.4 · median      6.6 · years  31.1 · road 0.36 · starved  1207 · nobles  +4.1 · read 21.9 · walls  5.9 · fell 83.7% (mother 41.5%) · prince 16.0% · king 10.8% · crowned  8.8% (median year 52) · 3.2s
try  1 · gen   89 · best    951.1 · elite    560.9 · median     79.9 · years  21.1 · road 0.34 · starved   974 · nobles  +3.8 · read 28.4 · walls  1.6 · fell 77.5% (mother 41.8%) · prince 22.1% · king 14.7% · crowned 11.1% (median year 27) · 3.3s
try  2 · gen   89 · best    915.3 · elite    498.9 · median     23.5 · years  21.2 · road 0.34 · starved   991 · nobles  +0.3 · read 32.8 · walls  2.6 · fell 82.5% (mother 49.0%) · prince 18.5% · king 12.6% · crowned 10.0% (median year 30) · 3.3s
try  3 · gen   89 · best    903.6 · elite    488.0 · median     13.0 · years  20.5 · road 0.38 · starved  1071 · nobles  +1.7 · read 19.9 · walls  2.6 · fell 78.8% (mother 45.3%) · prince 18.6% · king 12.4% · crowned  9.2% (median year 30) · 3.3s
try  4 · gen   89 · best    861.7 · elite    347.5 · median    -17.6 · years  27.8 · road 0.32 · starved  1197 · nobles  +5.0 · read 33.5 · walls  1.6 · fell 88.6% (mother 43.2%) · prince 13.7% · king  8.0% · crowned  6.0% (median year 45) · 3.3s
try  5 · gen   89 · best    274.3 · elite    141.5 · median     16.8 · years  50.2 · road 0.39 · starved  1206 · nobles  -7.2 · read 61.5 · walls  6.3 · fell 78.9% (mother 28.0%) · prince 12.2% · king  0.4% · crowned  0.2% (median year 72) · 3.3s
try  6 · gen   89 · best   1022.1 · elite    549.4 · median     90.6 · years  22.0 · road 0.35 · starved   940 · nobles  +3.5 · read 21.8 · walls  1.6 · fell 76.8% (mother 40.5%) · prince 22.7% · king 15.3% · crowned 11.4% (median year 29) · 3.3s
try  7 · gen   89 · best   1109.9 · elite    572.5 · median    150.9 · years  21.8 · road 0.37 · starved   946 · nobles  +2.7 · read 29.1 · walls  1.5 · fell 75.6% (mother 42.2%) · prince 24.4% · king 16.2% · crowned 13.1% (median year 30) · 3.3s
try  8 · gen   89 · best    849.8 · elite    453.9 · median      5.4 · years  31.4 · road 0.37 · starved  1174 · nobles  +4.1 · read 20.4 · walls  6.0 · fell 82.8% (mother 39.9%) · prince 16.7% · king 11.6% · crowned  9.8% (median year 53) · 3.3s
try  1 · gen   90 · best    946.6 · elite    558.3 · median    136.0 · years  20.8 · road 0.35 · starved   859 · nobles  +3.9 · read 28.2 · walls  1.7 · fell 75.7% (mother 40.2%) · prince 22.2% · king 15.2% · crowned 12.0% (median year 27) · 3.2s
try  2 · gen   90 · best    907.7 · elite    540.9 · median     35.6 · years  21.4 · road 0.34 · starved   936 · nobles  +0.9 · read 34.4 · walls  2.6 · fell 79.7% (mother 45.5%) · prince 18.9% · king 13.5% · crowned 10.9% (median year 29) · 3.2s
try  3 · gen   90 · best   1027.2 · elite    513.1 · median     15.3 · years  19.5 · road 0.37 · starved  1077 · nobles  +1.7 · read 18.7 · walls  2.3 · fell 78.1% (mother 46.2%) · prince 18.2% · king 12.4% · crowned  9.7% (median year 29) · 3.2s
try  4 · gen   90 · best   1046.4 · elite    382.2 · median    -12.6 · years  28.1 · road 0.33 · starved  1276 · nobles  +5.7 · read 32.1 · walls  1.7 · fell 87.4% (mother 42.8%) · prince 15.0% · king  8.5% · crowned  6.9% (median year 46) · 3.2s
try  5 · gen   90 · best    356.1 · elite    153.8 · median     11.0 · years  48.0 · road 0.39 · starved  1212 · nobles  -6.9 · read 60.5 · walls  6.3 · fell 80.8% (mother 29.7%) · prince 13.2% · king  0.7% · crowned  0.3% (median year 80) · 3.2s
try  6 · gen   90 · best   1030.1 · elite    564.8 · median    135.0 · years  21.7 · road 0.35 · starved   892 · nobles  +4.2 · read 22.4 · walls  1.4 · fell 74.5% (mother 39.7%) · prince 23.0% · king 16.0% · crowned 12.3% (median year 28) · 3.2s
try  7 · gen   90 · best   1090.0 · elite    588.8 · median    144.8 · years  21.9 · road 0.38 · starved  1176 · nobles  +2.6 · read 29.5 · walls  1.5 · fell 77.1% (mother 43.2%) · prince 24.6% · king 16.3% · crowned 12.8% (median year 31) · 3.2s
try  8 · gen   90 · best    795.9 · elite    440.0 · median      8.3 · years  31.0 · road 0.36 · starved  1218 · nobles  +4.3 · read 19.1 · walls  5.9 · fell 83.1% (mother 42.8%) · prince 17.4% · king 11.6% · crowned  9.2% (median year 52) · 3.2s
try  1 · gen   91 · best   1003.4 · elite    563.2 · median    128.0 · years  21.0 · road 0.35 · starved   919 · nobles  +3.8 · read 28.0 · walls  1.8 · fell 76.9% (mother 41.5%) · prince 23.8% · king 14.9% · crowned 11.4% (median year 26) · 3.2s
try  2 · gen   91 · best    978.4 · elite    535.7 · median     48.1 · years  21.3 · road 0.35 · starved   949 · nobles  +1.2 · read 35.2 · walls  2.6 · fell 80.2% (mother 46.1%) · prince 19.4% · king 13.9% · crowned 10.8% (median year 30) · 3.2s
try  3 · gen   91 · best    839.0 · elite    482.9 · median     23.6 · years  19.1 · road 0.37 · starved  1076 · nobles  +1.1 · read 19.0 · walls  2.3 · fell 79.3% (mother 48.6%) · prince 18.2% · king 12.7% · crowned  9.4% (median year 28) · 3.2s
try  4 · gen   91 · best    635.0 · elite    334.8 · median    -17.6 · years  28.3 · road 0.33 · starved  1272 · nobles  +5.2 · read 34.9 · walls  1.7 · fell 88.2% (mother 43.5%) · prince 13.9% · king  8.0% · crowned  6.0% (median year 46) · 3.2s
try  5 · gen   91 · best    350.4 · elite    143.3 · median     14.9 · years  46.6 · road 0.39 · starved  1264 · nobles  -6.4 · read 60.2 · walls  6.3 · fell 80.8% (mother 31.0%) · prince 13.3% · king  0.7% · crowned  0.3% (median year 76) · 3.2s
try  6 · gen   91 · best   1011.0 · elite    558.2 · median    128.7 · years  21.3 · road 0.35 · starved   887 · nobles  +3.9 · read 22.1 · walls  1.4 · fell 74.6% (mother 40.8%) · prince 21.9% · king 15.1% · crowned 11.8% (median year 28) · 3.2s
try  7 · gen   91 · best   1141.4 · elite    609.6 · median    141.2 · years  21.6 · road 0.38 · starved   979 · nobles  +2.7 · read 29.5 · walls  1.5 · fell 75.6% (mother 42.0%) · prince 23.8% · king 16.0% · crowned 13.0% (median year 30) · 3.2s
try  8 · gen   91 · best    871.7 · elite    443.1 · median     28.7 · years  30.3 · road 0.37 · starved  1143 · nobles  +3.6 · read 18.2 · walls  5.9 · fell 81.6% (mother 42.6%) · prince 17.5% · king 12.1% · crowned  9.6% (median year 50) · 3.2s
try  1 · gen   92 · best    908.8 · elite    537.4 · median    116.3 · years  21.0 · road 0.35 · starved   924 · nobles  +4.0 · read 28.1 · walls  1.7 · fell 77.0% (mother 41.5%) · prince 23.6% · king 14.9% · crowned 11.3% (median year 27) · 3.3s
try  2 · gen   92 · best    980.5 · elite    575.2 · median    108.4 · years  21.2 · road 0.35 · starved   891 · nobles  +1.9 · read 35.1 · walls  2.6 · fell 78.1% (mother 44.3%) · prince 19.8% · king 14.5% · crowned 11.9% (median year 29) · 3.3s
try  3 · gen   92 · best    948.2 · elite    516.0 · median      7.4 · years  19.4 · road 0.38 · starved  1754 · nobles  +0.8 · read 17.8 · walls  2.4 · fell 80.3% (mother 52.0%) · prince 19.0% · king 12.7% · crowned  9.2% (median year 29) · 3.3s
try  4 · gen   92 · best    786.6 · elite    382.3 · median     -5.7 · years  28.5 · road 0.33 · starved  1190 · nobles  +5.6 · read 38.0 · walls  1.5 · fell 86.5% (mother 40.4%) · prince 15.2% · king  9.5% · crowned  7.6% (median year 46) · 3.3s
try  5 · gen   92 · best    266.9 · elite    153.9 · median     12.4 · years  46.2 · road 0.39 · starved  1276 · nobles  -6.3 · read 60.1 · walls  6.3 · fell 82.8% (mother 31.2%) · prince 13.2% · king  0.8% · crowned  0.4% (median year 82) · 3.3s
try  6 · gen   92 · best   1162.7 · elite    564.4 · median    152.8 · years  21.3 · road 0.35 · starved   906 · nobles  +4.0 · read 24.1 · walls  1.4 · fell 74.4% (mother 40.8%) · prince 23.2% · king 16.0% · crowned 12.2% (median year 27) · 3.3s
try  7 · gen   92 · best   1125.3 · elite    578.7 · median    138.3 · years  21.2 · road 0.37 · starved  2753 · nobles  +2.1 · read 28.6 · walls  1.5 · fell 77.3% (mother 43.2%) · prince 22.9% · king 15.6% · crowned 12.6% (median year 30) · 3.3s
try  8 · gen   92 · best    807.8 · elite    441.6 · median     22.8 · years  30.5 · road 0.37 · starved  1152 · nobles  +3.0 · read 16.8 · walls  6.1 · fell 81.2% (mother 44.1%) · prince 18.0% · king 12.2% · crowned  9.6% (median year 50) · 3.3s
try  1 · gen   93 · best   1012.6 · elite    572.2 · median    133.5 · years  20.8 · road 0.35 · starved   881 · nobles  +4.1 · read 27.3 · walls  1.8 · fell 75.2% (mother 39.7%) · prince 23.7% · king 15.2% · crowned 11.8% (median year 27) · 3.2s
try  2 · gen   93 · best    933.4 · elite    544.8 · median    121.9 · years  21.1 · road 0.35 · starved   904 · nobles  +2.0 · read 35.5 · walls  2.6 · fell 78.1% (mother 43.6%) · prince 19.3% · king 14.3% · crowned 11.8% (median year 29) · 3.2s
try  3 · gen   93 · best   1151.3 · elite    498.2 · median     25.7 · years  19.8 · road 0.38 · starved  1052 · nobles  +1.3 · read 17.4 · walls  2.4 · fell 78.9% (mother 48.8%) · prince 19.4% · king 12.9% · crowned  9.7% (median year 30) · 3.2s
try  4 · gen   93 · best    648.2 · elite    356.3 · median    -13.7 · years  28.3 · road 0.33 · starved  1197 · nobles  +5.7 · read 38.5 · walls  1.6 · fell 87.1% (mother 39.7%) · prince 14.4% · king  8.7% · crowned  6.8% (median year 48) · 3.2s
try  5 · gen   93 · best    376.9 · elite    164.0 · median      9.2 · years  45.9 · road 0.39 · starved  1350 · nobles  -6.4 · read 57.7 · walls  6.4 · fell 81.9% (mother 31.2%) · prince 13.8% · king  1.0% · crowned  0.5% (median year 78) · 3.2s
try  6 · gen   93 · best    994.4 · elite    573.7 · median    134.1 · years  21.5 · road 0.35 · starved   902 · nobles  +4.4 · read 24.0 · walls  1.4 · fell 74.7% (mother 40.2%) · prince 23.8% · king 16.1% · crowned 12.0% (median year 27) · 3.2s
try  7 · gen   93 · best   1187.8 · elite    558.8 · median    151.9 · years  21.3 · road 0.37 · starved  1570 · nobles  +2.3 · read 28.4 · walls  1.6 · fell 76.9% (mother 44.2%) · prince 23.8% · king 16.1% · crowned 12.9% (median year 30) · 3.2s
try  8 · gen   93 · best    883.3 · elite    471.5 · median     22.7 · years  30.5 · road 0.38 · starved  1158 · nobles  +2.7 · read 15.6 · walls  6.1 · fell 80.2% (mother 44.0%) · prince 18.6% · king 12.6% · crowned 10.0% (median year 48) · 3.2s
try  1 · gen   94 · best   1010.3 · elite    576.0 · median    129.6 · years  21.1 · road 0.35 · starved   905 · nobles  +4.1 · read 27.3 · walls  1.9 · fell 76.3% (mother 41.4%) · prince 24.0% · king 15.8% · crowned 11.7% (median year 27) · 3.2s
try  2 · gen   94 · best   1014.9 · elite    510.4 · median    129.0 · years  21.5 · road 0.35 · starved   975 · nobles  +2.0 · read 36.3 · walls  2.7 · fell 78.2% (mother 43.5%) · prince 20.3% · king 14.2% · crowned 11.7% (median year 29) · 3.2s
try  3 · gen   94 · best   1378.5 · elite    526.8 · median     48.5 · years  20.1 · road 0.38 · starved  1184 · nobles  +1.3 · read 17.7 · walls  2.5 · fell 78.1% (mother 48.5%) · prince 20.2% · king 13.6% · crowned 10.4% (median year 29) · 3.2s
try  4 · gen   94 · best    669.0 · elite    361.9 · median    -12.6 · years  28.7 · road 0.33 · starved  1172 · nobles  +5.9 · read 39.7 · walls  1.7 · fell 87.4% (mother 38.6%) · prince 14.2% · king  8.9% · crowned  7.0% (median year 47) · 3.2s
try  5 · gen   94 · best    303.5 · elite    158.1 · median     11.1 · years  44.2 · road 0.39 · starved  1337 · nobles  -6.0 · read 55.1 · walls  6.4 · fell 84.3% (mother 34.6%) · prince 12.8% · king  1.0% · crowned  0.6% (median year 75) · 3.2s
try  6 · gen   94 · best    969.7 · elite    576.0 · median    123.8 · years  21.4 · road 0.36 · starved   944 · nobles  +3.8 · read 24.1 · walls  1.4 · fell 75.0% (mother 42.0%) · prince 24.2% · king 15.4% · crowned 12.0% (median year 27) · 3.2s
try  7 · gen   94 · best   1003.0 · elite    541.9 · median    102.2 · years  21.3 · road 0.37 · starved  1031 · nobles  +1.6 · read 29.1 · walls  1.5 · fell 78.4% (mother 45.5%) · prince 22.5% · king 14.6% · crowned 11.6% (median year 30) · 3.2s
try  8 · gen   94 · best    849.0 · elite    467.6 · median     50.4 · years  30.4 · road 0.38 · starved  1060 · nobles  +2.6 · read 17.0 · walls  6.3 · fell 77.9% (mother 41.7%) · prince 19.0% · king 13.3% · crowned 10.4% (median year 46) · 3.2s
try  1 · gen   95 · best    903.3 · elite    541.6 · median    124.3 · years  20.7 · road 0.35 · starved   922 · nobles  +3.9 · read 27.0 · walls  2.0 · fell 76.4% (mother 42.3%) · prince 24.4% · king 14.8% · crowned 11.2% (median year 26) · 3.2s
try  2 · gen   95 · best    936.7 · elite    546.7 · median    116.8 · years  21.1 · road 0.35 · starved   903 · nobles  +2.4 · read 35.4 · walls  2.5 · fell 77.9% (mother 44.8%) · prince 19.4% · king 13.9% · crowned 11.6% (median year 29) · 3.2s
try  3 · gen   95 · best   1255.4 · elite    552.1 · median     57.9 · years  19.9 · road 0.39 · starved  1383 · nobles  +1.3 · read 16.1 · walls  2.4 · fell 76.9% (mother 47.7%) · prince 21.5% · king 14.2% · crowned 10.7% (median year 28) · 3.2s
try  4 · gen   95 · best    693.5 · elite    379.5 · median    -10.5 · years  28.8 · road 0.33 · starved  1195 · nobles  +6.3 · read 39.7 · walls  1.7 · fell 87.4% (mother 39.9%) · prince 14.9% · king  9.4% · crowned  7.4% (median year 49) · 3.2s
try  5 · gen   95 · best    445.3 · elite    165.9 · median      6.5 · years  43.7 · road 0.39 · starved  1357 · nobles  -5.8 · read 53.0 · walls  6.4 · fell 84.1% (mother 33.8%) · prince 13.3% · king  1.2% · crowned  0.6% (median year 65) · 3.2s
try  6 · gen   95 · best    974.7 · elite    574.0 · median    141.7 · years  21.4 · road 0.36 · starved   943 · nobles  +3.9 · read 23.9 · walls  1.4 · fell 75.2% (mother 41.5%) · prince 24.0% · king 15.8% · crowned 12.1% (median year 28) · 3.2s
try  7 · gen   95 · best    937.3 · elite    565.7 · median    138.2 · years  21.2 · road 0.37 · starved   965 · nobles  +2.3 · read 28.7 · walls  1.4 · fell 77.0% (mother 44.2%) · prince 22.8% · king 15.9% · crowned 12.5% (median year 30) · 3.2s
try  8 · gen   95 · best    880.1 · elite    474.1 · median     48.8 · years  30.1 · road 0.39 · starved  1083 · nobles  +2.7 · read 16.8 · walls  6.4 · fell 79.4% (mother 43.5%) · prince 19.2% · king 13.1% · crowned 10.3% (median year 44) · 3.2s
try  1 · gen   96 · best    913.6 · elite    538.4 · median     98.1 · years  20.5 · road 0.35 · starved   955 · nobles  +3.8 · read 27.0 · walls  2.0 · fell 75.9% (mother 43.9%) · prince 23.8% · king 15.2% · crowned 11.1% (median year 26) · 3.2s
try  2 · gen   96 · best   1108.9 · elite    528.2 · median    129.8 · years  21.4 · road 0.35 · starved   894 · nobles  +2.9 · read 35.4 · walls  2.7 · fell 78.8% (mother 45.1%) · prince 19.7% · king 14.1% · crowned 11.8% (median year 29) · 3.2s
try  3 · gen   96 · best    992.8 · elite    546.8 · median     56.6 · years  19.8 · road 0.40 · starved  1064 · nobles  +1.0 · read 14.9 · walls  2.4 · fell 75.7% (mother 46.2%) · prince 22.5% · king 14.5% · crowned 10.8% (median year 28) · 3.2s
try  4 · gen   96 · best    647.5 · elite    350.0 · median     -0.5 · years  29.3 · road 0.33 · starved  1226 · nobles  +5.9 · read 42.0 · walls  1.8 · fell 87.1% (mother 39.6%) · prince 15.8% · king  9.9% · crowned  7.8% (median year 50) · 3.2s
try  5 · gen   96 · best    422.4 · elite    188.8 · median      5.5 · years  42.7 · road 0.39 · starved  1405 · nobles  -5.4 · read 52.0 · walls  6.3 · fell 85.6% (mother 35.5%) · prince 13.7% · king  1.9% · crowned  1.1% (median year 70) · 3.2s
try  6 · gen   96 · best   1208.7 · elite    612.5 · median    150.2 · years  21.3 · road 0.36 · starved   902 · nobles  +3.6 · read 23.7 · walls  1.5 · fell 73.4% (mother 40.7%) · prince 24.6% · king 16.3% · crowned 12.6% (median year 27) · 3.2s
try  7 · gen   96 · best    948.8 · elite    539.7 · median    128.8 · years  21.5 · road 0.37 · starved  1021 · nobles  +2.1 · read 29.1 · walls  1.4 · fell 77.8% (mother 44.8%) · prince 22.5% · king 15.1% · crowned 11.8% (median year 30) · 3.2s
try  8 · gen   96 · best    923.9 · elite    473.5 · median     53.7 · years  29.8 · road 0.38 · starved  1071 · nobles  +2.5 · read 17.1 · walls  6.1 · fell 79.1% (mother 42.6%) · prince 18.0% · king 13.3% · crowned 10.3% (median year 45) · 3.2s
try  1 · gen   97 · best   1018.2 · elite    571.6 · median    142.5 · years  20.4 · road 0.36 · starved   968 · nobles  +3.5 · read 27.7 · walls  2.0 · fell 75.0% (mother 44.9%) · prince 25.3% · king 16.3% · crowned 11.8% (median year 25) · 3.2s
try  2 · gen   97 · best   1107.9 · elite    543.9 · median    132.0 · years  21.2 · road 0.35 · starved   912 · nobles  +2.1 · read 35.2 · walls  2.7 · fell 78.3% (mother 42.8%) · prince 19.6% · king 14.3% · crowned 11.7% (median year 29) · 3.2s
try  3 · gen   97 · best   1087.0 · elite    612.5 · median    104.1 · years  19.6 · road 0.40 · starved  1063 · nobles  +1.6 · read 13.0 · walls  2.3 · fell 74.2% (mother 42.4%) · prince 24.0% · king 16.0% · crowned 12.1% (median year 26) · 3.2s
try  4 · gen   97 · best    705.1 · elite    388.0 · median     -3.1 · years  29.9 · road 0.34 · starved  1206 · nobles  +5.9 · read 44.3 · walls  1.9 · fell 86.3% (mother 37.3%) · prince 15.8% · king 10.1% · crowned  8.2% (median year 51) · 3.2s
try  5 · gen   97 · best    361.1 · elite    157.2 · median      3.9 · years  41.1 · road 0.38 · starved  1453 · nobles  -5.1 · read 48.2 · walls  6.1 · fell 86.0% (mother 36.2%) · prince 13.2% · king  1.4% · crowned  0.7% (median year 70) · 3.2s
try  6 · gen   97 · best   1223.4 · elite    629.3 · median    172.0 · years  21.0 · road 0.36 · starved   850 · nobles  +3.8 · read 21.9 · walls  1.5 · fell 72.6% (mother 39.0%) · prince 25.8% · king 17.6% · crowned 13.2% (median year 26) · 3.2s
try  7 · gen   97 · best    941.4 · elite    555.3 · median    101.2 · years  21.8 · road 0.37 · starved  1072 · nobles  +2.4 · read 28.9 · walls  1.4 · fell 78.2% (mother 46.1%) · prince 23.9% · king 15.1% · crowned 11.5% (median year 30) · 3.2s
try  8 · gen   97 · best    819.9 · elite    477.5 · median     26.8 · years  29.6 · road 0.38 · starved  1130 · nobles  +3.1 · read 17.2 · walls  5.9 · fell 80.1% (mother 42.5%) · prince 18.6% · king 13.0% · crowned 10.3% (median year 45) · 3.2s
try  1 · gen   98 · best   1001.5 · elite    563.1 · median    152.6 · years  20.3 · road 0.36 · starved   944 · nobles  +3.5 · read 26.8 · walls  1.9 · fell 75.0% (mother 43.2%) · prince 24.6% · king 16.4% · crowned 11.9% (median year 26) · 3.2s
try  2 · gen   98 · best    956.1 · elite    529.3 · median    136.1 · years  21.4 · road 0.36 · starved   907 · nobles  +2.1 · read 35.2 · walls  2.8 · fell 78.2% (mother 41.6%) · prince 20.5% · king 14.6% · crowned 11.9% (median year 29) · 3.2s
try  3 · gen   98 · best    990.0 · elite    586.5 · median    119.1 · years  19.4 · road 0.40 · starved   989 · nobles  +1.3 · read 12.9 · walls  2.2 · fell 73.2% (mother 40.5%) · prince 22.5% · king 15.6% · crowned 12.1% (median year 26) · 3.2s
try  4 · gen   98 · best    608.3 · elite    380.5 · median     -2.7 · years  29.4 · road 0.33 · starved  1097 · nobles  +6.0 · read 43.7 · walls  1.9 · fell 86.4% (mother 37.1%) · prince 15.5% · king 10.2% · crowned  8.2% (median year 50) · 3.2s
try  5 · gen   98 · best    324.1 · elite    150.9 · median      4.4 · years  41.5 · road 0.38 · starved  1440 · nobles  -5.5 · read 49.3 · walls  6.1 · fell 86.1% (mother 36.1%) · prince 13.6% · king  1.4% · crowned  0.6% (median year 71) · 3.2s
try  6 · gen   98 · best    975.9 · elite    618.0 · median    163.5 · years  20.7 · road 0.36 · starved   807 · nobles  +4.0 · read 20.1 · walls  1.5 · fell 70.6% (mother 37.4%) · prince 25.2% · king 16.9% · crowned 13.4% (median year 26) · 3.2s
try  7 · gen   98 · best    961.3 · elite    591.5 · median     83.0 · years  20.9 · road 0.36 · starved  1062 · nobles  +2.6 · read 27.4 · walls  1.4 · fell 78.2% (mother 48.5%) · prince 23.4% · king 15.6% · crowned 12.0% (median year 29) · 3.2s
try  8 · gen   98 · best    872.8 · elite    486.7 · median     88.3 · years  28.2 · road 0.38 · starved  1050 · nobles  +3.1 · read 16.5 · walls  5.4 · fell 77.7% (mother 41.1%) · prince 19.5% · king 14.3% · crowned 11.4% (median year 42) · 3.2s
try  1 · gen   99 · best    969.5 · elite    563.9 · median    157.7 · years  20.4 · road 0.36 · starved   924 · nobles  +4.4 · read 25.9 · walls  1.9 · fell 74.5% (mother 41.2%) · prince 25.5% · king 16.1% · crowned 12.1% (median year 26) · 3.1s
try  2 · gen   99 · best    928.5 · elite    545.0 · median    145.6 · years  21.0 · road 0.36 · starved   875 · nobles  +2.2 · read 33.7 · walls  2.8 · fell 77.5% (mother 39.0%) · prince 20.4% · king 14.5% · crowned 12.1% (median year 28) · 3.1s
try  3 · gen   99 · best    965.5 · elite    558.0 · median    125.2 · years  19.7 · road 0.41 · starved   995 · nobles  +0.9 · read 13.5 · walls  2.2 · fell 73.0% (mother 39.6%) · prince 23.6% · king 16.2% · crowned 11.9% (median year 26) · 3.1s
try  4 · gen   99 · best    850.2 · elite    410.9 · median    -10.4 · years  29.4 · road 0.33 · starved  1192 · nobles  +6.3 · read 42.5 · walls  1.7 · fell 86.6% (mother 38.2%) · prince 14.7% · king  9.6% · crowned  8.1% (median year 50) · 3.1s
try  5 · gen   99 · best    446.0 · elite    173.6 · median      5.0 · years  41.6 · road 0.38 · starved  1406 · nobles  -5.4 · read 49.3 · walls  6.1 · fell 85.9% (mother 35.0%) · prince 13.6% · king  1.6% · crowned  0.9% (median year 69) · 3.1s
try  6 · gen   99 · best    999.6 · elite    609.5 · median    176.5 · years  20.5 · road 0.37 · starved   777 · nobles  +3.5 · read 18.6 · walls  1.8 · fell 70.7% (mother 37.4%) · prince 26.3% · king 18.1% · crowned 13.6% (median year 26) · 3.1s
try  7 · gen   99 · best    895.4 · elite    556.9 · median    147.4 · years  20.8 · road 0.37 · starved   999 · nobles  +2.7 · read 27.1 · walls  1.4 · fell 76.2% (mother 46.4%) · prince 23.5% · king 15.6% · crowned 12.6% (median year 29) · 3.1s
try  8 · gen   99 · best    908.7 · elite    509.4 · median    109.8 · years  27.5 · road 0.38 · starved  1017 · nobles  +2.6 · read 16.1 · walls  5.2 · fell 76.9% (mother 40.9%) · prince 20.5% · king 15.3% · crowned 11.6% (median year 41) · 3.1s
