War · reads Reads { told: true, recall: false, journal: false } · hidden 32 · genome 33445 · population 1000 (first 10000) · elite 100 breeding at 0.3 · tables 6 · hall 0 · rank 40 · letters None · longest 100 years · 8 trials · AMD Radeon RX 6750 XT (RADV NAVI22)
try  1 · gen  100 · best   1132.8 · elite    619.7 · median    177.9 · years  22.5 · road 0.40 · starved   840 · nobles  +4.1 · read 24.7 · walls  3.4 · fell 75.3% (mother 29.1%) · prince 24.0% · king 16.6% · crowned 14.0% (median year 29) · 3.9s
try  2 · gen  100 · best    637.9 · elite    276.3 · median     -4.0 · years  34.9 · road 0.38 · starved  1408 · nobles  -6.2 · read 63.9 · walls  4.0 · fell 89.4% (mother 41.9%) · prince 16.4% · king  5.9% · crowned  3.5% (median year 57) · 3.9s
try  3 · gen  100 · best    876.2 · elite    417.4 · median     -1.8 · years  31.4 · road 0.38 · starved  1254 · nobles  -2.8 · read 56.6 · walls  2.8 · fell 83.8% (mother 39.6%) · prince 16.2% · king  9.2% · crowned  7.7% (median year 48) · 3.9s
try  4 · gen  100 · best    866.0 · elite    467.9 · median     78.8 · years  34.2 · road 0.40 · starved  1010 · nobles  +1.8 · read 41.4 · walls  5.5 · fell 74.3% (mother 36.8%) · prince 21.5% · king 13.1% · crowned 10.1% (median year 45) · 3.9s
try  5 · gen  100 · best   1073.1 · elite    646.1 · median    174.7 · years  19.4 · road 0.34 · starved   756 · nobles  +3.6 · read 18.0 · walls  1.0 · fell 75.4% (mother 32.9%) · prince 24.5% · king 19.4% · crowned 14.9% (median year 27) · 3.9s
try  6 · gen  100 · best    208.4 · elite    131.0 · median     27.9 · years  61.0 · road 0.40 · starved  1001 · nobles  +1.5 · read 120.4 · walls  6.9 · fell 63.8% (mother 32.7%) · prince  0.0% · king  0.0% · crowned  0.0% · 3.9s
try  7 · gen  100 · best    273.9 · elite    143.4 · median     38.3 · years  59.3 · road 0.43 · starved   899 · nobles  -9.3 · read 86.5 · walls  7.8 · fell 72.6% (mother 23.9%) · prince  2.2% · king  0.2% · crowned  0.0% (median year 72) · 3.9s
try  8 · gen  100 · best    989.4 · elite    578.6 · median    101.1 · years  22.6 · road 0.38 · starved   956 · nobles  -0.9 · read 23.8 · walls  2.7 · fell 73.3% (mother 36.9%) · prince 23.3% · king 16.0% · crowned 11.1% (median year 26) · 3.9s
try  1 · gen  101 · best   1037.0 · elite    627.5 · median    175.8 · years  22.6 · road 0.40 · starved   772 · nobles  +2.9 · read 25.4 · walls  3.4 · fell 74.0% (mother 27.6%) · prince 24.3% · king 17.1% · crowned 14.1% (median year 29) · 3.8s
try  2 · gen  101 · best    560.9 · elite    248.2 · median     -3.1 · years  34.6 · road 0.38 · starved  1436 · nobles  -6.1 · read 61.8 · walls  4.1 · fell 89.0% (mother 41.7%) · prince 16.4% · king  5.4% · crowned  3.0% (median year 57) · 3.8s
try  3 · gen  101 · best    911.4 · elite    451.8 · median     11.4 · years  31.0 · road 0.38 · starved  1183 · nobles  -2.4 · read 56.0 · walls  2.8 · fell 82.9% (mother 39.5%) · prince 17.0% · king 10.4% · crowned  8.8% (median year 46) · 3.8s
try  4 · gen  101 · best   1073.1 · elite    487.8 · median     59.9 · years  33.9 · road 0.40 · starved  1137 · nobles  +1.9 · read 40.5 · walls  5.6 · fell 73.7% (mother 35.6%) · prince 20.9% · king 13.4% · crowned 10.4% (median year 45) · 3.8s
try  5 · gen  101 · best   1180.4 · elite    651.6 · median    177.1 · years  19.3 · road 0.34 · starved   761 · nobles  +3.6 · read 18.0 · walls  1.0 · fell 75.6% (mother 32.1%) · prince 25.4% · king 19.6% · crowned 15.1% (median year 27) · 3.8s
try  6 · gen  101 · best    197.7 · elite    127.1 · median     27.4 · years  59.5 · road 0.40 · starved   992 · nobles  +1.6 · read 112.3 · walls  6.9 · fell 65.5% (mother 31.9%) · prince  0.0% · king  0.0% · crowned  0.0% · 3.8s
try  7 · gen  101 · best    465.1 · elite    142.4 · median     37.8 · years  57.0 · road 0.43 · starved   894 · nobles  -8.9 · read 84.5 · walls  7.8 · fell 74.2% (mother 24.1%) · prince  2.4% · king  0.4% · crowned  0.1% (median year 79) · 3.8s
try  8 · gen  101 · best    997.6 · elite    583.3 · median    143.2 · years  22.4 · road 0.39 · starved   906 · nobles  -0.7 · read 23.9 · walls  2.8 · fell 71.4% (mother 35.7%) · prince 24.1% · king 16.9% · crowned 11.9% (median year 26) · 3.8s
try  1 · gen  102 · best   1235.1 · elite    618.5 · median    180.6 · years  22.8 · road 0.41 · starved   880 · nobles  +2.6 · read 27.1 · walls  3.7 · fell 73.7% (mother 27.5%) · prince 25.1% · king 17.1% · crowned 14.0% (median year 29) · 3.7s
try  2 · gen  102 · best    661.3 · elite    271.3 · median     -7.2 · years  34.4 · road 0.38 · starved  1499 · nobles  -5.8 · read 61.9 · walls  3.7 · fell 89.0% (mother 40.8%) · prince 15.5% · king  6.0% · crowned  3.6% (median year 54) · 3.7s
try  3 · gen  102 · best    803.8 · elite    473.8 · median     19.8 · years  30.6 · road 0.38 · starved  1109 · nobles  -2.1 · read 54.5 · walls  2.8 · fell 80.9% (mother 38.9%) · prince 18.4% · king 11.1% · crowned  9.2% (median year 45) · 3.7s
try  4 · gen  102 · best    883.3 · elite    491.9 · median     69.7 · years  34.6 · road 0.41 · starved  1023 · nobles  +1.3 · read 38.6 · walls  5.7 · fell 72.9% (mother 36.5%) · prince 21.8% · king 14.1% · crowned 10.1% (median year 45) · 3.7s
try  5 · gen  102 · best   1175.5 · elite    667.3 · median    176.1 · years  19.5 · road 0.34 · starved   744 · nobles  +3.6 · read 18.8 · walls  0.9 · fell 75.3% (mother 31.1%) · prince 25.7% · king 19.9% · crowned 15.2% (median year 27) · 3.7s
try  6 · gen  102 · best    204.6 · elite    125.3 · median     27.1 · years  59.2 · road 0.40 · starved   982 · nobles  +1.5 · read 109.4 · walls  7.0 · fell 65.2% (mother 30.8%) · prince  0.0% · king  0.0% · crowned  0.0% · 3.7s
try  7 · gen  102 · best    339.2 · elite    136.9 · median     35.5 · years  54.7 · road 0.43 · starved  1251 · nobles  -8.6 · read 79.9 · walls  7.8 · fell 77.5% (mother 26.6%) · prince  3.4% · king  0.5% · crowned  0.2% (median year 78) · 3.7s
try  8 · gen  102 · best   1194.4 · elite    578.3 · median     94.3 · years  22.5 · road 0.39 · starved   945 · nobles  -1.4 · read 23.9 · walls  3.0 · fell 73.8% (mother 38.5%) · prince 23.8% · king 16.5% · crowned 11.1% (median year 26) · 3.7s
try  1 · gen  103 · best   1011.2 · elite    644.6 · median    182.6 · years  22.3 · road 0.40 · starved   729 · nobles  +3.4 · read 25.2 · walls  3.6 · fell 72.4% (mother 27.0%) · prince 24.7% · king 17.5% · crowned 14.5% (median year 28) · 3.8s
try  2 · gen  103 · best    478.6 · elite    258.9 · median     -7.5 · years  34.1 · road 0.38 · starved  1443 · nobles  -6.2 · read 61.1 · walls  3.7 · fell 88.8% (mother 38.6%) · prince 15.3% · king  5.9% · crowned  3.4% (median year 56) · 3.8s
try  3 · gen  103 · best    892.6 · elite    453.5 · median     11.5 · years  29.3 · road 0.37 · starved  1095 · nobles  -0.9 · read 51.9 · walls  2.6 · fell 82.4% (mother 38.1%) · prince 17.5% · king 10.4% · crowned  8.9% (median year 44) · 3.8s
try  4 · gen  103 · best    943.4 · elite    500.6 · median     79.1 · years  34.0 · road 0.40 · starved   911 · nobles  +1.2 · read 39.3 · walls  5.6 · fell 72.2% (mother 34.5%) · prince 21.6% · king 13.8% · crowned 10.6% (median year 44) · 3.8s
try  5 · gen  103 · best   1027.5 · elite    658.3 · median    176.0 · years  19.9 · road 0.34 · starved   799 · nobles  +3.8 · read 18.2 · walls  0.9 · fell 75.6% (mother 31.3%) · prince 25.4% · king 19.6% · crowned 14.7% (median year 27) · 3.8s
try  6 · gen  103 · best    222.4 · elite    119.3 · median     23.3 · years  57.3 · road 0.39 · starved   991 · nobles  +1.7 · read 104.6 · walls  6.8 · fell 67.7% (mother 31.5%) · prince  0.0% · king  0.0% · crowned  0.0% · 3.8s
try  7 · gen  103 · best    348.3 · elite    149.4 · median     35.0 · years  56.0 · road 0.43 · starved  1485 · nobles  -8.3 · read 83.0 · walls  7.8 · fell 78.4% (mother 28.0%) · prince  4.8% · king  0.6% · crowned  0.2% (median year 79) · 3.8s
try  8 · gen  103 · best   1163.4 · elite    583.2 · median    104.6 · years  22.2 · road 0.39 · starved   913 · nobles  -0.9 · read 24.1 · walls  2.8 · fell 73.6% (mother 36.8%) · prince 23.8% · king 16.3% · crowned 11.0% (median year 25) · 3.8s
try  1 · gen  104 · best   1230.1 · elite    603.3 · median    186.1 · years  22.0 · road 0.40 · starved   794 · nobles  +3.4 · read 23.7 · walls  3.5 · fell 73.9% (mother 30.4%) · prince 25.2% · king 17.5% · crowned 14.2% (median year 28) · 3.9s
try  2 · gen  104 · best    483.8 · elite    267.0 · median     -4.3 · years  33.9 · road 0.38 · starved  1425 · nobles  -6.3 · read 57.8 · walls  3.6 · fell 89.1% (mother 38.5%) · prince 16.0% · king  5.8% · crowned  3.5% (median year 52) · 3.9s
try  3 · gen  104 · best    868.3 · elite    458.5 · median     21.6 · years  29.2 · road 0.36 · starved  1068 · nobles  -0.7 · read 52.1 · walls  2.5 · fell 81.6% (mother 37.6%) · prince 18.0% · king 11.1% · crowned  9.3% (median year 44) · 3.9s
try  4 · gen  104 · best    907.7 · elite    518.1 · median     65.3 · years  33.6 · road 0.40 · starved   926 · nobles  +1.1 · read 38.5 · walls  5.3 · fell 70.7% (mother 34.0%) · prince 21.9% · king 13.8% · crowned 10.4% (median year 43) · 3.9s
try  5 · gen  104 · best    952.3 · elite    618.1 · median    172.2 · years  19.3 · road 0.33 · starved   782 · nobles  +3.7 · read 17.8 · walls  0.9 · fell 76.1% (mother 33.5%) · prince 24.6% · king 19.4% · crowned 14.8% (median year 27) · 3.9s
try  6 · gen  104 · best    221.4 · elite    122.8 · median     26.9 · years  58.7 · road 0.40 · starved  1009 · nobles  +1.7 · read 105.9 · walls  6.9 · fell 68.1% (mother 31.1%) · prince  0.0% · king  0.0% · crowned  0.0% · 3.9s
try  7 · gen  104 · best    557.9 · elite    157.6 · median     28.3 · years  51.9 · road 0.42 · starved  1012 · nobles  -7.1 · read 75.9 · walls  7.8 · fell 79.8% (mother 27.5%) · prince  5.2% · king  0.8% · crowned  0.4% (median year 74) · 3.9s
try  8 · gen  104 · best    940.3 · elite    574.5 · median     64.4 · years  22.0 · road 0.39 · starved   990 · nobles  -1.5 · read 23.6 · walls  2.9 · fell 75.6% (mother 39.3%) · prince 23.5% · king 16.2% · crowned 10.4% (median year 26) · 3.9s
try  1 · gen  105 · best   1041.4 · elite    617.0 · median    177.1 · years  21.9 · road 0.39 · starved   823 · nobles  +4.0 · read 23.5 · walls  3.3 · fell 73.9% (mother 28.7%) · prince 24.8% · king 17.4% · crowned 14.0% (median year 28) · 4.2s
try  2 · gen  105 · best    491.1 · elite    263.4 · median     -3.8 · years  33.1 · road 0.38 · starved  1396 · nobles  -6.4 · read 54.4 · walls  3.4 · fell 89.5% (mother 39.2%) · prince 16.6% · king  6.4% · crowned  3.4% (median year 53) · 4.2s
try  3 · gen  105 · best   1044.2 · elite    482.7 · median     31.7 · years  28.8 · road 0.36 · starved  1020 · nobles  -0.6 · read 52.5 · walls  2.5 · fell 80.0% (mother 35.7%) · prince 18.0% · king 11.9% · crowned 10.2% (median year 41) · 4.2s
try  4 · gen  105 · best   1107.2 · elite    514.6 · median     70.5 · years  33.1 · road 0.40 · starved   940 · nobles  +1.6 · read 39.2 · walls  4.9 · fell 71.5% (mother 34.0%) · prince 22.3% · king 14.1% · crowned 10.7% (median year 42) · 4.2s
try  5 · gen  105 · best   1009.8 · elite    659.3 · median    172.8 · years  19.5 · road 0.34 · starved   754 · nobles  +4.2 · read 17.2 · walls  0.9 · fell 74.8% (mother 31.8%) · prince 25.2% · king 19.3% · crowned 15.3% (median year 27) · 4.2s
try  6 · gen  105 · best    188.3 · elite    120.3 · median     24.3 · years  58.3 · road 0.40 · starved   976 · nobles  +1.6 · read 101.4 · walls  7.0 · fell 65.8% (mother 29.7%) · prince  0.0% · king  0.0% · crowned  0.0% · 4.2s
try  7 · gen  105 · best    423.8 · elite    165.3 · median     29.0 · years  50.1 · road 0.42 · starved  1436 · nobles  -6.5 · read 72.9 · walls  7.8 · fell 83.6% (mother 29.9%) · prince  7.0% · king  1.3% · crowned  0.7% (median year 75) · 4.2s
try  8 · gen  105 · best    988.7 · elite    536.3 · median     80.5 · years  21.6 · road 0.39 · starved  1019 · nobles  -1.7 · read 23.1 · walls  2.8 · fell 76.8% (mother 42.0%) · prince 24.2% · king 16.2% · crowned 10.1% (median year 26) · 4.2s
try  1 · gen  106 · best   1054.3 · elite    631.8 · median    167.5 · years  21.3 · road 0.40 · starved   859 · nobles  +3.5 · read 23.3 · walls  3.2 · fell 75.1% (mother 31.3%) · prince 24.9% · king 17.1% · crowned 13.9% (median year 28) · 3.7s
try  2 · gen  106 · best    490.7 · elite    269.3 · median     -5.3 · years  32.2 · road 0.37 · starved  1389 · nobles  -6.1 · read 51.5 · walls  3.4 · fell 89.3% (mother 38.6%) · prince 15.4% · king  6.0% · crowned  3.6% (median year 53) · 3.7s
try  3 · gen  106 · best   1112.4 · elite    480.8 · median     44.9 · years  28.0 · road 0.36 · starved   922 · nobles  -0.0 · read 52.0 · walls  2.5 · fell 79.5% (mother 34.8%) · prince 18.1% · king 12.1% · crowned 10.3% (median year 40) · 3.7s
try  4 · gen  106 · best   1089.4 · elite    530.1 · median     69.7 · years  32.1 · road 0.39 · starved   847 · nobles  +1.5 · read 36.6 · walls  4.6 · fell 71.2% (mother 32.0%) · prince 21.2% · king 13.8% · crowned 10.9% (median year 42) · 3.7s
try  5 · gen  106 · best   1060.6 · elite    654.6 · median    179.1 · years  19.7 · road 0.34 · starved   776 · nobles  +4.2 · read 17.3 · walls  1.0 · fell 74.1% (mother 29.8%) · prince 25.5% · king 20.3% · crowned 15.5% (median year 27) · 3.7s
try  6 · gen  106 · best    210.7 · elite    129.1 · median     26.1 · years  58.8 · road 0.40 · starved   970 · nobles  +1.5 · read 102.6 · walls  7.0 · fell 65.5% (mother 31.5%) · prince  0.0% · king  0.0% · crowned  0.0% · 3.7s
try  7 · gen  106 · best    412.6 · elite    186.6 · median     23.7 · years  47.1 · road 0.41 · starved  1861 · nobles  -5.7 · read 65.6 · walls  7.8 · fell 84.4% (mother 32.3%) · prince  9.5% · king  2.0% · crowned  1.1% (median year 72) · 3.7s
try  8 · gen  106 · best    994.2 · elite    560.2 · median    133.1 · years  21.8 · road 0.39 · starved   971 · nobles  -1.1 · read 23.4 · walls  2.6 · fell 73.7% (mother 38.4%) · prince 24.4% · king 17.3% · crowned 11.1% (median year 26) · 3.7s
try  1 · gen  107 · best    990.4 · elite    610.3 · median    190.0 · years  21.0 · road 0.40 · starved   744 · nobles  +3.3 · read 23.9 · walls  3.2 · fell 73.6% (mother 30.8%) · prince 26.2% · king 18.5% · crowned 14.5% (median year 27) · 4.1s
try  2 · gen  107 · best    667.2 · elite    279.4 · median      1.3 · years  32.8 · road 0.38 · starved  1433 · nobles  -6.4 · read 50.1 · walls  3.5 · fell 89.1% (mother 38.8%) · prince 15.7% · king  6.4% · crowned  3.9% (median year 52) · 4.1s
try  3 · gen  107 · best    929.9 · elite    535.5 · median     78.1 · years  27.9 · road 0.36 · starved   871 · nobles  +0.3 · read 51.4 · walls  2.5 · fell 77.9% (mother 32.0%) · prince 18.7% · king 13.6% · crowned 11.5% (median year 39) · 4.1s
try  4 · gen  107 · best    884.7 · elite    506.9 · median     79.3 · years  32.5 · road 0.39 · starved  1056 · nobles  +1.1 · read 35.4 · walls  4.7 · fell 71.3% (mother 32.0%) · prince 21.4% · king 14.3% · crowned 10.8% (median year 42) · 4.1s
try  5 · gen  107 · best   1201.3 · elite    607.8 · median    176.3 · years  19.8 · road 0.34 · starved   791 · nobles  +3.9 · read 17.5 · walls  1.0 · fell 75.1% (mother 30.1%) · prince 25.2% · king 19.2% · crowned 15.2% (median year 27) · 4.1s
try  6 · gen  107 · best    199.8 · elite    127.1 · median     26.9 · years  59.1 · road 0.40 · starved   952 · nobles  +1.5 · read 103.5 · walls  7.1 · fell 64.1% (mother 31.0%) · prince  0.0% · king  0.0% · crowned  0.0% · 4.1s
try  7 · gen  107 · best    544.7 · elite    243.0 · median     24.4 · years  44.9 · road 0.41 · starved  1310 · nobles  -5.1 · read 60.2 · walls  7.8 · fell 85.8% (mother 34.5%) · prince 10.8% · king  3.6% · crowned  2.1% (median year 72) · 4.1s
try  8 · gen  107 · best   1124.9 · elite    604.9 · median    157.3 · years  21.5 · road 0.39 · starved   890 · nobles  -0.5 · read 23.2 · walls  2.6 · fell 70.8% (mother 35.5%) · prince 26.5% · king 18.6% · crowned 12.7% (median year 25) · 4.1s
try  1 · gen  108 · best   1401.4 · elite    629.6 · median    179.5 · years  21.1 · road 0.40 · starved   751 · nobles  +3.6 · read 24.4 · walls  2.9 · fell 74.2% (mother 30.0%) · prince 25.4% · king 17.5% · crowned 14.2% (median year 28) · 3.7s
try  2 · gen  108 · best    487.6 · elite    274.9 · median     -5.8 · years  33.5 · road 0.38 · starved  1465 · nobles  -6.7 · read 51.5 · walls  3.6 · fell 89.9% (mother 39.8%) · prince 15.3% · king  5.5% · crowned  3.2% (median year 55) · 3.7s
try  3 · gen  108 · best    936.4 · elite    523.9 · median    108.5 · years  27.1 · road 0.36 · starved   887 · nobles  +0.8 · read 49.8 · walls  2.6 · fell 78.3% (mother 33.5%) · prince 19.4% · king 13.9% · crowned 11.7% (median year 39) · 3.7s
try  4 · gen  108 · best    900.3 · elite    536.9 · median     81.1 · years  32.5 · road 0.39 · starved   885 · nobles  +1.0 · read 33.7 · walls  4.5 · fell 71.2% (mother 32.0%) · prince 21.3% · king 14.4% · crowned 11.0% (median year 42) · 3.7s
try  5 · gen  108 · best   1081.8 · elite    665.0 · median    181.2 · years  19.3 · road 0.34 · starved   801 · nobles  +4.6 · read 17.4 · walls  1.0 · fell 74.1% (mother 31.1%) · prince 25.6% · king 19.7% · crowned 15.6% (median year 26) · 3.7s
try  6 · gen  108 · best    217.4 · elite    126.1 · median     28.2 · years  59.7 · road 0.40 · starved   924 · nobles  +1.4 · read 104.7 · walls  7.1 · fell 62.9% (mother 29.7%) · prince  0.0% · king  0.0% · crowned  0.0% · 3.7s
try  7 · gen  108 · best    552.8 · elite    263.6 · median     19.6 · years  41.1 · road 0.41 · starved  1224 · nobles  -3.9 · read 51.0 · walls  7.9 · fell 87.6% (mother 37.7%) · prince 11.6% · king  4.8% · crowned  2.9% (median year 71) · 3.7s
try  8 · gen  108 · best   1003.2 · elite    582.8 · median    111.6 · years  21.4 · road 0.39 · starved   970 · nobles  -0.9 · read 23.4 · walls  2.4 · fell 73.2% (mother 39.0%) · prince 24.8% · king 17.2% · crowned 11.4% (median year 26) · 3.7s
try  1 · gen  109 · best   1002.6 · elite    650.8 · median    193.3 · years  21.2 · road 0.40 · starved   706 · nobles  +3.8 · read 25.0 · walls  2.8 · fell 71.2% (mother 26.1%) · prince 26.3% · king 19.1% · crowned 15.2% (median year 27) · 4.0s
try  2 · gen  109 · best    582.8 · elite    284.4 · median     -2.0 · years  34.0 · road 0.38 · starved  1401 · nobles  -6.9 · read 51.5 · walls  3.9 · fell 89.4% (mother 36.5%) · prince 15.2% · king  5.8% · crowned  3.6% (median year 54) · 4.0s
try  3 · gen  109 · best    872.8 · elite    523.7 · median    102.3 · years  27.2 · road 0.36 · starved   875 · nobles  +0.5 · read 50.9 · walls  2.6 · fell 78.1% (mother 32.0%) · prince 19.2% · king 14.0% · crowned 11.6% (median year 38) · 4.0s
try  4 · gen  109 · best    869.7 · elite    534.1 · median     81.0 · years  31.6 · road 0.39 · starved   855 · nobles  +1.8 · read 30.2 · walls  4.1 · fell 70.9% (mother 30.1%) · prince 21.1% · king 13.8% · crowned 11.1% (median year 41) · 4.0s
try  5 · gen  109 · best   1191.4 · elite    683.8 · median    181.4 · years  19.7 · road 0.34 · starved   764 · nobles  +4.7 · read 17.5 · walls  1.1 · fell 73.4% (mother 29.8%) · prince 25.9% · king 19.8% · crowned 15.7% (median year 27) · 4.0s
try  6 · gen  109 · best    204.2 · elite    128.9 · median     28.6 · years  60.6 · road 0.40 · starved   949 · nobles  +1.5 · read 107.9 · walls  7.2 · fell 63.8% (mother 30.0%) · prince  0.0% · king  0.0% · crowned  0.0% · 4.0s
try  7 · gen  109 · best    616.5 · elite    305.4 · median     20.7 · years  39.9 · road 0.41 · starved  1249 · nobles  -3.3 · read 46.1 · walls  8.0 · fell 88.2% (mother 37.8%) · prince 12.8% · king  6.4% · crowned  4.1% (median year 67) · 4.0s
try  8 · gen  109 · best    766.1 · elite    556.3 · median    118.1 · years  21.6 · road 0.38 · starved   981 · nobles  -0.6 · read 24.0 · walls  2.2 · fell 73.8% (mother 41.5%) · prince 25.4% · king 17.0% · crowned 11.2% (median year 26) · 4.0s
try  1 · gen  110 · best    988.3 · elite    633.3 · median    184.2 · years  21.4 · road 0.40 · starved  1008 · nobles  +3.6 · read 25.8 · walls  2.8 · fell 73.2% (mother 29.2%) · prince 24.8% · king 17.7% · crowned 14.5% (median year 28) · 3.8s
try  2 · gen  110 · best    632.8 · elite    279.2 · median     -0.5 · years  34.4 · road 0.39 · starved  1482 · nobles  -7.1 · read 50.7 · walls  4.1 · fell 90.1% (mother 35.0%) · prince 15.1% · king  6.0% · crowned  3.4% (median year 55) · 3.8s
try  3 · gen  110 · best    944.0 · elite    523.8 · median    120.7 · years  26.6 · road 0.36 · starved   928 · nobles  +1.2 · read 50.1 · walls  2.6 · fell 78.2% (mother 34.2%) · prince 20.0% · king 14.2% · crowned 12.0% (median year 38) · 3.8s
try  4 · gen  110 · best   1329.1 · elite    528.0 · median     56.0 · years  30.9 · road 0.38 · starved  1086 · nobles  +2.4 · read 30.9 · walls  4.0 · fell 71.2% (mother 31.5%) · prince 20.8% · king 13.4% · crowned 10.4% (median year 40) · 3.8s
try  5 · gen  110 · best   1144.8 · elite    676.9 · median    187.4 · years  19.8 · road 0.34 · starved   780 · nobles  +4.9 · read 16.5 · walls  1.1 · fell 73.2% (mother 31.0%) · prince 26.8% · king 20.1% · crowned 16.3% (median year 27) · 3.8s
try  6 · gen  110 · best    206.8 · elite    128.3 · median     28.1 · years  60.5 · road 0.40 · starved   904 · nobles  +1.5 · read 107.6 · walls  7.2 · fell 61.6% (mother 26.7%) · prince  0.0% · king  0.0% · crowned  0.0% · 3.8s
try  7 · gen  110 · best    833.0 · elite    305.6 · median     24.4 · years  40.1 · road 0.41 · starved  1174 · nobles  -3.6 · read 46.1 · walls  7.9 · fell 88.2% (mother 36.8%) · prince 12.8% · king  6.6% · crowned  4.1% (median year 67) · 3.8s
try  8 · gen  110 · best   1025.6 · elite    606.1 · median    112.7 · years  21.6 · road 0.38 · starved   988 · nobles  -0.1 · read 24.4 · walls  2.3 · fell 72.8% (mother 40.4%) · prince 25.4% · king 17.5% · crowned 11.9% (median year 26) · 3.8s
try  1 · gen  111 · best   1366.7 · elite    629.0 · median    188.7 · years  21.4 · road 0.40 · starved   713 · nobles  +4.3 · read 25.8 · walls  2.8 · fell 72.7% (mother 26.9%) · prince 25.2% · king 18.4% · crowned 15.1% (median year 28) · 3.9s
try  2 · gen  111 · best    452.9 · elite    284.8 · median      1.4 · years  34.2 · road 0.39 · starved  1454 · nobles  -7.0 · read 50.9 · walls  4.2 · fell 89.8% (mother 37.0%) · prince 15.0% · king  6.0% · crowned  3.6% (median year 55) · 3.9s
try  3 · gen  111 · best    866.7 · elite    521.1 · median    109.6 · years  25.8 · road 0.35 · starved   889 · nobles  +1.3 · read 49.2 · walls  2.4 · fell 77.4% (mother 33.5%) · prince 19.4% · king 14.3% · crowned 12.2% (median year 38) · 3.9s
try  4 · gen  111 · best   1147.6 · elite    520.2 · median     66.1 · years  31.2 · road 0.38 · starved   908 · nobles  +3.3 · read 30.4 · walls  4.1 · fell 73.9% (mother 33.0%) · prince 21.6% · king 13.6% · crowned 10.4% (median year 41) · 3.9s
try  5 · gen  111 · best   1205.1 · elite    657.8 · median    187.7 · years  19.8 · road 0.34 · starved   801 · nobles  +5.0 · read 16.3 · walls  1.0 · fell 72.9% (mother 28.1%) · prince 26.7% · king 19.8% · crowned 16.0% (median year 26) · 3.9s
try  6 · gen  111 · best    203.6 · elite    126.0 · median     30.5 · years  58.4 · road 0.39 · starved   956 · nobles  +1.6 · read 99.3 · walls  7.2 · fell 66.3% (mother 29.4%) · prince  0.0% · king  0.0% · crowned  0.0% · 3.9s
try  7 · gen  111 · best    836.9 · elite    317.8 · median     30.5 · years  40.6 · road 0.41 · starved  1139 · nobles  -3.7 · read 45.8 · walls  8.0 · fell 88.3% (mother 35.4%) · prince 13.0% · king  7.1% · crowned  4.3% (median year 68) · 3.9s
try  8 · gen  111 · best   1035.0 · elite    568.2 · median    141.7 · years  21.6 · road 0.38 · starved   975 · nobles  -0.1 · read 24.1 · walls  2.2 · fell 72.4% (mother 41.2%) · prince 25.2% · king 16.9% · crowned 11.8% (median year 26) · 3.9s
try  1 · gen  112 · best   1187.7 · elite    641.6 · median    182.7 · years  21.0 · road 0.39 · starved   766 · nobles  +3.5 · read 24.8 · walls  2.8 · fell 71.8% (mother 28.5%) · prince 25.0% · king 18.0% · crowned 14.5% (median year 27) · 3.6s
try  2 · gen  112 · best    606.8 · elite    297.7 · median      1.0 · years  33.5 · road 0.39 · starved  1284 · nobles  -6.5 · read 47.8 · walls  4.3 · fell 89.1% (mother 34.3%) · prince 15.3% · king  5.9% · crowned  3.9% (median year 54) · 3.6s
try  3 · gen  112 · best    948.1 · elite    513.1 · median    108.5 · years  25.5 · road 0.35 · starved   890 · nobles  +1.1 · read 47.3 · walls  2.5 · fell 78.2% (mother 36.1%) · prince 19.0% · king 13.6% · crowned 11.6% (median year 36) · 3.6s
try  4 · gen  112 · best    906.4 · elite    493.2 · median     64.8 · years  31.4 · road 0.39 · starved   993 · nobles  +5.2 · read 25.3 · walls  4.6 · fell 74.2% (mother 34.5%) · prince 20.6% · king 12.9% · crowned 10.4% (median year 42) · 3.6s
try  5 · gen  112 · best   1211.5 · elite    696.7 · median    184.8 · years  19.9 · road 0.34 · starved   685 · nobles  +4.9 · read 15.4 · walls  1.1 · fell 71.5% (mother 25.2%) · prince 26.6% · king 19.9% · crowned 16.4% (median year 26) · 3.6s
try  6 · gen  112 · best    203.8 · elite    123.9 · median     24.8 · years  57.7 · road 0.39 · starved   956 · nobles  +1.5 · read 97.5 · walls  7.1 · fell 66.8% (mother 28.0%) · prince  0.0% · king  0.0% · crowned  0.0% · 3.6s
try  7 · gen  112 · best    595.5 · elite    332.2 · median     28.1 · years  39.7 · road 0.41 · starved  1159 · nobles  -3.4 · read 46.2 · walls  7.9 · fell 87.5% (mother 35.5%) · prince 13.4% · king  7.1% · crowned  4.4% (median year 67) · 3.6s
try  8 · gen  112 · best    961.0 · elite    629.3 · median    154.9 · years  21.6 · road 0.38 · starved   956 · nobles  +0.8 · read 24.3 · walls  2.2 · fell 69.5% (mother 39.9%) · prince 26.0% · king 18.0% · crowned 13.0% (median year 26) · 3.6s
try  1 · gen  113 · best   1145.4 · elite    681.8 · median    184.2 · years  21.2 · road 0.39 · starved  1067 · nobles  +3.6 · read 25.3 · walls  3.0 · fell 69.6% (mother 27.5%) · prince 25.8% · king 18.7% · crowned 15.2% (median year 27) · 3.5s
try  2 · gen  113 · best    666.5 · elite    294.9 · median     11.0 · years  33.4 · road 0.39 · starved  1405 · nobles  -6.4 · read 47.0 · walls  4.3 · fell 89.0% (mother 35.7%) · prince 16.3% · king  7.0% · crowned  4.3% (median year 54) · 3.5s
try  3 · gen  113 · best   1154.0 · elite    526.2 · median    107.1 · years  25.6 · road 0.36 · starved   939 · nobles  +1.7 · read 46.6 · walls  2.5 · fell 78.9% (mother 35.2%) · prince 19.9% · king 13.9% · crowned 11.9% (median year 36) · 3.5s
try  4 · gen  113 · best   1041.6 · elite    474.5 · median     44.2 · years  31.9 · road 0.39 · starved  1048 · nobles  +5.4 · read 22.0 · walls  4.7 · fell 75.6% (mother 35.2%) · prince 20.3% · king 11.9% · crowned  9.6% (median year 43) · 3.5s
try  5 · gen  113 · best   1208.4 · elite    684.4 · median    192.7 · years  20.3 · road 0.35 · starved   743 · nobles  +5.4 · read 15.1 · walls  1.1 · fell 71.8% (mother 26.9%) · prince 27.7% · king 20.4% · crowned 16.8% (median year 27) · 3.5s
try  6 · gen  113 · best    211.4 · elite    124.5 · median     28.6 · years  58.5 · road 0.39 · starved   967 · nobles  +1.6 · read 96.8 · walls  7.1 · fell 66.5% (mother 29.7%) · prince  0.0% · king  0.0% · crowned  0.0% · 3.5s
try  7 · gen  113 · best    707.9 · elite    335.5 · median     24.9 · years  39.8 · road 0.41 · starved  1174 · nobles  -3.2 · read 46.8 · walls  7.9 · fell 87.0% (mother 35.7%) · prince 13.9% · king  8.0% · crowned  5.0% (median year 68) · 3.5s
try  8 · gen  113 · best   1432.2 · elite    627.3 · median    157.9 · years  21.5 · road 0.38 · starved   962 · nobles  +1.0 · read 24.0 · walls  2.2 · fell 69.7% (mother 41.7%) · prince 27.0% · king 18.4% · crowned 13.1% (median year 26) · 3.5s
try  1 · gen  114 · best   1173.9 · elite    673.0 · median    186.8 · years  21.2 · road 0.39 · starved   740 · nobles  +3.8 · read 25.3 · walls  2.8 · fell 70.3% (mother 29.0%) · prince 26.4% · king 19.5% · crowned 15.4% (median year 27) · 3.4s
try  2 · gen  114 · best    706.4 · elite    286.3 · median      5.5 · years  33.3 · road 0.39 · starved  1414 · nobles  -6.7 · read 47.1 · walls  4.3 · fell 89.4% (mother 35.0%) · prince 15.4% · king  6.7% · crowned  3.9% (median year 54) · 3.4s
try  3 · gen  114 · best    927.3 · elite    531.3 · median     66.3 · years  25.6 · road 0.36 · starved  1004 · nobles  +0.9 · read 46.2 · walls  2.4 · fell 80.8% (mother 36.8%) · prince 20.5% · king 13.4% · crowned 11.1% (median year 36) · 3.4s
try  4 · gen  114 · best    906.9 · elite    492.4 · median     55.1 · years  32.3 · road 0.39 · starved  1110 · nobles  +6.2 · read 18.2 · walls  5.0 · fell 75.8% (mother 37.1%) · prince 21.8% · king 12.8% · crowned 10.2% (median year 43) · 3.4s
try  5 · gen  114 · best   1176.3 · elite    689.4 · median    192.4 · years  20.1 · road 0.34 · starved   683 · nobles  +6.3 · read 14.8 · walls  1.1 · fell 69.7% (mother 24.8%) · prince 27.1% · king 20.8% · crowned 17.1% (median year 26) · 3.4s
try  6 · gen  114 · best    214.7 · elite    129.6 · median     23.3 · years  57.7 · road 0.39 · starved   948 · nobles  +1.5 · read 94.8 · walls  7.1 · fell 67.6% (mother 28.9%) · prince  0.0% · king  0.0% · crowned  0.0% · 3.4s
try  7 · gen  114 · best    763.2 · elite    356.6 · median     31.2 · years  38.7 · road 0.41 · starved  1130 · nobles  -2.6 · read 45.7 · walls  7.9 · fell 86.9% (mother 35.9%) · prince 14.5% · king  8.5% · crowned  5.8% (median year 66) · 3.4s
try  8 · gen  114 · best   1162.2 · elite    646.6 · median    164.8 · years  21.7 · road 0.39 · starved  1028 · nobles  +1.0 · read 24.1 · walls  2.2 · fell 67.4% (mother 42.0%) · prince 28.0% · king 19.0% · crowned 13.4% (median year 26) · 3.4s
try  1 · gen  115 · best   1261.9 · elite    678.8 · median    191.7 · years  21.1 · road 0.39 · starved   750 · nobles  +3.5 · read 24.9 · walls  2.7 · fell 69.1% (mother 28.5%) · prince 26.4% · king 19.9% · crowned 16.2% (median year 27) · 3.5s
try  2 · gen  115 · best    824.1 · elite    308.3 · median      4.0 · years  33.1 · road 0.38 · starved  1341 · nobles  -6.3 · read 47.5 · walls  4.2 · fell 88.5% (mother 33.0%) · prince 15.4% · king  7.0% · crowned  4.5% (median year 52) · 3.5s
try  3 · gen  115 · best    905.5 · elite    517.0 · median     46.7 · years  25.0 · road 0.36 · starved   938 · nobles  +0.9 · read 45.2 · walls  2.4 · fell 79.7% (mother 37.8%) · prince 20.1% · king 13.1% · crowned 10.7% (median year 35) · 3.5s
try  4 · gen  115 · best   1060.9 · elite    485.5 · median     34.4 · years  33.5 · road 0.40 · starved  1218 · nobles  +5.6 · read 13.2 · walls  5.4 · fell 77.2% (mother 39.9%) · prince 21.2% · king 11.9% · crowned  9.7% (median year 45) · 3.5s
try  5 · gen  115 · best   1191.4 · elite    738.4 · median    201.3 · years  19.9 · road 0.34 · starved   629 · nobles  +5.2 · read 15.0 · walls  1.1 · fell 68.7% (mother 23.4%) · prince 27.5% · king 21.5% · crowned 17.5% (median year 26) · 3.5s
try  6 · gen  115 · best    193.7 · elite    122.8 · median     27.7 · years  57.7 · road 0.39 · starved   963 · nobles  +1.6 · read 94.1 · walls  7.2 · fell 68.4% (mother 30.9%) · prince  0.0% · king  0.0% · crowned  0.0% · 3.5s
try  7 · gen  115 · best    831.5 · elite    359.2 · median     29.8 · years  38.4 · road 0.41 · starved  1124 · nobles  -2.6 · read 44.6 · walls  7.8 · fell 87.2% (mother 34.8%) · prince 14.6% · king  8.6% · crowned  5.8% (median year 64) · 3.5s
try  8 · gen  115 · best   1009.4 · elite    658.4 · median    186.1 · years  21.1 · road 0.38 · starved   891 · nobles  +1.5 · read 24.0 · walls  2.0 · fell 64.3% (mother 37.3%) · prince 29.1% · king 20.4% · crowned 14.9% (median year 25) · 3.5s
try  1 · gen  116 · best   1193.5 · elite    735.9 · median    193.4 · years  21.1 · road 0.40 · starved   701 · nobles  +3.6 · read 24.2 · walls  2.7 · fell 66.7% (mother 28.8%) · prince 27.0% · king 20.4% · crowned 16.7% (median year 26) · 3.5s
try  2 · gen  116 · best    657.0 · elite    297.1 · median     -1.4 · years  33.2 · road 0.38 · starved  1430 · nobles  -6.7 · read 48.3 · walls  4.3 · fell 89.9% (mother 36.4%) · prince 14.6% · king  7.0% · crowned  4.2% (median year 52) · 3.5s
try  3 · gen  116 · best   1025.1 · elite    527.7 · median     54.1 · years  24.7 · road 0.36 · starved   920 · nobles  +0.5 · read 45.2 · walls  2.5 · fell 79.8% (mother 36.4%) · prince 21.2% · king 13.6% · crowned 10.9% (median year 34) · 3.5s
try  4 · gen  116 · best    848.0 · elite    468.6 · median     45.8 · years  34.1 · road 0.40 · starved  1286 · nobles  +5.9 · read 11.8 · walls  5.5 · fell 75.9% (mother 36.7%) · prince 21.9% · king 12.6% · crowned 10.1% (median year 47) · 3.5s
try  5 · gen  116 · best   1195.6 · elite    689.4 · median    196.9 · years  19.7 · road 0.34 · starved   657 · nobles  +5.8 · read 15.1 · walls  1.1 · fell 69.0% (mother 22.7%) · prince 26.9% · king 20.8% · crowned 17.5% (median year 26) · 3.5s
try  6 · gen  116 · best    191.8 · elite    119.8 · median     25.8 · years  57.7 · road 0.39 · starved   991 · nobles  +1.7 · read 95.4 · walls  7.0 · fell 68.0% (mother 30.1%) · prince  0.0% · king  0.0% · crowned  0.0% · 3.5s
try  7 · gen  116 · best    856.6 · elite    390.1 · median     40.3 · years  39.0 · road 0.41 · starved  1137 · nobles  -2.2 · read 45.7 · walls  7.9 · fell 86.8% (mother 33.8%) · prince 15.2% · king  9.2% · crowned  6.2% (median year 62) · 3.5s
try  8 · gen  116 · best    974.8 · elite    639.7 · median    170.8 · years  21.3 · road 0.38 · starved   939 · nobles  +1.3 · read 23.6 · walls  1.9 · fell 66.3% (mother 40.2%) · prince 29.0% · king 20.1% · crowned 14.4% (median year 26) · 3.5s
try  1 · gen  117 · best   1196.7 · elite    691.6 · median    202.0 · years  21.0 · road 0.41 · starved  1110 · nobles  +3.2 · read 23.9 · walls  3.1 · fell 66.4% (mother 30.6%) · prince 27.0% · king 20.1% · crowned 16.3% (median year 27) · 3.5s
try  2 · gen  117 · best    538.3 · elite    316.0 · median      1.3 · years  32.0 · road 0.38 · starved  1339 · nobles  -6.0 · read 45.5 · walls  4.0 · fell 88.2% (mother 34.7%) · prince 15.1% · king  7.3% · crowned  4.6% (median year 50) · 3.5s
try  3 · gen  117 · best    957.4 · elite    532.1 · median     84.8 · years  25.1 · road 0.37 · starved   979 · nobles  +0.6 · read 46.6 · walls  2.8 · fell 80.0% (mother 37.5%) · prince 22.0% · king 14.2% · crowned 11.1% (median year 33) · 3.5s
try  4 · gen  117 · best    846.3 · elite    478.8 · median     37.4 · years  33.4 · road 0.40 · starved  1188 · nobles  +5.4 · read 11.9 · walls  5.5 · fell 75.1% (mother 36.3%) · prince 20.8% · king 12.1% · crowned  9.9% (median year 45) · 3.5s
try  5 · gen  117 · best   1182.0 · elite    688.5 · median    198.7 · years  19.8 · road 0.34 · starved   695 · nobles  +5.7 · read 15.8 · walls  1.1 · fell 69.3% (mother 24.0%) · prince 26.7% · king 21.1% · crowned 17.6% (median year 26) · 3.5s
try  6 · gen  117 · best    206.3 · elite    123.7 · median     24.7 · years  58.0 · road 0.39 · starved   999 · nobles  +1.6 · read 95.1 · walls  7.0 · fell 66.6% (mother 29.4%) · prince  0.0% · king  0.0% · crowned  0.0% · 3.5s
try  7 · gen  117 · best    767.1 · elite    363.2 · median     27.8 · years  37.9 · road 0.41 · starved  1208 · nobles  -2.1 · read 43.7 · walls  7.9 · fell 87.2% (mother 37.0%) · prince 15.4% · king  8.7% · crowned  6.0% (median year 63) · 3.5s
try  8 · gen  117 · best   1156.3 · elite    658.7 · median    186.0 · years  21.2 · road 0.38 · starved   916 · nobles  +2.0 · read 23.7 · walls  2.0 · fell 65.9% (mother 38.7%) · prince 30.2% · king 20.8% · crowned 14.7% (median year 26) · 3.5s
try  1 · gen  118 · best   1173.4 · elite    722.6 · median    203.5 · years  21.3 · road 0.40 · starved   710 · nobles  +3.9 · read 23.5 · walls  3.2 · fell 66.3% (mother 29.3%) · prince 27.8% · king 20.9% · crowned 17.1% (median year 27) · 3.4s
try  2 · gen  118 · best    696.3 · elite    327.9 · median      4.8 · years  32.3 · road 0.38 · starved  1331 · nobles  -5.6 · read 44.5 · walls  4.1 · fell 89.2% (mother 35.6%) · prince 15.3% · king  7.1% · crowned  4.7% (median year 50) · 3.4s
try  3 · gen  118 · best    900.4 · elite    518.9 · median     71.9 · years  24.7 · road 0.37 · starved   990 · nobles  +0.0 · read 46.1 · walls  2.7 · fell 80.2% (mother 37.8%) · prince 21.6% · king 13.8% · crowned 10.9% (median year 33) · 3.4s
try  4 · gen  118 · best   1076.2 · elite    483.5 · median     52.7 · years  32.8 · road 0.40 · starved  1529 · nobles  +5.5 · read  9.8 · walls  5.2 · fell 75.1% (mother 37.2%) · prince 21.2% · king 12.1% · crowned 10.1% (median year 45) · 3.4s
try  5 · gen  118 · best   1169.7 · elite    669.4 · median    191.5 · years  19.6 · road 0.34 · starved   726 · nobles  +5.2 · read 15.7 · walls  1.1 · fell 70.4% (mother 27.2%) · prince 26.4% · king 20.7% · crowned 16.7% (median year 25) · 3.4s
try  6 · gen  118 · best    203.5 · elite    121.4 · median     26.5 · years  56.7 · road 0.39 · starved   951 · nobles  +1.7 · read 90.4 · walls  6.6 · fell 66.9% (mother 27.6%) · prince  0.0% · king  0.0% · crowned  0.0% · 3.4s
try  7 · gen  118 · best    671.3 · elite    368.9 · median     30.7 · years  37.7 · road 0.41 · starved  1157 · nobles  -1.8 · read 44.6 · walls  7.8 · fell 86.4% (mother 36.0%) · prince 15.0% · king  8.8% · crowned  6.2% (median year 63) · 3.4s
try  8 · gen  118 · best   1195.0 · elite    646.6 · median    178.4 · years  21.1 · road 0.39 · starved  1044 · nobles  +1.7 · read 23.7 · walls  1.9 · fell 65.2% (mother 38.7%) · prince 30.1% · king 20.3% · crowned 14.7% (median year 26) · 3.4s
try  1 · gen  119 · best   1192.1 · elite    713.3 · median    203.0 · years  21.2 · road 0.41 · starved   702 · nobles  +3.8 · read 22.6 · walls  3.3 · fell 65.4% (mother 27.8%) · prince 26.8% · king 20.3% · crowned 16.8% (median year 27) · 3.6s
try  2 · gen  119 · best    659.9 · elite    310.8 · median      7.1 · years  32.1 · road 0.38 · starved  1294 · nobles  -5.1 · read 42.6 · walls  4.4 · fell 89.6% (mother 34.5%) · prince 14.8% · king  7.1% · crowned  4.6% (median year 52) · 3.6s
try  3 · gen  119 · best    858.3 · elite    512.3 · median     57.4 · years  24.6 · road 0.36 · starved   957 · nobles  +0.6 · read 45.9 · walls  2.6 · fell 79.6% (mother 36.2%) · prince 22.2% · king 13.8% · crowned 10.5% (median year 33) · 3.6s
try  4 · gen  119 · best    748.6 · elite    472.0 · median     60.1 · years  33.0 · road 0.40 · starved  1447 · nobles  +5.1 · read  9.1 · walls  5.3 · fell 75.3% (mother 35.2%) · prince 20.7% · king 12.6% · crowned 10.6% (median year 45) · 3.6s
try  5 · gen  119 · best   1199.0 · elite    698.0 · median    198.9 · years  19.0 · road 0.34 · starved   708 · nobles  +5.2 · read 14.9 · walls  1.0 · fell 69.8% (mother 26.8%) · prince 26.6% · king 20.7% · crowned 17.3% (median year 25) · 3.6s
try  6 · gen  119 · best    232.5 · elite    124.3 · median     22.8 · years  56.9 · road 0.39 · starved  1004 · nobles  +1.7 · read 89.4 · walls  6.7 · fell 67.8% (mother 28.8%) · prince  0.0% · king  0.0% · crowned  0.0% · 3.6s
try  7 · gen  119 · best    824.9 · elite    366.0 · median     28.2 · years  38.0 · road 0.41 · starved  1208 · nobles  -2.1 · read 45.2 · walls  7.7 · fell 86.9% (mother 35.5%) · prince 15.8% · king  9.0% · crowned  6.1% (median year 62) · 3.6s
try  8 · gen  119 · best   1230.3 · elite    698.0 · median    188.5 · years  21.3 · road 0.39 · starved   880 · nobles  +1.9 · read 24.1 · walls  1.9 · fell 63.0% (mother 36.1%) · prince 30.4% · king 20.9% · crowned 15.3% (median year 25) · 3.6s
try  1 · gen  120 · best   1173.2 · elite    708.8 · median    201.5 · years  21.4 · road 0.41 · starved   734 · nobles  +4.0 · read 22.6 · walls  3.6 · fell 65.6% (mother 31.0%) · prince 28.1% · king 20.3% · crowned 16.9% (median year 28) · 3.5s
try  2 · gen  120 · best    624.4 · elite    318.2 · median      3.5 · years  32.1 · road 0.38 · starved  1289 · nobles  -4.7 · read 42.3 · walls  4.6 · fell 88.4% (mother 33.8%) · prince 14.7% · king  6.5% · crowned  4.6% (median year 52) · 3.5s
try  3 · gen  120 · best    996.9 · elite    531.5 · median     96.6 · years  23.7 · road 0.36 · starved   880 · nobles  +0.6 · read 44.7 · walls  2.6 · fell 79.5% (mother 36.7%) · prince 21.3% · king 13.8% · crowned 11.1% (median year 33) · 3.5s
try  4 · gen  120 · best    809.4 · elite    478.7 · median     51.2 · years  33.3 · road 0.40 · starved  1147 · nobles  +4.3 · read  9.0 · walls  5.3 · fell 76.5% (mother 35.7%) · prince 21.2% · king 12.8% · crowned 10.0% (median year 45) · 3.5s
try  5 · gen  120 · best   1192.5 · elite    698.7 · median    189.6 · years  19.1 · road 0.34 · starved   713 · nobles  +4.6 · read 15.7 · walls  1.0 · fell 71.1% (mother 29.0%) · prince 27.3% · king 21.0% · crowned 16.9% (median year 26) · 3.5s
try  6 · gen  120 · best    193.3 · elite    126.9 · median     26.3 · years  57.5 · road 0.39 · starved   977 · nobles  +2.1 · read 90.1 · walls  6.8 · fell 68.0% (mother 29.0%) · prince  0.0% · king  0.0% · crowned  0.0% · 3.5s
try  7 · gen  120 · best    779.5 · elite    363.1 · median     35.7 · years  38.0 · road 0.41 · starved  1202 · nobles  -2.2 · read 44.7 · walls  7.7 · fell 87.0% (mother 36.0%) · prince 16.6% · king  9.2% · crowned  6.3% (median year 63) · 3.5s
try  8 · gen  120 · best   1204.2 · elite    693.1 · median    207.4 · years  20.9 · road 0.39 · starved   845 · nobles  +2.6 · read 23.4 · walls  2.0 · fell 60.8% (mother 33.3%) · prince 30.2% · king 21.5% · crowned 16.5% (median year 25) · 3.5s
try  1 · gen  121 · best   1186.7 · elite    699.3 · median    196.4 · years  21.3 · road 0.41 · starved   756 · nobles  +3.8 · read 22.6 · walls  3.9 · fell 65.8% (mother 31.9%) · prince 28.6% · king 20.5% · crowned 16.8% (median year 27) · 3.5s
try  2 · gen  121 · best    665.4 · elite    334.7 · median     12.1 · years  32.4 · road 0.38 · starved  1252 · nobles  -4.8 · read 41.4 · walls  4.8 · fell 88.6% (mother 33.4%) · prince 14.7% · king  7.3% · crowned  4.7% (median year 50) · 3.5s
try  3 · gen  121 · best   1151.0 · elite    547.0 · median     44.5 · years  23.9 · road 0.37 · starved   974 · nobles  +0.1 · read 44.9 · walls  2.6 · fell 80.7% (mother 38.6%) · prince 20.7% · king 13.2% · crowned 10.9% (median year 33) · 3.5s
try  4 · gen  121 · best    839.0 · elite    476.9 · median     50.3 · years  33.4 · road 0.40 · starved  1159 · nobles  +4.7 · read  8.9 · walls  5.4 · fell 76.5% (mother 36.0%) · prince 21.1% · king 12.5% · crowned 10.1% (median year 46) · 3.5s
try  5 · gen  121 · best   1458.8 · elite    682.1 · median    191.4 · years  19.1 · road 0.34 · starved   720 · nobles  +5.0 · read 15.6 · walls  1.1 · fell 70.8% (mother 27.7%) · prince 26.5% · king 21.1% · crowned 16.8% (median year 25) · 3.5s
try  6 · gen  121 · best    235.0 · elite    120.5 · median     22.7 · years  56.5 · road 0.38 · starved  1040 · nobles  +2.0 · read 89.6 · walls  6.9 · fell 68.9% (mother 30.1%) · prince  0.0% · king  0.0% · crowned  0.0% · 3.5s
try  7 · gen  121 · best    848.9 · elite    380.0 · median     32.2 · years  37.6 · road 0.41 · starved  1143 · nobles  -2.5 · read 45.2 · walls  7.7 · fell 86.3% (mother 35.4%) · prince 16.6% · king  9.4% · crowned  6.5% (median year 63) · 3.5s
try  8 · gen  121 · best   1003.3 · elite    670.7 · median    191.3 · years  20.5 · road 0.38 · starved   903 · nobles  +2.5 · read 22.3 · walls  2.0 · fell 61.8% (mother 36.3%) · prince 29.7% · king 21.1% · crowned 16.1% (median year 25) · 3.5s
try  1 · gen  122 · best   1188.9 · elite    673.8 · median    193.1 · years  21.3 · road 0.40 · starved   781 · nobles  +3.7 · read 23.6 · walls  3.6 · fell 67.2% (mother 32.6%) · prince 26.6% · king 19.4% · crowned 16.3% (median year 28) · 3.4s
try  2 · gen  122 · best    804.4 · elite    319.6 · median     14.2 · years  32.5 · road 0.38 · starved  1227 · nobles  -4.2 · read 41.4 · walls  5.2 · fell 88.3% (mother 30.5%) · prince 14.4% · king  7.1% · crowned  4.9% (median year 51) · 3.4s
try  3 · gen  122 · best   1180.5 · elite    521.5 · median     76.5 · years  24.3 · road 0.37 · starved  1064 · nobles  +0.2 · read 46.2 · walls  2.6 · fell 81.3% (mother 38.8%) · prince 21.9% · king 13.8% · crowned 10.9% (median year 34) · 3.4s
try  4 · gen  122 · best    917.3 · elite    461.9 · median     66.9 · years  32.9 · road 0.40 · starved  1286 · nobles  +4.6 · read  8.7 · walls  5.4 · fell 74.1% (mother 33.6%) · prince 21.0% · king 13.2% · crowned 10.4% (median year 43) · 3.4s
try  5 · gen  122 · best   1178.8 · elite    676.4 · median    185.4 · years  19.0 · road 0.34 · starved   722 · nobles  +5.6 · read 15.2 · walls  1.1 · fell 70.6% (mother 28.3%) · prince 25.8% · king 20.6% · crowned 17.0% (median year 26) · 3.4s
try  6 · gen  122 · best    221.9 · elite    131.4 · median     29.3 · years  57.2 · road 0.39 · starved   995 · nobles  +2.0 · read 86.7 · walls  7.0 · fell 68.9% (mother 29.2%) · prince  0.0% · king  0.0% · crowned  0.0% · 3.4s
try  7 · gen  122 · best    647.8 · elite    375.7 · median     34.8 · years  37.1 · road 0.40 · starved  1207 · nobles  -2.0 · read 44.8 · walls  7.7 · fell 86.6% (mother 35.0%) · prince 17.1% · king  9.6% · crowned  6.8% (median year 62) · 3.4s
try  8 · gen  122 · best   1280.7 · elite    699.9 · median    192.5 · years  20.3 · road 0.38 · starved   955 · nobles  +2.4 · read 21.8 · walls  2.0 · fell 59.8% (mother 37.5%) · prince 30.0% · king 22.0% · crowned 16.4% (median year 25) · 3.4s
try  1 · gen  123 · best   1232.9 · elite    663.9 · median    193.6 · years  21.1 · road 0.41 · starved   809 · nobles  +3.5 · read 23.9 · walls  3.7 · fell 67.5% (mother 33.6%) · prince 26.8% · king 19.3% · crowned 16.0% (median year 27) · 3.4s
try  2 · gen  123 · best    608.0 · elite    327.3 · median     11.1 · years  32.4 · road 0.38 · starved  1302 · nobles  -4.2 · read 40.5 · walls  5.3 · fell 88.4% (mother 31.6%) · prince 14.3% · king  7.1% · crowned  5.0% (median year 51) · 3.4s
try  3 · gen  123 · best    936.2 · elite    552.6 · median     98.5 · years  23.9 · road 0.37 · starved   940 · nobles  +0.3 · read 45.3 · walls  2.6 · fell 79.3% (mother 37.2%) · prince 22.6% · king 13.8% · crowned 11.6% (median year 32) · 3.4s
try  4 · gen  123 · best    924.1 · elite    491.4 · median     43.1 · years  32.1 · road 0.39 · starved  1163 · nobles  +4.5 · read 12.6 · walls  5.4 · fell 76.5% (mother 36.3%) · prince 20.8% · king 12.8% · crowned 10.1% (median year 45) · 3.4s
try  5 · gen  123 · best   1163.0 · elite    651.1 · median    184.4 · years  19.2 · road 0.34 · starved   798 · nobles  +5.4 · read 16.1 · walls  1.2 · fell 71.9% (mother 32.0%) · prince 25.2% · king 20.1% · crowned 16.3% (median year 26) · 3.4s
try  6 · gen  123 · best    181.6 · elite    124.7 · median     24.7 · years  55.9 · road 0.39 · starved  1002 · nobles  +2.0 · read 83.7 · walls  7.0 · fell 70.0% (mother 28.8%) · prince  0.0% · king  0.0% · crowned  0.0% · 3.4s
try  7 · gen  123 · best    702.0 · elite    394.4 · median     34.4 · years  37.4 · road 0.41 · starved  1254 · nobles  -2.2 · read 45.4 · walls  7.7 · fell 86.2% (mother 36.0%) · prince 17.3% · king  9.5% · crowned  7.0% (median year 63) · 3.4s
try  8 · gen  123 · best   1414.2 · elite    749.3 · median    208.8 · years  20.7 · road 0.39 · starved   856 · nobles  +3.1 · read 22.1 · walls  2.1 · fell 57.8% (mother 34.7%) · prince 32.6% · king 23.5% · crowned 17.4% (median year 25) · 3.4s
try  1 · gen  124 · best   1018.1 · elite    674.6 · median    194.7 · years  21.4 · road 0.41 · starved   845 · nobles  +3.1 · read 23.2 · walls  4.0 · fell 68.7% (mother 35.1%) · prince 28.0% · king 19.7% · crowned 16.1% (median year 28) · 3.4s
try  2 · gen  124 · best    855.8 · elite    347.5 · median      5.3 · years  32.3 · road 0.38 · starved  1317 · nobles  -3.6 · read 38.7 · walls  5.4 · fell 88.8% (mother 33.2%) · prince 14.1% · king  7.1% · crowned  5.0% (median year 50) · 3.4s
try  3 · gen  124 · best    957.5 · elite    593.2 · median    132.4 · years  23.9 · road 0.38 · starved   951 · nobles  +0.2 · read 45.3 · walls  2.6 · fell 77.8% (mother 36.3%) · prince 23.7% · king 15.1% · crowned 12.6% (median year 32) · 3.4s
try  4 · gen  124 · best    885.7 · elite    496.3 · median     43.6 · years  32.7 · road 0.39 · starved  1298 · nobles  +4.9 · read 13.1 · walls  5.1 · fell 76.1% (mother 38.5%) · prince 21.5% · king 13.2% · crowned 10.4% (median year 45) · 3.4s
try  5 · gen  124 · best   1136.6 · elite    669.0 · median    175.6 · years  18.8 · road 0.34 · starved   919 · nobles  +4.8 · read 16.6 · walls  1.2 · fell 72.5% (mother 32.9%) · prince 25.4% · king 19.8% · crowned 16.1% (median year 26) · 3.4s
try  6 · gen  124 · best    210.8 · elite    130.9 · median     27.8 · years  56.6 · road 0.39 · starved   975 · nobles  +2.0 · read 87.0 · walls  7.0 · fell 70.0% (mother 29.1%) · prince  0.0% · king  0.0% · crowned  0.0% · 3.4s
try  7 · gen  124 · best    720.1 · elite    385.4 · median     36.4 · years  36.8 · road 0.40 · starved  1210 · nobles  -2.2 · read 45.6 · walls  7.7 · fell 87.1% (mother 38.8%) · prince 16.8% · king  9.9% · crowned  6.8% (median year 61) · 3.4s
try  8 · gen  124 · best   1238.6 · elite    764.1 · median    198.6 · years  20.0 · road 0.38 · starved   838 · nobles  +3.0 · read 20.6 · walls  2.0 · fell 58.3% (mother 34.8%) · prince 31.9% · king 22.6% · crowned 17.1% (median year 25) · 3.4s
try  1 · gen  125 · best   1005.4 · elite    689.1 · median    181.3 · years  20.8 · road 0.41 · starved   818 · nobles  +3.1 · read 22.4 · walls  4.1 · fell 68.6% (mother 37.0%) · prince 27.1% · king 19.5% · crowned 16.2% (median year 28) · 3.5s
try  2 · gen  125 · best    643.1 · elite    356.0 · median     12.1 · years  32.2 · road 0.38 · starved  1209 · nobles  -3.1 · read 37.9 · walls  5.5 · fell 88.3% (mother 31.2%) · prince 14.3% · king  7.4% · crowned  5.3% (median year 52) · 3.5s
try  3 · gen  125 · best   1046.6 · elite    561.6 · median    151.1 · years  23.8 · road 0.39 · starved   969 · nobles  -0.3 · read 45.1 · walls  2.6 · fell 77.6% (mother 37.1%) · prince 26.4% · king 15.9% · crowned 12.4% (median year 32) · 3.5s
try  4 · gen  125 · best    826.0 · elite    478.2 · median     54.3 · years  32.6 · road 0.39 · starved  1219 · nobles  +5.3 · read 12.9 · walls  5.2 · fell 75.9% (mother 38.2%) · prince 21.5% · king 13.0% · crowned 10.6% (median year 45) · 3.5s
try  5 · gen  125 · best   1177.7 · elite    666.6 · median    190.3 · years  18.9 · road 0.34 · starved   803 · nobles  +5.1 · read 15.5 · walls  1.2 · fell 72.2% (mother 31.9%) · prince 25.9% · king 20.2% · crowned 16.8% (median year 26) · 3.5s
try  6 · gen  125 · best    205.1 · elite    128.7 · median     32.6 · years  58.2 · road 0.39 · starved   976 · nobles  +2.0 · read 91.9 · walls  7.2 · fell 67.3% (mother 28.6%) · prince  0.0% · king  0.0% · crowned  0.0% · 3.5s
try  7 · gen  125 · best    690.0 · elite    379.7 · median     33.2 · years  36.9 · road 0.40 · starved  1227 · nobles  -2.1 · read 46.8 · walls  7.6 · fell 86.7% (mother 37.7%) · prince 17.2% · king  9.4% · crowned  7.0% (median year 63) · 3.5s
try  8 · gen  125 · best    949.9 · elite    651.8 · median    212.2 · years  20.3 · road 0.39 · starved   837 · nobles  +2.5 · read 20.1 · walls  2.0 · fell 58.5% (mother 34.8%) · prince 32.0% · king 23.7% · crowned 17.3% (median year 25) · 3.5s
try  1 · gen  126 · best    999.8 · elite    677.1 · median    182.1 · years  20.7 · road 0.41 · starved   880 · nobles  +2.8 · read 22.4 · walls  4.0 · fell 69.7% (mother 39.1%) · prince 26.4% · king 18.9% · crowned 15.8% (median year 28) · 3.5s
try  2 · gen  126 · best    637.8 · elite    335.0 · median      6.0 · years  32.6 · road 0.38 · starved  1565 · nobles  -3.4 · read 38.8 · walls  5.4 · fell 89.3% (mother 31.7%) · prince 13.6% · king  7.0% · crowned  4.6% (median year 51) · 3.5s
try  3 · gen  126 · best    929.0 · elite    537.3 · median    150.3 · years  23.6 · road 0.40 · starved   963 · nobles  -0.1 · read 44.5 · walls  2.7 · fell 77.1% (mother 37.7%) · prince 26.8% · king 15.6% · crowned 11.9% (median year 31) · 3.5s
try  4 · gen  126 · best   1050.9 · elite    496.9 · median     60.8 · years  32.6 · road 0.39 · starved  1362 · nobles  +6.0 · read  9.5 · walls  5.2 · fell 75.1% (mother 39.0%) · prince 21.8% · king 14.0% · crowned 11.2% (median year 45) · 3.5s
try  5 · gen  126 · best   1025.8 · elite    661.6 · median    192.5 · years  19.0 · road 0.35 · starved   756 · nobles  +5.4 · read 14.5 · walls  1.3 · fell 71.1% (mother 31.4%) · prince 26.2% · king 20.8% · crowned 16.6% (median year 25) · 3.5s
try  6 · gen  126 · best    225.2 · elite    132.8 · median     30.8 · years  56.9 · road 0.39 · starved   957 · nobles  +2.0 · read 90.4 · walls  7.1 · fell 68.7% (mother 27.6%) · prince  0.0% · king  0.0% · crowned  0.0% · 3.5s
try  7 · gen  126 · best    863.3 · elite    426.4 · median     27.7 · years  36.1 · road 0.40 · starved  1198 · nobles  -1.7 · read 45.0 · walls  7.5 · fell 85.6% (mother 37.6%) · prince 16.9% · king  9.8% · crowned  7.2% (median year 62) · 3.5s
try  8 · gen  126 · best   1107.2 · elite    707.0 · median    211.1 · years  20.4 · road 0.39 · starved   853 · nobles  +2.5 · read 20.2 · walls  2.2 · fell 58.8% (mother 36.3%) · prince 32.4% · king 22.9% · crowned 16.9% (median year 25) · 3.5s
try  1 · gen  127 · best   1153.8 · elite    635.5 · median    186.4 · years  20.9 · road 0.41 · starved   878 · nobles  +3.3 · read 22.5 · walls  3.8 · fell 71.2% (mother 39.5%) · prince 26.8% · king 18.6% · crowned 15.4% (median year 28) · 3.4s
try  2 · gen  127 · best    669.2 · elite    345.9 · median     13.9 · years  32.5 · road 0.37 · starved  1181 · nobles  -2.9 · read 39.0 · walls  5.2 · fell 87.9% (mother 29.5%) · prince 13.4% · king  7.4% · crowned  5.4% (median year 51) · 3.4s
try  3 · gen  127 · best    998.3 · elite    619.5 · median    172.8 · years  23.1 · road 0.40 · starved   921 · nobles  -0.6 · read 43.7 · walls  2.8 · fell 74.6% (mother 39.9%) · prince 28.7% · king 16.8% · crowned 13.7% (median year 31) · 3.4s
try  4 · gen  127 · best    728.3 · elite    482.1 · median    102.9 · years  32.6 · road 0.39 · starved  1170 · nobles  +6.9 · read  7.6 · walls  5.0 · fell 74.5% (mother 37.9%) · prince 21.8% · king 13.9% · crowned 11.4% (median year 46) · 3.4s
try  5 · gen  127 · best   1219.3 · elite    705.3 · median    193.7 · years  18.8 · road 0.35 · starved   728 · nobles  +5.8 · read 14.6 · walls  1.2 · fell 70.4% (mother 30.2%) · prince 26.1% · king 21.1% · crowned 17.4% (median year 25) · 3.4s
try  6 · gen  127 · best    213.5 · elite    129.8 · median     30.8 · years  56.9 · road 0.39 · starved   945 · nobles  +2.1 · read 91.0 · walls  7.3 · fell 70.4% (mother 28.3%) · prince  0.0% · king  0.0% · crowned  0.0% · 3.4s
try  7 · gen  127 · best    845.6 · elite    409.3 · median     38.8 · years  35.5 · road 0.39 · starved  1105 · nobles  -1.1 · read 45.5 · walls  7.3 · fell 84.9% (mother 35.2%) · prince 16.9% · king 10.4% · crowned  7.8% (median year 62) · 3.4s
try  8 · gen  127 · best   1192.6 · elite    713.5 · median    205.0 · years  20.8 · road 0.40 · starved   865 · nobles  +2.5 · read 20.7 · walls  2.1 · fell 57.6% (mother 35.0%) · prince 32.5% · king 23.2% · crowned 17.2% (median year 26) · 3.4s
try  1 · gen  128 · best   1142.5 · elite    665.7 · median    189.4 · years  20.6 · road 0.41 · starved   898 · nobles  +2.7 · read 21.6 · walls  4.0 · fell 69.8% (mother 39.0%) · prince 26.7% · king 18.9% · crowned 15.8% (median year 28) · 3.3s
try  2 · gen  128 · best    921.3 · elite    376.5 · median     16.1 · years  32.9 · road 0.37 · starved  1202 · nobles  -2.5 · read 38.6 · walls  5.2 · fell 87.8% (mother 28.3%) · prince 14.1% · king  7.6% · crowned  6.0% (median year 51) · 3.3s
try  3 · gen  128 · best    951.8 · elite    606.8 · median    179.0 · years  22.6 · road 0.40 · starved   880 · nobles  -0.1 · read 43.4 · walls  2.7 · fell 74.2% (mother 39.7%) · prince 28.9% · king 17.1% · crowned 13.8% (median year 29) · 3.3s
try  4 · gen  128 · best    887.7 · elite    486.1 · median     92.4 · years  32.6 · road 0.39 · starved  1195 · nobles  +7.1 · read  7.4 · walls  5.1 · fell 75.3% (mother 35.1%) · prince 22.0% · king 14.1% · crowned 11.3% (median year 46) · 3.3s
try  5 · gen  128 · best   1295.8 · elite    702.7 · median    193.9 · years  18.6 · road 0.35 · starved   726 · nobles  +6.3 · read 14.2 · walls  1.2 · fell 70.9% (mother 30.8%) · prince 25.9% · king 20.6% · crowned 17.0% (median year 25) · 3.3s
try  6 · gen  128 · best    231.1 · elite    128.3 · median     27.9 · years  57.6 · road 0.39 · starved  1011 · nobles  +1.8 · read 93.3 · walls  7.3 · fell 68.8% (mother 29.5%) · prince  0.0% · king  0.0% · crowned  0.0% · 3.3s
try  7 · gen  128 · best    656.8 · elite    392.7 · median     35.8 · years  34.9 · road 0.39 · starved  1218 · nobles  -0.9 · read 46.3 · walls  7.1 · fell 86.6% (mother 39.0%) · prince 16.9% · king 10.5% · crowned  7.6% (median year 62) · 3.3s
try  8 · gen  128 · best   1011.1 · elite    726.1 · median    211.2 · years  21.1 · road 0.40 · starved   873 · nobles  +2.7 · read 21.7 · walls  2.1 · fell 56.9% (mother 33.0%) · prince 33.8% · king 23.3% · crowned 17.5% (median year 26) · 3.3s
try  1 · gen  129 · best   1164.6 · elite    679.4 · median    185.0 · years  20.9 · road 0.41 · starved   824 · nobles  +2.6 · read 22.0 · walls  4.1 · fell 69.1% (mother 38.8%) · prince 26.9% · king 18.7% · crowned 15.7% (median year 28) · 3.4s
try  2 · gen  129 · best    640.3 · elite    370.1 · median     11.8 · years  32.4 · road 0.37 · starved  1218 · nobles  -2.1 · read 37.2 · walls  5.0 · fell 87.3% (mother 29.2%) · prince 13.9% · king  8.2% · crowned  6.1% (median year 51) · 3.4s
try  3 · gen  129 · best   1150.8 · elite    614.7 · median    185.3 · years  22.4 · road 0.41 · starved   838 · nobles  -0.2 · read 43.2 · walls  2.7 · fell 73.2% (mother 37.4%) · prince 29.6% · king 17.7% · crowned 14.0% (median year 29) · 3.4s
try  4 · gen  129 · best    876.9 · elite    514.3 · median     98.0 · years  32.4 · road 0.39 · starved  1063 · nobles  +8.3 · read  8.1 · walls  5.4 · fell 74.3% (mother 30.8%) · prince 21.0% · king 14.3% · crowned 11.6% (median year 44) · 3.4s
try  5 · gen  129 · best   1216.8 · elite    681.6 · median    193.3 · years  18.5 · road 0.35 · starved   732 · nobles  +5.6 · read 14.6 · walls  1.1 · fell 70.9% (mother 30.3%) · prince 26.0% · king 20.6% · crowned 17.0% (median year 25) · 3.4s
try  6 · gen  129 · best    229.2 · elite    125.7 · median     31.0 · years  58.2 · road 0.39 · starved  1049 · nobles  +1.9 · read 95.9 · walls  7.3 · fell 69.7% (mother 31.3%) · prince  0.0% · king  0.0% · crowned  0.0% · 3.4s
try  7 · gen  129 · best    770.4 · elite    413.2 · median     38.5 · years  35.5 · road 0.39 · starved  1156 · nobles  -0.9 · read 48.5 · walls  6.9 · fell 86.0% (mother 38.0%) · prince 17.4% · king 10.3% · crowned  7.8% (median year 61) · 3.4s
try  8 · gen  129 · best   1052.4 · elite    736.3 · median    225.4 · years  21.2 · road 0.40 · starved   817 · nobles  +3.0 · read 21.7 · walls  2.0 · fell 55.2% (mother 32.1%) · prince 34.1% · king 24.0% · crowned 18.0% (median year 25) · 3.4s
try  1 · gen  130 · best   1000.9 · elite    655.0 · median    189.5 · years  21.6 · road 0.42 · starved  1856 · nobles  +2.8 · read 22.8 · walls  4.3 · fell 66.9% (mother 39.2%) · prince 27.3% · king 19.4% · crowned 16.6% (median year 29) · 3.7s
try  2 · gen  130 · best    664.5 · elite    356.9 · median     13.8 · years  32.0 · road 0.37 · starved  1144 · nobles  -2.1 · read 36.8 · walls  5.0 · fell 88.3% (mother 29.5%) · prince 13.1% · king  7.7% · crowned  5.6% (median year 51) · 3.7s
try  3 · gen  130 · best   1157.6 · elite    659.9 · median    194.1 · years  22.6 · road 0.41 · starved   830 · nobles  -0.3 · read 43.2 · walls  2.8 · fell 71.7% (mother 34.5%) · prince 30.8% · king 18.9% · crowned 14.8% (median year 29) · 3.7s
try  4 · gen  130 · best    877.7 · elite    492.4 · median     47.9 · years  31.2 · road 0.38 · starved  1048 · nobles  +7.5 · read  8.6 · walls  5.1 · fell 75.6% (mother 31.0%) · prince 19.3% · king 13.3% · crowned 10.9% (median year 43) · 3.7s
try  5 · gen  130 · best   1208.5 · elite    708.2 · median    200.4 · years  18.6 · road 0.35 · starved   695 · nobles  +6.3 · read 14.0 · walls  1.1 · fell 69.9% (mother 29.0%) · prince 26.0% · king 20.6% · crowned 17.7% (median year 25) · 3.7s
try  6 · gen  130 · best    203.1 · elite    131.1 · median     29.0 · years  57.2 · road 0.38 · starved   998 · nobles  +2.0 · read 93.3 · walls  7.2 · fell 68.3% (mother 29.7%) · prince  0.0% · king  0.0% · crowned  0.0% · 3.7s
try  7 · gen  130 · best    672.9 · elite    435.8 · median     34.0 · years  35.3 · road 0.39 · starved  1170 · nobles  -0.7 · read 48.4 · walls  6.8 · fell 85.6% (mother 37.9%) · prince 18.3% · king 11.3% · crowned  8.5% (median year 61) · 3.7s
try  8 · gen  130 · best   1255.1 · elite    773.7 · median    228.8 · years  21.1 · road 0.41 · starved   764 · nobles  +2.7 · read 21.8 · walls  2.2 · fell 53.8% (mother 30.3%) · prince 35.3% · king 24.6% · crowned 18.1% (median year 25) · 3.7s
try  1 · gen  131 · best   1033.2 · elite    669.6 · median    195.2 · years  22.1 · road 0.43 · starved   861 · nobles  +2.2 · read 23.0 · walls  4.4 · fell 65.8% (mother 39.0%) · prince 28.5% · king 20.1% · crowned 16.7% (median year 29) · 3.3s
try  2 · gen  131 · best    678.0 · elite    370.0 · median     15.6 · years  31.8 · road 0.37 · starved  1209 · nobles  -2.4 · read 36.6 · walls  4.5 · fell 86.8% (mother 30.7%) · prince 14.1% · king  8.4% · crowned  6.1% (median year 50) · 3.3s
try  3 · gen  131 · best   1221.5 · elite    680.5 · median    193.6 · years  22.7 · road 0.41 · starved   742 · nobles  +0.2 · read 44.1 · walls  2.7 · fell 70.0% (mother 28.5%) · prince 30.5% · king 19.2% · crowned 15.5% (median year 29) · 3.3s
try  4 · gen  131 · best    927.4 · elite    490.6 · median     74.1 · years  31.5 · road 0.38 · starved  1080 · nobles  +7.9 · read  9.0 · walls  5.1 · fell 75.9% (mother 32.0%) · prince 19.8% · king 13.2% · crowned 11.0% (median year 44) · 3.3s
try  5 · gen  131 · best    992.1 · elite    709.2 · median    189.0 · years  18.5 · road 0.34 · starved   699 · nobles  +5.8 · read 14.4 · walls  1.0 · fell 71.1% (mother 29.4%) · prince 25.1% · king 20.2% · crowned 17.0% (median year 25) · 3.3s
try  6 · gen  131 · best    190.3 · elite    122.3 · median     26.5 · years  56.7 · road 0.38 · starved  1033 · nobles  +2.0 · read 91.7 · walls  7.2 · fell 69.4% (mother 32.6%) · prince  0.0% · king  0.0% · crowned  0.0% · 3.3s
try  7 · gen  131 · best    983.8 · elite    451.7 · median     61.5 · years  35.4 · road 0.39 · starved  1105 · nobles  -0.2 · read 48.0 · walls  7.0 · fell 85.0% (mother 37.5%) · prince 18.6% · king 12.4% · crowned  9.5% (median year 60) · 3.3s
try  8 · gen  131 · best   1243.0 · elite    768.7 · median    235.8 · years  21.2 · road 0.41 · starved   780 · nobles  +2.7 · read 22.7 · walls  2.1 · fell 52.8% (mother 29.5%) · prince 36.9% · king 25.7% · crowned 18.5% (median year 25) · 3.3s
try  1 · gen  132 · best   1189.9 · elite    669.6 · median    192.2 · years  22.6 · road 0.43 · starved   871 · nobles  +2.1 · read 23.5 · walls  4.6 · fell 65.7% (mother 39.7%) · prince 28.1% · king 19.4% · crowned 16.7% (median year 31) · 3.4s
try  2 · gen  132 · best    691.1 · elite    369.9 · median     17.5 · years  32.2 · road 0.37 · starved  1215 · nobles  -2.4 · read 36.4 · walls  4.8 · fell 87.4% (mother 30.7%) · prince 13.9% · king  8.5% · crowned  6.1% (median year 50) · 3.4s
try  3 · gen  132 · best   1154.3 · elite    652.1 · median    190.1 · years  22.5 · road 0.41 · starved   736 · nobles  +0.6 · read 44.0 · walls  2.7 · fell 70.6% (mother 29.4%) · prince 30.3% · king 18.4% · crowned 14.8% (median year 28) · 3.4s
try  4 · gen  132 · best   1105.8 · elite    494.9 · median     46.2 · years  30.7 · road 0.38 · starved  1105 · nobles  +7.9 · read  9.1 · walls  4.7 · fell 77.2% (mother 33.5%) · prince 19.5% · king 13.0% · crowned 10.5% (median year 43) · 3.4s
try  5 · gen  132 · best   1210.2 · elite    719.5 · median    194.1 · years  18.6 · road 0.34 · starved   692 · nobles  +5.7 · read 14.3 · walls  1.1 · fell 70.9% (mother 28.3%) · prince 24.8% · king 20.2% · crowned 17.5% (median year 26) · 3.4s
try  6 · gen  132 · best    231.3 · elite    122.1 · median     22.7 · years  56.1 · road 0.38 · starved  1088 · nobles  +2.1 · read 90.8 · walls  7.2 · fell 72.2% (mother 33.3%) · prince  0.0% · king  0.0% · crowned  0.0% · 3.4s
try  7 · gen  132 · best    888.0 · elite    463.4 · median     51.3 · years  35.0 · road 0.39 · starved  1114 · nobles  -0.2 · read 46.8 · walls  7.0 · fell 84.2% (mother 39.1%) · prince 18.5% · king 12.1% · crowned  9.5% (median year 60) · 3.4s
try  8 · gen  132 · best   1255.6 · elite    751.1 · median    226.9 · years  21.1 · road 0.41 · starved   848 · nobles  +2.3 · read 22.4 · walls  2.2 · fell 56.7% (mother 34.0%) · prince 36.3% · king 24.5% · crowned 17.6% (median year 25) · 3.4s
try  1 · gen  133 · best   1157.1 · elite    707.5 · median    203.9 · years  23.7 · road 0.44 · starved   843 · nobles  +2.0 · read 24.5 · walls  4.9 · fell 61.1% (mother 35.7%) · prince 29.7% · king 20.7% · crowned 17.8% (median year 31) · 3.4s
try  2 · gen  133 · best    840.1 · elite    374.1 · median     20.9 · years  32.0 · road 0.37 · starved  1134 · nobles  -2.1 · read 36.8 · walls  4.9 · fell 86.9% (mother 30.7%) · prince 13.6% · king  9.0% · crowned  6.4% (median year 52) · 3.4s
try  3 · gen  133 · best   1149.6 · elite    650.5 · median    197.8 · years  22.6 · road 0.42 · starved   746 · nobles  +0.7 · read 44.3 · walls  2.8 · fell 69.7% (mother 28.5%) · prince 31.5% · king 18.9% · crowned 15.1% (median year 28) · 3.4s
try  4 · gen  133 · best    936.8 · elite    492.6 · median     45.4 · years  30.5 · road 0.38 · starved  1082 · nobles  +7.1 · read 11.2 · walls  4.8 · fell 76.6% (mother 33.3%) · prince 19.4% · king 13.1% · crowned 10.8% (median year 43) · 3.4s
try  5 · gen  133 · best   1199.1 · elite    703.4 · median    182.2 · years  18.4 · road 0.34 · starved   708 · nobles  +5.2 · read 14.7 · walls  1.1 · fell 72.1% (mother 30.0%) · prince 24.6% · king 19.6% · crowned 16.8% (median year 26) · 3.4s
try  6 · gen  133 · best    209.4 · elite    132.0 · median     26.8 · years  56.7 · road 0.38 · starved  1061 · nobles  +2.1 · read 93.2 · walls  7.1 · fell 71.2% (mother 32.0%) · prince  0.0% · king  0.0% · crowned  0.0% · 3.4s
try  7 · gen  133 · best    911.3 · elite    448.9 · median     58.4 · years  35.0 · road 0.39 · starved  1115 · nobles  -0.7 · read 47.5 · walls  7.0 · fell 84.7% (mother 38.0%) · prince 19.0% · king 12.5% · crowned  9.4% (median year 59) · 3.4s
try  8 · gen  133 · best   1248.7 · elite    769.0 · median    222.6 · years  20.8 · road 0.41 · starved   824 · nobles  +2.3 · read 21.4 · walls  2.1 · fell 55.2% (mother 33.4%) · prince 35.3% · king 24.6% · crowned 17.8% (median year 25) · 3.4s
try  1 · gen  134 · best   1202.3 · elite    701.8 · median    206.3 · years  23.7 · road 0.44 · starved   839 · nobles  +2.6 · read 23.5 · walls  4.9 · fell 62.6% (mother 37.2%) · prince 30.4% · king 20.8% · crowned 17.9% (median year 31) · 3.4s
try  2 · gen  134 · best   1034.8 · elite    415.1 · median     15.8 · years  32.2 · road 0.36 · starved  1192 · nobles  -1.6 · read 37.4 · walls  4.7 · fell 87.8% (mother 30.1%) · prince 13.3% · king  9.1% · crowned  6.7% (median year 50) · 3.4s
try  3 · gen  134 · best    964.0 · elite    644.1 · median    195.0 · years  22.0 · road 0.41 · starved   718 · nobles  +0.8 · read 42.8 · walls  2.6 · fell 69.7% (mother 28.3%) · prince 29.8% · king 18.9% · crowned 15.3% (median year 28) · 3.4s
try  4 · gen  134 · best    915.5 · elite    479.2 · median     46.7 · years  30.2 · road 0.38 · starved  1086 · nobles  +7.8 · read 11.2 · walls  4.8 · fell 77.3% (mother 35.7%) · prince 18.2% · king 12.6% · crowned 10.6% (median year 42) · 3.4s
try  5 · gen  134 · best   1197.3 · elite    682.0 · median    183.4 · years  18.4 · road 0.35 · starved   740 · nobles  +4.7 · read 15.0 · walls  1.2 · fell 72.7% (mother 30.5%) · prince 24.0% · king 19.5% · crowned 16.7% (median year 25) · 3.4s
try  6 · gen  134 · best    203.5 · elite    128.2 · median     25.3 · years  55.8 · road 0.38 · starved  1035 · nobles  +2.2 · read 92.1 · walls  6.9 · fell 72.4% (mother 30.9%) · prince  0.0% · king  0.0% · crowned  0.0% · 3.4s
try  7 · gen  134 · best    789.8 · elite    436.4 · median     52.2 · years  34.3 · road 0.39 · starved  1129 · nobles  -0.5 · read 45.9 · walls  6.9 · fell 84.4% (mother 36.8%) · prince 18.0% · king 12.1% · crowned  9.4% (median year 59) · 3.4s
try  8 · gen  134 · best   1263.3 · elite    759.6 · median    230.4 · years  20.7 · road 0.41 · starved   807 · nobles  +2.9 · read 21.0 · walls  2.1 · fell 55.2% (mother 32.2%) · prince 35.9% · king 24.9% · crowned 18.5% (median year 25) · 3.4s
try  1 · gen  135 · best   1420.6 · elite    695.7 · median    193.1 · years  23.8 · road 0.44 · starved   872 · nobles  +1.9 · read 22.9 · walls  4.8 · fell 63.1% (mother 37.3%) · prince 29.5% · king 20.3% · crowned 17.1% (median year 31) · 3.5s
try  2 · gen  135 · best    885.7 · elite    393.0 · median     18.6 · years  32.1 · road 0.36 · starved  1157 · nobles  -1.6 · read 37.8 · walls  4.6 · fell 87.2% (mother 30.4%) · prince 13.8% · king  9.4% · crowned  6.9% (median year 51) · 3.5s
try  3 · gen  135 · best    935.9 · elite    627.4 · median    192.7 · years  21.8 · road 0.41 · starved   759 · nobles  +1.1 · read 41.8 · walls  2.5 · fell 70.7% (mother 29.0%) · prince 30.2% · king 19.1% · crowned 15.1% (median year 28) · 3.5s
try  4 · gen  135 · best    992.5 · elite    504.4 · median     78.2 · years  30.4 · road 0.38 · starved  1058 · nobles  +8.4 · read 11.7 · walls  4.6 · fell 76.1% (mother 35.0%) · prince 20.0% · king 13.2% · crowned 11.2% (median year 43) · 3.5s
try  5 · gen  135 · best   1042.0 · elite    723.8 · median    195.5 · years  18.3 · road 0.35 · starved   683 · nobles  +4.9 · read 14.5 · walls  1.3 · fell 71.1% (mother 28.5%) · prince 25.0% · king 20.8% · crowned 17.5% (median year 25) · 3.5s
try  6 · gen  135 · best    234.2 · elite    130.2 · median     25.5 · years  55.3 · road 0.38 · starved  1051 · nobles  +2.1 · read 87.4 · walls  6.7 · fell 70.9% (mother 32.4%) · prince  0.0% · king  0.0% · crowned  0.0% · 3.5s
try  7 · gen  135 · best    900.6 · elite    454.0 · median     46.2 · years  34.0 · road 0.38 · starved  1084 · nobles  -0.5 · read 46.3 · walls  6.6 · fell 84.8% (mother 36.8%) · prince 17.4% · king 11.5% · crowned  9.0% (median year 58) · 3.5s
try  8 · gen  135 · best   1198.6 · elite    767.5 · median    227.3 · years  20.1 · road 0.40 · starved   768 · nobles  +2.6 · read 19.7 · walls  2.0 · fell 54.9% (mother 31.8%) · prince 35.1% · king 24.8% · crowned 18.4% (median year 24) · 3.5s
try  1 · gen  136 · best   1195.3 · elite    708.3 · median    201.5 · years  23.5 · road 0.43 · starved   852 · nobles  +2.9 · read 22.2 · walls  4.3 · fell 63.5% (mother 34.9%) · prince 29.8% · king 20.1% · crowned 17.2% (median year 31) · 3.4s
try  2 · gen  136 · best    785.2 · elite    355.8 · median     13.0 · years  31.7 · road 0.36 · starved  1166 · nobles  -1.6 · read 38.2 · walls  4.4 · fell 87.4% (mother 28.1%) · prince 12.3% · king  8.5% · crowned  6.2% (median year 53) · 3.4s
try  3 · gen  136 · best   1134.9 · elite    667.8 · median    199.0 · years  21.6 · road 0.41 · starved   725 · nobles  +1.5 · read 41.3 · walls  2.5 · fell 70.1% (mother 29.1%) · prince 29.7% · king 19.0% · crowned 15.7% (median year 28) · 3.4s
try  4 · gen  136 · best    909.9 · elite    496.6 · median     79.0 · years  29.9 · road 0.37 · starved  1170 · nobles  +8.9 · read 10.3 · walls  3.6 · fell 77.1% (mother 35.4%) · prince 20.2% · king 13.6% · crowned 11.2% (median year 43) · 3.4s
try  5 · gen  136 · best   1156.0 · elite    729.4 · median    187.0 · years  18.3 · road 0.35 · starved   693 · nobles  +5.3 · read 14.2 · walls  1.4 · fell 71.5% (mother 30.1%) · prince 25.1% · king 20.6% · crowned 17.6% (median year 25) · 3.4s
try  6 · gen  136 · best    223.8 · elite    134.7 · median     24.5 · years  55.6 · road 0.38 · starved  1053 · nobles  +2.2 · read 89.1 · walls  6.6 · fell 71.7% (mother 32.6%) · prince  0.0% · king  0.0% · crowned  0.0% · 3.4s
try  7 · gen  136 · best    919.8 · elite    445.2 · median     48.1 · years  33.8 · road 0.38 · starved  1057 · nobles  -0.5 · read 46.0 · walls  6.6 · fell 84.3% (mother 35.1%) · prince 17.0% · king 11.6% · crowned  9.2% (median year 57) · 3.4s
try  8 · gen  136 · best   1214.3 · elite    780.1 · median    227.9 · years  19.3 · road 0.40 · starved   762 · nobles  +2.7 · read 18.8 · walls  1.9 · fell 55.3% (mother 33.7%) · prince 34.7% · king 25.0% · crowned 18.9% (median year 24) · 3.4s
try  1 · gen  137 · best   1139.6 · elite    694.9 · median    198.4 · years  23.1 · road 0.43 · starved   925 · nobles  +3.0 · read 21.0 · walls  4.3 · fell 62.2% (mother 35.3%) · prince 29.9% · king 20.5% · crowned 17.2% (median year 30) · 3.4s
try  2 · gen  137 · best    836.1 · elite    362.2 · median     16.1 · years  31.4 · road 0.36 · starved  1097 · nobles  -1.4 · read 38.6 · walls  4.3 · fell 87.4% (mother 28.5%) · prince 12.6% · king  8.5% · crowned  6.5% (median year 51) · 3.4s
try  3 · gen  137 · best    981.5 · elite    650.9 · median    200.9 · years  21.5 · road 0.40 · starved  1518 · nobles  +1.6 · read 40.4 · walls  2.5 · fell 70.5% (mother 32.3%) · prince 30.5% · king 18.9% · crowned 15.2% (median year 27) · 3.4s
try  4 · gen  137 · best    971.6 · elite    507.0 · median     96.6 · years  29.7 · road 0.37 · starved  1035 · nobles  +8.1 · read  9.2 · walls  3.4 · fell 76.2% (mother 34.5%) · prince 20.9% · king 14.4% · crowned 11.5% (median year 43) · 3.4s
try  5 · gen  137 · best   1216.6 · elite    714.9 · median    192.1 · years  18.3 · road 0.35 · starved   695 · nobles  +5.7 · read 14.2 · walls  1.4 · fell 71.4% (mother 31.5%) · prince 24.6% · king 20.5% · crowned 17.8% (median year 26) · 3.4s
try  6 · gen  137 · best    205.4 · elite    127.9 · median     23.2 · years  54.5 · road 0.38 · starved  1029 · nobles  +2.2 · read 87.1 · walls  6.5 · fell 72.8% (mother 31.4%) · prince  0.0% · king  0.0% · crowned  0.0% · 3.4s
try  7 · gen  137 · best    886.7 · elite    467.8 · median     43.6 · years  33.2 · road 0.38 · starved  1142 · nobles  -0.5 · read 46.2 · walls  6.2 · fell 84.2% (mother 34.6%) · prince 17.9% · king 12.2% · crowned  9.4% (median year 56) · 3.4s
try  8 · gen  137 · best   1283.6 · elite    797.2 · median    226.7 · years  19.0 · road 0.40 · starved   747 · nobles  +2.4 · read 18.5 · walls  1.8 · fell 55.5% (mother 34.3%) · prince 33.8% · king 25.0% · crowned 18.5% (median year 23) · 3.4s
try  1 · gen  138 · best   1165.9 · elite    698.9 · median    203.0 · years  23.3 · road 0.44 · starved   827 · nobles  +3.0 · read 19.8 · walls  4.5 · fell 60.3% (mother 32.1%) · prince 30.1% · king 21.1% · crowned 17.6% (median year 30) · 3.4s
try  2 · gen  138 · best    922.8 · elite    385.7 · median     14.8 · years  31.6 · road 0.36 · starved  1221 · nobles  -1.2 · read 39.2 · walls  4.2 · fell 88.5% (mother 31.0%) · prince 12.8% · king  8.9% · crowned  6.4% (median year 52) · 3.4s
try  3 · gen  138 · best   1186.2 · elite    678.4 · median    197.1 · years  21.3 · road 0.40 · starved   755 · nobles  +2.0 · read 39.4 · walls  2.5 · fell 70.0% (mother 30.6%) · prince 30.5% · king 19.1% · crowned 15.3% (median year 27) · 3.4s
try  4 · gen  138 · best    837.4 · elite    489.3 · median     80.7 · years  29.7 · road 0.37 · starved  1083 · nobles  +6.7 · read  9.2 · walls  3.7 · fell 77.6% (mother 35.0%) · prince 21.2% · king 14.2% · crowned 11.1% (median year 42) · 3.4s
try  5 · gen  138 · best   1179.2 · elite    721.7 · median    189.4 · years  18.1 · road 0.35 · starved   727 · nobles  +5.8 · read 13.5 · walls  1.5 · fell 71.4% (mother 31.8%) · prince 25.4% · king 20.3% · crowned 17.5% (median year 25) · 3.4s
try  6 · gen  138 · best    206.4 · elite    131.8 · median     28.2 · years  55.0 · road 0.38 · starved  1033 · nobles  +2.4 · read 88.0 · walls  6.4 · fell 71.1% (mother 31.4%) · prince  0.0% · king  0.0% · crowned  0.0% · 3.4s
try  7 · gen  138 · best    888.9 · elite    448.7 · median     42.5 · years  32.9 · road 0.38 · starved  1104 · nobles  -0.3 · read 46.8 · walls  6.0 · fell 84.4% (mother 34.4%) · prince 18.2% · king 12.1% · crowned  9.3% (median year 55) · 3.4s
try  8 · gen  138 · best   1209.8 · elite    748.7 · median    232.0 · years  18.9 · road 0.40 · starved   718 · nobles  +2.4 · read 18.1 · walls  1.9 · fell 55.4% (mother 31.6%) · prince 33.5% · king 25.0% · crowned 18.5% (median year 23) · 3.4s
try  1 · gen  139 · best   1176.6 · elite    721.7 · median    212.5 · years  23.3 · road 0.44 · starved   806 · nobles  +3.6 · read 17.2 · walls  4.7 · fell 59.9% (mother 30.1%) · prince 30.5% · king 20.5% · crowned 17.6% (median year 30) · 3.4s
try  2 · gen  139 · best    667.0 · elite    368.6 · median      9.4 · years  31.5 · road 0.36 · starved  1215 · nobles  -1.5 · read 39.4 · walls  4.2 · fell 88.5% (mother 30.7%) · prince 12.4% · king  8.9% · crowned  6.4% (median year 53) · 3.4s
try  3 · gen  139 · best   1187.3 · elite    673.9 · median    189.5 · years  21.0 · road 0.41 · starved   751 · nobles  +1.3 · read 38.7 · walls  2.5 · fell 71.2% (mother 32.4%) · prince 30.5% · king 19.5% · crowned 15.2% (median year 27) · 3.4s
try  4 · gen  139 · best    913.6 · elite    491.5 · median     86.7 · years  29.3 · road 0.37 · starved  1036 · nobles  +6.6 · read  9.0 · walls  3.8 · fell 76.7% (mother 34.3%) · prince 20.8% · king 14.1% · crowned 10.9% (median year 42) · 3.4s
try  5 · gen  139 · best   1169.1 · elite    697.0 · median    191.7 · years  18.3 · road 0.35 · starved   760 · nobles  +5.8 · read 14.2 · walls  1.6 · fell 71.1% (mother 31.7%) · prince 25.7% · king 20.3% · crowned 17.4% (median year 25) · 3.4s
try  6 · gen  139 · best    222.3 · elite    128.9 · median     28.7 · years  55.1 · road 0.38 · starved  1026 · nobles  +2.4 · read 89.7 · walls  6.6 · fell 71.3% (mother 31.4%) · prince  0.0% · king  0.0% · crowned  0.0% · 3.4s
try  7 · gen  139 · best   1081.6 · elite    449.3 · median     44.6 · years  32.7 · road 0.37 · starved  1090 · nobles  +0.0 · read 47.8 · walls  5.5 · fell 84.3% (mother 34.7%) · prince 17.9% · king 11.9% · crowned  9.4% (median year 55) · 3.4s
try  8 · gen  139 · best   1214.0 · elite    795.7 · median    228.4 · years  18.8 · road 0.40 · starved   735 · nobles  +3.6 · read 17.2 · walls  1.7 · fell 55.3% (mother 33.8%) · prince 33.3% · king 25.3% · crowned 18.6% (median year 23) · 3.4s
try  1 · gen  140 · best   1178.3 · elite    723.9 · median    203.8 · years  23.9 · road 0.44 · starved   801 · nobles  +3.2 · read 17.3 · walls  4.8 · fell 59.1% (mother 28.7%) · prince 29.9% · king 20.5% · crowned 17.6% (median year 30) · 3.3s
try  2 · gen  140 · best    664.6 · elite    379.8 · median     10.0 · years  31.2 · road 0.36 · starved  1136 · nobles  -1.5 · read 39.3 · walls  4.4 · fell 88.4% (mother 29.5%) · prince 12.0% · king  8.9% · crowned  6.2% (median year 51) · 3.3s
try  3 · gen  140 · best   1171.6 · elite    642.3 · median    196.8 · years  21.2 · road 0.41 · starved   762 · nobles  +1.2 · read 39.3 · walls  2.5 · fell 71.9% (mother 32.1%) · prince 29.9% · king 19.1% · crowned 15.0% (median year 27) · 3.3s
try  4 · gen  140 · best    875.0 · elite    501.8 · median    129.6 · years  29.5 · road 0.37 · starved  1033 · nobles  +7.1 · read  7.8 · walls  3.6 · fell 76.3% (mother 35.2%) · prince 21.5% · king 14.6% · crowned 11.6% (median year 42) · 3.3s
try  5 · gen  140 · best   1278.6 · elite    736.0 · median    191.8 · years  17.9 · road 0.35 · starved   713 · nobles  +5.5 · read 14.5 · walls  1.5 · fell 71.6% (mother 33.9%) · prince 25.4% · king 20.8% · crowned 18.0% (median year 25) · 3.3s
try  6 · gen  140 · best    206.8 · elite    125.9 · median     28.1 · years  55.6 · road 0.38 · starved  1044 · nobles  +2.3 · read 88.9 · walls  6.6 · fell 71.7% (mother 31.5%) · prince  0.0% · king  0.0% · crowned  0.0% · 3.3s
try  7 · gen  140 · best    855.1 · elite    453.2 · median     43.5 · years  32.4 · road 0.37 · starved  1157 · nobles  +0.5 · read 46.5 · walls  5.3 · fell 84.6% (mother 35.4%) · prince 17.9% · king 11.8% · crowned  9.4% (median year 56) · 3.3s
try  8 · gen  140 · best   1206.1 · elite    758.4 · median    234.6 · years  18.8 · road 0.40 · starved   724 · nobles  +3.4 · read 17.3 · walls  1.7 · fell 54.3% (mother 32.5%) · prince 34.2% · king 25.0% · crowned 18.7% (median year 23) · 3.3s
try  1 · gen  141 · best   1137.6 · elite    713.4 · median    210.4 · years  23.6 · road 0.45 · starved   814 · nobles  +3.5 · read 15.9 · walls  5.0 · fell 58.7% (mother 28.8%) · prince 30.8% · king 21.6% · crowned 18.0% (median year 30) · 3.3s
try  2 · gen  141 · best    732.0 · elite    377.7 · median      9.0 · years  31.0 · road 0.35 · starved  1113 · nobles  -1.2 · read 37.5 · walls  4.2 · fell 87.1% (mother 29.0%) · prince 12.4% · king  9.3% · crowned  6.6% (median year 52) · 3.3s
try  3 · gen  141 · best   1264.3 · elite    639.1 · median    190.7 · years  21.4 · road 0.41 · starved   817 · nobles  +1.0 · read 39.8 · walls  2.4 · fell 72.2% (mother 33.3%) · prince 30.1% · king 19.2% · crowned 15.0% (median year 28) · 3.3s
try  4 · gen  141 · best    909.0 · elite    522.6 · median    122.2 · years  29.0 · road 0.37 · starved   992 · nobles  +6.7 · read  8.1 · walls  3.5 · fell 76.0% (mother 34.5%) · prince 21.7% · king 15.0% · crowned 11.7% (median year 40) · 3.3s
try  5 · gen  141 · best   1161.0 · elite    689.8 · median    194.6 · years  18.0 · road 0.36 · starved   724 · nobles  +5.1 · read 14.0 · walls  1.5 · fell 70.4% (mother 31.4%) · prince 25.6% · king 21.0% · crowned 17.7% (median year 25) · 3.3s
try  6 · gen  141 · best    211.1 · elite    128.7 · median     24.3 · years  54.8 · road 0.38 · starved  1063 · nobles  +2.4 · read 87.0 · walls  6.3 · fell 72.8% (mother 33.2%) · prince  0.0% · king  0.0% · crowned  0.0% · 3.3s
try  7 · gen  141 · best    788.0 · elite    460.5 · median     43.2 · years  31.9 · road 0.37 · starved  1096 · nobles  +0.8 · read 47.0 · walls  4.8 · fell 84.3% (mother 34.3%) · prince 17.9% · king 11.6% · crowned  9.2% (median year 55) · 3.3s
try  8 · gen  141 · best   1044.8 · elite    747.4 · median    232.7 · years  19.0 · road 0.40 · starved   749 · nobles  +3.3 · read 17.9 · walls  1.8 · fell 55.6% (mother 33.5%) · prince 34.2% · king 25.3% · crowned 19.0% (median year 23) · 3.3s
try  1 · gen  142 · best   1208.9 · elite    743.7 · median    206.1 · years  23.3 · road 0.45 · starved   808 · nobles  +3.1 · read 15.7 · walls  5.0 · fell 58.2% (mother 29.1%) · prince 30.5% · king 21.5% · crowned 18.2% (median year 29) · 3.4s
try  2 · gen  142 · best    842.8 · elite    367.3 · median     16.7 · years  31.8 · road 0.36 · starved  1129 · nobles  -1.3 · read 38.6 · walls  4.4 · fell 87.9% (mother 28.9%) · prince 12.2% · king  9.2% · crowned  6.4% (median year 52) · 3.4s
try  3 · gen  142 · best   1006.1 · elite    624.2 · median    201.4 · years  21.6 · road 0.41 · starved   784 · nobles  +1.2 · read 39.8 · walls  2.3 · fell 71.2% (mother 31.4%) · prince 30.4% · king 19.4% · crowned 15.1% (median year 27) · 3.4s
try  4 · gen  142 · best    895.6 · elite    517.1 · median    120.7 · years  28.8 · road 0.37 · starved  1050 · nobles  +6.5 · read  8.5 · walls  3.7 · fell 74.9% (mother 36.4%) · prince 22.3% · king 14.8% · crowned 11.7% (median year 39) · 3.4s
try  5 · gen  142 · best   1231.1 · elite    720.2 · median    195.7 · years  18.1 · road 0.36 · starved   721 · nobles  +5.0 · read 14.6 · walls  1.5 · fell 71.2% (mother 32.3%) · prince 26.4% · king 21.3% · crowned 17.6% (median year 25) · 3.4s
try  6 · gen  142 · best    241.4 · elite    131.9 · median     26.4 · years  55.3 · road 0.38 · starved  1012 · nobles  +2.1 · read 88.9 · walls  6.3 · fell 71.4% (mother 31.1%) · prince  0.0% · king  0.0% · crowned  0.0% · 3.4s
try  7 · gen  142 · best    851.6 · elite    475.5 · median     45.9 · years  31.7 · road 0.37 · starved  1082 · nobles  +1.3 · read 46.9 · walls  4.8 · fell 83.5% (mother 34.2%) · prince 17.8% · king 12.0% · crowned 10.0% (median year 54) · 3.4s
try  8 · gen  142 · best   1217.8 · elite    747.2 · median    238.8 · years  19.0 · road 0.40 · starved   740 · nobles  +3.2 · read 17.4 · walls  1.8 · fell 55.8% (mother 33.9%) · prince 35.0% · king 25.1% · crowned 18.6% (median year 23) · 3.4s
try  1 · gen  143 · best   1179.4 · elite    721.0 · median    204.7 · years  23.0 · road 0.44 · starved   835 · nobles  +3.4 · read 14.8 · walls  5.0 · fell 60.5% (mother 29.3%) · prince 30.0% · king 21.1% · crowned 17.6% (median year 30) · 3.3s
try  2 · gen  143 · best    811.9 · elite    378.2 · median     11.1 · years  31.9 · road 0.36 · starved  1141 · nobles  -1.8 · read 39.1 · walls  4.1 · fell 88.1% (mother 30.5%) · prince 12.1% · king  8.5% · crowned  6.2% (median year 52) · 3.3s
try  3 · gen  143 · best   1202.3 · elite    660.5 · median    194.6 · years  21.5 · road 0.40 · starved   758 · nobles  +1.4 · read 38.9 · walls  2.2 · fell 72.0% (mother 28.6%) · prince 29.9% · king 19.4% · crowned 15.1% (median year 28) · 3.3s
try  4 · gen  143 · best    880.1 · elite    505.5 · median    113.2 · years  28.2 · road 0.37 · starved  1012 · nobles  +6.2 · read  7.9 · walls  3.5 · fell 75.9% (mother 35.6%) · prince 21.0% · king 14.4% · crowned 11.2% (median year 39) · 3.3s
try  5 · gen  143 · best   1036.7 · elite    690.9 · median    193.7 · years  17.9 · road 0.36 · starved   727 · nobles  +5.0 · read 14.7 · walls  1.3 · fell 71.1% (mother 30.4%) · prince 25.9% · king 20.7% · crowned 17.4% (median year 25) · 3.3s
try  6 · gen  143 · best    208.5 · elite    128.2 · median     26.8 · years  55.0 · road 0.38 · starved  1066 · nobles  +2.0 · read 85.8 · walls  6.2 · fell 71.0% (mother 32.4%) · prince  0.0% · king  0.0% · crowned  0.0% · 3.3s
try  7 · gen  143 · best    780.2 · elite    454.1 · median     71.8 · years  31.4 · road 0.36 · starved   979 · nobles  +1.8 · read 47.5 · walls  4.5 · fell 82.6% (mother 30.3%) · prince 17.5% · king 12.5% · crowned 10.4% (median year 54) · 3.3s
try  8 · gen  143 · best   1112.7 · elite    754.3 · median    213.9 · years  18.4 · road 0.39 · starved   757 · nobles  +3.1 · read 15.9 · walls  1.8 · fell 59.0% (mother 36.9%) · prince 33.3% · king 23.9% · crowned 17.9% (median year 23) · 3.3s
try  1 · gen  144 · best   1400.1 · elite    731.5 · median    205.0 · years  22.6 · road 0.44 · starved   803 · nobles  +3.2 · read 14.0 · walls  4.8 · fell 60.3% (mother 28.4%) · prince 29.5% · king 21.2% · crowned 17.8% (median year 29) · 3.4s
try  2 · gen  144 · best    718.0 · elite    384.7 · median     18.3 · years  31.1 · road 0.36 · starved  1080 · nobles  -1.4 · read 37.9 · walls  4.1 · fell 87.9% (mother 29.3%) · prince 12.6% · king  9.5% · crowned  6.8% (median year 51) · 3.4s
try  3 · gen  144 · best   1161.8 · elite    669.9 · median    204.1 · years  21.2 · road 0.40 · starved   709 · nobles  +2.5 · read 38.5 · walls  2.1 · fell 69.8% (mother 26.8%) · prince 30.7% · king 19.8% · crowned 15.9% (median year 27) · 3.4s
try  4 · gen  144 · best    910.3 · elite    540.9 · median    123.3 · years  28.2 · road 0.37 · starved  1024 · nobles  +6.3 · read  8.8 · walls  3.4 · fell 75.2% (mother 35.0%) · prince 22.1% · king 15.0% · crowned 11.8% (median year 38) · 3.4s
try  5 · gen  144 · best    975.3 · elite    695.8 · median    194.0 · years  17.9 · road 0.36 · starved   738 · nobles  +4.5 · read 15.3 · walls  1.3 · fell 70.6% (mother 29.5%) · prince 26.0% · king 20.9% · crowned 17.4% (median year 24) · 3.4s
try  6 · gen  144 · best    230.8 · elite    137.2 · median     28.3 · years  55.8 · road 0.39 · starved  1042 · nobles  +1.9 · read 88.8 · walls  6.6 · fell 71.4% (mother 33.5%) · prince  0.0% · king  0.0% · crowned  0.0% · 3.4s
try  7 · gen  144 · best    886.5 · elite    463.4 · median     73.8 · years  31.7 · road 0.36 · starved  1043 · nobles  +2.6 · read 46.3 · walls  4.3 · fell 83.7% (mother 32.1%) · prince 18.3% · king 12.3% · crowned 10.6% (median year 52) · 3.4s
try  8 · gen  144 · best   1184.6 · elite    715.4 · median    229.3 · years  18.7 · road 0.40 · starved   772 · nobles  +3.1 · read 15.9 · walls  1.9 · fell 58.2% (mother 35.5%) · prince 33.7% · king 24.3% · crowned 18.4% (median year 23) · 3.4s
try  1 · gen  145 · best   1214.9 · elite    735.9 · median    211.5 · years  22.5 · road 0.44 · starved   771 · nobles  +3.4 · read 14.3 · walls  4.6 · fell 58.7% (mother 27.0%) · prince 29.7% · king 21.1% · crowned 18.0% (median year 29) · 3.3s
try  2 · gen  145 · best    926.3 · elite    418.2 · median     21.3 · years  31.7 · road 0.36 · starved  1094 · nobles  -1.5 · read 37.5 · walls  4.1 · fell 87.3% (mother 29.8%) · prince 13.3% · king  9.7% · crowned  7.2% (median year 51) · 3.3s
try  3 · gen  145 · best   1096.1 · elite    647.1 · median    203.2 · years  20.8 · road 0.40 · starved   700 · nobles  +2.5 · read 37.8 · walls  2.0 · fell 70.1% (mother 28.9%) · prince 30.5% · king 19.8% · crowned 15.9% (median year 27) · 3.3s
try  4 · gen  145 · best   1130.5 · elite    544.7 · median    120.0 · years  27.7 · road 0.37 · starved  1006 · nobles  +6.3 · read  9.4 · walls  3.6 · fell 74.6% (mother 35.5%) · prince 22.4% · king 14.9% · crowned 11.9% (median year 38) · 3.3s
try  5 · gen  145 · best   1197.2 · elite    746.8 · median    202.4 · years  17.6 · road 0.35 · starved   739 · nobles  +5.3 · read 14.6 · walls  1.2 · fell 69.8% (mother 28.3%) · prince 26.9% · king 21.9% · crowned 18.0% (median year 24) · 3.3s
try  6 · gen  145 · best    255.8 · elite    133.4 · median     28.6 · years  56.0 · road 0.39 · starved   990 · nobles  +1.9 · read 88.1 · walls  6.5 · fell 70.6% (mother 31.5%) · prince  0.0% · king  0.0% · crowned  0.0% · 3.3s
try  7 · gen  145 · best    849.2 · elite    442.7 · median     53.7 · years  31.4 · road 0.36 · starved  1022 · nobles  +2.6 · read 47.6 · walls  4.1 · fell 83.7% (mother 31.0%) · prince 17.7% · king 11.6% · crowned  9.8% (median year 52) · 3.3s
try  8 · gen  145 · best   1219.1 · elite    735.1 · median    231.2 · years  18.7 · road 0.40 · starved   777 · nobles  +2.9 · read 16.4 · walls  2.0 · fell 57.8% (mother 35.5%) · prince 34.1% · king 24.4% · crowned 18.0% (median year 23) · 3.3s
try  1 · gen  146 · best    989.3 · elite    726.3 · median    215.5 · years  22.2 · road 0.43 · starved   790 · nobles  +2.8 · read 14.3 · walls  4.5 · fell 59.6% (mother 28.8%) · prince 30.2% · king 21.8% · crowned 18.1% (median year 29) · 3.4s
try  2 · gen  146 · best    687.8 · elite    442.3 · median     21.6 · years  31.2 · road 0.36 · starved  1286 · nobles  -1.2 · read 36.6 · walls  4.2 · fell 87.3% (mother 30.8%) · prince 13.5% · king 10.2% · crowned  8.0% (median year 52) · 3.4s
try  3 · gen  146 · best   1222.4 · elite    655.5 · median    199.2 · years  20.6 · road 0.39 · starved   771 · nobles  +3.0 · read 37.6 · walls  1.9 · fell 71.9% (mother 30.7%) · prince 30.0% · king 19.7% · crowned 15.5% (median year 27) · 3.4s
try  4 · gen  146 · best    836.5 · elite    521.5 · median    116.6 · years  27.3 · road 0.37 · starved  1021 · nobles  +6.4 · read  9.6 · walls  3.7 · fell 75.1% (mother 36.1%) · prince 21.8% · king 14.5% · crowned 11.6% (median year 37) · 3.4s
try  5 · gen  146 · best   1220.4 · elite    726.5 · median    201.1 · years  17.5 · road 0.35 · starved   831 · nobles  +4.8 · read 14.0 · walls  1.2 · fell 70.8% (mother 28.8%) · prince 26.5% · king 21.5% · crowned 18.0% (median year 24) · 3.4s
try  6 · gen  146 · best    206.7 · elite    136.8 · median     31.2 · years  56.5 · road 0.39 · starved  1034 · nobles  +2.1 · read 85.1 · walls  6.5 · fell 71.0% (mother 33.6%) · prince  0.0% · king  0.0% · crowned  0.0% · 3.4s
try  7 · gen  146 · best   1020.2 · elite    481.0 · median     65.0 · years  31.1 · road 0.36 · starved  1082 · nobles  +2.9 · read 48.2 · walls  4.0 · fell 82.8% (mother 32.0%) · prince 17.9% · king 12.4% · crowned 10.7% (median year 50) · 3.4s
try  8 · gen  146 · best   1251.8 · elite    772.1 · median    221.8 · years  18.4 · road 0.40 · starved   760 · nobles  +3.0 · read 16.5 · walls  2.1 · fell 57.0% (mother 36.1%) · prince 34.3% · king 24.5% · crowned 17.9% (median year 23) · 3.4s
try  1 · gen  147 · best   1122.5 · elite    738.4 · median    218.9 · years  22.9 · road 0.44 · starved   743 · nobles  +2.7 · read 16.2 · walls  4.4 · fell 57.9% (mother 24.9%) · prince 29.9% · king 22.1% · crowned 18.7% (median year 29) · 3.3s
try  2 · gen  147 · best    847.2 · elite    365.3 · median     19.0 · years  31.3 · road 0.36 · starved  1181 · nobles  -1.8 · read 35.9 · walls  4.0 · fell 87.5% (mother 32.9%) · prince 13.3% · king  9.4% · crowned  6.9% (median year 52) · 3.3s
try  3 · gen  147 · best    954.8 · elite    637.9 · median    202.6 · years  19.9 · road 0.39 · starved   709 · nobles  +3.0 · read 36.7 · walls  1.7 · fell 71.5% (mother 29.6%) · prince 30.2% · king 20.0% · crowned 15.6% (median year 26) · 3.3s
try  4 · gen  147 · best    896.1 · elite    509.2 · median     98.8 · years  26.9 · road 0.36 · starved  1042 · nobles  +6.1 · read  9.7 · walls  3.6 · fell 75.9% (mother 36.8%) · prince 21.0% · king 14.0% · crowned 11.1% (median year 37) · 3.3s
try  5 · gen  147 · best   1362.2 · elite    726.5 · median    191.1 · years  17.9 · road 0.35 · starved   764 · nobles  +5.2 · read 13.9 · walls  1.2 · fell 71.6% (mother 28.8%) · prince 26.1% · king 21.0% · crowned 17.5% (median year 25) · 3.3s
try  6 · gen  147 · best    261.7 · elite    135.2 · median     27.8 · years  56.4 · road 0.38 · starved  1001 · nobles  +1.7 · read 83.5 · walls  6.6 · fell 69.2% (mother 32.0%) · prince  0.0% · king  0.0% · crowned  0.0% · 3.3s
try  7 · gen  147 · best   1051.3 · elite    494.8 · median     84.3 · years  30.6 · road 0.35 · starved  1051 · nobles  +3.3 · read 48.8 · walls  3.4 · fell 81.7% (mother 31.2%) · prince 18.3% · king 13.0% · crowned 11.2% (median year 49) · 3.3s
try  8 · gen  147 · best   1192.4 · elite    743.8 · median    235.0 · years  18.3 · road 0.41 · starved   744 · nobles  +3.6 · read 16.8 · walls  2.1 · fell 56.8% (mother 35.4%) · prince 35.2% · king 24.6% · crowned 18.3% (median year 22) · 3.3s
try  1 · gen  148 · best   1191.8 · elite    728.4 · median    218.5 · years  22.8 · road 0.44 · starved   964 · nobles  +3.3 · read 16.8 · walls  4.3 · fell 61.0% (mother 23.8%) · prince 30.2% · king 21.9% · crowned 18.6% (median year 29) · 3.4s
try  2 · gen  148 · best    663.0 · elite    414.6 · median     16.4 · years  32.0 · road 0.37 · starved  1771 · nobles  -2.2 · read 35.8 · walls  4.3 · fell 88.1% (mother 34.0%) · prince 13.6% · king  9.6% · crowned  7.1% (median year 53) · 3.4s
try  3 · gen  148 · best   1011.5 · elite    649.1 · median    201.8 · years  19.8 · road 0.39 · starved   703 · nobles  +2.8 · read 36.8 · walls  1.6 · fell 71.8% (mother 31.0%) · prince 29.1% · king 19.3% · crowned 15.7% (median year 26) · 3.4s
try  4 · gen  148 · best    940.2 · elite    509.7 · median    107.3 · years  27.0 · road 0.36 · starved  1058 · nobles  +6.2 · read  9.4 · walls  3.6 · fell 75.4% (mother 35.1%) · prince 21.7% · king 14.8% · crowned 11.3% (median year 37) · 3.4s
try  5 · gen  148 · best    992.2 · elite    688.8 · median    190.2 · years  17.9 · road 0.35 · starved   798 · nobles  +4.9 · read 12.8 · walls  1.3 · fell 72.2% (mother 30.9%) · prince 25.9% · king 20.9% · crowned 17.0% (median year 24) · 3.4s
try  6 · gen  148 · best    219.3 · elite    139.6 · median     28.2 · years  57.4 · road 0.39 · starved  1006 · nobles  +1.6 · read 84.8 · walls  6.6 · fell 69.8% (mother 31.3%) · prince  0.0% · king  0.0% · crowned  0.0% · 3.4s
try  7 · gen  148 · best    817.2 · elite    486.0 · median     67.4 · years  30.0 · road 0.35 · starved  1083 · nobles  +3.2 · read 47.7 · walls  3.3 · fell 82.0% (mother 32.6%) · prince 18.1% · king 12.6% · crowned 10.7% (median year 48) · 3.4s
try  8 · gen  148 · best   1110.5 · elite    744.6 · median    231.1 · years  18.1 · road 0.41 · starved   727 · nobles  +3.1 · read 16.7 · walls  2.0 · fell 56.5% (mother 34.3%) · prince 33.9% · king 23.9% · crowned 18.2% (median year 22) · 3.4s
try  1 · gen  149 · best   1201.2 · elite    754.1 · median    222.4 · years  21.9 · road 0.43 · starved   712 · nobles  +3.7 · read 16.3 · walls  4.0 · fell 62.0% (mother 22.2%) · prince 29.1% · king 21.7% · crowned 18.9% (median year 28) · 3.2s
try  2 · gen  149 · best    829.8 · elite    403.6 · median     16.3 · years  31.8 · road 0.36 · starved  1294 · nobles  -2.0 · read 36.0 · walls  4.4 · fell 87.6% (mother 33.7%) · prince 13.2% · king  9.6% · crowned  7.0% (median year 54) · 3.2s
try  3 · gen  149 · best   1028.1 · elite    682.7 · median    193.3 · years  20.0 · road 0.39 · starved   737 · nobles  +2.7 · read 37.2 · walls  1.6 · fell 71.0% (mother 29.3%) · prince 29.6% · king 20.0% · crowned 15.6% (median year 26) · 3.2s
try  4 · gen  149 · best    929.3 · elite    517.1 · median    112.0 · years  26.8 · road 0.37 · starved  1132 · nobles  +6.0 · read  9.1 · walls  3.8 · fell 76.4% (mother 38.1%) · prince 22.4% · king 14.6% · crowned 11.5% (median year 37) · 3.2s
try  5 · gen  149 · best   1218.5 · elite    712.2 · median    189.7 · years  17.6 · road 0.34 · starved   798 · nobles  +5.6 · read 12.3 · walls  1.3 · fell 71.6% (mother 32.2%) · prince 25.3% · king 21.0% · crowned 17.8% (median year 24) · 3.2s
try  6 · gen  149 · best    195.7 · elite    131.6 · median     31.0 · years  57.0 · road 0.38 · starved  1015 · nobles  +1.0 · read 80.6 · walls  6.6 · fell 69.0% (mother 31.4%) · prince  0.0% · king  0.0% · crowned  0.0% · 3.2s
try  7 · gen  149 · best    876.9 · elite    488.8 · median     55.5 · years  29.8 · road 0.35 · starved  1048 · nobles  +3.6 · read 47.1 · walls  2.8 · fell 83.1% (mother 33.0%) · prince 17.8% · king 12.4% · crowned 10.7% (median year 48) · 3.2s
try  8 · gen  149 · best   1202.3 · elite    735.0 · median    227.0 · years  17.9 · road 0.40 · starved   748 · nobles  +3.4 · read 16.1 · walls  2.0 · fell 58.4% (mother 37.1%) · prince 34.0% · king 23.7% · crowned 18.0% (median year 22) · 3.2s
try  1 · gen  150 · best   1382.3 · elite    777.9 · median    224.7 · years  22.6 · road 0.43 · starved   716 · nobles  +4.0 · read 18.0 · walls  4.1 · fell 62.2% (mother 21.2%) · prince 30.2% · king 21.8% · crowned 19.2% (median year 29) · 3.3s
try  2 · gen  150 · best    675.9 · elite    383.6 · median     18.0 · years  32.0 · road 0.37 · starved  1241 · nobles  -2.0 · read 35.9 · walls  4.5 · fell 86.9% (mother 33.8%) · prince 13.6% · king  9.5% · crowned  7.0% (median year 55) · 3.3s
try  3 · gen  150 · best    979.8 · elite    656.7 · median    193.7 · years  19.9 · road 0.39 · starved   700 · nobles  +3.3 · read 36.8 · walls  1.6 · fell 70.7% (mother 28.8%) · prince 29.3% · king 19.9% · crowned 15.6% (median year 26) · 3.3s
try  4 · gen  150 · best    926.0 · elite    531.9 · median    137.7 · years  26.4 · road 0.37 · starved  1040 · nobles  +5.4 · read  7.8 · walls  4.0 · fell 76.1% (mother 37.0%) · prince 23.1% · king 15.7% · crowned 12.0% (median year 36) · 3.3s
try  5 · gen  150 · best   1191.2 · elite    676.8 · median    192.8 · years  18.0 · road 0.35 · starved   887 · nobles  +5.4 · read 13.0 · walls  1.4 · fell 72.6% (mother 31.4%) · prince 25.5% · king 21.1% · crowned 17.2% (median year 24) · 3.3s
try  6 · gen  150 · best    228.3 · elite    131.3 · median     28.4 · years  56.5 · road 0.38 · starved  1035 · nobles  +1.1 · read 78.9 · walls  6.5 · fell 69.6% (mother 32.5%) · prince  0.0% · king  0.0% · crowned  0.0% · 3.3s
try  7 · gen  150 · best    837.8 · elite    479.1 · median     89.4 · years  29.4 · road 0.34 · starved  1059 · nobles  +3.8 · read 45.9 · walls  2.7 · fell 81.9% (mother 33.1%) · prince 17.8% · king 12.9% · crowned 11.0% (median year 49) · 3.3s
try  8 · gen  150 · best   1207.9 · elite    780.4 · median    222.7 · years  18.0 · road 0.40 · starved   751 · nobles  +3.1 · read 15.7 · walls  2.0 · fell 59.4% (mother 37.0%) · prince 33.6% · king 24.0% · crowned 18.1% (median year 23) · 3.3s
try  1 · gen  151 · best   1207.6 · elite    753.3 · median    218.3 · years  22.2 · road 0.43 · starved   708 · nobles  +4.2 · read 19.1 · walls  4.1 · fell 62.0% (mother 22.2%) · prince 30.5% · king 21.7% · crowned 19.0% (median year 29) · 3.3s
try  2 · gen  151 · best    722.1 · elite    432.3 · median     16.6 · years  31.6 · road 0.36 · starved  1211 · nobles  -2.0 · read 36.2 · walls  4.5 · fell 86.9% (mother 31.9%) · prince 13.2% · king  9.7% · crowned  7.4% (median year 52) · 3.3s
try  3 · gen  151 · best   1054.4 · elite    670.5 · median    187.8 · years  20.2 · road 0.39 · starved   789 · nobles  +3.1 · read 36.5 · walls  1.7 · fell 72.7% (mother 31.2%) · prince 30.1% · king 19.1% · crowned 15.4% (median year 26) · 3.3s
try  4 · gen  151 · best    988.5 · elite    561.5 · median    123.4 · years  26.5 · road 0.37 · starved  1041 · nobles  +5.8 · read  7.7 · walls  3.7 · fell 75.2% (mother 36.0%) · prince 23.2% · king 15.4% · crowned 12.2% (median year 37) · 3.3s
try  5 · gen  151 · best   1296.5 · elite    721.2 · median    194.3 · years  17.6 · road 0.35 · starved   756 · nobles  +5.4 · read 13.8 · walls  1.3 · fell 71.1% (mother 30.9%) · prince 26.8% · king 21.5% · crowned 17.6% (median year 24) · 3.3s
try  6 · gen  151 · best    204.9 · elite    132.6 · median     26.1 · years  55.4 · road 0.38 · starved  1000 · nobles  +1.2 · read 78.2 · walls  6.5 · fell 70.8% (mother 31.5%) · prince  0.1% · king  0.0% · crowned  0.0% · 3.3s
try  7 · gen  151 · best    932.9 · elite    484.3 · median     73.2 · years  29.5 · road 0.35 · starved  1084 · nobles  +2.8 · read 45.6 · walls  2.8 · fell 82.2% (mother 33.9%) · prince 18.0% · king 12.9% · crowned 10.7% (median year 48) · 3.3s
try  8 · gen  151 · best   1034.9 · elite    732.4 · median    226.7 · years  17.9 · road 0.40 · starved   705 · nobles  +3.6 · read 15.9 · walls  1.9 · fell 58.2% (mother 33.9%) · prince 33.5% · king 23.4% · crowned 18.1% (median year 22) · 3.3s
try  1 · gen  152 · best   1199.5 · elite    748.9 · median    228.4 · years  21.7 · road 0.43 · starved   726 · nobles  +3.9 · read 20.0 · walls  4.1 · fell 61.5% (mother 23.5%) · prince 30.2% · king 22.1% · crowned 19.1% (median year 28) · 3.3s
try  2 · gen  152 · best    687.0 · elite    398.9 · median     16.5 · years  32.1 · road 0.37 · starved  1261 · nobles  -2.5 · read 36.4 · walls  4.5 · fell 86.8% (mother 33.8%) · prince 13.5% · king  9.8% · crowned  7.0% (median year 55) · 3.3s
try  3 · gen  152 · best   1207.9 · elite    657.4 · median    193.7 · years  19.9 · road 0.39 · starved   741 · nobles  +3.2 · read 36.1 · walls  1.7 · fell 71.6% (mother 29.8%) · prince 29.5% · king 19.8% · crowned 16.1% (median year 26) · 3.3s
try  4 · gen  152 · best   1162.0 · elite    538.5 · median     86.1 · years  26.0 · road 0.36 · starved  1084 · nobles  +5.7 · read  7.2 · walls  3.7 · fell 76.2% (mother 37.9%) · prince 22.2% · king 14.5% · crowned 11.3% (median year 35) · 3.3s
try  5 · gen  152 · best    982.0 · elite    695.2 · median    203.8 · years  17.6 · road 0.35 · starved   796 · nobles  +5.3 · read 14.5 · walls  1.3 · fell 70.1% (mother 29.8%) · prince 26.9% · king 21.5% · crowned 18.0% (median year 24) · 3.3s
try  6 · gen  152 · best    243.0 · elite    143.1 · median     27.5 · years  56.0 · road 0.38 · starved  1009 · nobles  +0.9 · read 77.3 · walls  6.4 · fell 70.7% (mother 31.1%) · prince  0.0% · king  0.0% · crowned  0.0% · 3.3s
try  7 · gen  152 · best   1016.8 · elite    491.2 · median     80.7 · years  29.6 · road 0.35 · starved   973 · nobles  +3.0 · read 45.4 · walls  2.9 · fell 81.8% (mother 31.3%) · prince 18.0% · king 12.9% · crowned 11.0% (median year 48) · 3.3s
try  8 · gen  152 · best   1227.3 · elite    733.3 · median    217.2 · years  17.8 · road 0.39 · starved   718 · nobles  +3.3 · read 16.1 · walls  1.8 · fell 58.6% (mother 35.7%) · prince 32.5% · king 22.9% · crowned 17.4% (median year 22) · 3.3s
try  1 · gen  153 · best   1218.9 · elite    755.1 · median    221.4 · years  21.3 · road 0.43 · starved   737 · nobles  +3.5 · read 19.4 · walls  3.8 · fell 62.7% (mother 26.5%) · prince 30.0% · king 22.1% · crowned 18.8% (median year 28) · 3.3s
try  2 · gen  153 · best    681.7 · elite    386.1 · median     17.2 · years  32.3 · road 0.37 · starved  1718 · nobles  -2.8 · read 36.6 · walls  4.5 · fell 87.5% (mother 32.4%) · prince 13.7% · king  9.4% · crowned  7.0% (median year 54) · 3.3s
try  3 · gen  153 · best   1216.1 · elite    686.6 · median    196.9 · years  19.8 · road 0.39 · starved   713 · nobles  +3.5 · read 35.7 · walls  1.8 · fell 71.7% (mother 29.2%) · prince 29.7% · king 19.6% · crowned 15.8% (median year 27) · 3.3s
try  4 · gen  153 · best    925.9 · elite    533.4 · median     94.9 · years  25.7 · road 0.36 · starved  1019 · nobles  +5.7 · read  6.5 · walls  3.7 · fell 76.0% (mother 37.8%) · prince 22.5% · king 14.9% · crowned 11.4% (median year 35) · 3.3s
try  5 · gen  153 · best   1267.1 · elite    747.0 · median    196.6 · years  17.4 · road 0.35 · starved   693 · nobles  +5.8 · read 15.2 · walls  1.3 · fell 69.8% (mother 28.8%) · prince 26.4% · king 21.0% · crowned 17.9% (median year 24) · 3.3s
try  6 · gen  153 · best    241.5 · elite    132.8 · median     29.6 · years  56.1 · road 0.38 · starved   944 · nobles  +0.9 · read 77.5 · walls  6.4 · fell 69.1% (mother 30.0%) · prince  0.0% · king  0.0% · crowned  0.0% · 3.3s
try  7 · gen  153 · best    753.2 · elite    461.2 · median     73.7 · years  29.8 · road 0.35 · starved  1048 · nobles  +2.7 · read 45.0 · walls  3.1 · fell 82.2% (mother 33.0%) · prince 18.0% · king 12.4% · crowned 10.5% (median year 48) · 3.3s
try  8 · gen  153 · best   1235.6 · elite    736.3 · median    214.8 · years  18.1 · road 0.40 · starved   792 · nobles  +3.2 · read 15.9 · walls  1.8 · fell 61.1% (mother 38.2%) · prince 32.4% · king 23.3% · crowned 17.5% (median year 23) · 3.3s
try  1 · gen  154 · best   1187.2 · elite    763.6 · median    212.5 · years  21.5 · road 0.43 · starved   775 · nobles  +3.5 · read 19.6 · walls  3.9 · fell 63.1% (mother 28.2%) · prince 30.3% · king 21.9% · crowned 19.0% (median year 29) · 3.5s
try  2 · gen  154 · best    679.8 · elite    372.7 · median     18.8 · years  32.4 · road 0.37 · starved  1758 · nobles  -3.0 · read 36.1 · walls  4.6 · fell 87.7% (mother 32.4%) · prince 13.2% · king  9.0% · crowned  6.6% (median year 56) · 3.5s
try  3 · gen  154 · best   1047.8 · elite    676.1 · median    187.1 · years  19.6 · road 0.39 · starved   703 · nobles  +2.8 · read 36.2 · walls  1.7 · fell 70.7% (mother 28.2%) · prince 29.6% · king 20.0% · crowned 15.7% (median year 27) · 3.5s
try  4 · gen  154 · best    925.9 · elite    509.9 · median    123.2 · years  25.3 · road 0.36 · starved  1532 · nobles  +5.4 · read  6.7 · walls  3.7 · fell 76.0% (mother 38.5%) · prince 22.0% · king 14.8% · crowned 11.2% (median year 35) · 3.5s
try  5 · gen  154 · best   1291.1 · elite    742.5 · median    206.5 · years  17.6 · road 0.35 · starved   724 · nobles  +5.8 · read 15.2 · walls  1.3 · fell 69.4% (mother 28.6%) · prince 26.9% · king 22.0% · crowned 18.5% (median year 24) · 3.5s
try  6 · gen  154 · best    285.3 · elite    146.0 · median     28.6 · years  56.1 · road 0.38 · starved  1009 · nobles  +0.3 · read 74.1 · walls  6.5 · fell 70.3% (mother 31.3%) · prince  0.0% · king  0.0% · crowned  0.0% · 3.5s
try  7 · gen  154 · best    876.1 · elite    480.3 · median     93.5 · years  29.4 · road 0.35 · starved   950 · nobles  +3.1 · read 44.3 · walls  2.8 · fell 82.0% (mother 31.4%) · prince 17.5% · king 12.8% · crowned 10.9% (median year 48) · 3.5s
try  8 · gen  154 · best   1443.7 · elite    806.2 · median    219.7 · years  18.1 · road 0.40 · starved   746 · nobles  +3.5 · read 16.4 · walls  2.0 · fell 57.1% (mother 34.3%) · prince 33.4% · king 23.9% · crowned 18.3% (median year 22) · 3.5s
try  1 · gen  155 · best   1168.6 · elite    766.6 · median    218.3 · years  21.8 · road 0.44 · starved   765 · nobles  +3.9 · read 20.6 · walls  4.0 · fell 62.1% (mother 25.7%) · prince 31.1% · king 22.3% · crowned 19.4% (median year 28) · 3.4s
try  2 · gen  155 · best    825.7 · elite    385.5 · median     13.9 · years  32.5 · road 0.37 · starved  2246 · nobles  -2.7 · read 35.7 · walls  4.8 · fell 87.4% (mother 31.6%) · prince 13.2% · king  9.2% · crowned  6.7% (median year 55) · 3.4s
try  3 · gen  155 · best   1202.9 · elite    666.2 · median    195.0 · years  19.4 · road 0.38 · starved   692 · nobles  +2.7 · read 35.7 · walls  1.7 · fell 70.4% (mother 28.4%) · prince 28.9% · king 20.2% · crowned 16.1% (median year 26) · 3.4s
try  4 · gen  155 · best   1105.0 · elite    532.2 · median    132.4 · years  25.7 · road 0.37 · starved  1076 · nobles  +5.4 · read  6.8 · walls  3.9 · fell 75.8% (mother 38.2%) · prince 23.2% · king 15.4% · crowned 11.7% (median year 34) · 3.4s
try  5 · gen  155 · best   1187.5 · elite    709.1 · median    190.9 · years  17.5 · road 0.35 · starved   814 · nobles  +5.5 · read 14.2 · walls  1.3 · fell 71.2% (mother 30.3%) · prince 26.0% · king 21.0% · crowned 17.5% (median year 24) · 3.4s
try  6 · gen  155 · best    234.4 · elite    135.2 · median     27.3 · years  55.3 · road 0.38 · starved  1025 · nobles  +0.3 · read 71.7 · walls  6.4 · fell 70.2% (mother 31.3%) · prince  0.0% · king  0.0% · crowned  0.0% · 3.4s
try  7 · gen  155 · best    857.8 · elite    486.8 · median     98.1 · years  29.5 · road 0.35 · starved   986 · nobles  +3.6 · read 43.4 · walls  3.0 · fell 81.6% (mother 30.8%) · prince 17.8% · king 12.9% · crowned 11.3% (median year 48) · 3.4s
try  8 · gen  155 · best   1220.0 · elite    729.6 · median    227.6 · years  18.4 · road 0.41 · starved   780 · nobles  +3.2 · read 17.5 · walls  2.2 · fell 57.2% (mother 35.3%) · prince 34.3% · king 23.5% · crowned 18.2% (median year 23) · 3.4s
try  1 · gen  156 · best    967.6 · elite    712.9 · median    223.8 · years  22.3 · road 0.44 · starved   791 · nobles  +3.3 · read 19.7 · walls  4.1 · fell 61.9% (mother 25.7%) · prince 31.2% · king 22.0% · crowned 19.0% (median year 29) · 3.5s
try  2 · gen  156 · best    809.6 · elite    378.2 · median     15.2 · years  33.0 · road 0.37 · starved  2316 · nobles  -2.9 · read 36.0 · walls  4.9 · fell 87.7% (mother 30.7%) · prince 13.3% · king  9.4% · crowned  6.5% (median year 54) · 3.5s
try  3 · gen  156 · best   1032.6 · elite    648.8 · median    194.4 · years  19.9 · road 0.39 · starved   743 · nobles  +2.7 · read 36.0 · walls  1.7 · fell 71.5% (mother 29.6%) · prince 29.3% · king 20.0% · crowned 15.7% (median year 26) · 3.5s
try  4 · gen  156 · best    956.5 · elite    516.6 · median    128.9 · years  25.1 · road 0.37 · starved  1458 · nobles  +4.9 · read  7.5 · walls  4.3 · fell 76.4% (mother 39.5%) · prince 22.8% · king 15.1% · crowned 11.6% (median year 34) · 3.5s
try  5 · gen  156 · best   1164.2 · elite    728.4 · median    197.8 · years  17.6 · road 0.35 · starved   687 · nobles  +6.1 · read 13.6 · walls  1.4 · fell 70.9% (mother 30.2%) · prince 26.5% · king 21.6% · crowned 18.3% (median year 25) · 3.5s
try  6 · gen  156 · best    218.6 · elite    140.4 · median     28.0 · years  54.5 · road 0.38 · starved  1027 · nobles  +0.6 · read 71.6 · walls  6.3 · fell 71.9% (mother 32.5%) · prince  0.1% · king  0.0% · crowned  0.0% · 3.5s
try  7 · gen  156 · best    864.0 · elite    490.3 · median    107.4 · years  29.3 · road 0.35 · starved   936 · nobles  +3.3 · read 42.4 · walls  2.9 · fell 81.9% (mother 28.9%) · prince 17.5% · king 13.3% · crowned 11.3% (median year 47) · 3.5s
try  8 · gen  156 · best   1237.6 · elite    746.5 · median    218.7 · years  18.3 · road 0.41 · starved   785 · nobles  +2.8 · read 17.7 · walls  2.2 · fell 58.6% (mother 36.6%) · prince 33.6% · king 23.3% · crowned 18.2% (median year 23) · 3.5s
try  1 · gen  157 · best   1429.4 · elite    773.7 · median    215.5 · years  21.3 · road 0.43 · starved   780 · nobles  +3.6 · read 19.2 · walls  4.0 · fell 61.6% (mother 28.0%) · prince 30.9% · king 22.5% · crowned 19.2% (median year 28) · 3.4s
try  2 · gen  157 · best    930.0 · elite    405.6 · median     16.7 · years  32.9 · road 0.37 · starved  2038 · nobles  -3.1 · read 36.2 · walls  4.8 · fell 87.7% (mother 32.2%) · prince 13.4% · king  9.7% · crowned  7.0% (median year 56) · 3.4s
try  3 · gen  157 · best    976.8 · elite    654.3 · median    190.5 · years  19.8 · road 0.38 · starved   752 · nobles  +3.2 · read 34.3 · walls  1.7 · fell 71.4% (mother 30.1%) · prince 28.7% · king 20.0% · crowned 15.8% (median year 26) · 3.4s
try  4 · gen  157 · best    945.1 · elite    532.4 · median    144.7 · years  24.4 · road 0.37 · starved   978 · nobles  +4.7 · read  7.9 · walls  4.2 · fell 75.6% (mother 39.1%) · prince 22.7% · king 15.8% · crowned 12.0% (median year 33) · 3.4s
try  5 · gen  157 · best   1033.4 · elite    731.2 · median    192.5 · years  17.5 · road 0.35 · starved   836 · nobles  +5.6 · read 12.9 · walls  1.4 · fell 71.4% (mother 30.4%) · prince 25.9% · king 21.1% · crowned 18.0% (median year 25) · 3.4s
try  6 · gen  157 · best    208.6 · elite    136.0 · median     29.0 · years  55.1 · road 0.38 · starved  1011 · nobles  +0.4 · read 70.5 · walls  6.5 · fell 70.9% (mother 30.9%) · prince  0.1% · king  0.0% · crowned  0.0% · 3.4s
try  7 · gen  157 · best    812.0 · elite    483.2 · median     47.9 · years  28.8 · road 0.35 · starved   949 · nobles  +4.1 · read 40.4 · walls  3.1 · fell 82.3% (mother 30.7%) · prince 16.6% · king 12.3% · crowned 10.7% (median year 47) · 3.4s
try  8 · gen  157 · best   1386.6 · elite    800.9 · median    229.6 · years  18.1 · road 0.41 · starved   810 · nobles  +3.0 · read 17.4 · walls  2.3 · fell 59.4% (mother 37.6%) · prince 34.2% · king 24.4% · crowned 18.7% (median year 23) · 3.4s
try  1 · gen  158 · best   1029.6 · elite    745.7 · median    214.0 · years  20.8 · road 0.43 · starved   793 · nobles  +3.3 · read 19.1 · walls  4.1 · fell 61.8% (mother 30.2%) · prince 29.9% · king 22.4% · crowned 19.3% (median year 27) · 3.3s
try  2 · gen  158 · best    892.8 · elite    397.4 · median     12.5 · years  32.7 · road 0.37 · starved  1982 · nobles  -3.3 · read 37.3 · walls  4.5 · fell 87.6% (mother 33.2%) · prince 13.5% · king  9.4% · crowned  6.7% (median year 56) · 3.3s
try  3 · gen  158 · best   1200.1 · elite    662.8 · median    183.2 · years  19.4 · road 0.38 · starved   762 · nobles  +2.4 · read 33.1 · walls  1.7 · fell 73.2% (mother 32.6%) · prince 27.9% · king 19.7% · crowned 15.0% (median year 26) · 3.3s
try  4 · gen  158 · best   1099.1 · elite    549.2 · median     57.4 · years  24.3 · road 0.36 · starved   981 · nobles  +3.9 · read  8.6 · walls  4.0 · fell 76.9% (mother 38.9%) · prince 22.1% · king 15.2% · crowned 11.3% (median year 34) · 3.3s
try  5 · gen  158 · best   1170.4 · elite    723.3 · median    190.3 · years  17.7 · road 0.35 · starved   771 · nobles  +5.7 · read 12.7 · walls  1.3 · fell 71.3% (mother 29.9%) · prince 25.1% · king 21.0% · crowned 17.6% (median year 24) · 3.3s
try  6 · gen  158 · best    208.2 · elite    133.2 · median     29.9 · years  56.2 · road 0.39 · starved  1028 · nobles  -0.1 · read 70.1 · walls  6.7 · fell 70.6% (mother 31.7%) · prince  0.1% · king  0.0% · crowned  0.0% · 3.3s
try  7 · gen  158 · best   1066.9 · elite    465.9 · median     81.9 · years  28.6 · road 0.35 · starved   965 · nobles  +4.3 · read 40.9 · walls  3.3 · fell 82.5% (mother 30.4%) · prince 16.7% · king 11.9% · crowned 10.6% (median year 47) · 3.3s
try  8 · gen  158 · best   1190.0 · elite    759.9 · median    223.6 · years  17.8 · road 0.40 · starved   808 · nobles  +3.3 · read 16.8 · walls  2.5 · fell 59.1% (mother 38.0%) · prince 33.2% · king 23.9% · crowned 18.8% (median year 23) · 3.3s
try  1 · gen  159 · best   1182.5 · elite    769.2 · median    215.6 · years  20.9 · road 0.44 · starved   828 · nobles  +3.5 · read 20.0 · walls  4.2 · fell 62.6% (mother 31.7%) · prince 30.5% · king 22.3% · crowned 18.9% (median year 28) · 3.4s
try  2 · gen  159 · best   1113.8 · elite    411.3 · median     21.9 · years  33.0 · road 0.37 · starved  1520 · nobles  -3.4 · read 38.0 · walls  4.1 · fell 87.0% (mother 33.2%) · prince 14.4% · king 10.3% · crowned  7.6% (median year 56) · 3.4s
try  3 · gen  159 · best   1160.1 · elite    654.0 · median    193.1 · years  19.3 · road 0.38 · starved   717 · nobles  +2.6 · read 33.5 · walls  1.8 · fell 71.6% (mother 30.8%) · prince 28.4% · king 20.3% · crowned 16.0% (median year 26) · 3.4s
try  4 · gen  159 · best   1137.3 · elite    533.3 · median     58.6 · years  24.2 · road 0.36 · starved  1013 · nobles  +5.0 · read  8.9 · walls  3.7 · fell 76.9% (mother 38.6%) · prince 21.9% · king 14.4% · crowned 11.1% (median year 33) · 3.4s
try  5 · gen  159 · best   1179.3 · elite    716.6 · median    197.6 · years  17.2 · road 0.35 · starved   771 · nobles  +6.7 · read 12.7 · walls  1.3 · fell 71.2% (mother 29.5%) · prince 25.8% · king 21.2% · crowned 18.2% (median year 24) · 3.4s
try  6 · gen  159 · best    245.0 · elite    138.6 · median     29.2 · years  55.5 · road 0.39 · starved  1010 · nobles  -0.0 · read 68.1 · walls  6.8 · fell 70.2% (mother 32.8%) · prince  0.1% · king  0.0% · crowned  0.0% · 3.4s
try  7 · gen  159 · best    847.6 · elite    480.5 · median     71.1 · years  28.7 · road 0.35 · starved   922 · nobles  +4.9 · read 42.1 · walls  3.5 · fell 82.6% (mother 30.2%) · prince 16.5% · king 12.3% · crowned 10.8% (median year 47) · 3.4s
try  8 · gen  159 · best   1212.4 · elite    780.6 · median    236.5 · years  18.1 · road 0.41 · starved   810 · nobles  +3.4 · read 16.9 · walls  2.4 · fell 59.4% (mother 38.1%) · prince 33.8% · king 24.4% · crowned 18.9% (median year 23) · 3.4s
try  1 · gen  160 · best   1225.9 · elite    748.1 · median    222.6 · years  21.2 · road 0.45 · starved   830 · nobles  +3.6 · read 19.9 · walls  4.4 · fell 60.8% (mother 28.9%) · prince 31.1% · king 22.5% · crowned 19.1% (median year 27) · 3.2s
try  2 · gen  160 · best    868.2 · elite    417.8 · median     19.4 · years  32.0 · road 0.36 · starved  1276 · nobles  -3.3 · read 37.7 · walls  3.7 · fell 87.0% (mother 33.8%) · prince 13.9% · king  9.9% · crowned  7.4% (median year 53) · 3.2s
try  3 · gen  160 · best   1200.6 · elite    659.4 · median    192.5 · years  19.2 · road 0.38 · starved   713 · nobles  +2.6 · read 33.8 · walls  1.9 · fell 71.0% (mother 30.2%) · prince 28.6% · king 20.6% · crowned 15.6% (median year 26) · 3.2s
try  4 · gen  160 · best    987.0 · elite    533.0 · median    119.6 · years  24.2 · road 0.36 · starved  1018 · nobles  +5.5 · read  9.2 · walls  3.5 · fell 77.4% (mother 38.8%) · prince 22.0% · king 14.5% · crowned 11.5% (median year 34) · 3.2s
try  5 · gen  160 · best   1314.0 · elite    726.7 · median    199.4 · years  17.2 · road 0.35 · starved   952 · nobles  +7.1 · read 12.8 · walls  1.4 · fell 70.9% (mother 28.6%) · prince 25.3% · king 20.9% · crowned 18.2% (median year 24) · 3.2s
try  6 · gen  160 · best    207.5 · elite    133.6 · median     25.8 · years  55.1 · road 0.39 · starved  1059 · nobles  -0.0 · read 66.4 · walls  6.8 · fell 71.6% (mother 34.9%) · prince  0.0% · king  0.0% · crowned  0.0% · 3.2s
try  7 · gen  160 · best    894.8 · elite    500.1 · median     77.9 · years  28.2 · road 0.35 · starved   888 · nobles  +5.1 · read 42.4 · walls  4.1 · fell 82.1% (mother 30.7%) · prince 15.9% · king 12.5% · crowned 11.3% (median year 46) · 3.2s
try  8 · gen  160 · best   1024.0 · elite    750.2 · median    227.2 · years  18.3 · road 0.41 · starved   804 · nobles  +3.6 · read 17.1 · walls  2.4 · fell 59.5% (mother 38.1%) · prince 34.3% · king 23.3% · crowned 18.3% (median year 23) · 3.2s
try  1 · gen  161 · best   1194.4 · elite    785.7 · median    222.7 · years  21.3 · road 0.44 · starved   805 · nobles  +3.6 · read 19.7 · walls  4.2 · fell 60.6% (mother 28.6%) · prince 31.0% · king 22.6% · crowned 18.9% (median year 28) · 3.2s
try  2 · gen  161 · best    701.2 · elite    397.9 · median     16.7 · years  31.8 · road 0.36 · starved  1331 · nobles  -3.2 · read 37.9 · walls  3.4 · fell 87.1% (mother 36.7%) · prince 14.2% · king  9.7% · crowned  6.9% (median year 52) · 3.2s
try  3 · gen  161 · best   1050.0 · elite    640.1 · median    203.6 · years  18.7 · road 0.38 · starved   694 · nobles  +2.7 · read 32.5 · walls  1.8 · fell 69.8% (mother 30.7%) · prince 28.8% · king 21.1% · crowned 16.0% (median year 25) · 3.2s
try  4 · gen  161 · best    929.7 · elite    514.3 · median    106.0 · years  23.6 · road 0.36 · starved  1005 · nobles  +6.0 · read  9.1 · walls  3.3 · fell 77.3% (mother 39.1%) · prince 21.4% · king 13.7% · crowned 11.3% (median year 33) · 3.2s
try  5 · gen  161 · best   1166.9 · elite    743.8 · median    200.7 · years  17.1 · road 0.34 · starved   764 · nobles  +7.6 · read 12.4 · walls  1.3 · fell 70.3% (mother 28.7%) · prince 25.8% · king 21.0% · crowned 18.6% (median year 24) · 3.2s
try  6 · gen  161 · best    212.8 · elite    135.5 · median     29.0 · years  55.9 · road 0.39 · starved  1058 · nobles  +0.2 · read 68.1 · walls  7.1 · fell 71.2% (mother 35.2%) · prince  0.0% · king  0.0% · crowned  0.0% · 3.2s
try  7 · gen  161 · best   1023.7 · elite    480.0 · median     80.7 · years  29.1 · road 0.36 · starved   933 · nobles  +5.3 · read 45.4 · walls  5.4 · fell 82.7% (mother 33.0%) · prince 14.9% · king 12.0% · crowned 11.1% (median year 47) · 3.2s
try  8 · gen  161 · best   1212.5 · elite    788.8 · median    228.0 · years  18.6 · road 0.42 · starved   820 · nobles  +3.7 · read 17.6 · walls  2.5 · fell 57.1% (mother 36.0%) · prince 35.3% · king 24.2% · crowned 19.1% (median year 23) · 3.2s
try  1 · gen  162 · best   1260.4 · elite    781.4 · median    222.3 · years  20.9 · road 0.44 · starved   903 · nobles  +3.2 · read 20.3 · walls  4.2 · fell 60.4% (mother 29.5%) · prince 31.1% · king 23.0% · crowned 18.9% (median year 27) · 3.3s
try  2 · gen  162 · best    681.7 · elite    407.5 · median     19.5 · years  31.6 · road 0.36 · starved  1214 · nobles  -3.3 · read 38.0 · walls  3.2 · fell 87.0% (mother 36.3%) · prince 14.7% · king 10.2% · crowned  7.4% (median year 52) · 3.3s
try  3 · gen  162 · best   1083.7 · elite    713.0 · median    186.9 · years  18.6 · road 0.38 · starved   704 · nobles  +2.4 · read 32.1 · walls  1.9 · fell 69.8% (mother 30.8%) · prince 29.7% · king 21.2% · crowned 16.0% (median year 25) · 3.3s
try  4 · gen  162 · best    931.1 · elite    531.6 · median     87.4 · years  23.4 · road 0.35 · starved   977 · nobles  +5.9 · read  7.3 · walls  3.0 · fell 77.0% (mother 38.0%) · prince 20.2% · king 13.7% · crowned 11.1% (median year 32) · 3.3s
try  5 · gen  162 · best   1008.6 · elite    734.8 · median    204.2 · years  17.1 · road 0.34 · starved   855 · nobles  +7.8 · read 12.7 · walls  1.1 · fell 69.5% (mother 26.7%) · prince 26.4% · king 21.8% · crowned 19.1% (median year 23) · 3.3s
try  6 · gen  162 · best    238.4 · elite    146.8 · median     34.4 · years  57.1 · road 0.39 · starved  1082 · nobles  +0.4 · read 67.7 · walls  7.2 · fell 71.6% (mother 37.1%) · prince  0.1% · king  0.0% · crowned  0.0% · 3.3s
try  7 · gen  162 · best    842.1 · elite    439.5 · median     91.2 · years  29.5 · road 0.36 · starved   964 · nobles  +5.3 · read 47.2 · walls  6.1 · fell 82.9% (mother 35.4%) · prince 15.1% · king 12.3% · crowned 11.1% (median year 48) · 3.3s
try  8 · gen  162 · best   1157.3 · elite    755.6 · median    227.6 · years  17.8 · road 0.41 · starved   805 · nobles  +3.3 · read 16.2 · walls  2.6 · fell 58.5% (mother 39.2%) · prince 34.0% · king 24.4% · crowned 19.0% (median year 23) · 3.3s
try  1 · gen  163 · best   1203.7 · elite    768.7 · median    224.3 · years  20.5 · road 0.44 · starved   820 · nobles  +3.6 · read 19.1 · walls  4.1 · fell 60.7% (mother 30.6%) · prince 30.8% · king 22.9% · crowned 19.0% (median year 27) · 3.2s
try  2 · gen  163 · best    750.2 · elite    434.0 · median     21.5 · years  31.8 · road 0.36 · starved  1188 · nobles  -3.5 · read 39.3 · walls  3.1 · fell 86.4% (mother 35.5%) · prince 14.8% · king 10.4% · crowned  7.8% (median year 53) · 3.2s
try  3 · gen  163 · best   1011.9 · elite    662.2 · median    196.5 · years  18.5 · road 0.38 · starved   685 · nobles  +2.3 · read 31.6 · walls  1.9 · fell 69.9% (mother 30.9%) · prince 27.9% · king 20.4% · crowned 15.9% (median year 24) · 3.2s
try  4 · gen  163 · best   1109.8 · elite    563.7 · median    144.4 · years  23.4 · road 0.35 · starved   959 · nobles  +6.9 · read  7.0 · walls  3.1 · fell 76.3% (mother 36.7%) · prince 21.1% · king 15.1% · crowned 12.3% (median year 32) · 3.2s
try  5 · gen  163 · best   1218.5 · elite    740.3 · median    197.6 · years  16.9 · road 0.34 · starved   836 · nobles  +7.4 · read 12.5 · walls  1.1 · fell 70.0% (mother 28.7%) · prince 25.9% · king 21.3% · crowned 18.6% (median year 23) · 3.2s
try  6 · gen  163 · best    231.6 · elite    147.0 · median     26.9 · years  55.7 · road 0.39 · starved  1034 · nobles  +0.4 · read 66.0 · walls  7.1 · fell 70.8% (mother 35.0%) · prince  0.2% · king  0.0% · crowned  0.0% · 3.2s
try  7 · gen  163 · best    836.8 · elite    447.6 · median     37.9 · years  29.4 · road 0.36 · starved  1021 · nobles  +4.7 · read 48.8 · walls  6.4 · fell 83.9% (mother 40.0%) · prince 14.4% · king 11.6% · crowned 10.4% (median year 49) · 3.2s
try  8 · gen  163 · best   1328.6 · elite    793.5 · median    222.9 · years  18.0 · road 0.42 · starved   803 · nobles  +2.8 · read 17.2 · walls  2.7 · fell 58.1% (mother 38.5%) · prince 33.9% · king 23.7% · crowned 18.7% (median year 23) · 3.2s
try  1 · gen  164 · best   1379.8 · elite    751.5 · median    223.5 · years  20.0 · road 0.43 · starved   817 · nobles  +3.4 · read 17.0 · walls  3.8 · fell 61.0% (mother 32.3%) · prince 31.4% · king 22.8% · crowned 19.1% (median year 27) · 3.3s
try  2 · gen  164 · best    697.3 · elite    406.0 · median     25.3 · years  31.7 · road 0.36 · starved  1229 · nobles  -3.4 · read 39.1 · walls  3.1 · fell 86.1% (mother 34.6%) · prince 14.7% · king 10.5% · crowned  7.9% (median year 52) · 3.3s
try  3 · gen  164 · best   1085.6 · elite    662.6 · median    184.7 · years  18.1 · road 0.37 · starved   701 · nobles  +2.0 · read 31.2 · walls  1.8 · fell 71.2% (mother 33.2%) · prince 27.2% · king 20.0% · crowned 15.3% (median year 24) · 3.3s
try  4 · gen  164 · best    923.0 · elite    534.2 · median    129.4 · years  23.4 · road 0.35 · starved   962 · nobles  +6.7 · read  7.0 · walls  3.0 · fell 78.2% (mother 37.4%) · prince 20.9% · king 14.8% · crowned 12.0% (median year 32) · 3.3s
try  5 · gen  164 · best   1212.5 · elite    757.6 · median    200.2 · years  17.0 · road 0.34 · starved   900 · nobles  +7.1 · read 12.8 · walls  1.1 · fell 69.3% (mother 26.1%) · prince 25.9% · king 21.4% · crowned 18.7% (median year 23) · 3.3s
try  6 · gen  164 · best    240.7 · elite    144.8 · median     34.3 · years  57.0 · road 0.39 · starved   994 · nobles  +0.3 · read 68.6 · walls  7.1 · fell 69.7% (mother 35.0%) · prince  0.1% · king  0.0% · crowned  0.0% · 3.3s
try  7 · gen  164 · best    771.0 · elite    427.3 · median      5.3 · years  29.5 · road 0.36 · starved  1019 · nobles  +4.8 · read 49.4 · walls  6.7 · fell 85.1% (mother 43.8%) · prince 12.9% · king 10.4% · crowned  9.4% (median year 50) · 3.3s
try  8 · gen  164 · best   1167.3 · elite    766.0 · median    241.2 · years  17.9 · road 0.42 · starved   774 · nobles  +3.6 · read 17.1 · walls  2.8 · fell 55.5% (mother 36.3%) · prince 35.0% · king 25.0% · crowned 19.6% (median year 23) · 3.3s
try  1 · gen  165 · best   1165.2 · elite    746.2 · median    225.4 · years  20.5 · road 0.44 · starved   862 · nobles  +3.3 · read 18.2 · walls  4.0 · fell 61.8% (mother 32.5%) · prince 31.4% · king 22.6% · crowned 18.6% (median year 27) · 3.3s
try  2 · gen  165 · best    894.5 · elite    453.9 · median     22.7 · years  31.9 · road 0.35 · starved  1385 · nobles  -3.9 · read 39.8 · walls  2.8 · fell 86.6% (mother 35.3%) · prince 15.6% · king 10.9% · crowned  7.9% (median year 51) · 3.3s
try  3 · gen  165 · best    993.6 · elite    648.7 · median    187.6 · years  18.2 · road 0.38 · starved   713 · nobles  +2.0 · read 31.6 · walls  1.9 · fell 70.4% (mother 33.1%) · prince 27.8% · king 20.3% · crowned 15.4% (median year 24) · 3.3s
try  4 · gen  165 · best   1133.9 · elite    539.4 · median    132.2 · years  23.8 · road 0.35 · starved   973 · nobles  +7.5 · read  6.3 · walls  2.9 · fell 77.3% (mother 36.7%) · prince 20.4% · king 14.6% · crowned 11.7% (median year 32) · 3.3s
try  5 · gen  165 · best   1289.9 · elite    772.9 · median    205.3 · years  17.5 · road 0.34 · starved  1225 · nobles  +7.8 · read 13.3 · walls  1.0 · fell 68.4% (mother 25.2%) · prince 26.4% · king 21.8% · crowned 19.3% (median year 24) · 3.3s
try  6 · gen  165 · best    232.0 · elite    150.4 · median     38.2 · years  57.9 · road 0.39 · starved   987 · nobles  +0.4 · read 70.4 · walls  6.9 · fell 69.8% (mother 35.7%) · prince  0.1% · king  0.0% · crowned  0.0% · 3.3s
try  7 · gen  165 · best    835.8 · elite    419.0 · median     12.3 · years  29.4 · road 0.36 · starved  1039 · nobles  +5.0 · read 48.9 · walls  6.5 · fell 85.4% (mother 44.0%) · prince 13.5% · king 10.3% · crowned  9.4% (median year 50) · 3.3s
try  8 · gen  165 · best   1429.5 · elite    795.1 · median    230.2 · years  17.8 · road 0.42 · starved   800 · nobles  +3.7 · read 17.2 · walls  2.8 · fell 56.6% (mother 38.7%) · prince 33.9% · king 24.5% · crowned 19.3% (median year 23) · 3.3s
try  1 · gen  166 · best   1177.9 · elite    753.4 · median    219.7 · years  20.3 · road 0.43 · starved   853 · nobles  +3.3 · read 17.7 · walls  4.0 · fell 60.6% (mother 31.8%) · prince 31.4% · king 23.7% · crowned 19.0% (median year 26) · 3.2s
try  2 · gen  166 · best    812.9 · elite    443.6 · median     24.0 · years  31.7 · road 0.35 · starved  1191 · nobles  -3.8 · read 40.1 · walls  2.6 · fell 87.0% (mother 36.1%) · prince 15.4% · king 10.9% · crowned  8.0% (median year 52) · 3.2s
try  3 · gen  166 · best   1158.1 · elite    677.6 · median    195.9 · years  18.0 · road 0.38 · starved   697 · nobles  +2.6 · read 31.1 · walls  2.0 · fell 70.5% (mother 33.4%) · prince 27.9% · king 20.5% · crowned 15.9% (median year 24) · 3.2s
try  4 · gen  166 · best   1385.9 · elite    567.2 · median     70.4 · years  23.8 · road 0.35 · starved  1001 · nobles  +7.4 · read  6.1 · walls  3.1 · fell 78.0% (mother 37.7%) · prince 20.5% · king 14.8% · crowned 11.7% (median year 32) · 3.2s
try  5 · gen  166 · best   1200.1 · elite    738.6 · median    203.5 · years  17.3 · road 0.34 · starved  1038 · nobles  +8.2 · read 12.8 · walls  1.1 · fell 68.7% (mother 25.9%) · prince 27.0% · king 21.7% · crowned 19.0% (median year 24) · 3.2s
try  6 · gen  166 · best    272.0 · elite    139.5 · median     34.5 · years  56.0 · road 0.39 · starved   975 · nobles  +0.3 · read 67.9 · walls  6.5 · fell 70.6% (mother 35.9%) · prince  0.1% · king  0.0% · crowned  0.0% · 3.2s
try  7 · gen  166 · best    711.8 · elite    424.1 · median      6.4 · years  29.3 · road 0.36 · starved  1113 · nobles  +5.0 · read 49.1 · walls  6.6 · fell 86.8% (mother 47.1%) · prince 13.5% · king 10.1% · crowned  9.0% (median year 51) · 3.2s
try  8 · gen  166 · best   1074.5 · elite    767.6 · median    239.1 · years  17.9 · road 0.42 · starved   813 · nobles  +3.8 · read 16.8 · walls  3.0 · fell 55.5% (mother 37.5%) · prince 35.8% · king 25.1% · crowned 19.8% (median year 23) · 3.2s
try  1 · gen  167 · best   1210.1 · elite    757.5 · median    209.8 · years  20.1 · road 0.43 · starved   872 · nobles  +2.9 · read 17.3 · walls  3.8 · fell 60.5% (mother 32.6%) · prince 31.6% · king 23.2% · crowned 18.8% (median year 27) · 3.2s
try  2 · gen  167 · best    834.6 · elite    429.3 · median     25.9 · years  31.9 · road 0.35 · starved  1231 · nobles  -3.5 · read 39.7 · walls  2.8 · fell 86.5% (mother 36.0%) · prince 15.6% · king 10.7% · crowned  8.0% (median year 52) · 3.2s
try  3 · gen  167 · best   1215.8 · elite    666.9 · median    196.9 · years  18.2 · road 0.38 · starved   704 · nobles  +3.4 · read 31.5 · walls  2.3 · fell 69.7% (mother 31.3%) · prince 28.9% · king 20.8% · crowned 16.0% (median year 24) · 3.2s
try  4 · gen  167 · best    964.5 · elite    525.7 · median    119.6 · years  23.5 · road 0.35 · starved   975 · nobles  +6.9 · read  6.3 · walls  3.1 · fell 76.9% (mother 37.4%) · prince 20.9% · king 14.8% · crowned 11.7% (median year 31) · 3.2s
try  5 · gen  167 · best   1186.0 · elite    740.8 · median    205.4 · years  17.2 · road 0.34 · starved   775 · nobles  +8.0 · read 12.1 · walls  1.0 · fell 68.9% (mother 26.1%) · prince 26.0% · king 21.4% · crowned 18.7% (median year 24) · 3.2s
try  6 · gen  167 · best    252.3 · elite    142.9 · median     33.9 · years  56.9 · road 0.39 · starved  1007 · nobles  +0.2 · read 70.0 · walls  6.3 · fell 70.3% (mother 35.7%) · prince  0.2% · king  0.0% · crowned  0.0% · 3.2s
try  7 · gen  167 · best    974.4 · elite    413.5 · median     15.1 · years  28.8 · road 0.36 · starved  1085 · nobles  +4.4 · read 48.5 · walls  6.7 · fell 85.2% (mother 48.4%) · prince 13.5% · king 10.6% · crowned  9.4% (median year 51) · 3.2s
try  8 · gen  167 · best   1238.5 · elite    804.3 · median    224.7 · years  17.3 · road 0.41 · starved   769 · nobles  +3.3 · read 16.6 · walls  2.9 · fell 56.1% (mother 38.1%) · prince 34.0% · king 24.5% · crowned 19.3% (median year 23) · 3.2s
try  1 · gen  168 · best   1206.4 · elite    734.2 · median    221.8 · years  19.8 · road 0.44 · starved   854 · nobles  +2.5 · read 18.0 · walls  3.8 · fell 59.7% (mother 33.0%) · prince 31.9% · king 23.8% · crowned 19.0% (median year 26) · 3.4s
try  2 · gen  168 · best    829.5 · elite    433.3 · median     17.1 · years  31.4 · road 0.35 · starved  2387 · nobles  -3.6 · read 38.7 · walls  3.1 · fell 86.4% (mother 37.7%) · prince 14.8% · king 10.3% · crowned  7.3% (median year 51) · 3.4s
try  3 · gen  168 · best   1193.0 · elite    683.9 · median    193.8 · years  18.2 · road 0.38 · starved   702 · nobles  +3.5 · read 31.0 · walls  2.3 · fell 69.5% (mother 31.6%) · prince 28.1% · king 20.3% · crowned 15.9% (median year 24) · 3.4s
try  4 · gen  168 · best    930.6 · elite    521.8 · median     95.0 · years  23.1 · road 0.35 · starved   973 · nobles  +6.2 · read  7.1 · walls  3.2 · fell 77.3% (mother 37.8%) · prince 20.0% · king 14.4% · crowned 11.3% (median year 31) · 3.4s
try  5 · gen  168 · best   1220.3 · elite    740.0 · median    204.9 · years  17.3 · road 0.35 · starved   919 · nobles  +7.8 · read 12.3 · walls  1.1 · fell 69.8% (mother 26.0%) · prince 26.1% · king 21.5% · crowned 18.8% (median year 24) · 3.4s
try  6 · gen  168 · best    224.5 · elite    148.6 · median     32.9 · years  57.5 · road 0.39 · starved  1016 · nobles  +0.4 · read 71.3 · walls  6.2 · fell 69.6% (mother 37.3%) · prince  0.1% · king  0.0% · crowned  0.0% · 3.4s
try  7 · gen  168 · best    778.3 · elite    395.4 · median      0.5 · years  28.3 · road 0.36 · starved  1088 · nobles  +4.3 · read 46.6 · walls  6.5 · fell 86.3% (mother 49.2%) · prince 12.6% · king 10.0% · crowned  8.9% (median year 51) · 3.4s
try  8 · gen  168 · best   1260.4 · elite    775.1 · median    241.1 · years  17.8 · road 0.42 · starved   774 · nobles  +3.3 · read 17.3 · walls  3.0 · fell 56.7% (mother 38.0%) · prince 35.0% · king 24.9% · crowned 19.3% (median year 23) · 3.4s
try  1 · gen  169 · best   1260.3 · elite    764.4 · median    213.2 · years  19.6 · road 0.43 · starved   888 · nobles  +2.5 · read 17.0 · walls  3.8 · fell 60.9% (mother 37.9%) · prince 31.6% · king 23.3% · crowned 18.7% (median year 26) · 3.3s
try  2 · gen  169 · best    870.0 · elite    447.5 · median     28.2 · years  31.5 · road 0.35 · starved  1189 · nobles  -3.3 · read 38.5 · walls  2.9 · fell 86.3% (mother 36.3%) · prince 15.3% · king 10.9% · crowned  8.2% (median year 51) · 3.3s
try  3 · gen  169 · best   1241.5 · elite    688.4 · median    185.8 · years  18.2 · road 0.39 · starved   712 · nobles  +2.9 · read 31.3 · walls  2.4 · fell 70.4% (mother 33.9%) · prince 28.5% · king 20.5% · crowned 15.6% (median year 24) · 3.3s
try  4 · gen  169 · best    989.5 · elite    604.0 · median    135.6 · years  23.1 · road 0.35 · starved   961 · nobles  +6.6 · read  6.8 · walls  3.1 · fell 75.3% (mother 37.5%) · prince 22.0% · king 16.2% · crowned 12.6% (median year 30) · 3.3s
try  5 · gen  169 · best   1211.7 · elite    761.8 · median    196.6 · years  17.4 · road 0.35 · starved  1102 · nobles  +7.4 · read 12.3 · walls  1.1 · fell 70.1% (mother 27.5%) · prince 26.1% · king 21.3% · crowned 18.5% (median year 24) · 3.3s
try  6 · gen  169 · best    327.2 · elite    153.0 · median     31.3 · years  56.0 · road 0.38 · starved   994 · nobles  +0.3 · read 67.6 · walls  6.2 · fell 70.3% (mother 37.8%) · prince  0.2% · king  0.0% · crowned  0.0% · 3.3s
try  7 · gen  169 · best    824.6 · elite    428.3 · median     -1.6 · years  28.0 · road 0.36 · starved  1103 · nobles  +4.1 · read 46.3 · walls  6.5 · fell 85.6% (mother 50.6%) · prince 12.8% · king 10.2% · crowned  9.1% (median year 51) · 3.3s
try  8 · gen  169 · best   1215.2 · elite    791.2 · median    225.5 · years  17.8 · road 0.41 · starved   787 · nobles  +3.6 · read 16.8 · walls  3.0 · fell 56.8% (mother 36.8%) · prince 33.9% · king 24.6% · crowned 19.2% (median year 23) · 3.3s
try  1 · gen  170 · best   1400.5 · elite    761.3 · median    215.7 · years  19.3 · road 0.43 · starved   885 · nobles  +2.5 · read 16.3 · walls  3.7 · fell 60.9% (mother 38.0%) · prince 32.4% · king 24.1% · crowned 18.5% (median year 26) · 3.3s
try  2 · gen  170 · best    808.7 · elite    442.3 · median     24.1 · years  31.2 · road 0.35 · starved  1144 · nobles  -3.1 · read 36.9 · walls  3.1 · fell 85.4% (mother 37.3%) · prince 15.0% · king 10.6% · crowned  8.2% (median year 50) · 3.3s
try  3 · gen  170 · best   1003.8 · elite    686.3 · median    198.5 · years  18.0 · road 0.39 · starved   683 · nobles  +3.4 · read 30.6 · walls  2.4 · fell 69.0% (mother 32.3%) · prince 28.6% · king 20.4% · crowned 16.3% (median year 24) · 3.3s
try  4 · gen  170 · best   1167.2 · elite    597.6 · median    156.0 · years  22.6 · road 0.35 · starved   883 · nobles  +6.9 · read  6.0 · walls  2.9 · fell 73.3% (mother 34.8%) · prince 22.4% · king 16.7% · crowned 13.1% (median year 29) · 3.3s
try  5 · gen  170 · best   1212.7 · elite    728.3 · median    196.8 · years  17.3 · road 0.35 · starved   889 · nobles  +7.1 · read 12.7 · walls  1.1 · fell 70.5% (mother 27.9%) · prince 25.6% · king 20.8% · crowned 18.1% (median year 24) · 3.3s
try  6 · gen  170 · best    264.0 · elite    147.9 · median     35.1 · years  56.9 · road 0.38 · starved  1002 · nobles  +0.3 · read 72.4 · walls  6.3 · fell 69.1% (mother 37.0%) · prince  0.2% · king  0.0% · crowned  0.0% · 3.3s
try  7 · gen  170 · best    813.4 · elite    429.4 · median     22.4 · years  28.3 · road 0.36 · starved  1089 · nobles  +4.7 · read 46.1 · walls  6.4 · fell 84.2% (mother 49.5%) · prince 14.2% · king 11.4% · crowned 10.4% (median year 52) · 3.3s
try  8 · gen  170 · best   1209.0 · elite    763.1 · median    233.9 · years  17.3 · road 0.41 · starved   765 · nobles  +3.7 · read 16.1 · walls  2.8 · fell 56.9% (mother 37.1%) · prince 34.3% · king 24.0% · crowned 19.1% (median year 23) · 3.3s
try  1 · gen  171 · best   1211.0 · elite    753.9 · median    228.9 · years  18.8 · road 0.42 · starved   876 · nobles  +3.2 · read 15.1 · walls  3.8 · fell 58.6% (mother 37.2%) · prince 32.2% · king 24.2% · crowned 19.6% (median year 26) · 3.4s
try  2 · gen  171 · best    851.6 · elite    438.9 · median     29.3 · years  31.5 · road 0.35 · starved  1188 · nobles  -3.3 · read 37.2 · walls  2.8 · fell 86.0% (mother 38.0%) · prince 15.7% · king 10.6% · crowned  8.0% (median year 51) · 3.4s
try  3 · gen  171 · best   1034.2 · elite    701.7 · median    209.3 · years  18.1 · road 0.39 · starved   665 · nobles  +3.5 · read 30.0 · walls  2.3 · fell 67.3% (mother 30.3%) · prince 29.4% · king 22.2% · crowned 16.8% (median year 24) · 3.4s
try  4 · gen  171 · best   1181.7 · elite    602.2 · median    150.5 · years  22.1 · road 0.35 · starved   911 · nobles  +6.6 · read  5.3 · walls  3.1 · fell 73.7% (mother 37.5%) · prince 22.5% · king 17.2% · crowned 13.1% (median year 29) · 3.4s
try  5 · gen  171 · best   1030.7 · elite    728.5 · median    201.9 · years  17.5 · road 0.35 · starved  1043 · nobles  +7.4 · read 12.6 · walls  1.1 · fell 70.8% (mother 28.1%) · prince 26.1% · king 21.1% · crowned 18.5% (median year 24) · 3.4s
try  6 · gen  171 · best    223.8 · elite    150.7 · median     35.1 · years  58.0 · road 0.39 · starved  1091 · nobles  +0.8 · read 75.3 · walls  6.2 · fell 70.6% (mother 38.2%) · prince  0.2% · king  0.0% · crowned  0.0% · 3.4s
try  7 · gen  171 · best    851.7 · elite    440.2 · median     67.1 · years  28.9 · road 0.37 · starved  1069 · nobles  +5.4 · read 48.5 · walls  6.2 · fell 83.3% (mother 45.3%) · prince 14.9% · king 11.9% · crowned 11.1% (median year 51) · 3.4s
try  8 · gen  171 · best   1444.4 · elite    777.3 · median    233.0 · years  17.5 · road 0.41 · starved   782 · nobles  +3.8 · read 16.8 · walls  2.9 · fell 56.7% (mother 36.8%) · prince 35.3% · king 24.6% · crowned 19.1% (median year 23) · 3.4s
try  1 · gen  172 · best   1427.9 · elite    773.0 · median    225.6 · years  19.4 · road 0.43 · starved   861 · nobles  +3.4 · read 15.6 · walls  3.9 · fell 57.9% (mother 37.8%) · prince 33.0% · king 24.4% · crowned 19.6% (median year 26) · 3.3s
try  2 · gen  172 · best    920.9 · elite    439.5 · median     30.3 · years  31.0 · road 0.35 · starved  1175 · nobles  -3.1 · read 37.4 · walls  2.8 · fell 86.2% (mother 37.8%) · prince 15.4% · king 11.2% · crowned  8.6% (median year 50) · 3.3s
try  3 · gen  172 · best   1032.4 · elite    687.3 · median    202.2 · years  18.4 · road 0.39 · starved   709 · nobles  +4.0 · read 30.3 · walls  2.4 · fell 69.2% (mother 31.7%) · prince 28.8% · king 21.0% · crowned 16.3% (median year 24) · 3.3s
try  4 · gen  172 · best    944.5 · elite    589.2 · median    164.0 · years  21.7 · road 0.35 · starved   840 · nobles  +7.3 · read  4.4 · walls  2.9 · fell 71.1% (mother 35.2%) · prince 22.9% · king 17.5% · crowned 13.8% (median year 28) · 3.3s
try  5 · gen  172 · best   1228.2 · elite    719.3 · median    196.6 · years  17.2 · road 0.34 · starved   875 · nobles  +7.3 · read 12.3 · walls  1.1 · fell 72.2% (mother 30.6%) · prince 25.2% · king 20.3% · crowned 17.9% (median year 24) · 3.3s
try  6 · gen  172 · best    221.6 · elite    148.8 · median     37.0 · years  57.3 · road 0.39 · starved  1077 · nobles  +1.0 · read 73.6 · walls  6.2 · fell 71.2% (mother 38.7%) · prince  0.3% · king  0.0% · crowned  0.0% · 3.3s
try  7 · gen  172 · best    816.2 · elite    434.9 · median     29.9 · years  29.3 · road 0.37 · starved  1184 · nobles  +4.9 · read 48.7 · walls  6.3 · fell 83.9% (mother 45.9%) · prince 14.8% · king 11.4% · crowned 10.1% (median year 51) · 3.3s
try  8 · gen  172 · best   1475.6 · elite    791.8 · median    236.0 · years  17.6 · road 0.42 · starved   763 · nobles  +3.5 · read 17.1 · walls  3.0 · fell 55.2% (mother 36.2%) · prince 35.0% · king 25.0% · crowned 19.2% (median year 22) · 3.3s
try  1 · gen  173 · best   1019.9 · elite    759.8 · median    226.0 · years  19.6 · road 0.43 · starved   837 · nobles  +3.9 · read 17.0 · walls  4.1 · fell 56.9% (mother 36.5%) · prince 33.7% · king 24.1% · crowned 19.3% (median year 25) · 3.3s
try  2 · gen  173 · best    866.3 · elite    462.4 · median     21.9 · years  32.0 · road 0.35 · starved  1173 · nobles  -3.3 · read 37.9 · walls  2.7 · fell 86.3% (mother 38.9%) · prince 15.9% · king 11.0% · crowned  8.3% (median year 54) · 3.3s
try  3 · gen  173 · best   1215.9 · elite    712.9 · median    211.2 · years  18.1 · road 0.39 · starved   650 · nobles  +3.9 · read 28.5 · walls  2.3 · fell 67.4% (mother 29.4%) · prince 29.0% · king 21.5% · crowned 17.2% (median year 23) · 3.3s
try  4 · gen  173 · best    974.8 · elite    564.3 · median    160.6 · years  21.3 · road 0.34 · starved   899 · nobles  +6.6 · read  4.3 · walls  2.8 · fell 72.8% (mother 37.5%) · prince 23.1% · king 17.2% · crowned 13.4% (median year 28) · 3.3s
try  5 · gen  173 · best   1210.2 · elite    712.3 · median    195.3 · years  17.2 · road 0.35 · starved  1043 · nobles  +7.2 · read 12.0 · walls  1.2 · fell 71.9% (mother 31.6%) · prince 25.9% · king 20.7% · crowned 17.9% (median year 24) · 3.3s
try  6 · gen  173 · best    215.6 · elite    143.2 · median     31.6 · years  55.9 · road 0.38 · starved  1091 · nobles  +0.7 · read 71.8 · walls  6.1 · fell 71.5% (mother 38.7%) · prince  0.3% · king  0.0% · crowned  0.0% · 3.3s
try  7 · gen  173 · best    839.5 · elite    452.4 · median     21.6 · years  29.6 · road 0.37 · starved  1120 · nobles  +5.1 · read 49.4 · walls  6.3 · fell 83.8% (mother 44.5%) · prince 15.0% · king 11.7% · crowned 10.2% (median year 51) · 3.3s
try  8 · gen  173 · best   1214.0 · elite    796.0 · median    236.4 · years  17.7 · road 0.42 · starved   748 · nobles  +3.7 · read 17.5 · walls  3.0 · fell 54.7% (mother 35.2%) · prince 35.7% · king 25.6% · crowned 20.0% (median year 22) · 3.3s
try  1 · gen  174 · best   1202.9 · elite    802.2 · median    228.0 · years  18.8 · road 0.43 · starved   812 · nobles  +4.2 · read 16.1 · walls  4.1 · fell 55.0% (mother 36.5%) · prince 33.8% · king 24.1% · crowned 19.8% (median year 25) · 3.4s
try  2 · gen  174 · best    889.1 · elite    445.9 · median     20.9 · years  30.9 · road 0.35 · starved  1149 · nobles  -3.3 · read 37.6 · walls  2.3 · fell 85.4% (mother 39.7%) · prince 15.4% · king 10.9% · crowned  8.5% (median year 52) · 3.4s
try  3 · gen  174 · best   1000.1 · elite    676.0 · median    199.9 · years  18.2 · road 0.39 · starved   679 · nobles  +3.6 · read 29.3 · walls  2.3 · fell 68.0% (mother 31.3%) · prince 28.6% · king 20.8% · crowned 16.6% (median year 24) · 3.4s
try  4 · gen  174 · best   1156.6 · elite    589.1 · median    168.6 · years  21.3 · road 0.34 · starved   875 · nobles  +6.8 · read  4.4 · walls  2.9 · fell 72.2% (mother 35.9%) · prince 23.4% · king 17.1% · crowned 13.2% (median year 27) · 3.4s
try  5 · gen  174 · best   1070.8 · elite    727.7 · median    195.1 · years  17.3 · road 0.35 · starved   911 · nobles  +7.3 · read 12.4 · walls  1.2 · fell 71.2% (mother 26.3%) · prince 25.3% · king 20.4% · crowned 18.1% (median year 24) · 3.4s
try  6 · gen  174 · best    295.4 · elite    143.5 · median     30.4 · years  57.2 · road 0.38 · starved  1142 · nobles  +0.7 · read 75.2 · walls  6.2 · fell 71.1% (mother 40.1%) · prince  0.3% · king  0.0% · crowned  0.0% · 3.4s
try  7 · gen  174 · best    806.9 · elite    464.3 · median     27.4 · years  29.4 · road 0.38 · starved  1104 · nobles  +4.9 · read 47.5 · walls  6.3 · fell 83.1% (mother 45.5%) · prince 15.2% · king 11.8% · crowned 10.6% (median year 50) · 3.4s
try  8 · gen  174 · best   1246.5 · elite    815.2 · median    243.2 · years  17.7 · road 0.41 · starved   727 · nobles  +4.0 · read 17.4 · walls  2.8 · fell 53.2% (mother 34.6%) · prince 35.4% · king 26.1% · crowned 20.3% (median year 22) · 3.4s
try  1 · gen  175 · best   1229.6 · elite    764.5 · median    233.0 · years  18.9 · road 0.44 · starved   929 · nobles  +4.5 · read 17.0 · walls  4.3 · fell 56.4% (mother 37.1%) · prince 34.4% · king 23.9% · crowned 19.3% (median year 24) · 3.3s
try  2 · gen  175 · best    912.3 · elite    468.9 · median     23.0 · years  31.0 · road 0.35 · starved  1144 · nobles  -3.3 · read 37.3 · walls  2.6 · fell 85.1% (mother 39.4%) · prince 15.4% · king 10.9% · crowned  8.5% (median year 52) · 3.3s
try  3 · gen  175 · best   1129.5 · elite    689.8 · median    207.8 · years  18.2 · road 0.39 · starved   663 · nobles  +4.0 · read 29.7 · walls  2.3 · fell 67.8% (mother 29.8%) · prince 29.0% · king 21.1% · crowned 17.0% (median year 24) · 3.3s
try  4 · gen  175 · best   1165.4 · elite    591.9 · median    171.5 · years  21.1 · road 0.34 · starved   838 · nobles  +7.2 · read  4.5 · walls  2.7 · fell 69.9% (mother 35.6%) · prince 23.5% · king 17.7% · crowned 14.2% (median year 27) · 3.3s
try  5 · gen  175 · best   1169.7 · elite    697.8 · median    191.2 · years  17.0 · road 0.35 · starved   924 · nobles  +5.9 · read 12.2 · walls  1.2 · fell 72.0% (mother 30.5%) · prince 25.0% · king 20.4% · crowned 17.5% (median year 24) · 3.3s
try  6 · gen  175 · best    254.6 · elite    145.2 · median     33.9 · years  57.0 · road 0.38 · starved  1101 · nobles  +1.0 · read 75.2 · walls  6.0 · fell 70.0% (mother 38.6%) · prince  0.1% · king  0.0% · crowned  0.0% · 3.3s
try  7 · gen  175 · best    848.4 · elite    466.4 · median     60.3 · years  29.2 · road 0.37 · starved  1104 · nobles  +5.3 · read 48.0 · walls  5.8 · fell 82.6% (mother 44.4%) · prince 15.8% · king 12.2% · crowned 11.1% (median year 50) · 3.3s
try  8 · gen  175 · best   1293.9 · elite    808.8 · median    240.5 · years  17.7 · road 0.41 · starved   743 · nobles  +3.9 · read 17.5 · walls  2.9 · fell 54.3% (mother 35.2%) · prince 35.4% · king 25.8% · crowned 19.9% (median year 22) · 3.3s
try  1 · gen  176 · best   1183.0 · elite    779.8 · median    223.7 · years  17.9 · road 0.42 · starved   832 · nobles  +5.1 · read 15.7 · walls  4.0 · fell 57.5% (mother 39.4%) · prince 32.5% · king 23.5% · crowned 19.2% (median year 25) · 3.6s
try  2 · gen  176 · best    792.4 · elite    449.6 · median     28.1 · years  31.0 · road 0.35 · starved  1160 · nobles  -3.4 · read 37.9 · walls  2.2 · fell 86.1% (mother 39.5%) · prince 15.6% · king 10.9% · crowned  8.6% (median year 52) · 3.6s
try  3 · gen  176 · best   1205.2 · elite    702.9 · median    200.5 · years  18.0 · road 0.39 · starved   693 · nobles  +3.4 · read 28.6 · walls  2.3 · fell 67.9% (mother 32.2%) · prince 29.2% · king 21.2% · crowned 17.0% (median year 24) · 3.6s
try  4 · gen  176 · best    952.2 · elite    583.3 · median    168.1 · years  20.7 · road 0.34 · starved   861 · nobles  +6.5 · read  3.9 · walls  2.8 · fell 71.1% (mother 38.0%) · prince 24.0% · king 17.8% · crowned 13.3% (median year 27) · 3.6s
try  5 · gen  176 · best   1226.2 · elite    751.5 · median    200.6 · years  17.2 · road 0.35 · starved   862 · nobles  +6.5 · read 12.8 · walls  1.3 · fell 71.2% (mother 28.9%) · prince 26.2% · king 21.0% · crowned 17.9% (median year 24) · 3.6s
try  6 · gen  176 · best    253.1 · elite    145.8 · median     36.9 · years  58.1 · road 0.38 · starved  1088 · nobles  +0.7 · read 76.8 · walls  6.2 · fell 69.0% (mother 37.6%) · prince  0.2% · king  0.0% · crowned  0.0% · 3.6s
try  7 · gen  176 · best   1056.3 · elite    484.6 · median     84.8 · years  29.8 · road 0.38 · starved  1098 · nobles  +5.4 · read 49.0 · walls  5.8 · fell 82.2% (mother 44.5%) · prince 16.6% · king 12.6% · crowned 11.6% (median year 50) · 3.6s
try  8 · gen  176 · best   1262.7 · elite    770.9 · median    242.9 · years  17.8 · road 0.42 · starved   723 · nobles  +3.8 · read 17.8 · walls  2.9 · fell 53.2% (mother 34.1%) · prince 34.6% · king 25.4% · crowned 19.5% (median year 22) · 3.6s
try  1 · gen  177 · best   1381.3 · elite    770.6 · median    228.1 · years  18.8 · road 0.43 · starved   876 · nobles  +4.9 · read 16.3 · walls  4.1 · fell 57.9% (mother 39.9%) · prince 33.9% · king 24.1% · crowned 19.4% (median year 25) · 3.8s
try  2 · gen  177 · best   1012.7 · elite    450.1 · median     24.5 · years  30.6 · road 0.35 · starved  1172 · nobles  -3.5 · read 36.6 · walls  2.3 · fell 85.7% (mother 40.0%) · prince 15.5% · king 11.1% · crowned  8.2% (median year 51) · 3.8s
try  3 · gen  177 · best   1173.1 · elite    690.4 · median    198.7 · years  18.0 · road 0.39 · starved   703 · nobles  +2.9 · read 27.9 · walls  2.2 · fell 68.1% (mother 32.5%) · prince 29.2% · king 21.5% · crowned 16.6% (median year 24) · 3.8s
try  4 · gen  177 · best   1149.3 · elite    635.0 · median    166.2 · years  20.7 · road 0.35 · starved   863 · nobles  +7.1 · read  3.7 · walls  2.7 · fell 70.6% (mother 38.7%) · prince 24.3% · king 18.2% · crowned 13.9% (median year 26) · 3.8s
try  5 · gen  177 · best   1429.1 · elite    716.2 · median    197.8 · years  17.3 · road 0.35 · starved   910 · nobles  +6.3 · read 12.8 · walls  1.3 · fell 71.7% (mother 29.4%) · prince 26.0% · king 20.7% · crowned 17.9% (median year 24) · 3.8s
try  6 · gen  177 · best    281.0 · elite    146.8 · median     37.3 · years  61.0 · road 0.39 · starved  1123 · nobles  +0.5 · read 85.0 · walls  6.4 · fell 67.4% (mother 36.5%) · prince  0.4% · king  0.0% · crowned  0.0% · 3.8s
try  7 · gen  177 · best    883.3 · elite    462.7 · median     76.5 · years  29.5 · road 0.38 · starved  1022 · nobles  +4.9 · read 47.2 · walls  5.7 · fell 81.5% (mother 42.7%) · prince 15.9% · king 12.4% · crowned 11.2% (median year 50) · 3.8s
try  8 · gen  177 · best   1482.6 · elite    797.9 · median    232.8 · years  17.8 · road 0.42 · starved   705 · nobles  +3.9 · read 18.1 · walls  2.9 · fell 52.7% (mother 33.2%) · prince 34.0% · king 25.0% · crowned 19.6% (median year 22) · 3.8s
try  1 · gen  178 · best   1185.3 · elite    756.3 · median    234.6 · years  18.4 · road 0.42 · starved   832 · nobles  +5.1 · read 16.1 · walls  4.0 · fell 56.7% (mother 38.1%) · prince 33.8% · king 24.0% · crowned 19.6% (median year 25) · 4.3s
try  2 · gen  178 · best    882.5 · elite    458.4 · median     19.9 · years  30.4 · road 0.35 · starved  1253 · nobles  -3.5 · read 36.4 · walls  2.3 · fell 85.7% (mother 40.6%) · prince 16.6% · king 11.4% · crowned  8.5% (median year 49) · 4.3s
try  3 · gen  178 · best   1155.1 · elite    676.3 · median    198.9 · years  18.2 · road 0.39 · starved   701 · nobles  +3.1 · read 27.4 · walls  2.2 · fell 68.1% (mother 31.4%) · prince 28.7% · king 21.2% · crowned 16.8% (median year 24) · 4.3s
try  4 · gen  178 · best   1025.0 · elite    617.9 · median    172.0 · years  20.6 · road 0.35 · starved   877 · nobles  +6.6 · read  3.8 · walls  2.8 · fell 71.0% (mother 39.0%) · prince 24.6% · king 18.3% · crowned 14.2% (median year 26) · 4.3s
try  5 · gen  178 · best   1229.9 · elite    723.2 · median    191.6 · years  17.2 · road 0.35 · starved  1091 · nobles  +6.5 · read 13.0 · walls  1.3 · fell 71.9% (mother 29.5%) · prince 25.7% · king 20.7% · crowned 17.7% (median year 24) · 4.3s
try  6 · gen  178 · best    264.2 · elite    146.1 · median     37.8 · years  59.3 · road 0.39 · starved  1092 · nobles  +0.7 · read 80.3 · walls  6.4 · fell 68.2% (mother 37.9%) · prince  0.3% · king  0.0% · crowned  0.0% · 4.3s
try  7 · gen  178 · best    837.1 · elite    472.3 · median     76.8 · years  30.3 · road 0.38 · starved  1095 · nobles  +5.0 · read 47.4 · walls  5.7 · fell 82.2% (mother 42.1%) · prince 17.4% · king 12.8% · crowned 11.4% (median year 50) · 4.3s
try  8 · gen  178 · best   1235.7 · elite    781.9 · median    250.2 · years  18.0 · road 0.42 · starved   701 · nobles  +4.4 · read 18.5 · walls  2.9 · fell 53.1% (mother 30.9%) · prince 35.5% · king 25.8% · crowned 20.3% (median year 22) · 4.3s
try  1 · gen  179 · best   1242.7 · elite    780.3 · median    227.0 · years  19.2 · road 0.43 · starved   865 · nobles  +5.6 · read 17.7 · walls  4.1 · fell 55.5% (mother 35.2%) · prince 35.0% · king 23.5% · crowned 19.4% (median year 25) · 3.7s
try  2 · gen  179 · best    738.5 · elite    434.4 · median     24.2 · years  30.2 · road 0.35 · starved  1216 · nobles  -3.6 · read 36.2 · walls  2.2 · fell 85.8% (mother 41.3%) · prince 16.4% · king 11.0% · crowned  8.1% (median year 50) · 3.7s
try  3 · gen  179 · best   1022.6 · elite    689.7 · median    196.1 · years  18.0 · road 0.39 · starved   675 · nobles  +2.9 · read 26.5 · walls  2.1 · fell 67.8% (mother 31.1%) · prince 28.6% · king 21.3% · crowned 16.8% (median year 24) · 3.7s
try  4 · gen  179 · best   1220.3 · elite    624.5 · median    179.2 · years  20.1 · road 0.34 · starved   864 · nobles  +6.7 · read  3.9 · walls  2.6 · fell 70.5% (mother 38.3%) · prince 25.8% · king 18.5% · crowned 14.8% (median year 26) · 3.7s
try  5 · gen  179 · best   1227.7 · elite    713.1 · median    195.3 · years  17.0 · road 0.35 · starved   855 · nobles  +6.2 · read 13.0 · walls  1.4 · fell 72.2% (mother 30.9%) · prince 25.1% · king 20.5% · crowned 17.5% (median year 24) · 3.7s
try  6 · gen  179 · best    246.6 · elite    146.0 · median     36.6 · years  59.2 · road 0.39 · starved  1086 · nobles  +0.8 · read 81.4 · walls  6.4 · fell 67.4% (mother 35.8%) · prince  0.2% · king  0.0% · crowned  0.0% · 3.7s
try  7 · gen  179 · best    890.5 · elite    471.4 · median     77.1 · years  29.9 · road 0.38 · starved  1377 · nobles  +4.5 · read 45.9 · walls  5.8 · fell 81.8% (mother 42.0%) · prince 16.6% · king 12.3% · crowned 11.3% (median year 49) · 3.7s
try  8 · gen  179 · best   1251.0 · elite    807.9 · median    233.9 · years  17.7 · road 0.42 · starved   704 · nobles  +4.2 · read 17.8 · walls  3.0 · fell 54.4% (mother 32.8%) · prince 34.3% · king 25.2% · crowned 20.1% (median year 22) · 3.7s
try  1 · gen  180 · best   1043.6 · elite    751.6 · median    223.5 · years  18.9 · road 0.42 · starved  1571 · nobles  +5.4 · read 17.1 · walls  4.0 · fell 56.7% (mother 36.8%) · prince 34.2% · king 24.3% · crowned 19.3% (median year 25) · 3.9s
try  2 · gen  180 · best    810.2 · elite    429.0 · median     17.1 · years  30.1 · road 0.35 · starved  1275 · nobles  -3.5 · read 35.6 · walls  2.2 · fell 86.4% (mother 43.5%) · prince 16.3% · king 10.8% · crowned  7.9% (median year 50) · 3.9s
try  3 · gen  180 · best   1004.3 · elite    697.8 · median    196.8 · years  18.0 · road 0.39 · starved   653 · nobles  +2.6 · read 25.9 · walls  2.2 · fell 66.6% (mother 29.3%) · prince 28.0% · king 21.6% · crowned 17.0% (median year 24) · 3.9s
try  4 · gen  180 · best   1187.7 · elite    653.0 · median    155.4 · years  20.6 · road 0.35 · starved   899 · nobles  +5.9 · read  4.4 · walls  2.7 · fell 71.7% (mother 39.5%) · prince 25.1% · king 18.2% · crowned 13.8% (median year 26) · 3.9s
try  5 · gen  180 · best   1031.4 · elite    693.6 · median    190.5 · years  17.1 · road 0.35 · starved   951 · nobles  +5.9 · read 12.8 · walls  1.3 · fell 72.7% (mother 32.8%) · prince 25.0% · king 19.9% · crowned 17.1% (median year 24) · 3.9s
try  6 · gen  180 · best    233.4 · elite    142.7 · median     35.3 · years  60.0 · road 0.39 · starved  1088 · nobles  +0.6 · read 82.0 · walls  6.5 · fell 67.9% (mother 38.4%) · prince  0.2% · king  0.0% · crowned  0.0% · 3.9s
try  7 · gen  180 · best    889.1 · elite    461.8 · median     70.7 · years  29.5 · road 0.38 · starved  1056 · nobles  +4.0 · read 46.2 · walls  5.8 · fell 82.2% (mother 42.1%) · prince 16.8% · king 12.6% · crowned 10.8% (median year 48) · 3.9s
try  8 · gen  180 · best   1088.3 · elite    771.6 · median    232.3 · years  17.7 · road 0.41 · starved   736 · nobles  +3.8 · read 17.6 · walls  3.0 · fell 55.4% (mother 34.9%) · prince 34.2% · king 25.5% · crowned 19.2% (median year 22) · 3.9s
try  1 · gen  181 · best   1200.3 · elite    802.9 · median    244.7 · years  19.1 · road 0.43 · starved  1176 · nobles  +5.4 · read 18.8 · walls  4.1 · fell 54.5% (mother 34.4%) · prince 35.5% · king 24.3% · crowned 19.8% (median year 24) · 3.7s
try  2 · gen  181 · best    848.9 · elite    419.0 · median     27.4 · years  29.8 · road 0.35 · starved  1244 · nobles  -3.5 · read 34.7 · walls  2.0 · fell 85.6% (mother 42.1%) · prince 16.5% · king 11.2% · crowned  8.1% (median year 48) · 3.7s
try  3 · gen  181 · best   1260.4 · elite    720.2 · median    193.1 · years  17.8 · road 0.40 · starved   703 · nobles  +2.1 · read 24.6 · walls  2.1 · fell 68.3% (mother 32.2%) · prince 27.9% · king 21.9% · crowned 17.0% (median year 24) · 3.7s
try  4 · gen  181 · best   1021.9 · elite    604.2 · median    171.9 · years  20.1 · road 0.35 · starved   885 · nobles  +5.7 · read  4.3 · walls  2.8 · fell 70.9% (mother 40.5%) · prince 25.4% · king 18.9% · crowned 14.4% (median year 26) · 3.7s
try  5 · gen  181 · best   1195.6 · elite    691.0 · median    188.4 · years  17.1 · road 0.35 · starved   971 · nobles  +5.6 · read 12.8 · walls  1.4 · fell 73.5% (mother 32.2%) · prince 24.7% · king 19.8% · crowned 16.8% (median year 24) · 3.7s
try  6 · gen  181 · best    262.0 · elite    152.2 · median     42.0 · years  60.6 · road 0.39 · starved  1020 · nobles  +0.4 · read 84.8 · walls  6.6 · fell 65.6% (mother 36.3%) · prince  0.3% · king  0.0% · crowned  0.0% · 3.7s
try  7 · gen  181 · best    857.5 · elite    453.4 · median     76.6 · years  29.6 · road 0.38 · starved  1082 · nobles  +4.0 · read 46.3 · walls  5.9 · fell 81.4% (mother 45.3%) · prince 16.5% · king 12.4% · crowned 11.2% (median year 49) · 3.7s
try  8 · gen  181 · best   1261.7 · elite    770.8 · median    240.5 · years  17.5 · road 0.41 · starved   743 · nobles  +4.4 · read 16.6 · walls  3.0 · fell 54.6% (mother 36.8%) · prince 33.7% · king 25.0% · crowned 19.8% (median year 23) · 3.7s
try  1 · gen  182 · best   1205.0 · elite    784.9 · median    228.7 · years  19.1 · road 0.44 · starved  1221 · nobles  +4.7 · read 19.7 · walls  4.0 · fell 55.6% (mother 36.1%) · prince 33.9% · king 24.2% · crowned 19.1% (median year 24) · 3.6s
try  2 · gen  182 · best    897.8 · elite    410.8 · median     15.1 · years  29.8 · road 0.35 · starved  1301 · nobles  -3.9 · read 35.1 · walls  2.1 · fell 86.4% (mother 43.5%) · prince 17.0% · king 10.8% · crowned  7.8% (median year 50) · 3.6s
try  3 · gen  182 · best   1018.9 · elite    704.9 · median    191.1 · years  17.7 · road 0.40 · starved   721 · nobles  +1.8 · read 24.2 · walls  2.1 · fell 69.7% (mother 34.0%) · prince 27.6% · king 21.0% · crowned 16.0% (median year 24) · 3.6s
try  4 · gen  182 · best   1209.8 · elite    635.3 · median    177.8 · years  19.8 · road 0.35 · starved   854 · nobles  +5.6 · read  4.1 · walls  2.8 · fell 70.8% (mother 41.1%) · prince 25.0% · king 19.1% · crowned 14.4% (median year 25) · 3.6s
try  5 · gen  182 · best   1036.9 · elite    722.2 · median    183.4 · years  17.3 · road 0.35 · starved  1085 · nobles  +5.3 · read 13.2 · walls  1.3 · fell 72.0% (mother 31.5%) · prince 25.9% · king 20.9% · crowned 17.8% (median year 24) · 3.6s
try  6 · gen  182 · best    296.4 · elite    150.7 · median     43.5 · years  61.0 · road 0.39 · starved  1036 · nobles  +0.3 · read 86.2 · walls  6.5 · fell 65.2% (mother 36.0%) · prince  0.6% · king  0.0% · crowned  0.0% · 3.6s
try  7 · gen  182 · best    848.6 · elite    463.5 · median     97.3 · years  29.1 · road 0.38 · starved  1240 · nobles  +4.1 · read 46.3 · walls  5.9 · fell 80.4% (mother 43.3%) · prince 17.2% · king 12.8% · crowned 11.3% (median year 47) · 3.6s
try  8 · gen  182 · best   1233.6 · elite    797.7 · median    236.2 · years  17.8 · road 0.41 · starved   715 · nobles  +4.4 · read 16.9 · walls  3.1 · fell 53.4% (mother 33.8%) · prince 33.9% · king 25.0% · crowned 19.9% (median year 23) · 3.6s
try  1 · gen  183 · best   1242.1 · elite    777.7 · median    233.2 · years  18.7 · road 0.43 · starved   871 · nobles  +4.9 · read 18.6 · walls  4.0 · fell 56.2% (mother 36.5%) · prince 33.7% · king 24.7% · crowned 19.2% (median year 24) · 3.4s
try  2 · gen  183 · best    867.6 · elite    456.9 · median     28.9 · years  29.4 · road 0.35 · starved  1255 · nobles  -3.2 · read 34.4 · walls  2.4 · fell 85.5% (mother 41.8%) · prince 17.0% · king 11.6% · crowned  8.6% (median year 49) · 3.4s
try  3 · gen  183 · best   1198.3 · elite    717.0 · median    196.4 · years  17.7 · road 0.40 · starved   725 · nobles  +1.8 · read 24.6 · walls  2.1 · fell 68.7% (mother 34.2%) · prince 28.4% · king 21.8% · crowned 16.2% (median year 24) · 3.4s
try  4 · gen  183 · best    958.2 · elite    625.6 · median    164.8 · years  19.6 · road 0.34 · starved   898 · nobles  +5.8 · read  4.3 · walls  2.7 · fell 71.9% (mother 41.9%) · prince 24.9% · king 19.0% · crowned 14.0% (median year 25) · 3.4s
try  5 · gen  183 · best   1475.3 · elite    697.4 · median    189.2 · years  17.2 · road 0.35 · starved  1013 · nobles  +5.3 · read 12.7 · walls  1.3 · fell 73.2% (mother 30.9%) · prince 25.5% · king 20.6% · crowned 17.3% (median year 25) · 3.4s
try  6 · gen  183 · best    235.7 · elite    150.9 · median     40.2 · years  59.7 · road 0.39 · starved  1132 · nobles  -0.1 · read 82.9 · walls  6.4 · fell 67.4% (mother 38.8%) · prince  0.9% · king  0.0% · crowned  0.0% · 3.4s
try  7 · gen  183 · best    860.8 · elite    465.3 · median     68.1 · years  29.2 · road 0.39 · starved  1308 · nobles  +3.7 · read 46.0 · walls  6.0 · fell 81.9% (mother 43.9%) · prince 17.4% · king 12.7% · crowned 11.3% (median year 46) · 3.4s
try  8 · gen  183 · best   1273.9 · elite    785.3 · median    229.2 · years  17.7 · road 0.41 · starved   743 · nobles  +3.7 · read 16.8 · walls  3.0 · fell 55.0% (mother 36.3%) · prince 33.8% · king 25.2% · crowned 19.5% (median year 23) · 3.4s
try  1 · gen  184 · best   1200.4 · elite    754.4 · median    221.3 · years  18.4 · road 0.43 · starved  1063 · nobles  +4.5 · read 17.8 · walls  4.0 · fell 58.5% (mother 39.7%) · prince 32.8% · king 24.5% · crowned 18.7% (median year 24) · 3.4s
try  2 · gen  184 · best    918.3 · elite    456.5 · median     38.2 · years  29.6 · road 0.35 · starved  1189 · nobles  -2.9 · read 34.3 · walls  2.5 · fell 85.7% (mother 42.0%) · prince 16.8% · king 11.6% · crowned  8.8% (median year 49) · 3.4s
try  3 · gen  184 · best   1235.1 · elite    720.2 · median    204.2 · years  17.8 · road 0.40 · starved   700 · nobles  +2.6 · read 24.7 · walls  2.1 · fell 66.8% (mother 31.4%) · prince 29.1% · king 21.9% · crowned 17.1% (median year 23) · 3.4s
try  4 · gen  184 · best    959.6 · elite    645.5 · median    164.0 · years  19.6 · road 0.34 · starved   867 · nobles  +6.6 · read  4.6 · walls  2.6 · fell 71.5% (mother 40.2%) · prince 24.6% · king 18.6% · crowned 14.2% (median year 25) · 3.4s
try  5 · gen  184 · best   1228.8 · elite    698.2 · median    180.8 · years  17.3 · road 0.35 · starved  1135 · nobles  +5.0 · read 13.0 · walls  1.3 · fell 73.8% (mother 32.8%) · prince 25.4% · king 20.2% · crowned 17.1% (median year 25) · 3.4s
try  6 · gen  184 · best    235.8 · elite    157.6 · median     42.9 · years  60.5 · road 0.39 · starved  1085 · nobles  -0.4 · read 85.5 · walls  6.5 · fell 66.8% (mother 39.5%) · prince  1.1% · king  0.0% · crowned  0.0% · 3.4s
try  7 · gen  184 · best    851.9 · elite    473.5 · median     87.8 · years  28.7 · road 0.38 · starved  1114 · nobles  +3.6 · read 45.2 · walls  5.8 · fell 81.2% (mother 44.2%) · prince 17.6% · king 12.7% · crowned 11.0% (median year 45) · 3.4s
try  8 · gen  184 · best   1198.1 · elite    790.7 · median    243.9 · years  17.8 · road 0.41 · starved   745 · nobles  +4.2 · read 16.4 · walls  2.8 · fell 55.1% (mother 37.4%) · prince 34.8% · king 25.5% · crowned 20.1% (median year 23) · 3.4s
try  1 · gen  185 · best   1258.9 · elite    774.3 · median    225.4 · years  18.0 · road 0.43 · starved  1116 · nobles  +4.0 · read 17.3 · walls  4.1 · fell 57.8% (mother 39.1%) · prince 32.5% · king 23.7% · crowned 19.0% (median year 24) · 3.5s
try  2 · gen  185 · best    742.6 · elite    443.3 · median     27.4 · years  29.6 · road 0.35 · starved  1184 · nobles  -2.8 · read 35.3 · walls  2.6 · fell 85.8% (mother 39.9%) · prince 16.2% · king 11.4% · crowned  8.5% (median year 50) · 3.5s
try  3 · gen  185 · best   1260.7 · elite    713.9 · median    203.0 · years  17.6 · road 0.40 · starved   693 · nobles  +2.0 · read 24.3 · walls  2.2 · fell 67.1% (mother 32.2%) · prince 28.1% · king 21.5% · crowned 16.7% (median year 23) · 3.5s
try  4 · gen  185 · best   1197.2 · elite    667.6 · median    176.0 · years  19.8 · road 0.34 · starved   854 · nobles  +7.3 · read  5.2 · walls  2.2 · fell 70.0% (mother 37.1%) · prince 25.0% · king 18.7% · crowned 14.7% (median year 25) · 3.5s
try  5 · gen  185 · best   1040.9 · elite    690.0 · median    186.6 · years  17.0 · road 0.35 · starved  1029 · nobles  +5.1 · read 12.7 · walls  1.3 · fell 73.4% (mother 32.8%) · prince 25.6% · king 20.6% · crowned 17.2% (median year 24) · 3.5s
try  6 · gen  185 · best    301.2 · elite    157.3 · median     40.9 · years  59.9 · road 0.40 · starved  1057 · nobles  -0.4 · read 84.1 · walls  6.6 · fell 67.3% (mother 39.7%) · prince  1.2% · king  0.0% · crowned  0.0% · 3.5s
try  7 · gen  185 · best    784.2 · elite    466.8 · median     80.6 · years  28.7 · road 0.39 · starved  1098 · nobles  +3.9 · read 45.9 · walls  5.9 · fell 80.6% (mother 42.8%) · prince 18.0% · king 12.4% · crowned 11.0% (median year 45) · 3.5s
try  8 · gen  185 · best   1267.6 · elite    775.9 · median    231.0 · years  18.3 · road 0.41 · starved   766 · nobles  +3.9 · read 16.5 · walls  2.8 · fell 55.7% (mother 34.2%) · prince 34.5% · king 24.9% · crowned 19.5% (median year 23) · 3.5s
try  1 · gen  186 · best   1193.0 · elite    763.3 · median    226.4 · years  17.9 · road 0.43 · starved   971 · nobles  +4.1 · read 17.1 · walls  3.9 · fell 58.7% (mother 40.4%) · prince 33.2% · king 24.4% · crowned 19.5% (median year 24) · 3.8s
try  2 · gen  186 · best    683.8 · elite    435.4 · median     25.6 · years  29.9 · road 0.35 · starved  1179 · nobles  -2.9 · read 35.5 · walls  2.7 · fell 85.8% (mother 38.4%) · prince 16.0% · king 11.4% · crowned  8.4% (median year 49) · 3.8s
try  3 · gen  186 · best   1020.1 · elite    700.8 · median    204.2 · years  17.9 · road 0.40 · starved   685 · nobles  +2.3 · read 24.7 · walls  2.2 · fell 67.0% (mother 30.3%) · prince 28.3% · king 21.4% · crowned 16.7% (median year 23) · 3.8s
try  4 · gen  186 · best   1240.3 · elite    672.5 · median    184.6 · years  19.8 · road 0.34 · starved   837 · nobles  +7.2 · read  4.8 · walls  1.9 · fell 70.3% (mother 35.5%) · prince 26.2% · king 19.6% · crowned 15.3% (median year 25) · 3.8s
try  5 · gen  186 · best   1283.2 · elite    713.8 · median    178.6 · years  16.9 · road 0.35 · starved  1171 · nobles  +4.4 · read 12.3 · walls  1.2 · fell 75.2% (mother 36.1%) · prince 24.8% · king 19.9% · crowned 16.2% (median year 24) · 3.8s
try  6 · gen  186 · best    257.9 · elite    156.9 · median     45.7 · years  62.0 · road 0.40 · starved  1056 · nobles  -0.9 · read 91.1 · walls  6.8 · fell 65.1% (mother 36.9%) · prince  1.8% · king  0.0% · crowned  0.0% · 3.8s
try  7 · gen  186 · best    896.1 · elite    496.8 · median     36.6 · years  28.1 · road 0.38 · starved  1109 · nobles  +3.5 · read 46.4 · walls  5.9 · fell 81.4% (mother 46.5%) · prince 17.1% · king 12.6% · crowned 10.9% (median year 45) · 3.8s
try  8 · gen  186 · best   1066.3 · elite    762.2 · median    236.3 · years  18.5 · road 0.42 · starved   767 · nobles  +3.4 · read 15.9 · walls  3.1 · fell 55.5% (mother 35.9%) · prince 35.1% · king 25.4% · crowned 19.3% (median year 23) · 3.8s
try  1 · gen  187 · best   1195.1 · elite    772.1 · median    200.3 · years  18.4 · road 0.43 · starved  1024 · nobles  +3.5 · read 18.1 · walls  3.9 · fell 61.2% (mother 41.3%) · prince 31.3% · king 22.7% · crowned 18.2% (median year 25) · 3.5s
try  2 · gen  187 · best    864.9 · elite    429.2 · median     21.9 · years  30.2 · road 0.35 · starved  1221 · nobles  -3.0 · read 35.5 · walls  2.8 · fell 86.4% (mother 39.0%) · prince 15.8% · king 11.1% · crowned  8.0% (median year 49) · 3.5s
try  3 · gen  187 · best   1048.8 · elite    689.6 · median    201.3 · years  18.0 · road 0.40 · starved   668 · nobles  +2.4 · read 24.9 · walls  2.2 · fell 68.2% (mother 29.2%) · prince 28.8% · king 22.0% · crowned 16.5% (median year 23) · 3.5s
try  4 · gen  187 · best    991.8 · elite    651.6 · median    193.6 · years  19.7 · road 0.33 · starved   736 · nobles  +7.3 · read  4.0 · walls  1.7 · fell 68.0% (mother 29.5%) · prince 25.6% · king 19.7% · crowned 15.9% (median year 25) · 3.5s
try  5 · gen  187 · best   1184.1 · elite    656.9 · median    182.3 · years  17.1 · road 0.35 · starved  1051 · nobles  +4.0 · read 12.9 · walls  1.1 · fell 74.8% (mother 33.7%) · prince 24.8% · king 19.8% · crowned 16.2% (median year 24) · 3.5s
try  6 · gen  187 · best    280.7 · elite    160.9 · median     40.1 · years  60.2 · road 0.40 · starved  1075 · nobles  -1.3 · read 84.5 · walls  6.7 · fell 67.7% (mother 38.8%) · prince  1.7% · king  0.0% · crowned  0.0% · 3.5s
try  7 · gen  187 · best    738.4 · elite    468.0 · median     49.8 · years  28.9 · road 0.39 · starved  1275 · nobles  +3.4 · read 48.8 · walls  6.1 · fell 81.4% (mother 46.0%) · prince 17.7% · king 12.5% · crowned 10.9% (median year 46) · 3.5s
try  8 · gen  187 · best   1431.9 · elite    753.3 · median    230.5 · years  18.6 · road 0.42 · starved   767 · nobles  +3.7 · read 16.8 · walls  2.9 · fell 56.7% (mother 35.2%) · prince 34.0% · king 24.6% · crowned 18.9% (median year 23) · 3.5s
try  1 · gen  188 · best   1177.4 · elite    757.1 · median    217.3 · years  18.8 · road 0.43 · starved  1490 · nobles  +3.6 · read 19.1 · walls  4.0 · fell 61.2% (mother 40.2%) · prince 32.4% · king 23.6% · crowned 18.8% (median year 25) · 3.6s
try  2 · gen  188 · best    831.0 · elite    452.3 · median     28.2 · years  30.3 · road 0.35 · starved  1167 · nobles  -3.2 · read 35.1 · walls  2.7 · fell 85.9% (mother 37.8%) · prince 15.8% · king 11.7% · crowned  8.5% (median year 49) · 3.6s
try  3 · gen  188 · best   1233.1 · elite    735.0 · median    204.6 · years  17.7 · road 0.41 · starved   667 · nobles  +2.2 · read 24.9 · walls  2.2 · fell 67.1% (mother 29.6%) · prince 28.4% · king 21.5% · crowned 16.9% (median year 23) · 3.6s
try  4 · gen  188 · best   1211.3 · elite    697.1 · median    196.9 · years  19.9 · road 0.34 · starved   709 · nobles  +7.5 · read  3.9 · walls  1.6 · fell 68.2% (mother 26.8%) · prince 26.0% · king 20.4% · crowned 16.3% (median year 25) · 3.6s
try  5 · gen  188 · best   1201.9 · elite    677.2 · median    181.0 · years  17.0 · road 0.35 · starved   893 · nobles  +4.3 · read 13.1 · walls  1.2 · fell 75.4% (mother 34.2%) · prince 24.5% · king 19.3% · crowned 16.0% (median year 24) · 3.6s
try  6 · gen  188 · best    268.7 · elite    159.7 · median     45.5 · years  60.1 · road 0.40 · starved  1089 · nobles  -1.2 · read 85.2 · walls  6.3 · fell 67.8% (mother 36.8%) · prince  2.8% · king  0.1% · crowned  0.0% · 3.6s
try  7 · gen  188 · best    859.2 · elite    474.9 · median    107.0 · years  28.4 · road 0.38 · starved  1124 · nobles  +3.8 · read 48.9 · walls  5.8 · fell 80.5% (mother 44.7%) · prince 18.5% · king 13.2% · crowned 11.4% (median year 46) · 3.6s
try  8 · gen  188 · best   1272.0 · elite    802.9 · median    234.0 · years  18.4 · road 0.42 · starved   741 · nobles  +4.0 · read 16.7 · walls  2.9 · fell 56.4% (mother 35.6%) · prince 34.8% · king 24.9% · crowned 19.4% (median year 23) · 3.6s
try  1 · gen  189 · best   1154.5 · elite    776.5 · median    222.4 · years  18.8 · road 0.44 · starved   883 · nobles  +3.8 · read 18.7 · walls  4.1 · fell 58.5% (mother 37.8%) · prince 33.5% · king 24.6% · crowned 19.4% (median year 25) · 3.7s
try  2 · gen  189 · best   1089.1 · elite    462.8 · median     17.0 · years  29.1 · road 0.35 · starved  1241 · nobles  -3.6 · read 34.0 · walls  2.2 · fell 85.4% (mother 39.2%) · prince 16.3% · king 11.6% · crowned  8.9% (median year 48) · 3.7s
try  3 · gen  189 · best   1197.9 · elite    735.8 · median    207.9 · years  17.9 · road 0.41 · starved   660 · nobles  +2.2 · read 25.2 · walls  2.3 · fell 66.1% (mother 30.0%) · prince 29.6% · king 22.6% · crowned 17.7% (median year 23) · 3.7s
try  4 · gen  189 · best   1202.7 · elite    688.5 · median    193.7 · years  19.7 · road 0.34 · starved   707 · nobles  +7.8 · read  3.8 · walls  1.5 · fell 68.1% (mother 26.7%) · prince 26.9% · king 20.0% · crowned 15.9% (median year 24) · 3.7s
try  5 · gen  189 · best   1240.1 · elite    662.1 · median    184.3 · years  17.0 · road 0.35 · starved  1006 · nobles  +4.2 · read 13.0 · walls  1.1 · fell 74.1% (mother 32.7%) · prince 24.9% · king 19.7% · crowned 16.3% (median year 24) · 3.7s
try  6 · gen  189 · best    236.6 · elite    157.3 · median     45.3 · years  59.1 · road 0.40 · starved  1062 · nobles  -1.3 · read 80.5 · walls  6.2 · fell 68.6% (mother 38.4%) · prince  3.3% · king  0.1% · crowned  0.0% · 3.7s
try  7 · gen  189 · best    807.3 · elite    472.0 · median     64.9 · years  28.7 · road 0.38 · starved  1095 · nobles  +3.4 · read 50.1 · walls  5.6 · fell 80.9% (mother 42.3%) · prince 18.7% · king 12.4% · crowned 10.9% (median year 45) · 3.7s
try  8 · gen  189 · best   1214.5 · elite    779.4 · median    232.5 · years  18.5 · road 0.43 · starved   726 · nobles  +3.8 · read 16.9 · walls  3.0 · fell 55.2% (mother 34.2%) · prince 34.7% · king 25.1% · crowned 19.4% (median year 23) · 3.7s
try  1 · gen  190 · best   1201.7 · elite    769.0 · median    219.7 · years  19.4 · road 0.44 · starved   987 · nobles  +3.4 · read 19.5 · walls  4.3 · fell 59.8% (mother 39.0%) · prince 34.1% · king 24.1% · crowned 18.7% (median year 25) · 3.5s
try  2 · gen  190 · best    847.7 · elite    435.7 · median     14.6 · years  29.6 · road 0.35 · starved  1306 · nobles  -4.7 · read 34.7 · walls  2.1 · fell 86.9% (mother 40.1%) · prince 16.7% · king 11.0% · crowned  7.8% (median year 49) · 3.5s
try  3 · gen  190 · best   1259.9 · elite    750.5 · median    202.4 · years  17.7 · road 0.41 · starved   673 · nobles  +2.0 · read 24.6 · walls  2.3 · fell 66.6% (mother 31.4%) · prince 29.1% · king 22.2% · crowned 17.4% (median year 23) · 3.5s
try  4 · gen  190 · best   1051.4 · elite    690.4 · median    193.1 · years  20.0 · road 0.33 · starved   694 · nobles  +7.6 · read  3.8 · walls  1.4 · fell 68.1% (mother 24.8%) · prince 25.7% · king 19.7% · crowned 16.0% (median year 24) · 3.5s
try  5 · gen  190 · best   1242.6 · elite    727.8 · median    184.7 · years  17.2 · road 0.35 · starved   945 · nobles  +4.8 · read 13.0 · walls  1.1 · fell 73.0% (mother 31.7%) · prince 26.0% · king 20.7% · crowned 17.0% (median year 24) · 3.5s
try  6 · gen  190 · best    262.3 · elite    158.9 · median     46.0 · years  58.9 · road 0.40 · starved  1034 · nobles  -1.6 · read 84.1 · walls  5.8 · fell 68.4% (mother 36.3%) · prince  4.8% · king  0.1% · crowned  0.0% · 3.5s
try  7 · gen  190 · best    854.1 · elite    493.5 · median     60.9 · years  28.9 · road 0.39 · starved  1130 · nobles  +3.3 · read 48.6 · walls  5.8 · fell 79.7% (mother 40.5%) · prince 18.8% · king 13.1% · crowned 11.5% (median year 46) · 3.5s
try  8 · gen  190 · best   1230.5 · elite    756.1 · median    223.4 · years  18.4 · road 0.42 · starved   763 · nobles  +3.7 · read 15.9 · walls  2.8 · fell 56.9% (mother 35.9%) · prince 34.3% · king 25.0% · crowned 19.0% (median year 24) · 3.5s
try  1 · gen  191 · best   1147.1 · elite    759.7 · median    222.6 · years  19.1 · road 0.43 · starved  1670 · nobles  +3.9 · read 20.0 · walls  4.1 · fell 59.5% (mother 39.4%) · prince 34.3% · king 24.2% · crowned 18.8% (median year 26) · 3.8s
try  2 · gen  191 · best    846.6 · elite    475.7 · median     25.9 · years  29.1 · road 0.35 · starved  1209 · nobles  -4.1 · read 33.9 · walls  1.8 · fell 84.9% (mother 38.3%) · prince 15.8% · king 11.4% · crowned  9.2% (median year 47) · 3.8s
try  3 · gen  191 · best   1019.9 · elite    728.3 · median    208.9 · years  17.7 · road 0.41 · starved   667 · nobles  +2.0 · read 24.7 · walls  2.3 · fell 65.9% (mother 30.0%) · prince 29.2% · king 22.5% · crowned 17.3% (median year 23) · 3.8s
try  4 · gen  191 · best   1001.9 · elite    683.2 · median    204.0 · years  19.9 · road 0.34 · starved   659 · nobles  +7.8 · read  3.6 · walls  1.5 · fell 67.1% (mother 23.0%) · prince 26.9% · king 20.4% · crowned 16.5% (median year 24) · 3.8s
try  5 · gen  191 · best   1249.3 · elite    717.8 · median    193.8 · years  17.2 · road 0.35 · starved   901 · nobles  +4.4 · read 12.8 · walls  1.2 · fell 72.6% (mother 31.0%) · prince 25.9% · king 20.8% · crowned 17.3% (median year 24) · 3.8s
try  6 · gen  191 · best    265.9 · elite    165.0 · median     42.6 · years  58.1 · road 0.40 · starved  1110 · nobles  -1.7 · read 81.7 · walls  5.7 · fell 70.6% (mother 38.5%) · prince  5.9% · king  0.1% · crowned  0.0% · 3.8s
try  7 · gen  191 · best    725.3 · elite    490.6 · median    103.1 · years  28.6 · road 0.38 · starved  1035 · nobles  +3.7 · read 48.2 · walls  5.6 · fell 79.6% (mother 39.1%) · prince 18.5% · king 13.2% · crowned 11.7% (median year 44) · 3.8s
try  8 · gen  191 · best   1461.0 · elite    806.7 · median    233.4 · years  18.5 · road 0.42 · starved   737 · nobles  +4.3 · read 16.2 · walls  2.8 · fell 55.8% (mother 34.7%) · prince 35.0% · king 24.8% · crowned 19.9% (median year 23) · 3.8s
try  1 · gen  192 · best   1390.4 · elite    778.0 · median    220.7 · years  19.1 · road 0.43 · starved  1063 · nobles  +3.9 · read 21.0 · walls  4.2 · fell 59.2% (mother 38.6%) · prince 32.8% · king 23.5% · crowned 19.1% (median year 26) · 3.6s
try  2 · gen  192 · best    732.8 · elite    473.6 · median     38.6 · years  29.3 · road 0.35 · starved  1199 · nobles  -4.1 · read 33.6 · walls  1.9 · fell 85.0% (mother 38.1%) · prince 16.3% · king 12.2% · crowned  9.3% (median year 47) · 3.6s
try  3 · gen  192 · best   1222.0 · elite    732.1 · median    212.6 · years  18.0 · road 0.41 · starved   672 · nobles  +2.7 · read 25.1 · walls  2.4 · fell 66.4% (mother 29.7%) · prince 29.1% · king 22.7% · crowned 17.6% (median year 24) · 3.6s
try  4 · gen  192 · best   1207.1 · elite    701.3 · median    206.1 · years  20.0 · road 0.34 · starved   621 · nobles  +8.5 · read  3.6 · walls  1.4 · fell 65.9% (mother 20.6%) · prince 26.7% · king 20.6% · crowned 17.1% (median year 24) · 3.6s
try  5 · gen  192 · best   1170.7 · elite    703.6 · median    187.7 · years  17.1 · road 0.35 · starved   962 · nobles  +4.6 · read 12.4 · walls  1.1 · fell 72.8% (mother 32.6%) · prince 25.9% · king 21.0% · crowned 17.2% (median year 24) · 3.6s
try  6 · gen  192 · best    264.5 · elite    166.7 · median     46.5 · years  57.7 · road 0.40 · starved  1017 · nobles  -1.6 · read 82.2 · walls  5.4 · fell 69.7% (mother 35.9%) · prince  6.3% · king  0.1% · crowned  0.0% · 3.6s
try  7 · gen  192 · best    925.9 · elite    488.0 · median    124.5 · years  28.0 · road 0.38 · starved  1038 · nobles  +4.2 · read 48.2 · walls  5.5 · fell 79.0% (mother 41.8%) · prince 19.6% · king 13.6% · crowned 11.8% (median year 43) · 3.6s
try  8 · gen  192 · best   1286.4 · elite    761.0 · median    240.8 · years  18.3 · road 0.42 · starved   734 · nobles  +4.1 · read 16.0 · walls  2.9 · fell 55.4% (mother 34.2%) · prince 33.7% · king 24.5% · crowned 19.6% (median year 23) · 3.6s
try  1 · gen  193 · best   1028.4 · elite    748.5 · median    220.9 · years  19.6 · road 0.43 · starved   958 · nobles  +3.7 · read 21.3 · walls  4.3 · fell 59.8% (mother 39.2%) · prince 34.6% · king 24.0% · crowned 18.7% (median year 26) · 3.4s
try  2 · gen  193 · best   1012.0 · elite    489.5 · median     42.6 · years  28.5 · road 0.35 · starved  1122 · nobles  -4.1 · read 32.9 · walls  1.9 · fell 85.2% (mother 37.9%) · prince 17.5% · king 12.2% · crowned  9.8% (median year 46) · 3.4s
try  3 · gen  193 · best   1043.0 · elite    704.8 · median    210.7 · years  17.9 · road 0.41 · starved   666 · nobles  +2.1 · read 24.7 · walls  2.4 · fell 66.8% (mother 30.5%) · prince 28.2% · king 21.7% · crowned 16.9% (median year 24) · 3.4s
try  4 · gen  193 · best   1042.4 · elite    678.1 · median    206.9 · years  19.6 · road 0.33 · starved   611 · nobles  +8.2 · read  3.3 · walls  1.3 · fell 65.7% (mother 21.5%) · prince 26.2% · king 20.2% · crowned 17.1% (median year 24) · 3.4s
try  5 · gen  193 · best   1202.4 · elite    695.5 · median    180.2 · years  17.1 · road 0.35 · starved   941 · nobles  +4.6 · read 12.2 · walls  1.2 · fell 74.0% (mother 34.2%) · prince 25.6% · king 20.1% · crowned 16.7% (median year 24) · 3.4s
try  6 · gen  193 · best    270.5 · elite    166.3 · median     45.5 · years  58.0 · road 0.40 · starved  1087 · nobles  -1.7 · read 83.3 · walls  5.4 · fell 70.9% (mother 37.8%) · prince  7.2% · king  0.1% · crowned  0.0% · 3.4s
try  7 · gen  193 · best    908.1 · elite    493.8 · median    122.6 · years  27.5 · road 0.37 · starved  1025 · nobles  +4.3 · read 48.0 · walls  5.1 · fell 79.4% (mother 40.4%) · prince 19.4% · king 13.5% · crowned 12.1% (median year 44) · 3.4s
try  8 · gen  193 · best   1243.5 · elite    771.0 · median    229.2 · years  18.0 · road 0.42 · starved   758 · nobles  +4.1 · read 15.3 · walls  2.9 · fell 56.7% (mother 35.4%) · prince 33.6% · king 24.2% · crowned 19.2% (median year 23) · 3.4s
try  1 · gen  194 · best   1228.2 · elite    794.2 · median    226.9 · years  20.3 · road 0.44 · starved  1284 · nobles  +3.8 · read 22.2 · walls  4.5 · fell 59.0% (mother 36.3%) · prince 36.0% · king 24.6% · crowned 19.0% (median year 26) · 3.3s
try  2 · gen  194 · best    877.4 · elite    489.7 · median     47.3 · years  28.3 · road 0.35 · starved  1199 · nobles  -4.5 · read 33.0 · walls  1.8 · fell 85.1% (mother 39.1%) · prince 17.0% · king 12.5% · crowned  9.8% (median year 46) · 3.3s
try  3 · gen  194 · best   1222.4 · elite    694.2 · median    210.1 · years  18.0 · road 0.41 · starved   660 · nobles  +2.2 · read 24.9 · walls  2.3 · fell 67.2% (mother 29.2%) · prince 28.1% · king 21.4% · crowned 16.8% (median year 23) · 3.3s
try  4 · gen  194 · best   1198.9 · elite    716.2 · median    202.3 · years  19.7 · road 0.34 · starved   612 · nobles  +8.2 · read  3.3 · walls  1.5 · fell 66.1% (mother 21.4%) · prince 26.2% · king 20.3% · crowned 17.1% (median year 24) · 3.3s
try  5 · gen  194 · best   1177.8 · elite    703.3 · median    190.4 · years  16.8 · road 0.35 · starved   886 · nobles  +4.9 · read 12.0 · walls  1.1 · fell 72.2% (mother 33.2%) · prince 26.1% · king 21.0% · crowned 17.6% (median year 24) · 3.3s
try  6 · gen  194 · best    283.3 · elite    169.4 · median     45.3 · years  58.5 · road 0.40 · starved  1021 · nobles  -2.3 · read 83.6 · walls  5.6 · fell 69.5% (mother 34.9%) · prince  8.4% · king  0.2% · crowned  0.0% · 3.3s
try  7 · gen  194 · best   1018.6 · elite    493.8 · median     96.0 · years  27.1 · road 0.37 · starved  1071 · nobles  +3.8 · read 47.8 · walls  4.9 · fell 80.1% (mother 41.5%) · prince 19.3% · king 13.1% · crowned 11.3% (median year 42) · 3.3s
try  8 · gen  194 · best   1286.3 · elite    764.2 · median    227.2 · years  18.2 · road 0.42 · starved   758 · nobles  +4.3 · read 15.0 · walls  2.9 · fell 56.5% (mother 36.2%) · prince 33.9% · king 24.0% · crowned 19.3% (median year 24) · 3.3s
try  1 · gen  195 · best   1233.1 · elite    763.8 · median    223.3 · years  20.3 · road 0.45 · starved  1001 · nobles  +3.6 · read 20.9 · walls  4.8 · fell 59.6% (mother 38.5%) · prince 35.6% · king 23.9% · crowned 18.4% (median year 26) · 3.4s
try  2 · gen  195 · best    898.4 · elite    479.1 · median     50.8 · years  28.4 · road 0.36 · starved  1233 · nobles  -4.4 · read 32.5 · walls  2.0 · fell 85.1% (mother 39.1%) · prince 17.6% · king 12.7% · crowned  9.8% (median year 46) · 3.4s
try  3 · gen  195 · best    971.7 · elite    683.2 · median    216.3 · years  17.8 · road 0.41 · starved   659 · nobles  +2.6 · read 24.6 · walls  2.2 · fell 66.9% (mother 29.6%) · prince 29.0% · king 22.1% · crowned 17.3% (median year 23) · 3.4s
try  4 · gen  195 · best   1222.2 · elite    693.1 · median    203.7 · years  19.7 · road 0.34 · starved   645 · nobles  +7.8 · read  3.4 · walls  1.5 · fell 66.5% (mother 22.8%) · prince 26.8% · king 20.1% · crowned 16.8% (median year 24) · 3.4s
try  5 · gen  195 · best    988.1 · elite    670.2 · median    186.6 · years  16.8 · road 0.34 · starved   906 · nobles  +4.8 · read 11.7 · walls  1.0 · fell 72.9% (mother 32.7%) · prince 25.3% · king 20.0% · crowned 16.5% (median year 24) · 3.4s
try  6 · gen  195 · best    277.0 · elite    173.7 · median     51.2 · years  58.0 · road 0.40 · starved   973 · nobles  -2.9 · read 82.8 · walls  5.4 · fell 67.6% (mother 34.4%) · prince  8.3% · king  0.1% · crowned  0.0% · 3.4s
try  7 · gen  195 · best    856.9 · elite    508.8 · median    127.4 · years  26.6 · road 0.37 · starved  1049 · nobles  +3.8 · read 46.6 · walls  4.8 · fell 79.8% (mother 40.5%) · prince 20.1% · king 14.1% · crowned 11.9% (median year 41) · 3.4s
try  8 · gen  195 · best   1152.2 · elite    782.5 · median    232.2 · years  17.7 · road 0.41 · starved   758 · nobles  +4.2 · read 14.8 · walls  2.8 · fell 56.9% (mother 36.2%) · prince 32.6% · king 24.9% · crowned 19.7% (median year 23) · 3.4s
try  1 · gen  196 · best   1100.7 · elite    765.6 · median    234.5 · years  20.4 · road 0.45 · starved  1034 · nobles  +4.0 · read 21.1 · walls  4.8 · fell 57.0% (mother 35.6%) · prince 37.2% · king 24.8% · crowned 19.5% (median year 26) · 3.5s
try  2 · gen  196 · best    975.8 · elite    497.9 · median     63.9 · years  28.0 · road 0.36 · starved  1188 · nobles  -4.9 · read 32.2 · walls  2.2 · fell 85.1% (mother 37.7%) · prince 17.5% · king 12.9% · crowned 10.3% (median year 46) · 3.5s
try  3 · gen  196 · best   1160.8 · elite    705.6 · median    213.2 · years  18.1 · road 0.41 · starved   642 · nobles  +2.8 · read 24.9 · walls  2.2 · fell 67.0% (mother 28.1%) · prince 28.2% · king 21.9% · crowned 17.5% (median year 24) · 3.5s
try  4 · gen  196 · best   1217.8 · elite    688.4 · median    210.5 · years  19.7 · road 0.34 · starved   642 · nobles  +7.3 · read  3.4 · walls  1.6 · fell 65.4% (mother 22.0%) · prince 27.0% · king 20.4% · crowned 16.7% (median year 23) · 3.5s
try  5 · gen  196 · best    982.5 · elite    654.4 · median    189.1 · years  17.0 · road 0.35 · starved   902 · nobles  +5.0 · read 10.6 · walls  1.0 · fell 72.3% (mother 32.7%) · prince 25.5% · king 20.8% · crowned 17.0% (median year 24) · 3.5s
try  6 · gen  196 · best    281.0 · elite    180.6 · median     53.3 · years  58.5 · road 0.41 · starved   958 · nobles  -3.4 · read 83.3 · walls  5.5 · fell 68.6% (mother 34.4%) · prince  9.2% · king  0.2% · crowned  0.0% · 3.5s
try  7 · gen  196 · best    896.7 · elite    498.0 · median    127.5 · years  26.7 · road 0.36 · starved  1041 · nobles  +4.2 · read 47.8 · walls  3.8 · fell 79.6% (mother 36.3%) · prince 19.9% · king 14.0% · crowned 11.9% (median year 40) · 3.5s
try  8 · gen  196 · best   1059.7 · elite    787.9 · median    230.4 · years  17.5 · road 0.41 · starved   780 · nobles  +4.3 · read 14.2 · walls  2.9 · fell 57.3% (mother 36.4%) · prince 32.8% · king 24.8% · crowned 19.5% (median year 23) · 3.5s
try  1 · gen  197 · best   1159.4 · elite    765.2 · median    234.3 · years  20.4 · road 0.46 · starved  1062 · nobles  +3.7 · read 19.7 · walls  4.8 · fell 56.1% (mother 35.7%) · prince 37.1% · king 24.1% · crowned 19.3% (median year 26) · 3.3s
try  2 · gen  197 · best    937.0 · elite    506.4 · median     48.3 · years  27.7 · road 0.37 · starved  1211 · nobles  -5.5 · read 31.8 · walls  2.4 · fell 85.1% (mother 37.8%) · prince 18.0% · king 13.1% · crowned 10.4% (median year 46) · 3.3s
try  3 · gen  197 · best   1262.6 · elite    718.6 · median    214.6 · years  17.8 · road 0.41 · starved   655 · nobles  +2.8 · read 24.2 · walls  2.1 · fell 66.0% (mother 28.9%) · prince 29.1% · king 21.9% · crowned 17.3% (median year 23) · 3.3s
try  4 · gen  197 · best   1364.9 · elite    729.2 · median    208.7 · years  19.6 · road 0.34 · starved   614 · nobles  +7.6 · read  3.7 · walls  1.6 · fell 64.4% (mother 20.8%) · prince 27.8% · king 21.6% · crowned 17.5% (median year 24) · 3.3s
try  5 · gen  197 · best   1191.0 · elite    685.8 · median    187.4 · years  17.0 · road 0.35 · starved   912 · nobles  +4.8 · read 10.5 · walls  1.0 · fell 71.7% (mother 32.4%) · prince 26.2% · king 21.2% · crowned 16.9% (median year 23) · 3.3s
try  6 · gen  197 · best    283.5 · elite    170.5 · median     45.1 · years  56.9 · road 0.40 · starved   944 · nobles  -3.8 · read 81.4 · walls  5.2 · fell 69.3% (mother 34.4%) · prince  9.3% · king  0.2% · crowned  0.0% (median year 99) · 3.3s
try  7 · gen  197 · best    905.3 · elite    546.5 · median    101.7 · years  26.2 · road 0.36 · starved   988 · nobles  +4.4 · read 47.1 · walls  3.4 · fell 79.3% (mother 34.6%) · prince 19.6% · king 14.3% · crowned 11.8% (median year 39) · 3.3s
try  8 · gen  197 · best   1208.5 · elite    796.9 · median    235.9 · years  17.8 · road 0.43 · starved   765 · nobles  +4.3 · read 14.9 · walls  3.2 · fell 55.5% (mother 35.6%) · prince 34.1% · king 24.9% · crowned 19.6% (median year 23) · 3.3s
try  1 · gen  198 · best   1279.8 · elite    786.3 · median    234.1 · years  20.2 · road 0.46 · starved  1053 · nobles  +3.6 · read 18.7 · walls  4.8 · fell 56.4% (mother 36.8%) · prince 36.8% · king 24.4% · crowned 19.3% (median year 26) · 3.3s
try  2 · gen  198 · best   1066.7 · elite    490.5 · median     53.2 · years  27.6 · road 0.37 · starved  1282 · nobles  -5.7 · read 32.1 · walls  2.5 · fell 85.6% (mother 40.0%) · prince 18.0% · king 13.2% · crowned  9.8% (median year 45) · 3.3s
try  3 · gen  198 · best   1203.7 · elite    699.4 · median    202.8 · years  17.7 · road 0.41 · starved   688 · nobles  +2.8 · read 24.2 · walls  2.1 · fell 67.9% (mother 31.1%) · prince 28.2% · king 21.1% · crowned 16.8% (median year 23) · 3.3s
try  4 · gen  198 · best   1231.9 · elite    724.7 · median    205.8 · years  19.2 · road 0.34 · starved   627 · nobles  +7.5 · read  3.4 · walls  1.5 · fell 66.3% (mother 22.7%) · prince 26.9% · king 20.8% · crowned 17.1% (median year 24) · 3.3s
try  5 · gen  198 · best   1086.2 · elite    676.9 · median    186.2 · years  17.0 · road 0.35 · starved   933 · nobles  +5.0 · read 10.1 · walls  1.0 · fell 72.0% (mother 31.6%) · prince 26.3% · king 20.7% · crowned 16.5% (median year 23) · 3.3s
try  6 · gen  198 · best    274.5 · elite    176.4 · median     52.7 · years  57.5 · road 0.41 · starved  1000 · nobles  -3.7 · read 80.6 · walls  5.4 · fell 69.5% (mother 35.5%) · prince 10.2% · king  0.2% · crowned  0.1% (median year 90) · 3.3s
try  7 · gen  198 · best    920.1 · elite    512.7 · median    104.2 · years  26.6 · road 0.36 · starved  1051 · nobles  +5.1 · read 48.1 · walls  3.1 · fell 79.5% (mother 33.1%) · prince 20.4% · king 14.1% · crowned 11.9% (median year 39) · 3.3s
try  8 · gen  198 · best   1224.5 · elite    801.0 · median    236.8 · years  18.1 · road 0.43 · starved   790 · nobles  +4.4 · read 14.1 · walls  3.2 · fell 56.8% (mother 35.6%) · prince 34.2% · king 25.0% · crowned 19.7% (median year 23) · 3.3s
try  1 · gen  199 · best   1200.3 · elite    792.3 · median    235.6 · years  20.5 · road 0.47 · starved   947 · nobles  +3.1 · read 20.0 · walls  5.1 · fell 56.8% (mother 36.7%) · prince 37.4% · king 25.2% · crowned 19.4% (median year 25) · 3.4s
try  2 · gen  199 · best   1147.5 · elite    484.7 · median     45.5 · years  27.7 · road 0.37 · starved  1448 · nobles  -5.9 · read 31.8 · walls  2.7 · fell 85.2% (mother 38.3%) · prince 17.6% · king 12.6% · crowned  9.8% (median year 45) · 3.4s
try  3 · gen  199 · best   1306.7 · elite    699.3 · median    208.4 · years  18.1 · road 0.41 · starved   690 · nobles  +2.9 · read 24.6 · walls  2.1 · fell 67.6% (mother 30.3%) · prince 28.2% · king 21.0% · crowned 17.0% (median year 23) · 3.4s
try  4 · gen  199 · best   1046.5 · elite    655.5 · median    208.4 · years  19.3 · road 0.34 · starved   668 · nobles  +6.9 · read  3.5 · walls  1.6 · fell 67.1% (mother 24.7%) · prince 27.4% · king 20.8% · crowned 16.7% (median year 24) · 3.4s
try  5 · gen  199 · best   1063.6 · elite    719.1 · median    194.3 · years  16.9 · road 0.35 · starved   811 · nobles  +5.1 · read  9.8 · walls  0.9 · fell 71.6% (mother 32.7%) · prince 26.5% · king 21.2% · crowned 16.9% (median year 23) · 3.4s
try  6 · gen  199 · best    289.7 · elite    178.8 · median     52.7 · years  58.6 · road 0.41 · starved   931 · nobles  -4.3 · read 86.0 · walls  5.4 · fell 68.1% (mother 34.4%) · prince 10.8% · king  0.2% · crowned  0.0% · 3.4s
try  7 · gen  199 · best    691.2 · elite    493.1 · median     93.2 · years  26.2 · road 0.35 · starved  1091 · nobles  +5.3 · read 47.2 · walls  2.9 · fell 80.4% (mother 33.3%) · prince 18.4% · king 13.4% · crowned 11.4% (median year 40) · 3.4s
try  8 · gen  199 · best   1207.6 · elite    829.6 · median    242.6 · years  18.0 · road 0.42 · starved   764 · nobles  +4.6 · read 13.6 · walls  3.1 · fell 55.8% (mother 33.2%) · prince 33.7% · king 25.0% · crowned 20.1% (median year 23) · 3.4s
try  1 · gen  200 · best   1210.8 · elite    787.0 · median    251.2 · years  20.4 · road 0.48 · starved   933 · nobles  +3.3 · read 19.5 · walls  5.2 · fell 55.3% (mother 37.2%) · prince 37.9% · king 25.8% · crowned 19.7% (median year 25) · 3.3s
try  2 · gen  200 · best   1090.0 · elite    514.1 · median     51.5 · years  27.4 · road 0.37 · starved  1229 · nobles  -5.6 · read 31.5 · walls  2.7 · fell 84.9% (mother 38.1%) · prince 17.9% · king 13.2% · crowned 10.2% (median year 45) · 3.3s
try  3 · gen  200 · best   1189.0 · elite    702.7 · median    207.5 · years  18.0 · road 0.41 · starved   720 · nobles  +2.6 · read 23.7 · walls  2.0 · fell 69.2% (mother 32.5%) · prince 28.8% · king 21.2% · crowned 16.5% (median year 24) · 3.3s
try  4 · gen  200 · best   1212.2 · elite    712.6 · median    198.4 · years  19.4 · road 0.34 · starved   683 · nobles  +6.6 · read  3.7 · walls  1.6 · fell 66.9% (mother 24.6%) · prince 26.7% · king 20.1% · crowned 16.3% (median year 24) · 3.3s
try  5 · gen  200 · best   1299.8 · elite    698.7 · median    200.6 · years  16.7 · road 0.35 · starved   729 · nobles  +4.8 · read 10.0 · walls  0.9 · fell 71.0% (mother 31.7%) · prince 27.1% · king 21.6% · crowned 16.9% (median year 23) · 3.3s
try  6 · gen  200 · best    347.4 · elite    175.0 · median     52.2 · years  57.6 · road 0.41 · starved   941 · nobles  -4.5 · read 83.1 · walls  5.4 · fell 68.7% (mother 34.0%) · prince 10.3% · king  0.4% · crowned  0.1% (median year 78) · 3.3s
try  7 · gen  200 · best    924.1 · elite    494.2 · median     78.5 · years  26.8 · road 0.35 · starved  1187 · nobles  +6.0 · read 48.8 · walls  3.1 · fell 81.3% (mother 33.4%) · prince 17.9% · king 13.2% · crowned 11.2% (median year 42) · 3.3s
try  8 · gen  200 · best   1248.9 · elite    788.8 · median    246.3 · years  18.2 · road 0.43 · starved   769 · nobles  +4.7 · read 11.6 · walls  3.4 · fell 54.2% (mother 33.2%) · prince 35.0% · king 25.8% · crowned 20.4% (median year 23) · 3.3s
try  1 · gen  201 · best   1220.1 · elite    790.0 · median    257.4 · years  20.1 · road 0.47 · starved   908 · nobles  +3.7 · read 18.5 · walls  5.1 · fell 54.0% (mother 35.8%) · prince 37.9% · king 26.0% · crowned 19.9% (median year 25) · 3.4s
try  2 · gen  201 · best    923.4 · elite    508.9 · median     86.8 · years  27.4 · road 0.38 · starved  1196 · nobles  -5.4 · read 31.1 · walls  2.8 · fell 84.9% (mother 37.3%) · prince 18.5% · king 13.6% · crowned 10.6% (median year 45) · 3.4s
try  3 · gen  201 · best   1166.3 · elite    698.3 · median    211.2 · years  18.3 · road 0.41 · starved   717 · nobles  +3.1 · read 24.2 · walls  1.9 · fell 68.5% (mother 30.8%) · prince 28.8% · king 21.5% · crowned 17.1% (median year 24) · 3.4s
try  4 · gen  201 · best   1179.7 · elite    677.2 · median    199.0 · years  19.5 · road 0.35 · starved   724 · nobles  +6.4 · read  3.9 · walls  1.6 · fell 69.0% (mother 26.2%) · prince 27.9% · king 20.1% · crowned 15.7% (median year 23) · 3.4s
try  5 · gen  201 · best   1011.9 · elite    678.6 · median    186.5 · years  16.9 · road 0.36 · starved   837 · nobles  +4.8 · read  9.9 · walls  1.0 · fell 72.6% (mother 33.8%) · prince 27.0% · king 20.5% · crowned 16.0% (median year 22) · 3.4s
try  6 · gen  201 · best    289.1 · elite    177.8 · median     52.1 · years  57.7 · road 0.41 · starved   944 · nobles  -5.2 · read 83.4 · walls  5.4 · fell 67.8% (mother 33.5%) · prince 11.5% · king  0.4% · crowned  0.1% (median year 82) · 3.4s
try  7 · gen  201 · best    850.4 · elite    486.1 · median    107.8 · years  26.8 · road 0.35 · starved  1182 · nobles  +6.4 · read 49.1 · walls  3.0 · fell 81.1% (mother 34.1%) · prince 17.9% · king 13.3% · crowned 11.7% (median year 41) · 3.4s
try  8 · gen  201 · best   1237.7 · elite    809.8 · median    247.7 · years  18.4 · road 0.44 · starved   774 · nobles  +4.3 · read 10.8 · walls  3.6 · fell 52.8% (mother 31.8%) · prince 34.9% · king 25.7% · crowned 20.1% (median year 23) · 3.4s
try  1 · gen  202 · best   1253.3 · elite    805.9 · median    250.7 · years  20.2 · road 0.48 · starved  1190 · nobles  +3.6 · read 18.1 · walls  5.2 · fell 53.7% (mother 34.7%) · prince 37.6% · king 26.6% · crowned 20.4% (median year 25) · 3.3s
try  2 · gen  202 · best    926.2 · elite    493.5 · median     67.3 · years  27.4 · road 0.37 · starved  1099 · nobles  -5.7 · read 30.7 · walls  2.7 · fell 85.3% (mother 36.7%) · prince 18.1% · king 13.0% · crowned 10.0% (median year 45) · 3.3s
try  3 · gen  202 · best   1209.0 · elite    720.2 · median    206.9 · years  18.7 · road 0.41 · starved   693 · nobles  +3.5 · read 24.7 · walls  1.9 · fell 67.3% (mother 29.3%) · prince 29.9% · king 21.8% · crowned 16.9% (median year 24) · 3.3s
try  4 · gen  202 · best   1218.6 · elite    696.6 · median    202.0 · years  19.5 · road 0.35 · starved   688 · nobles  +6.7 · read  3.8 · walls  1.6 · fell 66.7% (mother 24.9%) · prince 28.2% · king 20.8% · crowned 16.8% (median year 23) · 3.3s
try  5 · gen  202 · best   1188.7 · elite    698.3 · median    192.3 · years  16.6 · road 0.36 · starved   870 · nobles  +4.5 · read  9.4 · walls  1.1 · fell 71.8% (mother 33.9%) · prince 27.1% · king 20.9% · crowned 16.4% (median year 22) · 3.3s
try  6 · gen  202 · best    359.9 · elite    185.4 · median     52.1 · years  57.0 · road 0.41 · starved   992 · nobles  -5.3 · read 79.8 · walls  5.5 · fell 68.7% (mother 35.2%) · prince 11.9% · king  0.6% · crowned  0.1% (median year 76) · 3.3s
try  7 · gen  202 · best    902.5 · elite    488.5 · median    106.4 · years  26.7 · road 0.35 · starved  1198 · nobles  +7.2 · read 48.5 · walls  3.1 · fell 81.5% (mother 34.7%) · prince 17.6% · king 13.1% · crowned 11.6% (median year 42) · 3.3s
try  8 · gen  202 · best   1073.8 · elite    790.0 · median    252.6 · years  18.8 · road 0.45 · starved  1057 · nobles  +4.1 · read 10.2 · walls  3.9 · fell 52.1% (mother 31.8%) · prince 34.8% · king 25.3% · crowned 19.9% (median year 23) · 3.3s
try  1 · gen  203 · best   1169.7 · elite    802.9 · median    251.7 · years  20.8 · road 0.49 · starved   925 · nobles  +3.1 · read 18.7 · walls  5.2 · fell 53.9% (mother 33.3%) · prince 38.0% · king 26.0% · crowned 20.0% (median year 26) · 3.4s
try  2 · gen  203 · best    874.3 · elite    511.7 · median     69.5 · years  27.5 · road 0.38 · starved  1144 · nobles  -5.5 · read 30.4 · walls  2.8 · fell 85.1% (mother 35.2%) · prince 18.5% · king 13.6% · crowned 10.5% (median year 45) · 3.4s
try  3 · gen  203 · best   1000.2 · elite    710.3 · median    207.7 · years  18.4 · road 0.41 · starved   690 · nobles  +3.2 · read 24.9 · walls  1.8 · fell 67.0% (mother 29.8%) · prince 29.5% · king 21.8% · crowned 17.2% (median year 24) · 3.4s
try  4 · gen  203 · best   1042.4 · elite    676.1 · median    204.0 · years  19.2 · road 0.34 · starved   679 · nobles  +6.6 · read  3.8 · walls  1.7 · fell 66.9% (mother 27.1%) · prince 27.5% · king 20.8% · crowned 16.5% (median year 24) · 3.4s
try  5 · gen  203 · best   1217.5 · elite    704.8 · median    201.5 · years  16.6 · road 0.36 · starved   800 · nobles  +4.8 · read  9.6 · walls  1.1 · fell 70.4% (mother 32.7%) · prince 26.7% · king 21.4% · crowned 17.3% (median year 22) · 3.4s
try  6 · gen  203 · best    417.7 · elite    187.8 · median     49.8 · years  56.3 · road 0.41 · starved  1049 · nobles  -5.2 · read 77.9 · walls  5.4 · fell 70.4% (mother 37.0%) · prince 13.5% · king  0.5% · crowned  0.1% (median year 85) · 3.4s
try  7 · gen  203 · best    913.3 · elite    497.9 · median     51.5 · years  26.8 · road 0.35 · starved  1218 · nobles  +7.4 · read 49.7 · walls  3.1 · fell 83.1% (mother 35.3%) · prince 17.1% · king 12.8% · crowned 10.9% (median year 42) · 3.4s
try  8 · gen  203 · best   1229.4 · elite    817.6 · median    250.9 · years  18.6 · road 0.45 · starved   745 · nobles  +4.3 · read  9.1 · walls  4.0 · fell 50.7% (mother 30.8%) · prince 36.0% · king 27.1% · crowned 20.8% (median year 23) · 3.4s
try  1 · gen  204 · best   1213.6 · elite    777.8 · median    255.5 · years  20.5 · road 0.48 · starved  1405 · nobles  +3.5 · read 17.7 · walls  5.1 · fell 53.9% (mother 33.0%) · prince 38.7% · king 26.1% · crowned 19.7% (median year 25) · 3.3s
try  2 · gen  204 · best    965.0 · elite    525.6 · median     79.7 · years  27.1 · road 0.38 · starved  1051 · nobles  -5.5 · read 29.6 · walls  2.9 · fell 84.5% (mother 36.6%) · prince 18.2% · king 13.2% · crowned 10.6% (median year 44) · 3.3s
try  3 · gen  204 · best   1029.1 · elite    693.9 · median    211.9 · years  18.6 · road 0.41 · starved   663 · nobles  +3.0 · read 25.8 · walls  1.9 · fell 66.7% (mother 26.9%) · prince 28.8% · king 21.8% · crowned 16.9% (median year 23) · 3.3s
try  4 · gen  204 · best   1034.0 · elite    688.2 · median    203.5 · years  19.4 · road 0.35 · starved   697 · nobles  +6.8 · read  4.2 · walls  1.7 · fell 66.0% (mother 26.5%) · prince 27.9% · king 20.1% · crowned 16.4% (median year 23) · 3.3s
try  5 · gen  204 · best   1213.4 · elite    750.3 · median    199.1 · years  16.8 · road 0.36 · starved   742 · nobles  +5.2 · read  9.5 · walls  1.2 · fell 69.8% (mother 31.4%) · prince 27.5% · king 22.1% · crowned 17.7% (median year 23) · 3.3s
try  6 · gen  204 · best    306.8 · elite    178.0 · median     52.2 · years  56.3 · road 0.41 · starved  1043 · nobles  -5.4 · read 79.6 · walls  5.6 · fell 70.6% (mother 36.5%) · prince 14.5% · king  0.3% · crowned  0.0% (median year 81) · 3.3s
try  7 · gen  204 · best    895.5 · elite    503.8 · median     49.6 · years  26.6 · road 0.34 · starved  1184 · nobles  +7.3 · read 50.8 · walls  3.1 · fell 81.2% (mother 33.7%) · prince 17.4% · king 13.2% · crowned 11.6% (median year 41) · 3.3s
try  8 · gen  204 · best   1198.1 · elite    827.5 · median    273.8 · years  18.3 · road 0.45 · starved   746 · nobles  +4.3 · read  8.2 · walls  4.1 · fell 50.8% (mother 32.0%) · prince 36.8% · king 27.3% · crowned 21.1% (median year 23) · 3.3s
try  1 · gen  205 · best   1438.5 · elite    799.9 · median    250.9 · years  20.3 · road 0.48 · starved  1232 · nobles  +3.4 · read 17.1 · walls  4.8 · fell 55.1% (mother 35.0%) · prince 37.9% · king 26.1% · crowned 19.6% (median year 25) · 3.4s
try  2 · gen  205 · best   1089.7 · elite    486.3 · median     68.7 · years  27.0 · road 0.37 · starved  1137 · nobles  -5.1 · read 30.5 · walls  2.7 · fell 86.0% (mother 38.3%) · prince 18.3% · king 13.1% · crowned 10.0% (median year 43) · 3.4s
try  3 · gen  205 · best   1026.2 · elite    696.3 · median    218.1 · years  18.1 · road 0.41 · starved   655 · nobles  +2.9 · read 24.7 · walls  1.9 · fell 66.4% (mother 28.5%) · prince 29.6% · king 21.9% · crowned 17.0% (median year 23) · 3.4s
try  4 · gen  205 · best   1254.5 · elite    667.5 · median    203.2 · years  19.8 · road 0.35 · starved   727 · nobles  +7.5 · read  4.2 · walls  1.8 · fell 67.0% (mother 25.7%) · prince 27.8% · king 20.3% · crowned 16.3% (median year 24) · 3.4s
try  5 · gen  205 · best    986.6 · elite    718.4 · median    201.8 · years  16.8 · road 0.36 · starved   805 · nobles  +5.3 · read  9.2 · walls  1.3 · fell 69.4% (mother 31.8%) · prince 27.5% · king 22.0% · crowned 18.0% (median year 23) · 3.4s
try  6 · gen  205 · best    293.1 · elite    186.4 · median     54.1 · years  56.7 · road 0.42 · starved  1076 · nobles  -5.6 · read 78.0 · walls  5.7 · fell 71.0% (mother 38.9%) · prince 14.0% · king  0.3% · crowned  0.1% (median year 68) · 3.4s
try  7 · gen  205 · best    737.1 · elite    503.7 · median     96.9 · years  27.0 · road 0.35 · starved  1159 · nobles  +7.0 · read 51.6 · walls  3.3 · fell 80.8% (mother 34.5%) · prince 17.9% · king 13.1% · crowned 11.6% (median year 40) · 3.4s
try  8 · gen  205 · best   1476.3 · elite    813.5 · median    254.3 · years  18.9 · road 0.46 · starved   787 · nobles  +3.6 · read  8.5 · walls  4.3 · fell 52.1% (mother 32.4%) · prince 36.4% · king 26.7% · crowned 20.3% (median year 23) · 3.4s
try  1 · gen  206 · best   1251.1 · elite    771.3 · median    255.8 · years  20.6 · road 0.49 · starved  1248 · nobles  +3.3 · read 18.7 · walls  5.0 · fell 53.9% (mother 32.7%) · prince 38.5% · king 26.3% · crowned 19.9% (median year 25) · 3.5s
try  2 · gen  206 · best    898.7 · elite    502.4 · median     74.2 · years  27.1 · road 0.37 · starved  1044 · nobles  -4.4 · read 30.5 · walls  2.6 · fell 85.0% (mother 36.8%) · prince 18.5% · king 13.4% · crowned 10.5% (median year 44) · 3.5s
try  3 · gen  206 · best   1184.9 · elite    724.1 · median    220.5 · years  18.2 · road 0.41 · starved   667 · nobles  +3.2 · read 24.1 · walls  1.9 · fell 67.1% (mother 29.0%) · prince 29.7% · king 22.3% · crowned 17.5% (median year 23) · 3.5s
try  4 · gen  206 · best    966.4 · elite    633.6 · median    199.1 · years  19.5 · road 0.34 · starved   727 · nobles  +7.1 · read  3.5 · walls  1.7 · fell 67.7% (mother 25.8%) · prince 26.5% · king 19.2% · crowned 15.7% (median year 23) · 3.5s
try  5 · gen  206 · best   1356.5 · elite    746.6 · median    206.5 · years  16.5 · road 0.35 · starved   773 · nobles  +5.7 · read  9.6 · walls  1.3 · fell 69.5% (mother 31.1%) · prince 26.9% · king 21.8% · crowned 17.9% (median year 23) · 3.5s
try  6 · gen  206 · best    300.2 · elite    193.5 · median     55.1 · years  56.7 · road 0.42 · starved  1052 · nobles  -5.6 · read 78.4 · walls  6.0 · fell 70.9% (mother 38.0%) · prince 14.9% · king  0.4% · crowned  0.1% (median year 76) · 3.5s
try  7 · gen  206 · best    924.3 · elite    540.8 · median     88.9 · years  27.1 · road 0.35 · starved  1166 · nobles  +7.3 · read 51.5 · walls  3.4 · fell 80.8% (mother 34.0%) · prince 17.7% · king 13.3% · crowned 11.7% (median year 41) · 3.5s
try  8 · gen  206 · best   1305.7 · elite    806.7 · median    254.7 · years  18.9 · road 0.46 · starved   791 · nobles  +3.6 · read  8.7 · walls  4.2 · fell 51.4% (mother 34.3%) · prince 36.0% · king 26.8% · crowned 20.3% (median year 24) · 3.5s
try  1 · gen  207 · best   1243.3 · elite    802.3 · median    242.8 · years  19.9 · road 0.48 · starved   899 · nobles  +3.0 · read 17.7 · walls  4.9 · fell 54.0% (mother 32.7%) · prince 38.3% · king 25.4% · crowned 19.6% (median year 24) · 3.5s
try  2 · gen  207 · best   1101.4 · elite    481.4 · median     63.9 · years  27.0 · road 0.37 · starved  1073 · nobles  -4.8 · read 30.6 · walls  2.5 · fell 86.2% (mother 37.2%) · prince 18.1% · king 12.5% · crowned  9.6% (median year 43) · 3.5s
try  3 · gen  207 · best   1249.0 · elite    722.3 · median    210.2 · years  17.9 · road 0.40 · starved   648 · nobles  +3.7 · read 22.8 · walls  1.8 · fell 66.4% (mother 29.2%) · prince 28.4% · king 21.7% · crowned 17.5% (median year 23) · 3.5s
try  4 · gen  207 · best   1239.1 · elite    667.4 · median    194.7 · years  19.5 · road 0.35 · starved   746 · nobles  +6.9 · read  3.6 · walls  1.6 · fell 68.4% (mother 28.8%) · prince 27.0% · king 19.7% · crowned 16.0% (median year 23) · 3.5s
try  5 · gen  207 · best   1318.0 · elite    737.3 · median    198.1 · years  16.6 · road 0.35 · starved   732 · nobles  +6.2 · read  9.6 · walls  1.2 · fell 68.7% (mother 29.4%) · prince 26.9% · king 21.9% · crowned 17.9% (median year 22) · 3.5s
try  6 · gen  207 · best    265.2 · elite    184.4 · median     53.8 · years  57.1 · road 0.42 · starved  1088 · nobles  -5.3 · read 79.9 · walls  6.0 · fell 71.3% (mother 36.4%) · prince 14.6% · king  0.4% · crowned  0.1% (median year 86) · 3.5s
try  7 · gen  207 · best    885.3 · elite    519.5 · median    105.1 · years  26.8 · road 0.35 · starved  1053 · nobles  +7.5 · read 51.3 · walls  3.3 · fell 81.0% (mother 33.2%) · prince 17.9% · king 13.4% · crowned 12.1% (median year 41) · 3.5s
try  8 · gen  207 · best   1229.9 · elite    818.8 · median    259.5 · years  18.8 · road 0.46 · starved   792 · nobles  +4.0 · read  8.6 · walls  4.1 · fell 50.6% (mother 32.8%) · prince 36.9% · king 27.4% · crowned 20.6% (median year 23) · 3.5s
try  1 · gen  208 · best   1215.3 · elite    784.9 · median    251.3 · years  20.1 · road 0.49 · starved  1011 · nobles  +3.0 · read 17.6 · walls  5.0 · fell 53.8% (mother 32.2%) · prince 37.8% · king 26.0% · crowned 19.5% (median year 24) · 3.3s
try  2 · gen  208 · best    787.7 · elite    478.2 · median     60.0 · years  26.7 · road 0.37 · starved  1201 · nobles  -4.2 · read 30.2 · walls  2.4 · fell 85.8% (mother 37.3%) · prince 17.2% · king 12.1% · crowned  9.8% (median year 43) · 3.3s
try  3 · gen  208 · best   1254.5 · elite    740.9 · median    214.3 · years  18.0 · road 0.40 · starved   664 · nobles  +3.4 · read 23.1 · walls  1.8 · fell 66.2% (mother 28.9%) · prince 28.9% · king 21.9% · crowned 17.2% (median year 23) · 3.3s
try  4 · gen  208 · best   1021.9 · elite    673.8 · median    190.4 · years  19.3 · road 0.34 · starved   768 · nobles  +6.6 · read  3.5 · walls  1.6 · fell 68.0% (mother 28.8%) · prince 26.6% · king 19.9% · crowned 15.5% (median year 23) · 3.3s
try  5 · gen  208 · best   1222.5 · elite    737.7 · median    205.0 · years  17.1 · road 0.35 · starved   741 · nobles  +6.6 · read  9.7 · walls  1.2 · fell 68.3% (mother 29.0%) · prince 27.2% · king 21.8% · crowned 18.4% (median year 23) · 3.3s
try  6 · gen  208 · best    319.3 · elite    183.1 · median     53.1 · years  58.0 · road 0.42 · starved  1031 · nobles  -5.9 · read 85.0 · walls  5.9 · fell 69.9% (mother 36.0%) · prince 15.0% · king  0.3% · crowned  0.1% (median year 78) · 3.3s
try  7 · gen  208 · best    933.3 · elite    532.5 · median    138.9 · years  26.4 · road 0.35 · starved  1011 · nobles  +7.7 · read 49.4 · walls  3.3 · fell 80.2% (mother 32.2%) · prince 18.0% · king 14.1% · crowned 12.6% (median year 41) · 3.3s
try  8 · gen  208 · best   1265.4 · elite    791.4 · median    257.2 · years  18.6 · road 0.45 · starved   805 · nobles  +4.1 · read  9.3 · walls  4.2 · fell 50.7% (mother 33.8%) · prince 36.7% · king 26.2% · crowned 19.7% (median year 23) · 3.3s
try  1 · gen  209 · best   1247.3 · elite    815.0 · median    254.3 · years  19.9 · road 0.48 · starved   852 · nobles  +3.1 · read 15.5 · walls  5.0 · fell 54.3% (mother 31.6%) · prince 37.3% · king 26.6% · crowned 20.1% (median year 25) · 3.4s
try  2 · gen  209 · best    855.7 · elite    491.2 · median     61.0 · years  26.1 · road 0.36 · starved  1106 · nobles  -2.5 · read 31.1 · walls  2.2 · fell 85.7% (mother 37.9%) · prince 18.1% · king 12.4% · crowned 10.1% (median year 41) · 3.4s
try  3 · gen  209 · best   1266.4 · elite    722.5 · median    216.6 · years  18.0 · road 0.41 · starved   640 · nobles  +3.1 · read 23.1 · walls  1.9 · fell 65.5% (mother 26.9%) · prince 28.9% · king 22.1% · crowned 17.5% (median year 23) · 3.4s
try  4 · gen  209 · best   1208.7 · elite    659.1 · median    194.7 · years  19.0 · road 0.34 · starved   734 · nobles  +6.5 · read  3.6 · walls  1.5 · fell 68.5% (mother 30.1%) · prince 26.5% · king 19.8% · crowned 15.9% (median year 24) · 3.4s
try  5 · gen  209 · best   1206.8 · elite    720.5 · median    195.7 · years  17.0 · road 0.35 · starved   938 · nobles  +6.2 · read  8.6 · walls  1.1 · fell 68.8% (mother 28.9%) · prince 26.9% · king 21.3% · crowned 18.0% (median year 23) · 3.4s
try  6 · gen  209 · best    366.4 · elite    189.7 · median     55.8 · years  58.6 · road 0.42 · starved  1021 · nobles  -6.3 · read 86.9 · walls  5.6 · fell 69.8% (mother 36.0%) · prince 15.3% · king  0.5% · crowned  0.2% (median year 74) · 3.4s
try  7 · gen  209 · best    833.1 · elite    510.0 · median    134.3 · years  26.3 · road 0.35 · starved  1049 · nobles  +6.7 · read 48.5 · walls  3.0 · fell 80.0% (mother 32.8%) · prince 18.5% · king 14.1% · crowned 12.5% (median year 40) · 3.4s
try  8 · gen  209 · best   1076.8 · elite    790.0 · median    259.1 · years  18.6 · road 0.46 · starved   784 · nobles  +4.3 · read  8.8 · walls  4.3 · fell 50.1% (mother 33.2%) · prince 37.2% · king 27.2% · crowned 20.3% (median year 23) · 3.4s
try  1 · gen  210 · best   1039.1 · elite    787.7 · median    244.8 · years  20.2 · road 0.48 · starved   951 · nobles  +3.1 · read 16.1 · walls  5.0 · fell 54.2% (mother 31.4%) · prince 37.0% · king 26.0% · crowned 19.5% (median year 25) · 3.3s
try  2 · gen  210 · best    867.8 · elite    518.5 · median     45.1 · years  25.3 · road 0.34 · starved  1070 · nobles  +0.5 · read 31.9 · walls  1.9 · fell 85.5% (mother 40.8%) · prince 17.0% · king 12.4% · crowned 10.2% (median year 40) · 3.3s
try  3 · gen  210 · best   1181.0 · elite    709.5 · median    215.2 · years  18.0 · road 0.41 · starved   641 · nobles  +2.7 · read 23.2 · walls  2.0 · fell 65.9% (mother 26.8%) · prince 28.9% · king 22.1% · crowned 17.5% (median year 23) · 3.3s
try  4 · gen  210 · best   1333.3 · elite    693.2 · median    199.0 · years  19.2 · road 0.34 · starved   746 · nobles  +7.0 · read  3.8 · walls  1.6 · fell 66.5% (mother 28.8%) · prince 27.2% · king 20.1% · crowned 16.1% (median year 23) · 3.3s
try  5 · gen  210 · best   1272.2 · elite    765.4 · median    201.6 · years  16.7 · road 0.35 · starved   802 · nobles  +6.5 · read  8.1 · walls  1.0 · fell 68.4% (mother 30.1%) · prince 27.3% · king 22.2% · crowned 18.6% (median year 23) · 3.3s
try  6 · gen  210 · best    285.0 · elite    188.1 · median     60.1 · years  59.5 · road 0.42 · starved   976 · nobles  -7.2 · read 90.0 · walls  5.4 · fell 69.7% (mother 34.7%) · prince 14.8% · king  0.3% · crowned  0.0% (median year 78) · 3.3s
try  7 · gen  210 · best    903.3 · elite    532.2 · median    135.9 · years  26.1 · road 0.35 · starved   987 · nobles  +6.6 · read 48.4 · walls  3.0 · fell 78.8% (mother 31.4%) · prince 18.5% · king 14.2% · crowned 12.6% (median year 39) · 3.3s
try  8 · gen  210 · best   1435.6 · elite    805.7 · median    273.6 · years  18.6 · road 0.45 · starved   810 · nobles  +4.3 · read  9.3 · walls  4.3 · fell 50.6% (mother 34.8%) · prince 37.6% · king 27.1% · crowned 20.6% (median year 23) · 3.3s
try  1 · gen  211 · best   1216.5 · elite    785.5 · median    262.7 · years  20.0 · road 0.48 · starved  1375 · nobles  +3.5 · read 14.9 · walls  5.1 · fell 53.8% (mother 32.3%) · prince 37.0% · king 25.7% · crowned 20.0% (median year 24) · 3.3s
try  2 · gen  211 · best    928.4 · elite    495.3 · median     24.9 · years  24.4 · road 0.33 · starved  1097 · nobles  +2.2 · read 31.6 · walls  1.6 · fell 86.0% (mother 42.1%) · prince 16.1% · king 11.6% · crowned  9.8% (median year 38) · 3.3s
try  3 · gen  211 · best   1036.1 · elite    741.3 · median    217.0 · years  18.0 · road 0.41 · starved   628 · nobles  +3.3 · read 23.0 · walls  2.0 · fell 65.1% (mother 25.4%) · prince 28.1% · king 21.8% · crowned 18.0% (median year 23) · 3.3s
try  4 · gen  211 · best   1003.6 · elite    704.3 · median    198.1 · years  18.6 · road 0.34 · starved   750 · nobles  +7.1 · read  3.7 · walls  1.5 · fell 68.3% (mother 30.6%) · prince 27.4% · king 20.0% · crowned 16.1% (median year 23) · 3.3s
try  5 · gen  211 · best   1175.0 · elite    690.0 · median    192.6 · years  16.8 · road 0.35 · starved   813 · nobles  +6.0 · read  7.5 · walls  1.0 · fell 70.6% (mother 30.5%) · prince 26.7% · king 21.0% · crowned 17.5% (median year 23) · 3.3s
try  6 · gen  211 · best    296.8 · elite    192.0 · median     57.9 · years  59.5 · road 0.42 · starved   970 · nobles  -7.8 · read 90.9 · walls  4.9 · fell 68.2% (mother 33.3%) · prince 13.6% · king  0.2% · crowned  0.1% (median year 83) · 3.3s
try  7 · gen  211 · best    879.0 · elite    520.3 · median    140.2 · years  26.0 · road 0.35 · starved  1061 · nobles  +6.5 · read 49.1 · walls  3.1 · fell 78.8% (mother 33.3%) · prince 18.5% · king 14.4% · crowned 12.6% (median year 39) · 3.3s
try  8 · gen  211 · best   1290.0 · elite    813.9 · median    254.7 · years  18.4 · road 0.45 · starved   847 · nobles  +4.2 · read  9.0 · walls  4.2 · fell 52.4% (mother 37.1%) · prince 37.2% · king 27.1% · crowned 19.8% (median year 23) · 3.3s
try  1 · gen  212 · best   1209.8 · elite    788.1 · median    242.7 · years  19.3 · road 0.48 · starved   853 · nobles  +3.4 · read 13.9 · walls  5.1 · fell 54.3% (mother 32.5%) · prince 36.9% · king 25.1% · crowned 19.3% (median year 24) · 3.3s
try  2 · gen  212 · best    886.8 · elite    507.4 · median     34.4 · years  24.2 · road 0.32 · starved  1121 · nobles  +3.9 · read 31.6 · walls  1.5 · fell 85.5% (mother 44.1%) · prince 16.8% · king 12.5% · crowned 10.3% (median year 37) · 3.3s
try  3 · gen  212 · best   1217.1 · elite    707.4 · median    218.2 · years  17.9 · road 0.41 · starved   665 · nobles  +3.4 · read 22.5 · walls  2.2 · fell 66.3% (mother 27.2%) · prince 27.7% · king 21.4% · crowned 17.5% (median year 23) · 3.3s
try  4 · gen  212 · best   1045.0 · elite    668.8 · median    198.5 · years  18.5 · road 0.34 · starved   730 · nobles  +6.7 · read  3.9 · walls  1.5 · fell 67.7% (mother 30.4%) · prince 27.5% · king 19.8% · crowned 16.0% (median year 23) · 3.3s
try  5 · gen  212 · best   1210.3 · elite    733.5 · median    197.1 · years  16.9 · road 0.35 · starved   720 · nobles  +6.2 · read  8.0 · walls  1.0 · fell 68.5% (mother 29.5%) · prince 27.3% · king 21.9% · crowned 18.1% (median year 23) · 3.3s
try  6 · gen  212 · best    366.1 · elite    197.3 · median     61.9 · years  60.5 · road 0.42 · starved   959 · nobles  -8.2 · read 92.4 · walls  4.8 · fell 67.8% (mother 32.4%) · prince 14.3% · king  0.2% · crowned  0.1% (median year 81) · 3.3s
try  7 · gen  212 · best    979.2 · elite    530.3 · median    130.7 · years  25.5 · road 0.35 · starved  1088 · nobles  +6.9 · read 47.5 · walls  3.3 · fell 79.0% (mother 34.7%) · prince 18.6% · king 14.1% · crowned 12.4% (median year 38) · 3.3s
try  8 · gen  212 · best   1201.3 · elite    801.4 · median    254.4 · years  18.8 · road 0.46 · starved   875 · nobles  +4.3 · read  8.9 · walls  4.2 · fell 52.5% (mother 37.0%) · prince 37.8% · king 26.7% · crowned 19.9% (median year 23) · 3.3s
try  1 · gen  213 · best   1296.8 · elite    804.7 · median    269.7 · years  19.1 · road 0.48 · starved  1069 · nobles  +3.8 · read 13.5 · walls  5.0 · fell 53.3% (mother 32.9%) · prince 37.7% · king 26.7% · crowned 20.2% (median year 23) · 3.3s
try  2 · gen  213 · best    894.9 · elite    526.5 · median    105.0 · years  24.5 · road 0.32 · starved  1137 · nobles  +4.5 · read 31.6 · walls  1.5 · fell 84.2% (mother 41.5%) · prince 17.8% · king 13.6% · crowned 11.6% (median year 38) · 3.3s
try  3 · gen  213 · best   1200.4 · elite    715.5 · median    209.0 · years  18.0 · road 0.41 · starved   648 · nobles  +3.5 · read 22.7 · walls  2.3 · fell 66.7% (mother 27.7%) · prince 28.2% · king 21.3% · crowned 17.3% (median year 23) · 3.3s
try  4 · gen  213 · best    996.1 · elite    675.7 · median    195.1 · years  18.5 · road 0.34 · starved   743 · nobles  +6.5 · read  4.1 · walls  1.5 · fell 69.2% (mother 30.2%) · prince 26.9% · king 20.1% · crowned 15.8% (median year 23) · 3.3s
try  5 · gen  213 · best   1095.7 · elite    713.5 · median    201.7 · years  16.8 · road 0.36 · starved   869 · nobles  +5.8 · read  8.2 · walls  1.2 · fell 69.9% (mother 32.1%) · prince 27.9% · king 22.1% · crowned 18.0% (median year 23) · 3.3s
try  6 · gen  213 · best    354.2 · elite    194.6 · median     59.6 · years  59.3 · road 0.42 · starved   928 · nobles  -8.2 · read 86.0 · walls  4.6 · fell 69.2% (mother 31.8%) · prince 14.2% · king  0.3% · crowned  0.1% (median year 87) · 3.3s
try  7 · gen  213 · best   1147.2 · elite    517.6 · median    137.9 · years  24.9 · road 0.35 · starved  1090 · nobles  +6.5 · read 47.3 · walls  3.1 · fell 78.2% (mother 34.2%) · prince 18.4% · king 13.9% · crowned 12.1% (median year 36) · 3.3s
try  8 · gen  213 · best   1260.5 · elite    789.9 · median    255.8 · years  18.8 · road 0.46 · starved   873 · nobles  +4.1 · read  9.4 · walls  4.4 · fell 52.7% (mother 36.7%) · prince 38.3% · king 26.4% · crowned 19.8% (median year 23) · 3.3s
try  1 · gen  214 · best   1441.6 · elite    801.1 · median    249.4 · years  18.9 · road 0.47 · starved  1132 · nobles  +3.5 · read 13.4 · walls  5.0 · fell 55.5% (mother 36.2%) · prince 35.5% · king 25.6% · crowned 19.5% (median year 23) · 3.4s
try  2 · gen  214 · best    899.4 · elite    507.5 · median     64.9 · years  24.3 · road 0.32 · starved  1185 · nobles  +5.2 · read 31.1 · walls  1.6 · fell 83.4% (mother 42.9%) · prince 17.9% · king 13.3% · crowned 11.4% (median year 36) · 3.4s
try  3 · gen  214 · best   1175.6 · elite    728.5 · median    214.7 · years  18.1 · road 0.41 · starved   658 · nobles  +3.6 · read 22.7 · walls  2.3 · fell 66.7% (mother 28.4%) · prince 28.8% · king 22.2% · crowned 18.0% (median year 23) · 3.4s
try  4 · gen  214 · best   1034.5 · elite    652.1 · median    194.5 · years  18.4 · road 0.33 · starved   714 · nobles  +6.8 · read  4.2 · walls  1.4 · fell 68.6% (mother 29.3%) · prince 26.6% · king 19.2% · crowned 15.5% (median year 23) · 3.4s
try  5 · gen  214 · best   1228.5 · elite    760.0 · median    208.8 · years  16.5 · road 0.36 · starved   833 · nobles  +5.7 · read  8.9 · walls  1.2 · fell 68.7% (mother 32.4%) · prince 28.3% · king 22.0% · crowned 18.3% (median year 23) · 3.4s
try  6 · gen  214 · best    284.8 · elite    198.4 · median     62.1 · years  60.2 · road 0.42 · starved   942 · nobles  -8.5 · read 87.8 · walls  4.6 · fell 68.6% (mother 32.8%) · prince 14.0% · king  0.1% · crowned  0.1% (median year 92) · 3.4s
try  7 · gen  214 · best    983.9 · elite    540.8 · median    143.6 · years  24.4 · road 0.35 · starved  1052 · nobles  +6.1 · read 44.7 · walls  3.2 · fell 77.6% (mother 35.8%) · prince 18.9% · king 14.4% · crowned 12.6% (median year 35) · 3.4s
try  8 · gen  214 · best   1293.2 · elite    807.9 · median    253.2 · years  18.3 · road 0.45 · starved   846 · nobles  +4.2 · read  8.4 · walls  4.2 · fell 52.9% (mother 37.2%) · prince 36.0% · king 25.9% · crowned 19.7% (median year 23) · 3.4s
try  1 · gen  215 · best   1228.8 · elite    790.1 · median    245.4 · years  18.4 · road 0.47 · starved   895 · nobles  +3.8 · read 14.1 · walls  4.7 · fell 56.0% (mother 37.0%) · prince 35.6% · king 25.7% · crowned 19.6% (median year 23) · 3.4s
try  2 · gen  215 · best    937.4 · elite    532.7 · median     78.1 · years  24.0 · road 0.33 · starved  1111 · nobles  +4.7 · read 30.8 · walls  1.7 · fell 82.6% (mother 42.2%) · prince 17.9% · king 13.7% · crowned 11.6% (median year 35) · 3.4s
try  3 · gen  215 · best   1214.8 · elite    745.5 · median    210.5 · years  18.4 · road 0.41 · starved   680 · nobles  +3.5 · read 22.9 · walls  2.3 · fell 67.7% (mother 28.1%) · prince 28.9% · king 22.3% · crowned 17.7% (median year 24) · 3.4s
try  4 · gen  215 · best   1009.1 · elite    687.0 · median    194.4 · years  18.6 · road 0.34 · starved   726 · nobles  +6.5 · read  4.4 · walls  1.4 · fell 68.1% (mother 27.2%) · prince 27.0% · king 19.9% · crowned 16.0% (median year 23) · 3.4s
try  5 · gen  215 · best   1456.2 · elite    754.3 · median    202.5 · years  16.4 · road 0.36 · starved   765 · nobles  +5.9 · read  8.4 · walls  1.2 · fell 69.3% (mother 32.5%) · prince 27.4% · king 21.9% · crowned 18.3% (median year 23) · 3.4s
try  6 · gen  215 · best    341.9 · elite    191.8 · median     62.0 · years  59.1 · road 0.42 · starved   945 · nobles  -8.4 · read 85.0 · walls  4.4 · fell 70.2% (mother 31.8%) · prince 15.1% · king  0.1% · crowned  0.1% (median year 91) · 3.4s
try  7 · gen  215 · best    840.4 · elite    516.8 · median    148.4 · years  24.4 · road 0.35 · starved  1090 · nobles  +5.9 · read 45.0 · walls  3.3 · fell 77.2% (mother 36.3%) · prince 19.5% · king 14.7% · crowned 12.5% (median year 35) · 3.4s
try  8 · gen  215 · best   1252.4 · elite    812.2 · median    246.3 · years  18.4 · road 0.45 · starved   873 · nobles  +4.2 · read  8.9 · walls  4.2 · fell 54.0% (mother 37.5%) · prince 37.0% · king 26.6% · crowned 19.8% (median year 23) · 3.4s
try  1 · gen  216 · best   1183.0 · elite    783.4 · median    245.2 · years  19.0 · road 0.47 · starved   870 · nobles  +4.0 · read 15.2 · walls  4.9 · fell 54.6% (mother 34.3%) · prince 35.9% · king 25.6% · crowned 19.3% (median year 23) · 3.2s
try  2 · gen  216 · best    922.3 · elite    521.2 · median    116.5 · years  23.7 · road 0.33 · starved  1140 · nobles  +5.5 · read 30.3 · walls  1.7 · fell 81.9% (mother 42.1%) · prince 18.7% · king 14.3% · crowned 11.9% (median year 33) · 3.2s
try  3 · gen  216 · best   1263.9 · elite    699.3 · median    214.3 · years  17.9 · road 0.41 · starved   681 · nobles  +3.3 · read 22.1 · walls  2.2 · fell 68.0% (mother 29.5%) · prince 27.7% · king 21.8% · crowned 17.0% (median year 23) · 3.2s
try  4 · gen  216 · best    996.5 · elite    696.7 · median    197.1 · years  18.5 · road 0.34 · starved   690 · nobles  +6.8 · read  4.1 · walls  1.3 · fell 67.9% (mother 26.5%) · prince 27.2% · king 19.7% · crowned 16.5% (median year 23) · 3.2s
try  5 · gen  216 · best   1502.5 · elite    775.2 · median    205.2 · years  16.4 · road 0.35 · starved   945 · nobles  +6.7 · read  8.2 · walls  1.1 · fell 67.8% (mother 31.5%) · prince 27.8% · king 22.5% · crowned 18.9% (median year 22) · 3.2s
try  6 · gen  216 · best    345.9 · elite    191.0 · median     62.4 · years  58.6 · road 0.42 · starved   976 · nobles  -8.2 · read 82.6 · walls  4.4 · fell 69.0% (mother 33.6%) · prince 13.4% · king  0.2% · crowned  0.1% (median year 89) · 3.2s
try  7 · gen  216 · best   1066.8 · elite    528.4 · median    146.0 · years  24.6 · road 0.35 · starved  1081 · nobles  +6.3 · read 44.6 · walls  3.4 · fell 76.4% (mother 37.3%) · prince 20.2% · king 15.2% · crowned 13.0% (median year 35) · 3.2s
try  8 · gen  216 · best   1223.8 · elite    793.9 · median    243.4 · years  18.2 · road 0.45 · starved   856 · nobles  +4.1 · read  8.6 · walls  4.2 · fell 54.6% (mother 38.9%) · prince 36.0% · king 25.8% · crowned 19.7% (median year 23) · 3.2s
try  1 · gen  217 · best   1214.7 · elite    770.1 · median    245.1 · years  19.0 · road 0.48 · starved   931 · nobles  +4.4 · read 15.7 · walls  4.8 · fell 54.7% (mother 34.5%) · prince 36.2% · king 25.6% · crowned 19.3% (median year 23) · 3.2s
try  2 · gen  217 · best    954.6 · elite    565.4 · median     78.0 · years  23.4 · road 0.33 · starved  1109 · nobles  +6.1 · read 29.8 · walls  1.6 · fell 81.9% (mother 40.3%) · prince 18.3% · king 14.3% · crowned 12.1% (median year 33) · 3.2s
try  3 · gen  217 · best   1484.9 · elite    727.8 · median    209.2 · years  17.8 · road 0.41 · starved   677 · nobles  +3.1 · read 22.5 · walls  2.2 · fell 67.2% (mother 29.9%) · prince 28.0% · king 21.6% · crowned 17.6% (median year 24) · 3.2s
try  4 · gen  217 · best   1032.0 · elite    693.0 · median    200.4 · years  18.7 · road 0.34 · starved   708 · nobles  +7.0 · read  3.8 · walls  1.3 · fell 67.6% (mother 26.7%) · prince 27.7% · king 21.1% · crowned 17.0% (median year 23) · 3.2s
try  5 · gen  217 · best   1027.9 · elite    732.6 · median    209.7 · years  15.8 · road 0.35 · starved   671 · nobles  +6.1 · read  7.8 · walls  1.1 · fell 68.2% (mother 32.2%) · prince 27.5% · king 22.2% · crowned 18.9% (median year 22) · 3.2s
try  6 · gen  217 · best    281.6 · elite    186.1 · median     60.5 · years  58.8 · road 0.42 · starved  1065 · nobles  -8.5 · read 82.2 · walls  4.4 · fell 70.1% (mother 34.7%) · prince 13.7% · king  0.2% · crowned  0.1% (median year 83) · 3.2s
try  7 · gen  217 · best    888.7 · elite    531.9 · median    140.7 · years  24.1 · road 0.35 · starved  1127 · nobles  +5.9 · read 43.3 · walls  3.4 · fell 77.3% (mother 37.3%) · prince 20.1% · king 14.8% · crowned 12.8% (median year 35) · 3.2s
try  8 · gen  217 · best   1301.8 · elite    802.1 · median    253.4 · years  18.1 · road 0.45 · starved   823 · nobles  +4.1 · read  8.8 · walls  4.1 · fell 52.2% (mother 35.6%) · prince 35.3% · king 26.1% · crowned 20.1% (median year 22) · 3.2s
try  1 · gen  218 · best   1079.4 · elite    766.1 · median    246.2 · years  18.4 · road 0.47 · starved   866 · nobles  +4.7 · read 14.7 · walls  4.5 · fell 52.9% (mother 33.5%) · prince 35.9% · king 25.0% · crowned 19.3% (median year 23) · 3.2s
try  2 · gen  218 · best    855.4 · elite    526.3 · median    141.0 · years  23.3 · road 0.33 · starved  1087 · nobles  +6.4 · read 30.0 · walls  1.7 · fell 81.3% (mother 41.7%) · prince 18.8% · king 14.5% · crowned 12.4% (median year 33) · 3.2s
try  3 · gen  218 · best   1159.3 · elite    727.1 · median    207.5 · years  17.8 · road 0.41 · starved   670 · nobles  +3.0 · read 22.4 · walls  2.4 · fell 66.2% (mother 28.6%) · prince 29.1% · king 21.4% · crowned 17.3% (median year 23) · 3.2s
try  4 · gen  218 · best   1198.3 · elite    699.0 · median    195.4 · years  18.4 · road 0.34 · starved   714 · nobles  +6.3 · read  3.5 · walls  1.2 · fell 68.9% (mother 27.9%) · prince 27.3% · king 20.5% · crowned 16.4% (median year 24) · 3.2s
try  5 · gen  218 · best   1237.7 · elite    769.7 · median    205.7 · years  15.9 · road 0.34 · starved   666 · nobles  +6.3 · read  7.5 · walls  1.0 · fell 67.8% (mother 30.7%) · prince 27.3% · king 22.6% · crowned 19.2% (median year 22) · 3.2s
try  6 · gen  218 · best    309.4 · elite    189.9 · median     56.0 · years  58.1 · road 0.42 · starved  1006 · nobles  -8.7 · read 81.6 · walls  4.4 · fell 70.1% (mother 34.0%) · prince 14.5% · king  0.1% · crowned  0.0% (median year 88) · 3.2s
try  7 · gen  218 · best    988.4 · elite    582.6 · median    146.7 · years  24.0 · road 0.35 · starved   984 · nobles  +6.6 · read 43.4 · walls  3.1 · fell 75.8% (mother 36.6%) · prince 21.3% · king 15.6% · crowned 13.5% (median year 34) · 3.2s
try  8 · gen  218 · best   1474.5 · elite    814.9 · median    234.4 · years  17.6 · road 0.44 · starved   805 · nobles  +4.8 · read  8.4 · walls  4.1 · fell 53.3% (mother 35.5%) · prince 34.9% · king 25.6% · crowned 20.1% (median year 23) · 3.2s
try  1 · gen  219 · best   1237.9 · elite    769.9 · median    241.5 · years  18.1 · road 0.46 · starved   865 · nobles  +4.4 · read 14.1 · walls  4.3 · fell 55.0% (mother 35.5%) · prince 34.8% · king 24.9% · crowned 19.4% (median year 22) · 3.2s
try  2 · gen  219 · best   1104.0 · elite    556.9 · median    146.3 · years  23.4 · road 0.33 · starved  1055 · nobles  +6.2 · read 29.5 · walls  1.8 · fell 80.8% (mother 40.2%) · prince 19.1% · king 15.3% · crowned 13.0% (median year 32) · 3.2s
try  3 · gen  219 · best   1251.8 · elite    704.2 · median    212.3 · years  17.9 · road 0.41 · starved   665 · nobles  +3.6 · read 22.1 · walls  2.3 · fell 67.5% (mother 29.1%) · prince 28.8% · king 21.9% · crowned 17.2% (median year 23) · 3.2s
try  4 · gen  219 · best    983.2 · elite    702.2 · median    201.4 · years  18.5 · road 0.34 · starved   669 · nobles  +6.6 · read  3.6 · walls  1.2 · fell 67.8% (mother 26.3%) · prince 27.6% · king 21.2% · crowned 16.9% (median year 23) · 3.2s
try  5 · gen  219 · best   1231.4 · elite    773.1 · median    202.2 · years  15.8 · road 0.34 · starved   640 · nobles  +6.6 · read  7.2 · walls  0.9 · fell 67.2% (mother 31.8%) · prince 26.9% · king 22.2% · crowned 19.5% (median year 22) · 3.2s
try  6 · gen  219 · best    375.8 · elite    196.8 · median     57.8 · years  57.3 · road 0.42 · starved  1024 · nobles  -8.6 · read 79.1 · walls  4.4 · fell 71.2% (mother 34.3%) · prince 15.6% · king  0.1% · crowned  0.0% (median year 87) · 3.2s
try  7 · gen  219 · best    978.2 · elite    592.4 · median    152.6 · years  23.7 · road 0.35 · starved   935 · nobles  +6.4 · read 42.9 · walls  3.2 · fell 75.4% (mother 35.2%) · prince 20.4% · king 15.6% · crowned 14.0% (median year 33) · 3.2s
try  8 · gen  219 · best   1175.5 · elite    788.4 · median    255.4 · years  18.1 · road 0.46 · starved   807 · nobles  +4.6 · read  8.6 · walls  4.2 · fell 52.3% (mother 34.1%) · prince 35.6% · king 26.3% · crowned 20.1% (median year 23) · 3.2s
try  1 · gen  220 · best   1230.2 · elite    782.1 · median    241.3 · years  17.9 · road 0.46 · starved   856 · nobles  +4.4 · read 13.8 · walls  4.3 · fell 54.8% (mother 35.4%) · prince 34.2% · king 25.0% · crowned 19.5% (median year 23) · 3.2s
try  2 · gen  220 · best    939.9 · elite    569.0 · median    140.4 · years  23.4 · road 0.33 · starved  1029 · nobles  +6.8 · read 29.4 · walls  2.0 · fell 80.2% (mother 38.6%) · prince 19.1% · king 15.0% · crowned 13.3% (median year 32) · 3.2s
try  3 · gen  220 · best   1196.7 · elite    709.6 · median    203.9 · years  17.8 · road 0.41 · starved   676 · nobles  +3.0 · read 21.8 · walls  2.2 · fell 67.8% (mother 29.3%) · prince 28.1% · king 21.5% · crowned 17.4% (median year 24) · 3.2s
try  4 · gen  220 · best   1211.3 · elite    707.5 · median    204.4 · years  18.5 · road 0.34 · starved   640 · nobles  +6.6 · read  3.8 · walls  1.2 · fell 66.2% (mother 23.7%) · prince 27.8% · king 21.2% · crowned 17.5% (median year 23) · 3.2s
try  5 · gen  220 · best   1200.4 · elite    742.8 · median    207.4 · years  16.1 · road 0.34 · starved   642 · nobles  +6.1 · read  7.7 · walls  0.9 · fell 68.1% (mother 31.6%) · prince 26.9% · king 22.5% · crowned 18.5% (median year 22) · 3.2s
try  6 · gen  220 · best    315.9 · elite    193.9 · median     61.6 · years  57.7 · road 0.42 · starved  1156 · nobles  -8.8 · read 79.3 · walls  4.3 · fell 71.4% (mother 34.9%) · prince 17.9% · king  0.2% · crowned  0.1% (median year 84) · 3.2s
try  7 · gen  220 · best    958.3 · elite    597.7 · median    162.9 · years  23.8 · road 0.35 · starved   911 · nobles  +6.4 · read 43.0 · walls  3.2 · fell 74.8% (mother 33.2%) · prince 21.2% · king 16.1% · crowned 14.2% (median year 33) · 3.2s
try  8 · gen  220 · best   1486.8 · elite    832.0 · median    234.9 · years  17.9 · road 0.45 · starved   816 · nobles  +4.5 · read  8.3 · walls  4.1 · fell 53.8% (mother 35.1%) · prince 34.5% · king 26.2% · crowned 19.8% (median year 23) · 3.2s
try  1 · gen  221 · best   1207.4 · elite    762.0 · median    238.5 · years  18.3 · road 0.45 · starved   883 · nobles  +4.7 · read 14.3 · walls  4.2 · fell 56.0% (mother 36.2%) · prince 33.7% · king 24.8% · crowned 19.4% (median year 23) · 3.3s
try  2 · gen  221 · best   1093.6 · elite    565.2 · median    137.5 · years  23.2 · road 0.33 · starved  1058 · nobles  +7.4 · read 29.2 · walls  2.1 · fell 80.2% (mother 39.6%) · prince 18.5% · king 14.6% · crowned 12.8% (median year 32) · 3.3s
try  3 · gen  221 · best   1044.9 · elite    693.6 · median    209.3 · years  17.5 · road 0.41 · starved   691 · nobles  +2.3 · read 21.2 · walls  2.2 · fell 68.1% (mother 30.4%) · prince 28.3% · king 21.4% · crowned 16.7% (median year 22) · 3.3s
try  4 · gen  221 · best   1217.2 · elite    714.4 · median    205.0 · years  18.3 · road 0.34 · starved   644 · nobles  +6.6 · read  3.9 · walls  1.2 · fell 67.2% (mother 24.3%) · prince 27.1% · king 21.1% · crowned 17.6% (median year 23) · 3.3s
try  5 · gen  221 · best   1195.1 · elite    750.6 · median    199.5 · years  15.8 · road 0.34 · starved   671 · nobles  +6.1 · read  7.6 · walls  0.9 · fell 69.5% (mother 33.6%) · prince 26.2% · king 21.8% · crowned 18.7% (median year 22) · 3.3s
try  6 · gen  221 · best    346.0 · elite    187.6 · median     57.6 · years  57.0 · road 0.42 · starved  1070 · nobles  -8.8 · read 77.4 · walls  4.3 · fell 72.0% (mother 36.7%) · prince 17.3% · king  0.1% · crowned  0.0% (median year 83) · 3.3s
try  7 · gen  221 · best    980.6 · elite    587.0 · median    145.4 · years  24.1 · road 0.34 · starved  1211 · nobles  +6.6 · read 43.8 · walls  3.2 · fell 74.6% (mother 33.7%) · prince 20.7% · king 15.7% · crowned 13.6% (median year 33) · 3.3s
try  8 · gen  221 · best   1467.1 · elite    814.0 · median    263.0 · years  18.4 · road 0.47 · starved   766 · nobles  +4.5 · read  8.3 · walls  4.3 · fell 50.9% (mother 31.8%) · prince 36.3% · king 26.7% · crowned 20.8% (median year 22) · 3.3s
try  1 · gen  222 · best   1461.2 · elite    777.0 · median    242.2 · years  19.0 · road 0.46 · starved   870 · nobles  +4.2 · read 14.6 · walls  4.4 · fell 55.4% (mother 34.3%) · prince 34.3% · king 24.9% · crowned 19.4% (median year 23) · 3.5s
try  2 · gen  222 · best    970.2 · elite    574.5 · median    153.0 · years  23.3 · road 0.34 · starved  1032 · nobles  +7.0 · read 29.1 · walls  2.2 · fell 79.2% (mother 39.1%) · prince 18.6% · king 15.6% · crowned 13.8% (median year 32) · 3.5s
try  3 · gen  222 · best   1171.1 · elite    710.0 · median    200.5 · years  17.2 · road 0.40 · starved   658 · nobles  +2.5 · read 20.8 · walls  2.3 · fell 67.8% (mother 30.6%) · prince 27.1% · king 20.9% · crowned 17.1% (median year 23) · 3.5s
try  4 · gen  222 · best   1054.9 · elite    686.3 · median    206.4 · years  18.4 · road 0.34 · starved   634 · nobles  +6.4 · read  4.2 · walls  1.2 · fell 67.1% (mother 25.3%) · prince 26.7% · king 21.6% · crowned 17.9% (median year 23) · 3.5s
try  5 · gen  222 · best   1046.6 · elite    733.1 · median    199.8 · years  16.0 · road 0.34 · starved   677 · nobles  +5.9 · read  7.5 · walls  1.0 · fell 68.8% (mother 34.2%) · prince 26.5% · king 22.3% · crowned 18.7% (median year 22) · 3.5s
try  6 · gen  222 · best    299.7 · elite    201.4 · median     62.9 · years  57.7 · road 0.43 · starved  1100 · nobles  -8.9 · read 78.2 · walls  4.6 · fell 72.4% (mother 36.9%) · prince 17.6% · king  0.3% · crowned  0.1% (median year 79) · 3.5s
try  7 · gen  222 · best   1155.3 · elite    602.3 · median    160.6 · years  24.3 · road 0.35 · starved  1734 · nobles  +6.5 · read 44.3 · walls  3.2 · fell 74.3% (mother 31.5%) · prince 22.0% · king 16.4% · crowned 13.8% (median year 33) · 3.5s
try  8 · gen  222 · best   1252.4 · elite    818.8 · median    267.0 · years  18.9 · road 0.48 · starved   758 · nobles  +3.8 · read  8.3 · walls  4.4 · fell 50.2% (mother 31.0%) · prince 37.7% · king 27.0% · crowned 20.4% (median year 23) · 3.5s
try  1 · gen  223 · best   1243.3 · elite    784.5 · median    251.0 · years  19.2 · road 0.47 · starved   870 · nobles  +4.2 · read 15.1 · walls  4.3 · fell 53.9% (mother 33.2%) · prince 35.2% · king 26.0% · crowned 20.1% (median year 23) · 3.2s
try  2 · gen  223 · best   1204.9 · elite    571.7 · median    145.2 · years  23.3 · road 0.33 · starved  1026 · nobles  +7.0 · read 28.7 · walls  2.2 · fell 79.7% (mother 39.0%) · prince 19.3% · king 15.2% · crowned 13.4% (median year 32) · 3.2s
try  3 · gen  223 · best   1435.3 · elite    700.6 · median    212.4 · years  17.4 · road 0.41 · starved   685 · nobles  +3.1 · read 20.4 · walls  2.4 · fell 68.2% (mother 31.4%) · prince 27.8% · king 21.5% · crowned 17.1% (median year 23) · 3.2s
try  4 · gen  223 · best   1051.6 · elite    734.9 · median    205.9 · years  18.2 · road 0.34 · starved   628 · nobles  +6.1 · read  4.3 · walls  1.2 · fell 66.6% (mother 24.9%) · prince 27.4% · king 21.5% · crowned 17.5% (median year 23) · 3.2s
try  5 · gen  223 · best   1201.5 · elite    755.2 · median    197.1 · years  16.0 · road 0.34 · starved   700 · nobles  +6.0 · read  7.1 · walls  1.0 · fell 69.9% (mother 34.5%) · prince 26.6% · king 22.0% · crowned 18.6% (median year 22) · 3.2s
try  6 · gen  223 · best    323.3 · elite    195.3 · median     56.3 · years  56.3 · road 0.42 · starved  1112 · nobles  -8.3 · read 76.5 · walls  4.4 · fell 71.8% (mother 36.8%) · prince 16.8% · king  0.3% · crowned  0.1% (median year 74) · 3.2s
try  7 · gen  223 · best   1106.3 · elite    586.2 · median    163.5 · years  24.2 · road 0.34 · starved   932 · nobles  +7.0 · read 43.3 · walls  3.2 · fell 73.9% (mother 32.5%) · prince 21.3% · king 16.2% · crowned 14.2% (median year 33) · 3.2s
try  8 · gen  223 · best   1209.4 · elite    807.8 · median    273.0 · years  19.2 · road 0.47 · starved   798 · nobles  +4.3 · read  8.6 · walls  4.4 · fell 49.8% (mother 29.7%) · prince 37.3% · king 27.3% · crowned 20.4% (median year 23) · 3.2s
try  1 · gen  224 · best   1210.0 · elite    774.7 · median    233.3 · years  18.4 · road 0.46 · starved   910 · nobles  +4.3 · read 13.9 · walls  4.2 · fell 56.6% (mother 37.1%) · prince 33.9% · king 24.6% · crowned 18.9% (median year 23) · 3.2s
try  2 · gen  224 · best    951.1 · elite    569.9 · median    156.3 · years  23.6 · road 0.34 · starved  1016 · nobles  +6.9 · read 29.2 · walls  2.4 · fell 78.9% (mother 38.8%) · prince 19.4% · king 15.5% · crowned 13.5% (median year 32) · 3.2s
try  3 · gen  224 · best   1068.3 · elite    724.5 · median    216.4 · years  17.3 · road 0.41 · starved   655 · nobles  +3.1 · read 19.4 · walls  2.4 · fell 67.6% (mother 30.6%) · prince 28.7% · king 22.0% · crowned 17.6% (median year 23) · 3.2s
try  4 · gen  224 · best   1055.1 · elite    692.5 · median    203.4 · years  18.3 · road 0.34 · starved   659 · nobles  +5.9 · read  4.6 · walls  1.3 · fell 68.7% (mother 26.0%) · prince 26.9% · king 21.3% · crowned 17.1% (median year 23) · 3.2s
try  5 · gen  224 · best   1230.7 · elite    721.2 · median    200.8 · years  15.8 · road 0.34 · starved   654 · nobles  +6.7 · read  6.5 · walls  0.9 · fell 69.3% (mother 33.4%) · prince 25.9% · king 22.0% · crowned 18.9% (median year 23) · 3.2s
try  6 · gen  224 · best    310.8 · elite    193.5 · median     55.1 · years  55.6 · road 0.42 · starved  1130 · nobles  -8.6 · read 74.7 · walls  4.4 · fell 72.9% (mother 37.2%) · prince 17.3% · king  0.2% · crowned  0.1% (median year 70) · 3.2s
try  7 · gen  224 · best    879.4 · elite    550.3 · median    158.8 · years  25.0 · road 0.34 · starved  1551 · nobles  +6.9 · read 43.8 · walls  3.1 · fell 75.6% (mother 31.9%) · prince 21.3% · king 15.7% · crowned 13.5% (median year 34) · 3.2s
try  8 · gen  224 · best   1246.1 · elite    830.1 · median    269.1 · years  19.3 · road 0.47 · starved   767 · nobles  +4.3 · read  7.9 · walls  4.4 · fell 48.8% (mother 28.0%) · prince 37.6% · king 27.2% · crowned 20.8% (median year 23) · 3.2s
try  1 · gen  225 · best   1204.9 · elite    783.0 · median    228.8 · years  18.4 · road 0.46 · starved   905 · nobles  +4.0 · read 14.0 · walls  4.2 · fell 56.9% (mother 38.0%) · prince 33.2% · king 24.3% · crowned 18.9% (median year 23) · 3.2s
try  2 · gen  225 · best    963.2 · elite    590.8 · median    170.6 · years  23.1 · road 0.34 · starved   961 · nobles  +7.3 · read 28.4 · walls  2.5 · fell 77.7% (mother 36.4%) · prince 20.1% · king 16.3% · crowned 14.2% (median year 31) · 3.2s
try  3 · gen  225 · best   1206.8 · elite    722.8 · median    206.7 · years  17.2 · road 0.41 · starved   662 · nobles  +2.8 · read 18.6 · walls  2.5 · fell 67.8% (mother 31.0%) · prince 27.7% · king 21.5% · crowned 17.3% (median year 23) · 3.2s
try  4 · gen  225 · best   1235.8 · elite    696.5 · median    210.8 · years  18.1 · road 0.34 · starved   655 · nobles  +6.0 · read  4.3 · walls  1.4 · fell 67.2% (mother 25.8%) · prince 27.6% · king 21.6% · crowned 17.6% (median year 23) · 3.2s
try  5 · gen  225 · best   1204.9 · elite    759.8 · median    202.4 · years  15.7 · road 0.33 · starved   638 · nobles  +7.1 · read  6.3 · walls  0.8 · fell 68.9% (mother 33.6%) · prince 25.8% · king 22.2% · crowned 19.3% (median year 22) · 3.2s
try  6 · gen  225 · best    297.3 · elite    184.5 · median     48.9 · years  54.8 · road 0.42 · starved  1144 · nobles  -8.2 · read 72.7 · walls  4.1 · fell 73.6% (mother 36.9%) · prince 17.2% · king  0.2% · crowned  0.1% (median year 81) · 3.2s
try  7 · gen  225 · best    998.4 · elite    605.0 · median    156.6 · years  25.0 · road 0.35 · starved   864 · nobles  +7.0 · read 43.4 · walls  3.1 · fell 73.0% (mother 29.5%) · prince 21.5% · king 16.1% · crowned 14.1% (median year 34) · 3.2s
try  8 · gen  225 · best   1228.5 · elite    793.3 · median    255.5 · years  19.1 · road 0.47 · starved   793 · nobles  +4.1 · read  7.8 · walls  4.4 · fell 50.7% (mother 30.1%) · prince 37.2% · king 27.1% · crowned 20.2% (median year 23) · 3.2s
try  1 · gen  226 · best   1192.3 · elite    760.5 · median    233.6 · years  18.4 · road 0.46 · starved   904 · nobles  +3.8 · read 13.4 · walls  4.1 · fell 57.3% (mother 38.1%) · prince 33.4% · king 24.0% · crowned 18.9% (median year 23) · 3.3s
try  2 · gen  226 · best   1146.1 · elite    597.8 · median    167.5 · years  23.2 · road 0.34 · starved   939 · nobles  +7.6 · read 28.2 · walls  2.5 · fell 77.1% (mother 35.3%) · prince 20.2% · king 16.6% · crowned 14.6% (median year 31) · 3.3s
try  3 · gen  226 · best   1015.3 · elite    706.9 · median    212.2 · years  17.4 · road 0.41 · starved   660 · nobles  +3.1 · read 18.3 · walls  2.5 · fell 68.4% (mother 30.5%) · prince 28.3% · king 22.0% · crowned 17.5% (median year 23) · 3.3s
try  4 · gen  226 · best   1233.7 · elite    744.0 · median    198.9 · years  18.0 · road 0.33 · starved   650 · nobles  +5.9 · read  4.2 · walls  1.4 · fell 67.8% (mother 26.5%) · prince 26.2% · king 20.7% · crowned 17.4% (median year 23) · 3.3s
try  5 · gen  226 · best   1208.8 · elite    717.7 · median    194.0 · years  15.9 · road 0.33 · starved   712 · nobles  +6.7 · read  5.9 · walls  0.8 · fell 70.3% (mother 34.8%) · prince 25.2% · king 21.6% · crowned 18.3% (median year 23) · 3.3s
try  6 · gen  226 · best    321.3 · elite    194.1 · median     55.1 · years  56.4 · road 0.42 · starved  1100 · nobles  -8.7 · read 77.9 · walls  4.2 · fell 71.9% (mother 36.0%) · prince 16.2% · king  0.2% · crowned  0.1% (median year 77) · 3.3s
try  7 · gen  226 · best   1140.1 · elite    587.0 · median    160.5 · years  24.2 · road 0.35 · starved   933 · nobles  +6.7 · read 39.9 · walls  3.2 · fell 75.0% (mother 32.0%) · prince 21.0% · king 15.8% · crowned 13.9% (median year 33) · 3.3s
try  8 · gen  226 · best   1099.4 · elite    799.6 · median    270.5 · years  19.1 · road 0.47 · starved   798 · nobles  +4.1 · read  8.0 · walls  4.5 · fell 51.7% (mother 31.9%) · prince 37.0% · king 27.0% · crowned 20.5% (median year 23) · 3.3s
try  1 · gen  227 · best   1062.1 · elite    798.4 · median    244.4 · years  18.4 · road 0.46 · starved   856 · nobles  +4.5 · read 13.2 · walls  4.0 · fell 54.8% (mother 34.2%) · prince 34.2% · king 25.0% · crowned 19.9% (median year 23) · 3.3s
try  2 · gen  227 · best   1138.4 · elite    604.2 · median    168.3 · years  22.8 · road 0.34 · starved   913 · nobles  +7.6 · read 27.8 · walls  2.4 · fell 76.8% (mother 34.1%) · prince 20.0% · king 16.8% · crowned 14.6% (median year 31) · 3.3s
try  3 · gen  227 · best   1101.2 · elite    724.1 · median    205.0 · years  17.2 · road 0.41 · starved   681 · nobles  +2.9 · read 17.8 · walls  2.6 · fell 68.9% (mother 31.8%) · prince 27.1% · king 21.5% · crowned 17.3% (median year 23) · 3.3s
try  4 · gen  227 · best   1053.9 · elite    688.7 · median    204.1 · years  18.2 · road 0.33 · starved   675 · nobles  +6.9 · read  4.3 · walls  1.5 · fell 67.6% (mother 25.6%) · prince 26.6% · king 21.1% · crowned 17.3% (median year 23) · 3.3s
try  5 · gen  227 · best   1385.8 · elite    774.1 · median    196.1 · years  15.9 · road 0.34 · starved   644 · nobles  +7.4 · read  5.5 · walls  0.8 · fell 68.3% (mother 33.6%) · prince 26.2% · king 22.4% · crowned 19.7% (median year 23) · 3.3s
try  6 · gen  227 · best    329.3 · elite    187.3 · median     50.2 · years  55.8 · road 0.42 · starved  1144 · nobles  -8.7 · read 76.8 · walls  4.1 · fell 72.6% (mother 35.1%) · prince 15.9% · king  0.3% · crowned  0.1% (median year 69) · 3.3s
try  7 · gen  227 · best   1137.2 · elite    586.5 · median    154.7 · years  24.8 · road 0.35 · starved   987 · nobles  +6.7 · read 40.1 · walls  3.2 · fell 75.2% (mother 31.5%) · prince 21.2% · king 15.3% · crowned 13.4% (median year 33) · 3.3s
try  8 · gen  227 · best   1311.9 · elite    801.5 · median    252.8 · years  19.4 · road 0.47 · starved   813 · nobles  +4.0 · read  7.7 · walls  4.6 · fell 51.9% (mother 33.9%) · prince 37.3% · king 26.8% · crowned 20.1% (median year 23) · 3.3s
try  1 · gen  228 · best   1238.8 · elite    797.6 · median    241.4 · years  18.6 · road 0.47 · starved   896 · nobles  +4.2 · read 13.5 · walls  4.2 · fell 54.9% (mother 34.1%) · prince 34.8% · king 25.0% · crowned 19.9% (median year 23) · 3.2s
try  2 · gen  228 · best    925.0 · elite    598.9 · median    159.8 · years  22.6 · road 0.34 · starved   956 · nobles  +6.8 · read 27.1 · walls  2.4 · fell 78.4% (mother 37.1%) · prince 20.4% · king 16.5% · crowned 14.0% (median year 30) · 3.2s
try  3 · gen  228 · best   1054.6 · elite    728.2 · median    201.8 · years  17.1 · road 0.40 · starved   689 · nobles  +3.1 · read 16.6 · walls  2.6 · fell 69.4% (mother 33.2%) · prince 27.2% · king 21.1% · crowned 16.8% (median year 23) · 3.2s
try  4 · gen  228 · best   1245.0 · elite    737.3 · median    203.1 · years  18.0 · road 0.33 · starved   661 · nobles  +6.2 · read  4.2 · walls  1.5 · fell 67.9% (mother 25.9%) · prince 26.4% · king 20.6% · crowned 17.0% (median year 22) · 3.2s
try  5 · gen  228 · best   1227.7 · elite    735.3 · median    202.5 · years  15.9 · road 0.33 · starved   687 · nobles  +6.8 · read  5.1 · walls  0.8 · fell 69.0% (mother 32.3%) · prince 25.6% · king 21.8% · crowned 19.0% (median year 22) · 3.2s
try  6 · gen  228 · best    275.9 · elite    183.6 · median     46.0 · years  54.4 · road 0.41 · starved  1114 · nobles  -8.1 · read 72.1 · walls  4.1 · fell 73.5% (mother 35.3%) · prince 16.2% · king  0.2% · crowned  0.1% (median year 83) · 3.2s
try  7 · gen  228 · best    990.3 · elite    566.7 · median    166.5 · years  24.4 · road 0.35 · starved   941 · nobles  +6.8 · read 39.4 · walls  3.1 · fell 73.8% (mother 30.2%) · prince 22.2% · king 16.3% · crowned 14.0% (median year 33) · 3.2s
try  8 · gen  228 · best   1269.2 · elite    802.4 · median    245.6 · years  19.4 · road 0.47 · starved   854 · nobles  +3.9 · read  8.0 · walls  4.6 · fell 51.7% (mother 35.0%) · prince 37.5% · king 26.1% · crowned 19.7% (median year 23) · 3.2s
try  1 · gen  229 · best   1213.4 · elite    793.1 · median    234.4 · years  18.2 · road 0.46 · starved   877 · nobles  +4.5 · read 13.0 · walls  4.2 · fell 55.8% (mother 34.5%) · prince 33.5% · king 24.3% · crowned 19.5% (median year 23) · 3.2s
try  2 · gen  229 · best    980.1 · elite    570.0 · median    156.5 · years  22.2 · road 0.34 · starved   932 · nobles  +6.3 · read 27.0 · walls  2.3 · fell 78.5% (mother 37.0%) · prince 20.3% · king 16.3% · crowned 13.7% (median year 30) · 3.2s
try  3 · gen  229 · best   1059.3 · elite    693.6 · median    203.0 · years  16.9 · road 0.40 · starved   662 · nobles  +2.9 · read 15.3 · walls  2.5 · fell 69.8% (mother 32.8%) · prince 26.8% · king 21.2% · crowned 17.1% (median year 23) · 3.2s
try  4 · gen  229 · best   1241.1 · elite    718.4 · median    202.8 · years  17.7 · road 0.33 · starved   621 · nobles  +6.3 · read  3.8 · walls  1.4 · fell 67.7% (mother 25.5%) · prince 26.3% · king 21.4% · crowned 18.0% (median year 23) · 3.2s
try  5 · gen  229 · best   1205.6 · elite    756.7 · median    196.9 · years  16.1 · road 0.34 · starved   751 · nobles  +6.6 · read  4.8 · walls  0.8 · fell 69.6% (mother 32.9%) · prince 25.9% · king 22.0% · crowned 19.0% (median year 23) · 3.2s
try  6 · gen  229 · best    299.0 · elite    184.6 · median     50.5 · years  54.3 · road 0.41 · starved  1020 · nobles  -8.0 · read 72.5 · walls  4.2 · fell 72.4% (mother 32.6%) · prince 15.3% · king  0.3% · crowned  0.1% (median year 82) · 3.2s
try  7 · gen  229 · best    901.7 · elite    544.1 · median    168.1 · years  24.6 · road 0.36 · starved  1000 · nobles  +6.7 · read 39.0 · walls  3.1 · fell 73.9% (mother 31.1%) · prince 22.0% · king 16.0% · crowned 13.8% (median year 33) · 3.2s
try  8 · gen  229 · best   1441.0 · elite    827.7 · median    253.2 · years  19.2 · road 0.47 · starved   848 · nobles  +3.9 · read  7.7 · walls  4.5 · fell 52.4% (mother 37.5%) · prince 36.8% · king 26.6% · crowned 20.0% (median year 23) · 3.2s
try  1 · gen  230 · best   1235.9 · elite    794.7 · median    230.9 · years  18.3 · road 0.46 · starved   978 · nobles  +3.9 · read 13.1 · walls  4.3 · fell 56.2% (mother 35.2%) · prince 33.8% · king 24.6% · crowned 19.2% (median year 23) · 3.1s
try  2 · gen  230 · best    956.3 · elite    585.8 · median    157.0 · years  22.7 · road 0.34 · starved   944 · nobles  +6.6 · read 27.6 · walls  2.1 · fell 79.2% (mother 36.9%) · prince 20.5% · king 16.4% · crowned 13.9% (median year 30) · 3.1s
try  3 · gen  230 · best   1182.7 · elite    722.9 · median    205.8 · years  17.2 · road 0.41 · starved   665 · nobles  +2.8 · read 15.1 · walls  2.5 · fell 68.9% (mother 31.8%) · prince 27.8% · king 21.8% · crowned 17.5% (median year 23) · 3.1s
try  4 · gen  230 · best   1213.4 · elite    698.4 · median    203.0 · years  17.5 · road 0.32 · starved   624 · nobles  +6.4 · read  3.8 · walls  1.3 · fell 68.4% (mother 25.5%) · prince 25.8% · king 21.2% · crowned 17.6% (median year 22) · 3.1s
try  5 · gen  230 · best    971.4 · elite    701.4 · median    201.7 · years  16.0 · road 0.33 · starved   880 · nobles  +7.1 · read  3.4 · walls  0.7 · fell 69.7% (mother 31.4%) · prince 25.2% · king 21.8% · crowned 19.4% (median year 23) · 3.1s
try  6 · gen  230 · best    352.0 · elite    188.1 · median     49.3 · years  54.7 · road 0.41 · starved  1108 · nobles  -8.3 · read 73.8 · walls  4.0 · fell 72.7% (mother 32.0%) · prince 15.1% · king  0.2% · crowned  0.1% (median year 83) · 3.1s
try  7 · gen  230 · best    950.5 · elite    573.3 · median    159.9 · years  24.5 · road 0.36 · starved   986 · nobles  +6.8 · read 37.9 · walls  3.3 · fell 74.9% (mother 32.8%) · prince 22.2% · king 15.7% · crowned 13.6% (median year 33) · 3.1s
try  8 · gen  230 · best   1167.1 · elite    776.1 · median    262.4 · years  19.2 · road 0.47 · starved   867 · nobles  +3.7 · read  7.6 · walls  4.6 · fell 51.6% (mother 37.4%) · prince 37.2% · king 26.8% · crowned 20.1% (median year 23) · 3.1s
try  1 · gen  231 · best   1450.2 · elite    792.0 · median    239.0 · years  19.0 · road 0.47 · starved   850 · nobles  +3.9 · read 13.5 · walls  4.4 · fell 53.8% (mother 33.1%) · prince 35.0% · king 24.8% · crowned 19.8% (median year 23) · 3.3s
try  2 · gen  231 · best   1135.9 · elite    577.6 · median    163.7 · years  22.4 · road 0.34 · starved   915 · nobles  +6.9 · read 28.1 · walls  2.0 · fell 78.3% (mother 35.8%) · prince 19.8% · king 16.2% · crowned 14.0% (median year 30) · 3.3s
try  3 · gen  231 · best   1030.5 · elite    715.0 · median    201.3 · years  17.1 · road 0.40 · starved   669 · nobles  +3.0 · read 13.9 · walls  2.5 · fell 69.6% (mother 31.7%) · prince 27.9% · king 21.9% · crowned 17.4% (median year 23) · 3.3s
try  4 · gen  231 · best   1206.7 · elite    737.8 · median    202.4 · years  17.6 · road 0.32 · starved   619 · nobles  +6.6 · read  3.9 · walls  1.3 · fell 67.4% (mother 24.1%) · prince 26.1% · king 21.7% · crowned 17.9% (median year 22) · 3.3s
try  5 · gen  231 · best   1221.2 · elite    762.9 · median    196.3 · years  15.8 · road 0.33 · starved   656 · nobles  +7.1 · read  3.2 · walls  0.7 · fell 69.5% (mother 31.5%) · prince 25.2% · king 21.3% · crowned 19.0% (median year 23) · 3.3s
try  6 · gen  231 · best    297.5 · elite    186.3 · median     49.4 · years  54.3 · road 0.41 · starved  1157 · nobles  -8.2 · read 73.3 · walls  3.8 · fell 73.4% (mother 31.9%) · prince 14.0% · king  0.4% · crowned  0.2% (median year 71) · 3.3s
try  7 · gen  231 · best    928.8 · elite    545.7 · median    163.0 · years  24.0 · road 0.36 · starved   922 · nobles  +6.5 · read 37.2 · walls  3.5 · fell 75.2% (mother 34.4%) · prince 21.5% · king 15.2% · crowned 13.3% (median year 33) · 3.3s
try  8 · gen  231 · best   1453.6 · elite    814.4 · median    263.4 · years  19.0 · road 0.47 · starved   881 · nobles  +4.1 · read  7.8 · walls  4.6 · fell 53.8% (mother 39.5%) · prince 38.5% · king 27.5% · crowned 20.0% (median year 23) · 3.3s
try  1 · gen  232 · best   1208.4 · elite    794.2 · median    248.1 · years  19.3 · road 0.47 · starved   940 · nobles  +4.2 · read 13.7 · walls  4.3 · fell 54.2% (mother 32.9%) · prince 35.1% · king 25.1% · crowned 19.9% (median year 23) · 3.2s
try  2 · gen  232 · best    956.6 · elite    562.1 · median    156.5 · years  22.8 · road 0.35 · starved   988 · nobles  +6.5 · read 28.6 · walls  2.1 · fell 79.8% (mother 36.2%) · prince 19.6% · king 15.8% · crowned 13.4% (median year 30) · 3.2s
try  3 · gen  232 · best   1280.5 · elite    735.8 · median    211.3 · years  17.2 · road 0.40 · starved   675 · nobles  +3.3 · read 13.1 · walls  2.6 · fell 69.2% (mother 31.5%) · prince 27.2% · king 21.8% · crowned 17.4% (median year 23) · 3.2s
try  4 · gen  232 · best   1050.2 · elite    696.6 · median    204.6 · years  17.2 · road 0.32 · starved   634 · nobles  +6.3 · read  3.6 · walls  1.2 · fell 68.7% (mother 26.1%) · prince 25.7% · king 21.2% · crowned 17.3% (median year 22) · 3.2s
try  5 · gen  232 · best   1221.0 · elite    713.6 · median    197.6 · years  16.1 · road 0.33 · starved   911 · nobles  +7.4 · read  3.3 · walls  0.7 · fell 69.0% (mother 31.9%) · prince 25.5% · king 21.8% · crowned 19.0% (median year 23) · 3.2s
try  6 · gen  232 · best    334.0 · elite    192.7 · median     42.7 · years  53.0 · road 0.40 · starved  1049 · nobles  -7.8 · read 72.7 · walls  3.6 · fell 73.3% (mother 31.5%) · prince 14.4% · king  0.5% · crowned  0.2% (median year 88) · 3.2s
try  7 · gen  232 · best   1162.5 · elite    576.8 · median    159.1 · years  23.6 · road 0.36 · starved   972 · nobles  +6.0 · read 35.9 · walls  3.6 · fell 74.9% (mother 34.0%) · prince 21.4% · king 15.9% · crowned 13.8% (median year 32) · 3.2s
try  8 · gen  232 · best   1222.8 · elite    803.5 · median    253.7 · years  18.3 · road 0.46 · starved   891 · nobles  +4.1 · read  6.9 · walls  4.5 · fell 52.3% (mother 37.5%) · prince 36.5% · king 26.5% · crowned 20.2% (median year 23) · 3.2s
try  1 · gen  233 · best   1177.3 · elite    787.3 · median    241.3 · years  19.1 · road 0.47 · starved   806 · nobles  +4.1 · read 13.5 · walls  4.2 · fell 53.5% (mother 31.0%) · prince 33.9% · king 24.5% · crowned 19.5% (median year 23) · 3.1s
try  2 · gen  233 · best   1062.8 · elite    582.6 · median    144.6 · years  22.4 · road 0.34 · starved  1000 · nobles  +6.6 · read 28.6 · walls  2.0 · fell 79.8% (mother 36.5%) · prince 20.1% · king 15.4% · crowned 13.0% (median year 30) · 3.1s
try  3 · gen  233 · best   1068.9 · elite    721.8 · median    207.2 · years  17.1 · road 0.40 · starved   679 · nobles  +4.0 · read 12.5 · walls  2.5 · fell 69.8% (mother 32.9%) · prince 27.4% · king 22.0% · crowned 17.6% (median year 23) · 3.1s
try  4 · gen  233 · best   1022.6 · elite    684.2 · median    193.8 · years  17.1 · road 0.32 · starved   637 · nobles  +6.3 · read  3.3 · walls  1.1 · fell 69.2% (mother 26.9%) · prince 24.5% · king 20.0% · crowned 16.7% (median year 22) · 3.1s
try  5 · gen  233 · best   1458.0 · elite    742.5 · median    200.1 · years  16.3 · road 0.33 · starved   706 · nobles  +7.4 · read  3.3 · walls  0.7 · fell 69.9% (mother 30.7%) · prince 25.9% · king 21.5% · crowned 19.0% (median year 24) · 3.1s
try  6 · gen  233 · best    481.7 · elite    205.8 · median     54.8 · years  54.3 · road 0.41 · starved  1007 · nobles  -8.1 · read 74.6 · walls  3.7 · fell 72.8% (mother 31.3%) · prince 15.5% · king  0.5% · crowned  0.2% (median year 77) · 3.1s
try  7 · gen  233 · best   1192.9 · elite    607.2 · median    165.6 · years  23.5 · road 0.36 · starved   912 · nobles  +5.7 · read 35.5 · walls  3.4 · fell 74.4% (mother 34.3%) · prince 22.7% · king 16.2% · crowned 14.4% (median year 32) · 3.1s
try  8 · gen  233 · best   1216.9 · elite    820.8 · median    265.6 · years  18.8 · road 0.47 · starved   868 · nobles  +4.1 · read  8.0 · walls  4.8 · fell 51.9% (mother 36.2%) · prince 37.8% · king 27.4% · crowned 20.4% (median year 23) · 3.1s
try  1 · gen  234 · best   1220.8 · elite    766.3 · median    237.2 · years  18.7 · road 0.46 · starved   851 · nobles  +4.3 · read 12.2 · walls  4.0 · fell 55.8% (mother 32.9%) · prince 33.9% · king 23.7% · crowned 19.1% (median year 23) · 3.4s
try  2 · gen  234 · best   1150.9 · elite    572.7 · median    153.2 · years  22.2 · road 0.34 · starved  1003 · nobles  +6.0 · read 29.3 · walls  2.2 · fell 79.9% (mother 37.7%) · prince 19.9% · king 15.4% · crowned 13.0% (median year 30) · 3.4s
try  3 · gen  234 · best   1038.7 · elite    719.2 · median    199.3 · years  17.2 · road 0.39 · starved   707 · nobles  +4.2 · read 12.6 · walls  2.5 · fell 69.9% (mother 33.5%) · prince 27.0% · king 21.5% · crowned 17.5% (median year 23) · 3.4s
try  4 · gen  234 · best   1232.9 · elite    680.7 · median    199.1 · years  17.1 · road 0.32 · starved   667 · nobles  +6.4 · read  3.3 · walls  1.2 · fell 70.5% (mother 28.5%) · prince 24.2% · king 20.1% · crowned 16.7% (median year 22) · 3.4s
try  5 · gen  234 · best    994.8 · elite    724.1 · median    198.1 · years  16.5 · road 0.33 · starved   697 · nobles  +7.5 · read  3.1 · walls  0.7 · fell 69.9% (mother 30.5%) · prince 25.7% · king 21.3% · crowned 18.6% (median year 24) · 3.4s
try  6 · gen  234 · best    434.6 · elite    209.4 · median     51.2 · years  54.4 · road 0.41 · starved  1052 · nobles  -7.8 · read 71.3 · walls  3.9 · fell 73.6% (mother 33.2%) · prince 15.9% · king  0.9% · crowned  0.3% (median year 89) · 3.4s
try  7 · gen  234 · best    955.1 · elite    580.7 · median    171.3 · years  23.3 · road 0.36 · starved   932 · nobles  +5.7 · read 35.7 · walls  3.4 · fell 74.2% (mother 33.8%) · prince 22.9% · king 16.6% · crowned 14.4% (median year 31) · 3.4s
try  8 · gen  234 · best   1208.3 · elite    814.6 · median    255.9 · years  19.2 · road 0.48 · starved   924 · nobles  +3.5 · read  7.9 · walls  4.8 · fell 52.8% (mother 38.4%) · prince 38.2% · king 27.3% · crowned 19.7% (median year 23) · 3.4s
try  1 · gen  235 · best   1274.2 · elite    795.4 · median    241.2 · years  18.7 · road 0.46 · starved   833 · nobles  +4.7 · read 11.7 · walls  3.9 · fell 53.7% (mother 31.2%) · prince 34.5% · king 24.7% · crowned 19.8% (median year 23) · 3.2s
try  2 · gen  235 · best    969.6 · elite    562.8 · median    141.5 · years  22.3 · road 0.34 · starved   987 · nobles  +6.3 · read 29.9 · walls  2.2 · fell 80.8% (mother 37.6%) · prince 19.3% · king 14.7% · crowned 12.5% (median year 30) · 3.2s
try  3 · gen  235 · best   1207.3 · elite    729.3 · median    196.6 · years  17.5 · road 0.40 · starved   731 · nobles  +4.4 · read 13.0 · walls  2.5 · fell 70.1% (mother 33.2%) · prince 27.5% · king 21.1% · crowned 17.2% (median year 23) · 3.2s
try  4 · gen  235 · best   1174.0 · elite    692.7 · median    202.5 · years  17.1 · road 0.31 · starved   672 · nobles  +6.5 · read  3.2 · walls  1.1 · fell 69.4% (mother 28.0%) · prince 25.5% · king 21.0% · crowned 17.2% (median year 22) · 3.2s
try  5 · gen  235 · best   1209.7 · elite    754.0 · median    200.8 · years  16.8 · road 0.33 · starved   656 · nobles  +7.0 · read  3.1 · walls  0.7 · fell 69.0% (mother 27.8%) · prince 25.8% · king 21.6% · crowned 19.5% (median year 24) · 3.2s
try  6 · gen  235 · best    385.0 · elite    202.3 · median     46.9 · years  52.5 · road 0.41 · starved  1087 · nobles  -7.7 · read 66.7 · walls  4.0 · fell 73.7% (mother 32.5%) · prince 16.4% · king  0.8% · crowned  0.4% (median year 77) · 3.2s
try  7 · gen  235 · best    983.0 · elite    589.8 · median    174.5 · years  23.4 · road 0.37 · starved  1091 · nobles  +5.5 · read 35.7 · walls  3.7 · fell 74.7% (mother 34.3%) · prince 23.3% · king 16.7% · crowned 14.5% (median year 31) · 3.2s
try  8 · gen  235 · best   1198.3 · elite    811.1 · median    259.5 · years  19.3 · road 0.48 · starved   884 · nobles  +3.8 · read  8.2 · walls  4.8 · fell 51.5% (mother 35.9%) · prince 39.0% · king 27.1% · crowned 20.1% (median year 23) · 3.2s
try  1 · gen  236 · best   1203.4 · elite    780.3 · median    238.8 · years  18.1 · road 0.45 · starved   784 · nobles  +4.5 · read 11.1 · walls  3.8 · fell 53.2% (mother 30.6%) · prince 33.5% · king 24.4% · crowned 19.6% (median year 22) · 3.2s
try  2 · gen  236 · best   1175.6 · elite    610.8 · median    142.7 · years  21.9 · road 0.34 · starved   927 · nobles  +6.3 · read 29.8 · walls  2.3 · fell 79.3% (mother 35.9%) · prince 19.0% · king 15.3% · crowned 13.1% (median year 30) · 3.2s
try  3 · gen  236 · best   1249.3 · elite    704.9 · median    209.6 · years  17.1 · road 0.39 · starved   664 · nobles  +4.0 · read 13.1 · walls  2.4 · fell 68.6% (mother 31.1%) · prince 27.0% · king 21.9% · crowned 17.8% (median year 22) · 3.2s
try  4 · gen  236 · best   1212.2 · elite    701.7 · median    204.4 · years  17.2 · road 0.32 · starved   621 · nobles  +7.2 · read  3.1 · walls  1.1 · fell 67.5% (mother 25.0%) · prince 26.0% · king 20.8% · crowned 17.6% (median year 22) · 3.2s
try  5 · gen  236 · best   1233.8 · elite    776.2 · median    202.3 · years  16.8 · road 0.33 · starved  1016 · nobles  +7.0 · read  3.1 · walls  0.6 · fell 69.5% (mother 27.7%) · prince 26.1% · king 22.1% · crowned 19.5% (median year 24) · 3.2s
try  6 · gen  236 · best    366.5 · elite    205.8 · median     49.6 · years  52.2 · road 0.41 · starved  1067 · nobles  -7.8 · read 66.1 · walls  3.9 · fell 75.3% (mother 33.2%) · prince 17.0% · king  0.9% · crowned  0.3% (median year 69) · 3.2s
try  7 · gen  236 · best   1178.6 · elite    592.8 · median    173.9 · years  22.9 · road 0.36 · starved   914 · nobles  +5.5 · read 35.2 · walls  3.5 · fell 74.0% (mother 33.0%) · prince 23.4% · king 16.3% · crowned 14.5% (median year 31) · 3.2s
try  8 · gen  236 · best   1186.8 · elite    789.7 · median    255.8 · years  19.1 · road 0.47 · starved   934 · nobles  +3.9 · read  8.3 · walls  4.8 · fell 53.8% (mother 39.2%) · prince 37.9% · king 26.9% · crowned 19.6% (median year 23) · 3.2s
try  1 · gen  237 · best   1194.0 · elite    767.9 · median    242.0 · years  18.6 · road 0.46 · starved   857 · nobles  +4.2 · read 11.2 · walls  3.8 · fell 55.8% (mother 34.3%) · prince 35.0% · king 25.0% · crowned 19.2% (median year 22) · 3.3s
try  2 · gen  237 · best   1007.3 · elite    563.8 · median    158.4 · years  21.8 · road 0.34 · starved   925 · nobles  +6.7 · read 28.9 · walls  2.2 · fell 78.7% (mother 36.5%) · prince 19.4% · king 15.9% · crowned 13.6% (median year 30) · 3.3s
try  3 · gen  237 · best   1010.5 · elite    690.6 · median    206.9 · years  17.1 · road 0.39 · starved   681 · nobles  +3.6 · read 13.4 · walls  2.5 · fell 69.7% (mother 32.7%) · prince 27.5% · king 21.7% · crowned 17.0% (median year 23) · 3.3s
try  4 · gen  237 · best   1247.4 · elite    723.6 · median    204.0 · years  17.5 · road 0.32 · starved   630 · nobles  +7.9 · read  3.3 · walls  1.0 · fell 66.9% (mother 24.8%) · prince 26.1% · king 20.7% · crowned 17.8% (median year 22) · 3.3s
try  5 · gen  237 · best   1256.8 · elite    744.9 · median    197.3 · years  16.5 · road 0.33 · starved   620 · nobles  +7.4 · read  2.4 · walls  0.6 · fell 71.8% (mother 29.8%) · prince 24.6% · king 20.7% · crowned 19.0% (median year 24) · 3.3s
try  6 · gen  237 · best    313.1 · elite    205.5 · median     52.9 · years  52.4 · road 0.41 · starved  1095 · nobles  -7.7 · read 66.7 · walls  4.1 · fell 75.7% (mother 34.7%) · prince 17.8% · king  0.9% · crowned  0.3% (median year 79) · 3.3s
try  7 · gen  237 · best    910.0 · elite    596.5 · median    171.8 · years  22.8 · road 0.36 · starved   945 · nobles  +5.3 · read 36.2 · walls  3.3 · fell 74.3% (mother 33.8%) · prince 23.5% · king 16.5% · crowned 14.3% (median year 30) · 3.3s
try  8 · gen  237 · best   1193.0 · elite    786.4 · median    248.4 · years  19.1 · road 0.47 · starved   908 · nobles  +4.0 · read  8.5 · walls  4.7 · fell 53.8% (mother 38.5%) · prince 37.4% · king 27.0% · crowned 20.0% (median year 24) · 3.3s
try  1 · gen  238 · best   1212.9 · elite    790.6 · median    246.3 · years  18.9 · road 0.46 · starved   819 · nobles  +4.3 · read 11.6 · walls  3.9 · fell 54.9% (mother 31.4%) · prince 35.1% · king 25.0% · crowned 19.6% (median year 23) · 3.5s
try  2 · gen  238 · best    937.6 · elite    608.6 · median    166.1 · years  21.6 · road 0.35 · starved   910 · nobles  +6.7 · read 28.8 · walls  2.2 · fell 77.8% (mother 35.9%) · prince 20.4% · king 16.4% · crowned 14.2% (median year 29) · 3.5s
try  3 · gen  238 · best   1264.4 · elite    725.3 · median    204.8 · years  17.3 · road 0.39 · starved   688 · nobles  +4.0 · read 13.0 · walls  2.6 · fell 68.4% (mother 31.0%) · prince 27.5% · king 22.2% · crowned 17.5% (median year 23) · 3.5s
try  4 · gen  238 · best   1026.0 · elite    717.3 · median    204.5 · years  17.3 · road 0.32 · starved   635 · nobles  +7.2 · read  2.9 · walls  1.1 · fell 66.8% (mother 25.5%) · prince 25.5% · king 20.6% · crowned 17.4% (median year 22) · 3.5s
try  5 · gen  238 · best   1451.2 · elite    728.3 · median    201.0 · years  16.6 · road 0.33 · starved  1231 · nobles  +7.1 · read  2.8 · walls  0.7 · fell 70.7% (mother 29.3%) · prince 25.3% · king 21.4% · crowned 19.2% (median year 24) · 3.5s
try  6 · gen  238 · best    422.1 · elite    212.1 · median     50.9 · years  51.8 · road 0.42 · starved  1084 · nobles  -7.9 · read 62.9 · walls  4.1 · fell 76.3% (mother 34.2%) · prince 18.5% · king  0.8% · crowned  0.3% (median year 71) · 3.5s
try  7 · gen  238 · best    966.8 · elite    598.4 · median    175.1 · years  22.8 · road 0.36 · starved   956 · nobles  +5.4 · read 36.3 · walls  3.3 · fell 74.3% (mother 32.6%) · prince 23.2% · king 16.6% · crowned 14.6% (median year 30) · 3.5s
try  8 · gen  238 · best   1220.3 · elite    810.4 · median    247.9 · years  18.7 · road 0.47 · starved   893 · nobles  +4.0 · read  7.6 · walls  4.7 · fell 54.2% (mother 39.8%) · prince 37.5% · king 27.1% · crowned 19.8% (median year 24) · 3.5s
try  1 · gen  239 · best   1215.1 · elite    773.7 · median    238.9 · years  19.0 · road 0.46 · starved   835 · nobles  +3.6 · read 11.7 · walls  3.9 · fell 55.5% (mother 32.7%) · prince 34.7% · king 25.1% · crowned 19.1% (median year 23) · 3.1s
try  2 · gen  239 · best    957.2 · elite    581.8 · median    165.7 · years  21.2 · road 0.34 · starved   923 · nobles  +7.0 · read 28.5 · walls  2.1 · fell 77.2% (mother 34.9%) · prince 19.6% · king 16.1% · crowned 14.0% (median year 28) · 3.1s
try  3 · gen  239 · best   1186.7 · elite    707.3 · median    210.8 · years  17.1 · road 0.39 · starved   649 · nobles  +4.2 · read 11.9 · walls  2.6 · fell 67.8% (mother 31.1%) · prince 28.9% · king 22.5% · crowned 17.8% (median year 22) · 3.1s
try  4 · gen  239 · best   1243.5 · elite    719.7 · median    203.6 · years  17.0 · road 0.32 · starved   659 · nobles  +7.2 · read  3.0 · walls  1.1 · fell 68.2% (mother 27.4%) · prince 26.4% · king 20.2% · crowned 16.7% (median year 22) · 3.1s
try  5 · gen  239 · best   1210.2 · elite    763.3 · median    199.9 · years  16.3 · road 0.33 · starved   689 · nobles  +7.2 · read  3.6 · walls  0.6 · fell 69.5% (mother 29.5%) · prince 25.3% · king 21.7% · crowned 19.6% (median year 24) · 3.1s
try  6 · gen  239 · best    477.7 · elite    209.8 · median     49.0 · years  50.6 · road 0.41 · starved  1080 · nobles  -7.7 · read 56.9 · walls  4.2 · fell 77.1% (mother 34.3%) · prince 17.6% · king  0.9% · crowned  0.3% (median year 76) · 3.1s
try  7 · gen  239 · best   1102.8 · elite    592.0 · median    174.2 · years  22.5 · road 0.36 · starved   945 · nobles  +5.2 · read 36.4 · walls  3.2 · fell 74.0% (mother 32.7%) · prince 23.5% · king 16.5% · crowned 14.6% (median year 30) · 3.1s
try  8 · gen  239 · best   1396.5 · elite    808.7 · median    257.0 · years  19.2 · road 0.48 · starved   897 · nobles  +3.7 · read  7.7 · walls  4.7 · fell 52.1% (mother 37.9%) · prince 37.8% · king 27.3% · crowned 19.8% (median year 23) · 3.1s
try  1 · gen  240 · best   1256.0 · elite    784.4 · median    244.3 · years  19.3 · road 0.46 · starved   973 · nobles  +3.5 · read 11.6 · walls  3.9 · fell 56.3% (mother 32.8%) · prince 34.8% · king 25.1% · crowned 19.1% (median year 23) · 3.5s
try  2 · gen  240 · best    910.2 · elite    593.4 · median    165.2 · years  21.2 · road 0.35 · starved   910 · nobles  +6.8 · read 28.2 · walls  2.1 · fell 77.5% (mother 36.1%) · prince 19.9% · king 15.9% · crowned 13.8% (median year 28) · 3.5s
try  3 · gen  240 · best   1202.8 · elite    743.2 · median    209.8 · years  17.5 · road 0.39 · starved   668 · nobles  +5.1 · read 12.4 · walls  2.5 · fell 67.4% (mother 29.0%) · prince 29.0% · king 22.6% · crowned 17.8% (median year 23) · 3.5s
try  4 · gen  240 · best   1215.7 · elite    686.7 · median    203.6 · years  17.2 · road 0.32 · starved   649 · nobles  +7.6 · read  3.0 · walls  1.1 · fell 67.5% (mother 26.1%) · prince 26.8% · king 20.7% · crowned 17.2% (median year 21) · 3.5s
try  5 · gen  240 · best   1294.9 · elite    749.5 · median    194.5 · years  16.5 · road 0.33 · starved   747 · nobles  +7.2 · read  3.4 · walls  0.6 · fell 71.0% (mother 28.3%) · prince 24.8% · king 20.9% · crowned 19.0% (median year 24) · 3.5s
try  6 · gen  240 · best    427.6 · elite    218.3 · median     56.6 · years  51.2 · road 0.43 · starved  1086 · nobles  -7.3 · read 54.2 · walls  4.9 · fell 76.9% (mother 34.5%) · prince 19.4% · king  0.9% · crowned  0.3% (median year 75) · 3.5s
try  7 · gen  240 · best    987.6 · elite    632.3 · median    177.2 · years  21.9 · road 0.36 · starved   948 · nobles  +5.1 · read 36.4 · walls  3.1 · fell 71.7% (mother 33.8%) · prince 24.0% · king 17.4% · crowned 15.1% (median year 29) · 3.5s
try  8 · gen  240 · best   1261.8 · elite    805.8 · median    263.8 · years  19.0 · road 0.47 · starved   892 · nobles  +4.0 · read  6.7 · walls  4.6 · fell 52.8% (mother 39.3%) · prince 37.9% · king 27.6% · crowned 20.1% (median year 24) · 3.5s
try  1 · gen  241 · best   1187.8 · elite    774.4 · median    239.6 · years  18.7 · road 0.45 · starved   856 · nobles  +3.7 · read 11.1 · walls  3.7 · fell 56.0% (mother 34.4%) · prince 34.2% · king 25.1% · crowned 19.5% (median year 23) · 3.3s
try  2 · gen  241 · best    968.2 · elite    594.4 · median    163.5 · years  21.2 · road 0.35 · starved   930 · nobles  +6.5 · read 28.8 · walls  2.1 · fell 78.4% (mother 36.8%) · prince 20.0% · king 16.2% · crowned 14.0% (median year 29) · 3.3s
try  3 · gen  241 · best   1005.6 · elite    708.9 · median    216.3 · years  17.4 · road 0.39 · starved   646 · nobles  +5.0 · read 12.1 · walls  2.5 · fell 66.7% (mother 28.5%) · prince 28.9% · king 22.3% · crowned 18.0% (median year 23) · 3.3s
try  4 · gen  241 · best   1204.5 · elite    694.6 · median    203.8 · years  17.1 · road 0.32 · starved   627 · nobles  +7.5 · read  2.7 · walls  1.1 · fell 67.5% (mother 26.0%) · prince 26.1% · king 20.9% · crowned 17.1% (median year 21) · 3.3s
try  5 · gen  241 · best   1435.3 · elite    756.1 · median    201.8 · years  16.7 · road 0.33 · starved   636 · nobles  +7.6 · read  2.9 · walls  0.6 · fell 70.2% (mother 27.7%) · prince 25.1% · king 21.5% · crowned 19.5% (median year 24) · 3.3s
try  6 · gen  241 · best    513.9 · elite    220.7 · median     57.1 · years  51.0 · road 0.43 · starved  1070 · nobles  -7.2 · read 52.1 · walls  5.3 · fell 77.0% (mother 33.9%) · prince 19.6% · king  0.8% · crowned  0.3% (median year 76) · 3.3s
try  7 · gen  241 · best    946.5 · elite    629.7 · median    184.2 · years  21.9 · road 0.36 · starved   825 · nobles  +4.9 · read 37.0 · walls  3.0 · fell 71.4% (mother 32.7%) · prince 24.8% · king 17.9% · crowned 15.2% (median year 29) · 3.3s
try  8 · gen  241 · best   1196.3 · elite    818.3 · median    258.9 · years  19.6 · road 0.48 · starved   949 · nobles  +3.6 · read  6.9 · walls  4.7 · fell 53.6% (mother 38.4%) · prince 38.4% · king 27.8% · crowned 19.9% (median year 24) · 3.3s
try  1 · gen  242 · best   1107.0 · elite    756.7 · median    227.9 · years  18.6 · road 0.44 · starved   857 · nobles  +3.8 · read 10.9 · walls  3.5 · fell 57.2% (mother 34.0%) · prince 33.3% · king 23.7% · crowned 19.0% (median year 23) · 3.3s
try  2 · gen  242 · best    972.8 · elite    586.7 · median    170.6 · years  20.6 · road 0.35 · starved   923 · nobles  +6.4 · read 28.8 · walls  2.1 · fell 77.2% (mother 38.2%) · prince 20.5% · king 16.4% · crowned 14.1% (median year 27) · 3.3s
try  3 · gen  242 · best   1025.9 · elite    725.0 · median    219.5 · years  17.3 · road 0.39 · starved   646 · nobles  +4.9 · read 12.0 · walls  2.4 · fell 67.1% (mother 28.6%) · prince 29.1% · king 22.5% · crowned 17.9% (median year 22) · 3.3s
try  4 · gen  242 · best   1005.0 · elite    711.1 · median    201.9 · years  17.2 · road 0.32 · starved   625 · nobles  +7.6 · read  2.6 · walls  1.2 · fell 67.0% (mother 25.6%) · prince 26.3% · king 20.8% · crowned 17.4% (median year 22) · 3.3s
try  5 · gen  242 · best   1231.0 · elite    736.8 · median    203.5 · years  16.6 · road 0.33 · starved   651 · nobles  +7.2 · read  2.4 · walls  0.6 · fell 70.5% (mother 28.0%) · prince 25.1% · king 21.6% · crowned 19.5% (median year 24) · 3.3s
try  6 · gen  242 · best    428.3 · elite    228.1 · median     60.3 · years  51.0 · road 0.44 · starved  1062 · nobles  -7.2 · read 48.5 · walls  5.8 · fell 77.2% (mother 32.3%) · prince 20.1% · king  0.6% · crowned  0.2% (median year 77) · 3.3s
try  7 · gen  242 · best   1208.3 · elite    599.4 · median    181.7 · years  21.6 · road 0.36 · starved   821 · nobles  +4.7 · read 37.1 · walls  2.9 · fell 71.7% (mother 31.8%) · prince 24.8% · king 17.6% · crowned 15.1% (median year 29) · 3.3s
try  8 · gen  242 · best   1196.7 · elite    807.4 · median    258.6 · years  19.9 · road 0.48 · starved   972 · nobles  +3.8 · read  6.7 · walls  4.6 · fell 54.0% (mother 40.4%) · prince 39.7% · king 27.9% · crowned 19.7% (median year 24) · 3.3s
try  1 · gen  243 · best   1297.6 · elite    776.9 · median    223.6 · years  18.6 · road 0.45 · starved   851 · nobles  +3.6 · read 10.2 · walls  3.3 · fell 57.6% (mother 32.6%) · prince 33.4% · king 23.9% · crowned 19.0% (median year 23) · 3.3s
try  2 · gen  243 · best   1154.6 · elite    589.7 · median    169.5 · years  21.2 · road 0.36 · starved   934 · nobles  +5.7 · read 29.1 · walls  2.1 · fell 77.3% (mother 35.8%) · prince 20.5% · king 16.8% · crowned 14.3% (median year 29) · 3.3s
try  3 · gen  243 · best   1231.9 · elite    756.7 · median    217.0 · years  17.2 · road 0.40 · starved   648 · nobles  +4.5 · read 12.1 · walls  2.4 · fell 66.1% (mother 28.7%) · prince 29.8% · king 23.0% · crowned 18.1% (median year 22) · 3.3s
try  4 · gen  243 · best   1033.9 · elite    694.1 · median    198.9 · years  17.0 · road 0.32 · starved   646 · nobles  +7.9 · read  2.7 · walls  1.2 · fell 69.1% (mother 28.1%) · prince 26.3% · king 20.6% · crowned 16.7% (median year 22) · 3.3s
try  5 · gen  243 · best   1309.8 · elite    760.1 · median    193.7 · years  16.5 · road 0.33 · starved   656 · nobles  +6.9 · read  2.5 · walls  0.6 · fell 70.7% (mother 27.6%) · prince 24.4% · king 21.2% · crowned 19.0% (median year 24) · 3.3s
try  6 · gen  243 · best    401.2 · elite    230.4 · median     60.1 · years  50.9 · road 0.44 · starved  1128 · nobles  -7.2 · read 48.7 · walls  5.8 · fell 77.6% (mother 34.2%) · prince 21.7% · king  0.7% · crowned  0.2% (median year 83) · 3.3s
try  7 · gen  243 · best   1047.6 · elite    611.8 · median    187.8 · years  21.6 · road 0.35 · starved   758 · nobles  +4.9 · read 38.0 · walls  2.6 · fell 70.3% (mother 30.0%) · prince 24.9% · king 18.0% · crowned 15.6% (median year 28) · 3.3s
try  8 · gen  243 · best   1254.0 · elite    766.1 · median    274.7 · years  20.1 · road 0.48 · starved   902 · nobles  +4.2 · read  6.2 · walls  4.5 · fell 51.8% (mother 37.7%) · prince 39.8% · king 26.9% · crowned 19.9% (median year 24) · 3.3s
try  1 · gen  244 · best   1480.0 · elite    769.8 · median    221.5 · years  19.1 · road 0.45 · starved   842 · nobles  +3.6 · read 10.2 · walls  3.3 · fell 57.7% (mother 30.8%) · prince 33.5% · king 23.6% · crowned 18.9% (median year 23) · 3.3s
try  2 · gen  244 · best   1006.8 · elite    611.8 · median    167.6 · years  20.7 · road 0.35 · starved   907 · nobles  +5.5 · read 27.5 · walls  2.1 · fell 78.8% (mother 37.5%) · prince 20.1% · king 16.6% · crowned 14.2% (median year 29) · 3.3s
try  3 · gen  244 · best   1242.6 · elite    734.1 · median    218.7 · years  17.1 · road 0.39 · starved   630 · nobles  +5.0 · read 11.8 · walls  2.4 · fell 65.8% (mother 28.5%) · prince 29.5% · king 22.9% · crowned 18.2% (median year 22) · 3.3s
try  4 · gen  244 · best    998.6 · elite    663.3 · median    192.4 · years  17.2 · road 0.32 · starved   676 · nobles  +7.7 · read  2.7 · walls  1.2 · fell 70.0% (mother 27.0%) · prince 25.5% · king 19.4% · crowned 16.1% (median year 22) · 3.3s
try  5 · gen  244 · best   1212.8 · elite    756.7 · median    195.8 · years  16.2 · road 0.33 · starved   764 · nobles  +7.0 · read  2.7 · walls  0.6 · fell 71.2% (mother 28.5%) · prince 24.3% · king 21.2% · crowned 19.2% (median year 24) · 3.3s
try  6 · gen  244 · best    486.9 · elite    218.3 · median     59.8 · years  51.1 · road 0.44 · starved  1144 · nobles  -7.5 · read 49.2 · walls  5.8 · fell 78.6% (mother 35.2%) · prince 21.8% · king  0.6% · crowned  0.2% (median year 77) · 3.3s
try  7 · gen  244 · best    929.4 · elite    610.4 · median    182.1 · years  21.8 · road 0.36 · starved   832 · nobles  +4.7 · read 38.1 · walls  2.6 · fell 70.9% (mother 31.5%) · prince 25.8% · king 17.5% · crowned 14.9% (median year 29) · 3.3s
try  8 · gen  244 · best   1254.5 · elite    793.8 · median    246.5 · years  19.9 · road 0.48 · starved   938 · nobles  +4.4 · read  5.5 · walls  4.4 · fell 53.8% (mother 38.4%) · prince 38.0% · king 26.3% · crowned 19.4% (median year 24) · 3.3s
try  1 · gen  245 · best   1072.9 · elite    760.0 · median    230.9 · years  19.6 · road 0.46 · starved   883 · nobles  +3.7 · read  9.9 · walls  3.3 · fell 58.2% (mother 29.6%) · prince 34.2% · king 23.8% · crowned 18.7% (median year 24) · 3.3s
try  2 · gen  245 · best    971.8 · elite    590.5 · median    168.8 · years  20.9 · road 0.35 · starved   934 · nobles  +5.9 · read 27.8 · walls  2.1 · fell 78.4% (mother 35.3%) · prince 20.7% · king 16.4% · crowned 14.0% (median year 29) · 3.3s
try  3 · gen  245 · best   1210.2 · elite    763.2 · median    219.8 · years  16.9 · road 0.39 · starved   614 · nobles  +4.8 · read 11.6 · walls  2.4 · fell 66.4% (mother 29.0%) · prince 28.8% · king 22.4% · crowned 18.0% (median year 22) · 3.3s
try  4 · gen  245 · best   1299.5 · elite    719.2 · median    199.1 · years  17.2 · road 0.32 · starved   641 · nobles  +7.6 · read  2.4 · walls  1.2 · fell 68.5% (mother 25.2%) · prince 26.6% · king 20.9% · crowned 17.4% (median year 22) · 3.3s
try  5 · gen  245 · best   1495.9 · elite    748.2 · median    199.0 · years  16.2 · road 0.33 · starved   623 · nobles  +7.2 · read  2.7 · walls  0.6 · fell 71.2% (mother 27.9%) · prince 24.4% · king 21.2% · crowned 18.9% (median year 23) · 3.3s
try  6 · gen  245 · best    535.7 · elite    229.3 · median     57.0 · years  49.9 · road 0.44 · starved  1055 · nobles  -7.1 · read 47.0 · walls  5.7 · fell 78.0% (mother 34.0%) · prince 21.9% · king  0.7% · crowned  0.3% (median year 77) · 3.3s
try  7 · gen  245 · best   1169.4 · elite    627.2 · median    181.3 · years  21.7 · road 0.35 · starved   764 · nobles  +4.7 · read 38.0 · walls  2.4 · fell 71.3% (mother 31.1%) · prince 24.9% · king 18.0% · crowned 15.3% (median year 29) · 3.3s
try  8 · gen  245 · best   1154.4 · elite    768.4 · median    254.9 · years  19.8 · road 0.47 · starved   953 · nobles  +4.9 · read  5.0 · walls  4.2 · fell 54.7% (mother 39.2%) · prince 37.5% · king 25.8% · crowned 19.3% (median year 24) · 3.3s
try  1 · gen  246 · best   1204.4 · elite    767.5 · median    230.8 · years  19.5 · road 0.45 · starved   834 · nobles  +3.6 · read  9.8 · walls  3.3 · fell 57.8% (mother 28.8%) · prince 33.9% · king 24.3% · crowned 19.4% (median year 24) · 3.4s
try  2 · gen  246 · best    957.6 · elite    565.2 · median    167.6 · years  20.6 · road 0.35 · starved   939 · nobles  +5.9 · read 27.6 · walls  2.0 · fell 78.8% (mother 37.2%) · prince 20.3% · king 16.4% · crowned 13.8% (median year 28) · 3.4s
try  3 · gen  246 · best   1187.9 · elite    712.9 · median    219.5 · years  17.1 · road 0.39 · starved   632 · nobles  +4.9 · read 11.2 · walls  2.4 · fell 66.4% (mother 29.4%) · prince 29.1% · king 22.3% · crowned 17.9% (median year 22) · 3.4s
try  4 · gen  246 · best   1203.3 · elite    674.0 · median    211.4 · years  17.5 · road 0.32 · starved   641 · nobles  +7.9 · read  2.6 · walls  1.2 · fell 67.4% (mother 24.6%) · prince 26.5% · king 20.6% · crowned 17.6% (median year 22) · 3.4s
try  5 · gen  246 · best   1219.4 · elite    743.0 · median    200.1 · years  16.5 · road 0.33 · starved  1049 · nobles  +6.6 · read  2.6 · walls  0.7 · fell 71.2% (mother 27.5%) · prince 24.9% · king 21.2% · crowned 19.0% (median year 24) · 3.4s
try  6 · gen  246 · best    421.8 · elite    226.3 · median     57.8 · years  49.5 · road 0.44 · starved  1107 · nobles  -6.9 · read 45.6 · walls  5.6 · fell 78.1% (mother 32.9%) · prince 21.8% · king  0.8% · crowned  0.3% (median year 71) · 3.4s
try  7 · gen  246 · best   1005.6 · elite    650.4 · median    179.7 · years  21.6 · road 0.35 · starved   919 · nobles  +4.4 · read 37.9 · walls  2.4 · fell 71.3% (mother 30.9%) · prince 24.7% · king 17.9% · crowned 15.3% (median year 29) · 3.4s
try  8 · gen  246 · best   1035.9 · elite    795.2 · median    259.5 · years  19.3 · road 0.47 · starved   865 · nobles  +4.5 · read  4.6 · walls  4.2 · fell 53.3% (mother 37.8%) · prince 37.0% · king 26.2% · crowned 19.9% (median year 24) · 3.4s
try  1 · gen  247 · best   1202.4 · elite    762.7 · median    226.3 · years  20.3 · road 0.46 · starved   898 · nobles  +3.3 · read 10.1 · walls  3.3 · fell 58.7% (mother 28.8%) · prince 33.7% · king 23.5% · crowned 18.6% (median year 24) · 3.4s
try  2 · gen  247 · best    953.0 · elite    592.9 · median    163.8 · years  20.7 · road 0.35 · starved   890 · nobles  +6.3 · read 28.4 · walls  2.1 · fell 78.0% (mother 34.3%) · prince 20.2% · king 16.3% · crowned 14.2% (median year 29) · 3.4s
try  3 · gen  247 · best   1039.9 · elite    730.3 · median    218.0 · years  17.3 · road 0.39 · starved   639 · nobles  +5.1 · read 11.3 · walls  2.3 · fell 66.4% (mother 28.1%) · prince 29.1% · king 22.7% · crowned 17.8% (median year 22) · 3.4s
try  4 · gen  247 · best   1234.0 · elite    713.7 · median    204.2 · years  17.3 · road 0.33 · starved   647 · nobles  +7.6 · read  2.6 · walls  1.3 · fell 68.3% (mother 26.4%) · prince 26.5% · king 20.8% · crowned 17.3% (median year 22) · 3.4s
try  5 · gen  247 · best   1429.0 · elite    761.1 · median    192.5 · years  15.9 · road 0.33 · starved   746 · nobles  +6.1 · read  2.6 · walls  0.7 · fell 71.8% (mother 29.9%) · prince 25.2% · king 21.3% · crowned 18.7% (median year 23) · 3.4s
try  6 · gen  247 · best    360.8 · elite    225.7 · median     59.3 · years  49.6 · road 0.44 · starved  1111 · nobles  -7.0 · read 44.2 · walls  5.9 · fell 78.4% (mother 33.8%) · prince 22.2% · king  0.7% · crowned  0.4% (median year 77) · 3.4s
try  7 · gen  247 · best   1027.4 · elite    656.5 · median    185.7 · years  22.0 · road 0.36 · starved   808 · nobles  +4.6 · read 38.5 · walls  2.4 · fell 71.8% (mother 30.3%) · prince 25.4% · king 17.9% · crowned 15.5% (median year 28) · 3.4s
try  8 · gen  247 · best   1223.4 · elite    795.0 · median    265.8 · years  19.6 · road 0.48 · starved   933 · nobles  +4.7 · read  4.4 · walls  4.2 · fell 53.0% (mother 37.5%) · prince 37.5% · king 26.9% · crowned 19.6% (median year 23) · 3.4s
try  1 · gen  248 · best   1208.7 · elite    795.4 · median    230.4 · years  19.5 · road 0.45 · starved   857 · nobles  +3.8 · read  9.4 · walls  3.1 · fell 58.0% (mother 30.0%) · prince 32.6% · king 24.3% · crowned 19.4% (median year 24) · 3.2s
try  2 · gen  248 · best    980.6 · elite    619.2 · median    171.7 · years  20.8 · road 0.35 · starved   888 · nobles  +5.4 · read 28.8 · walls  2.1 · fell 78.0% (mother 34.1%) · prince 20.5% · king 16.6% · crowned 14.4% (median year 28) · 3.2s
try  3 · gen  248 · best   1194.7 · elite    752.6 · median    216.5 · years  17.3 · road 0.39 · starved   619 · nobles  +5.1 · read 11.1 · walls  2.2 · fell 66.0% (mother 27.0%) · prince 29.4% · king 22.8% · crowned 18.4% (median year 22) · 3.2s
try  4 · gen  248 · best   1041.7 · elite    672.6 · median    191.3 · years  17.4 · road 0.33 · starved   684 · nobles  +7.4 · read  2.7 · walls  1.2 · fell 70.4% (mother 28.3%) · prince 25.3% · king 19.3% · crowned 16.1% (median year 22) · 3.2s
try  5 · gen  248 · best   1451.5 · elite    744.0 · median    200.8 · years  15.8 · road 0.33 · starved   657 · nobles  +7.1 · read  2.5 · walls  0.7 · fell 71.0% (mother 29.3%) · prince 24.5% · king 20.9% · crowned 19.1% (median year 23) · 3.2s
try  6 · gen  248 · best    534.2 · elite    242.0 · median     56.8 · years  48.7 · road 0.44 · starved  1145 · nobles  -6.7 · read 42.6 · walls  5.8 · fell 78.7% (mother 34.7%) · prince 22.7% · king  1.1% · crowned  0.6% (median year 79) · 3.2s
try  7 · gen  248 · best   1021.3 · elite    620.4 · median    186.9 · years  21.9 · road 0.36 · starved   872 · nobles  +4.6 · read 38.6 · walls  2.4 · fell 71.4% (mother 30.5%) · prince 25.4% · king 17.6% · crowned 14.8% (median year 28) · 3.2s
try  8 · gen  248 · best   1219.7 · elite    791.1 · median    264.8 · years  19.1 · road 0.47 · starved   894 · nobles  +4.7 · read  4.5 · walls  4.0 · fell 52.8% (mother 37.2%) · prince 37.2% · king 26.9% · crowned 20.2% (median year 23) · 3.2s
try  1 · gen  249 · best   1276.7 · elite    794.7 · median    227.3 · years  19.0 · road 0.44 · starved   820 · nobles  +3.8 · read  8.9 · walls  3.1 · fell 58.5% (mother 29.9%) · prince 31.1% · king 23.1% · crowned 19.5% (median year 24) · 3.3s
try  2 · gen  249 · best   1191.1 · elite    606.7 · median    171.1 · years  20.3 · road 0.35 · starved   897 · nobles  +5.4 · read 27.1 · walls  2.1 · fell 79.0% (mother 36.1%) · prince 20.5% · king 16.4% · crowned 14.2% (median year 29) · 3.3s
try  3 · gen  249 · best   1300.5 · elite    735.7 · median    214.3 · years  17.2 · road 0.39 · starved   618 · nobles  +5.3 · read 10.7 · walls  2.2 · fell 66.0% (mother 27.2%) · prince 28.7% · king 22.3% · crowned 18.1% (median year 22) · 3.3s
try  4 · gen  249 · best    981.5 · elite    684.0 · median    198.7 · years  17.4 · road 0.32 · starved   697 · nobles  +7.7 · read  2.7 · walls  1.2 · fell 70.5% (mother 28.9%) · prince 25.4% · king 19.8% · crowned 16.8% (median year 22) · 3.3s
try  5 · gen  249 · best   1205.6 · elite    722.5 · median    187.1 · years  15.9 · road 0.33 · starved   783 · nobles  +6.4 · read  2.3 · walls  0.7 · fell 73.0% (mother 28.7%) · prince 24.1% · king 20.4% · crowned 18.3% (median year 23) · 3.3s
try  6 · gen  249 · best    422.9 · elite    246.6 · median     64.8 · years  49.1 · road 0.44 · starved  1061 · nobles  -6.7 · read 43.7 · walls  5.7 · fell 78.1% (mother 34.1%) · prince 22.6% · king  1.1% · crowned  0.6% (median year 76) · 3.3s
try  7 · gen  249 · best   1346.7 · elite    624.9 · median    179.2 · years  21.9 · road 0.35 · starved   877 · nobles  +5.1 · read 38.5 · walls  2.3 · fell 72.0% (mother 31.2%) · prince 24.8% · king 17.3% · crowned 15.0% (median year 29) · 3.3s
try  8 · gen  249 · best   1445.5 · elite    820.3 · median    249.7 · years  18.9 · road 0.47 · starved   853 · nobles  +5.0 · read  4.3 · walls  4.0 · fell 52.9% (mother 36.2%) · prince 35.8% · king 26.4% · crowned 19.8% (median year 23) · 3.3s
try  1 · gen  250 · best   1209.1 · elite    793.3 · median    219.4 · years  19.0 · road 0.45 · starved  1182 · nobles  +3.5 · read  8.6 · walls  3.2 · fell 57.8% (mother 29.3%) · prince 31.4% · king 23.3% · crowned 19.2% (median year 24) · 3.3s
try  2 · gen  250 · best   1096.2 · elite    594.5 · median    171.2 · years  20.4 · road 0.35 · starved   875 · nobles  +5.7 · read 27.1 · walls  2.0 · fell 78.7% (mother 34.2%) · prince 20.5% · king 16.5% · crowned 14.5% (median year 28) · 3.3s
try  3 · gen  250 · best   1013.5 · elite    710.5 · median    212.3 · years  17.0 · road 0.39 · starved   624 · nobles  +5.2 · read 10.4 · walls  2.1 · fell 67.2% (mother 28.4%) · prince 28.4% · king 21.8% · crowned 17.6% (median year 22) · 3.3s
try  4 · gen  250 · best   1275.9 · elite    669.3 · median    202.0 · years  17.4 · road 0.32 · starved   665 · nobles  +8.1 · read  3.0 · walls  1.1 · fell 71.0% (mother 27.8%) · prince 25.3% · king 20.1% · crowned 16.7% (median year 23) · 3.3s
try  5 · gen  250 · best   1253.0 · elite    737.8 · median    194.3 · years  15.9 · road 0.33 · starved   689 · nobles  +6.7 · read  2.4 · walls  0.7 · fell 72.6% (mother 30.0%) · prince 24.2% · king 20.4% · crowned 18.8% (median year 23) · 3.3s
try  6 · gen  250 · best    607.6 · elite    250.4 · median     63.0 · years  49.1 · road 0.44 · starved  1047 · nobles  -6.8 · read 41.8 · walls  5.8 · fell 78.6% (mother 34.5%) · prince 23.3% · king  1.1% · crowned  0.6% (median year 76) · 3.3s
try  7 · gen  250 · best    997.0 · elite    626.9 · median    176.3 · years  21.6 · road 0.35 · starved   836 · nobles  +4.9 · read 38.6 · walls  2.4 · fell 72.2% (mother 32.3%) · prince 24.4% · king 17.2% · crowned 14.8% (median year 29) · 3.3s
try  8 · gen  250 · best   1241.8 · elite    787.2 · median    249.1 · years  18.7 · road 0.47 · starved   865 · nobles  +4.9 · read  4.5 · walls  3.9 · fell 53.9% (mother 36.2%) · prince 34.9% · king 26.5% · crowned 19.8% (median year 23) · 3.3s
try  1 · gen  251 · best   1284.7 · elite    779.2 · median    230.0 · years  19.3 · road 0.45 · starved   808 · nobles  +3.3 · read  8.5 · walls  3.3 · fell 57.5% (mother 27.9%) · prince 32.5% · king 24.0% · crowned 19.5% (median year 24) · 3.3s
try  2 · gen  251 · best   1032.4 · elite    621.1 · median    173.9 · years  20.5 · road 0.35 · starved   844 · nobles  +6.2 · read 26.9 · walls  2.0 · fell 78.0% (mother 32.9%) · prince 20.5% · king 16.9% · crowned 15.2% (median year 29) · 3.3s
try  3 · gen  251 · best   1033.0 · elite    703.0 · median    215.4 · years  16.9 · road 0.39 · starved   724 · nobles  +5.2 · read 10.2 · walls  2.1 · fell 67.6% (mother 31.2%) · prince 28.1% · king 22.0% · crowned 17.8% (median year 22) · 3.3s
try  4 · gen  251 · best   1149.6 · elite    699.1 · median    192.5 · years  17.0 · road 0.32 · starved   670 · nobles  +7.3 · read  3.2 · walls  1.2 · fell 70.8% (mother 30.0%) · prince 24.4% · king 19.4% · crowned 16.5% (median year 22) · 3.3s
try  5 · gen  251 · best   1187.6 · elite    747.7 · median    202.0 · years  15.8 · road 0.33 · starved   696 · nobles  +6.7 · read  2.4 · walls  0.7 · fell 72.2% (mother 30.3%) · prince 24.7% · king 21.1% · crowned 19.2% (median year 23) · 3.3s
try  6 · gen  251 · best    425.1 · elite    244.2 · median     62.8 · years  48.4 · road 0.44 · starved  1046 · nobles  -6.5 · read 40.5 · walls  5.7 · fell 78.3% (mother 33.5%) · prince 21.3% · king  1.3% · crowned  0.6% (median year 84) · 3.3s
try  7 · gen  251 · best   1160.7 · elite    638.2 · median    178.6 · years  21.7 · road 0.35 · starved   837 · nobles  +5.1 · read 38.3 · walls  2.5 · fell 72.3% (mother 32.2%) · prince 24.8% · king 17.2% · crowned 14.8% (median year 29) · 3.3s
try  8 · gen  251 · best   1223.8 · elite    798.4 · median    261.8 · years  18.3 · road 0.47 · starved   863 · nobles  +5.2 · read  4.3 · walls  3.9 · fell 52.0% (mother 35.8%) · prince 35.8% · king 26.1% · crowned 20.2% (median year 23) · 3.3s
try  1 · gen  252 · best   1125.6 · elite    769.4 · median    234.9 · years  19.5 · road 0.45 · starved   817 · nobles  +3.8 · read  8.3 · walls  3.4 · fell 57.3% (mother 28.8%) · prince 32.5% · king 23.8% · crowned 19.5% (median year 24) · 3.5s
try  2 · gen  252 · best   1193.9 · elite    614.4 · median    170.0 · years  20.8 · road 0.35 · starved   915 · nobles  +5.8 · read 27.4 · walls  1.8 · fell 78.2% (mother 32.0%) · prince 20.6% · king 16.1% · crowned 14.4% (median year 28) · 3.5s
try  3 · gen  252 · best   1430.6 · elite    746.3 · median    211.1 · years  16.9 · road 0.39 · starved   659 · nobles  +5.1 · read 10.5 · walls  2.1 · fell 68.1% (mother 30.8%) · prince 28.0% · king 21.2% · crowned 17.7% (median year 22) · 3.5s
try  4 · gen  252 · best   1219.8 · elite    686.9 · median    202.3 · years  17.2 · road 0.32 · starved   674 · nobles  +7.8 · read  3.2 · walls  1.2 · fell 70.5% (mother 28.8%) · prince 24.7% · king 19.7% · crowned 16.9% (median year 23) · 3.5s
try  5 · gen  252 · best   1222.2 · elite    755.1 · median    194.4 · years  16.1 · road 0.33 · starved   679 · nobles  +6.8 · read  2.2 · walls  0.8 · fell 72.6% (mother 29.2%) · prince 24.5% · king 20.7% · crowned 18.6% (median year 23) · 3.5s
try  6 · gen  252 · best    472.6 · elite    246.6 · median     67.0 · years  49.2 · road 0.44 · starved  1050 · nobles  -6.4 · read 41.8 · walls  5.6 · fell 77.9% (mother 32.8%) · prince 23.2% · king  1.3% · crowned  0.6% (median year 80) · 3.5s
try  7 · gen  252 · best    994.9 · elite    646.6 · median    180.2 · years  21.3 · road 0.35 · starved   811 · nobles  +5.1 · read 36.5 · walls  2.4 · fell 71.2% (mother 33.4%) · prince 25.7% · king 17.6% · crowned 15.3% (median year 28) · 3.5s
try  8 · gen  252 · best   1269.0 · elite    795.6 · median    246.3 · years  18.0 · road 0.46 · starved   888 · nobles  +5.8 · read  3.6 · walls  3.7 · fell 54.4% (mother 36.0%) · prince 34.7% · king 26.1% · crowned 19.7% (median year 23) · 3.5s
try  1 · gen  253 · best   1215.0 · elite    773.4 · median    234.4 · years  19.6 · road 0.45 · starved   809 · nobles  +3.5 · read  8.2 · walls  3.5 · fell 56.0% (mother 27.4%) · prince 33.4% · king 24.1% · crowned 19.7% (median year 24) · 3.2s
try  2 · gen  253 · best    932.3 · elite    599.1 · median    174.3 · years  20.9 · road 0.35 · starved   877 · nobles  +6.3 · read 27.1 · walls  1.7 · fell 78.6% (mother 32.2%) · prince 20.3% · king 16.5% · crowned 14.3% (median year 29) · 3.2s
try  3 · gen  253 · best   1169.4 · elite    740.4 · median    215.1 · years  17.1 · road 0.39 · starved   671 · nobles  +5.7 · read 10.4 · walls  2.2 · fell 67.1% (mother 29.7%) · prince 28.9% · king 21.9% · crowned 17.9% (median year 22) · 3.2s
try  4 · gen  253 · best   1226.7 · elite    674.1 · median    197.2 · years  17.3 · road 0.32 · starved   694 · nobles  +7.5 · read  3.4 · walls  1.4 · fell 70.9% (mother 29.2%) · prince 24.9% · king 20.0% · crowned 16.6% (median year 22) · 3.2s
try  5 · gen  253 · best   1216.0 · elite    744.7 · median    193.0 · years  15.9 · road 0.33 · starved   626 · nobles  +7.4 · read  2.0 · walls  0.7 · fell 72.1% (mother 29.0%) · prince 23.9% · king 20.9% · crowned 19.3% (median year 23) · 3.2s
try  6 · gen  253 · best    465.7 · elite    258.8 · median     64.0 · years  48.2 · road 0.44 · starved  1019 · nobles  -6.5 · read 39.1 · walls  5.4 · fell 77.9% (mother 33.1%) · prince 22.3% · king  1.6% · crowned  0.9% (median year 73) · 3.2s
try  7 · gen  253 · best    961.4 · elite    606.4 · median    185.8 · years  21.1 · road 0.35 · starved   991 · nobles  +4.8 · read 36.0 · walls  2.3 · fell 71.2% (mother 30.8%) · prince 25.3% · king 17.2% · crowned 15.1% (median year 28) · 3.2s
try  8 · gen  253 · best   1224.5 · elite    834.4 · median    244.9 · years  18.1 · road 0.47 · starved   845 · nobles  +5.4 · read  3.8 · walls  3.9 · fell 53.4% (mother 35.1%) · prince 34.1% · king 26.2% · crowned 20.1% (median year 23) · 3.2s
try  1 · gen  254 · best   1219.1 · elite    790.7 · median    234.7 · years  19.2 · road 0.44 · starved   791 · nobles  +4.0 · read  7.9 · walls  3.5 · fell 55.0% (mother 26.5%) · prince 33.5% · king 24.4% · crowned 20.0% (median year 24) · 3.3s
try  2 · gen  254 · best    995.0 · elite    585.7 · median    167.9 · years  20.7 · road 0.35 · starved   911 · nobles  +6.2 · read 26.2 · walls  1.7 · fell 79.2% (mother 32.7%) · prince 20.8% · king 16.5% · crowned 14.0% (median year 29) · 3.3s
try  3 · gen  254 · best   1199.8 · elite    721.5 · median    209.8 · years  17.1 · road 0.39 · starved   676 · nobles  +4.8 · read 10.9 · walls  2.1 · fell 67.1% (mother 31.4%) · prince 27.9% · king 21.0% · crowned 17.3% (median year 22) · 3.3s
try  4 · gen  254 · best    984.8 · elite    660.1 · median    194.1 · years  17.3 · road 0.32 · starved   727 · nobles  +7.5 · read  3.5 · walls  1.4 · fell 71.6% (mother 29.9%) · prince 24.6% · king 19.4% · crowned 16.3% (median year 22) · 3.3s
try  5 · gen  254 · best   1204.8 · elite    681.1 · median    189.3 · years  15.8 · road 0.33 · starved  1055 · nobles  +7.4 · read  2.1 · walls  0.7 · fell 73.9% (mother 31.1%) · prince 23.6% · king 20.4% · crowned 18.5% (median year 24) · 3.3s
try  6 · gen  254 · best    539.4 · elite    249.9 · median     60.7 · years  47.4 · road 0.43 · starved  1054 · nobles  -6.1 · read 37.6 · walls  5.0 · fell 78.2% (mother 34.9%) · prince 21.4% · king  1.8% · crowned  0.8% (median year 75) · 3.3s
try  7 · gen  254 · best    985.7 · elite    633.0 · median    188.4 · years  21.4 · road 0.36 · starved   789 · nobles  +5.0 · read 36.2 · walls  2.4 · fell 71.7% (mother 31.2%) · prince 25.8% · king 17.9% · crowned 15.6% (median year 28) · 3.3s
try  8 · gen  254 · best   1207.5 · elite    828.6 · median    247.8 · years  18.1 · road 0.47 · starved   870 · nobles  +5.4 · read  3.8 · walls  4.0 · fell 53.1% (mother 36.2%) · prince 35.2% · king 25.4% · crowned 19.8% (median year 22) · 3.3s
try  1 · gen  255 · best   1231.5 · elite    808.1 · median    239.8 · years  18.8 · road 0.44 · starved   704 · nobles  +5.0 · read  8.3 · walls  3.4 · fell 53.1% (mother 23.1%) · prince 33.1% · king 24.9% · crowned 20.5% (median year 23) · 3.3s
try  2 · gen  255 · best    960.0 · elite    592.7 · median    159.1 · years  20.5 · road 0.35 · starved   960 · nobles  +5.8 · read 25.4 · walls  1.6 · fell 80.0% (mother 33.5%) · prince 20.6% · king 15.9% · crowned 13.4% (median year 28) · 3.3s
try  3 · gen  255 · best   1241.8 · elite    712.3 · median    211.6 · years  17.5 · road 0.39 · starved   674 · nobles  +4.9 · read 11.5 · walls  2.1 · fell 67.6% (mother 29.8%) · prince 28.1% · king 21.4% · crowned 17.6% (median year 23) · 3.3s
try  4 · gen  255 · best   1199.2 · elite    726.1 · median    195.9 · years  17.2 · road 0.32 · starved   654 · nobles  +7.0 · read  3.2 · walls  1.4 · fell 69.3% (mother 28.1%) · prince 25.2% · king 20.4% · crowned 16.9% (median year 22) · 3.3s
try  5 · gen  255 · best   1210.5 · elite    701.1 · median    189.6 · years  16.0 · road 0.33 · starved  1539 · nobles  +7.6 · read  2.0 · walls  0.7 · fell 74.8% (mother 31.5%) · prince 23.1% · king 20.1% · crowned 18.2% (median year 24) · 3.3s
try  6 · gen  255 · best    457.5 · elite    256.6 · median     59.6 · years  47.2 · road 0.43 · starved  1100 · nobles  -5.6 · read 35.2 · walls  5.0 · fell 78.1% (mother 34.7%) · prince 21.8% · king  1.7% · crowned  0.9% (median year 77) · 3.3s
try  7 · gen  255 · best   1202.3 · elite    634.2 · median    185.2 · years  21.2 · road 0.35 · starved   762 · nobles  +5.3 · read 35.6 · walls  2.4 · fell 72.3% (mother 29.6%) · prince 25.2% · king 17.4% · crowned 15.3% (median year 28) · 3.3s
try  8 · gen  255 · best   1210.4 · elite    803.2 · median    262.8 · years  18.0 · road 0.47 · starved   809 · nobles  +5.4 · read  4.0 · walls  3.9 · fell 52.2% (mother 36.0%) · prince 36.0% · king 26.8% · crowned 20.3% (median year 23) · 3.3s
try  1 · gen  256 · best   1433.1 · elite    812.8 · median    244.1 · years  18.9 · road 0.44 · starved   764 · nobles  +5.0 · read  8.6 · walls  3.4 · fell 54.0% (mother 26.3%) · prince 33.3% · king 24.8% · crowned 20.7% (median year 23) · 3.1s
try  2 · gen  256 · best   1156.7 · elite    572.0 · median    169.8 · years  20.5 · road 0.34 · starved   886 · nobles  +6.4 · read 25.3 · walls  1.6 · fell 79.3% (mother 32.9%) · prince 20.9% · king 16.6% · crowned 14.3% (median year 28) · 3.1s
try  3 · gen  256 · best   1044.0 · elite    692.7 · median    216.2 · years  17.3 · road 0.39 · starved   656 · nobles  +5.3 · read 11.5 · walls  2.1 · fell 66.8% (mother 30.7%) · prince 28.7% · king 21.6% · crowned 17.6% (median year 22) · 3.1s
try  4 · gen  256 · best   1218.8 · elite    666.2 · median    205.7 · years  17.6 · road 0.33 · starved   678 · nobles  +7.3 · read  3.0 · walls  1.5 · fell 70.0% (mother 27.8%) · prince 25.8% · king 20.9% · crowned 17.1% (median year 22) · 3.1s
try  5 · gen  256 · best    964.9 · elite    690.6 · median    188.3 · years  15.8 · road 0.33 · starved   717 · nobles  +6.6 · read  2.2 · walls  0.7 · fell 75.3% (mother 34.0%) · prince 23.5% · king 19.9% · crowned 17.9% (median year 24) · 3.1s
try  6 · gen  256 · best    475.4 · elite    248.7 · median     53.0 · years  45.7 · road 0.42 · starved  1087 · nobles  -5.4 · read 31.7 · walls  4.9 · fell 79.4% (mother 36.4%) · prince 21.0% · king  2.2% · crowned  1.0% (median year 74) · 3.1s
try  7 · gen  256 · best   1134.9 · elite    641.8 · median    182.5 · years  21.1 · road 0.35 · starved   773 · nobles  +5.4 · read 35.2 · walls  2.4 · fell 72.6% (mother 30.4%) · prince 25.0% · king 17.1% · crowned 15.1% (median year 28) · 3.1s
try  8 · gen  256 · best   1216.7 · elite    819.4 · median    264.6 · years  17.9 · road 0.47 · starved   844 · nobles  +4.6 · read  4.3 · walls  3.8 · fell 53.3% (mother 38.5%) · prince 36.0% · king 26.9% · crowned 20.1% (median year 22) · 3.1s
try  1 · gen  257 · best   1250.2 · elite    808.4 · median    242.0 · years  19.1 · road 0.44 · starved   785 · nobles  +4.6 · read  8.7 · walls  3.6 · fell 54.0% (mother 28.3%) · prince 34.3% · king 24.8% · crowned 20.5% (median year 24) · 3.2s
try  2 · gen  257 · best   1064.8 · elite    603.7 · median    163.7 · years  20.3 · road 0.34 · starved   901 · nobles  +6.2 · read 25.3 · walls  1.5 · fell 79.0% (mother 33.2%) · prince 20.9% · king 16.7% · crowned 14.0% (median year 27) · 3.2s
try  3 · gen  257 · best   1052.3 · elite    684.8 · median    212.7 · years  17.4 · road 0.39 · starved   696 · nobles  +5.0 · read 12.4 · walls  2.2 · fell 67.3% (mother 31.1%) · prince 29.2% · king 21.4% · crowned 17.4% (median year 23) · 3.2s
try  4 · gen  257 · best    994.5 · elite    701.2 · median    197.0 · years  17.6 · road 0.33 · starved   670 · nobles  +7.4 · read  3.0 · walls  1.5 · fell 69.7% (mother 27.1%) · prince 26.0% · king 20.3% · crowned 16.8% (median year 22) · 3.2s
try  5 · gen  257 · best   1371.3 · elite    686.3 · median    192.5 · years  15.9 · road 0.33 · starved   857 · nobles  +6.4 · read  2.2 · walls  0.7 · fell 74.7% (mother 32.4%) · prince 23.8% · king 20.3% · crowned 18.1% (median year 24) · 3.2s
try  6 · gen  257 · best    504.7 · elite    281.3 · median     57.5 · years  47.1 · road 0.43 · starved  1084 · nobles  -5.4 · read 32.4 · walls  5.2 · fell 78.6% (mother 36.1%) · prince 21.8% · king  2.2% · crowned  1.2% (median year 76) · 3.2s
try  7 · gen  257 · best   1168.3 · elite    619.5 · median    184.7 · years  21.1 · road 0.36 · starved   790 · nobles  +5.8 · read 34.8 · walls  2.5 · fell 72.9% (mother 30.5%) · prince 25.5% · king 17.3% · crowned 15.3% (median year 28) · 3.2s
try  8 · gen  257 · best   1282.4 · elite    844.1 · median    265.9 · years  18.5 · road 0.47 · starved   832 · nobles  +4.6 · read  4.7 · walls  3.8 · fell 50.6% (mother 36.1%) · prince 37.5% · king 27.7% · crowned 20.4% (median year 23) · 3.2s
try  1 · gen  258 · best   1223.1 · elite    829.5 · median    248.3 · years  19.1 · road 0.44 · starved   788 · nobles  +4.7 · read  8.7 · walls  3.7 · fell 54.6% (mother 27.6%) · prince 33.8% · king 25.3% · crowned 20.8% (median year 23) · 3.2s
try  2 · gen  258 · best    979.1 · elite    580.6 · median    167.0 · years  20.3 · road 0.34 · starved   886 · nobles  +6.4 · read 24.9 · walls  1.4 · fell 79.4% (mother 33.0%) · prince 20.6% · king 15.8% · crowned 13.7% (median year 27) · 3.2s
try  3 · gen  258 · best   1256.9 · elite    688.4 · median    205.0 · years  17.5 · road 0.39 · starved   705 · nobles  +4.8 · read 12.0 · walls  2.2 · fell 68.8% (mother 31.4%) · prince 28.5% · king 20.8% · crowned 16.9% (median year 23) · 3.2s
try  4 · gen  258 · best   1219.5 · elite    721.5 · median    212.0 · years  17.5 · road 0.32 · starved   602 · nobles  +7.9 · read  2.6 · walls  1.5 · fell 67.9% (mother 24.0%) · prince 26.5% · king 21.4% · crowned 17.7% (median year 22) · 3.2s
try  5 · gen  258 · best   1189.8 · elite    682.0 · median    192.6 · years  15.6 · road 0.33 · starved   773 · nobles  +5.9 · read  1.9 · walls  0.7 · fell 74.9% (mother 32.2%) · prince 23.4% · king 20.1% · crowned 18.1% (median year 23) · 3.2s
try  6 · gen  258 · best    433.2 · elite    275.3 · median     53.5 · years  45.7 · road 0.43 · starved  1122 · nobles  -5.0 · read 29.0 · walls  5.3 · fell 78.9% (mother 37.2%) · prince 20.9% · king  2.5% · crowned  1.5% (median year 73) · 3.2s
try  7 · gen  258 · best   1162.8 · elite    629.0 · median    182.1 · years  20.9 · road 0.35 · starved   744 · nobles  +6.5 · read 33.5 · walls  2.6 · fell 74.1% (mother 30.7%) · prince 24.7% · king 16.9% · crowned 15.0% (median year 28) · 3.2s
try  8 · gen  258 · best   1198.6 · elite    798.0 · median    263.9 · years  18.3 · road 0.47 · starved   829 · nobles  +4.1 · read  5.0 · walls  3.7 · fell 51.0% (mother 35.7%) · prince 36.8% · king 26.9% · crowned 20.0% (median year 22) · 3.2s
try  1 · gen  259 · best   1223.1 · elite    797.5 · median    238.1 · years  18.3 · road 0.43 · starved   812 · nobles  +4.2 · read  8.0 · walls  3.5 · fell 56.0% (mother 31.0%) · prince 33.0% · king 25.1% · crowned 20.3% (median year 23) · 3.2s
try  2 · gen  259 · best   1172.2 · elite    614.7 · median    171.7 · years  20.4 · road 0.33 · starved   832 · nobles  +6.8 · read 25.4 · walls  1.3 · fell 77.9% (mother 30.1%) · prince 20.4% · king 16.3% · crowned 14.1% (median year 27) · 3.2s
try  3 · gen  259 · best   1259.5 · elite    731.9 · median    206.7 · years  17.6 · road 0.40 · starved   722 · nobles  +4.4 · read 13.1 · walls  2.3 · fell 68.3% (mother 32.4%) · prince 28.9% · king 21.9% · crowned 17.6% (median year 24) · 3.2s
try  4 · gen  259 · best   1009.4 · elite    726.0 · median    205.4 · years  17.5 · road 0.33 · starved   615 · nobles  +8.0 · read  2.3 · walls  1.6 · fell 68.9% (mother 24.6%) · prince 27.0% · king 21.8% · crowned 17.8% (median year 22) · 3.2s
try  5 · gen  259 · best   1284.6 · elite    708.1 · median    191.3 · years  15.6 · road 0.34 · starved   737 · nobles  +5.7 · read  2.0 · walls  0.7 · fell 74.7% (mother 33.0%) · prince 23.6% · king 20.3% · crowned 17.9% (median year 23) · 3.2s
try  6 · gen  259 · best    491.3 · elite    281.6 · median     58.9 · years  46.3 · road 0.43 · starved  1119 · nobles  -5.0 · read 27.4 · walls  5.6 · fell 78.9% (mother 37.1%) · prince 20.9% · king  2.6% · crowned  1.4% (median year 72) · 3.2s
try  7 · gen  259 · best   1205.6 · elite    632.1 · median    183.8 · years  20.8 · road 0.35 · starved   784 · nobles  +7.4 · read 32.9 · walls  2.6 · fell 74.7% (mother 29.9%) · prince 24.9% · king 16.6% · crowned 14.9% (median year 28) · 3.2s
try  8 · gen  259 · best   1214.8 · elite    814.4 · median    271.5 · years  18.1 · road 0.47 · starved   794 · nobles  +4.6 · read  4.9 · walls  3.6 · fell 49.9% (mother 35.5%) · prince 37.6% · king 27.7% · crowned 20.4% (median year 22) · 3.2s
try  1 · gen  260 · best   1221.5 · elite    801.6 · median    250.8 · years  18.3 · road 0.44 · starved   791 · nobles  +4.3 · read  7.9 · walls  3.7 · fell 55.1% (mother 30.4%) · prince 33.0% · king 25.8% · crowned 20.9% (median year 23) · 3.2s
try  2 · gen  260 · best    976.2 · elite    619.0 · median    175.4 · years  20.4 · road 0.34 · starved   821 · nobles  +6.7 · read 25.1 · walls  1.3 · fell 77.3% (mother 28.8%) · prince 20.6% · king 16.8% · crowned 14.7% (median year 27) · 3.2s
try  3 · gen  260 · best   1461.6 · elite    729.8 · median    203.7 · years  17.5 · road 0.40 · starved   695 · nobles  +4.3 · read 13.0 · walls  2.3 · fell 67.8% (mother 31.1%) · prince 28.2% · king 21.4% · crowned 17.6% (median year 24) · 3.2s
try  4 · gen  260 · best   1064.0 · elite    718.3 · median    203.9 · years  17.1 · road 0.32 · starved   634 · nobles  +8.2 · read  2.2 · walls  1.6 · fell 67.6% (mother 25.2%) · prince 26.5% · king 21.5% · crowned 17.9% (median year 22) · 3.2s
try  5 · gen  260 · best   1201.0 · elite    685.8 · median    185.7 · years  15.6 · road 0.33 · starved   938 · nobles  +6.2 · read  1.9 · walls  0.6 · fell 76.0% (mother 33.4%) · prince 22.6% · king 19.3% · crowned 17.3% (median year 24) · 3.2s
try  6 · gen  260 · best    484.3 · elite    272.5 · median     55.4 · years  46.2 · road 0.43 · starved  1177 · nobles  -4.9 · read 27.0 · walls  6.0 · fell 79.3% (mother 39.5%) · prince 22.1% · king  2.7% · crowned  1.4% (median year 75) · 3.2s
try  7 · gen  260 · best   1192.1 · elite    629.8 · median    177.8 · years  20.9 · road 0.36 · starved   860 · nobles  +7.3 · read 33.0 · walls  2.8 · fell 75.0% (mother 32.0%) · prince 24.6% · king 16.1% · crowned 14.6% (median year 28) · 3.2s
try  8 · gen  260 · best   1436.0 · elite    820.0 · median    265.3 · years  18.0 · road 0.47 · starved   799 · nobles  +4.5 · read  4.7 · walls  3.6 · fell 49.6% (mother 35.5%) · prince 37.2% · king 27.2% · crowned 20.5% (median year 22) · 3.2s
try  1 · gen  261 · best   1249.7 · elite    786.5 · median    234.5 · years  18.6 · road 0.44 · starved   782 · nobles  +4.3 · read  8.6 · walls  3.8 · fell 55.4% (mother 28.1%) · prince 32.6% · king 25.1% · crowned 20.5% (median year 23) · 3.1s
try  2 · gen  261 · best    942.1 · elite    600.2 · median    176.2 · years  20.7 · road 0.34 · starved   789 · nobles  +6.5 · read 25.6 · walls  1.4 · fell 77.0% (mother 27.0%) · prince 20.7% · king 16.9% · crowned 14.6% (median year 27) · 3.1s
try  3 · gen  261 · best   1210.3 · elite    710.0 · median    204.4 · years  17.9 · road 0.40 · starved   725 · nobles  +4.6 · read 12.9 · walls  2.4 · fell 68.1% (mother 30.6%) · prince 28.8% · king 21.3% · crowned 16.9% (median year 24) · 3.1s
try  4 · gen  261 · best   1064.6 · elite    712.5 · median    194.0 · years  16.8 · road 0.31 · starved   626 · nobles  +7.5 · read  1.9 · walls  1.6 · fell 69.7% (mother 26.7%) · prince 24.9% · king 20.3% · crowned 16.9% (median year 22) · 3.1s
try  5 · gen  261 · best    976.1 · elite    663.4 · median    182.2 · years  15.6 · road 0.33 · starved  1155 · nobles  +6.0 · read  1.8 · walls  0.7 · fell 75.5% (mother 31.8%) · prince 23.0% · king 19.4% · crowned 17.3% (median year 24) · 3.1s
try  6 · gen  261 · best    494.7 · elite    276.2 · median     59.7 · years  47.6 · road 0.44 · starved  1269 · nobles  -5.0 · read 28.1 · walls  6.3 · fell 78.8% (mother 39.9%) · prince 21.9% · king  2.3% · crowned  1.5% (median year 76) · 3.1s
try  7 · gen  261 · best   1147.5 · elite    642.0 · median    180.4 · years  21.0 · road 0.36 · starved   819 · nobles  +7.0 · read 33.5 · walls  2.9 · fell 75.2% (mother 32.7%) · prince 24.7% · king 16.3% · crowned 14.7% (median year 28) · 3.1s
try  8 · gen  261 · best   1270.6 · elite    813.0 · median    250.1 · years  17.9 · road 0.46 · starved   832 · nobles  +4.5 · read  4.8 · walls  3.7 · fell 52.4% (mother 38.5%) · prince 36.2% · king 25.9% · crowned 19.6% (median year 22) · 3.1s
try  1 · gen  262 · best   1045.6 · elite    786.3 · median    260.6 · years  19.1 · road 0.45 · starved   821 · nobles  +4.1 · read  9.4 · walls  4.0 · fell 56.0% (mother 29.9%) · prince 34.6% · king 26.6% · crowned 21.0% (median year 24) · 3.2s
try  2 · gen  262 · best   1177.2 · elite    606.3 · median    182.5 · years  21.1 · road 0.34 · starved   802 · nobles  +6.6 · read 26.5 · walls  1.6 · fell 76.2% (mother 27.8%) · prince 20.7% · king 16.9% · crowned 14.9% (median year 27) · 3.2s
try  3 · gen  262 · best   1041.7 · elite    675.0 · median    199.2 · years  17.9 · road 0.39 · starved   771 · nobles  +4.1 · read 12.4 · walls  2.3 · fell 69.7% (mother 31.7%) · prince 27.7% · king 20.2% · crowned 16.3% (median year 23) · 3.2s
try  4 · gen  262 · best   1046.8 · elite    696.3 · median    209.8 · years  17.1 · road 0.32 · starved   629 · nobles  +7.6 · read  2.1 · walls  1.6 · fell 67.2% (mother 25.2%) · prince 26.6% · king 21.4% · crowned 17.6% (median year 22) · 3.2s
try  5 · gen  262 · best   1228.9 · elite    701.2 · median    192.4 · years  15.9 · road 0.33 · starved   729 · nobles  +6.8 · read  1.8 · walls  0.6 · fell 74.4% (mother 30.8%) · prince 23.6% · king 20.1% · crowned 18.1% (median year 24) · 3.2s
try  6 · gen  262 · best    504.6 · elite    266.8 · median     53.1 · years  46.9 · road 0.43 · starved  1241 · nobles  -5.0 · read 26.7 · walls  6.1 · fell 78.8% (mother 39.5%) · prince 22.8% · king  2.9% · crowned  1.5% (median year 74) · 3.2s
try  7 · gen  262 · best   1200.6 · elite    652.5 · median    182.9 · years  20.7 · road 0.36 · starved   808 · nobles  +6.7 · read 32.3 · walls  2.8 · fell 74.8% (mother 31.3%) · prince 25.5% · king 16.8% · crowned 15.0% (median year 28) · 3.2s
try  8 · gen  262 · best   1227.4 · elite    836.9 · median    258.5 · years  17.8 · road 0.47 · starved   794 · nobles  +4.0 · read  5.8 · walls  3.6 · fell 51.0% (mother 35.7%) · prince 36.5% · king 26.8% · crowned 19.8% (median year 22) · 3.2s
try  1 · gen  263 · best   1443.8 · elite    802.0 · median    224.6 · years  18.2 · road 0.43 · starved   821 · nobles  +3.9 · read  8.0 · walls  3.7 · fell 58.5% (mother 33.2%) · prince 31.8% · king 23.8% · crowned 19.5% (median year 23) · 3.1s
try  2 · gen  263 · best    969.6 · elite    615.4 · median    170.0 · years  21.0 · road 0.34 · starved   835 · nobles  +6.6 · read 26.4 · walls  1.5 · fell 77.1% (mother 27.9%) · prince 20.5% · king 16.4% · crowned 14.1% (median year 27) · 3.1s
try  3 · gen  263 · best   1214.1 · elite    725.6 · median    208.3 · years  17.6 · road 0.39 · starved   718 · nobles  +4.5 · read 11.8 · walls  2.2 · fell 68.5% (mother 30.8%) · prince 29.0% · king 21.9% · crowned 17.4% (median year 23) · 3.1s
try  4 · gen  263 · best   1251.4 · elite    713.5 · median    197.1 · years  17.1 · road 0.32 · starved   658 · nobles  +7.6 · read  2.2 · walls  1.7 · fell 70.0% (mother 27.6%) · prince 26.2% · king 20.9% · crowned 17.0% (median year 22) · 3.1s
try  5 · gen  263 · best   1195.5 · elite    710.5 · median    187.0 · years  15.5 · road 0.33 · starved   814 · nobles  +5.6 · read  1.8 · walls  0.7 · fell 74.9% (mother 31.3%) · prince 23.5% · king 19.4% · crowned 17.5% (median year 23) · 3.1s
try  6 · gen  263 · best    462.9 · elite    273.5 · median     57.1 · years  46.6 · road 0.43 · starved  1164 · nobles  -5.1 · read 26.2 · walls  6.1 · fell 78.5% (mother 39.4%) · prince 21.7% · king  2.8% · crowned  1.5% (median year 74) · 3.1s
try  7 · gen  263 · best    973.3 · elite    625.8 · median    189.7 · years  20.8 · road 0.36 · starved   794 · nobles  +6.5 · read 32.2 · walls  2.8 · fell 73.8% (mother 31.6%) · prince 25.6% · king 17.0% · crowned 15.0% (median year 28) · 3.1s
try  8 · gen  263 · best   1272.7 · elite    825.9 · median    259.8 · years  17.8 · road 0.47 · starved   802 · nobles  +4.3 · read  6.0 · walls  3.7 · fell 49.6% (mother 34.6%) · prince 37.0% · king 27.6% · crowned 20.4% (median year 21) · 3.1s
try  1 · gen  264 · best   1209.2 · elite    761.4 · median    238.3 · years  18.5 · road 0.43 · starved   812 · nobles  +4.6 · read  8.8 · walls  3.6 · fell 57.4% (mother 32.0%) · prince 32.8% · king 24.6% · crowned 19.7% (median year 23) · 3.4s
try  2 · gen  264 · best   1174.8 · elite    617.2 · median    179.2 · years  20.5 · road 0.34 · starved   807 · nobles  +6.1 · read 24.9 · walls  1.6 · fell 75.5% (mother 28.9%) · prince 21.7% · king 17.0% · crowned 14.7% (median year 26) · 3.4s
try  3 · gen  264 · best   1213.7 · elite    738.8 · median    204.0 · years  17.4 · road 0.39 · starved   681 · nobles  +4.4 · read 10.6 · walls  2.1 · fell 66.4% (mother 29.0%) · prince 28.2% · king 21.7% · crowned 17.7% (median year 23) · 3.4s
try  4 · gen  264 · best   1204.2 · elite    716.7 · median    202.8 · years  16.8 · road 0.32 · starved   661 · nobles  +6.6 · read  1.9 · walls  1.7 · fell 69.6% (mother 28.6%) · prince 26.4% · king 21.5% · crowned 17.0% (median year 22) · 3.4s
try  5 · gen  264 · best   1223.5 · elite    753.7 · median    197.0 · years  15.7 · road 0.34 · starved   673 · nobles  +5.8 · read  2.0 · walls  0.7 · fell 73.8% (mother 29.2%) · prince 24.4% · king 20.4% · crowned 18.2% (median year 23) · 3.4s
try  6 · gen  264 · best    453.7 · elite    270.1 · median     58.6 · years  46.7 · road 0.43 · starved  1173 · nobles  -5.2 · read 25.4 · walls  6.0 · fell 78.7% (mother 39.3%) · prince 21.8% · king  2.4% · crowned  1.4% (median year 77) · 3.4s
try  7 · gen  264 · best   1294.0 · elite    647.3 · median    183.2 · years  20.9 · road 0.36 · starved   827 · nobles  +6.6 · read 32.1 · walls  2.9 · fell 74.6% (mother 32.6%) · prince 25.4% · king 17.0% · crowned 15.1% (median year 28) · 3.4s
try  8 · gen  264 · best   1223.8 · elite    817.6 · median    264.1 · years  17.5 · road 0.47 · starved   785 · nobles  +4.4 · read  6.2 · walls  3.6 · fell 48.9% (mother 32.6%) · prince 36.7% · king 27.1% · crowned 20.2% (median year 21) · 3.4s
try  1 · gen  265 · best   1183.5 · elite    749.1 · median    237.7 · years  19.0 · road 0.44 · starved   853 · nobles  +3.8 · read  9.2 · walls  3.8 · fell 57.7% (mother 32.1%) · prince 33.3% · king 24.3% · crowned 19.5% (median year 23) · 3.2s
try  2 · gen  265 · best    988.7 · elite    608.7 · median    174.7 · years  20.3 · road 0.34 · starved   784 · nobles  +5.8 · read 24.1 · walls  1.5 · fell 75.7% (mother 28.5%) · prince 21.8% · king 17.1% · crowned 14.3% (median year 26) · 3.2s
try  3 · gen  265 · best   1226.0 · elite    773.2 · median    221.5 · years  17.3 · road 0.39 · starved   651 · nobles  +4.8 · read 10.5 · walls  2.2 · fell 65.0% (mother 27.4%) · prince 30.4% · king 22.7% · crowned 18.4% (median year 22) · 3.2s
try  4 · gen  265 · best   1215.8 · elite    704.0 · median    208.3 · years  16.8 · road 0.32 · starved   640 · nobles  +6.7 · read  2.0 · walls  1.7 · fell 68.2% (mother 27.0%) · prince 26.5% · king 21.5% · crowned 17.4% (median year 22) · 3.2s
try  5 · gen  265 · best   1072.3 · elite    707.4 · median    197.5 · years  15.6 · road 0.33 · starved   644 · nobles  +6.7 · read  2.3 · walls  0.7 · fell 73.1% (mother 29.5%) · prince 24.4% · king 20.5% · crowned 18.3% (median year 23) · 3.2s
try  6 · gen  265 · best    462.3 · elite    280.0 · median     65.5 · years  47.2 · road 0.44 · starved  1154 · nobles  -5.6 · read 26.6 · walls  5.7 · fell 78.3% (mother 38.6%) · prince 21.9% · king  3.2% · crowned  1.7% (median year 72) · 3.2s
try  7 · gen  265 · best    992.0 · elite    657.0 · median    188.3 · years  20.6 · road 0.36 · starved   788 · nobles  +6.9 · read 31.7 · walls  2.9 · fell 74.0% (mother 31.5%) · prince 25.4% · king 17.6% · crowned 15.6% (median year 28) · 3.2s
try  8 · gen  265 · best   1251.1 · elite    844.6 · median    254.7 · years  17.0 · road 0.46 · starved   789 · nobles  +4.4 · read  5.8 · walls  3.5 · fell 51.6% (mother 34.5%) · prince 36.7% · king 27.3% · crowned 20.0% (median year 21) · 3.2s
try  1 · gen  266 · best   1231.2 · elite    786.2 · median    227.0 · years  18.8 · road 0.44 · starved   858 · nobles  +4.0 · read  9.1 · walls  3.8 · fell 58.1% (mother 33.9%) · prince 32.6% · king 24.5% · crowned 19.8% (median year 24) · 3.1s
try  2 · gen  266 · best   1222.5 · elite    652.0 · median    188.1 · years  20.3 · road 0.35 · starved   743 · nobles  +5.4 · read 24.0 · walls  1.6 · fell 73.8% (mother 28.0%) · prince 23.0% · king 18.2% · crowned 15.4% (median year 26) · 3.1s
try  3 · gen  266 · best   1232.7 · elite    751.4 · median    230.6 · years  16.8 · road 0.39 · starved   588 · nobles  +4.9 · read  9.0 · walls  2.1 · fell 63.4% (mother 27.5%) · prince 30.4% · king 23.5% · crowned 19.2% (median year 23) · 3.1s
try  4 · gen  266 · best   1227.3 · elite    732.1 · median    206.2 · years  17.0 · road 0.32 · starved   624 · nobles  +6.6 · read  2.0 · walls  1.6 · fell 67.6% (mother 26.7%) · prince 26.1% · king 21.8% · crowned 17.6% (median year 22) · 3.1s
try  5 · gen  266 · best   1194.3 · elite    715.6 · median    193.5 · years  15.4 · road 0.33 · starved   618 · nobles  +6.0 · read  2.3 · walls  0.7 · fell 72.8% (mother 29.4%) · prince 24.4% · king 20.2% · crowned 17.9% (median year 22) · 3.1s
try  6 · gen  266 · best    470.9 · elite    272.6 · median     63.7 · years  47.2 · road 0.43 · starved  1137 · nobles  -5.5 · read 26.5 · walls  5.5 · fell 78.6% (mother 37.3%) · prince 22.2% · king  2.9% · crowned  1.4% (median year 79) · 3.1s
try  7 · gen  266 · best   1020.6 · elite    670.6 · median    185.3 · years  20.7 · road 0.36 · starved   863 · nobles  +7.2 · read 31.7 · walls  3.0 · fell 74.6% (mother 32.8%) · prince 24.9% · king 17.5% · crowned 15.6% (median year 28) · 3.1s
try  8 · gen  266 · best   1284.5 · elite    823.2 · median    255.6 · years  16.9 · road 0.46 · starved   781 · nobles  +4.2 · read  6.5 · walls  3.4 · fell 51.1% (mother 32.6%) · prince 35.0% · king 26.6% · crowned 20.0% (median year 21) · 3.1s
try  1 · gen  267 · best   1300.5 · elite    781.0 · median    237.7 · years  18.4 · road 0.44 · starved   832 · nobles  +4.1 · read  8.7 · walls  3.7 · fell 57.2% (mother 34.1%) · prince 32.9% · king 24.3% · crowned 19.5% (median year 23) · 3.1s
try  2 · gen  267 · best    995.9 · elite    626.5 · median    190.7 · years  20.5 · road 0.35 · starved   776 · nobles  +5.5 · read 24.2 · walls  1.6 · fell 73.8% (mother 28.1%) · prince 23.3% · king 18.6% · crowned 15.3% (median year 26) · 3.1s
try  3 · gen  267 · best   1233.5 · elite    764.1 · median    223.7 · years  16.6 · road 0.39 · starved   552 · nobles  +4.8 · read  8.8 · walls  2.0 · fell 63.4% (mother 27.5%) · prince 29.9% · king 23.2% · crowned 19.6% (median year 23) · 3.1s
try  4 · gen  267 · best   1192.3 · elite    711.8 · median    196.6 · years  16.8 · road 0.32 · starved   660 · nobles  +7.2 · read  1.8 · walls  1.5 · fell 70.2% (mother 28.7%) · prince 24.4% · king 20.2% · crowned 16.9% (median year 22) · 3.1s
try  5 · gen  267 · best   1425.4 · elite    744.6 · median    195.5 · years  15.5 · road 0.34 · starved   672 · nobles  +6.0 · read  2.3 · walls  0.8 · fell 73.5% (mother 29.9%) · prince 24.5% · king 20.5% · crowned 18.0% (median year 22) · 3.1s
try  6 · gen  267 · best    512.1 · elite    304.4 · median     57.8 · years  46.5 · road 0.43 · starved  1094 · nobles  -5.2 · read 25.4 · walls  5.3 · fell 79.1% (mother 35.8%) · prince 20.7% · king  3.1% · crowned  1.9% (median year 73) · 3.1s
try  7 · gen  267 · best   1181.6 · elite    618.5 · median    185.4 · years  20.7 · road 0.36 · starved   856 · nobles  +7.8 · read 31.4 · walls  2.9 · fell 75.3% (mother 32.2%) · prince 24.0% · king 16.7% · crowned 14.9% (median year 28) · 3.1s
try  8 · gen  267 · best   1248.6 · elite    832.2 · median    249.6 · years  17.0 · road 0.46 · starved   773 · nobles  +4.7 · read  6.2 · walls  3.4 · fell 51.0% (mother 31.8%) · prince 35.1% · king 26.4% · crowned 19.8% (median year 21) · 3.1s
try  1 · gen  268 · best   1188.8 · elite    795.7 · median    232.7 · years  18.2 · road 0.43 · starved   842 · nobles  +4.2 · read  8.9 · walls  3.7 · fell 58.7% (mother 35.8%) · prince 33.2% · king 24.4% · crowned 19.9% (median year 24) · 3.2s
try  2 · gen  268 · best   1193.1 · elite    628.3 · median    188.0 · years  20.0 · road 0.35 · starved   800 · nobles  +4.5 · read 23.5 · walls  1.6 · fell 74.8% (mother 31.7%) · prince 23.6% · king 18.4% · crowned 14.8% (median year 25) · 3.2s
try  3 · gen  268 · best   1237.8 · elite    772.6 · median    226.4 · years  16.7 · road 0.39 · starved   570 · nobles  +4.9 · read  8.9 · walls  2.1 · fell 63.1% (mother 28.1%) · prince 31.0% · king 23.5% · crowned 19.5% (median year 23) · 3.2s
try  4 · gen  268 · best   1228.7 · elite    651.0 · median    205.5 · years  17.1 · road 0.32 · starved   680 · nobles  +6.7 · read  2.0 · walls  1.6 · fell 70.0% (mother 29.0%) · prince 25.2% · king 20.7% · crowned 16.9% (median year 22) · 3.2s
try  5 · gen  268 · best   1187.9 · elite    681.8 · median    196.9 · years  15.4 · road 0.34 · starved   689 · nobles  +5.6 · read  2.6 · walls  0.8 · fell 73.1% (mother 31.1%) · prince 24.7% · king 20.5% · crowned 18.1% (median year 22) · 3.2s
try  6 · gen  268 · best    598.9 · elite    297.4 · median     63.5 · years  46.1 · road 0.43 · starved  1078 · nobles  -4.7 · read 25.6 · walls  5.2 · fell 78.6% (mother 36.6%) · prince 21.2% · king  3.9% · crowned  2.4% (median year 75) · 3.2s
try  7 · gen  268 · best   1240.2 · elite    621.0 · median    181.2 · years  20.8 · road 0.36 · starved   907 · nobles  +7.5 · read 30.9 · walls  3.1 · fell 75.7% (mother 34.0%) · prince 25.1% · king 17.0% · crowned 14.8% (median year 28) · 3.2s
try  8 · gen  268 · best   1258.3 · elite    829.3 · median    261.2 · years  16.8 · road 0.46 · starved   781 · nobles  +4.6 · read  6.3 · walls  3.4 · fell 51.2% (mother 30.7%) · prince 35.6% · king 27.0% · crowned 20.0% (median year 20) · 3.2s
try  1 · gen  269 · best   1250.5 · elite    756.7 · median    226.7 · years  18.8 · road 0.44 · starved   882 · nobles  +3.3 · read  8.9 · walls  3.9 · fell 59.8% (mother 37.4%) · prince 33.1% · king 23.9% · crowned 19.3% (median year 24) · 3.1s
try  2 · gen  269 · best    988.1 · elite    612.9 · median    184.5 · years  20.1 · road 0.36 · starved   801 · nobles  +4.3 · read 24.2 · walls  1.6 · fell 74.1% (mother 31.6%) · prince 22.8% · king 17.8% · crowned 14.7% (median year 25) · 3.1s
try  3 · gen  269 · best   1230.2 · elite    794.2 · median    226.8 · years  16.9 · road 0.39 · starved   554 · nobles  +5.5 · read  8.6 · walls  2.0 · fell 62.3% (mother 26.2%) · prince 31.0% · king 23.4% · crowned 19.5% (median year 22) · 3.1s
try  4 · gen  269 · best   1219.6 · elite    683.8 · median    200.0 · years  17.3 · road 0.33 · starved   651 · nobles  +6.5 · read  2.1 · walls  1.7 · fell 69.7% (mother 28.5%) · prince 24.9% · king 20.6% · crowned 16.6% (median year 22) · 3.1s
try  5 · gen  269 · best   1001.9 · elite    712.0 · median    200.0 · years  15.2 · road 0.34 · starved   674 · nobles  +5.6 · read  2.7 · walls  0.8 · fell 73.9% (mother 32.8%) · prince 24.4% · king 20.6% · crowned 17.9% (median year 22) · 3.1s
try  6 · gen  269 · best    571.4 · elite    315.7 · median     58.4 · years  45.5 · road 0.42 · starved  1155 · nobles  -4.7 · read 24.2 · walls  5.0 · fell 79.5% (mother 38.6%) · prince 21.9% · king  4.5% · crowned  2.6% (median year 69) · 3.1s
try  7 · gen  269 · best   1210.2 · elite    637.0 · median    188.7 · years  20.6 · road 0.36 · starved   818 · nobles  +8.1 · read 30.8 · walls  3.0 · fell 74.3% (mother 32.7%) · prince 25.2% · king 17.4% · crowned 15.2% (median year 28) · 3.1s
try  8 · gen  269 · best   1469.9 · elite    821.3 · median    276.0 · years  16.7 · road 0.46 · starved   763 · nobles  +4.7 · read  6.1 · walls  3.4 · fell 52.1% (mother 32.5%) · prince 35.4% · king 26.9% · crowned 20.5% (median year 21) · 3.1s
try  1 · gen  270 · best   1185.6 · elite    770.0 · median    225.1 · years  18.7 · road 0.44 · starved   856 · nobles  +3.1 · read  8.6 · walls  4.0 · fell 60.0% (mother 37.8%) · prince 32.7% · king 24.1% · crowned 19.1% (median year 24) · 3.1s
try  2 · gen  270 · best    958.2 · elite    640.4 · median    183.7 · years  20.0 · road 0.36 · starved   780 · nobles  +3.8 · read 24.0 · walls  1.7 · fell 73.5% (mother 30.8%) · prince 23.8% · king 17.7% · crowned 14.6% (median year 25) · 3.1s
try  3 · gen  270 · best   1201.6 · elite    780.2 · median    228.3 · years  16.9 · road 0.39 · starved   570 · nobles  +5.8 · read  8.6 · walls  2.0 · fell 62.7% (mother 26.7%) · prince 31.0% · king 23.1% · crowned 19.4% (median year 22) · 3.1s
try  4 · gen  270 · best   1012.1 · elite    658.9 · median    190.6 · years  17.1 · road 0.32 · starved   680 · nobles  +6.2 · read  2.1 · walls  1.7 · fell 71.3% (mother 29.8%) · prince 25.0% · king 19.8% · crowned 16.1% (median year 22) · 3.1s
try  5 · gen  270 · best   1193.0 · elite    723.5 · median    190.2 · years  15.1 · road 0.34 · starved   669 · nobles  +5.6 · read  2.6 · walls  0.8 · fell 73.4% (mother 32.2%) · prince 24.4% · king 20.5% · crowned 17.8% (median year 22) · 3.1s
try  6 · gen  270 · best    563.1 · elite    294.0 · median     52.9 · years  44.5 · road 0.42 · starved  1164 · nobles  -4.9 · read 22.9 · walls  4.7 · fell 81.4% (mother 38.1%) · prince 21.7% · king  4.0% · crowned  2.2% (median year 68) · 3.1s
try  7 · gen  270 · best    976.3 · elite    618.0 · median    184.3 · years  20.7 · road 0.36 · starved   824 · nobles  +7.2 · read 30.8 · walls  3.0 · fell 75.1% (mother 32.4%) · prince 25.5% · king 17.0% · crowned 14.8% (median year 27) · 3.1s
try  8 · gen  270 · best   1295.0 · elite    842.4 · median    252.9 · years  16.5 · road 0.45 · starved   777 · nobles  +4.9 · read  6.1 · walls  3.4 · fell 51.2% (mother 32.7%) · prince 35.7% · king 26.2% · crowned 20.0% (median year 20) · 3.1s
try  1 · gen  271 · best   1216.6 · elite    767.9 · median    230.1 · years  19.0 · road 0.44 · starved   871 · nobles  +3.3 · read  8.5 · walls  4.1 · fell 58.7% (mother 36.1%) · prince 32.5% · king 23.6% · crowned 18.8% (median year 24) · 3.1s
try  2 · gen  271 · best   1011.5 · elite    637.6 · median    183.2 · years  20.1 · road 0.36 · starved   787 · nobles  +3.8 · read 23.8 · walls  1.7 · fell 73.0% (mother 30.7%) · prince 24.8% · king 18.4% · crowned 14.5% (median year 24) · 3.1s
try  3 · gen  271 · best   1275.6 · elite    752.4 · median    227.7 · years  16.8 · road 0.39 · starved   577 · nobles  +5.5 · read  8.9 · walls  2.0 · fell 63.0% (mother 27.9%) · prince 29.9% · king 22.7% · crowned 19.1% (median year 22) · 3.1s
try  4 · gen  271 · best   1197.6 · elite    673.1 · median    191.2 · years  17.3 · road 0.32 · starved   702 · nobles  +6.6 · read  2.3 · walls  1.7 · fell 71.8% (mother 30.1%) · prince 24.4% · king 19.3% · crowned 15.8% (median year 23) · 3.1s
try  5 · gen  271 · best   1188.8 · elite    713.4 · median    185.7 · years  15.2 · road 0.34 · starved   639 · nobles  +5.5 · read  2.6 · walls  0.9 · fell 74.7% (mother 33.5%) · prince 23.5% · king 19.3% · crowned 17.0% (median year 22) · 3.1s
try  6 · gen  271 · best    619.2 · elite    288.7 · median     57.1 · years  44.9 · road 0.42 · starved  1148 · nobles  -4.7 · read 24.4 · walls  4.9 · fell 80.8% (mother 37.3%) · prince 21.4% · king  3.8% · crowned  2.1% (median year 73) · 3.1s
try  7 · gen  271 · best   1203.2 · elite    664.3 · median    184.1 · years  20.3 · road 0.36 · starved   787 · nobles  +7.5 · read 30.6 · walls  2.9 · fell 74.8% (mother 31.9%) · prince 24.8% · king 17.3% · crowned 15.3% (median year 27) · 3.1s
try  8 · gen  271 · best   1471.8 · elite    789.6 · median    243.6 · years  16.8 · road 0.46 · starved   818 · nobles  +4.0 · read  6.0 · walls  3.5 · fell 53.2% (mother 34.6%) · prince 34.0% · king 25.4% · crowned 19.0% (median year 20) · 3.1s
try  1 · gen  272 · best   1222.9 · elite    784.0 · median    236.0 · years  18.6 · road 0.44 · starved   829 · nobles  +3.9 · read  7.4 · walls  4.2 · fell 57.5% (mother 36.5%) · prince 32.0% · king 25.0% · crowned 19.9% (median year 24) · 3.0s
try  2 · gen  272 · best    980.6 · elite    600.1 · median    192.2 · years  19.9 · road 0.36 · starved   787 · nobles  +3.7 · read 23.7 · walls  1.7 · fell 72.9% (mother 31.8%) · prince 25.0% · king 18.6% · crowned 15.1% (median year 25) · 3.0s
try  3 · gen  272 · best   1243.1 · elite    795.3 · median    226.3 · years  16.6 · road 0.39 · starved   568 · nobles  +5.1 · read  9.3 · walls  2.1 · fell 61.9% (mother 26.7%) · prince 30.7% · king 24.0% · crowned 19.6% (median year 22) · 3.0s
try  4 · gen  272 · best   1275.3 · elite    663.9 · median    192.5 · years  17.2 · road 0.32 · starved   691 · nobles  +6.8 · read  2.2 · walls  1.7 · fell 70.4% (mother 29.4%) · prince 25.6% · king 20.1% · crowned 16.6% (median year 23) · 3.0s
try  5 · gen  272 · best   1039.8 · elite    709.2 · median    192.0 · years  15.4 · road 0.34 · starved  1076 · nobles  +6.3 · read  2.7 · walls  0.9 · fell 74.5% (mother 34.0%) · prince 23.6% · king 20.0% · crowned 17.6% (median year 22) · 3.0s
try  6 · gen  272 · best    587.3 · elite    276.1 · median     57.8 · years  44.5 · road 0.42 · starved  1173 · nobles  -4.6 · read 24.1 · walls  4.9 · fell 81.0% (mother 39.1%) · prince 22.1% · king  3.0% · crowned  1.9% (median year 69) · 3.0s
try  7 · gen  272 · best   1126.3 · elite    604.9 · median    180.1 · years  20.0 · road 0.36 · starved   803 · nobles  +6.7 · read 29.6 · walls  3.1 · fell 76.0% (mother 34.7%) · prince 24.5% · king 16.6% · crowned 14.2% (median year 27) · 3.0s
try  8 · gen  272 · best   1293.2 · elite    803.1 · median    260.0 · years  16.6 · road 0.45 · starved   823 · nobles  +4.4 · read  5.7 · walls  3.4 · fell 52.6% (mother 33.6%) · prince 34.0% · king 26.2% · crowned 19.7% (median year 20) · 3.0s
try  1 · gen  273 · best   1293.0 · elite    783.2 · median    240.2 · years  19.1 · road 0.45 · starved   815 · nobles  +3.8 · read  7.6 · walls  4.4 · fell 57.2% (mother 34.5%) · prince 33.9% · king 25.0% · crowned 19.6% (median year 24) · 3.0s
try  2 · gen  273 · best    976.4 · elite    614.7 · median    190.2 · years  19.9 · road 0.36 · starved   758 · nobles  +3.9 · read 23.6 · walls  1.7 · fell 72.4% (mother 30.6%) · prince 24.9% · king 18.6% · crowned 14.8% (median year 25) · 3.0s
try  3 · gen  273 · best   1212.7 · elite    758.3 · median    238.7 · years  16.7 · road 0.39 · starved   548 · nobles  +5.4 · read  9.3 · walls  2.1 · fell 60.8% (mother 26.8%) · prince 31.8% · king 24.4% · crowned 19.7% (median year 21) · 3.0s
try  4 · gen  273 · best   1220.2 · elite    712.6 · median    195.3 · years  17.3 · road 0.32 · starved   663 · nobles  +8.0 · read  2.2 · walls  1.7 · fell 69.3% (mother 27.6%) · prince 25.9% · king 20.2% · crowned 17.0% (median year 23) · 3.0s
try  5 · gen  273 · best   1186.9 · elite    728.6 · median    190.9 · years  15.5 · road 0.33 · starved   757 · nobles  +7.0 · read  2.7 · walls  0.9 · fell 73.8% (mother 33.4%) · prince 23.8% · king 19.8% · crowned 17.8% (median year 23) · 3.0s
try  6 · gen  273 · best    704.3 · elite    280.5 · median     57.1 · years  44.8 · road 0.42 · starved  1155 · nobles  -4.3 · read 24.1 · walls  5.1 · fell 80.3% (mother 38.8%) · prince 21.7% · king  3.3% · crowned  1.8% (median year 69) · 3.0s
try  7 · gen  273 · best   1139.6 · elite    612.3 · median    181.2 · years  20.2 · road 0.36 · starved   846 · nobles  +6.2 · read 29.5 · walls  3.0 · fell 76.1% (mother 35.4%) · prince 24.4% · king 16.9% · crowned 14.6% (median year 27) · 3.0s
try  8 · gen  273 · best   1266.1 · elite    824.7 · median    238.8 · years  16.9 · road 0.46 · starved   821 · nobles  +4.5 · read  4.7 · walls  3.4 · fell 54.5% (mother 34.6%) · prince 34.4% · king 25.1% · crowned 19.0% (median year 20) · 3.0s
try  1 · gen  274 · best   1236.1 · elite    812.5 · median    241.7 · years  19.2 · road 0.45 · starved   813 · nobles  +3.9 · read  7.0 · walls  4.5 · fell 55.2% (mother 33.3%) · prince 34.7% · king 25.6% · crowned 19.8% (median year 24) · 3.0s
try  2 · gen  274 · best   1205.1 · elite    664.9 · median    194.6 · years  19.9 · road 0.36 · starved   775 · nobles  +3.8 · read 23.2 · walls  1.7 · fell 72.9% (mother 31.2%) · prince 25.2% · king 19.4% · crowned 15.6% (median year 25) · 3.0s
try  3 · gen  274 · best   1231.1 · elite    763.3 · median    229.4 · years  16.5 · road 0.38 · starved   542 · nobles  +5.3 · read  9.0 · walls  2.0 · fell 61.2% (mother 26.9%) · prince 30.1% · king 23.7% · crowned 19.3% (median year 22) · 3.0s
try  4 · gen  274 · best   1025.9 · elite    695.0 · median    196.2 · years  17.3 · road 0.32 · starved   657 · nobles  +8.3 · read  2.2 · walls  1.6 · fell 69.9% (mother 27.9%) · prince 25.1% · king 20.3% · crowned 17.2% (median year 23) · 3.0s
try  5 · gen  274 · best   1076.0 · elite    700.9 · median    188.7 · years  15.7 · road 0.33 · starved   769 · nobles  +6.8 · read  2.5 · walls  0.9 · fell 74.3% (mother 32.3%) · prince 23.1% · king 19.3% · crowned 17.3% (median year 23) · 3.0s
try  6 · gen  274 · best    585.2 · elite    271.1 · median     61.4 · years  44.2 · road 0.42 · starved  1155 · nobles  -4.1 · read 22.7 · walls  5.0 · fell 80.8% (mother 37.8%) · prince 22.1% · king  3.8% · crowned  2.1% (median year 74) · 3.0s
try  7 · gen  274 · best    997.0 · elite    632.6 · median    176.0 · years  19.9 · road 0.36 · starved   832 · nobles  +6.9 · read 28.6 · walls  2.9 · fell 76.2% (mother 34.9%) · prince 24.5% · king 17.4% · crowned 15.1% (median year 27) · 3.0s
try  8 · gen  274 · best   1302.7 · elite    819.2 · median    245.4 · years  16.5 · road 0.45 · starved   814 · nobles  +4.4 · read  4.4 · walls  3.2 · fell 55.1% (mother 36.4%) · prince 34.1% · king 25.4% · crowned 19.0% (median year 20) · 3.0s
try  1 · gen  275 · best   1189.3 · elite    787.8 · median    252.3 · years  19.5 · road 0.46 · starved   803 · nobles  +3.6 · read  7.6 · walls  4.7 · fell 54.8% (mother 33.6%) · prince 35.3% · king 26.4% · crowned 20.2% (median year 24) · 3.1s
try  2 · gen  275 · best   1176.9 · elite    673.6 · median    183.7 · years  19.9 · road 0.35 · starved   737 · nobles  +4.2 · read 23.4 · walls  1.7 · fell 71.8% (mother 28.8%) · prince 24.3% · king 18.9% · crowned 15.8% (median year 25) · 3.1s
try  3 · gen  275 · best   1482.7 · elite    772.3 · median    222.9 · years  16.6 · road 0.38 · starved   562 · nobles  +5.7 · read  9.4 · walls  2.0 · fell 62.0% (mother 28.3%) · prince 30.2% · king 23.4% · crowned 19.1% (median year 22) · 3.1s
try  4 · gen  275 · best   1190.6 · elite    698.4 · median    194.6 · years  17.1 · road 0.32 · starved   671 · nobles  +8.1 · read  2.1 · walls  1.6 · fell 69.9% (mother 29.7%) · prince 25.4% · king 19.9% · crowned 16.6% (median year 23) · 3.1s
try  5 · gen  275 · best   1235.1 · elite    708.7 · median    195.4 · years  15.9 · road 0.34 · starved   698 · nobles  +6.9 · read  2.6 · walls  1.0 · fell 73.7% (mother 32.4%) · prince 24.0% · king 20.1% · crowned 17.7% (median year 23) · 3.1s
try  6 · gen  275 · best    542.7 · elite    279.3 · median     59.0 · years  44.0 · road 0.42 · starved  1162 · nobles  -4.2 · read 22.1 · walls  5.1 · fell 80.3% (mother 38.4%) · prince 20.9% · king  3.3% · crowned  1.9% (median year 65) · 3.1s
try  7 · gen  275 · best    974.2 · elite    603.7 · median    182.7 · years  20.1 · road 0.36 · starved   847 · nobles  +7.6 · read 27.9 · walls  3.0 · fell 76.8% (mother 35.4%) · prince 24.0% · king 16.8% · crowned 14.7% (median year 27) · 3.1s
try  8 · gen  275 · best   1251.0 · elite    829.4 · median    241.2 · years  16.5 · road 0.45 · starved   848 · nobles  +4.6 · read  4.0 · walls  3.2 · fell 54.1% (mother 35.2%) · prince 35.2% · king 26.1% · crowned 19.1% (median year 20) · 3.1s
try  1 · gen  276 · best   1279.1 · elite    789.0 · median    241.0 · years  20.0 · road 0.46 · starved   833 · nobles  +3.4 · read  7.9 · walls  4.9 · fell 54.8% (mother 33.2%) · prince 34.7% · king 25.6% · crowned 19.5% (median year 24) · 3.0s
try  2 · gen  276 · best   1241.0 · elite    644.1 · median    188.9 · years  20.1 · road 0.35 · starved   736 · nobles  +4.0 · read 23.5 · walls  1.5 · fell 72.1% (mother 28.1%) · prince 23.6% · king 18.6% · crowned 15.3% (median year 25) · 3.0s
try  3 · gen  276 · best   1285.5 · elite    761.6 · median    228.7 · years  16.7 · road 0.39 · starved   578 · nobles  +5.6 · read  9.9 · walls  2.0 · fell 61.9% (mother 28.5%) · prince 30.7% · king 23.8% · crowned 19.1% (median year 22) · 3.0s
try  4 · gen  276 · best   1023.3 · elite    683.4 · median    200.6 · years  17.7 · road 0.33 · starved   695 · nobles  +7.6 · read  2.4 · walls  1.8 · fell 68.1% (mother 27.8%) · prince 26.4% · king 20.5% · crowned 16.9% (median year 22) · 3.0s
try  5 · gen  276 · best    996.0 · elite    667.4 · median    195.6 · years  15.9 · road 0.33 · starved   640 · nobles  +7.0 · read  2.6 · walls  1.0 · fell 73.1% (mother 30.3%) · prince 23.6% · king 20.4% · crowned 18.1% (median year 23) · 3.0s
try  6 · gen  276 · best    493.7 · elite    298.0 · median     48.6 · years  43.9 · road 0.41 · starved  1221 · nobles  -4.0 · read 22.8 · walls  4.7 · fell 80.2% (mother 36.9%) · prince 20.9% · king  3.9% · crowned  2.5% (median year 72) · 3.0s
try  7 · gen  276 · best    949.9 · elite    586.7 · median    181.8 · years  20.0 · road 0.36 · starved   866 · nobles  +7.4 · read 27.7 · walls  3.1 · fell 77.2% (mother 35.0%) · prince 23.6% · king 16.8% · crowned 14.4% (median year 27) · 3.0s
try  8 · gen  276 · best   1263.1 · elite    803.8 · median    242.7 · years  16.4 · road 0.45 · starved   816 · nobles  +4.6 · read  4.1 · walls  3.3 · fell 53.7% (mother 35.6%) · prince 34.8% · king 26.1% · crowned 19.1% (median year 20) · 3.0s
try  1 · gen  277 · best   1209.3 · elite    777.2 · median    253.9 · years  19.9 · road 0.46 · starved   810 · nobles  +3.3 · read  7.4 · walls  4.9 · fell 53.8% (mother 32.3%) · prince 34.6% · king 25.6% · crowned 19.6% (median year 24) · 3.0s
try  2 · gen  277 · best   1168.0 · elite    640.2 · median    187.1 · years  20.1 · road 0.35 · starved   758 · nobles  +4.2 · read 23.5 · walls  1.5 · fell 72.8% (mother 28.7%) · prince 23.4% · king 18.7% · crowned 15.5% (median year 25) · 3.0s
try  3 · gen  277 · best   1008.5 · elite    780.4 · median    220.2 · years  16.5 · road 0.38 · starved   573 · nobles  +5.7 · read  9.5 · walls  2.0 · fell 62.4% (mother 28.6%) · prince 30.0% · king 22.8% · crowned 18.8% (median year 21) · 3.0s
try  4 · gen  277 · best   1203.4 · elite    679.6 · median    193.6 · years  17.6 · road 0.33 · starved   690 · nobles  +7.4 · read  2.7 · walls  1.8 · fell 67.5% (mother 28.4%) · prince 25.9% · king 20.4% · crowned 16.2% (median year 22) · 3.0s
try  5 · gen  277 · best   1059.4 · elite    699.9 · median    190.3 · years  15.9 · road 0.33 · starved   679 · nobles  +7.0 · read  2.6 · walls  1.0 · fell 73.8% (mother 32.8%) · prince 24.0% · king 20.1% · crowned 17.8% (median year 23) · 3.0s
try  6 · gen  277 · best    602.9 · elite    301.2 · median     50.2 · years  43.7 · road 0.41 · starved  1136 · nobles  -3.9 · read 21.9 · walls  4.6 · fell 80.2% (mother 36.7%) · prince 20.8% · king  2.7% · crowned  1.7% (median year 67) · 3.0s
try  7 · gen  277 · best   1192.2 · elite    588.8 · median    183.4 · years  20.2 · road 0.36 · starved   857 · nobles  +7.6 · read 28.0 · walls  3.1 · fell 77.3% (mother 34.4%) · prince 24.5% · king 16.7% · crowned 14.5% (median year 29) · 3.0s
try  8 · gen  277 · best   1033.8 · elite    773.8 · median    241.3 · years  16.7 · road 0.45 · starved   857 · nobles  +4.3 · read  4.7 · walls  3.3 · fell 55.2% (mother 35.9%) · prince 34.4% · king 25.1% · crowned 18.2% (median year 20) · 3.0s
try  1 · gen  278 · best   1264.2 · elite    794.0 · median    252.3 · years  20.0 · road 0.47 · starved   814 · nobles  +3.3 · read  8.1 · walls  5.0 · fell 53.2% (mother 34.5%) · prince 36.0% · king 26.1% · crowned 20.0% (median year 24) · 3.1s
try  2 · gen  278 · best   1194.7 · elite    614.6 · median    187.3 · years  20.2 · road 0.35 · starved   771 · nobles  +4.3 · read 23.0 · walls  1.6 · fell 74.4% (mother 29.9%) · prince 23.2% · king 17.8% · crowned 14.8% (median year 25) · 3.1s
try  3 · gen  278 · best   1197.7 · elite    755.0 · median    220.5 · years  16.7 · road 0.38 · starved   585 · nobles  +5.8 · read  9.1 · walls  2.0 · fell 62.4% (mother 28.6%) · prince 30.1% · king 23.6% · crowned 19.0% (median year 22) · 3.1s
try  4 · gen  278 · best   1043.4 · elite    665.3 · median    198.9 · years  17.7 · road 0.34 · starved   695 · nobles  +7.0 · read  2.9 · walls  1.9 · fell 68.1% (mother 29.0%) · prince 26.2% · king 20.5% · crowned 16.5% (median year 22) · 3.1s
try  5 · gen  278 · best   1447.6 · elite    692.2 · median    188.2 · years  16.1 · road 0.34 · starved   867 · nobles  +6.5 · read  2.5 · walls  1.0 · fell 74.7% (mother 32.3%) · prince 23.9% · king 19.7% · crowned 17.0% (median year 23) · 3.1s
try  6 · gen  278 · best    559.4 · elite    291.5 · median     60.3 · years  44.6 · road 0.42 · starved  1163 · nobles  -4.2 · read 23.6 · walls  4.6 · fell 80.1% (mother 37.0%) · prince 21.6% · king  3.2% · crowned  1.9% (median year 66) · 3.1s
try  7 · gen  278 · best   1003.9 · elite    607.9 · median    181.6 · years  20.4 · road 0.37 · starved   864 · nobles  +7.7 · read 27.8 · walls  3.1 · fell 77.6% (mother 35.2%) · prince 25.1% · king 16.8% · crowned 14.4% (median year 29) · 3.1s
try  8 · gen  278 · best   1279.8 · elite    807.9 · median    247.5 · years  16.7 · road 0.45 · starved   853 · nobles  +5.1 · read  4.4 · walls  3.3 · fell 54.9% (mother 35.4%) · prince 35.5% · king 25.0% · crowned 18.8% (median year 20) · 3.1s
try  1 · gen  279 · best   1222.4 · elite    763.7 · median    253.7 · years  20.3 · road 0.47 · starved   854 · nobles  +3.2 · read  8.4 · walls  5.0 · fell 54.0% (mother 35.5%) · prince 36.8% · king 26.3% · crowned 19.7% (median year 24) · 2.9s
try  2 · gen  279 · best   1207.8 · elite    648.3 · median    188.9 · years  19.9 · road 0.35 · starved   777 · nobles  +4.4 · read 22.8 · walls  1.5 · fell 72.4% (mother 30.0%) · prince 24.0% · king 19.0% · crowned 15.6% (median year 25) · 2.9s
try  3 · gen  279 · best   1261.0 · elite    757.5 · median    232.2 · years  16.4 · road 0.39 · starved   578 · nobles  +5.4 · read  8.8 · walls  2.1 · fell 61.5% (mother 28.7%) · prince 30.2% · king 23.1% · crowned 19.3% (median year 22) · 2.9s
try  4 · gen  279 · best   1008.0 · elite    679.6 · median    208.1 · years  17.7 · road 0.33 · starved   668 · nobles  +7.6 · read  2.7 · walls  1.9 · fell 67.9% (mother 28.1%) · prince 26.4% · king 20.9% · crowned 17.2% (median year 22) · 2.9s
try  5 · gen  279 · best   1219.9 · elite    721.1 · median    185.3 · years  15.9 · road 0.33 · starved   719 · nobles  +6.8 · read  2.3 · walls  0.9 · fell 74.5% (mother 32.3%) · prince 23.2% · king 19.2% · crowned 16.9% (median year 24) · 2.9s
try  6 · gen  279 · best    602.7 · elite    277.7 · median     55.8 · years  43.9 · road 0.41 · starved  1164 · nobles  -4.2 · read 23.5 · walls  4.4 · fell 80.5% (mother 35.5%) · prince 20.8% · king  3.3% · crowned  2.0% (median year 70) · 2.9s
try  7 · gen  279 · best    954.8 · elite    618.6 · median    183.4 · years  20.4 · road 0.37 · starved   846 · nobles  +7.9 · read 27.4 · walls  3.0 · fell 77.3% (mother 34.0%) · prince 25.7% · king 16.8% · crowned 14.6% (median year 28) · 2.9s
try  8 · gen  279 · best   1061.3 · elite    778.9 · median    232.2 · years  16.0 · road 0.43 · starved   876 · nobles  +5.2 · read  4.2 · walls  3.1 · fell 56.0% (mother 37.0%) · prince 34.1% · king 25.2% · crowned 18.5% (median year 20) · 2.9s
try  1 · gen  280 · best   1206.8 · elite    755.8 · median    248.7 · years  20.0 · road 0.46 · starved   841 · nobles  +3.1 · read  8.8 · walls  5.0 · fell 54.4% (mother 34.2%) · prince 36.0% · king 26.0% · crowned 19.2% (median year 25) · 3.1s
try  2 · gen  280 · best   1213.7 · elite    637.9 · median    194.7 · years  19.9 · road 0.35 · starved   733 · nobles  +4.5 · read 22.7 · walls  1.5 · fell 72.0% (mother 28.4%) · prince 24.0% · king 19.7% · crowned 16.4% (median year 25) · 3.1s
try  3 · gen  280 · best   1059.9 · elite    768.3 · median    222.7 · years  16.2 · road 0.39 · starved   579 · nobles  +4.9 · read  7.9 · walls  2.1 · fell 62.4% (mother 29.4%) · prince 30.4% · king 23.3% · crowned 19.1% (median year 21) · 3.1s
try  4 · gen  280 · best   1222.1 · elite    694.7 · median    213.4 · years  17.7 · road 0.34 · starved   651 · nobles  +7.9 · read  2.8 · walls  2.0 · fell 66.7% (mother 26.4%) · prince 26.9% · king 21.3% · crowned 17.7% (median year 22) · 3.1s
try  5 · gen  280 · best   1218.6 · elite    683.9 · median    192.0 · years  16.1 · road 0.33 · starved   687 · nobles  +6.8 · read  2.4 · walls  0.9 · fell 74.1% (mother 31.3%) · prince 23.9% · king 19.6% · crowned 17.1% (median year 24) · 3.1s
try  6 · gen  280 · best    477.1 · elite    273.1 · median     58.9 · years  44.1 · road 0.41 · starved  1172 · nobles  -4.3 · read 23.0 · walls  4.4 · fell 80.6% (mother 38.0%) · prince 20.8% · king  3.3% · crowned  2.0% (median year 71) · 3.1s
try  7 · gen  280 · best   1374.4 · elite    655.3 · median    175.2 · years  20.6 · road 0.37 · starved   843 · nobles  +8.2 · read 26.7 · walls  3.0 · fell 77.1% (mother 33.1%) · prince 25.5% · king 16.9% · crowned 15.0% (median year 29) · 3.1s
try  8 · gen  280 · best   1237.6 · elite    793.0 · median    242.4 · years  15.9 · road 0.43 · starved   819 · nobles  +5.2 · read  4.3 · walls  3.1 · fell 56.0% (mother 36.4%) · prince 34.4% · king 25.0% · crowned 18.9% (median year 20) · 3.1s
try  1 · gen  281 · best   1094.6 · elite    740.5 · median    258.9 · years  20.1 · road 0.47 · starved   858 · nobles  +3.7 · read  8.9 · walls  5.0 · fell 56.0% (mother 36.5%) · prince 36.7% · king 26.0% · crowned 19.2% (median year 24) · 3.0s
try  2 · gen  281 · best   1198.5 · elite    665.7 · median    181.9 · years  19.5 · road 0.35 · starved   783 · nobles  +4.1 · read 22.5 · walls  1.5 · fell 72.3% (mother 30.9%) · prince 24.0% · king 19.0% · crowned 15.6% (median year 24) · 3.0s
try  3 · gen  281 · best   1292.4 · elite    779.7 · median    223.0 · years  16.2 · road 0.39 · starved   560 · nobles  +5.2 · read  7.6 · walls  2.0 · fell 62.1% (mother 27.6%) · prince 30.2% · king 23.3% · crowned 19.0% (median year 21) · 3.0s
try  4 · gen  281 · best   1249.1 · elite    743.6 · median    206.3 · years  18.0 · road 0.34 · starved   626 · nobles  +7.9 · read  2.6 · walls  1.9 · fell 66.6% (mother 25.3%) · prince 26.5% · king 21.0% · crowned 17.3% (median year 22) · 3.0s
try  5 · gen  281 · best   1046.3 · elite    654.2 · median    193.2 · years  16.1 · road 0.34 · starved   774 · nobles  +6.0 · read  2.2 · walls  1.0 · fell 74.9% (mother 32.1%) · prince 23.8% · king 19.2% · crowned 16.6% (median year 23) · 3.0s
try  6 · gen  281 · best    830.4 · elite    302.2 · median     57.8 · years  43.9 · road 0.41 · starved  1185 · nobles  -3.8 · read 23.2 · walls  4.3 · fell 81.2% (mother 37.7%) · prince 21.3% · king  4.2% · crowned  2.7% (median year 68) · 3.0s
try  7 · gen  281 · best   1155.5 · elite    661.9 · median    186.4 · years  20.6 · road 0.37 · starved   824 · nobles  +7.4 · read 26.2 · walls  3.0 · fell 77.1% (mother 32.9%) · prince 26.4% · king 17.9% · crowned 15.6% (median year 29) · 3.0s
try  8 · gen  281 · best   1467.4 · elite    807.5 · median    242.8 · years  16.3 · road 0.43 · starved   795 · nobles  +5.1 · read  4.6 · walls  3.1 · fell 55.0% (mother 34.0%) · prince 34.6% · king 25.6% · crowned 19.1% (median year 20) · 3.0s
try  1 · gen  282 · best   1254.5 · elite    793.2 · median    246.0 · years  20.1 · road 0.46 · starved   835 · nobles  +3.9 · read  8.9 · walls  5.0 · fell 54.3% (mother 35.6%) · prince 36.2% · king 25.9% · crowned 19.5% (median year 24) · 3.0s
try  2 · gen  282 · best   1022.6 · elite    645.1 · median    196.6 · years  19.3 · road 0.36 · starved   746 · nobles  +3.7 · read 22.3 · walls  1.6 · fell 72.2% (mother 29.6%) · prince 24.9% · king 19.5% · crowned 15.7% (median year 24) · 3.0s
try  3 · gen  282 · best   1054.3 · elite    738.9 · median    231.8 · years  16.1 · road 0.38 · starved   550 · nobles  +6.0 · read  7.3 · walls  1.9 · fell 61.3% (mother 28.0%) · prince 30.9% · king 23.2% · crowned 19.4% (median year 21) · 3.0s
try  4 · gen  282 · best   1063.4 · elite    697.6 · median    210.8 · years  17.9 · road 0.34 · starved   647 · nobles  +7.3 · read  2.5 · walls  2.0 · fell 67.2% (mother 27.9%) · prince 26.9% · king 21.5% · crowned 17.0% (median year 22) · 3.0s
try  5 · gen  282 · best   1010.7 · elite    713.8 · median    187.5 · years  16.4 · road 0.34 · starved   701 · nobles  +6.5 · read  2.0 · walls  1.1 · fell 74.2% (mother 30.3%) · prince 24.7% · king 19.7% · crowned 17.3% (median year 24) · 3.0s
try  6 · gen  282 · best    631.6 · elite    299.2 · median     56.3 · years  43.3 · road 0.41 · starved  1144 · nobles  -3.8 · read 21.4 · walls  4.4 · fell 80.8% (mother 35.3%) · prince 21.3% · king  4.4% · crowned  2.5% (median year 68) · 3.0s
try  7 · gen  282 · best   1044.7 · elite    629.0 · median    185.6 · years  20.4 · road 0.37 · starved   776 · nobles  +7.6 · read 25.7 · walls  2.9 · fell 77.3% (mother 31.1%) · prince 25.9% · king 17.2% · crowned 15.3% (median year 28) · 3.0s
try  8 · gen  282 · best   1256.3 · elite    787.0 · median    246.0 · years  16.7 · road 0.44 · starved   789 · nobles  +4.9 · read  5.0 · walls  3.2 · fell 53.6% (mother 31.3%) · prince 34.5% · king 25.2% · crowned 19.2% (median year 20) · 3.0s
try  1 · gen  283 · best   1219.8 · elite    798.1 · median    245.8 · years  19.8 · road 0.46 · starved   803 · nobles  +4.2 · read  8.6 · walls  5.0 · fell 54.7% (mother 33.8%) · prince 36.0% · king 25.8% · crowned 19.5% (median year 24) · 3.1s
try  2 · gen  283 · best   1052.7 · elite    701.0 · median    187.0 · years  19.4 · road 0.35 · starved   731 · nobles  +4.1 · read 22.5 · walls  1.6 · fell 72.6% (mother 29.1%) · prince 24.6% · king 19.8% · crowned 16.0% (median year 24) · 3.1s
try  3 · gen  283 · best   1218.3 · elite    763.4 · median    213.0 · years  16.0 · road 0.38 · starved   559 · nobles  +5.9 · read  7.3 · walls  1.8 · fell 62.4% (mother 28.5%) · prince 29.0% · king 22.5% · crowned 18.6% (median year 21) · 3.1s
try  4 · gen  283 · best   1218.8 · elite    702.4 · median    208.2 · years  17.8 · road 0.34 · starved   649 · nobles  +7.2 · read  2.4 · walls  1.9 · fell 67.7% (mother 27.0%) · prince 26.2% · king 20.6% · crowned 16.5% (median year 22) · 3.1s
try  5 · gen  283 · best   1161.9 · elite    714.5 · median    191.9 · years  16.3 · road 0.34 · starved   677 · nobles  +5.7 · read  2.2 · walls  1.1 · fell 74.3% (mother 31.0%) · prince 24.4% · king 20.0% · crowned 17.6% (median year 24) · 3.1s
try  6 · gen  283 · best    605.2 · elite    309.9 · median     65.5 · years  43.2 · road 0.42 · starved  1053 · nobles  -3.0 · read 21.5 · walls  4.6 · fell 80.4% (mother 34.5%) · prince 20.9% · king  4.9% · crowned  3.2% (median year 69) · 3.1s
try  7 · gen  283 · best   1155.0 · elite    624.2 · median    176.2 · years  20.7 · road 0.36 · starved   833 · nobles  +8.0 · read 25.0 · walls  2.8 · fell 78.5% (mother 32.4%) · prince 24.9% · king 17.0% · crowned 14.9% (median year 29) · 3.1s
try  8 · gen  283 · best   1049.2 · elite    768.3 · median    242.0 · years  16.6 · road 0.44 · starved   827 · nobles  +4.4 · read  5.2 · walls  3.1 · fell 55.8% (mother 34.2%) · prince 34.3% · king 24.8% · crowned 18.4% (median year 20) · 3.1s
try  1 · gen  284 · best   1316.1 · elite    819.1 · median    258.7 · years  20.1 · road 0.47 · starved   767 · nobles  +4.6 · read  9.0 · walls  5.0 · fell 51.9% (mother 30.5%) · prince 36.8% · king 26.5% · crowned 20.2% (median year 23) · 3.1s
try  2 · gen  284 · best   1468.4 · elite    709.1 · median    197.9 · years  19.4 · road 0.35 · starved   645 · nobles  +4.2 · read 22.6 · walls  1.7 · fell 71.1% (mother 25.1%) · prince 24.2% · king 19.3% · crowned 16.2% (median year 24) · 3.1s
try  3 · gen  284 · best   1230.4 · elite    783.2 · median    218.2 · years  16.0 · road 0.38 · starved   565 · nobles  +6.2 · read  7.0 · walls  1.8 · fell 62.9% (mother 29.5%) · prince 28.6% · king 22.6% · crowned 19.1% (median year 21) · 3.1s
try  4 · gen  284 · best   1458.2 · elite    706.6 · median    200.1 · years  17.5 · road 0.33 · starved   650 · nobles  +6.7 · read  2.3 · walls  1.8 · fell 68.3% (mother 27.2%) · prince 25.6% · king 20.5% · crowned 16.3% (median year 22) · 3.1s
try  5 · gen  284 · best   1212.3 · elite    714.6 · median    187.3 · years  16.7 · road 0.34 · starved   797 · nobles  +5.8 · read  2.3 · walls  1.2 · fell 73.8% (mother 30.1%) · prince 24.6% · king 20.2% · crowned 17.7% (median year 25) · 3.1s
try  6 · gen  284 · best    572.9 · elite    292.2 · median     58.3 · years  43.3 · road 0.42 · starved  1130 · nobles  -3.1 · read 21.2 · walls  4.8 · fell 80.9% (mother 34.2%) · prince 21.8% · king  4.6% · crowned  2.6% (median year 66) · 3.1s
try  7 · gen  284 · best   1165.2 · elite    638.1 · median    176.3 · years  20.4 · road 0.36 · starved   848 · nobles  +8.4 · read 24.9 · walls  2.8 · fell 78.5% (mother 34.8%) · prince 24.6% · king 16.6% · crowned 14.8% (median year 29) · 3.1s
try  8 · gen  284 · best   1072.8 · elite    769.9 · median    240.5 · years  16.5 · road 0.44 · starved   819 · nobles  +4.4 · read  5.0 · walls  3.2 · fell 56.6% (mother 33.8%) · prince 33.8% · king 24.8% · crowned 18.7% (median year 20) · 3.1s
try  1 · gen  285 · best   1190.0 · elite    792.9 · median    267.9 · years  20.1 · road 0.47 · starved   772 · nobles  +4.3 · read  9.2 · walls  5.0 · fell 51.5% (mother 31.8%) · prince 36.6% · king 26.1% · crowned 20.1% (median year 23) · 3.0s
try  2 · gen  285 · best   1163.9 · elite    689.8 · median    191.2 · years  19.4 · road 0.36 · starved   701 · nobles  +4.1 · read 22.6 · walls  1.8 · fell 71.8% (mother 27.4%) · prince 24.8% · king 19.6% · crowned 15.9% (median year 24) · 3.0s
try  3 · gen  285 · best   1464.5 · elite    773.1 · median    219.2 · years  16.0 · road 0.38 · starved   555 · nobles  +6.5 · read  6.6 · walls  1.7 · fell 62.4% (mother 28.7%) · prince 29.2% · king 22.6% · crowned 18.8% (median year 21) · 3.0s
try  4 · gen  285 · best   1000.1 · elite    698.1 · median    202.3 · years  17.7 · road 0.34 · starved   647 · nobles  +6.6 · read  2.5 · walls  2.0 · fell 67.8% (mother 26.9%) · prince 26.2% · king 21.3% · crowned 16.9% (median year 22) · 3.0s
try  5 · gen  285 · best   1197.4 · elite    686.0 · median    197.3 · years  16.3 · road 0.34 · starved   651 · nobles  +6.1 · read  2.4 · walls  1.1 · fell 73.8% (mother 29.5%) · prince 24.2% · king 20.4% · crowned 17.7% (median year 24) · 3.0s
try  6 · gen  285 · best    644.5 · elite    302.3 · median     53.1 · years  42.1 · road 0.41 · starved  1152 · nobles  -2.2 · read 19.9 · walls  4.7 · fell 81.4% (mother 35.3%) · prince 21.6% · king  5.1% · crowned  3.1% (median year 64) · 3.0s
try  7 · gen  285 · best   1018.6 · elite    572.1 · median    181.5 · years  20.8 · road 0.36 · starved   893 · nobles  +8.4 · read 25.3 · walls  3.0 · fell 78.4% (mother 33.8%) · prince 24.5% · king 16.0% · crowned 14.4% (median year 29) · 3.0s
try  8 · gen  285 · best   1258.0 · elite    820.4 · median    228.7 · years  16.2 · road 0.43 · starved   826 · nobles  +4.3 · read  5.3 · walls  3.0 · fell 56.2% (mother 35.8%) · prince 33.3% · king 25.4% · crowned 18.9% (median year 20) · 3.0s
try  1 · gen  286 · best   1257.2 · elite    793.6 · median    255.7 · years  19.6 · road 0.46 · starved   760 · nobles  +4.5 · read  9.4 · walls  4.8 · fell 52.2% (mother 30.7%) · prince 35.2% · king 26.1% · crowned 19.9% (median year 23) · 3.0s
try  2 · gen  286 · best   1018.6 · elite    651.7 · median    197.7 · years  19.5 · road 0.37 · starved   718 · nobles  +3.6 · read 22.8 · walls  2.0 · fell 72.1% (mother 28.5%) · prince 25.3% · king 19.2% · crowned 15.5% (median year 24) · 3.0s
try  3 · gen  286 · best   1233.1 · elite    795.9 · median    220.3 · years  15.8 · road 0.37 · starved   565 · nobles  +6.6 · read  6.2 · walls  1.7 · fell 62.5% (mother 27.8%) · prince 29.2% · king 22.7% · crowned 19.1% (median year 21) · 3.0s
try  4 · gen  286 · best   1230.4 · elite    716.2 · median    200.4 · years  17.6 · road 0.34 · starved   662 · nobles  +6.4 · read  2.7 · walls  2.0 · fell 68.0% (mother 27.0%) · prince 26.6% · king 21.7% · crowned 17.1% (median year 22) · 3.0s
try  5 · gen  286 · best   1189.6 · elite    680.4 · median    183.7 · years  16.3 · road 0.35 · starved   696 · nobles  +5.6 · read  2.6 · walls  1.3 · fell 74.9% (mother 31.5%) · prince 24.3% · king 19.9% · crowned 16.6% (median year 24) · 3.0s
try  6 · gen  286 · best    606.1 · elite    285.8 · median     46.8 · years  42.4 · road 0.42 · starved  1131 · nobles  -1.8 · read 21.3 · walls  4.8 · fell 82.7% (mother 35.4%) · prince 21.0% · king  3.8% · crowned  2.2% (median year 68) · 3.0s
try  7 · gen  286 · best    939.7 · elite    612.5 · median    181.2 · years  20.4 · road 0.37 · starved   843 · nobles  +7.7 · read 25.1 · walls  2.9 · fell 77.3% (mother 34.2%) · prince 25.9% · king 16.8% · crowned 14.9% (median year 29) · 3.0s
try  8 · gen  286 · best   1267.3 · elite    797.3 · median    238.9 · years  16.1 · road 0.43 · starved   795 · nobles  +4.4 · read  5.7 · walls  3.0 · fell 53.9% (mother 33.3%) · prince 34.5% · king 25.8% · crowned 19.2% (median year 20) · 3.0s
try  1 · gen  287 · best   1220.4 · elite    794.7 · median    245.5 · years  19.8 · road 0.46 · starved   780 · nobles  +4.9 · read  8.9 · walls  4.7 · fell 53.8% (mother 30.8%) · prince 34.9% · king 25.8% · crowned 19.8% (median year 23) · 3.0s
try  2 · gen  287 · best    993.5 · elite    673.4 · median    200.6 · years  19.4 · road 0.37 · starved   715 · nobles  +4.2 · read 22.8 · walls  2.0 · fell 71.7% (mother 28.3%) · prince 25.3% · king 19.7% · crowned 16.2% (median year 24) · 3.0s
try  3 · gen  287 · best   1309.7 · elite    761.2 · median    215.7 · years  15.8 · road 0.37 · starved   586 · nobles  +6.9 · read  5.9 · walls  1.7 · fell 63.6% (mother 30.5%) · prince 28.5% · king 22.3% · crowned 18.8% (median year 21) · 3.0s
try  4 · gen  287 · best   1048.7 · elite    698.7 · median    199.8 · years  17.4 · road 0.33 · starved   657 · nobles  +6.4 · read  2.5 · walls  2.1 · fell 68.8% (mother 28.1%) · prince 25.9% · king 20.6% · crowned 16.6% (median year 22) · 3.0s
try  5 · gen  287 · best   1231.4 · elite    688.5 · median    193.6 · years  16.2 · road 0.35 · starved   695 · nobles  +5.9 · read  2.7 · walls  1.3 · fell 74.2% (mother 31.5%) · prince 24.0% · king 19.8% · crowned 17.1% (median year 24) · 3.0s
try  6 · gen  287 · best    890.4 · elite    307.8 · median     55.1 · years  42.0 · road 0.41 · starved  1107 · nobles  +0.6 · read 20.1 · walls  4.6 · fell 82.2% (mother 34.7%) · prince 21.0% · king  4.5% · crowned  3.1% (median year 64) · 3.0s
try  7 · gen  287 · best   1004.1 · elite    657.7 · median    183.4 · years  20.5 · road 0.37 · starved   805 · nobles  +7.8 · read 25.0 · walls  2.9 · fell 77.4% (mother 33.0%) · prince 25.7% · king 17.1% · crowned 15.1% (median year 29) · 3.0s
try  8 · gen  287 · best   1470.9 · elite    786.7 · median    242.9 · years  16.0 · road 0.44 · starved   816 · nobles  +4.2 · read  5.4 · walls  3.1 · fell 55.4% (mother 34.8%) · prince 34.1% · king 25.4% · crowned 18.8% (median year 20) · 3.0s
try  1 · gen  288 · best   1196.4 · elite    787.5 · median    257.8 · years  19.9 · road 0.46 · starved   781 · nobles  +5.2 · read  8.9 · walls  4.7 · fell 53.8% (mother 29.5%) · prince 35.8% · king 26.2% · crowned 19.9% (median year 23) · 3.0s
try  2 · gen  288 · best    999.6 · elite    661.5 · median    201.9 · years  19.7 · road 0.37 · starved   716 · nobles  +4.6 · read 23.2 · walls  2.1 · fell 72.0% (mother 27.1%) · prince 25.8% · king 19.9% · crowned 16.2% (median year 24) · 3.0s
try  3 · gen  288 · best   1051.4 · elite    743.2 · median    217.1 · years  16.2 · road 0.37 · starved   611 · nobles  +6.6 · read  6.3 · walls  1.7 · fell 63.6% (mother 30.5%) · prince 28.6% · king 22.2% · crowned 18.6% (median year 22) · 3.0s
try  4 · gen  288 · best   1047.1 · elite    721.7 · median    202.5 · years  17.3 · road 0.33 · starved   651 · nobles  +6.3 · read  2.5 · walls  2.1 · fell 68.9% (mother 29.1%) · prince 26.9% · king 21.1% · crowned 16.7% (median year 22) · 3.0s
try  5 · gen  288 · best   1211.7 · elite    694.0 · median    182.1 · years  16.4 · road 0.35 · starved   752 · nobles  +5.7 · read  3.0 · walls  1.4 · fell 77.0% (mother 34.9%) · prince 24.4% · king 19.4% · crowned 16.1% (median year 24) · 3.0s
try  6 · gen  288 · best    561.3 · elite    310.2 · median     45.8 · years  41.2 · road 0.41 · starved  1200 · nobles  +2.0 · read 19.1 · walls  4.6 · fell 81.9% (mother 35.4%) · prince 20.4% · king  4.3% · crowned  2.8% (median year 60) · 3.0s
try  7 · gen  288 · best    958.3 · elite    614.6 · median    184.8 · years  20.4 · road 0.37 · starved   821 · nobles  +7.1 · read 25.0 · walls  2.9 · fell 77.5% (mother 33.5%) · prince 25.5% · king 16.9% · crowned 14.8% (median year 29) · 3.0s
try  8 · gen  288 · best   1203.6 · elite    777.8 · median    247.6 · years  16.1 · road 0.44 · starved   778 · nobles  +4.3 · read  5.7 · walls  3.1 · fell 53.7% (mother 33.2%) · prince 33.9% · king 25.8% · crowned 19.3% (median year 20) · 3.0s
try  1 · gen  289 · best   1237.9 · elite    778.4 · median    257.4 · years  19.7 · road 0.45 · starved   769 · nobles  +5.3 · read  8.5 · walls  4.5 · fell 53.0% (mother 29.5%) · prince 34.7% · king 25.4% · crowned 19.9% (median year 23) · 3.0s
try  2 · gen  289 · best   1236.1 · elite    639.7 · median    196.1 · years  19.5 · road 0.37 · starved   726 · nobles  +4.5 · read 23.1 · walls  2.1 · fell 72.5% (mother 28.8%) · prince 25.5% · king 19.2% · crowned 15.4% (median year 24) · 3.0s
try  3 · gen  289 · best   1096.3 · elite    759.0 · median    215.8 · years  16.0 · road 0.37 · starved   619 · nobles  +6.5 · read  6.3 · walls  1.7 · fell 64.1% (mother 31.7%) · prince 29.1% · king 22.5% · crowned 18.8% (median year 21) · 3.0s
try  4 · gen  289 · best   1075.6 · elite    712.4 · median    201.4 · years  17.3 · road 0.34 · starved   658 · nobles  +6.3 · read  2.8 · walls  2.1 · fell 68.4% (mother 28.2%) · prince 27.0% · king 21.4% · crowned 16.6% (median year 21) · 3.0s
try  5 · gen  289 · best   1210.1 · elite    636.1 · median    177.2 · years  16.3 · road 0.35 · starved   758 · nobles  +5.4 · read  2.8 · walls  1.4 · fell 76.6% (mother 34.2%) · prince 23.6% · king 18.8% · crowned 15.9% (median year 24) · 3.0s
try  6 · gen  289 · best    655.5 · elite    325.3 · median     49.7 · years  41.5 · road 0.42 · starved  1217 · nobles  +4.0 · read 20.5 · walls  4.8 · fell 82.0% (mother 35.0%) · prince 21.7% · king  4.5% · crowned  3.2% (median year 59) · 3.0s
try  7 · gen  289 · best    959.0 · elite    625.8 · median    183.1 · years  20.7 · road 0.37 · starved   866 · nobles  +7.8 · read 25.3 · walls  2.9 · fell 77.6% (mother 33.3%) · prince 25.5% · king 17.4% · crowned 15.2% (median year 29) · 3.0s
try  8 · gen  289 · best   1479.5 · elite    811.8 · median    249.0 · years  16.2 · road 0.44 · starved   800 · nobles  +4.7 · read  5.2 · walls  3.3 · fell 55.2% (mother 34.2%) · prince 34.2% · king 25.5% · crowned 19.3% (median year 20) · 3.0s
try  1 · gen  290 · best   1296.7 · elite    816.1 · median    245.1 · years  19.7 · road 0.45 · starved   749 · nobles  +5.5 · read  9.0 · walls  4.6 · fell 53.3% (mother 29.0%) · prince 34.8% · king 25.5% · crowned 19.8% (median year 23) · 3.0s
try  2 · gen  290 · best   1224.6 · elite    650.8 · median    193.1 · years  19.3 · road 0.36 · starved   755 · nobles  +4.5 · read 23.4 · walls  2.1 · fell 73.9% (mother 29.9%) · prince 25.8% · king 18.9% · crowned 15.0% (median year 24) · 3.0s
try  3 · gen  290 · best   1218.2 · elite    751.7 · median    220.5 · years  16.0 · road 0.38 · starved   582 · nobles  +6.6 · read  6.1 · walls  1.8 · fell 63.6% (mother 30.6%) · prince 29.3% · king 22.9% · crowned 19.0% (median year 21) · 3.0s
try  4 · gen  290 · best   1338.6 · elite    715.8 · median    197.4 · years  17.4 · road 0.34 · starved   663 · nobles  +6.6 · read  2.9 · walls  2.2 · fell 69.0% (mother 27.9%) · prince 26.6% · king 20.5% · crowned 16.4% (median year 22) · 3.0s
try  5 · gen  290 · best   1206.4 · elite    693.9 · median    187.7 · years  16.5 · road 0.35 · starved   723 · nobles  +6.1 · read  2.8 · walls  1.3 · fell 75.2% (mother 32.7%) · prince 24.6% · king 20.1% · crowned 16.8% (median year 24) · 3.0s
try  6 · gen  290 · best    658.0 · elite    335.6 · median     52.5 · years  41.3 · road 0.42 · starved  1190 · nobles  +6.8 · read 20.9 · walls  4.9 · fell 80.9% (mother 33.2%) · prince 22.4% · king  4.3% · crowned  3.3% (median year 54) · 3.0s
try  7 · gen  290 · best   1026.4 · elite    617.7 · median    191.6 · years  20.5 · road 0.37 · starved   820 · nobles  +7.7 · read 25.3 · walls  2.9 · fell 77.2% (mother 33.6%) · prince 26.0% · king 17.6% · crowned 15.3% (median year 28) · 3.0s
try  8 · gen  290 · best   1196.9 · elite    800.5 · median    237.8 · years  16.2 · road 0.44 · starved   806 · nobles  +4.4 · read  5.8 · walls  3.2 · fell 55.4% (mother 34.4%) · prince 35.1% · king 25.0% · crowned 18.8% (median year 20) · 3.0s
try  1 · gen  291 · best   1235.3 · elite    812.1 · median    246.2 · years  19.3 · road 0.45 · starved   732 · nobles  +5.9 · read  9.1 · walls  4.5 · fell 52.1% (mother 28.0%) · prince 34.1% · king 24.9% · crowned 19.9% (median year 23) · 3.0s
try  2 · gen  291 · best   1199.9 · elite    668.9 · median    196.3 · years  19.2 · road 0.36 · starved   736 · nobles  +5.1 · read 23.4 · walls  2.1 · fell 72.3% (mother 29.1%) · prince 25.8% · king 19.5% · crowned 15.6% (median year 24) · 3.0s
try  3 · gen  291 · best   1091.2 · elite    758.7 · median    227.2 · years  16.1 · road 0.37 · starved   599 · nobles  +6.8 · read  5.9 · walls  1.8 · fell 63.9% (mother 30.8%) · prince 29.2% · king 23.1% · crowned 18.9% (median year 22) · 3.0s
try  4 · gen  291 · best   1054.5 · elite    699.4 · median    203.6 · years  17.3 · road 0.34 · starved   625 · nobles  +7.1 · read  2.6 · walls  2.2 · fell 67.6% (mother 27.1%) · prince 25.9% · king 20.3% · crowned 16.7% (median year 21) · 3.0s
try  5 · gen  291 · best   1230.3 · elite    713.6 · median    182.5 · years  16.5 · road 0.35 · starved   748 · nobles  +6.1 · read  3.0 · walls  1.3 · fell 74.9% (mother 32.9%) · prince 24.5% · king 19.7% · crowned 16.5% (median year 24) · 3.0s
try  6 · gen  291 · best    722.3 · elite    362.2 · median     57.8 · years  40.5 · road 0.42 · starved  1165 · nobles +10.1 · read 21.4 · walls  4.9 · fell 79.5% (mother 30.5%) · prince 22.1% · king  4.4% · crowned  3.9% (median year 50) · 3.0s
try  7 · gen  291 · best   1130.2 · elite    620.3 · median    183.5 · years  20.7 · road 0.37 · starved   820 · nobles  +7.5 · read 25.4 · walls  3.0 · fell 76.8% (mother 33.1%) · prince 26.4% · king 17.5% · crowned 15.1% (median year 29) · 3.0s
try  8 · gen  291 · best   1227.0 · elite    801.4 · median    239.0 · years  16.0 · road 0.43 · starved   777 · nobles  +4.0 · read  5.6 · walls  3.3 · fell 54.8% (mother 33.3%) · prince 33.0% · king 24.8% · crowned 18.9% (median year 20) · 3.0s
try  1 · gen  292 · best   1218.8 · elite    802.0 · median    251.4 · years  19.0 · road 0.44 · starved   722 · nobles  +6.0 · read  8.5 · walls  4.4 · fell 53.8% (mother 29.5%) · prince 33.6% · king 25.1% · crowned 19.7% (median year 23) · 3.0s
try  2 · gen  292 · best   1208.2 · elite    689.2 · median    197.6 · years  19.3 · road 0.36 · starved   708 · nobles  +5.1 · read 23.7 · walls  2.0 · fell 71.2% (mother 27.5%) · prince 25.9% · king 19.6% · crowned 16.4% (median year 24) · 3.0s
try  3 · gen  292 · best   1288.7 · elite    771.0 · median    221.9 · years  16.1 · road 0.37 · starved   611 · nobles  +6.6 · read  5.9 · walls  1.8 · fell 63.7% (mother 31.1%) · prince 29.3% · king 23.4% · crowned 18.8% (median year 22) · 3.0s
try  4 · gen  292 · best   1200.5 · elite    698.0 · median    203.1 · years  17.3 · road 0.33 · starved   653 · nobles  +6.7 · read  2.6 · walls  2.2 · fell 69.0% (mother 28.3%) · prince 25.9% · king 20.8% · crowned 16.3% (median year 22) · 3.0s
try  5 · gen  292 · best   1272.0 · elite    701.4 · median    184.9 · years  16.2 · road 0.35 · starved   727 · nobles  +6.1 · read  3.3 · walls  1.2 · fell 75.1% (mother 34.1%) · prince 24.2% · king 19.4% · crowned 16.5% (median year 24) · 3.0s
try  6 · gen  292 · best    696.1 · elite    332.7 · median     50.0 · years  40.3 · road 0.42 · starved  1123 · nobles +10.5 · read 22.2 · walls  4.8 · fell 80.1% (mother 28.7%) · prince 22.3% · king  4.3% · crowned  3.8% (median year 50) · 3.0s
try  7 · gen  292 · best    988.8 · elite    629.6 · median    180.4 · years  20.4 · road 0.37 · starved   824 · nobles  +7.5 · read 24.9 · walls  2.9 · fell 76.9% (mother 33.2%) · prince 25.5% · king 17.3% · crowned 15.2% (median year 28) · 3.0s
try  8 · gen  292 · best   1216.0 · elite    795.4 · median    236.8 · years  16.0 · road 0.44 · starved   780 · nobles  +4.0 · read  4.9 · walls  3.3 · fell 55.8% (mother 35.8%) · prince 34.1% · king 25.9% · crowned 19.2% (median year 20) · 3.0s
try  1 · gen  293 · best   1194.3 · elite    801.1 · median    261.9 · years  19.1 · road 0.45 · starved   737 · nobles  +6.0 · read  8.6 · walls  4.5 · fell 53.0% (mother 28.0%) · prince 35.2% · king 25.8% · crowned 20.3% (median year 23) · 3.0s
try  2 · gen  293 · best    998.4 · elite    649.2 · median    200.6 · years  19.4 · road 0.36 · starved   716 · nobles  +4.9 · read 23.7 · walls  2.2 · fell 72.8% (mother 27.9%) · prince 26.3% · king 19.7% · crowned 16.2% (median year 24) · 3.0s
try  3 · gen  293 · best   1233.2 · elite    770.5 · median    210.0 · years  16.1 · road 0.37 · starved   629 · nobles  +7.0 · read  5.8 · walls  1.7 · fell 63.7% (mother 32.0%) · prince 28.1% · king 22.5% · crowned 18.5% (median year 21) · 3.0s
try  4 · gen  293 · best   1241.4 · elite    705.3 · median    202.0 · years  17.7 · road 0.34 · starved   656 · nobles  +7.2 · read  2.7 · walls  2.3 · fell 67.8% (mother 26.6%) · prince 26.6% · king 21.3% · crowned 16.8% (median year 22) · 3.0s
try  5 · gen  293 · best   1233.6 · elite    705.6 · median    186.8 · years  16.3 · road 0.34 · starved   768 · nobles  +5.9 · read  3.3 · walls  1.2 · fell 75.0% (mother 34.1%) · prince 23.9% · king 19.2% · crowned 16.2% (median year 23) · 3.0s
try  6 · gen  293 · best    700.7 · elite    333.7 · median     55.0 · years  40.4 · road 0.42 · starved  1093 · nobles +11.3 · read 23.8 · walls  4.7 · fell 79.6% (mother 27.1%) · prince 22.2% · king  4.0% · crowned  3.6% (median year 48) · 3.0s
try  7 · gen  293 · best   1145.3 · elite    615.6 · median    187.1 · years  20.0 · road 0.36 · starved   791 · nobles  +7.2 · read 24.6 · walls  2.7 · fell 76.6% (mother 32.8%) · prince 25.6% · king 17.4% · crowned 15.1% (median year 28) · 3.0s
try  8 · gen  293 · best   1239.4 · elite    802.9 · median    232.7 · years  15.6 · road 0.43 · starved   747 · nobles  +4.0 · read  4.7 · walls  3.2 · fell 56.2% (mother 35.1%) · prince 33.5% · king 25.5% · crowned 19.4% (median year 20) · 3.0s
try  1 · gen  294 · best   1194.7 · elite    805.8 · median    250.6 · years  19.4 · road 0.45 · starved   718 · nobles  +5.6 · read  8.7 · walls  4.6 · fell 52.3% (mother 28.6%) · prince 34.5% · king 26.0% · crowned 20.4% (median year 23) · 2.9s
try  2 · gen  294 · best   1202.2 · elite    661.1 · median    194.0 · years  19.3 · road 0.36 · starved   699 · nobles  +4.5 · read 23.7 · walls  2.1 · fell 72.6% (mother 27.9%) · prince 25.4% · king 19.4% · crowned 15.6% (median year 24) · 2.9s
try  3 · gen  294 · best   1248.7 · elite    763.9 · median    216.0 · years  16.1 · road 0.37 · starved   594 · nobles  +6.9 · read  5.8 · walls  1.7 · fell 63.0% (mother 31.0%) · prince 28.9% · king 23.0% · crowned 19.0% (median year 21) · 2.9s
try  4 · gen  294 · best   1008.0 · elite    675.5 · median    200.7 · years  17.3 · road 0.33 · starved   687 · nobles  +6.8 · read  2.7 · walls  2.1 · fell 69.1% (mother 29.4%) · prince 26.5% · king 20.9% · crowned 16.1% (median year 21) · 2.9s
try  5 · gen  294 · best   1205.9 · elite    676.7 · median    184.4 · years  16.5 · road 0.35 · starved   831 · nobles  +5.2 · read  3.0 · walls  1.3 · fell 75.4% (mother 34.2%) · prince 24.7% · king 19.3% · crowned 16.0% (median year 23) · 2.9s
try  6 · gen  294 · best    616.7 · elite    359.6 · median     50.2 · years  40.3 · road 0.42 · starved  1099 · nobles +10.0 · read 23.4 · walls  4.8 · fell 79.3% (mother 27.4%) · prince 22.6% · king  4.2% · crowned  3.7% (median year 49) · 2.9s
try  7 · gen  294 · best   1431.1 · elite    606.9 · median    172.9 · years  20.1 · road 0.36 · starved   815 · nobles  +6.6 · read 24.1 · walls  2.6 · fell 77.3% (mother 35.1%) · prince 24.9% · king 16.9% · crowned 14.5% (median year 27) · 2.9s
try  8 · gen  294 · best   1203.2 · elite    775.6 · median    230.0 · years  15.9 · road 0.43 · starved   808 · nobles  +3.4 · read  4.6 · walls  3.2 · fell 57.3% (mother 37.1%) · prince 33.6% · king 25.1% · crowned 18.4% (median year 20) · 2.9s
try  1 · gen  295 · best   1228.9 · elite    799.4 · median    237.1 · years  19.9 · road 0.45 · starved   746 · nobles  +5.4 · read  9.1 · walls  4.6 · fell 54.4% (mother 28.3%) · prince 34.0% · king 24.7% · crowned 19.5% (median year 23) · 3.0s
try  2 · gen  295 · best   1194.8 · elite    658.2 · median    194.2 · years  19.4 · road 0.36 · starved   716 · nobles  +5.0 · read 24.4 · walls  2.2 · fell 73.1% (mother 28.6%) · prince 25.4% · king 19.2% · crowned 15.4% (median year 24) · 3.0s
try  3 · gen  295 · best   1185.4 · elite    732.8 · median    214.7 · years  16.2 · road 0.37 · starved   614 · nobles  +7.6 · read  5.9 · walls  1.7 · fell 63.1% (mother 31.1%) · prince 29.1% · king 23.1% · crowned 18.8% (median year 21) · 3.0s
try  4 · gen  295 · best   1196.1 · elite    705.3 · median    196.9 · years  17.5 · road 0.33 · starved   701 · nobles  +6.8 · read  2.9 · walls  2.1 · fell 70.3% (mother 29.6%) · prince 25.9% · king 20.4% · crowned 15.9% (median year 22) · 3.0s
try  5 · gen  295 · best   1246.0 · elite    705.5 · median    191.3 · years  16.4 · road 0.35 · starved   761 · nobles  +6.0 · read  2.7 · walls  1.2 · fell 74.1% (mother 32.8%) · prince 24.7% · king 19.5% · crowned 17.0% (median year 24) · 3.0s
try  6 · gen  295 · best    721.2 · elite    338.2 · median     55.8 · years  39.8 · road 0.42 · starved  1021 · nobles  +9.3 · read 22.6 · walls  4.5 · fell 78.9% (mother 27.4%) · prince 22.9% · king  4.8% · crowned  4.0% (median year 48) · 3.0s
try  7 · gen  295 · best    923.1 · elite    600.3 · median    184.9 · years  20.0 · road 0.36 · starved   796 · nobles  +6.1 · read 24.5 · walls  2.7 · fell 76.8% (mother 33.8%) · prince 25.3% · king 17.0% · crowned 14.5% (median year 27) · 3.0s
try  8 · gen  295 · best   1211.4 · elite    770.0 · median    233.5 · years  15.9 · road 0.43 · starved   820 · nobles  +3.4 · read  4.8 · walls  3.3 · fell 57.0% (mother 38.2%) · prince 33.9% · king 24.9% · crowned 18.5% (median year 20) · 3.0s
try  1 · gen  296 · best   1230.8 · elite    778.5 · median    258.4 · years  19.3 · road 0.45 · starved   729 · nobles  +5.7 · read  7.4 · walls  4.6 · fell 51.9% (mother 25.2%) · prince 35.3% · king 25.5% · crowned 19.5% (median year 22) · 2.9s
try  2 · gen  296 · best   1217.5 · elite    671.0 · median    196.4 · years  19.3 · road 0.36 · starved   728 · nobles  +5.4 · read 24.8 · walls  2.2 · fell 72.1% (mother 28.8%) · prince 25.1% · king 19.4% · crowned 16.2% (median year 24) · 2.9s
try  3 · gen  296 · best   1248.8 · elite    741.0 · median    221.0 · years  16.1 · road 0.37 · starved   616 · nobles  +6.7 · read  5.6 · walls  1.7 · fell 62.9% (mother 31.9%) · prince 29.3% · king 23.3% · crowned 18.9% (median year 21) · 2.9s
try  4 · gen  296 · best   1027.7 · elite    676.0 · median    200.7 · years  17.4 · road 0.33 · starved   682 · nobles  +6.7 · read  3.0 · walls  2.2 · fell 69.1% (mother 30.0%) · prince 26.4% · king 21.1% · crowned 16.4% (median year 22) · 2.9s
try  5 · gen  296 · best   1253.1 · elite    669.5 · median    183.2 · years  16.4 · road 0.34 · starved   753 · nobles  +5.7 · read  2.4 · walls  1.3 · fell 74.9% (mother 32.7%) · prince 23.7% · king 19.1% · crowned 16.3% (median year 24) · 2.9s
try  6 · gen  296 · best    592.7 · elite    362.2 · median     50.2 · years  38.9 · road 0.41 · starved   948 · nobles  +7.7 · read 22.5 · walls  4.4 · fell 78.3% (mother 26.4%) · prince 21.0% · king  5.1% · crowned  4.2% (median year 49) · 2.9s
try  7 · gen  296 · best   1058.4 · elite    631.2 · median    188.1 · years  20.1 · road 0.36 · starved   786 · nobles  +6.8 · read 24.6 · walls  2.6 · fell 76.5% (mother 32.8%) · prince 25.1% · king 17.5% · crowned 15.4% (median year 27) · 2.9s
try  8 · gen  296 · best   1208.7 · elite    784.9 · median    238.9 · years  16.6 · road 0.46 · starved   839 · nobles  +2.7 · read  5.7 · walls  3.5 · fell 57.5% (mother 38.7%) · prince 35.7% · king 25.5% · crowned 18.1% (median year 20) · 2.9s
try  1 · gen  297 · best   1426.2 · elite    803.0 · median    248.5 · years  18.7 · road 0.45 · starved   727 · nobles  +5.6 · read  6.8 · walls  4.6 · fell 53.0% (mother 26.4%) · prince 34.0% · king 25.3% · crowned 19.4% (median year 22) · 3.0s
try  2 · gen  297 · best   1178.2 · elite    653.0 · median    201.0 · years  19.1 · road 0.36 · starved   725 · nobles  +5.8 · read 23.8 · walls  2.3 · fell 71.8% (mother 29.7%) · prince 25.6% · king 19.5% · crowned 16.3% (median year 24) · 3.0s
try  3 · gen  297 · best   1120.1 · elite    749.1 · median    219.6 · years  16.2 · road 0.37 · starved   605 · nobles  +6.7 · read  5.9 · walls  1.7 · fell 63.4% (mother 31.6%) · prince 28.7% · king 22.9% · crowned 18.8% (median year 21) · 3.0s
try  4 · gen  297 · best   1236.9 · elite    705.4 · median    201.8 · years  17.8 · road 0.34 · starved   712 · nobles  +6.4 · read  3.1 · walls  2.3 · fell 69.9% (mother 29.5%) · prince 26.1% · king 20.8% · crowned 16.4% (median year 22) · 3.0s
try  5 · gen  297 · best   1068.0 · elite    662.9 · median    192.5 · years  16.7 · road 0.35 · starved   740 · nobles  +6.2 · read  2.1 · walls  1.4 · fell 74.6% (mother 32.8%) · prince 24.9% · king 19.3% · crowned 16.5% (median year 23) · 3.0s
try  6 · gen  297 · best    666.9 · elite    350.3 · median     51.3 · years  40.0 · road 0.42 · starved  1066 · nobles  +7.9 · read 23.2 · walls  4.4 · fell 79.2% (mother 27.5%) · prince 22.4% · king  5.0% · crowned  4.2% (median year 48) · 3.0s
try  7 · gen  297 · best   1172.6 · elite    632.5 · median    188.6 · years  20.2 · road 0.36 · starved   784 · nobles  +6.4 · read 25.0 · walls  2.8 · fell 75.6% (mother 32.5%) · prince 25.1% · king 17.6% · crowned 15.3% (median year 27) · 3.0s
try  8 · gen  297 · best   1245.4 · elite    772.8 · median    239.2 · years  16.3 · road 0.44 · starved   873 · nobles  +3.1 · read  5.7 · walls  3.4 · fell 56.6% (mother 40.8%) · prince 36.1% · king 26.7% · crowned 18.5% (median year 20) · 3.0s
try  1 · gen  298 · best   1228.9 · elite    802.1 · median    250.0 · years  19.2 · road 0.45 · starved   736 · nobles  +5.7 · read  6.4 · walls  4.9 · fell 52.3% (mother 24.1%) · prince 34.7% · king 25.1% · crowned 19.5% (median year 22) · 2.9s
try  2 · gen  298 · best   1049.4 · elite    652.2 · median    200.2 · years  19.3 · road 0.36 · starved   758 · nobles  +5.7 · read 24.2 · walls  2.4 · fell 72.0% (mother 28.6%) · prince 26.1% · king 19.2% · crowned 16.0% (median year 24) · 2.9s
try  3 · gen  298 · best   1211.2 · elite    786.8 · median    216.1 · years  16.0 · road 0.37 · starved   602 · nobles  +6.3 · read  5.5 · walls  1.6 · fell 63.2% (mother 31.4%) · prince 28.2% · king 23.0% · crowned 18.9% (median year 21) · 2.9s
try  4 · gen  298 · best   1215.0 · elite    677.5 · median    194.8 · years  17.6 · road 0.33 · starved   692 · nobles  +6.5 · read  2.9 · walls  2.1 · fell 70.8% (mother 28.5%) · prince 25.2% · king 20.2% · crowned 15.9% (median year 22) · 2.9s
try  5 · gen  298 · best   1182.2 · elite    719.8 · median    185.2 · years  16.8 · road 0.35 · starved   804 · nobles  +6.9 · read  2.4 · walls  1.5 · fell 75.3% (mother 34.1%) · prince 25.2% · king 19.0% · crowned 16.3% (median year 24) · 2.9s
try  6 · gen  298 · best    625.3 · elite    349.4 · median     56.1 · years  39.1 · road 0.41 · starved   977 · nobles  +7.4 · read 22.4 · walls  4.1 · fell 77.9% (mother 26.5%) · prince 22.0% · king  5.4% · crowned  4.6% (median year 48) · 2.9s
try  7 · gen  298 · best   1040.1 · elite    622.9 · median    185.2 · years  20.0 · road 0.36 · starved   782 · nobles  +6.7 · read 24.4 · walls  2.6 · fell 77.3% (mother 34.2%) · prince 24.3% · king 17.6% · crowned 15.2% (median year 27) · 2.9s
try  8 · gen  298 · best   1268.6 · elite    789.1 · median    237.3 · years  16.6 · road 0.45 · starved   872 · nobles  +3.1 · read  5.9 · walls  3.7 · fell 57.1% (mother 41.2%) · prince 36.3% · king 25.8% · crowned 18.0% (median year 20) · 2.9s
try  1 · gen  299 · best   1238.4 · elite    796.2 · median    255.7 · years  18.9 · road 0.45 · starved   708 · nobles  +6.3 · read  6.3 · walls  4.8 · fell 51.7% (mother 24.7%) · prince 34.3% · king 25.3% · crowned 19.6% (median year 22) · 3.0s
try  2 · gen  299 · best   1215.9 · elite    674.3 · median    202.6 · years  19.4 · road 0.36 · starved   734 · nobles  +6.1 · read 23.9 · walls  2.5 · fell 72.0% (mother 29.1%) · prince 25.8% · king 19.8% · crowned 16.5% (median year 24) · 3.0s
try  3 · gen  299 · best   1242.1 · elite    766.4 · median    215.4 · years  15.8 · road 0.37 · starved   595 · nobles  +6.4 · read  5.4 · walls  1.6 · fell 63.6% (mother 31.5%) · prince 28.4% · king 23.0% · crowned 19.0% (median year 21) · 3.0s
try  4 · gen  299 · best   1212.1 · elite    734.8 · median    197.0 · years  17.7 · road 0.33 · starved   788 · nobles  +6.7 · read  2.6 · walls  2.2 · fell 70.1% (mother 29.0%) · prince 25.8% · king 20.8% · crowned 16.5% (median year 23) · 3.0s
try  5 · gen  299 · best    993.4 · elite    714.9 · median    195.5 · years  17.0 · road 0.35 · starved   686 · nobles  +7.3 · read  2.3 · walls  1.6 · fell 72.7% (mother 31.3%) · prince 25.6% · king 20.1% · crowned 17.6% (median year 24) · 3.0s
try  6 · gen  299 · best    546.1 · elite    321.5 · median     45.3 · years  38.3 · road 0.41 · starved  1032 · nobles  +8.0 · read 21.3 · walls  4.0 · fell 79.0% (mother 27.1%) · prince 21.8% · king  4.5% · crowned  3.7% (median year 47) · 3.0s
try  7 · gen  299 · best   1198.2 · elite    607.4 · median    184.7 · years  20.2 · road 0.36 · starved   800 · nobles  +6.6 · read 24.6 · walls  2.6 · fell 76.2% (mother 32.6%) · prince 24.4% · king 17.2% · crowned 15.1% (median year 27) · 3.0s
try  8 · gen  299 · best   1286.9 · elite    785.2 · median    249.7 · years  16.6 · road 0.45 · starved   884 · nobles  +3.3 · read  6.4 · walls  3.7 · fell 55.5% (mother 40.1%) · prince 36.3% · king 26.2% · crowned 18.9% (median year 20) · 3.0s
