War · reads Reads { told: true, recall: true, journal: false } · hidden 32 · genome 33445 · population 1000 (first 10000) · elite 100 breeding at 0.3 · tables 6 · hall 0 · rank 40 · letters None · longest 100 years · 8 trials · AMD Radeon RX 6750 XT (RADV NAVI22)
try  1 · gen    0 · best     24.5 · elite    -21.8 · median   -108.0 · years  18.5 · road 0.20 · starved  1133 · nobles  -0.9 · read 47.9 · walls  1.5 · fell 99.3% (mother 84.6%) · prince  0.0% · king  0.0% · crowned  0.0% · 13.5s
try  2 · gen    0 · best     15.1 · elite    -22.0 · median   -107.9 · years  18.8 · road 0.20 · starved  1141 · nobles  -0.9 · read 48.9 · walls  1.5 · fell 99.3% (mother 84.5%) · prince  0.0% · king  0.0% · crowned  0.0% · 13.5s
try  3 · gen    0 · best     19.2 · elite    -19.5 · median   -108.6 · years  18.7 · road 0.20 · starved  1144 · nobles  -0.9 · read 48.6 · walls  1.5 · fell 99.4% (mother 84.9%) · prince  0.0% · king  0.0% · crowned  0.0% · 13.5s
try  4 · gen    0 · best     18.8 · elite    -23.7 · median   -108.0 · years  18.5 · road 0.20 · starved  1136 · nobles  -0.9 · read 48.1 · walls  1.5 · fell 99.4% (mother 84.5%) · prince  0.0% · king  0.0% · crowned  0.0% · 13.5s
try  5 · gen    0 · best     -0.2 · elite    -23.7 · median   -108.1 · years  18.8 · road 0.20 · starved  1140 · nobles  -0.9 · read 48.6 · walls  1.5 · fell 99.4% (mother 84.5%) · prince  0.0% · king  0.0% · crowned  0.0% · 28.0s
try  6 · gen    0 · best      9.8 · elite    -21.3 · median   -108.2 · years  18.7 · road 0.20 · starved  1140 · nobles  -0.9 · read 48.6 · walls  1.5 · fell 99.4% (mother 84.8%) · prince  0.0% · king  0.0% · crowned  0.0% · 28.0s
try  7 · gen    0 · best     10.2 · elite    -20.5 · median   -108.6 · years  18.7 · road 0.20 · starved  1141 · nobles  -0.9 · read 48.3 · walls  1.6 · fell 99.4% (mother 84.7%) · prince  0.0% · king  0.0% · crowned  0.0% · 28.0s
try  8 · gen    0 · best      3.4 · elite    -24.3 · median   -108.5 · years  18.4 · road 0.20 · starved  1127 · nobles  -0.9 · read 47.8 · walls  1.5 · fell 99.4% (mother 84.4%) · prince  0.0% · king  0.0% · crowned  0.0% · 28.0s
try  1 · gen    1 · best     34.1 · elite    -39.6 · median   -108.1 · years  32.0 · road 0.24 · starved  1564 · nobles  -1.8 · read 76.1 · walls  2.6 · fell 96.6% (mother 71.7%) · prince  0.0% · king  0.0% · crowned  0.0% · 3.5s
try  2 · gen    1 · best     18.2 · elite    -37.5 · median   -104.6 · years  31.0 · road 0.25 · starved  1531 · nobles  -1.6 · read 74.5 · walls  2.7 · fell 98.2% (mother 73.8%) · prince  0.0% · king  0.0% · crowned  0.0% · 3.5s
try  3 · gen    1 · best      5.5 · elite    -41.0 · median   -102.8 · years  31.5 · road 0.24 · starved  1522 · nobles  -2.0 · read 78.7 · walls  2.7 · fell 96.6% (mother 70.2%) · prince  0.0% · king  0.0% · crowned  0.0% · 3.5s
try  4 · gen    1 · best      2.5 · elite    -41.6 · median   -104.3 · years  30.8 · road 0.25 · starved  1555 · nobles  -2.5 · read 74.5 · walls  2.7 · fell 97.6% (mother 72.6%) · prince  0.0% · king  0.0% · crowned  0.0% · 3.5s
try  5 · gen    1 · best      5.8 · elite    -40.3 · median   -105.1 · years  31.1 · road 0.25 · starved  1538 · nobles  -2.1 · read 75.2 · walls  2.9 · fell 98.3% (mother 73.2%) · prince  0.0% · king  0.0% · crowned  0.0% · 3.5s
try  6 · gen    1 · best      7.5 · elite    -41.2 · median   -106.5 · years  31.4 · road 0.24 · starved  1529 · nobles  -2.0 · read 75.7 · walls  2.6 · fell 97.1% (mother 70.9%) · prince  0.0% · king  0.0% · crowned  0.0% · 3.5s
try  7 · gen    1 · best     -0.5 · elite    -41.5 · median   -104.8 · years  33.7 · road 0.25 · starved  1590 · nobles  -2.3 · read 84.5 · walls  2.9 · fell 96.7% (mother 70.2%) · prince  0.0% · king  0.0% · crowned  0.0% · 3.5s
try  8 · gen    1 · best      7.3 · elite    -42.5 · median   -106.7 · years  29.2 · road 0.24 · starved  1475 · nobles  -1.8 · read 72.3 · walls  2.6 · fell 97.7% (mother 71.6%) · prince  0.0% · king  0.0% · crowned  0.0% · 3.5s
try  1 · gen    2 · best     16.3 · elite    -42.4 · median   -108.0 · years  45.8 · road 0.24 · starved  1845 · nobles  -2.3 · read 120.3 · walls  2.6 · fell 85.9% (mother 49.3%) · prince  0.0% · king  0.0% · crowned  0.0% · 3.9s
try  2 · gen    2 · best     23.8 · elite    -37.4 · median   -102.1 · years  43.0 · road 0.26 · starved  1812 · nobles  -2.0 · read 104.2 · walls  3.5 · fell 93.9% (mother 61.2%) · prince  0.0% · king  0.0% · crowned  0.0% · 3.9s
try  3 · gen    2 · best     28.5 · elite    -39.5 · median   -105.1 · years  43.2 · road 0.24 · starved  1780 · nobles  -2.4 · read 110.6 · walls  3.1 · fell 90.0% (mother 54.1%) · prince  0.0% · king  0.0% · crowned  0.0% · 3.9s
try  4 · gen    2 · best     -8.5 · elite    -45.7 · median   -105.4 · years  40.6 · road 0.26 · starved  1808 · nobles  -2.7 · read 96.7 · walls  3.5 · fell 94.7% (mother 58.8%) · prince  0.0% · king  0.0% · crowned  0.0% · 3.9s
try  5 · gen    2 · best     -9.2 · elite    -45.6 · median   -105.9 · years  41.0 · road 0.24 · starved  1785 · nobles  -2.1 · read 111.2 · walls  3.3 · fell 93.4% (mother 57.2%) · prince  0.0% · king  0.0% · crowned  0.0% · 3.9s
try  6 · gen    2 · best     18.6 · elite    -44.4 · median   -105.3 · years  42.7 · road 0.25 · starved  1793 · nobles  -2.3 · read 108.6 · walls  3.3 · fell 90.9% (mother 51.5%) · prince  0.0% · king  0.0% · crowned  0.0% · 3.9s
try  7 · gen    2 · best     -5.8 · elite    -44.0 · median   -107.0 · years  45.3 · road 0.25 · starved  1862 · nobles  -2.6 · read 121.0 · walls  3.6 · fell 89.9% (mother 55.5%) · prince  0.0% · king  0.0% · crowned  0.0% · 3.9s
try  8 · gen    2 · best     28.1 · elite    -43.2 · median   -108.6 · years  42.6 · road 0.24 · starved  1808 · nobles  -2.3 · read 116.7 · walls  3.3 · fell 91.5% (mother 55.1%) · prince  0.0% · king  0.0% · crowned  0.0% · 3.9s
try  1 · gen    3 · best     17.5 · elite    -36.5 · median   -104.7 · years  52.0 · road 0.23 · starved  1878 · nobles  -1.5 · read 144.4 · walls  2.4 · fell 75.2% (mother 34.2%) · prince  0.0% · king  0.0% · crowned  0.0% · 4.2s
try  2 · gen    3 · best     11.4 · elite    -41.2 · median   -102.8 · years  47.5 · road 0.25 · starved  1828 · nobles  -1.7 · read 128.4 · walls  3.7 · fell 83.8% (mother 45.6%) · prince  0.0% · king  0.0% · crowned  0.0% · 4.2s
try  3 · gen    3 · best     10.9 · elite    -34.8 · median   -100.7 · years  50.8 · road 0.24 · starved  1864 · nobles  -2.6 · read 122.8 · walls  3.1 · fell 81.5% (mother 38.0%) · prince  0.0% · king  0.0% · crowned  0.0% · 4.2s
try  4 · gen    3 · best      0.2 · elite    -40.8 · median   -104.6 · years  45.2 · road 0.26 · starved  1871 · nobles  -2.9 · read 106.4 · walls  3.6 · fell 90.5% (mother 53.4%) · prince  0.0% · king  0.0% · crowned  0.0% · 4.2s
try  5 · gen    3 · best      3.8 · elite    -36.9 · median   -101.6 · years  47.0 · road 0.25 · starved  1813 · nobles  -1.9 · read 137.3 · walls  4.3 · fell 86.1% (mother 47.3%) · prince  0.0% · king  0.0% · crowned  0.0% · 4.2s
try  6 · gen    3 · best      5.1 · elite    -36.7 · median   -104.4 · years  46.1 · road 0.24 · starved  1803 · nobles  -2.0 · read 112.0 · walls  3.7 · fell 86.1% (mother 41.5%) · prince  0.0% · king  0.0% · crowned  0.0% · 4.2s
try  7 · gen    3 · best     27.8 · elite    -41.4 · median   -104.6 · years  49.2 · road 0.24 · starved  1870 · nobles  -2.4 · read 139.1 · walls  3.8 · fell 80.5% (mother 41.3%) · prince  0.0% · king  0.0% · crowned  0.0% · 4.2s
try  8 · gen    3 · best     -3.0 · elite    -43.6 · median   -107.5 · years  44.4 · road 0.24 · starved  1804 · nobles  -2.3 · read 127.7 · walls  3.8 · fell 85.8% (mother 35.5%) · prince  0.0% · king  0.0% · crowned  0.0% · 4.2s
try  1 · gen    4 · best     11.0 · elite    -37.7 · median   -101.8 · years  52.6 · road 0.22 · starved  1840 · nobles  -1.6 · read 152.1 · walls  2.4 · fell 71.9% (mother 25.3%) · prince  0.0% · king  0.0% · crowned  0.0% · 4.3s
try  2 · gen    4 · best     40.8 · elite    -33.4 · median   -100.0 · years  51.4 · road 0.24 · starved  1841 · nobles  -1.9 · read 140.9 · walls  3.8 · fell 78.1% (mother 37.5%) · prince  0.0% · king  0.0% · crowned  0.0% · 4.3s
try  3 · gen    4 · best     44.1 · elite    -27.9 · median    -96.8 · years  52.4 · road 0.25 · starved  1809 · nobles  -2.2 · read 125.6 · walls  3.2 · fell 76.3% (mother 31.0%) · prince  0.0% · king  0.0% · crowned  0.0% · 4.3s
try  4 · gen    4 · best      0.9 · elite    -41.6 · median   -101.5 · years  46.7 · road 0.26 · starved  1843 · nobles  -3.1 · read 106.2 · walls  3.6 · fell 88.1% (mother 48.3%) · prince  0.0% · king  0.0% · crowned  0.0% · 4.3s
try  5 · gen    4 · best     14.8 · elite    -30.4 · median    -96.4 · years  48.6 · road 0.25 · starved  1765 · nobles  -1.9 · read 143.5 · walls  5.2 · fell 80.4% (mother 35.2%) · prince  0.0% · king  0.0% · crowned  0.0% · 4.3s
try  6 · gen    4 · best     11.9 · elite    -34.4 · median   -100.3 · years  49.2 · road 0.24 · starved  1803 · nobles  -1.7 · read 116.1 · walls  4.0 · fell 79.3% (mother 30.8%) · prince  0.0% · king  0.0% · crowned  0.0% · 4.3s
try  7 · gen    4 · best      1.5 · elite    -40.1 · median   -104.0 · years  52.4 · road 0.24 · starved  1891 · nobles  -2.2 · read 153.4 · walls  4.2 · fell 72.0% (mother 30.7%) · prince  0.0% · king  0.0% · crowned  0.0% · 4.3s
try  8 · gen    4 · best     -1.7 · elite    -40.7 · median   -102.3 · years  41.4 · road 0.25 · starved  1738 · nobles  -2.5 · read 114.8 · walls  4.0 · fell 89.3% (mother 34.2%) · prince  0.0% · king  0.0% · crowned  0.0% · 4.3s
try  1 · gen    5 · best     15.9 · elite    -34.9 · median   -100.7 · years  51.9 · road 0.23 · starved  1827 · nobles  -1.4 · read 142.1 · walls  2.7 · fell 73.6% (mother 26.8%) · prince  0.0% · king  0.0% · crowned  0.0% · 4.3s
try  2 · gen    5 · best     61.5 · elite    -31.1 · median    -98.7 · years  52.5 · road 0.25 · starved  1844 · nobles  -2.0 · read 145.2 · walls  4.2 · fell 74.4% (mother 31.9%) · prince  0.0% · king  0.0% · crowned  0.0% · 4.3s
try  3 · gen    5 · best     24.7 · elite    -28.4 · median    -93.0 · years  52.8 · road 0.25 · starved  1791 · nobles  -1.8 · read 124.4 · walls  3.5 · fell 70.7% (mother 24.8%) · prince  0.0% · king  0.0% · crowned  0.0% · 4.3s
try  4 · gen    5 · best      1.6 · elite    -41.6 · median   -100.7 · years  46.5 · road 0.25 · starved  1800 · nobles  -2.9 · read 103.0 · walls  3.5 · fell 84.0% (mother 43.0%) · prince  0.0% · king  0.0% · crowned  0.0% · 4.3s
try  5 · gen    5 · best     58.9 · elite    -26.2 · median    -92.7 · years  50.8 · road 0.26 · starved  1735 · nobles  -1.8 · read 157.3 · walls  6.3 · fell 75.8% (mother 26.0%) · prince  0.0% · king  0.0% · crowned  0.0% · 4.3s
try  6 · gen    5 · best     20.5 · elite    -35.6 · median    -98.9 · years  51.3 · road 0.24 · starved  1830 · nobles  -1.6 · read 118.6 · walls  4.3 · fell 77.0% (mother 28.0%) · prince  0.0% · king  0.0% · crowned  0.0% · 4.3s
try  7 · gen    5 · best      0.7 · elite    -39.2 · median   -100.7 · years  53.7 · road 0.25 · starved  1905 · nobles  -2.4 · read 155.3 · walls  4.6 · fell 68.4% (mother 26.3%) · prince  0.0% · king  0.0% · crowned  0.0% · 4.3s
try  8 · gen    5 · best     21.3 · elite    -38.9 · median   -101.9 · years  38.0 · road 0.27 · starved  1709 · nobles  -3.0 · read 102.3 · walls  4.5 · fell 93.3% (mother 35.1%) · prince  0.0% · king  0.0% · crowned  0.0% · 4.3s
try  1 · gen    6 · best     16.4 · elite    -32.6 · median    -99.6 · years  51.5 · road 0.24 · starved  1828 · nobles  -1.4 · read 141.9 · walls  2.8 · fell 73.7% (mother 26.0%) · prince  0.0% · king  0.0% · crowned  0.0% · 4.3s
try  2 · gen    6 · best     17.4 · elite    -30.2 · median    -97.7 · years  52.1 · road 0.25 · starved  1833 · nobles  -2.3 · read 137.7 · walls  4.3 · fell 72.6% (mother 25.0%) · prince  0.0% · king  0.0% · crowned  0.0% · 4.3s
try  3 · gen    6 · best     50.8 · elite    -21.2 · median    -90.9 · years  52.9 · road 0.26 · starved  1797 · nobles  -2.5 · read 120.3 · walls  3.4 · fell 72.6% (mother 25.3%) · prince  0.0% · king  0.0% · crowned  0.0% · 4.3s
try  4 · gen    6 · best      9.9 · elite    -37.2 · median    -98.1 · years  48.2 · road 0.26 · starved  1812 · nobles  -3.6 · read 107.2 · walls  3.6 · fell 82.8% (mother 40.0%) · prince  0.0% · king  0.0% · crowned  0.0% · 4.3s
try  5 · gen    6 · best     24.3 · elite    -22.6 · median    -88.1 · years  49.9 · road 0.27 · starved  1687 · nobles  -2.1 · read 154.5 · walls  6.4 · fell 77.7% (mother 26.9%) · prince  0.0% · king  0.0% · crowned  0.0% · 4.3s
try  6 · gen    6 · best     17.2 · elite    -32.2 · median   -100.1 · years  51.7 · road 0.25 · starved  1830 · nobles  -1.8 · read 118.3 · walls  4.8 · fell 76.3% (mother 25.5%) · prince  0.0% · king  0.0% · crowned  0.0% · 4.3s
try  7 · gen    6 · best     45.6 · elite    -30.2 · median    -97.8 · years  52.9 · road 0.24 · starved  1835 · nobles  -3.0 · read 147.3 · walls  4.4 · fell 69.7% (mother 24.8%) · prince  0.0% · king  0.0% · crowned  0.0% · 4.3s
try  8 · gen    6 · best     12.1 · elite    -38.1 · median   -101.0 · years  36.3 · road 0.28 · starved  1679 · nobles  -3.5 · read 98.2 · walls  5.0 · fell 95.1% (mother 37.1%) · prince  0.0% · king  0.0% · crowned  0.0% · 4.3s
try  1 · gen    7 · best     19.8 · elite    -37.0 · median    -98.2 · years  50.3 · road 0.24 · starved  1814 · nobles  -1.2 · read 137.5 · walls  2.9 · fell 75.9% (mother 23.7%) · prince  0.0% · king  0.0% · crowned  0.0% · 4.3s
try  2 · gen    7 · best     32.8 · elite    -28.8 · median    -94.3 · years  53.9 · road 0.26 · starved  1872 · nobles  -3.1 · read 146.3 · walls  4.6 · fell 71.4% (mother 22.8%) · prince  0.0% · king  0.0% · crowned  0.0% · 4.3s
try  3 · gen    7 · best     36.8 · elite    -20.0 · median    -84.2 · years  52.1 · road 0.28 · starved  1734 · nobles  -3.1 · read 116.0 · walls  3.8 · fell 74.4% (mother 24.7%) · prince  0.0% · king  0.0% · crowned  0.0% · 4.3s
try  4 · gen    7 · best     19.3 · elite    -34.0 · median    -98.6 · years  47.3 · road 0.26 · starved  1752 · nobles  -3.9 · read 104.2 · walls  3.7 · fell 80.1% (mother 36.3%) · prince  0.0% · king  0.0% · crowned  0.0% · 4.3s
try  5 · gen    7 · best     40.7 · elite    -25.2 · median    -87.1 · years  53.1 · road 0.27 · starved  1741 · nobles  -2.5 · read 169.4 · walls  6.3 · fell 73.2% (mother 21.0%) · prince  0.0% · king  0.0% · crowned  0.0% · 4.3s
try  6 · gen    7 · best     20.0 · elite    -31.8 · median    -97.5 · years  51.4 · road 0.25 · starved  1819 · nobles  -1.9 · read 120.1 · walls  5.0 · fell 75.6% (mother 26.5%) · prince  0.0% · king  0.0% · crowned  0.0% · 4.3s
try  7 · gen    7 · best     17.1 · elite    -29.3 · median    -93.5 · years  51.8 · road 0.26 · starved  1796 · nobles  -3.6 · read 138.0 · walls  4.5 · fell 72.6% (mother 23.2%) · prince  0.0% · king  0.0% · crowned  0.0% · 4.3s
try  8 · gen    7 · best     26.6 · elite    -40.2 · median    -98.9 · years  33.1 · road 0.29 · starved  1647 · nobles  -3.9 · read 88.5 · walls  5.0 · fell 96.5% (mother 37.7%) · prince  0.0% · king  0.0% · crowned  0.0% · 4.3s
try  1 · gen    8 · best      3.9 · elite    -35.2 · median    -99.7 · years  50.2 · road 0.24 · starved  1815 · nobles  -1.4 · read 144.8 · walls  2.7 · fell 76.8% (mother 23.4%) · prince  0.0% · king  0.0% · crowned  0.0% · 4.2s
try  2 · gen    8 · best     35.0 · elite    -29.9 · median    -95.5 · years  52.0 · road 0.26 · starved  1830 · nobles  -3.7 · read 139.1 · walls  4.6 · fell 72.5% (mother 18.3%) · prince  0.0% · king  0.0% · crowned  0.0% · 4.2s
try  3 · gen    8 · best     36.7 · elite     -5.9 · median    -79.0 · years  51.9 · road 0.29 · starved  1695 · nobles  -4.1 · read 111.7 · walls  4.4 · fell 74.4% (mother 27.9%) · prince  0.0% · king  0.0% · crowned  0.0% · 4.2s
try  4 · gen    8 · best     23.6 · elite    -31.7 · median    -97.0 · years  48.5 · road 0.25 · starved  1778 · nobles  -3.5 · read 106.5 · walls  3.9 · fell 78.0% (mother 33.5%) · prince  0.0% · king  0.0% · crowned  0.0% · 4.2s
try  5 · gen    8 · best     31.7 · elite    -22.5 · median    -87.8 · years  52.9 · road 0.27 · starved  1753 · nobles  -2.5 · read 166.3 · walls  6.4 · fell 73.7% (mother 21.5%) · prince  0.0% · king  0.0% · crowned  0.0% · 4.2s
try  6 · gen    8 · best      3.7 · elite    -30.0 · median    -98.3 · years  50.7 · road 0.25 · starved  1798 · nobles  -1.8 · read 118.6 · walls  4.9 · fell 74.2% (mother 22.0%) · prince  0.0% · king  0.0% · crowned  0.0% · 4.2s
try  7 · gen    8 · best     28.7 · elite    -26.6 · median    -92.2 · years  51.3 · road 0.26 · starved  1754 · nobles  -3.8 · read 130.4 · walls  4.7 · fell 73.7% (mother 23.9%) · prince  0.0% · king  0.0% · crowned  0.0% · 4.2s
try  8 · gen    8 · best     -2.1 · elite    -41.3 · median    -97.4 · years  32.0 · road 0.30 · starved  1612 · nobles  -4.0 · read 86.4 · walls  4.9 · fell 96.9% (mother 39.3%) · prince  0.0% · king  0.0% · crowned  0.0% · 4.2s
try  1 · gen    9 · best     14.7 · elite    -31.4 · median   -102.9 · years  48.8 · road 0.24 · starved  1813 · nobles  -1.3 · read 145.6 · walls  2.5 · fell 78.1% (mother 23.1%) · prince  0.0% · king  0.0% · crowned  0.0% · 4.3s
try  2 · gen    9 · best     25.9 · elite    -30.4 · median    -94.3 · years  53.6 · road 0.26 · starved  1838 · nobles  -3.9 · read 146.6 · walls  4.8 · fell 67.3% (mother 19.4%) · prince  0.0% · king  0.0% · crowned  0.0% · 4.3s
try  3 · gen    9 · best     43.3 · elite     -2.5 · median    -74.6 · years  51.4 · road 0.31 · starved  1651 · nobles  -5.5 · read 102.7 · walls  5.1 · fell 72.8% (mother 18.8%) · prince  0.0% · king  0.0% · crowned  0.0% · 4.3s
try  4 · gen    9 · best     12.5 · elite    -32.6 · median    -98.7 · years  46.9 · road 0.26 · starved  1738 · nobles  -3.3 · read 102.3 · walls  4.1 · fell 79.6% (mother 33.2%) · prince  0.0% · king  0.0% · crowned  0.0% · 4.3s
try  5 · gen    9 · best     27.6 · elite    -20.0 · median    -87.1 · years  51.4 · road 0.27 · starved  1695 · nobles  -2.4 · read 159.5 · walls  6.8 · fell 74.5% (mother 21.1%) · prince  0.0% · king  0.0% · crowned  0.0% · 4.3s
try  6 · gen    9 · best     36.2 · elite    -25.2 · median    -97.9 · years  51.3 · road 0.25 · starved  1834 · nobles  -1.7 · read 111.2 · walls  4.9 · fell 74.9% (mother 22.2%) · prince  0.0% · king  0.0% · crowned  0.0% · 4.3s
try  7 · gen    9 · best      6.7 · elite    -26.9 · median    -90.4 · years  49.8 · road 0.27 · starved  1712 · nobles  -3.5 · read 124.9 · walls  4.9 · fell 75.8% (mother 24.9%) · prince  0.0% · king  0.0% · crowned  0.0% · 4.3s
try  8 · gen    9 · best      4.3 · elite    -37.7 · median    -96.0 · years  33.0 · road 0.30 · starved  1631 · nobles  -4.3 · read 88.0 · walls  4.8 · fell 96.4% (mother 41.4%) · prince  0.0% · king  0.0% · crowned  0.0% · 4.3s
try  1 · gen   10 · best     16.7 · elite    -34.6 · median   -101.6 · years  46.3 · road 0.24 · starved  1760 · nobles  -1.2 · read 139.6 · walls  3.1 · fell 79.1% (mother 21.4%) · prince  0.0% · king  0.0% · crowned  0.0% · 4.2s
try  2 · gen   10 · best     22.0 · elite    -28.2 · median    -96.3 · years  53.6 · road 0.25 · starved  1830 · nobles  -4.2 · read 151.2 · walls  4.9 · fell 65.9% (mother 16.8%) · prince  0.0% · king  0.0% · crowned  0.0% · 4.2s
try  3 · gen   10 · best     45.6 · elite     -9.6 · median    -71.8 · years  50.2 · road 0.32 · starved  1608 · nobles  -5.9 · read 98.7 · walls  5.3 · fell 75.1% (mother 19.4%) · prince  0.0% · king  0.0% · crowned  0.0% · 4.2s
try  4 · gen   10 · best     30.0 · elite    -30.3 · median    -97.7 · years  46.6 · road 0.27 · starved  1741 · nobles  -3.2 · read 100.9 · walls  4.4 · fell 80.3% (mother 32.2%) · prince  0.0% · king  0.0% · crowned  0.0% · 4.2s
try  5 · gen   10 · best     29.3 · elite    -15.9 · median    -84.6 · years  52.4 · road 0.29 · starved  1740 · nobles  -3.1 · read 161.9 · walls  7.0 · fell 74.9% (mother 21.6%) · prince  0.0% · king  0.0% · crowned  0.0% · 4.2s
try  6 · gen   10 · best     16.2 · elite    -28.5 · median    -95.2 · years  49.7 · road 0.25 · starved  1779 · nobles  -1.5 · read 103.7 · walls  4.5 · fell 73.4% (mother 19.3%) · prince  0.0% · king  0.0% · crowned  0.0% · 4.2s
try  7 · gen   10 · best     37.5 · elite    -21.7 · median    -86.8 · years  48.5 · road 0.28 · starved  1673 · nobles  -4.0 · read 123.2 · walls  5.1 · fell 78.3% (mother 29.3%) · prince  0.1% · king  0.0% · crowned  0.0% · 4.2s
try  8 · gen   10 · best     15.0 · elite    -36.7 · median    -95.1 · years  33.1 · road 0.30 · starved  1601 · nobles  -4.5 · read 86.1 · walls  4.7 · fell 96.5% (mother 40.3%) · prince  0.0% · king  0.0% · crowned  0.0% · 4.2s
try  1 · gen   11 · best     31.0 · elite    -31.1 · median   -100.4 · years  46.6 · road 0.25 · starved  1788 · nobles  -1.5 · read 137.6 · walls  3.4 · fell 81.6% (mother 23.6%) · prince  0.1% · king  0.0% · crowned  0.0% · 4.3s
try  2 · gen   11 · best     24.5 · elite    -25.1 · median    -92.8 · years  53.9 · road 0.26 · starved  1809 · nobles  -4.3 · read 149.9 · walls  5.2 · fell 66.2% (mother 19.8%) · prince  0.0% · king  0.0% · crowned  0.0% · 4.3s
try  3 · gen   11 · best     48.1 · elite     -1.8 · median    -70.2 · years  51.1 · road 0.32 · starved  1615 · nobles  -6.0 · read 102.1 · walls  5.6 · fell 75.1% (mother 22.9%) · prince  0.0% · king  0.0% · crowned  0.0% · 4.3s
try  4 · gen   11 · best     17.3 · elite    -31.7 · median    -95.2 · years  46.3 · road 0.27 · starved  1704 · nobles  -3.2 · read 96.7 · walls  4.4 · fell 81.1% (mother 31.9%) · prince  0.0% · king  0.0% · crowned  0.0% · 4.3s
try  5 · gen   11 · best     30.1 · elite    -19.2 · median    -84.4 · years  51.0 · road 0.29 · starved  1742 · nobles  -3.4 · read 152.3 · walls  7.0 · fell 76.8% (mother 23.8%) · prince  0.0% · king  0.0% · crowned  0.0% · 4.3s
try  6 · gen   11 · best     31.4 · elite    -21.5 · median    -93.9 · years  53.3 · road 0.26 · starved  1843 · nobles  -2.1 · read 108.6 · walls  4.6 · fell 71.1% (mother 19.0%) · prince  0.0% · king  0.0% · crowned  0.0% · 4.3s
try  7 · gen   11 · best     49.3 · elite    -17.4 · median    -86.1 · years  49.2 · road 0.28 · starved  1655 · nobles  -4.7 · read 127.5 · walls  5.1 · fell 77.8% (mother 29.9%) · prince  0.1% · king  0.0% · crowned  0.0% · 4.3s
try  8 · gen   11 · best     27.7 · elite    -28.7 · median    -91.2 · years  32.0 · road 0.30 · starved  1545 · nobles  -5.0 · read 77.8 · walls  4.4 · fell 96.2% (mother 38.4%) · prince  0.0% · king  0.0% · crowned  0.0% · 4.3s
try  1 · gen   12 · best     35.5 · elite    -33.0 · median    -99.3 · years  44.4 · road 0.25 · starved  1739 · nobles  -1.6 · read 122.8 · walls  3.7 · fell 84.1% (mother 23.9%) · prince  0.3% · king  0.0% · crowned  0.0% · 4.3s
try  2 · gen   12 · best     37.0 · elite    -22.6 · median    -88.9 · years  53.8 · road 0.27 · starved  1790 · nobles  -4.9 · read 145.3 · walls  5.3 · fell 66.9% (mother 21.2%) · prince  0.0% · king  0.0% · crowned  0.0% · 4.3s
try  3 · gen   12 · best     60.7 · elite     -2.3 · median    -68.4 · years  51.2 · road 0.32 · starved  1608 · nobles  -6.5 · read 104.4 · walls  5.9 · fell 74.3% (mother 19.4%) · prince  0.0% · king  0.0% · crowned  0.0% · 4.3s
try  4 · gen   12 · best     33.8 · elite    -25.9 · median    -93.9 · years  45.8 · road 0.27 · starved  1697 · nobles  -3.3 · read 91.1 · walls  4.6 · fell 78.7% (mother 31.2%) · prince  0.0% · king  0.0% · crowned  0.0% · 4.3s
try  5 · gen   12 · best     26.0 · elite    -14.5 · median    -79.6 · years  52.1 · road 0.30 · starved  1751 · nobles  -3.6 · read 155.4 · walls  7.2 · fell 74.0% (mother 22.6%) · prince  0.1% · king  0.0% · crowned  0.0% · 4.3s
try  6 · gen   12 · best     34.0 · elite    -21.0 · median    -93.3 · years  51.1 · road 0.27 · starved  1804 · nobles  -2.5 · read 100.8 · walls  4.4 · fell 74.3% (mother 17.4%) · prince  0.1% · king  0.0% · crowned  0.0% · 4.3s
try  7 · gen   12 · best     29.0 · elite    -15.0 · median    -82.1 · years  48.7 · road 0.29 · starved  1611 · nobles  -4.9 · read 125.2 · walls  5.3 · fell 79.2% (mother 28.1%) · prince  0.2% · king  0.0% · crowned  0.0% · 4.3s
try  8 · gen   12 · best     29.2 · elite    -30.7 · median    -88.4 · years  32.3 · road 0.30 · starved  1492 · nobles  -5.3 · read 75.5 · walls  4.1 · fell 96.4% (mother 40.3%) · prince  0.0% · king  0.0% · crowned  0.0% · 4.3s
try  1 · gen   13 · best     49.7 · elite    -22.5 · median    -98.3 · years  44.5 · road 0.26 · starved  1727 · nobles  -1.7 · read 121.3 · walls  3.6 · fell 83.3% (mother 24.7%) · prince  0.4% · king  0.0% · crowned  0.0% · 4.3s
try  2 · gen   13 · best     65.7 · elite    -23.2 · median    -88.3 · years  53.3 · road 0.27 · starved  1776 · nobles  -5.1 · read 146.8 · walls  5.2 · fell 69.0% (mother 20.2%) · prince  0.1% · king  0.0% · crowned  0.0% · 4.3s
try  3 · gen   13 · best     50.3 · elite     -1.0 · median    -65.4 · years  51.0 · road 0.33 · starved  1565 · nobles  -6.7 · read 105.0 · walls  5.9 · fell 73.2% (mother 20.6%) · prince  0.1% · king  0.0% · crowned  0.0% · 4.3s
try  4 · gen   13 · best     17.7 · elite    -25.8 · median    -92.0 · years  46.0 · road 0.27 · starved  1673 · nobles  -3.3 · read 88.9 · walls  4.2 · fell 78.8% (mother 29.1%) · prince  0.0% · king  0.0% · crowned  0.0% · 4.3s
try  5 · gen   13 · best     39.2 · elite    -11.5 · median    -78.4 · years  52.6 · road 0.31 · starved  1761 · nobles  -3.8 · read 159.0 · walls  7.3 · fell 75.0% (mother 21.0%) · prince  0.2% · king  0.0% · crowned  0.0% · 4.3s
try  6 · gen   13 · best     59.9 · elite    -16.8 · median    -91.0 · years  49.6 · road 0.27 · starved  1744 · nobles  -2.5 · read 93.0 · walls  4.4 · fell 74.7% (mother 19.5%) · prince  0.1% · king  0.0% · crowned  0.0% · 4.3s
try  7 · gen   13 · best     32.4 · elite    -11.9 · median    -78.2 · years  49.5 · road 0.29 · starved  1586 · nobles  -5.2 · read 130.4 · walls  5.3 · fell 79.3% (mother 28.9%) · prince  0.4% · king  0.0% · crowned  0.0% · 4.3s
try  8 · gen   13 · best     19.9 · elite    -26.3 · median    -87.0 · years  33.3 · road 0.30 · starved  1464 · nobles  -5.3 · read 74.2 · walls  4.2 · fell 94.9% (mother 38.9%) · prince  0.1% · king  0.0% · crowned  0.0% · 4.3s
try  1 · gen   14 · best    111.8 · elite    -21.3 · median    -94.5 · years  44.8 · road 0.27 · starved  1708 · nobles  -1.9 · read 121.3 · walls  3.6 · fell 84.1% (mother 23.2%) · prince  0.9% · king  0.1% · crowned  0.1% (median year 98) · 4.3s
try  2 · gen   14 · best     32.7 · elite    -17.5 · median    -85.5 · years  51.4 · road 0.28 · starved  1734 · nobles  -5.2 · read 135.7 · walls  5.7 · fell 70.3% (mother 24.2%) · prince  0.1% · king  0.0% · crowned  0.0% · 4.3s
try  3 · gen   14 · best     46.0 · elite      2.5 · median    -67.3 · years  48.6 · road 0.32 · starved  1524 · nobles  -6.7 · read 95.0 · walls  5.9 · fell 75.8% (mother 23.4%) · prince  0.3% · king  0.0% · crowned  0.0% · 4.3s
try  4 · gen   14 · best     51.0 · elite    -26.0 · median    -96.3 · years  45.1 · road 0.26 · starved  1666 · nobles  -3.6 · read 93.4 · walls  3.8 · fell 78.8% (mother 28.8%) · prince  0.0% · king  0.0% · crowned  0.0% · 4.3s
try  5 · gen   14 · best     68.1 · elite     -8.0 · median    -74.4 · years  52.2 · road 0.32 · starved  1701 · nobles  -4.1 · read 154.0 · walls  7.5 · fell 72.8% (mother 22.9%) · prince  0.1% · king  0.0% · crowned  0.0% · 4.3s
try  6 · gen   14 · best     28.8 · elite    -21.4 · median    -92.6 · years  48.2 · road 0.27 · starved  1749 · nobles  -2.6 · read 87.1 · walls  4.3 · fell 76.0% (mother 20.2%) · prince  0.1% · king  0.0% · crowned  0.0% · 4.3s
try  7 · gen   14 · best     43.4 · elite    -10.4 · median    -77.0 · years  49.0 · road 0.29 · starved  1545 · nobles  -5.1 · read 130.2 · walls  5.5 · fell 77.8% (mother 28.1%) · prince  0.4% · king  0.0% · crowned  0.0% · 4.3s
try  8 · gen   14 · best     22.8 · elite    -21.7 · median    -85.8 · years  35.5 · road 0.30 · starved  1435 · nobles  -5.7 · read 71.4 · walls  4.5 · fell 93.2% (mother 37.4%) · prince  0.1% · king  0.0% · crowned  0.0% · 4.3s
try  1 · gen   15 · best    135.2 · elite     -5.3 · median    -89.9 · years  43.1 · road 0.27 · starved  1652 · nobles  -2.3 · read 112.1 · walls  3.3 · fell 87.7% (mother 23.3%) · prince  1.8% · king  0.2% · crowned  0.0% (median year 86) · 4.2s
try  2 · gen   15 · best     28.7 · elite    -14.4 · median    -82.4 · years  49.7 · road 0.28 · starved  1659 · nobles  -5.5 · read 129.0 · walls  5.8 · fell 72.6% (mother 24.9%) · prince  0.1% · king  0.0% · crowned  0.0% · 4.2s
try  3 · gen   15 · best     50.7 · elite      3.1 · median    -61.9 · years  49.5 · road 0.33 · starved  1500 · nobles  -6.8 · read 93.9 · walls  6.2 · fell 76.7% (mother 24.2%) · prince  0.4% · king  0.0% · crowned  0.0% · 4.2s
try  4 · gen   15 · best     30.1 · elite    -17.2 · median    -88.0 · years  46.7 · road 0.27 · starved  1647 · nobles  -4.5 · read 101.2 · walls  3.9 · fell 77.6% (mother 28.9%) · prince  0.0% · king  0.0% · crowned  0.0% · 4.2s
try  5 · gen   15 · best     45.2 · elite     -6.5 · median    -72.0 · years  51.3 · road 0.33 · starved  1655 · nobles  -4.7 · read 149.4 · walls  7.2 · fell 73.9% (mother 22.5%) · prince  0.0% · king  0.0% · crowned  0.0% · 4.2s
try  6 · gen   15 · best     32.2 · elite    -19.6 · median    -88.9 · years  48.3 · road 0.27 · starved  1738 · nobles  -2.9 · read 86.1 · walls  4.3 · fell 77.0% (mother 21.0%) · prince  0.2% · king  0.0% · crowned  0.0% · 4.2s
try  7 · gen   15 · best     57.2 · elite    -11.3 · median    -75.1 · years  47.9 · road 0.28 · starved  1477 · nobles  -5.2 · read 125.8 · walls  5.5 · fell 79.7% (mother 28.0%) · prince  0.5% · king  0.0% · crowned  0.0% · 4.2s
try  8 · gen   15 · best     40.2 · elite    -17.3 · median    -81.8 · years  36.4 · road 0.30 · starved  1395 · nobles  -6.1 · read 69.3 · walls  4.2 · fell 91.2% (mother 34.4%) · prince  0.2% · king  0.0% · crowned  0.0% · 4.2s
try  1 · gen   16 · best    217.2 · elite     -3.0 · median    -86.6 · years  40.7 · road 0.28 · starved  1558 · nobles  -2.6 · read 103.4 · walls  3.0 · fell 89.1% (mother 21.8%) · prince  2.2% · king  0.4% · crowned  0.1% (median year 92) · 4.2s
try  2 · gen   16 · best     45.3 · elite    -14.2 · median    -80.7 · years  50.1 · road 0.29 · starved  1660 · nobles  -5.8 · read 125.8 · walls  5.9 · fell 71.5% (mother 23.2%) · prince  0.2% · king  0.0% · crowned  0.0% · 4.2s
try  3 · gen   16 · best    137.9 · elite     11.8 · median    -62.1 · years  51.2 · road 0.33 · starved  1525 · nobles  -7.3 · read 95.1 · walls  6.0 · fell 76.0% (mother 20.1%) · prince  0.7% · king  0.1% · crowned  0.0% · 4.2s
try  4 · gen   16 · best     22.6 · elite    -20.5 · median    -86.8 · years  45.4 · road 0.28 · starved  1584 · nobles  -4.8 · read 101.8 · walls  4.1 · fell 78.3% (mother 26.8%) · prince  0.0% · king  0.0% · crowned  0.0% · 4.2s
try  5 · gen   16 · best     57.7 · elite     -3.9 · median    -70.2 · years  51.9 · road 0.33 · starved  1661 · nobles  -4.8 · read 150.6 · walls  7.2 · fell 73.9% (mother 23.5%) · prince  0.1% · king  0.0% · crowned  0.0% · 4.2s
try  6 · gen   16 · best     37.2 · elite    -20.5 · median    -87.0 · years  46.6 · road 0.28 · starved  1677 · nobles  -3.1 · read 85.9 · walls  4.1 · fell 79.9% (mother 23.4%) · prince  0.3% · king  0.0% · crowned  0.0% · 4.2s
try  7 · gen   16 · best     56.7 · elite     -7.9 · median    -70.7 · years  48.4 · road 0.29 · starved  1456 · nobles  -5.2 · read 127.0 · walls  5.9 · fell 79.6% (mother 27.7%) · prince  0.5% · king  0.0% · crowned  0.0% · 4.2s
try  8 · gen   16 · best     51.3 · elite     -7.8 · median    -78.7 · years  37.8 · road 0.30 · starved  1389 · nobles  -6.3 · read 68.4 · walls  4.2 · fell 90.4% (mother 36.1%) · prince  0.6% · king  0.0% · crowned  0.0% · 4.2s
try  1 · gen   17 · best    192.5 · elite     -0.3 · median    -81.2 · years  40.6 · road 0.27 · starved  1514 · nobles  -2.7 · read 100.3 · walls  2.6 · fell 88.9% (mother 24.3%) · prince  2.5% · king  0.4% · crowned  0.0% (median year 75) · 4.2s
try  2 · gen   17 · best     49.4 · elite    -10.8 · median    -75.3 · years  51.4 · road 0.30 · starved  1656 · nobles  -6.2 · read 125.5 · walls  6.2 · fell 70.9% (mother 23.4%) · prince  0.3% · king  0.0% · crowned  0.0% · 4.2s
try  3 · gen   17 · best    189.7 · elite     13.7 · median    -60.2 · years  49.5 · road 0.33 · starved  1451 · nobles  -6.6 · read 90.8 · walls  5.6 · fell 76.3% (mother 22.5%) · prince  1.3% · king  0.0% · crowned  0.0% · 4.2s
try  4 · gen   17 · best     61.8 · elite    -12.6 · median    -80.7 · years  47.9 · road 0.29 · starved  1576 · nobles  -4.8 · read 109.6 · walls  4.2 · fell 78.0% (mother 28.9%) · prince  0.1% · king  0.0% · crowned  0.0% · 4.2s
try  5 · gen   17 · best     84.9 · elite      3.7 · median    -67.8 · years  52.4 · road 0.34 · starved  1634 · nobles  -5.2 · read 153.1 · walls  7.3 · fell 72.8% (mother 22.1%) · prince  0.3% · king  0.0% · crowned  0.0% · 4.2s
try  6 · gen   17 · best     53.6 · elite    -10.7 · median    -84.1 · years  47.3 · road 0.29 · starved  1691 · nobles  -3.8 · read 84.2 · walls  4.1 · fell 80.5% (mother 23.7%) · prince  0.9% · king  0.0% · crowned  0.0% · 4.2s
try  7 · gen   17 · best     42.7 · elite     -8.4 · median    -70.3 · years  48.0 · road 0.29 · starved  1418 · nobles  -5.1 · read 128.1 · walls  5.8 · fell 80.1% (mother 28.8%) · prince  0.6% · king  0.0% · crowned  0.0% · 4.2s
try  8 · gen   17 · best     97.2 · elite     -2.1 · median    -77.1 · years  38.6 · road 0.31 · starved  1382 · nobles  -6.6 · read 68.1 · walls  4.3 · fell 89.2% (mother 34.7%) · prince  0.9% · king  0.0% · crowned  0.0% · 4.2s
try  1 · gen   18 · best    286.6 · elite     14.8 · median    -77.7 · years  39.9 · road 0.27 · starved  1402 · nobles  -2.7 · read 95.8 · walls  2.0 · fell 89.2% (mother 23.3%) · prince  3.3% · king  0.7% · crowned  0.2% (median year 80) · 4.2s
try  2 · gen   18 · best     68.0 · elite      2.3 · median    -74.5 · years  49.5 · road 0.30 · starved  1591 · nobles  -6.2 · read 113.9 · walls  6.1 · fell 73.1% (mother 24.9%) · prince  0.5% · king  0.0% · crowned  0.0% · 4.2s
try  3 · gen   18 · best    131.7 · elite     26.9 · median    -55.2 · years  51.0 · road 0.32 · starved  1425 · nobles  -6.4 · read 100.0 · walls  5.4 · fell 75.6% (mother 23.9%) · prince  1.7% · king  0.2% · crowned  0.0% · 4.2s
try  4 · gen   18 · best     60.9 · elite     -9.0 · median    -74.6 · years  49.0 · road 0.31 · starved  1579 · nobles  -4.9 · read 105.0 · walls  4.6 · fell 76.7% (mother 29.1%) · prince  0.1% · king  0.0% · crowned  0.0% · 4.2s
try  5 · gen   18 · best    133.0 · elite      5.2 · median    -64.3 · years  50.8 · road 0.34 · starved  1564 · nobles  -5.2 · read 149.0 · walls  7.2 · fell 74.9% (mother 25.4%) · prince  0.6% · king  0.0% · crowned  0.0% · 4.2s
try  6 · gen   18 · best     76.7 · elite     -9.4 · median    -82.5 · years  44.2 · road 0.29 · starved  1625 · nobles  -4.3 · read 76.2 · walls  4.2 · fell 83.3% (mother 26.4%) · prince  1.3% · king  0.0% · crowned  0.0% · 4.2s
try  7 · gen   18 · best     76.2 · elite      3.4 · median    -67.3 · years  49.0 · road 0.29 · starved  1416 · nobles  -5.1 · read 131.3 · walls  6.1 · fell 80.4% (mother 29.1%) · prince  0.9% · king  0.0% · crowned  0.0% · 4.2s
try  8 · gen   18 · best     70.4 · elite      2.5 · median    -75.3 · years  41.2 · road 0.30 · starved  1389 · nobles  -6.6 · read 77.0 · walls  4.2 · fell 85.2% (mother 28.7%) · prince  0.9% · king  0.0% · crowned  0.0% · 4.2s
try  1 · gen   19 · best    355.5 · elite     35.4 · median    -72.1 · years  40.0 · road 0.27 · starved  1360 · nobles  -2.7 · read 92.6 · walls  1.8 · fell 87.6% (mother 22.2%) · prince  4.4% · king  1.0% · crowned  0.3% (median year 84) · 4.3s
try  2 · gen   19 · best     71.9 · elite      2.1 · median    -72.8 · years  48.2 · road 0.31 · starved  1542 · nobles  -6.0 · read 107.0 · walls  6.1 · fell 75.0% (mother 25.8%) · prince  0.5% · king  0.0% · crowned  0.0% · 4.3s
try  3 · gen   19 · best    101.7 · elite     31.9 · median    -52.9 · years  51.0 · road 0.31 · starved  1376 · nobles  -5.6 · read 108.8 · walls  5.3 · fell 76.2% (mother 21.8%) · prince  2.4% · king  0.3% · crowned  0.0% · 4.3s
try  4 · gen   19 · best     51.5 · elite     -4.0 · median    -70.1 · years  50.2 · road 0.31 · starved  1540 · nobles  -5.2 · read 107.9 · walls  4.9 · fell 74.3% (mother 26.1%) · prince  0.1% · king  0.0% · crowned  0.0% · 4.3s
try  5 · gen   19 · best     74.1 · elite     10.4 · median    -61.7 · years  50.9 · road 0.34 · starved  1544 · nobles  -5.3 · read 141.2 · walls  7.3 · fell 73.9% (mother 21.2%) · prince  0.5% · king  0.0% · crowned  0.0% · 4.3s
try  6 · gen   19 · best     95.6 · elite     -6.2 · median    -80.8 · years  44.4 · road 0.29 · starved  1608 · nobles  -4.2 · read 75.5 · walls  4.2 · fell 82.1% (mother 25.2%) · prince  1.8% · king  0.0% · crowned  0.0% · 4.3s
try  7 · gen   19 · best     49.9 · elite     -4.5 · median    -68.7 · years  47.9 · road 0.28 · starved  1382 · nobles  -4.9 · read 132.6 · walls  6.0 · fell 79.0% (mother 24.4%) · prince  0.8% · king  0.0% · crowned  0.0% · 4.3s
try  8 · gen   19 · best     93.9 · elite      5.0 · median    -70.0 · years  41.8 · road 0.30 · starved  1332 · nobles  -6.0 · read 77.2 · walls  4.2 · fell 83.6% (mother 31.8%) · prince  1.6% · king  0.1% · crowned  0.0% · 4.3s
try  1 · gen   20 · best    633.1 · elite     65.1 · median    -67.1 · years  40.6 · road 0.28 · starved  1323 · nobles  -2.7 · read 91.1 · walls  1.5 · fell 88.3% (mother 20.7%) · prince  4.8% · king  1.6% · crowned  0.6% (median year 79) · 4.3s
try  2 · gen   20 · best     96.9 · elite      8.7 · median    -68.7 · years  50.0 · road 0.31 · starved  1569 · nobles  -6.0 · read 108.9 · walls  6.3 · fell 76.4% (mother 26.7%) · prince  1.1% · king  0.1% · crowned  0.0% · 4.3s
try  3 · gen   20 · best    116.0 · elite     33.9 · median    -50.7 · years  50.3 · road 0.30 · starved  1314 · nobles  -5.1 · read 112.9 · walls  5.0 · fell 77.8% (mother 23.1%) · prince  2.4% · king  0.3% · crowned  0.0% · 4.3s
try  4 · gen   20 · best     63.2 · elite      5.2 · median    -66.6 · years  51.8 · road 0.33 · starved  1577 · nobles  -5.4 · read 106.3 · walls  5.3 · fell 73.8% (mother 27.0%) · prince  0.1% · king  0.0% · crowned  0.0% · 4.3s
try  5 · gen   20 · best    116.7 · elite     16.2 · median    -59.6 · years  50.1 · road 0.35 · starved  1523 · nobles  -4.9 · read 127.7 · walls  7.4 · fell 75.8% (mother 25.0%) · prince  1.4% · king  0.2% · crowned  0.0% · 4.3s
try  6 · gen   20 · best    123.9 · elite     -5.7 · median    -78.3 · years  45.3 · road 0.29 · starved  1611 · nobles  -4.7 · read 76.2 · walls  4.5 · fell 80.8% (mother 25.3%) · prince  2.0% · king  0.1% · crowned  0.0% · 4.3s
try  7 · gen   20 · best     63.5 · elite      1.4 · median    -69.7 · years  48.3 · road 0.27 · starved  1380 · nobles  -4.7 · read 135.4 · walls  6.1 · fell 77.8% (mother 24.5%) · prince  0.4% · king  0.0% · crowned  0.0% · 4.3s
try  8 · gen   20 · best     98.0 · elite     12.5 · median    -66.8 · years  42.9 · road 0.30 · starved  1315 · nobles  -6.3 · read 76.6 · walls  4.6 · fell 81.9% (mother 31.4%) · prince  1.6% · king  0.1% · crowned  0.0% (median year 99) · 4.3s
try  1 · gen   21 · best    280.2 · elite     86.2 · median    -65.4 · years  39.8 · road 0.27 · starved  1294 · nobles  -2.0 · read 90.4 · walls  1.4 · fell 86.4% (mother 18.1%) · prince  5.3% · king  1.8% · crowned  1.1% (median year 78) · 4.2s
try  2 · gen   21 · best     78.9 · elite     12.3 · median    -64.4 · years  47.7 · road 0.31 · starved  1462 · nobles  -5.6 · read 103.2 · walls  6.0 · fell 76.2% (mother 27.7%) · prince  1.3% · king  0.0% · crowned  0.0% (median year 83) · 4.2s
try  3 · gen   21 · best    179.9 · elite     42.1 · median    -50.3 · years  49.5 · road 0.31 · starved  1265 · nobles  -5.0 · read 107.4 · walls  4.9 · fell 78.6% (mother 23.7%) · prince  3.1% · king  0.6% · crowned  0.1% (median year 91) · 4.2s
try  4 · gen   21 · best     75.0 · elite     13.7 · median    -56.1 · years  53.2 · road 0.35 · starved  1510 · nobles  -5.3 · read 96.3 · walls  5.6 · fell 72.1% (mother 23.4%) · prince  0.2% · king  0.0% · crowned  0.0% · 4.2s
try  5 · gen   21 · best     99.5 · elite     18.4 · median    -59.4 · years  49.8 · road 0.35 · starved  1512 · nobles  -4.7 · read 129.5 · walls  7.4 · fell 75.7% (mother 23.9%) · prince  1.5% · king  0.2% · crowned  0.0% · 4.2s
try  6 · gen   21 · best     79.3 · elite      6.8 · median    -73.7 · years  44.2 · road 0.30 · starved  1528 · nobles  -5.1 · read 73.0 · walls  4.4 · fell 83.1% (mother 27.0%) · prince  2.8% · king  0.0% · crowned  0.0% · 4.2s
try  7 · gen   21 · best     67.4 · elite     -6.3 · median    -72.1 · years  48.6 · road 0.26 · starved  1370 · nobles  -4.4 · read 143.6 · walls  5.9 · fell 75.6% (mother 21.9%) · prince  0.4% · king  0.0% · crowned  0.0% · 4.2s
try  8 · gen   21 · best     82.0 · elite      9.7 · median    -60.7 · years  44.3 · road 0.30 · starved  1344 · nobles  -6.3 · read 78.2 · walls  4.6 · fell 81.4% (mother 31.5%) · prince  2.0% · king  0.1% · crowned  0.0% · 4.2s
try  1 · gen   22 · best    308.0 · elite     84.4 · median    -68.8 · years  39.5 · road 0.26 · starved  1369 · nobles  -1.8 · read 89.4 · walls  1.7 · fell 86.7% (mother 18.5%) · prince  5.6% · king  2.2% · crowned  1.3% (median year 81) · 4.2s
try  2 · gen   22 · best     97.0 · elite     28.2 · median    -60.6 · years  48.0 · road 0.31 · starved  1398 · nobles  -5.5 · read 101.2 · walls  6.1 · fell 76.3% (mother 28.8%) · prince  1.6% · king  0.2% · crowned  0.0% (median year 93) · 4.2s
try  3 · gen   22 · best    164.5 · elite     43.1 · median    -43.6 · years  48.8 · road 0.31 · starved  1254 · nobles  -5.1 · read 100.4 · walls  5.2 · fell 78.1% (mother 23.0%) · prince  3.8% · king  0.6% · crowned  0.0% (median year 84) · 4.2s
try  4 · gen   22 · best     66.5 · elite     13.7 · median    -50.4 · years  53.1 · road 0.35 · starved  1460 · nobles  -5.4 · read 93.8 · walls  6.0 · fell 70.7% (mother 22.4%) · prince  0.2% · king  0.0% · crowned  0.0% · 4.2s
try  5 · gen   22 · best    107.9 · elite     23.9 · median    -52.0 · years  51.1 · road 0.35 · starved  1504 · nobles  -5.0 · read 122.8 · walls  7.5 · fell 75.3% (mother 24.5%) · prince  2.4% · king  0.4% · crowned  0.0% (median year 95) · 4.2s
try  6 · gen   22 · best     95.7 · elite     14.0 · median    -67.5 · years  44.9 · road 0.31 · starved  1581 · nobles  -5.4 · read 73.1 · walls  4.7 · fell 81.4% (mother 25.7%) · prince  3.8% · king  0.0% · crowned  0.0% · 4.2s
try  7 · gen   22 · best     57.1 · elite      0.1 · median    -69.1 · years  49.2 · road 0.26 · starved  1359 · nobles  -4.5 · read 143.6 · walls  5.9 · fell 74.7% (mother 21.4%) · prince  0.4% · king  0.0% · crowned  0.0% · 4.2s
try  8 · gen   22 · best     83.2 · elite     18.4 · median    -61.8 · years  46.2 · road 0.31 · starved  1369 · nobles  -6.7 · read 81.5 · walls  5.3 · fell 81.3% (mother 27.6%) · prince  2.0% · king  0.2% · crowned  0.0% · 4.2s
try  1 · gen   23 · best    345.8 · elite    100.4 · median    -66.5 · years  37.7 · road 0.27 · starved  1386 · nobles  -1.6 · read 86.0 · walls  2.1 · fell 90.2% (mother 23.2%) · prince  5.8% · king  2.5% · crowned  1.5% (median year 79) · 4.3s
try  2 · gen   23 · best    113.8 · elite     31.0 · median    -55.7 · years  46.7 · road 0.31 · starved  1336 · nobles  -5.4 · read 99.1 · walls  5.8 · fell 78.0% (mother 32.2%) · prince  2.1% · king  0.2% · crowned  0.0% (median year 94) · 4.3s
try  3 · gen   23 · best    158.7 · elite     49.7 · median    -40.9 · years  49.2 · road 0.32 · starved  1296 · nobles  -5.4 · read 95.0 · walls  5.2 · fell 79.1% (mother 25.6%) · prince  5.2% · king  0.6% · crowned  0.1% (median year 87) · 4.3s
try  4 · gen   23 · best     80.9 · elite     18.8 · median    -48.1 · years  53.8 · road 0.36 · starved  1426 · nobles  -5.6 · read 92.6 · walls  6.2 · fell 69.6% (mother 23.2%) · prince  0.1% · king  0.0% · crowned  0.0% · 4.3s
try  5 · gen   23 · best    296.0 · elite     33.9 · median    -52.5 · years  50.2 · road 0.35 · starved  1483 · nobles  -4.5 · read 120.6 · walls  7.6 · fell 77.5% (mother 27.4%) · prince  2.8% · king  0.6% · crowned  0.1% (median year 93) · 4.3s
try  6 · gen   23 · best    112.6 · elite     28.0 · median    -62.2 · years  45.9 · road 0.32 · starved  1621 · nobles  -5.4 · read 73.0 · walls  5.2 · fell 81.1% (mother 24.8%) · prince  5.4% · king  0.0% · crowned  0.0% · 4.3s
try  7 · gen   23 · best     78.0 · elite      8.3 · median    -68.2 · years  49.5 · road 0.26 · starved  1339 · nobles  -4.5 · read 145.3 · walls  5.6 · fell 74.7% (mother 21.6%) · prince  0.7% · king  0.1% · crowned  0.0% (median year 97) · 4.3s
try  8 · gen   23 · best    101.1 · elite     24.2 · median    -57.7 · years  47.0 · road 0.31 · starved  1336 · nobles  -6.9 · read 78.1 · walls  5.4 · fell 79.8% (mother 27.3%) · prince  1.6% · king  0.1% · crowned  0.0% · 4.3s
try  1 · gen   24 · best    326.4 · elite    115.7 · median    -68.0 · years  37.8 · road 0.27 · starved  1354 · nobles  -1.7 · read 86.6 · walls  2.0 · fell 88.0% (mother 23.1%) · prince  7.0% · king  2.7% · crowned  1.6% (median year 78) · 4.2s
try  2 · gen   24 · best    205.1 · elite     36.8 · median    -54.4 · years  48.7 · road 0.32 · starved  1362 · nobles  -6.1 · read 104.1 · walls  5.5 · fell 77.6% (mother 30.7%) · prince  1.9% · king  0.2% · crowned  0.0% (median year 97) · 4.2s
try  3 · gen   24 · best    306.9 · elite     56.2 · median    -34.6 · years  49.3 · road 0.32 · starved  1215 · nobles  -5.7 · read 90.8 · walls  4.8 · fell 79.5% (mother 24.3%) · prince  4.7% · king  1.0% · crowned  0.1% (median year 79) · 4.2s
try  4 · gen   24 · best    112.9 · elite     22.9 · median    -50.5 · years  52.0 · road 0.36 · starved  1399 · nobles  -5.6 · read 90.1 · walls  6.3 · fell 70.8% (mother 25.5%) · prince  0.3% · king  0.0% · crowned  0.0% · 4.2s
try  5 · gen   24 · best    341.3 · elite     48.8 · median    -50.9 · years  49.3 · road 0.35 · starved  1461 · nobles  -4.5 · read 115.1 · walls  7.6 · fell 77.0% (mother 25.7%) · prince  3.7% · king  0.9% · crowned  0.3% (median year 79) · 4.2s
try  6 · gen   24 · best    104.0 · elite     30.5 · median    -58.5 · years  47.1 · road 0.32 · starved  1637 · nobles  -5.2 · read 76.0 · walls  5.4 · fell 79.8% (mother 26.9%) · prince  5.9% · king  0.1% · crowned  0.0% (median year 83) · 4.2s
try  7 · gen   24 · best    151.4 · elite     18.4 · median    -59.1 · years  47.8 · road 0.27 · starved  1260 · nobles  -4.5 · read 139.5 · walls  4.9 · fell 76.3% (mother 24.8%) · prince  1.5% · king  0.2% · crowned  0.1% (median year 71) · 4.2s
try  8 · gen   24 · best     82.8 · elite     25.7 · median    -50.7 · years  48.3 · road 0.31 · starved  1270 · nobles  -7.4 · read 80.3 · walls  5.8 · fell 76.8% (mother 29.0%) · prince  1.2% · king  0.1% · crowned  0.0% · 4.2s
try  1 · gen   25 · best    392.4 · elite    122.8 · median    -67.8 · years  37.5 · road 0.27 · starved  1336 · nobles  -1.4 · read 83.9 · walls  1.9 · fell 88.7% (mother 22.1%) · prince  6.3% · king  3.0% · crowned  1.7% (median year 80) · 4.3s
try  2 · gen   25 · best    186.2 · elite     35.1 · median    -52.2 · years  48.6 · road 0.32 · starved  1338 · nobles  -6.0 · read 104.3 · walls  5.6 · fell 76.1% (mother 29.3%) · prince  2.1% · king  0.2% · crowned  0.0% (median year 93) · 4.3s
try  3 · gen   25 · best    182.4 · elite     58.0 · median    -38.1 · years  46.9 · road 0.32 · starved  1222 · nobles  -5.1 · read 85.5 · walls  4.8 · fell 81.6% (mother 26.2%) · prince  5.9% · king  1.2% · crowned  0.2% (median year 74) · 4.3s
try  4 · gen   25 · best     82.6 · elite     27.7 · median    -44.7 · years  53.9 · road 0.37 · starved  1399 · nobles  -5.9 · read 95.8 · walls  6.7 · fell 69.9% (mother 25.5%) · prince  0.2% · king  0.0% · crowned  0.0% · 4.3s
try  5 · gen   25 · best    373.1 · elite     85.2 · median    -48.0 · years  47.7 · road 0.36 · starved  1438 · nobles  -4.5 · read 108.3 · walls  7.6 · fell 78.9% (mother 24.8%) · prince  5.2% · king  1.4% · crowned  0.8% (median year 82) · 4.3s
try  6 · gen   25 · best    271.5 · elite     31.9 · median    -60.9 · years  47.4 · road 0.32 · starved  1649 · nobles  -5.1 · read 78.5 · walls  5.4 · fell 80.1% (mother 25.3%) · prince  6.4% · king  0.1% · crowned  0.0% (median year 91) · 4.3s
try  7 · gen   25 · best    208.6 · elite     27.1 · median    -58.8 · years  50.6 · road 0.27 · starved  1254 · nobles  -4.7 · read 147.5 · walls  4.9 · fell 73.6% (mother 21.2%) · prince  1.5% · king  0.2% · crowned  0.1% (median year 93) · 4.3s
try  8 · gen   25 · best    105.5 · elite     35.4 · median    -48.4 · years  51.1 · road 0.32 · starved  1256 · nobles  -8.0 · read 84.9 · walls  6.1 · fell 73.1% (mother 23.5%) · prince  1.4% · king  0.1% · crowned  0.0% · 4.3s
try  1 · gen   26 · best    308.4 · elite    135.4 · median    -62.7 · years  37.9 · road 0.27 · starved  1356 · nobles  -1.6 · read 84.8 · walls  2.1 · fell 88.0% (mother 21.5%) · prince  6.9% · king  3.4% · crowned  2.2% (median year 79) · 4.3s
try  2 · gen   26 · best    111.7 · elite     42.4 · median    -51.3 · years  49.0 · road 0.32 · starved  1358 · nobles  -6.4 · read 102.3 · walls  5.7 · fell 75.4% (mother 28.8%) · prince  2.5% · king  0.2% · crowned  0.0% · 4.3s
try  3 · gen   26 · best    210.0 · elite     70.6 · median    -37.0 · years  45.5 · road 0.32 · starved  1203 · nobles  -4.9 · read 82.4 · walls  4.9 · fell 82.6% (mother 29.1%) · prince  5.9% · king  1.2% · crowned  0.2% (median year 69) · 4.3s
try  4 · gen   26 · best    106.0 · elite     26.6 · median    -41.7 · years  53.8 · road 0.37 · starved  1350 · nobles  -5.9 · read 93.8 · walls  6.6 · fell 70.2% (mother 26.1%) · prince  0.1% · king  0.0% · crowned  0.0% · 4.3s
try  5 · gen   26 · best    315.9 · elite     88.0 · median    -42.3 · years  50.3 · road 0.35 · starved  1473 · nobles  -4.6 · read 111.2 · walls  7.8 · fell 77.4% (mother 24.0%) · prince  6.2% · king  1.5% · crowned  0.8% (median year 87) · 4.3s
try  6 · gen   26 · best    151.8 · elite     39.0 · median    -57.9 · years  47.7 · road 0.32 · starved  1892 · nobles  -4.8 · read 75.7 · walls  5.7 · fell 80.3% (mother 26.1%) · prince  7.1% · king  0.2% · crowned  0.1% (median year 91) · 4.3s
try  7 · gen   26 · best    135.5 · elite     26.1 · median    -53.8 · years  50.4 · road 0.26 · starved  1210 · nobles  -4.7 · read 145.0 · walls  4.9 · fell 73.6% (mother 19.6%) · prince  1.7% · king  0.3% · crowned  0.1% (median year 89) · 4.3s
try  8 · gen   26 · best    139.3 · elite     43.6 · median    -43.4 · years  52.0 · road 0.32 · starved  1201 · nobles  -8.0 · read 85.5 · walls  5.9 · fell 70.9% (mother 19.9%) · prince  1.2% · king  0.1% · crowned  0.0% (median year 90) · 4.3s
try  1 · gen   27 · best    398.4 · elite    146.2 · median    -68.0 · years  36.6 · road 0.28 · starved  1467 · nobles  -1.5 · read 84.2 · walls  2.6 · fell 89.0% (mother 23.9%) · prince  6.8% · king  3.5% · crowned  2.3% (median year 75) · 4.3s
try  2 · gen   27 · best    262.6 · elite     59.1 · median    -44.7 · years  52.0 · road 0.33 · starved  1377 · nobles  -6.9 · read 106.5 · walls  6.0 · fell 72.5% (mother 28.6%) · prince  2.8% · king  0.2% · crowned  0.1% (median year 93) · 4.3s
try  3 · gen   27 · best    302.0 · elite     90.5 · median    -31.8 · years  45.4 · road 0.33 · starved  1170 · nobles  -4.5 · read 78.4 · walls  4.9 · fell 83.2% (mother 31.4%) · prince  7.0% · king  1.4% · crowned  0.6% (median year 72) · 4.3s
try  4 · gen   27 · best    123.3 · elite     42.9 · median    -36.0 · years  55.4 · road 0.38 · starved  1337 · nobles  -6.1 · read 94.8 · walls  6.8 · fell 68.2% (mother 27.6%) · prince  0.1% · king  0.0% · crowned  0.0% · 4.3s
try  5 · gen   27 · best    313.4 · elite     95.3 · median    -43.7 · years  48.8 · road 0.35 · starved  1452 · nobles  -4.4 · read 106.5 · walls  7.7 · fell 76.6% (mother 22.5%) · prince  6.2% · king  1.8% · crowned  0.9% (median year 83) · 4.3s
try  6 · gen   27 · best    155.6 · elite     45.0 · median    -53.1 · years  48.0 · road 0.33 · starved  1547 · nobles  -5.1 · read 72.6 · walls  6.1 · fell 80.9% (mother 29.1%) · prince  6.8% · king  0.1% · crowned  0.1% (median year 89) · 4.3s
try  7 · gen   27 · best    193.6 · elite     28.2 · median    -52.9 · years  51.4 · road 0.26 · starved  1250 · nobles  -4.7 · read 144.8 · walls  5.1 · fell 72.5% (mother 19.9%) · prince  1.2% · king  0.2% · crowned  0.1% (median year 73) · 4.3s
try  8 · gen   27 · best    113.3 · elite     38.2 · median    -43.7 · years  51.4 · road 0.32 · starved  1213 · nobles  -7.8 · read 86.8 · walls  5.9 · fell 71.6% (mother 20.8%) · prince  1.1% · king  0.2% · crowned  0.0% (median year 79) · 4.3s
try  1 · gen   28 · best    711.6 · elite    173.8 · median    -63.4 · years  36.2 · road 0.27 · starved  1462 · nobles  -1.4 · read 83.5 · walls  2.2 · fell 88.6% (mother 24.2%) · prince  7.1% · king  3.8% · crowned  2.7% (median year 72) · 4.4s
try  2 · gen   28 · best    254.2 · elite     74.2 · median    -37.7 · years  54.7 · road 0.34 · starved  1304 · nobles  -8.2 · read 105.6 · walls  6.3 · fell 69.4% (mother 29.2%) · prince  2.2% · king  0.3% · crowned  0.1% (median year 87) · 4.4s
try  3 · gen   28 · best    375.5 · elite    112.7 · median    -36.0 · years  43.6 · road 0.32 · starved  1216 · nobles  -3.4 · read 77.7 · walls  5.2 · fell 83.5% (mother 32.0%) · prince  7.3% · king  2.2% · crowned  1.0% (median year 71) · 4.4s
try  4 · gen   28 · best     89.2 · elite     43.0 · median    -35.0 · years  54.6 · road 0.38 · starved  1283 · nobles  -6.0 · read 91.1 · walls  6.9 · fell 66.1% (mother 26.8%) · prince  0.1% · king  0.0% · crowned  0.0% · 4.4s
try  5 · gen   28 · best    364.3 · elite    102.5 · median    -36.8 · years  50.3 · road 0.35 · starved  1413 · nobles  -5.0 · read 103.9 · walls  7.7 · fell 77.0% (mother 23.7%) · prince  6.4% · king  2.3% · crowned  1.0% (median year 83) · 4.4s
try  6 · gen   28 · best    141.6 · elite     43.4 · median    -51.0 · years  48.5 · road 0.33 · starved  1498 · nobles  -5.3 · read 71.3 · walls  6.2 · fell 78.8% (mother 25.7%) · prince  7.1% · king  0.1% · crowned  0.0% · 4.4s
try  7 · gen   28 · best    147.9 · elite     31.7 · median    -49.4 · years  52.6 · road 0.26 · starved  1160 · nobles  -4.9 · read 146.0 · walls  5.2 · fell 70.1% (mother 18.5%) · prince  0.6% · king  0.1% · crowned  0.0% (median year 93) · 4.4s
try  8 · gen   28 · best    183.3 · elite     44.2 · median    -42.4 · years  51.5 · road 0.32 · starved  1221 · nobles  -7.7 · read 83.8 · walls  5.6 · fell 73.4% (mother 22.2%) · prince  1.8% · king  0.3% · crowned  0.0% (median year 88) · 4.4s
try  1 · gen   29 · best    563.7 · elite    192.8 · median    -56.6 · years  36.7 · road 0.27 · starved  1420 · nobles  -0.7 · read 85.0 · walls  1.7 · fell 88.6% (mother 22.3%) · prince  7.8% · king  4.5% · crowned  3.2% (median year 72) · 4.3s
try  2 · gen   29 · best    138.6 · elite     56.9 · median    -32.9 · years  54.5 · road 0.35 · starved  1296 · nobles  -8.8 · read 105.2 · walls  6.4 · fell 69.2% (mother 28.5%) · prince  2.0% · king  0.3% · crowned  0.0% (median year 98) · 4.3s
try  3 · gen   29 · best    528.7 · elite    130.8 · median    -42.0 · years  39.1 · road 0.31 · starved  1183 · nobles  -1.8 · read 75.2 · walls  4.9 · fell 86.7% (mother 38.1%) · prince  7.1% · king  2.7% · crowned  1.5% (median year 70) · 4.3s
try  4 · gen   29 · best    104.7 · elite     43.2 · median    -34.4 · years  54.9 · road 0.38 · starved  1308 · nobles  -6.3 · read 91.3 · walls  7.2 · fell 67.4% (mother 27.0%) · prince  0.1% · king  0.0% · crowned  0.0% · 4.3s
try  5 · gen   29 · best    437.2 · elite    118.6 · median    -43.9 · years  48.5 · road 0.34 · starved  1443 · nobles  -3.7 · read 100.2 · walls  7.7 · fell 79.2% (mother 22.3%) · prince  7.9% · king  2.6% · crowned  1.4% (median year 89) · 4.3s
try  6 · gen   29 · best    132.9 · elite     49.6 · median    -51.5 · years  47.3 · road 0.33 · starved  1649 · nobles  -4.8 · read 66.7 · walls  6.3 · fell 79.9% (mother 24.7%) · prince  7.1% · king  0.1% · crowned  0.1% (median year 89) · 4.3s
try  7 · gen   29 · best     78.5 · elite     30.4 · median    -45.1 · years  53.5 · road 0.27 · starved  1204 · nobles  -5.7 · read 147.6 · walls  5.4 · fell 70.2% (mother 22.8%) · prince  0.4% · king  0.1% · crowned  0.0% · 4.3s
try  8 · gen   29 · best    145.1 · elite     61.2 · median    -29.5 · years  55.0 · road 0.34 · starved  1262 · nobles  -8.6 · read 82.8 · walls  6.3 · fell 71.4% (mother 23.1%) · prince  2.4% · king  0.4% · crowned  0.1% (median year 62) · 4.3s
try  1 · gen   30 · best    554.0 · elite    207.6 · median    -57.7 · years  35.3 · road 0.28 · starved  1317 · nobles  -1.0 · read 81.1 · walls  1.8 · fell 90.0% (mother 22.7%) · prince  8.6% · king  4.8% · crowned  3.2% (median year 69) · 4.3s
try  2 · gen   30 · best    170.3 · elite     64.1 · median    -29.0 · years  56.8 · road 0.35 · starved  1346 · nobles  -9.6 · read 110.1 · walls  6.6 · fell 66.3% (mother 26.5%) · prince  1.7% · king  0.1% · crowned  0.0% (median year 92) · 4.3s
try  3 · gen   30 · best    382.3 · elite    158.1 · median    -46.7 · years  35.8 · road 0.31 · starved  1235 · nobles  -0.6 · read 72.3 · walls  4.8 · fell 87.7% (mother 44.0%) · prince  7.4% · king  3.5% · crowned  2.3% (median year 68) · 4.3s
try  4 · gen   30 · best    126.4 · elite     48.9 · median    -31.7 · years  54.9 · road 0.38 · starved  1226 · nobles  -6.3 · read 91.3 · walls  7.2 · fell 65.8% (mother 28.3%) · prince  0.2% · king  0.0% · crowned  0.0% · 4.3s
try  5 · gen   30 · best    381.4 · elite    114.8 · median    -45.9 · years  48.2 · road 0.33 · starved  1527 · nobles  -2.5 · read 98.4 · walls  7.7 · fell 79.1% (mother 24.9%) · prince  8.6% · king  2.8% · crowned  1.4% (median year 84) · 4.3s
try  6 · gen   30 · best    190.9 · elite     57.3 · median    -47.3 · years  49.3 · road 0.34 · starved  1680 · nobles  -5.3 · read 69.3 · walls  6.6 · fell 77.7% (mother 24.6%) · prince  7.1% · king  0.2% · crowned  0.1% (median year 81) · 4.3s
try  7 · gen   30 · best     83.5 · elite     37.5 · median    -43.6 · years  54.0 · road 0.27 · starved  1108 · nobles  -6.3 · read 149.5 · walls  5.5 · fell 69.3% (mother 23.3%) · prince  0.5% · king  0.1% · crowned  0.0% (median year 94) · 4.3s
try  8 · gen   30 · best    314.2 · elite     64.1 · median    -27.8 · years  53.6 · road 0.35 · starved  1272 · nobles  -8.2 · read 80.3 · walls  6.4 · fell 72.2% (mother 22.4%) · prince  3.2% · king  0.4% · crowned  0.1% (median year 75) · 4.3s
try  1 · gen   31 · best    482.4 · elite    189.8 · median    -52.6 · years  35.0 · road 0.29 · starved  1156 · nobles  -1.1 · read 82.1 · walls  1.7 · fell 89.5% (mother 22.5%) · prince  8.1% · king  4.4% · crowned  3.0% (median year 68) · 4.2s
try  2 · gen   31 · best    326.4 · elite     74.5 · median    -30.0 · years  56.1 · road 0.35 · starved  1312 · nobles  -9.2 · read 109.4 · walls  6.5 · fell 68.4% (mother 26.9%) · prince  1.9% · king  0.4% · crowned  0.2% (median year 89) · 4.2s
try  3 · gen   31 · best    533.3 · elite    187.6 · median    -47.4 · years  32.3 · road 0.30 · starved  1260 · nobles  +0.5 · read 70.7 · walls  4.5 · fell 90.6% (mother 50.9%) · prince  7.8% · king  4.5% · crowned  3.2% (median year 67) · 4.2s
try  4 · gen   31 · best    111.2 · elite     53.7 · median    -28.7 · years  55.0 · road 0.39 · starved  1255 · nobles  -6.8 · read 91.2 · walls  7.3 · fell 67.8% (mother 29.6%) · prince  0.2% · king  0.0% · crowned  0.0% · 4.2s
try  5 · gen   31 · best    292.8 · elite    121.9 · median    -48.1 · years  46.7 · road 0.33 · starved  1462 · nobles  -2.2 · read 92.5 · walls  7.8 · fell 78.8% (mother 25.3%) · prince  8.1% · king  3.2% · crowned  1.6% (median year 83) · 4.2s
try  6 · gen   31 · best    186.1 · elite     47.3 · median    -44.1 · years  49.5 · road 0.33 · starved  1414 · nobles  -4.8 · read 73.1 · walls  6.6 · fell 76.3% (mother 23.9%) · prince  6.1% · king  0.1% · crowned  0.0% (median year 87) · 4.2s
try  7 · gen   31 · best    100.7 · elite     34.9 · median    -40.8 · years  53.8 · road 0.27 · starved  1099 · nobles  -6.6 · read 147.6 · walls  5.5 · fell 69.2% (mother 22.4%) · prince  0.4% · king  0.0% · crowned  0.0% (median year 93) · 4.2s
try  8 · gen   31 · best    279.7 · elite     77.1 · median    -22.4 · years  55.7 · road 0.36 · starved  1233 · nobles  -9.3 · read 73.9 · walls  6.7 · fell 69.5% (mother 25.3%) · prince  2.7% · king  0.5% · crowned  0.2% (median year 58) · 4.2s
try  1 · gen   32 · best    574.9 · elite    183.4 · median    -46.9 · years  34.7 · road 0.29 · starved  1161 · nobles  -0.9 · read 80.2 · walls  1.6 · fell 90.1% (mother 26.1%) · prince  8.4% · king  4.7% · crowned  3.2% (median year 71) · 4.2s
try  2 · gen   32 · best    239.0 · elite     73.0 · median    -30.3 · years  54.4 · road 0.35 · starved  1238 · nobles  -8.5 · read 104.9 · walls  6.3 · fell 70.4% (mother 25.1%) · prince  2.6% · king  0.4% · crowned  0.1% (median year 86) · 4.2s
try  3 · gen   32 · best    923.2 · elite    185.4 · median    -58.3 · years  31.6 · road 0.30 · starved  1333 · nobles  +0.6 · read 66.9 · walls  3.8 · fell 91.1% (mother 51.3%) · prince  7.9% · king  4.5% · crowned  2.9% (median year 71) · 4.2s
try  4 · gen   32 · best    166.8 · elite     58.3 · median    -22.5 · years  55.2 · road 0.39 · starved  1215 · nobles  -7.1 · read 91.6 · walls  7.1 · fell 68.5% (mother 29.8%) · prince  0.3% · king  0.0% · crowned  0.0% (median year 81) · 4.2s
try  5 · gen   32 · best    713.3 · elite    179.2 · median    -41.9 · years  46.6 · road 0.34 · starved  1465 · nobles  -1.6 · read 89.1 · walls  7.8 · fell 79.9% (mother 26.3%) · prince 10.1% · king  4.4% · crowned  2.8% (median year 84) · 4.2s
try  6 · gen   32 · best    230.1 · elite     53.2 · median    -43.3 · years  50.2 · road 0.33 · starved  1399 · nobles  -4.4 · read 72.3 · walls  6.7 · fell 76.3% (mother 25.2%) · prince  5.0% · king  0.1% · crowned  0.1% (median year 91) · 4.2s
try  7 · gen   32 · best    126.3 · elite     45.7 · median    -36.4 · years  56.4 · road 0.29 · starved  1044 · nobles  -7.0 · read 152.1 · walls  5.8 · fell 64.8% (mother 20.0%) · prince  0.3% · king  0.0% · crowned  0.0% (median year 91) · 4.2s
try  8 · gen   32 · best    126.4 · elite     71.2 · median    -15.9 · years  57.1 · road 0.37 · starved  1232 · nobles -10.1 · read 71.5 · walls  6.9 · fell 67.6% (mother 28.1%) · prince  2.2% · king  0.5% · crowned  0.1% (median year 73) · 4.2s
try  1 · gen   33 · best    522.0 · elite    212.4 · median    -51.8 · years  33.9 · road 0.29 · starved  1194 · nobles  -0.8 · read 76.3 · walls  1.6 · fell 90.1% (mother 25.0%) · prince  8.6% · king  4.9% · crowned  3.4% (median year 67) · 4.3s
try  2 · gen   33 · best    174.6 · elite     70.0 · median    -25.7 · years  54.3 · road 0.35 · starved  1214 · nobles  -8.6 · read 104.6 · walls  6.3 · fell 69.8% (mother 24.3%) · prince  2.5% · king  0.5% · crowned  0.3% (median year 86) · 4.3s
try  3 · gen   33 · best    540.0 · elite    227.5 · median    -48.2 · years  33.5 · road 0.31 · starved  1412 · nobles  +0.8 · read 68.4 · walls  3.7 · fell 90.2% (mother 44.0%) · prince  9.1% · king  5.9% · crowned  4.0% (median year 68) · 4.3s
try  4 · gen   33 · best    133.4 · elite     64.2 · median    -21.3 · years  54.8 · road 0.39 · starved  1134 · nobles  -7.3 · read 90.3 · walls  7.1 · fell 66.8% (mother 27.3%) · prince  0.4% · king  0.0% · crowned  0.0% · 4.3s
try  5 · gen   33 · best    439.2 · elite    189.0 · median    -42.4 · years  45.1 · road 0.34 · starved  1468 · nobles  -1.0 · read 78.4 · walls  7.9 · fell 81.7% (mother 26.5%) · prince 10.5% · king  5.4% · crowned  3.1% (median year 81) · 4.3s
try  6 · gen   33 · best    232.1 · elite     52.6 · median    -45.3 · years  47.6 · road 0.33 · starved  1407 · nobles  -3.9 · read 68.2 · walls  6.7 · fell 79.8% (mother 25.0%) · prince  5.6% · king  0.2% · crowned  0.1% (median year 85) · 4.3s
try  7 · gen   33 · best    125.7 · elite     48.2 · median    -33.4 · years  56.4 · road 0.29 · starved   973 · nobles  -7.6 · read 148.9 · walls  5.9 · fell 63.6% (mother 21.8%) · prince  0.1% · king  0.0% · crowned  0.0% · 4.3s
try  8 · gen   33 · best    131.3 · elite     77.0 · median    -12.6 · years  60.1 · road 0.38 · starved  1224 · nobles -11.0 · read 75.9 · walls  7.1 · fell 62.3% (mother 26.7%) · prince  1.7% · king  0.2% · crowned  0.0% (median year 62) · 4.3s
try  1 · gen   34 · best    737.6 · elite    211.4 · median    -49.2 · years  33.8 · road 0.29 · starved  1109 · nobles  -0.8 · read 75.6 · walls  1.7 · fell 90.6% (mother 25.9%) · prince  8.1% · king  5.0% · crowned  3.4% (median year 68) · 4.2s
try  2 · gen   34 · best    259.3 · elite     75.8 · median    -27.5 · years  52.6 · road 0.36 · starved  1249 · nobles  -7.8 · read 97.9 · walls  6.5 · fell 73.2% (mother 26.2%) · prince  4.3% · king  0.8% · crowned  0.3% (median year 83) · 4.2s
try  3 · gen   34 · best    609.1 · elite    221.7 · median    -42.8 · years  33.1 · road 0.31 · starved  1241 · nobles  +1.1 · read 68.4 · walls  3.5 · fell 89.7% (mother 40.9%) · prince  9.7% · king  6.0% · crowned  4.1% (median year 65) · 4.2s
try  4 · gen   34 · best    116.2 · elite     59.6 · median    -20.0 · years  56.2 · road 0.39 · starved  1192 · nobles  -7.5 · read 94.8 · walls  7.1 · fell 65.6% (mother 27.0%) · prince  0.5% · king  0.0% · crowned  0.0% (median year 93) · 4.2s
try  5 · gen   34 · best    498.5 · elite    227.8 · median    -39.5 · years  44.6 · road 0.34 · starved  1480 · nobles  -0.6 · read 71.7 · walls  7.8 · fell 81.2% (mother 28.0%) · prince 11.3% · king  6.3% · crowned  4.2% (median year 81) · 4.2s
try  6 · gen   34 · best    131.6 · elite     54.0 · median    -47.6 · years  47.4 · road 0.33 · starved  1340 · nobles  -3.6 · read 62.5 · walls  6.7 · fell 79.4% (mother 24.9%) · prince  5.1% · king  0.1% · crowned  0.0% (median year 89) · 4.2s
try  7 · gen   34 · best    122.4 · elite     56.2 · median    -29.7 · years  55.7 · road 0.30 · starved   912 · nobles  -8.0 · read 143.5 · walls  6.1 · fell 63.8% (mother 22.6%) · prince  0.0% · king  0.0% · crowned  0.0% · 4.2s
try  8 · gen   34 · best    152.0 · elite     81.2 · median     -6.8 · years  61.6 · road 0.39 · starved  1192 · nobles -11.3 · read 78.6 · walls  7.2 · fell 59.1% (mother 26.2%) · prince  1.1% · king  0.2% · crowned  0.0% · 4.2s
try  1 · gen   35 · best    739.4 · elite    194.7 · median    -45.6 · years  34.1 · road 0.29 · starved  1123 · nobles  -1.0 · read 74.4 · walls  2.1 · fell 90.1% (mother 29.0%) · prince  7.5% · king  4.1% · crowned  3.0% (median year 67) · 4.2s
try  2 · gen   35 · best    354.1 · elite     89.7 · median    -24.0 · years  52.6 · road 0.36 · starved  1268 · nobles  -7.7 · read 93.6 · walls  6.6 · fell 74.5% (mother 27.9%) · prince  4.9% · king  1.0% · crowned  0.4% (median year 81) · 4.2s
try  3 · gen   35 · best    540.7 · elite    240.4 · median    -35.0 · years  34.9 · road 0.32 · starved  1245 · nobles  +1.4 · read 72.2 · walls  3.8 · fell 89.0% (mother 37.3%) · prince 10.3% · king  6.3% · crowned  4.2% (median year 65) · 4.2s
try  4 · gen   35 · best    145.3 · elite     58.5 · median    -22.8 · years  55.5 · road 0.39 · starved  1282 · nobles  -7.3 · read 95.8 · walls  7.0 · fell 65.2% (mother 28.1%) · prince  0.8% · king  0.0% · crowned  0.0% · 4.2s
try  5 · gen   35 · best    552.9 · elite    207.6 · median    -43.9 · years  42.9 · road 0.34 · starved  1454 · nobles  -0.5 · read 69.8 · walls  7.6 · fell 81.7% (mother 28.7%) · prince 10.9% · king  5.6% · crowned  3.6% (median year 80) · 4.2s
try  6 · gen   35 · best    161.6 · elite     49.8 · median    -41.5 · years  48.1 · road 0.33 · starved  1653 · nobles  -4.0 · read 63.4 · walls  6.4 · fell 80.3% (mother 25.6%) · prince  5.3% · king  0.1% · crowned  0.0% (median year 86) · 4.2s
try  7 · gen   35 · best    160.4 · elite     69.5 · median    -20.3 · years  59.7 · road 0.31 · starved   911 · nobles  -9.0 · read 147.3 · walls  6.4 · fell 60.2% (mother 21.6%) · prince  0.1% · king  0.0% · crowned  0.0% · 4.2s
try  8 · gen   35 · best    129.2 · elite     81.7 · median     -2.2 · years  63.0 · road 0.39 · starved  1071 · nobles -11.9 · read 82.0 · walls  7.2 · fell 56.6% (mother 26.1%) · prince  0.3% · king  0.1% · crowned  0.0% · 4.2s
try  1 · gen   36 · best    628.5 · elite    214.7 · median    -50.7 · years  34.2 · road 0.30 · starved  1073 · nobles  -0.9 · read 73.2 · walls  2.3 · fell 90.4% (mother 31.4%) · prince  7.6% · king  4.4% · crowned  3.1% (median year 67) · 4.2s
try  2 · gen   36 · best    315.5 · elite     95.6 · median    -18.4 · years  53.3 · road 0.36 · starved  1205 · nobles  -7.7 · read 95.1 · walls  6.7 · fell 73.6% (mother 27.5%) · prince  5.2% · king  1.0% · crowned  0.4% (median year 76) · 4.2s
try  3 · gen   36 · best    541.6 · elite    230.1 · median    -39.5 · years  34.1 · road 0.32 · starved  1316 · nobles  +1.4 · read 68.0 · walls  3.8 · fell 88.8% (mother 37.9%) · prince 10.4% · king  6.0% · crowned  4.0% (median year 64) · 4.2s
try  4 · gen   36 · best    191.5 · elite     65.5 · median    -21.4 · years  57.7 · road 0.39 · starved  1265 · nobles  -7.9 · read 98.7 · walls  7.2 · fell 65.2% (mother 25.4%) · prince  1.0% · king  0.1% · crowned  0.0% (median year 78) · 4.2s
try  5 · gen   36 · best    605.1 · elite    221.8 · median    -41.6 · years  43.7 · road 0.35 · starved  1525 · nobles  -0.4 · read 66.0 · walls  7.6 · fell 81.7% (mother 26.5%) · prince 12.0% · king  6.6% · crowned  4.3% (median year 81) · 4.2s
try  6 · gen   36 · best    291.3 · elite     61.7 · median    -33.9 · years  48.8 · road 0.33 · starved  1336 · nobles  -4.1 · read 63.2 · walls  6.4 · fell 79.3% (mother 26.2%) · prince  5.2% · king  0.2% · crowned  0.1% (median year 69) · 4.2s
try  7 · gen   36 · best    130.3 · elite     68.4 · median    -14.9 · years  60.4 · road 0.33 · starved   906 · nobles  -9.3 · read 142.4 · walls  6.4 · fell 59.8% (mother 21.6%) · prince  0.1% · king  0.0% · crowned  0.0% · 4.2s
try  8 · gen   36 · best    159.4 · elite     83.6 · median     -3.3 · years  65.7 · road 0.39 · starved  1090 · nobles -12.5 · read 89.6 · walls  7.1 · fell 53.4% (mother 23.5%) · prince  0.2% · king  0.0% · crowned  0.0% · 4.2s
try  1 · gen   37 · best    565.5 · elite    189.6 · median    -49.3 · years  34.8 · road 0.30 · starved  1379 · nobles  -1.4 · read 74.0 · walls  2.9 · fell 89.9% (mother 28.2%) · prince  7.6% · king  4.6% · crowned  3.2% (median year 72) · 4.2s
try  2 · gen   37 · best    381.1 · elite    108.4 · median    -18.2 · years  54.4 · road 0.36 · starved  1224 · nobles  -8.2 · read 96.7 · walls  6.6 · fell 72.8% (mother 30.2%) · prince  4.9% · king  1.3% · crowned  0.8% (median year 82) · 4.2s
try  3 · gen   37 · best    543.5 · elite    209.0 · median    -40.8 · years  33.3 · road 0.31 · starved  1270 · nobles  +1.8 · read 65.2 · walls  3.7 · fell 88.8% (mother 38.3%) · prince  9.0% · king  5.5% · crowned  4.0% (median year 65) · 4.2s
try  4 · gen   37 · best    219.6 · elite     70.9 · median    -15.5 · years  55.6 · road 0.39 · starved  1196 · nobles  -7.4 · read 95.1 · walls  7.2 · fell 66.3% (mother 25.0%) · prince  1.8% · king  0.2% · crowned  0.0% (median year 90) · 4.2s
try  5 · gen   37 · best    518.6 · elite    219.9 · median    -39.4 · years  42.3 · road 0.35 · starved  1479 · nobles  -0.6 · read 61.7 · walls  7.3 · fell 82.5% (mother 26.4%) · prince 11.8% · king  6.7% · crowned  4.2% (median year 81) · 4.2s
try  6 · gen   37 · best    208.3 · elite     59.9 · median    -35.9 · years  48.0 · road 0.33 · starved  1299 · nobles  -4.5 · read 62.8 · walls  6.2 · fell 79.4% (mother 24.0%) · prince  5.2% · king  0.3% · crowned  0.1% (median year 81) · 4.2s
try  7 · gen   37 · best    123.4 · elite     72.3 · median    -16.0 · years  59.6 · road 0.33 · starved   875 · nobles  -9.4 · read 138.6 · walls  6.5 · fell 60.8% (mother 21.4%) · prince  0.1% · king  0.0% · crowned  0.0% · 4.2s
try  8 · gen   37 · best    131.0 · elite     82.2 · median      1.1 · years  66.6 · road 0.39 · starved  1037 · nobles -12.8 · read 95.2 · walls  6.7 · fell 48.2% (mother 21.4%) · prince  0.0% · king  0.0% · crowned  0.0% · 4.2s
try  1 · gen   38 · best    431.8 · elite    192.2 · median    -43.3 · years  34.3 · road 0.31 · starved  1109 · nobles  -1.3 · read 70.8 · walls  3.6 · fell 89.4% (mother 32.4%) · prince  7.5% · king  4.4% · crowned  3.2% (median year 69) · 4.2s
try  2 · gen   38 · best    312.2 · elite    129.6 · median    -16.8 · years  55.7 · road 0.36 · starved  1264 · nobles  -7.6 · read 102.3 · walls  6.5 · fell 72.9% (mother 28.8%) · prince  6.1% · king  2.0% · crowned  1.0% (median year 76) · 4.2s
try  3 · gen   38 · best    517.9 · elite    230.7 · median    -40.4 · years  32.8 · road 0.31 · starved  1160 · nobles  +1.5 · read 66.5 · walls  4.0 · fell 89.1% (mother 39.8%) · prince  8.9% · king  5.5% · crowned  3.7% (median year 63) · 4.2s
try  4 · gen   38 · best    200.8 · elite     73.1 · median    -12.1 · years  56.5 · road 0.39 · starved  1196 · nobles  -7.8 · read 97.4 · walls  7.2 · fell 67.5% (mother 25.6%) · prince  2.2% · king  0.2% · crowned  0.1% (median year 91) · 4.2s
try  5 · gen   38 · best    499.1 · elite    240.0 · median    -38.5 · years  41.1 · road 0.35 · starved  1478 · nobles  -0.3 · read 58.0 · walls  7.0 · fell 82.1% (mother 25.1%) · prince 12.0% · king  7.4% · crowned  4.6% (median year 77) · 4.2s
try  6 · gen   38 · best    176.0 · elite     55.0 · median    -37.1 · years  47.0 · road 0.33 · starved  1671 · nobles  -3.9 · read 61.3 · walls  5.9 · fell 80.0% (mother 25.4%) · prince  5.0% · king  0.3% · crowned  0.1% (median year 87) · 4.2s
try  7 · gen   38 · best    139.3 · elite     66.6 · median    -13.2 · years  59.9 · road 0.34 · starved   870 · nobles  -9.9 · read 134.1 · walls  6.6 · fell 59.8% (mother 20.1%) · prince  0.1% · king  0.0% · crowned  0.0% · 4.2s
try  8 · gen   38 · best    141.4 · elite     85.7 · median      0.4 · years  66.7 · road 0.39 · starved  1036 · nobles -13.1 · read 96.2 · walls  6.7 · fell 50.1% (mother 22.9%) · prince  0.0% · king  0.0% · crowned  0.0% · 4.2s
try  1 · gen   39 · best    536.0 · elite    211.9 · median    -46.0 · years  34.4 · road 0.31 · starved  1175 · nobles  -1.1 · read 70.4 · walls  3.8 · fell 89.7% (mother 29.1%) · prince  8.0% · king  4.7% · crowned  3.5% (median year 69) · 4.2s
try  2 · gen   39 · best    459.6 · elite    125.3 · median    -19.9 · years  52.7 · road 0.35 · starved  1305 · nobles  -6.6 · read 93.8 · walls  6.4 · fell 73.3% (mother 27.1%) · prince  6.6% · king  2.5% · crowned  1.5% (median year 80) · 4.2s
try  3 · gen   39 · best    534.2 · elite    245.2 · median    -33.4 · years  33.4 · road 0.32 · starved  1183 · nobles  +1.8 · read 65.3 · walls  4.1 · fell 88.3% (mother 35.3%) · prince 10.1% · king  6.2% · crowned  4.2% (median year 62) · 4.2s
try  4 · gen   39 · best    221.3 · elite     83.4 · median    -16.8 · years  52.3 · road 0.38 · starved  1246 · nobles  -7.4 · read 87.8 · walls  7.0 · fell 71.7% (mother 24.1%) · prince  2.8% · king  0.3% · crowned  0.1% (median year 75) · 4.2s
try  5 · gen   39 · best    545.0 · elite    225.2 · median    -37.3 · years  41.1 · road 0.35 · starved  1451 · nobles  -0.2 · read 57.7 · walls  6.8 · fell 81.2% (mother 28.6%) · prince 12.2% · king  6.7% · crowned  4.4% (median year 77) · 4.2s
try  6 · gen   39 · best    323.9 · elite     65.4 · median    -37.4 · years  47.3 · road 0.33 · starved  1362 · nobles  -3.5 · read 62.3 · walls  5.9 · fell 81.0% (mother 27.3%) · prince  5.8% · king  0.3% · crowned  0.2% (median year 75) · 4.2s
try  7 · gen   39 · best    135.6 · elite     70.9 · median    -11.4 · years  60.2 · road 0.34 · starved   833 · nobles  -9.9 · read 132.8 · walls  6.3 · fell 58.6% (mother 19.5%) · prince  0.1% · king  0.0% · crowned  0.0% · 4.2s
try  8 · gen   39 · best    157.4 · elite     84.4 · median      0.6 · years  64.8 · road 0.39 · starved   935 · nobles -13.0 · read 91.8 · walls  6.4 · fell 51.0% (mother 21.8%) · prince  0.0% · king  0.0% · crowned  0.0% · 4.2s
try  1 · gen   40 · best    782.7 · elite    236.3 · median    -41.8 · years  34.6 · road 0.32 · starved  1108 · nobles  -0.9 · read 68.3 · walls  3.6 · fell 89.2% (mother 28.6%) · prince  8.4% · king  5.2% · crowned  4.0% (median year 67) · 4.2s
try  2 · gen   40 · best    369.7 · elite    124.2 · median    -34.3 · years  48.6 · road 0.34 · starved  1367 · nobles  -5.0 · read 80.1 · walls  6.8 · fell 78.8% (mother 30.9%) · prince  6.2% · king  2.2% · crowned  1.2% (median year 78) · 4.2s
try  3 · gen   40 · best    882.4 · elite    235.4 · median    -38.2 · years  32.9 · road 0.32 · starved  1161 · nobles  +2.2 · read 65.6 · walls  3.8 · fell 89.3% (mother 38.0%) · prince  8.9% · king  5.1% · crowned  3.8% (median year 63) · 4.2s
try  4 · gen   40 · best    171.7 · elite     86.7 · median     -9.1 · years  53.0 · road 0.39 · starved  1113 · nobles  -8.0 · read 84.7 · walls  7.0 · fell 72.8% (mother 22.7%) · prince  3.3% · king  0.1% · crowned  0.0% (median year 90) · 4.2s
try  5 · gen   40 · best    568.5 · elite    242.5 · median    -33.5 · years  40.7 · road 0.35 · starved  1421 · nobles  +0.0 · read 56.4 · walls  6.9 · fell 82.2% (mother 28.6%) · prince 12.2% · king  7.1% · crowned  4.9% (median year 75) · 4.2s
try  6 · gen   40 · best    230.3 · elite     72.6 · median    -33.8 · years  48.5 · road 0.34 · starved  1321 · nobles  -3.5 · read 60.4 · walls  6.3 · fell 79.1% (mother 25.9%) · prince  5.8% · king  0.4% · crowned  0.2% (median year 71) · 4.2s
try  7 · gen   40 · best    129.5 · elite     76.4 · median     -7.7 · years  60.1 · road 0.34 · starved   812 · nobles -10.3 · read 128.2 · walls  6.2 · fell 58.8% (mother 21.5%) · prince  0.0% · king  0.0% · crowned  0.0% · 4.2s
try  8 · gen   40 · best    203.6 · elite     85.9 · median      4.6 · years  64.7 · road 0.39 · starved   898 · nobles -12.6 · read 94.1 · walls  6.3 · fell 49.2% (mother 20.9%) · prince  0.0% · king  0.0% · crowned  0.0% · 4.2s
try  1 · gen   41 · best    498.9 · elite    209.0 · median    -43.6 · years  33.5 · road 0.31 · starved  1055 · nobles  -1.0 · read 63.5 · walls  2.8 · fell 88.9% (mother 25.5%) · prince  8.0% · king  4.9% · crowned  3.5% (median year 67) · 4.2s
try  2 · gen   41 · best    353.9 · elite    142.3 · median    -29.7 · years  49.9 · road 0.35 · starved  1438 · nobles  -5.4 · read 83.2 · walls  7.0 · fell 79.5% (mother 34.0%) · prince  6.7% · king  2.5% · crowned  1.7% (median year 79) · 4.2s
try  3 · gen   41 · best    580.6 · elite    243.2 · median    -37.2 · years  32.6 · road 0.32 · starved  1184 · nobles  +2.6 · read 63.7 · walls  3.7 · fell 89.8% (mother 36.6%) · prince  9.4% · king  5.7% · crowned  4.0% (median year 61) · 4.2s
try  4 · gen   41 · best    176.4 · elite     93.4 · median     -5.2 · years  51.7 · road 0.40 · starved  1086 · nobles  -8.1 · read 81.3 · walls  6.8 · fell 71.2% (mother 24.0%) · prince  3.2% · king  0.1% · crowned  0.0% · 4.2s
try  5 · gen   41 · best    680.3 · elite    250.1 · median    -29.0 · years  40.2 · road 0.36 · starved  1341 · nobles  -0.0 · read 54.5 · walls  6.7 · fell 82.9% (mother 29.8%) · prince 12.6% · king  7.7% · crowned  4.9% (median year 75) · 4.2s
try  6 · gen   41 · best    538.2 · elite     98.7 · median    -33.6 · years  47.3 · road 0.34 · starved  1387 · nobles  -3.4 · read 54.2 · walls  6.4 · fell 79.4% (mother 25.3%) · prince  7.1% · king  1.0% · crowned  0.6% (median year 76) · 4.2s
try  7 · gen   41 · best    130.4 · elite     85.3 · median     -0.5 · years  61.2 · road 0.35 · starved   749 · nobles -10.4 · read 131.0 · walls  6.3 · fell 56.8% (mother 22.0%) · prince  0.1% · king  0.0% · crowned  0.0% · 4.2s
try  8 · gen   41 · best    145.9 · elite     88.8 · median     10.0 · years  67.7 · road 0.39 · starved   927 · nobles -13.4 · read 96.0 · walls  6.5 · fell 46.8% (mother 22.0%) · prince  0.0% · king  0.0% · crowned  0.0% · 4.2s
try  1 · gen   42 · best    551.7 · elite    222.0 · median    -41.2 · years  33.9 · road 0.31 · starved  1049 · nobles  -1.3 · read 59.7 · walls  2.6 · fell 89.3% (mother 23.3%) · prince  9.1% · king  5.1% · crowned  3.7% (median year 65) · 4.2s
try  2 · gen   42 · best    367.3 · elite    156.2 · median    -25.8 · years  50.6 · road 0.35 · starved  1464 · nobles  -5.5 · read 85.9 · walls  6.9 · fell 77.7% (mother 32.1%) · prince  7.2% · king  3.4% · crowned  2.1% (median year 78) · 4.2s
try  3 · gen   42 · best    738.8 · elite    266.2 · median    -34.6 · years  32.8 · road 0.32 · starved  1269 · nobles  +3.0 · read 62.1 · walls  3.6 · fell 89.5% (mother 34.6%) · prince  9.2% · king  6.4% · crowned  4.4% (median year 58) · 4.2s
try  4 · gen   42 · best    192.2 · elite    100.8 · median      1.3 · years  53.1 · road 0.41 · starved  1077 · nobles  -8.8 · read 80.9 · walls  7.1 · fell 68.7% (mother 26.0%) · prince  3.0% · king  0.1% · crowned  0.0% (median year 62) · 4.2s
try  5 · gen   42 · best    516.3 · elite    243.5 · median    -25.3 · years  39.4 · road 0.36 · starved  1304 · nobles  -0.1 · read 51.9 · walls  6.7 · fell 83.2% (mother 31.0%) · prince 11.9% · king  7.0% · crowned  4.7% (median year 73) · 4.2s
try  6 · gen   42 · best    358.2 · elite    127.0 · median    -31.7 · years  45.8 · road 0.36 · starved  1449 · nobles  -3.4 · read 43.0 · walls  6.6 · fell 81.8% (mother 27.6%) · prince  7.8% · king  1.6% · crowned  1.0% (median year 71) · 4.2s
try  7 · gen   42 · best    151.9 · elite     86.1 · median      2.8 · years  62.3 · road 0.35 · starved   746 · nobles -10.9 · read 127.5 · walls  6.2 · fell 56.2% (mother 19.2%) · prince  0.0% · king  0.0% · crowned  0.0% · 4.2s
try  8 · gen   42 · best    162.2 · elite     89.3 · median      4.7 · years  66.0 · road 0.39 · starved   871 · nobles -13.0 · read 90.4 · walls  6.0 · fell 48.8% (mother 17.9%) · prince  0.0% · king  0.0% · crowned  0.0% · 4.2s
try  1 · gen   43 · best    549.8 · elite    233.9 · median    -41.4 · years  32.5 · road 0.31 · starved  1142 · nobles  -1.3 · read 55.1 · walls  2.3 · fell 89.9% (mother 22.4%) · prince  8.1% · king  5.0% · crowned  3.5% (median year 64) · 4.2s
try  2 · gen   43 · best    438.4 · elite    164.5 · median    -35.4 · years  47.9 · road 0.34 · starved  1597 · nobles  -3.7 · read 76.4 · walls  6.9 · fell 79.8% (mother 35.2%) · prince  8.2% · king  3.7% · crowned  2.3% (median year 79) · 4.2s
try  3 · gen   43 · best    560.1 · elite    261.0 · median    -34.2 · years  32.3 · road 0.32 · starved  1407 · nobles  +2.7 · read 59.8 · walls  3.5 · fell 88.4% (mother 35.3%) · prince  9.9% · king  6.4% · crowned  4.7% (median year 59) · 4.2s
try  4 · gen   43 · best    206.4 · elite    104.4 · median      7.5 · years  54.7 · road 0.42 · starved  1029 · nobles  -9.2 · read 81.7 · walls  7.3 · fell 65.8% (mother 26.0%) · prince  2.8% · king  0.1% · crowned  0.0% (median year 71) · 4.2s
try  5 · gen   43 · best    540.7 · elite    247.3 · median    -24.8 · years  39.4 · road 0.36 · starved  1425 · nobles  -0.4 · read 51.5 · walls  6.3 · fell 82.4% (mother 33.8%) · prince 12.5% · king  7.4% · crowned  5.3% (median year 73) · 4.2s
try  6 · gen   43 · best    572.0 · elite    144.2 · median    -29.3 · years  42.6 · road 0.37 · starved  2112 · nobles  -2.8 · read 33.3 · walls  6.5 · fell 83.6% (mother 27.6%) · prince  8.9% · king  2.5% · crowned  1.5% (median year 75) · 4.2s
try  7 · gen   43 · best    144.5 · elite     86.3 · median      0.1 · years  61.4 · road 0.35 · starved   695 · nobles -10.7 · read 123.6 · walls  6.2 · fell 56.0% (mother 18.6%) · prince  0.0% · king  0.0% · crowned  0.0% · 4.2s
try  8 · gen   43 · best    162.7 · elite     89.7 · median      4.2 · years  66.8 · road 0.39 · starved   936 · nobles -13.3 · read 88.1 · walls  6.0 · fell 46.6% (mother 18.2%) · prince  0.0% · king  0.0% · crowned  0.0% · 4.2s
try  1 · gen   44 · best    600.4 · elite    231.4 · median    -42.4 · years  32.3 · road 0.31 · starved   951 · nobles  -1.1 · read 52.1 · walls  1.9 · fell 89.8% (mother 22.2%) · prince  7.8% · king  4.7% · crowned  3.7% (median year 65) · 4.2s
try  2 · gen   44 · best    464.5 · elite    155.0 · median    -33.8 · years  47.2 · road 0.34 · starved  1581 · nobles  -3.3 · read 75.6 · walls  7.0 · fell 79.3% (mother 34.7%) · prince  8.2% · king  3.7% · crowned  2.3% (median year 79) · 4.2s
try  3 · gen   44 · best    611.7 · elite    257.3 · median    -33.5 · years  31.2 · road 0.32 · starved  1346 · nobles  +3.4 · read 56.4 · walls  3.5 · fell 89.7% (mother 36.4%) · prince  9.9% · king  6.6% · crowned  4.4% (median year 57) · 4.2s
try  4 · gen   44 · best    308.7 · elite    105.5 · median      6.8 · years  54.0 · road 0.42 · starved  1033 · nobles  -9.2 · read 78.4 · walls  7.2 · fell 66.5% (mother 25.6%) · prince  3.6% · king  0.1% · crowned  0.0% (median year 69) · 4.2s
try  5 · gen   44 · best    507.1 · elite    231.3 · median    -25.1 · years  37.7 · road 0.35 · starved  1433 · nobles  -0.0 · read 47.5 · walls  6.2 · fell 83.9% (mother 33.8%) · prince 12.4% · king  7.1% · crowned  4.9% (median year 72) · 4.2s
try  6 · gen   44 · best    428.2 · elite    215.1 · median    -26.8 · years  40.0 · road 0.38 · starved  2171 · nobles  -1.8 · read 25.0 · walls  6.0 · fell 85.0% (mother 28.7%) · prince 11.1% · king  4.2% · crowned  2.7% (median year 69) · 4.2s
try  7 · gen   44 · best    178.8 · elite     93.2 · median      3.8 · years  61.9 · road 0.36 · starved   720 · nobles -10.7 · read 125.9 · walls  6.3 · fell 54.0% (mother 18.9%) · prince  0.0% · king  0.0% · crowned  0.0% · 4.2s
try  8 · gen   44 · best    175.0 · elite     87.4 · median      5.9 · years  65.6 · road 0.39 · starved   898 · nobles -13.0 · read 90.1 · walls  6.0 · fell 47.8% (mother 18.2%) · prince  0.0% · king  0.0% · crowned  0.0% · 4.2s
try  1 · gen   45 · best    537.3 · elite    260.7 · median    -36.2 · years  32.5 · road 0.31 · starved   949 · nobles  -1.1 · read 51.9 · walls  1.9 · fell 88.5% (mother 22.5%) · prince  9.2% · king  5.9% · crowned  4.4% (median year 64) · 4.4s
try  2 · gen   45 · best    526.6 · elite    171.1 · median    -37.6 · years  45.4 · road 0.34 · starved  1550 · nobles  -2.2 · read 73.5 · walls  7.1 · fell 81.9% (mother 37.2%) · prince  9.4% · king  4.0% · crowned  2.6% (median year 78) · 4.4s
try  3 · gen   45 · best    610.6 · elite    267.6 · median    -35.8 · years  30.4 · road 0.32 · starved  1410 · nobles  +3.7 · read 51.2 · walls  3.4 · fell 89.0% (mother 36.3%) · prince  9.9% · king  6.4% · crowned  4.6% (median year 53) · 4.4s
try  4 · gen   45 · best    198.0 · elite    113.7 · median     10.4 · years  55.2 · road 0.43 · starved  1074 · nobles  -9.8 · read 76.3 · walls  7.3 · fell 65.8% (mother 27.2%) · prince  4.2% · king  0.1% · crowned  0.0% · 4.4s
try  5 · gen   45 · best    557.0 · elite    251.0 · median    -30.2 · years  37.7 · road 0.36 · starved  1317 · nobles  -0.4 · read 46.9 · walls  6.2 · fell 83.6% (mother 32.0%) · prince 11.8% · king  6.8% · crowned  4.8% (median year 72) · 4.4s
try  6 · gen   45 · best    544.8 · elite    262.2 · median    -13.9 · years  36.8 · road 0.39 · starved  1288 · nobles  -0.8 · read 19.9 · walls  5.5 · fell 84.8% (mother 27.9%) · prince 13.2% · king  6.3% · crowned  4.3% (median year 63) · 4.4s
try  7 · gen   45 · best    163.1 · elite     95.8 · median      2.8 · years  62.8 · road 0.37 · starved   756 · nobles -11.3 · read 127.4 · walls  6.5 · fell 54.0% (mother 19.3%) · prince  0.0% · king  0.0% · crowned  0.0% · 4.4s
try  8 · gen   45 · best    165.0 · elite     91.2 · median      6.9 · years  66.3 · road 0.39 · starved   904 · nobles -13.3 · read 90.9 · walls  6.1 · fell 46.8% (mother 17.0%) · prince  0.0% · king  0.0% · crowned  0.0% · 4.4s
try  1 · gen   46 · best    579.3 · elite    265.5 · median    -35.8 · years  32.4 · road 0.31 · starved   996 · nobles  -0.9 · read 49.2 · walls  1.8 · fell 89.9% (mother 24.0%) · prince  9.9% · king  5.9% · crowned  4.3% (median year 63) · 4.1s
try  2 · gen   46 · best    546.8 · elite    176.3 · median    -42.9 · years  44.6 · road 0.34 · starved  1623 · nobles  -1.6 · read 73.1 · walls  7.1 · fell 82.5% (mother 39.9%) · prince  9.6% · king  4.0% · crowned  2.5% (median year 76) · 4.1s
try  3 · gen   46 · best    667.0 · elite    262.1 · median    -36.0 · years  29.9 · road 0.32 · starved  1325 · nobles  +3.6 · read 49.2 · walls  3.1 · fell 89.5% (mother 39.5%) · prince  9.9% · king  6.4% · crowned  4.4% (median year 54) · 4.1s
try  4 · gen   46 · best    381.7 · elite    119.2 · median     15.8 · years  57.9 · road 0.45 · starved  1086 · nobles -10.8 · read 72.8 · walls  7.2 · fell 61.3% (mother 25.4%) · prince  4.7% · king  0.2% · crowned  0.1% (median year 71) · 4.1s
try  5 · gen   46 · best    591.8 · elite    243.9 · median    -22.5 · years  39.6 · road 0.36 · starved  1391 · nobles  -0.8 · read 48.8 · walls  6.9 · fell 83.7% (mother 34.4%) · prince 12.0% · king  6.6% · crowned  4.3% (median year 76) · 4.1s
try  6 · gen   46 · best    684.9 · elite    279.5 · median    -14.4 · years  35.2 · road 0.38 · starved  1167 · nobles  -0.8 · read 18.0 · walls  5.2 · fell 84.4% (mother 28.5%) · prince 13.1% · king  6.4% · crowned  4.8% (median year 60) · 4.1s
try  7 · gen   46 · best    169.0 · elite     95.5 · median      8.1 · years  63.8 · road 0.38 · starved   730 · nobles -11.7 · read 128.1 · walls  6.4 · fell 53.2% (mother 18.7%) · prince  0.0% · king  0.0% · crowned  0.0% · 4.1s
try  8 · gen   46 · best    163.0 · elite     94.4 · median      9.5 · years  66.1 · road 0.40 · starved   893 · nobles -13.4 · read 92.8 · walls  6.3 · fell 47.5% (mother 18.1%) · prince  0.0% · king  0.0% · crowned  0.0% · 4.1s
try  1 · gen   47 · best    587.8 · elite    260.1 · median    -32.5 · years  32.6 · road 0.31 · starved   957 · nobles  -0.9 · read 50.3 · walls  2.0 · fell 89.4% (mother 22.1%) · prince  9.5% · king  5.8% · crowned  4.1% (median year 61) · 4.1s
try  2 · gen   47 · best    502.2 · elite    191.2 · median    -41.4 · years  43.3 · road 0.34 · starved  1635 · nobles  -1.2 · read 73.6 · walls  7.0 · fell 82.3% (mother 40.0%) · prince 10.9% · king  5.1% · crowned  3.6% (median year 76) · 4.1s
try  3 · gen   47 · best    597.6 · elite    246.8 · median    -34.3 · years  30.4 · road 0.32 · starved  1349 · nobles  +3.9 · read 49.7 · walls  3.2 · fell 89.7% (mother 36.1%) · prince  9.6% · king  5.9% · crowned  4.1% (median year 54) · 4.1s
try  4 · gen   47 · best    235.0 · elite    118.3 · median     24.6 · years  59.8 · road 0.46 · starved  1088 · nobles -11.5 · read 72.8 · walls  7.2 · fell 60.2% (mother 25.0%) · prince  4.8% · king  0.2% · crowned  0.0% (median year 92) · 4.1s
try  5 · gen   47 · best    497.9 · elite    240.3 · median    -13.2 · years  40.8 · road 0.36 · starved  1303 · nobles  -0.2 · read 50.0 · walls  7.2 · fell 83.9% (mother 34.1%) · prince 12.6% · king  6.9% · crowned  4.8% (median year 75) · 4.1s
try  6 · gen   47 · best    626.4 · elite    307.1 · median     -9.7 · years  34.5 · road 0.38 · starved  1071 · nobles  -1.3 · read 17.5 · walls  4.7 · fell 84.8% (mother 27.0%) · prince 13.8% · king  7.3% · crowned  5.5% (median year 58) · 4.1s
try  7 · gen   47 · best    207.8 · elite    104.9 · median     13.4 · years  65.1 · road 0.39 · starved   704 · nobles -12.0 · read 127.4 · walls  6.6 · fell 53.0% (mother 18.0%) · prince  0.0% · king  0.0% · crowned  0.0% · 4.1s
try  8 · gen   47 · best    172.3 · elite     88.0 · median      5.8 · years  64.8 · road 0.39 · starved   864 · nobles -13.0 · read 88.3 · walls  6.1 · fell 48.4% (mother 16.9%) · prince  0.0% · king  0.0% · crowned  0.0% · 4.1s
try  1 · gen   48 · best    556.4 · elite    284.9 · median    -27.9 · years  32.4 · road 0.31 · starved   881 · nobles  -0.3 · read 49.3 · walls  1.7 · fell 88.8% (mother 19.5%) · prince 10.2% · king  6.1% · crowned  4.9% (median year 64) · 4.2s
try  2 · gen   48 · best    552.8 · elite    217.9 · median    -37.9 · years  41.8 · road 0.35 · starved  1621 · nobles  -1.1 · read 72.3 · walls  6.8 · fell 83.8% (mother 42.0%) · prince 12.3% · king  6.0% · crowned  4.2% (median year 74) · 4.2s
try  3 · gen   48 · best    673.8 · elite    252.4 · median    -29.7 · years  30.4 · road 0.32 · starved  1501 · nobles  +4.3 · read 49.3 · walls  3.1 · fell 89.7% (mother 35.3%) · prince 10.1% · king  5.9% · crowned  3.9% (median year 53) · 4.2s
try  4 · gen   48 · best    256.6 · elite    126.3 · median     21.3 · years  59.5 · road 0.46 · starved  1065 · nobles -11.1 · read 69.5 · walls  7.0 · fell 59.7% (mother 23.0%) · prince  4.8% · king  0.4% · crowned  0.1% (median year 69) · 4.2s
try  5 · gen   48 · best    546.4 · elite    253.1 · median    -12.4 · years  41.9 · road 0.37 · starved  1344 · nobles  -0.4 · read 52.5 · walls  7.5 · fell 83.7% (mother 35.6%) · prince 13.3% · king  7.8% · crowned  4.7% (median year 76) · 4.2s
try  6 · gen   48 · best    740.6 · elite    316.1 · median     -4.3 · years  34.8 · road 0.38 · starved  1093 · nobles  -1.6 · read 16.8 · walls  4.4 · fell 83.2% (mother 26.9%) · prince 14.7% · king  8.2% · crowned  6.0% (median year 59) · 4.2s
try  7 · gen   48 · best    179.7 · elite    103.8 · median     17.5 · years  65.1 · road 0.39 · starved   994 · nobles -12.1 · read 126.3 · walls  6.9 · fell 54.2% (mother 18.7%) · prince  0.0% · king  0.0% · crowned  0.0% · 4.2s
try  8 · gen   48 · best    171.1 · elite     91.4 · median      8.7 · years  65.4 · road 0.40 · starved   842 · nobles -13.0 · read 90.1 · walls  6.3 · fell 48.8% (mother 15.7%) · prince  0.1% · king  0.0% · crowned  0.0% · 4.2s
try  1 · gen   49 · best    708.3 · elite    261.4 · median    -30.7 · years  31.9 · road 0.31 · starved   948 · nobles  -0.8 · read 46.9 · walls  1.7 · fell 89.7% (mother 23.2%) · prince 10.0% · king  5.8% · crowned  4.4% (median year 62) · 4.1s
try  2 · gen   49 · best    553.0 · elite    243.1 · median    -36.3 · years  40.4 · road 0.35 · starved  1573 · nobles  -1.1 · read 68.5 · walls  6.8 · fell 83.8% (mother 41.9%) · prince 13.0% · king  6.2% · crowned  4.3% (median year 71) · 4.1s
try  3 · gen   49 · best   1160.9 · elite    279.4 · median    -28.2 · years  31.0 · road 0.33 · starved  1226 · nobles  +4.2 · read 49.4 · walls  3.5 · fell 89.7% (mother 36.1%) · prince  9.9% · king  6.1% · crowned  4.3% (median year 53) · 4.1s
try  4 · gen   49 · best    271.8 · elite    127.0 · median     24.4 · years  60.0 · road 0.46 · starved  1094 · nobles -11.4 · read 66.0 · walls  6.9 · fell 59.3% (mother 23.5%) · prince  5.8% · king  0.4% · crowned  0.1% (median year 59) · 4.1s
try  5 · gen   49 · best    533.9 · elite    267.2 · median     -5.2 · years  41.7 · road 0.37 · starved  1281 · nobles  -0.2 · read 53.6 · walls  7.7 · fell 82.8% (mother 34.4%) · prince 13.5% · king  7.9% · crowned  5.5% (median year 75) · 4.1s
try  6 · gen   49 · best    526.7 · elite    313.2 · median     -6.7 · years  34.8 · road 0.38 · starved  1106 · nobles  -1.7 · read 17.3 · walls  4.5 · fell 84.1% (mother 27.6%) · prince 14.3% · king  8.4% · crowned  6.0% (median year 58) · 4.1s
try  7 · gen   49 · best    172.6 · elite    105.6 · median     18.4 · years  64.0 · road 0.39 · starved   605 · nobles -11.8 · read 122.8 · walls  6.8 · fell 52.0% (mother 15.0%) · prince  0.0% · king  0.0% · crowned  0.0% · 4.1s
try  8 · gen   49 · best    153.0 · elite     92.7 · median     10.4 · years  65.8 · road 0.40 · starved   877 · nobles -13.1 · read 95.0 · walls  6.3 · fell 49.4% (mother 16.4%) · prince  0.0% · king  0.0% · crowned  0.0% · 4.1s
try  1 · gen   50 · best    738.3 · elite    283.0 · median    -30.0 · years  32.1 · road 0.32 · starved   858 · nobles  -0.8 · read 45.6 · walls  1.6 · fell 88.3% (mother 22.0%) · prince 10.4% · king  6.2% · crowned  4.9% (median year 62) · 4.1s
try  2 · gen   50 · best    579.8 · elite    250.5 · median    -27.7 · years  40.9 · road 0.36 · starved  1629 · nobles  -1.0 · read 68.7 · walls  6.7 · fell 83.6% (mother 42.6%) · prince 14.1% · king  6.9% · crowned  4.8% (median year 69) · 4.1s
try  3 · gen   50 · best    539.8 · elite    250.6 · median    -29.9 · years  30.0 · road 0.33 · starved  1261 · nobles  +4.4 · read 48.3 · walls  3.2 · fell 89.9% (mother 35.4%) · prince 10.2% · king  6.4% · crowned  4.4% (median year 53) · 4.1s
try  4 · gen   50 · best    228.5 · elite    124.7 · median     26.4 · years  58.4 · road 0.46 · starved  1021 · nobles -11.2 · read 60.4 · walls  6.6 · fell 61.0% (mother 21.4%) · prince  5.9% · king  0.3% · crowned  0.0% (median year 64) · 4.1s
try  5 · gen   50 · best    532.9 · elite    273.1 · median     -7.9 · years  41.6 · road 0.38 · starved  1261 · nobles  -0.6 · read 52.4 · walls  7.8 · fell 83.2% (mother 36.7%) · prince 14.3% · king  8.1% · crowned  5.1% (median year 73) · 4.1s
try  6 · gen   50 · best    833.9 · elite    313.9 · median     -9.4 · years  34.6 · road 0.38 · starved  1082 · nobles  -2.1 · read 17.4 · walls  4.5 · fell 84.5% (mother 26.9%) · prince 15.0% · king  8.4% · crowned  5.6% (median year 58) · 4.1s
try  7 · gen   50 · best    197.5 · elite    100.8 · median     21.0 · years  63.8 · road 0.39 · starved   683 · nobles -11.4 · read 125.3 · walls  7.0 · fell 51.8% (mother 15.4%) · prince  0.0% · king  0.0% · crowned  0.0% · 4.1s
try  8 · gen   50 · best    159.3 · elite     98.0 · median     13.1 · years  63.8 · road 0.41 · starved   872 · nobles -12.8 · read 89.1 · walls  6.4 · fell 53.1% (mother 16.8%) · prince  0.0% · king  0.0% · crowned  0.0% · 4.1s
try  1 · gen   51 · best    579.3 · elite    259.9 · median    -31.1 · years  32.5 · road 0.32 · starved   925 · nobles  -0.5 · read 46.7 · walls  1.8 · fell 89.2% (mother 24.2%) · prince 10.0% · king  6.1% · crowned  4.4% (median year 63) · 4.1s
try  2 · gen   51 · best    571.2 · elite    282.6 · median    -25.9 · years  40.0 · road 0.36 · starved  1511 · nobles  -0.8 · read 63.2 · walls  6.5 · fell 82.8% (mother 41.1%) · prince 14.8% · king  7.3% · crowned  5.2% (median year 64) · 4.1s
try  3 · gen   51 · best    694.2 · elite    318.6 · median    -29.5 · years  29.8 · road 0.33 · starved  1194 · nobles  +4.5 · read 47.2 · walls  3.0 · fell 89.7% (mother 36.5%) · prince 11.3% · king  7.1% · crowned  4.8% (median year 51) · 4.1s
try  4 · gen   51 · best    237.7 · elite    132.4 · median     26.5 · years  60.2 · road 0.47 · starved  1109 · nobles -11.6 · read 58.7 · walls  6.6 · fell 60.7% (mother 23.5%) · prince  6.3% · king  0.4% · crowned  0.1% (median year 79) · 4.1s
try  5 · gen   51 · best    871.9 · elite    303.1 · median     -3.5 · years  42.3 · road 0.38 · starved  1265 · nobles  -0.9 · read 52.8 · walls  7.8 · fell 83.0% (mother 35.0%) · prince 14.4% · king  8.7% · crowned  5.7% (median year 73) · 4.1s
try  6 · gen   51 · best    845.1 · elite    294.1 · median    -16.2 · years  33.6 · road 0.37 · starved  1151 · nobles  -1.9 · read 17.6 · walls  4.5 · fell 86.0% (mother 28.5%) · prince 13.9% · king  8.1% · crowned  5.3% (median year 59) · 4.1s
try  7 · gen   51 · best    185.3 · elite    110.2 · median     23.9 · years  65.2 · road 0.39 · starved   540 · nobles -11.8 · read 123.5 · walls  7.1 · fell 50.7% (mother 14.5%) · prince  0.0% · king  0.0% · crowned  0.0% · 4.1s
try  8 · gen   51 · best    173.9 · elite     98.9 · median     12.9 · years  63.9 · road 0.41 · starved   995 · nobles -12.7 · read 90.0 · walls  6.3 · fell 52.7% (mother 16.4%) · prince  0.1% · king  0.0% · crowned  0.0% · 4.1s
try  1 · gen   52 · best    813.2 · elite    270.7 · median    -31.3 · years  31.8 · road 0.31 · starved  1253 · nobles  -0.2 · read 45.6 · walls  1.5 · fell 88.6% (mother 22.6%) · prince  9.7% · king  6.1% · crowned  4.7% (median year 61) · 4.1s
try  2 · gen   52 · best    602.9 · elite    287.6 · median    -17.5 · years  39.1 · road 0.36 · starved  1438 · nobles  -0.8 · read 61.3 · walls  6.2 · fell 81.2% (mother 38.5%) · prince 16.1% · king  8.4% · crowned  6.0% (median year 61) · 4.1s
try  3 · gen   52 · best    799.0 · elite    280.3 · median    -30.8 · years  28.3 · road 0.32 · starved  1254 · nobles  +4.6 · read 44.6 · walls  2.7 · fell 90.4% (mother 39.0%) · prince 10.3% · king  6.4% · crowned  4.5% (median year 50) · 4.1s
try  4 · gen   52 · best    198.6 · elite    127.2 · median     25.4 · years  57.8 · road 0.46 · starved  1115 · nobles -11.0 · read 51.5 · walls  6.5 · fell 63.2% (mother 24.0%) · prince  8.3% · king  0.4% · crowned  0.0% (median year 98) · 4.1s
try  5 · gen   52 · best    594.8 · elite    310.1 · median     -0.2 · years  40.6 · road 0.38 · starved  1280 · nobles  +0.3 · read 50.9 · walls  7.7 · fell 82.9% (mother 35.4%) · prince 15.1% · king  9.1% · crowned  6.3% (median year 73) · 4.1s
try  6 · gen   52 · best    615.3 · elite    294.7 · median    -17.3 · years  34.3 · road 0.37 · starved  1141 · nobles  -1.6 · read 17.3 · walls  4.2 · fell 85.6% (mother 27.7%) · prince 14.8% · king  7.8% · crowned  5.4% (median year 61) · 4.1s
try  7 · gen   52 · best    172.5 · elite    110.9 · median     24.1 · years  66.3 · road 0.39 · starved   518 · nobles -12.1 · read 121.8 · walls  7.0 · fell 48.2% (mother 13.6%) · prince  0.0% · king  0.0% · crowned  0.0% · 4.1s
try  8 · gen   52 · best    148.7 · elite     98.2 · median     15.2 · years  62.6 · road 0.41 · starved   813 · nobles -12.5 · read 88.7 · walls  6.4 · fell 54.2% (mother 17.3%) · prince  0.1% · king  0.0% · crowned  0.0% · 4.1s
try  1 · gen   53 · best    625.7 · elite    282.3 · median    -34.8 · years  31.7 · road 0.31 · starved   961 · nobles  -0.3 · read 43.2 · walls  1.4 · fell 88.7% (mother 21.6%) · prince  9.9% · king  6.3% · crowned  4.8% (median year 61) · 4.1s
try  2 · gen   53 · best    887.0 · elite    317.2 · median    -12.4 · years  39.3 · road 0.37 · starved  1407 · nobles  -1.1 · read 59.8 · walls  6.1 · fell 80.7% (mother 38.8%) · prince 16.2% · king  9.0% · crowned  5.9% (median year 60) · 4.1s
try  3 · gen   53 · best    804.0 · elite    299.2 · median    -33.9 · years  27.7 · road 0.32 · starved  1237 · nobles  +4.9 · read 42.3 · walls  2.6 · fell 89.6% (mother 41.3%) · prince 10.8% · king  7.2% · crowned  4.8% (median year 48) · 4.1s
try  4 · gen   53 · best    274.5 · elite    134.3 · median     27.9 · years  59.2 · road 0.47 · starved  1174 · nobles -11.3 · read 53.0 · walls  6.8 · fell 63.0% (mother 25.6%) · prince  8.4% · king  0.5% · crowned  0.1% (median year 78) · 4.1s
try  5 · gen   53 · best    569.1 · elite    300.5 · median      0.4 · years  41.0 · road 0.38 · starved  1294 · nobles  +0.6 · read 50.1 · walls  7.7 · fell 82.5% (mother 35.5%) · prince 14.8% · king  8.9% · crowned  6.6% (median year 73) · 4.1s
try  6 · gen   53 · best    559.2 · elite    276.5 · median    -19.9 · years  34.4 · road 0.36 · starved  1168 · nobles  -1.8 · read 16.3 · walls  4.3 · fell 87.0% (mother 29.3%) · prince 13.5% · king  7.2% · crowned  5.0% (median year 62) · 4.1s
try  7 · gen   53 · best    171.5 · elite    109.3 · median     26.1 · years  65.2 · road 0.39 · starved   473 · nobles -11.9 · read 117.7 · walls  6.9 · fell 48.6% (mother 13.1%) · prince  0.0% · king  0.0% · crowned  0.0% · 4.1s
try  8 · gen   53 · best    181.7 · elite    102.6 · median     16.5 · years  64.2 · road 0.42 · starved   872 · nobles -12.8 · read 96.0 · walls  6.5 · fell 54.0% (mother 18.1%) · prince  0.2% · king  0.0% · crowned  0.0% · 4.1s
try  1 · gen   54 · best    792.3 · elite    286.8 · median    -33.3 · years  31.6 · road 0.31 · starved  1087 · nobles  +0.5 · read 42.0 · walls  1.3 · fell 88.8% (mother 22.9%) · prince 10.3% · king  6.3% · crowned  4.9% (median year 61) · 4.1s
try  2 · gen   54 · best    681.7 · elite    343.8 · median     -7.6 · years  38.6 · road 0.38 · starved  1431 · nobles  -1.3 · read 56.6 · walls  6.1 · fell 78.8% (mother 38.6%) · prince 17.0% · king  9.3% · crowned  6.3% (median year 56) · 4.1s
try  3 · gen   54 · best    841.8 · elite    273.9 · median    -34.9 · years  27.1 · road 0.32 · starved  1304 · nobles  +4.7 · read 41.1 · walls  2.6 · fell 89.7% (mother 44.3%) · prince 10.1% · king  6.4% · crowned  4.4% (median year 45) · 4.1s
try  4 · gen   54 · best    273.3 · elite    128.5 · median     27.9 · years  57.6 · road 0.46 · starved  1171 · nobles -11.1 · read 51.7 · walls  6.8 · fell 66.0% (mother 26.4%) · prince  8.1% · king  0.3% · crowned  0.1% (median year 77) · 4.1s
try  5 · gen   54 · best    695.6 · elite    293.7 · median     -4.1 · years  39.8 · road 0.38 · starved  1292 · nobles  +0.9 · read 48.8 · walls  7.5 · fell 83.0% (mother 36.5%) · prince 13.6% · king  8.4% · crowned  6.2% (median year 73) · 4.1s
try  6 · gen   54 · best    548.0 · elite    255.3 · median    -23.3 · years  34.8 · road 0.36 · starved  1088 · nobles  -1.9 · read 17.0 · walls  4.2 · fell 86.7% (mother 27.7%) · prince 12.6% · king  6.6% · crowned  4.4% (median year 63) · 4.1s
try  7 · gen   54 · best    171.0 · elite    111.1 · median     28.3 · years  65.3 · road 0.39 · starved   458 · nobles -11.9 · read 111.9 · walls  6.5 · fell 48.7% (mother 13.5%) · prince  0.0% · king  0.0% · crowned  0.0% · 4.1s
try  8 · gen   54 · best    163.3 · elite    106.1 · median     12.6 · years  63.1 · road 0.42 · starved   747 · nobles -12.5 · read 95.4 · walls  6.2 · fell 54.0% (mother 16.9%) · prince  0.1% · king  0.0% · crowned  0.0% · 4.1s
try  1 · gen   55 · best    607.4 · elite    333.4 · median    -28.9 · years  31.4 · road 0.32 · starved  1281 · nobles  +0.6 · read 40.2 · walls  1.4 · fell 88.2% (mother 23.7%) · prince 11.4% · king  7.8% · crowned  6.0% (median year 61) · 4.0s
try  2 · gen   55 · best    768.7 · elite    379.1 · median     -4.8 · years  35.9 · road 0.37 · starved  1265 · nobles  -1.2 · read 50.6 · walls  5.3 · fell 80.0% (mother 36.9%) · prince 17.1% · king 10.0% · crowned  6.8% (median year 54) · 4.0s
try  3 · gen   55 · best    716.8 · elite    324.4 · median    -37.5 · years  25.8 · road 0.32 · starved  1344 · nobles  +5.1 · read 37.8 · walls  2.3 · fell 89.4% (mother 46.0%) · prince 11.0% · king  7.6% · crowned  5.3% (median year 46) · 4.0s
try  4 · gen   55 · best    394.5 · elite    147.8 · median     30.3 · years  56.2 · road 0.46 · starved  1151 · nobles -10.7 · read 51.6 · walls  6.9 · fell 67.5% (mother 26.9%) · prince  9.0% · king  0.7% · crowned  0.2% (median year 69) · 4.0s
try  5 · gen   55 · best    616.8 · elite    326.8 · median    -10.3 · years  39.9 · road 0.38 · starved  1360 · nobles  +1.2 · read 48.7 · walls  7.4 · fell 83.8% (mother 37.0%) · prince 13.7% · king  8.6% · crowned  6.5% (median year 71) · 4.0s
try  6 · gen   55 · best    526.2 · elite    239.0 · median    -22.6 · years  34.1 · road 0.36 · starved  1395 · nobles  -2.0 · read 15.0 · walls  4.2 · fell 87.2% (mother 29.2%) · prince 13.1% · king  6.5% · crowned  4.0% (median year 63) · 4.0s
try  7 · gen   55 · best    171.7 · elite    112.2 · median     27.6 · years  64.9 · road 0.39 · starved   464 · nobles -11.8 · read 108.8 · walls  6.4 · fell 48.2% (mother 11.8%) · prince  0.0% · king  0.0% · crowned  0.0% · 4.0s
try  8 · gen   55 · best    164.9 · elite    108.4 · median     17.5 · years  64.0 · road 0.42 · starved   880 · nobles -12.9 · read 98.6 · walls  6.2 · fell 54.9% (mother 19.0%) · prince  0.1% · king  0.0% · crowned  0.0% · 4.0s
try  1 · gen   56 · best    675.8 · elite    323.5 · median    -28.1 · years  32.0 · road 0.33 · starved  1424 · nobles  +1.0 · read 40.1 · walls  1.6 · fell 88.6% (mother 22.5%) · prince 11.9% · king  8.0% · crowned  6.3% (median year 59) · 4.1s
try  2 · gen   56 · best    805.4 · elite    384.8 · median     -4.6 · years  34.4 · road 0.37 · starved  1257 · nobles  -0.7 · read 47.4 · walls  4.9 · fell 79.4% (mother 36.8%) · prince 17.2% · king 10.4% · crowned  7.2% (median year 51) · 4.1s
try  3 · gen   56 · best    833.3 · elite    316.7 · median    -37.2 · years  26.2 · road 0.32 · starved  1328 · nobles  +4.9 · read 38.3 · walls  2.4 · fell 89.3% (mother 45.5%) · prince 11.2% · king  7.6% · crowned  5.3% (median year 45) · 4.1s
try  4 · gen   56 · best    363.7 · elite    155.2 · median     27.6 · years  54.4 · road 0.45 · starved  1165 · nobles -10.3 · read 53.2 · walls  6.9 · fell 70.7% (mother 29.5%) · prince 10.4% · king  1.2% · crowned  0.5% (median year 66) · 4.1s
try  5 · gen   56 · best    652.1 · elite    306.7 · median     -3.5 · years  39.5 · road 0.38 · starved  1264 · nobles  +0.9 · read 46.3 · walls  7.2 · fell 83.7% (mother 38.2%) · prince 14.8% · king  9.1% · crowned  6.5% (median year 71) · 4.1s
try  6 · gen   56 · best    513.4 · elite    239.5 · median    -24.4 · years  34.7 · road 0.36 · starved  1155 · nobles  -2.5 · read 15.2 · walls  4.6 · fell 87.3% (mother 29.5%) · prince 13.6% · king  6.4% · crowned  4.1% (median year 66) · 4.1s
try  7 · gen   56 · best    170.4 · elite    107.3 · median     23.4 · years  63.8 · road 0.39 · starved   465 · nobles -12.0 · read 105.6 · walls  6.3 · fell 50.7% (mother 12.3%) · prince  0.0% · king  0.0% · crowned  0.0% · 4.1s
try  8 · gen   56 · best    210.7 · elite    113.3 · median     21.6 · years  64.9 · road 0.42 · starved   842 · nobles -13.0 · read 101.3 · walls  6.1 · fell 52.4% (mother 17.2%) · prince  0.1% · king  0.0% · crowned  0.0% · 4.1s
try  1 · gen   57 · best    646.4 · elite    321.8 · median    -23.6 · years  32.1 · road 0.33 · starved  1406 · nobles  +1.1 · read 40.1 · walls  1.9 · fell 88.8% (mother 24.6%) · prince 12.2% · king  8.4% · crowned  6.2% (median year 59) · 4.1s
try  2 · gen   57 · best    934.6 · elite    425.1 · median      1.6 · years  32.5 · road 0.36 · starved  1219 · nobles  -0.2 · read 44.3 · walls  4.1 · fell 79.3% (mother 35.5%) · prince 18.1% · king 11.6% · crowned  7.9% (median year 48) · 4.1s
try  3 · gen   57 · best    697.0 · elite    323.6 · median    -36.6 · years  25.9 · road 0.32 · starved  1283 · nobles  +5.6 · read 36.4 · walls  2.4 · fell 90.3% (mother 47.7%) · prince 11.2% · king  7.5% · crowned  4.9% (median year 45) · 4.1s
try  4 · gen   57 · best    410.4 · elite    163.9 · median     25.4 · years  52.0 · road 0.45 · starved  1194 · nobles  -9.4 · read 52.3 · walls  6.8 · fell 74.7% (mother 30.8%) · prince 11.2% · king  2.1% · crowned  0.6% (median year 70) · 4.1s
try  5 · gen   57 · best    844.3 · elite    318.4 · median     -4.4 · years  40.0 · road 0.38 · starved  1392 · nobles  +1.3 · read 46.3 · walls  7.1 · fell 83.6% (mother 39.7%) · prince 14.4% · king  9.1% · crowned  6.6% (median year 73) · 4.1s
try  6 · gen   57 · best    476.8 · elite    237.5 · median    -27.5 · years  34.2 · road 0.35 · starved  1122 · nobles  -2.4 · read 15.3 · walls  4.4 · fell 87.3% (mother 28.9%) · prince 12.8% · king  5.6% · crowned  3.7% (median year 64) · 4.1s
try  7 · gen   57 · best    184.5 · elite    115.5 · median     25.3 · years  63.9 · road 0.39 · starved   471 · nobles -12.1 · read 105.5 · walls  6.1 · fell 50.6% (mother 12.1%) · prince  0.0% · king  0.0% · crowned  0.0% · 4.1s
try  8 · gen   57 · best    178.7 · elite    107.9 · median     20.8 · years  64.1 · road 0.42 · starved   864 · nobles -13.0 · read 100.7 · walls  6.3 · fell 52.6% (mother 17.1%) · prince  0.1% · king  0.0% · crowned  0.0% · 4.1s
try  1 · gen   58 · best    610.5 · elite    300.7 · median    -26.5 · years  32.5 · road 0.34 · starved  2310 · nobles  +1.5 · read 40.6 · walls  2.2 · fell 89.0% (mother 24.5%) · prince 11.6% · king  7.3% · crowned  5.6% (median year 61) · 4.0s
try  2 · gen   58 · best    893.6 · elite    449.4 · median      0.9 · years  31.9 · road 0.36 · starved  1184 · nobles  +0.6 · read 42.2 · walls  3.7 · fell 78.0% (mother 32.4%) · prince 19.4% · king 11.5% · crowned  8.6% (median year 48) · 4.0s
try  3 · gen   58 · best    787.6 · elite    350.0 · median    -32.7 · years  26.1 · road 0.32 · starved  1260 · nobles  +6.1 · read 37.2 · walls  2.4 · fell 89.3% (mother 45.0%) · prince 11.6% · king  7.8% · crowned  5.6% (median year 44) · 4.0s
try  4 · gen   58 · best    429.6 · elite    190.4 · median     25.0 · years  47.3 · road 0.43 · starved  1178 · nobles  -8.3 · read 49.9 · walls  6.4 · fell 79.0% (mother 31.9%) · prince 13.4% · king  3.2% · crowned  1.0% (median year 58) · 4.0s
try  5 · gen   58 · best    548.4 · elite    291.4 · median     -3.4 · years  39.6 · road 0.38 · starved  1316 · nobles  +1.0 · read 47.3 · walls  7.1 · fell 83.3% (mother 38.9%) · prince 14.6% · king  8.7% · crowned  6.4% (median year 72) · 4.0s
try  6 · gen   58 · best    630.5 · elite    248.2 · median    -25.3 · years  34.5 · road 0.36 · starved  1277 · nobles  -2.3 · read 15.0 · walls  4.7 · fell 88.1% (mother 29.9%) · prince 12.9% · king  6.1% · crowned  3.8% (median year 63) · 4.0s
try  7 · gen   58 · best    174.3 · elite    113.1 · median     28.7 · years  63.4 · road 0.40 · starved   418 · nobles -11.9 · read 103.2 · walls  6.2 · fell 50.6% (mother 11.4%) · prince  0.0% · king  0.0% · crowned  0.0% · 4.0s
try  8 · gen   58 · best    197.6 · elite    115.2 · median     18.2 · years  63.2 · road 0.42 · starved   802 · nobles -12.8 · read 94.7 · walls  6.0 · fell 56.1% (mother 17.1%) · prince  0.2% · king  0.0% · crowned  0.0% · 4.0s
try  1 · gen   59 · best    626.4 · elite    275.3 · median    -29.4 · years  32.5 · road 0.34 · starved  1369 · nobles  +0.7 · read 40.6 · walls  2.5 · fell 89.0% (mother 26.5%) · prince 11.1% · king  7.2% · crowned  5.1% (median year 61) · 4.0s
try  2 · gen   59 · best    704.1 · elite    421.4 · median     -5.6 · years  30.3 · road 0.35 · starved  1263 · nobles  +1.4 · read 39.2 · walls  3.4 · fell 78.8% (mother 33.4%) · prince 18.2% · king 11.1% · crowned  8.3% (median year 46) · 4.0s
try  3 · gen   59 · best    830.6 · elite    341.5 · median    -26.9 · years  26.5 · road 0.33 · starved  1263 · nobles  +5.7 · read 36.0 · walls  2.5 · fell 88.3% (mother 45.2%) · prince 13.5% · king  8.5% · crowned  5.8% (median year 43) · 4.0s
try  4 · gen   59 · best    552.0 · elite    221.4 · median     16.3 · years  42.6 · road 0.42 · starved  1280 · nobles  -6.8 · read 45.3 · walls  5.9 · fell 82.9% (mother 36.0%) · prince 14.3% · king  4.1% · crowned  1.6% (median year 59) · 4.0s
try  5 · gen   59 · best    534.1 · elite    305.7 · median     -2.4 · years  41.2 · road 0.38 · starved  1537 · nobles  +0.7 · read 50.2 · walls  7.1 · fell 83.2% (mother 39.3%) · prince 15.6% · king  9.3% · crowned  6.7% (median year 72) · 4.0s
try  6 · gen   59 · best    601.4 · elite    269.2 · median    -28.5 · years  33.8 · road 0.36 · starved  1232 · nobles  -2.9 · read 14.6 · walls  4.8 · fell 87.8% (mother 32.5%) · prince 12.9% · king  6.3% · crowned  4.2% (median year 63) · 4.0s
try  7 · gen   59 · best    172.1 · elite    117.3 · median     28.4 · years  66.0 · road 0.41 · starved   466 · nobles -12.5 · read 107.8 · walls  6.4 · fell 48.4% (mother 12.6%) · prince  0.0% · king  0.0% · crowned  0.0% · 4.0s
try  8 · gen   59 · best    185.8 · elite    114.8 · median     21.3 · years  63.4 · road 0.42 · starved   881 · nobles -12.8 · read 95.5 · walls  6.0 · fell 55.2% (mother 15.6%) · prince  0.2% · king  0.0% · crowned  0.0% · 4.0s
try  1 · gen   60 · best    613.8 · elite    296.4 · median    -25.8 · years  33.4 · road 0.34 · starved  2052 · nobles  +0.2 · read 41.1 · walls  2.6 · fell 87.7% (mother 24.3%) · prince 11.6% · king  7.7% · crowned  5.5% (median year 60) · 4.0s
try  2 · gen   60 · best    871.0 · elite    408.6 · median     -6.2 · years  29.5 · road 0.34 · starved  1172 · nobles  +1.4 · read 37.4 · walls  3.2 · fell 80.1% (mother 34.9%) · prince 18.1% · king 10.7% · crowned  7.8% (median year 46) · 4.0s
try  3 · gen   60 · best    713.8 · elite    379.0 · median    -24.2 · years  26.4 · road 0.34 · starved  1297 · nobles  +4.6 · read 32.7 · walls  2.4 · fell 87.9% (mother 47.8%) · prince 14.9% · king  9.2% · crowned  6.3% (median year 42) · 4.0s
try  4 · gen   60 · best    578.0 · elite    221.6 · median      6.5 · years  39.2 · road 0.40 · starved  1279 · nobles  -5.9 · read 44.1 · walls  5.3 · fell 87.3% (mother 39.2%) · prince 15.5% · king  4.9% · crowned  1.6% (median year 63) · 4.0s
try  5 · gen   60 · best    649.0 · elite    306.6 · median     -8.9 · years  40.8 · road 0.38 · starved  1531 · nobles  +1.3 · read 47.4 · walls  7.3 · fell 84.2% (mother 37.6%) · prince 15.2% · king  8.8% · crowned  6.5% (median year 70) · 4.0s
try  6 · gen   60 · best    518.6 · elite    228.6 · median    -26.3 · years  34.0 · road 0.37 · starved  2549 · nobles  -2.5 · read 13.3 · walls  4.6 · fell 88.5% (mother 31.4%) · prince 12.8% · king  6.2% · crowned  3.8% (median year 61) · 4.0s
try  7 · gen   60 · best    215.1 · elite    117.2 · median     31.2 · years  66.1 · road 0.41 · starved   465 · nobles -12.8 · read 105.1 · walls  6.6 · fell 50.4% (mother 13.5%) · prince  0.0% · king  0.0% · crowned  0.0% · 4.0s
try  8 · gen   60 · best    225.0 · elite    109.3 · median     23.3 · years  62.8 · road 0.42 · starved  1054 · nobles -12.5 · read 95.4 · walls  6.1 · fell 55.3% (mother 16.5%) · prince  0.3% · king  0.0% · crowned  0.0% · 4.0s
try  1 · gen   61 · best    626.6 · elite    296.8 · median    -24.1 · years  32.6 · road 0.34 · starved  1479 · nobles  +0.7 · read 39.6 · walls  2.9 · fell 88.2% (mother 23.6%) · prince 11.4% · king  7.7% · crowned  5.7% (median year 60) · 3.9s
try  2 · gen   61 · best    741.9 · elite    395.8 · median      2.5 · years  29.2 · road 0.34 · starved  1143 · nobles  +1.7 · read 36.8 · walls  3.0 · fell 78.6% (mother 33.6%) · prince 18.0% · king 10.9% · crowned  8.4% (median year 44) · 3.9s
try  3 · gen   61 · best    701.1 · elite    373.9 · median    -22.0 · years  25.6 · road 0.33 · starved  1237 · nobles  +5.0 · read 31.3 · walls  2.4 · fell 86.8% (mother 47.8%) · prince 14.3% · king  9.4% · crowned  6.7% (median year 41) · 3.9s
try  4 · gen   61 · best    515.4 · elite    246.4 · median     11.5 · years  38.9 · road 0.40 · starved  1336 · nobles  -5.5 · read 44.6 · walls  5.5 · fell 87.4% (mother 38.9%) · prince 15.0% · king  6.2% · crowned  2.5% (median year 62) · 3.9s
try  5 · gen   61 · best    548.2 · elite    316.8 · median     -7.7 · years  39.8 · road 0.38 · starved  1537 · nobles  +1.4 · read 47.2 · walls  7.1 · fell 84.4% (mother 37.6%) · prince 14.6% · king  8.8% · crowned  6.4% (median year 71) · 3.9s
try  6 · gen   61 · best    819.2 · elite    282.1 · median    -25.0 · years  33.5 · road 0.36 · starved  1133 · nobles  -2.4 · read 11.9 · walls  4.2 · fell 87.2% (mother 30.1%) · prince 12.8% · king  6.8% · crowned  4.5% (median year 61) · 3.9s
try  7 · gen   61 · best    162.1 · elite    114.9 · median     31.1 · years  64.9 · road 0.41 · starved   468 · nobles -12.7 · read 104.5 · walls  6.6 · fell 50.4% (mother 13.8%) · prince  0.0% · king  0.0% · crowned  0.0% · 3.9s
try  8 · gen   61 · best    176.8 · elite    110.7 · median     23.7 · years  64.5 · road 0.43 · starved   809 · nobles -13.0 · read 100.4 · walls  6.1 · fell 56.2% (mother 17.3%) · prince  0.2% · king  0.0% · crowned  0.0% · 3.9s
try  1 · gen   62 · best    579.8 · elite    269.1 · median    -22.4 · years  32.9 · road 0.34 · starved  2092 · nobles  +1.2 · read 40.3 · walls  2.9 · fell 88.8% (mother 26.1%) · prince 11.1% · king  7.0% · crowned  5.3% (median year 62) · 4.0s
try  2 · gen   62 · best    902.9 · elite    428.5 · median      8.0 · years  29.4 · road 0.34 · starved  1157 · nobles  +1.7 · read 36.1 · walls  2.6 · fell 80.3% (mother 35.8%) · prince 18.6% · king 11.5% · crowned  8.4% (median year 45) · 4.0s
try  3 · gen   62 · best    736.7 · elite    351.0 · median    -24.4 · years  25.9 · road 0.33 · starved  1308 · nobles  +5.1 · read 30.9 · walls  2.3 · fell 87.8% (mother 48.6%) · prince 14.3% · king  8.9% · crowned  6.3% (median year 42) · 4.0s
try  4 · gen   62 · best    463.9 · elite    261.7 · median      4.1 · years  38.7 · road 0.40 · starved  1389 · nobles  -5.5 · read 43.7 · walls  5.8 · fell 86.9% (mother 37.9%) · prince 14.0% · king  6.1% · crowned  2.6% (median year 59) · 4.0s
try  5 · gen   62 · best    602.8 · elite    327.0 · median     -4.2 · years  39.3 · road 0.38 · starved  1469 · nobles  +1.1 · read 47.0 · walls  6.8 · fell 83.8% (mother 36.6%) · prince 14.6% · king  9.2% · crowned  7.1% (median year 70) · 4.0s
try  6 · gen   62 · best    647.1 · elite    258.9 · median    -27.0 · years  33.1 · road 0.36 · starved  1953 · nobles  -2.5 · read 10.9 · walls  3.9 · fell 88.1% (mother 30.4%) · prince 12.9% · king  6.6% · crowned  4.2% (median year 60) · 4.0s
try  7 · gen   62 · best    195.5 · elite    113.2 · median     32.7 · years  65.0 · road 0.42 · starved   476 · nobles -12.4 · read 108.0 · walls  6.7 · fell 50.1% (mother 15.8%) · prince  0.0% · king  0.0% · crowned  0.0% · 4.0s
try  8 · gen   62 · best    174.6 · elite    114.5 · median     24.3 · years  62.8 · road 0.43 · starved   751 · nobles -12.8 · read 97.5 · walls  6.2 · fell 55.7% (mother 18.0%) · prince  0.2% · king  0.0% · crowned  0.0% · 4.0s
try  1 · gen   63 · best    636.3 · elite    286.6 · median    -22.0 · years  32.7 · road 0.34 · starved  1251 · nobles  +1.5 · read 39.8 · walls  2.8 · fell 89.4% (mother 24.5%) · prince 10.6% · king  7.2% · crowned  5.0% (median year 61) · 4.1s
try  2 · gen   63 · best    839.4 · elite    460.0 · median     11.6 · years  29.0 · road 0.34 · starved  1116 · nobles  +2.4 · read 35.3 · walls  2.3 · fell 79.4% (mother 34.1%) · prince 18.7% · king 11.9% · crowned  8.9% (median year 45) · 4.1s
try  3 · gen   63 · best    950.3 · elite    403.1 · median    -23.1 · years  25.5 · road 0.34 · starved  1265 · nobles  +5.3 · read 29.9 · walls  2.5 · fell 86.9% (mother 47.9%) · prince 14.9% · king  9.8% · crowned  6.8% (median year 41) · 4.1s
try  4 · gen   63 · best    526.5 · elite    261.6 · median     12.9 · years  39.8 · road 0.40 · starved  1402 · nobles  -5.7 · read 44.2 · walls  6.0 · fell 86.5% (mother 37.8%) · prince 15.1% · king  6.7% · crowned  2.9% (median year 62) · 4.1s
try  5 · gen   63 · best    645.7 · elite    352.7 · median     -8.3 · years  38.4 · road 0.38 · starved  1427 · nobles  +1.9 · read 46.7 · walls  6.6 · fell 83.8% (mother 36.4%) · prince 14.6% · king  9.1% · crowned  7.2% (median year 69) · 4.1s
try  6 · gen   63 · best    724.0 · elite    264.0 · median    -22.3 · years  32.8 · road 0.36 · starved  1102 · nobles  -2.2 · read 10.2 · walls  3.8 · fell 87.4% (mother 28.2%) · prince 12.8% · king  6.9% · crowned  4.6% (median year 60) · 4.1s
try  7 · gen   63 · best    178.9 · elite    116.1 · median     30.1 · years  63.8 · road 0.41 · starved   596 · nobles -12.1 · read 104.9 · walls  6.5 · fell 51.9% (mother 15.9%) · prince  0.0% · king  0.0% · crowned  0.0% · 4.1s
try  8 · gen   63 · best    194.2 · elite    116.8 · median     23.1 · years  63.3 · road 0.43 · starved   848 · nobles -12.8 · read 96.3 · walls  6.2 · fell 56.0% (mother 17.2%) · prince  0.3% · king  0.0% · crowned  0.0% · 4.1s
try  1 · gen   64 · best    650.0 · elite    291.8 · median    -20.3 · years  32.1 · road 0.34 · starved  1420 · nobles  +1.4 · read 38.8 · walls  2.8 · fell 89.2% (mother 25.1%) · prince 11.1% · king  7.4% · crowned  5.3% (median year 61) · 3.9s
try  2 · gen   64 · best    871.7 · elite    467.1 · median      4.7 · years  28.3 · road 0.34 · starved  1186 · nobles  +2.6 · read 34.7 · walls  1.9 · fell 80.6% (mother 34.4%) · prince 18.9% · king 12.1% · crowned  8.8% (median year 43) · 3.9s
try  3 · gen   64 · best    880.8 · elite    377.0 · median    -16.4 · years  25.2 · road 0.34 · starved  1248 · nobles  +5.5 · read 29.0 · walls  2.3 · fell 87.4% (mother 47.9%) · prince 14.4% · king  9.5% · crowned  7.0% (median year 41) · 3.9s
try  4 · gen   64 · best    701.7 · elite    284.6 · median     18.3 · years  41.8 · road 0.41 · starved  1400 · nobles  -5.7 · read 44.9 · walls  6.6 · fell 85.8% (mother 38.8%) · prince 15.9% · king  6.9% · crowned  3.2% (median year 66) · 3.9s
try  5 · gen   64 · best    725.9 · elite    319.2 · median     -8.5 · years  38.8 · road 0.38 · starved  1601 · nobles  +1.4 · read 47.3 · walls  6.6 · fell 83.6% (mother 33.0%) · prince 14.9% · king  9.5% · crowned  7.3% (median year 70) · 3.9s
try  6 · gen   64 · best    720.1 · elite    295.2 · median    -20.5 · years  32.8 · road 0.36 · starved  1165 · nobles  -2.1 · read 10.3 · walls  3.9 · fell 86.3% (mother 28.2%) · prince 13.1% · king  7.5% · crowned  5.1% (median year 60) · 3.9s
try  7 · gen   64 · best    182.8 · elite    115.0 · median     34.3 · years  65.5 · road 0.42 · starved   501 · nobles -12.6 · read 106.6 · walls  6.7 · fell 50.7% (mother 16.1%) · prince  0.0% · king  0.0% · crowned  0.0% · 3.9s
try  8 · gen   64 · best    185.3 · elite    112.6 · median     22.8 · years  62.0 · road 0.43 · starved   801 · nobles -12.7 · read 97.1 · walls  6.2 · fell 58.7% (mother 19.6%) · prince  0.3% · king  0.0% · crowned  0.0% · 3.9s
try  1 · gen   65 · best    636.2 · elite    301.3 · median    -20.7 · years  32.6 · road 0.34 · starved  1632 · nobles  +1.2 · read 39.0 · walls  3.0 · fell 88.1% (mother 22.9%) · prince 11.6% · king  7.8% · crowned  5.7% (median year 62) · 3.8s
try  2 · gen   65 · best    891.8 · elite    462.6 · median     13.0 · years  28.1 · road 0.34 · starved  1288 · nobles  +2.9 · read 34.1 · walls  1.7 · fell 79.3% (mother 33.1%) · prince 18.9% · king 12.3% · crowned  9.2% (median year 42) · 3.8s
try  3 · gen   65 · best    860.0 · elite    381.1 · median    -18.1 · years  25.7 · road 0.33 · starved  1187 · nobles  +6.0 · read 30.5 · walls  2.0 · fell 87.4% (mother 44.6%) · prince 14.1% · king  9.2% · crowned  6.8% (median year 41) · 3.8s
try  4 · gen   65 · best    618.9 · elite    283.1 · median     31.9 · years  44.6 · road 0.43 · starved  1431 · nobles  -6.4 · read 46.7 · walls  7.4 · fell 83.8% (mother 38.5%) · prince 17.8% · king  7.7% · crowned  3.5% (median year 68) · 3.8s
try  5 · gen   65 · best    637.6 · elite    341.3 · median     -7.8 · years  38.3 · road 0.38 · starved  1684 · nobles  +1.5 · read 45.1 · walls  6.5 · fell 83.6% (mother 33.5%) · prince 14.8% · king  9.4% · crowned  7.0% (median year 67) · 3.8s
try  6 · gen   65 · best    521.1 · elite    283.4 · median    -15.9 · years  32.1 · road 0.36 · starved  1221 · nobles  -2.2 · read 10.4 · walls  4.0 · fell 86.9% (mother 30.9%) · prince 14.2% · king  7.9% · crowned  5.3% (median year 59) · 3.8s
try  7 · gen   65 · best    180.7 · elite    121.0 · median     34.5 · years  66.0 · road 0.42 · starved   501 · nobles -12.8 · read 108.6 · walls  6.8 · fell 50.4% (mother 16.9%) · prince  0.0% · king  0.0% · crowned  0.0% · 3.8s
try  8 · gen   65 · best    196.1 · elite    116.0 · median     25.7 · years  62.4 · road 0.43 · starved   757 · nobles -12.7 · read 98.3 · walls  6.1 · fell 57.0% (mother 16.3%) · prince  0.3% · king  0.0% · crowned  0.0% · 3.8s
try  1 · gen   66 · best    590.1 · elite    295.2 · median    -21.5 · years  33.0 · road 0.35 · starved  2204 · nobles  +1.1 · read 38.8 · walls  3.4 · fell 89.4% (mother 23.2%) · prince 11.3% · king  7.1% · crowned  5.3% (median year 61) · 3.9s
try  2 · gen   66 · best    875.6 · elite    440.7 · median      0.6 · years  27.5 · road 0.34 · starved  1136 · nobles  +3.3 · read 33.5 · walls  1.5 · fell 81.0% (mother 35.3%) · prince 18.0% · king 11.9% · crowned  8.7% (median year 41) · 3.9s
try  3 · gen   66 · best    899.0 · elite    377.5 · median    -17.9 · years  26.0 · road 0.34 · starved  1284 · nobles  +5.2 · read 30.3 · walls  2.3 · fell 86.6% (mother 45.1%) · prince 15.6% · king  9.8% · crowned  6.8% (median year 42) · 3.9s
try  4 · gen   66 · best    660.0 · elite    301.4 · median     34.8 · years  46.0 · road 0.43 · starved  1373 · nobles  -6.6 · read 47.5 · walls  7.7 · fell 82.3% (mother 35.0%) · prince 18.0% · king  8.5% · crowned  3.6% (median year 67) · 3.9s
try  5 · gen   66 · best    721.8 · elite    346.6 · median     -3.6 · years  37.4 · road 0.38 · starved  1493 · nobles  +0.8 · read 43.4 · walls  6.5 · fell 83.3% (mother 34.5%) · prince 14.8% · king  9.6% · crowned  7.3% (median year 67) · 3.9s
try  6 · gen   66 · best    629.5 · elite    312.1 · median    -17.5 · years  31.7 · road 0.36 · starved  2191 · nobles  -1.8 · read 11.0 · walls  3.9 · fell 85.6% (mother 28.0%) · prince 13.8% · king  8.3% · crowned  5.8% (median year 56) · 3.9s
try  7 · gen   66 · best    169.4 · elite    115.5 · median     32.6 · years  66.6 · road 0.43 · starved   766 · nobles -13.1 · read 110.6 · walls  7.1 · fell 51.2% (mother 17.8%) · prince  0.0% · king  0.0% · crowned  0.0% · 3.9s
try  8 · gen   66 · best    172.1 · elite    114.7 · median     23.5 · years  62.6 · road 0.43 · starved   800 · nobles -12.7 · read 98.1 · walls  5.9 · fell 57.0% (mother 18.4%) · prince  0.3% · king  0.0% · crowned  0.0% · 3.9s
try  1 · gen   67 · best    596.1 · elite    286.9 · median    -22.6 · years  32.7 · road 0.35 · starved  1693 · nobles  +0.2 · read 38.1 · walls  3.5 · fell 88.3% (mother 23.8%) · prince 12.0% · king  7.5% · crowned  5.2% (median year 62) · 3.8s
try  2 · gen   67 · best    823.3 · elite    470.6 · median     17.3 · years  27.5 · road 0.34 · starved  1060 · nobles  +3.7 · read 33.9 · walls  1.6 · fell 78.8% (mother 33.7%) · prince 18.2% · king 12.7% · crowned  9.5% (median year 41) · 3.8s
try  3 · gen   67 · best    876.4 · elite    419.0 · median    -10.6 · years  26.7 · road 0.34 · starved  1178 · nobles  +5.1 · read 33.4 · walls  2.6 · fell 84.9% (mother 40.1%) · prince 15.6% · king  9.9% · crowned  7.6% (median year 41) · 3.8s
try  4 · gen   67 · best    624.0 · elite    305.6 · median     30.5 · years  45.2 · road 0.43 · starved  1365 · nobles  -6.0 · read 47.0 · walls  7.6 · fell 82.2% (mother 36.2%) · prince 18.1% · king  8.1% · crowned  4.0% (median year 65) · 3.8s
try  5 · gen   67 · best    786.6 · elite    356.0 · median     -3.7 · years  37.1 · road 0.38 · starved  1527 · nobles  +1.3 · read 42.5 · walls  6.9 · fell 82.7% (mother 36.3%) · prince 14.8% · king  9.9% · crowned  7.6% (median year 67) · 3.8s
try  6 · gen   67 · best    742.1 · elite    341.1 · median    -15.4 · years  30.8 · road 0.36 · starved  1049 · nobles  -1.4 · read  9.4 · walls  3.2 · fell 86.0% (mother 27.9%) · prince 14.8% · king  9.3% · crowned  6.3% (median year 52) · 3.8s
try  7 · gen   67 · best    174.2 · elite    121.1 · median     30.9 · years  66.0 · road 0.43 · starved   558 · nobles -12.9 · read 99.8 · walls  7.1 · fell 51.3% (mother 17.2%) · prince  0.0% · king  0.0% · crowned  0.0% · 3.8s
try  8 · gen   67 · best    227.8 · elite    114.7 · median     25.6 · years  63.1 · road 0.43 · starved   768 · nobles -12.8 · read 97.8 · walls  6.2 · fell 57.2% (mother 17.6%) · prince  0.3% · king  0.0% · crowned  0.0% · 3.8s
try  1 · gen   68 · best    715.8 · elite    285.6 · median    -27.5 · years  32.0 · road 0.35 · starved  2128 · nobles  +0.7 · read 36.9 · walls  3.5 · fell 88.6% (mother 24.9%) · prince 11.5% · king  7.2% · crowned  5.1% (median year 60) · 4.0s
try  2 · gen   68 · best    872.2 · elite    456.3 · median      5.2 · years  27.3 · road 0.33 · starved  1227 · nobles  +3.3 · read 34.0 · walls  1.5 · fell 79.7% (mother 33.5%) · prince 17.4% · king 11.7% · crowned  8.9% (median year 40) · 4.0s
try  3 · gen   68 · best    749.4 · elite    423.2 · median     -8.6 · years  26.4 · road 0.35 · starved  1205 · nobles  +4.9 · read 30.1 · walls  2.4 · fell 85.1% (mother 44.8%) · prince 17.0% · king 10.7% · crowned  7.7% (median year 41) · 4.0s
try  4 · gen   68 · best    607.1 · elite    311.9 · median     37.8 · years  43.6 · road 0.42 · starved  1341 · nobles  -5.3 · read 46.5 · walls  7.5 · fell 82.4% (mother 36.8%) · prince 18.0% · king  8.7% · crowned  4.8% (median year 66) · 4.0s
try  5 · gen   68 · best    703.8 · elite    339.2 · median      4.0 · years  38.0 · road 0.38 · starved  1498 · nobles  +1.9 · read 43.0 · walls  7.0 · fell 83.8% (mother 37.1%) · prince 15.2% · king 10.0% · crowned  7.8% (median year 68) · 4.0s
try  6 · gen   68 · best    813.6 · elite    355.4 · median     -5.4 · years  30.6 · road 0.35 · starved  1143 · nobles  -1.3 · read  8.1 · walls  2.8 · fell 84.6% (mother 25.7%) · prince 15.2% · king  9.8% · crowned  7.0% (median year 52) · 4.0s
try  7 · gen   68 · best    165.7 · elite    123.8 · median     38.2 · years  67.7 · road 0.43 · starved  1461 · nobles -13.4 · read 96.8 · walls  7.2 · fell 49.0% (mother 16.3%) · prince  0.0% · king  0.0% · crowned  0.0% · 4.0s
try  8 · gen   68 · best    188.7 · elite    115.9 · median     27.9 · years  63.2 · road 0.44 · starved   708 · nobles -13.0 · read 98.9 · walls  6.2 · fell 58.6% (mother 19.1%) · prince  0.4% · king  0.0% · crowned  0.0% · 4.0s
try  1 · gen   69 · best    815.6 · elite    281.8 · median    -20.0 · years  32.2 · road 0.35 · starved  1731 · nobles  +1.1 · read 36.2 · walls  3.9 · fell 88.1% (mother 26.0%) · prince 11.3% · king  7.3% · crowned  5.5% (median year 62) · 3.9s
try  2 · gen   69 · best    920.6 · elite    442.7 · median      0.7 · years  27.1 · road 0.33 · starved  1105 · nobles  +3.5 · read 34.2 · walls  1.3 · fell 80.1% (mother 32.8%) · prince 17.1% · king 11.5% · crowned  8.4% (median year 40) · 3.9s
try  3 · gen   69 · best    915.1 · elite    443.2 · median      3.6 · years  26.8 · road 0.35 · starved  1222 · nobles  +5.6 · read 31.0 · walls  2.4 · fell 83.9% (mother 41.6%) · prince 17.7% · king 11.3% · crowned  8.1% (median year 41) · 3.9s
try  4 · gen   69 · best    635.3 · elite    299.1 · median     19.5 · years  43.6 · road 0.41 · starved  1363 · nobles  -4.9 · read 45.6 · walls  7.4 · fell 83.8% (mother 36.8%) · prince 16.0% · king  7.4% · crowned  3.9% (median year 67) · 3.9s
try  5 · gen   69 · best    762.0 · elite    361.1 · median     -1.3 · years  38.6 · road 0.38 · starved  1768 · nobles  +1.7 · read 43.8 · walls  7.0 · fell 83.1% (mother 39.3%) · prince 16.3% · king 10.5% · crowned  8.0% (median year 68) · 3.9s
try  6 · gen   69 · best    780.7 · elite    381.6 · median     -6.0 · years  29.0 · road 0.35 · starved   879 · nobles  -1.2 · read  6.0 · walls  2.8 · fell 83.6% (mother 26.2%) · prince 15.1% · king 10.0% · crowned  7.3% (median year 50) · 3.9s
try  7 · gen   69 · best    185.7 · elite    126.3 · median     40.9 · years  67.9 · road 0.43 · starved   980 · nobles -13.4 · read 91.7 · walls  7.3 · fell 47.2% (mother 15.7%) · prince  0.0% · king  0.0% · crowned  0.0% · 3.9s
try  8 · gen   69 · best    211.4 · elite    115.7 · median     28.6 · years  62.3 · road 0.44 · starved   911 · nobles -12.9 · read 97.2 · walls  6.2 · fell 59.2% (mother 19.2%) · prince  0.5% · king  0.0% · crowned  0.0% · 3.9s
try  1 · gen   70 · best    830.5 · elite    306.8 · median    -16.8 · years  31.9 · road 0.36 · starved  2128 · nobles  +1.3 · read 36.6 · walls  3.9 · fell 87.8% (mother 26.6%) · prince 11.8% · king  7.8% · crowned  6.0% (median year 62) · 3.9s
try  2 · gen   70 · best    915.6 · elite    458.1 · median     13.7 · years  26.5 · road 0.33 · starved  1073 · nobles  +2.8 · read 34.2 · walls  1.4 · fell 79.7% (mother 34.6%) · prince 18.6% · king 12.4% · crowned  8.9% (median year 38) · 3.9s
try  3 · gen   70 · best    966.9 · elite    502.7 · median     12.9 · years  25.9 · road 0.36 · starved  1129 · nobles  +5.4 · read 27.0 · walls  2.4 · fell 81.4% (mother 41.5%) · prince 18.9% · king 12.8% · crowned  9.1% (median year 38) · 3.9s
try  4 · gen   70 · best    725.8 · elite    320.6 · median     23.1 · years  44.0 · road 0.42 · starved  1345 · nobles  -5.3 · read 46.3 · walls  7.5 · fell 82.2% (mother 36.2%) · prince 17.2% · king  8.3% · crowned  4.5% (median year 68) · 3.9s
try  5 · gen   70 · best    624.5 · elite    375.2 · median     -2.6 · years  38.3 · road 0.38 · starved  1506 · nobles  +1.9 · read 44.5 · walls  7.1 · fell 82.8% (mother 38.6%) · prince 16.1% · king 10.5% · crowned  8.6% (median year 69) · 3.9s
try  6 · gen   70 · best    901.8 · elite    428.9 · median     -4.4 · years  29.2 · road 0.35 · starved   840 · nobles  -1.2 · read  5.4 · walls  2.7 · fell 82.9% (mother 25.7%) · prince 15.5% · king 10.8% · crowned  8.2% (median year 48) · 3.9s
try  7 · gen   70 · best    202.0 · elite    128.4 · median     37.8 · years  67.7 · road 0.43 · starved   527 · nobles -13.5 · read 82.0 · walls  7.1 · fell 46.3% (mother 14.1%) · prince  0.0% · king  0.0% · crowned  0.0% · 3.9s
try  8 · gen   70 · best    182.2 · elite    113.0 · median     24.7 · years  62.6 · road 0.43 · starved   705 · nobles -13.0 · read 96.6 · walls  6.0 · fell 56.0% (mother 16.4%) · prince  0.2% · king  0.0% · crowned  0.0% · 3.9s
try  1 · gen   71 · best    671.5 · elite    294.7 · median    -17.0 · years  32.0 · road 0.36 · starved  1448 · nobles  +0.5 · read 36.6 · walls  4.0 · fell 87.8% (mother 28.9%) · prince 12.1% · king  8.1% · crowned  5.9% (median year 61) · 3.8s
try  2 · gen   71 · best   1186.4 · elite    480.6 · median     27.0 · years  26.6 · road 0.33 · starved  1061 · nobles  +3.5 · read 34.4 · walls  1.4 · fell 78.9% (mother 33.6%) · prince 19.1% · king 13.4% · crowned  9.8% (median year 39) · 3.8s
try  3 · gen   71 · best    955.9 · elite    512.0 · median     20.8 · years  25.6 · road 0.36 · starved  1192 · nobles  +6.3 · read 24.4 · walls  2.1 · fell 81.5% (mother 44.5%) · prince 19.0% · king 13.0% · crowned  9.7% (median year 37) · 3.8s
try  4 · gen   71 · best    653.7 · elite    317.6 · median     24.6 · years  42.4 · road 0.41 · starved  1302 · nobles  -5.1 · read 44.6 · walls  7.1 · fell 82.8% (mother 36.5%) · prince 16.8% · king  8.2% · crowned  4.5% (median year 64) · 3.8s
try  5 · gen   71 · best    605.2 · elite    367.4 · median      7.7 · years  39.2 · road 0.38 · starved  1685 · nobles  +2.2 · read 45.5 · walls  7.3 · fell 81.0% (mother 38.8%) · prince 16.4% · king 11.4% · crowned  9.0% (median year 68) · 3.8s
try  6 · gen   71 · best    843.3 · elite    419.4 · median      9.4 · years  28.9 · road 0.35 · starved   863 · nobles  -0.6 · read  5.9 · walls  2.5 · fell 82.3% (mother 25.8%) · prince 17.1% · king 11.5% · crowned  8.5% (median year 49) · 3.8s
try  7 · gen   71 · best    203.6 · elite    122.7 · median     41.4 · years  69.0 · road 0.44 · starved   881 · nobles -13.9 · read 78.6 · walls  7.1 · fell 44.5% (mother 13.3%) · prince  0.0% · king  0.0% · crowned  0.0% · 3.8s
try  8 · gen   71 · best    179.8 · elite    112.0 · median     25.0 · years  63.7 · road 0.44 · starved   750 · nobles -13.0 · read 98.2 · walls  6.1 · fell 55.9% (mother 16.7%) · prince  0.2% · king  0.0% · crowned  0.0% · 3.8s
try  1 · gen   72 · best    583.1 · elite    284.1 · median    -22.7 · years  32.0 · road 0.36 · starved  1588 · nobles  +0.1 · read 35.8 · walls  4.1 · fell 88.9% (mother 30.8%) · prince 11.6% · king  7.1% · crowned  4.9% (median year 62) · 3.9s
try  2 · gen   72 · best    945.6 · elite    483.8 · median     26.3 · years  25.9 · road 0.33 · starved  1008 · nobles  +4.1 · read 33.5 · walls  1.3 · fell 78.6% (mother 33.7%) · prince 19.1% · king 13.3% · crowned 10.0% (median year 38) · 3.9s
try  3 · gen   72 · best    904.4 · elite    509.3 · median     28.6 · years  25.3 · road 0.36 · starved  1152 · nobles  +7.2 · read 22.1 · walls  1.8 · fell 80.4% (mother 44.0%) · prince 19.3% · king 13.4% · crowned  9.9% (median year 37) · 3.9s
try  4 · gen   72 · best    765.3 · elite    308.3 · median     23.8 · years  41.4 · road 0.41 · starved  1337 · nobles  -4.7 · read 42.5 · walls  6.8 · fell 84.2% (mother 37.7%) · prince 16.9% · king  8.8% · crowned  4.9% (median year 65) · 3.9s
try  5 · gen   72 · best    570.2 · elite    354.7 · median     -1.2 · years  38.1 · road 0.38 · starved  1602 · nobles  +1.8 · read 44.7 · walls  7.1 · fell 81.7% (mother 38.4%) · prince 15.8% · king 10.8% · crowned  8.4% (median year 67) · 3.9s
try  6 · gen   72 · best    851.4 · elite    464.6 · median      9.3 · years  28.5 · road 0.34 · starved   811 · nobles  -0.4 · read  4.9 · walls  1.9 · fell 81.7% (mother 24.6%) · prince 17.2% · king 12.0% · crowned  9.1% (median year 48) · 3.9s
try  7 · gen   72 · best    189.9 · elite    127.5 · median     43.3 · years  69.1 · road 0.44 · starved   628 · nobles -13.7 · read 79.6 · walls  7.3 · fell 45.9% (mother 13.9%) · prince  0.0% · king  0.0% · crowned  0.0% · 3.9s
try  8 · gen   72 · best    196.5 · elite    112.9 · median     23.4 · years  61.4 · road 0.44 · starved   727 · nobles -12.7 · read 96.2 · walls  6.3 · fell 59.4% (mother 19.8%) · prince  0.1% · king  0.0% · crowned  0.0% · 3.9s
try  1 · gen   73 · best    764.4 · elite    289.5 · median    -17.0 · years  32.0 · road 0.36 · starved  1131 · nobles  +0.6 · read 35.8 · walls  4.2 · fell 88.1% (mother 30.0%) · prince 11.4% · king  7.2% · crowned  5.4% (median year 61) · 3.8s
try  2 · gen   73 · best    875.0 · elite    469.2 · median     31.8 · years  25.9 · road 0.33 · starved  1067 · nobles  +3.6 · read 32.6 · walls  1.3 · fell 79.7% (mother 35.8%) · prince 19.1% · king 13.3% · crowned  9.9% (median year 38) · 3.8s
try  3 · gen   73 · best    926.1 · elite    504.4 · median     24.4 · years  25.3 · road 0.35 · starved  1180 · nobles  +7.3 · read 22.2 · walls  1.7 · fell 81.0% (mother 44.8%) · prince 19.7% · king 13.5% · crowned  9.9% (median year 36) · 3.8s
try  4 · gen   73 · best    671.5 · elite    310.2 · median     18.3 · years  41.3 · road 0.40 · starved  1366 · nobles  -4.0 · read 43.6 · walls  6.7 · fell 83.8% (mother 39.2%) · prince 16.6% · king  8.8% · crowned  4.8% (median year 66) · 3.8s
try  5 · gen   73 · best    744.8 · elite    375.8 · median     -2.5 · years  38.0 · road 0.38 · starved  1505 · nobles  +1.9 · read 45.6 · walls  6.9 · fell 81.9% (mother 39.0%) · prince 16.1% · king 10.9% · crowned  8.6% (median year 67) · 3.8s
try  6 · gen   73 · best    766.8 · elite    404.0 · median      1.8 · years  29.0 · road 0.33 · starved  1176 · nobles  -0.4 · read  4.3 · walls  1.5 · fell 82.5% (mother 24.3%) · prince 16.9% · king 11.0% · crowned  8.3% (median year 49) · 3.8s
try  7 · gen   73 · best    186.6 · elite    123.5 · median     39.6 · years  67.5 · road 0.44 · starved   569 · nobles -13.5 · read 77.4 · walls  7.4 · fell 47.9% (mother 15.1%) · prince  0.0% · king  0.0% · crowned  0.0% · 3.8s
try  8 · gen   73 · best    197.9 · elite    122.8 · median     27.3 · years  63.3 · road 0.44 · starved   696 · nobles -12.9 · read 98.3 · walls  6.7 · fell 57.2% (mother 19.5%) · prince  0.2% · king  0.0% · crowned  0.0% · 3.8s
try  1 · gen   74 · best    598.5 · elite    292.1 · median    -12.9 · years  32.5 · road 0.36 · starved  1274 · nobles  +0.4 · read 36.5 · walls  3.9 · fell 88.3% (mother 28.1%) · prince 12.6% · king  7.8% · crowned  5.4% (median year 60) · 3.8s
try  2 · gen   74 · best   1085.1 · elite    462.5 · median     28.7 · years  25.4 · road 0.33 · starved  1062 · nobles  +3.7 · read 32.2 · walls  1.3 · fell 80.4% (mother 40.1%) · prince 18.6% · king 13.0% · crowned  9.3% (median year 38) · 3.8s
try  3 · gen   74 · best    938.1 · elite    520.9 · median     38.3 · years  24.8 · road 0.36 · starved  1179 · nobles  +6.6 · read 20.9 · walls  1.7 · fell 80.1% (mother 44.5%) · prince 20.5% · king 14.3% · crowned 10.2% (median year 36) · 3.8s
try  4 · gen   74 · best    617.0 · elite    301.3 · median     19.8 · years  40.8 · road 0.40 · starved  1378 · nobles  -4.1 · read 43.3 · walls  6.4 · fell 85.2% (mother 37.7%) · prince 16.8% · king  8.8% · crowned  4.5% (median year 64) · 3.8s
try  5 · gen   74 · best    752.4 · elite    346.9 · median     -1.8 · years  38.1 · road 0.38 · starved  1589 · nobles  +1.9 · read 44.7 · walls  7.0 · fell 81.7% (mother 38.8%) · prince 15.5% · king 10.6% · crowned  8.3% (median year 68) · 3.8s
try  6 · gen   74 · best    828.6 · elite    438.9 · median      7.8 · years  29.0 · road 0.34 · starved   823 · nobles  -0.2 · read  4.4 · walls  1.7 · fell 82.5% (mother 23.4%) · prince 16.8% · king 11.6% · crowned  8.8% (median year 49) · 3.8s
try  7 · gen   74 · best    171.0 · elite    126.0 · median     38.7 · years  68.5 · road 0.44 · starved   541 · nobles -13.7 · read 72.7 · walls  7.3 · fell 46.6% (mother 14.4%) · prince  0.0% · king  0.0% · crowned  0.0% · 3.8s
try  8 · gen   74 · best    179.8 · elite    118.4 · median     33.7 · years  64.1 · road 0.45 · starved   757 · nobles -13.0 · read 98.2 · walls  6.9 · fell 57.8% (mother 20.7%) · prince  0.3% · king  0.0% · crowned  0.0% · 3.8s
try  1 · gen   75 · best    686.6 · elite    310.9 · median    -12.2 · years  32.4 · road 0.36 · starved  1235 · nobles  +0.1 · read 36.5 · walls  4.1 · fell 87.8% (mother 26.6%) · prince 12.8% · king  8.1% · crowned  6.1% (median year 59) · 3.8s
try  2 · gen   75 · best    901.0 · elite    473.9 · median     17.8 · years  25.2 · road 0.32 · starved  1102 · nobles  +3.6 · read 32.6 · walls  1.3 · fell 80.2% (mother 39.4%) · prince 18.9% · king 12.7% · crowned  9.5% (median year 37) · 3.8s
try  3 · gen   75 · best    879.2 · elite    520.9 · median     46.1 · years  25.2 · road 0.36 · starved  1229 · nobles  +6.9 · read 20.9 · walls  1.8 · fell 79.6% (mother 43.6%) · prince 20.7% · king 14.0% · crowned 10.8% (median year 36) · 3.8s
try  4 · gen   75 · best    762.2 · elite    311.4 · median     15.0 · years  40.7 · road 0.40 · starved  1377 · nobles  -3.9 · read 43.4 · walls  6.5 · fell 84.4% (mother 38.5%) · prince 16.8% · king  8.2% · crowned  4.8% (median year 64) · 3.8s
try  5 · gen   75 · best    742.2 · elite    384.3 · median     -4.3 · years  38.2 · road 0.38 · starved  1481 · nobles  +2.0 · read 44.1 · walls  7.0 · fell 81.9% (mother 38.7%) · prince 15.9% · king 11.0% · crowned  8.7% (median year 67) · 3.8s
try  6 · gen   75 · best    824.1 · elite    478.5 · median     14.0 · years  27.9 · road 0.33 · starved   779 · nobles  -0.7 · read  3.6 · walls  1.3 · fell 80.6% (mother 22.8%) · prince 17.9% · king 12.8% · crowned  9.9% (median year 47) · 3.8s
try  7 · gen   75 · best    179.5 · elite    124.3 · median     37.7 · years  67.7 · road 0.44 · starved   589 · nobles -13.6 · read 65.9 · walls  7.3 · fell 47.4% (mother 13.9%) · prince  0.0% · king  0.0% · crowned  0.0% · 3.8s
try  8 · gen   75 · best    176.9 · elite    117.3 · median     31.2 · years  64.4 · road 0.45 · starved  1104 · nobles -13.1 · read 97.4 · walls  7.0 · fell 55.4% (mother 19.2%) · prince  0.3% · king  0.0% · crowned  0.0% · 3.8s
try  1 · gen   76 · best    901.2 · elite    312.0 · median    -15.8 · years  31.4 · road 0.36 · starved  1449 · nobles  +0.8 · read 35.0 · walls  3.8 · fell 88.6% (mother 27.6%) · prince 13.5% · king  8.1% · crowned  5.8% (median year 58) · 3.8s
try  2 · gen   76 · best    900.7 · elite    509.4 · median     28.0 · years  24.7 · road 0.32 · starved  1032 · nobles  +4.4 · read 31.7 · walls  1.4 · fell 79.0% (mother 37.5%) · prince 18.8% · king 13.4% · crowned 10.1% (median year 37) · 3.8s
try  3 · gen   76 · best   1092.5 · elite    540.9 · median     87.0 · years  25.3 · road 0.36 · starved  1079 · nobles  +7.3 · read 19.9 · walls  1.8 · fell 77.8% (mother 40.8%) · prince 21.7% · king 14.6% · crowned 11.3% (median year 36) · 3.8s
try  4 · gen   76 · best    615.0 · elite    307.7 · median     13.9 · years  39.6 · road 0.39 · starved  1308 · nobles  -2.9 · read 42.7 · walls  6.2 · fell 83.4% (mother 37.3%) · prince 16.1% · king  8.7% · crowned  5.2% (median year 63) · 3.8s
try  5 · gen   76 · best    725.0 · elite    382.9 · median      9.0 · years  39.5 · road 0.39 · starved  1517 · nobles  +1.6 · read 46.2 · walls  7.2 · fell 80.8% (mother 36.1%) · prince 16.9% · king 12.1% · crowned  9.5% (median year 68) · 3.8s
try  6 · gen   76 · best    831.1 · elite    470.6 · median     30.6 · years  28.1 · road 0.34 · starved   757 · nobles  -1.0 · read  3.1 · walls  1.2 · fell 79.0% (mother 21.7%) · prince 18.6% · king 13.5% · crowned 10.6% (median year 46) · 3.8s
try  7 · gen   76 · best    195.2 · elite    123.9 · median     41.6 · years  67.7 · road 0.44 · starved   650 · nobles -13.7 · read 67.4 · walls  7.4 · fell 47.0% (mother 13.9%) · prince  0.0% · king  0.0% · crowned  0.0% · 3.8s
try  8 · gen   76 · best    215.2 · elite    126.1 · median     29.9 · years  65.2 · road 0.46 · starved   820 · nobles -13.4 · read 97.9 · walls  7.2 · fell 55.0% (mother 20.4%) · prince  0.2% · king  0.0% · crowned  0.0% · 3.8s
try  1 · gen   77 · best    843.6 · elite    298.4 · median    -17.7 · years  31.4 · road 0.35 · starved  1075 · nobles  +1.3 · read 35.2 · walls  3.7 · fell 88.5% (mother 27.0%) · prince 12.6% · king  7.7% · crowned  5.8% (median year 59) · 3.8s
try  2 · gen   77 · best   1125.9 · elite    549.8 · median     56.4 · years  23.8 · road 0.33 · starved   963 · nobles  +4.5 · read 30.7 · walls  1.5 · fell 77.2% (mother 36.7%) · prince 20.1% · king 14.9% · crowned 11.0% (median year 35) · 3.8s
try  3 · gen   77 · best    955.3 · elite    547.5 · median     75.6 · years  24.9 · road 0.36 · starved  1026 · nobles  +6.8 · read 19.1 · walls  1.9 · fell 76.8% (mother 40.6%) · prince 21.7% · king 15.0% · crowned 11.1% (median year 34) · 3.8s
try  4 · gen   77 · best    660.2 · elite    335.8 · median     15.5 · years  39.4 · road 0.39 · starved  1354 · nobles  -2.1 · read 42.1 · walls  5.9 · fell 83.7% (mother 38.5%) · prince 17.2% · king  9.5% · crowned  5.8% (median year 60) · 3.8s
try  5 · gen   77 · best    909.5 · elite    390.6 · median      8.6 · years  39.4 · road 0.39 · starved  1475 · nobles  +1.9 · read 46.0 · walls  7.4 · fell 81.6% (mother 37.4%) · prince 17.6% · king 11.6% · crowned  9.3% (median year 67) · 3.8s
try  6 · gen   77 · best    889.2 · elite    505.2 · median     31.4 · years  27.8 · road 0.34 · starved   723 · nobles  -1.0 · read  2.8 · walls  1.3 · fell 79.7% (mother 20.4%) · prince 18.9% · king 13.6% · crowned 10.6% (median year 45) · 3.8s
try  7 · gen   77 · best    159.7 · elite    123.4 · median     37.7 · years  66.6 · road 0.44 · starved   824 · nobles -13.3 · read 70.0 · walls  7.5 · fell 47.8% (mother 14.9%) · prince  0.0% · king  0.0% · crowned  0.0% · 3.8s
try  8 · gen   77 · best    194.7 · elite    122.6 · median     36.9 · years  65.0 · road 0.46 · starved   945 · nobles -13.3 · read 95.0 · walls  7.4 · fell 55.0% (mother 20.7%) · prince  0.3% · king  0.0% · crowned  0.0% · 3.8s
try  1 · gen   78 · best    769.2 · elite    307.1 · median    -16.7 · years  31.5 · road 0.35 · starved  1169 · nobles  +1.0 · read 34.6 · walls  3.6 · fell 88.8% (mother 27.9%) · prince 13.1% · king  7.7% · crowned  5.8% (median year 60) · 3.7s
try  2 · gen   78 · best   1153.0 · elite    553.1 · median    105.0 · years  23.9 · road 0.33 · starved   926 · nobles  +4.4 · read 30.9 · walls  1.6 · fell 76.0% (mother 34.3%) · prince 21.5% · king 16.0% · crowned 11.9% (median year 35) · 3.7s
try  3 · gen   78 · best   1146.1 · elite    627.0 · median     76.8 · years  23.9 · road 0.36 · starved  1005 · nobles  +7.4 · read 18.9 · walls  1.7 · fell 74.4% (mother 42.2%) · prince 21.9% · king 15.7% · crowned 12.2% (median year 33) · 3.7s
try  4 · gen   78 · best    652.4 · elite    327.6 · median     15.9 · years  40.1 · road 0.39 · starved  1408 · nobles  -1.5 · read 42.8 · walls  5.7 · fell 83.7% (mother 39.3%) · prince 18.4% · king 10.0% · crowned  5.5% (median year 65) · 3.7s
try  5 · gen   78 · best    761.4 · elite    372.0 · median     10.1 · years  38.7 · road 0.38 · starved  1452 · nobles  +2.1 · read 45.0 · walls  7.3 · fell 81.2% (mother 37.0%) · prince 16.5% · king 11.6% · crowned  9.4% (median year 67) · 3.7s
try  6 · gen   78 · best    882.6 · elite    467.1 · median     32.4 · years  28.1 · road 0.35 · starved   771 · nobles  -1.6 · read  3.2 · walls  1.5 · fell 80.6% (mother 23.1%) · prince 19.2% · king 13.3% · crowned 10.0% (median year 47) · 3.7s
try  7 · gen   78 · best    184.2 · elite    124.8 · median     38.1 · years  67.5 · road 0.44 · starved   516 · nobles -13.7 · read 67.1 · walls  7.4 · fell 46.8% (mother 13.8%) · prince  0.0% · king  0.0% · crowned  0.0% · 3.7s
try  8 · gen   78 · best    201.6 · elite    127.3 · median     33.6 · years  66.0 · road 0.47 · starved   843 · nobles -13.5 · read 96.9 · walls  7.5 · fell 53.8% (mother 21.7%) · prince  0.2% · king  0.0% · crowned  0.0% · 3.7s
try  1 · gen   79 · best    643.6 · elite    273.3 · median    -21.4 · years  30.7 · road 0.35 · starved  1109 · nobles  +0.5 · read 34.0 · walls  3.7 · fell 89.5% (mother 30.0%) · prince 12.5% · king  7.0% · crowned  4.7% (median year 58) · 3.7s
try  2 · gen   79 · best   1170.4 · elite    536.9 · median    116.0 · years  23.1 · road 0.33 · starved   923 · nobles  +3.9 · read 29.6 · walls  1.4 · fell 75.6% (mother 33.1%) · prince 21.1% · king 15.5% · crowned 12.0% (median year 33) · 3.7s
try  3 · gen   79 · best    979.4 · elite    569.4 · median    129.5 · years  24.2 · road 0.37 · starved  1009 · nobles  +7.3 · read 19.1 · walls  1.8 · fell 74.6% (mother 44.6%) · prince 24.0% · king 16.3% · crowned 12.4% (median year 33) · 3.7s
try  4 · gen   79 · best    928.9 · elite    352.3 · median     17.6 · years  39.7 · road 0.38 · starved  1342 · nobles  -0.8 · read 42.6 · walls  5.6 · fell 82.7% (mother 37.1%) · prince 17.1% · king  9.7% · crowned  6.0% (median year 62) · 3.7s
try  5 · gen   79 · best    842.5 · elite    371.9 · median     15.8 · years  39.0 · road 0.38 · starved  1465 · nobles  +2.3 · read 44.4 · walls  7.3 · fell 80.7% (mother 39.7%) · prince 17.1% · king 11.9% · crowned  9.5% (median year 69) · 3.7s
try  6 · gen   79 · best    928.1 · elite    492.8 · median     49.4 · years  28.0 · road 0.35 · starved   719 · nobles  -1.1 · read  3.5 · walls  1.7 · fell 79.8% (mother 21.1%) · prince 19.5% · king 14.1% · crowned 10.9% (median year 46) · 3.7s
try  7 · gen   79 · best    211.6 · elite    125.0 · median     39.3 · years  67.1 · road 0.44 · starved   521 · nobles -13.4 · read 63.7 · walls  7.3 · fell 48.1% (mother 13.2%) · prince  0.0% · king  0.0% · crowned  0.0% · 3.7s
try  8 · gen   79 · best    189.1 · elite    127.8 · median     33.5 · years  65.8 · road 0.47 · starved   908 · nobles -13.3 · read 95.4 · walls  7.7 · fell 54.5% (mother 21.5%) · prince  0.2% · king  0.0% · crowned  0.0% · 3.7s
try  1 · gen   80 · best    652.5 · elite    294.8 · median    -18.0 · years  30.7 · road 0.36 · starved  1122 · nobles  +1.3 · read 34.1 · walls  3.8 · fell 88.9% (mother 30.9%) · prince 12.4% · king  7.4% · crowned  5.3% (median year 58) · 3.7s
try  2 · gen   80 · best    896.3 · elite    563.9 · median    137.5 · years  23.6 · road 0.33 · starved   891 · nobles  +3.6 · read 30.3 · walls  1.4 · fell 74.3% (mother 31.7%) · prince 22.1% · king 16.5% · crowned 12.4% (median year 32) · 3.7s
try  3 · gen   80 · best   1093.8 · elite    570.0 · median    133.6 · years  24.2 · road 0.38 · starved  1062 · nobles  +6.2 · read 18.9 · walls  1.8 · fell 75.1% (mother 44.6%) · prince 24.4% · king 16.1% · crowned 12.1% (median year 33) · 3.7s
try  4 · gen   80 · best    677.8 · elite    303.5 · median     11.1 · years  37.3 · road 0.37 · starved  1352 · nobles  -0.8 · read 39.3 · walls  5.1 · fell 84.7% (mother 38.8%) · prince 16.4% · king  8.6% · crowned  5.3% (median year 61) · 3.7s
try  5 · gen   80 · best    756.4 · elite    390.4 · median     17.6 · years  39.0 · road 0.39 · starved  1298 · nobles  +2.2 · read 43.8 · walls  7.4 · fell 80.2% (mother 37.8%) · prince 16.7% · king 11.4% · crowned  9.4% (median year 68) · 3.7s
try  6 · gen   80 · best    880.9 · elite    497.4 · median     64.0 · years  27.2 · road 0.35 · starved   747 · nobles  -0.6 · read  4.2 · walls  1.8 · fell 79.8% (mother 22.8%) · prince 19.5% · king 14.1% · crowned 11.0% (median year 46) · 3.7s
try  7 · gen   80 · best    196.8 · elite    128.4 · median     38.3 · years  66.7 · road 0.43 · starved   494 · nobles -13.4 · read 61.1 · walls  7.3 · fell 46.5% (mother 12.9%) · prince  0.0% · king  0.0% · crowned  0.0% · 3.7s
try  8 · gen   80 · best    187.2 · elite    132.3 · median     41.3 · years  67.4 · road 0.47 · starved   749 · nobles -13.4 · read 96.6 · walls  7.7 · fell 51.5% (mother 20.4%) · prince  0.1% · king  0.0% · crowned  0.0% · 3.7s
try  1 · gen   81 · best    650.5 · elite    316.6 · median    -19.3 · years  30.2 · road 0.36 · starved  1071 · nobles  +1.0 · read 33.0 · walls  3.6 · fell 89.0% (mother 31.6%) · prince 13.0% · king  7.8% · crowned  5.6% (median year 59) · 3.7s
try  2 · gen   81 · best    944.3 · elite    563.8 · median    104.9 · years  22.9 · road 0.33 · starved   878 · nobles  +3.6 · read 29.5 · walls  1.4 · fell 74.8% (mother 31.8%) · prince 22.0% · king 16.2% · crowned 12.0% (median year 31) · 3.7s
try  3 · gen   81 · best   1014.2 · elite    566.5 · median     96.5 · years  24.7 · road 0.39 · starved  1178 · nobles  +5.6 · read 19.5 · walls  2.0 · fell 75.9% (mother 44.8%) · prince 24.5% · king 15.4% · crowned 11.5% (median year 34) · 3.7s
try  4 · gen   81 · best    623.2 · elite    325.7 · median     15.6 · years  38.5 · road 0.38 · starved  1392 · nobles  -1.7 · read 41.4 · walls  5.4 · fell 83.9% (mother 39.0%) · prince 17.0% · king  9.1% · crowned  5.4% (median year 61) · 3.7s
try  5 · gen   81 · best    764.9 · elite    411.0 · median     19.1 · years  39.1 · road 0.39 · starved  1532 · nobles  +2.6 · read 43.9 · walls  7.5 · fell 80.4% (mother 37.3%) · prince 17.8% · king 13.2% · crowned 10.7% (median year 68) · 3.7s
try  6 · gen   81 · best    894.6 · elite    484.8 · median     42.7 · years  26.5 · road 0.35 · starved   957 · nobles  -0.9 · read  4.4 · walls  1.9 · fell 79.5% (mother 23.2%) · prince 18.8% · king 13.6% · crowned 10.7% (median year 45) · 3.7s
try  7 · gen   81 · best    199.7 · elite    125.8 · median     41.4 · years  67.6 · road 0.44 · starved   488 · nobles -13.6 · read 62.5 · walls  7.1 · fell 47.1% (mother 13.2%) · prince  0.0% · king  0.0% · crowned  0.0% · 3.7s
try  8 · gen   81 · best    183.6 · elite    125.5 · median     41.5 · years  66.3 · road 0.47 · starved   698 · nobles -13.4 · read 94.0 · walls  7.9 · fell 52.5% (mother 19.9%) · prince  0.0% · king  0.0% · crowned  0.0% · 3.7s
try  1 · gen   82 · best    799.8 · elite    331.7 · median    -10.9 · years  29.7 · road 0.36 · starved  1077 · nobles  +1.4 · read 33.2 · walls  3.7 · fell 89.0% (mother 31.7%) · prince 13.4% · king  8.5% · crowned  6.4% (median year 58) · 3.7s
try  2 · gen   82 · best    967.7 · elite    588.1 · median    126.9 · years  22.6 · road 0.33 · starved   905 · nobles  +4.0 · read 28.2 · walls  1.4 · fell 74.7% (mother 33.3%) · prince 22.2% · king 16.7% · crowned 12.4% (median year 31) · 3.7s
try  3 · gen   82 · best    937.4 · elite    566.3 · median    148.6 · years  23.7 · road 0.38 · starved   991 · nobles  +6.4 · read 19.0 · walls  1.9 · fell 73.6% (mother 43.6%) · prince 24.5% · king 17.0% · crowned 12.8% (median year 32) · 3.7s
try  4 · gen   82 · best    638.4 · elite    328.0 · median     13.9 · years  37.4 · road 0.38 · starved  1351 · nobles  -1.0 · read 41.1 · walls  5.5 · fell 84.0% (mother 40.4%) · prince 17.2% · king  9.5% · crowned  6.2% (median year 61) · 3.7s
try  5 · gen   82 · best    710.3 · elite    382.1 · median     18.9 · years  39.3 · road 0.39 · starved  1602 · nobles  +2.1 · read 44.7 · walls  7.4 · fell 80.4% (mother 38.6%) · prince 16.6% · king 12.1% · crowned 10.2% (median year 68) · 3.7s
try  6 · gen   82 · best    932.8 · elite    527.6 · median     68.0 · years  26.2 · road 0.35 · starved  1002 · nobles  -0.7 · read  5.1 · walls  1.7 · fell 78.9% (mother 25.1%) · prince 19.6% · king 14.8% · crowned 11.4% (median year 43) · 3.7s
try  7 · gen   82 · best    184.4 · elite    127.7 · median     42.7 · years  67.4 · road 0.44 · starved   459 · nobles -13.6 · read 62.4 · walls  7.1 · fell 45.5% (mother 12.1%) · prince  0.0% · king  0.0% · crowned  0.0% · 3.7s
try  8 · gen   82 · best    180.1 · elite    123.2 · median     40.2 · years  66.1 · road 0.47 · starved   859 · nobles -13.2 · read 95.0 · walls  7.9 · fell 52.4% (mother 20.3%) · prince  0.1% · king  0.0% · crowned  0.0% · 3.7s
try  1 · gen   83 · best    657.8 · elite    348.4 · median    -13.9 · years  29.6 · road 0.36 · starved  1066 · nobles  +2.6 · read 33.3 · walls  4.1 · fell 88.2% (mother 34.0%) · prince 12.9% · king  8.8% · crowned  6.9% (median year 58) · 3.8s
try  2 · gen   83 · best   1165.9 · elite    613.1 · median    130.5 · years  22.3 · road 0.34 · starved   869 · nobles  +4.1 · read 28.4 · walls  1.4 · fell 73.0% (mother 30.0%) · prince 23.3% · king 17.1% · crowned 12.7% (median year 29) · 3.8s
try  3 · gen   83 · best    981.5 · elite    568.4 · median    157.7 · years  23.3 · road 0.37 · starved  1442 · nobles  +7.3 · read 18.4 · walls  1.8 · fell 73.6% (mother 44.3%) · prince 24.0% · king 17.0% · crowned 13.2% (median year 31) · 3.8s
try  4 · gen   83 · best    601.8 · elite    352.6 · median      6.1 · years  37.1 · road 0.38 · starved  1407 · nobles  -1.3 · read 40.7 · walls  5.4 · fell 84.5% (mother 42.0%) · prince 16.9% · king  9.6% · crowned  5.6% (median year 60) · 3.8s
try  5 · gen   83 · best    809.6 · elite    392.4 · median     16.9 · years  38.6 · road 0.39 · starved  1476 · nobles  +1.9 · read 43.2 · walls  7.3 · fell 80.5% (mother 37.0%) · prince 16.6% · king 11.9% · crowned 10.0% (median year 66) · 3.8s
try  6 · gen   83 · best   1097.8 · elite    535.2 · median     54.6 · years  25.7 · road 0.36 · starved  1651 · nobles  -0.3 · read  5.9 · walls  1.6 · fell 79.5% (mother 22.9%) · prince 20.0% · king 14.6% · crowned 11.4% (median year 42) · 3.8s
try  7 · gen   83 · best    175.2 · elite    122.3 · median     41.5 · years  66.1 · road 0.43 · starved   481 · nobles -13.2 · read 61.6 · walls  7.1 · fell 46.8% (mother 12.0%) · prince  0.0% · king  0.0% · crowned  0.0% · 3.8s
try  8 · gen   83 · best    181.2 · elite    129.0 · median     39.2 · years  66.3 · road 0.47 · starved  1220 · nobles -13.2 · read 95.7 · walls  8.1 · fell 51.1% (mother 19.0%) · prince  0.1% · king  0.0% · crowned  0.0% · 3.8s
try  1 · gen   84 · best    793.4 · elite    357.3 · median    -10.4 · years  29.5 · road 0.36 · starved  1035 · nobles  +2.7 · read 33.9 · walls  4.7 · fell 88.2% (mother 33.9%) · prince 13.4% · king  9.4% · crowned  7.5% (median year 57) · 3.6s
try  2 · gen   84 · best   1028.1 · elite    621.3 · median    157.9 · years  22.5 · road 0.34 · starved   914 · nobles  +4.4 · read 28.7 · walls  1.6 · fell 71.9% (mother 29.0%) · prince 24.0% · king 18.4% · crowned 13.6% (median year 28) · 3.6s
try  3 · gen   84 · best   1173.0 · elite    599.5 · median    129.5 · years  23.4 · road 0.37 · starved  1341 · nobles  +7.4 · read 18.1 · walls  1.9 · fell 74.8% (mother 45.0%) · prince 24.3% · king 16.9% · crowned 12.7% (median year 32) · 3.6s
try  4 · gen   84 · best    646.6 · elite    317.0 · median     11.4 · years  38.6 · road 0.38 · starved  1419 · nobles  -2.1 · read 43.4 · walls  5.6 · fell 85.2% (mother 41.5%) · prince 18.1% · king  9.8% · crowned  5.4% (median year 60) · 3.6s
try  5 · gen   84 · best    681.1 · elite    381.5 · median     21.6 · years  38.5 · road 0.38 · starved  1400 · nobles  +1.6 · read 41.6 · walls  7.2 · fell 80.4% (mother 37.0%) · prince 17.1% · king 11.8% · crowned 10.1% (median year 66) · 3.6s
try  6 · gen   84 · best    977.7 · elite    550.3 · median     90.7 · years  24.5 · road 0.36 · starved  1513 · nobles  +0.1 · read  6.9 · walls  1.4 · fell 78.8% (mother 21.5%) · prince 19.8% · king 14.9% · crowned 12.3% (median year 39) · 3.6s
try  7 · gen   84 · best    175.6 · elite    124.4 · median     38.9 · years  66.8 · road 0.44 · starved   491 · nobles -13.4 · read 60.7 · walls  7.4 · fell 45.8% (mother 11.8%) · prince  0.0% · king  0.0% · crowned  0.0% · 3.6s
try  8 · gen   84 · best    185.4 · elite    125.5 · median     39.1 · years  66.2 · road 0.47 · starved   892 · nobles -13.3 · read 95.9 · walls  8.2 · fell 52.1% (mother 20.0%) · prince  0.2% · king  0.0% · crowned  0.0% · 3.6s
try  1 · gen   85 · best    720.3 · elite    349.4 · median    -18.6 · years  28.6 · road 0.36 · starved  1082 · nobles  +2.6 · read 33.2 · walls  4.3 · fell 88.4% (mother 36.1%) · prince 13.4% · king  9.1% · crowned  7.0% (median year 56) · 3.7s
try  2 · gen   85 · best    983.9 · elite    623.3 · median    167.0 · years  21.9 · road 0.34 · starved   805 · nobles  +4.1 · read 27.7 · walls  1.4 · fell 71.8% (mother 28.7%) · prince 24.0% · king 18.0% · crowned 13.4% (median year 28) · 3.7s
try  3 · gen   85 · best   1172.0 · elite    590.6 · median    135.3 · years  23.6 · road 0.37 · starved  1031 · nobles  +7.1 · read 18.7 · walls  1.9 · fell 73.7% (mother 44.8%) · prince 24.7% · king 17.0% · crowned 12.9% (median year 31) · 3.7s
try  4 · gen   85 · best    752.3 · elite    323.9 · median     11.9 · years  38.3 · road 0.38 · starved  1457 · nobles  -1.6 · read 43.7 · walls  5.4 · fell 85.1% (mother 41.6%) · prince 16.9% · king  9.5% · crowned  5.6% (median year 59) · 3.7s
try  5 · gen   85 · best   1049.7 · elite    379.5 · median      9.4 · years  38.3 · road 0.38 · starved  1854 · nobles  +1.9 · read 41.2 · walls  6.9 · fell 80.9% (mother 38.2%) · prince 16.6% · king 11.1% · crowned  9.2% (median year 66) · 3.7s
try  6 · gen   85 · best   1067.1 · elite    599.1 · median    103.7 · years  24.0 · road 0.36 · starved   726 · nobles  +0.1 · read  7.3 · walls  1.2 · fell 79.2% (mother 22.1%) · prince 19.8% · king 15.2% · crowned 12.4% (median year 38) · 3.7s
try  7 · gen   85 · best    192.3 · elite    129.1 · median     40.7 · years  68.6 · road 0.44 · starved   527 · nobles -13.8 · read 66.5 · walls  7.4 · fell 44.6% (mother 13.0%) · prince  0.0% · king  0.0% · crowned  0.0% · 3.7s
try  8 · gen   85 · best    206.4 · elite    125.6 · median     38.1 · years  65.5 · road 0.47 · starved   701 · nobles -13.1 · read 94.4 · walls  8.2 · fell 51.6% (mother 19.5%) · prince  0.2% · king  0.0% · crowned  0.0% · 3.7s
try  1 · gen   86 · best    802.8 · elite    363.5 · median     -6.4 · years  28.4 · road 0.36 · starved  1018 · nobles  +3.1 · read 34.9 · walls  4.5 · fell 88.2% (mother 35.1%) · prince 13.2% · king  9.7% · crowned  7.8% (median year 57) · 3.7s
try  2 · gen   86 · best   1239.2 · elite    625.8 · median    153.6 · years  21.9 · road 0.34 · starved   836 · nobles  +4.4 · read 26.6 · walls  1.5 · fell 72.8% (mother 30.2%) · prince 24.0% · king 17.7% · crowned 13.4% (median year 28) · 3.7s
try  3 · gen   86 · best   1095.6 · elite    595.2 · median    146.9 · years  23.4 · road 0.37 · starved  1029 · nobles  +7.0 · read 17.4 · walls  1.9 · fell 73.7% (mother 43.6%) · prince 25.0% · king 17.6% · crowned 13.0% (median year 31) · 3.7s
try  4 · gen   86 · best    697.4 · elite    336.7 · median      9.9 · years  37.8 · road 0.37 · starved  1390 · nobles  -1.1 · read 43.9 · walls  4.9 · fell 85.3% (mother 40.8%) · prince 16.7% · king  9.3% · crowned  5.6% (median year 61) · 3.7s
try  5 · gen   86 · best    699.8 · elite    376.5 · median     10.1 · years  38.3 · road 0.38 · starved  1971 · nobles  +2.2 · read 41.8 · walls  6.7 · fell 81.2% (mother 40.1%) · prince 16.5% · king 11.3% · crowned  9.4% (median year 66) · 3.7s
try  6 · gen   86 · best    922.2 · elite    559.8 · median    130.8 · years  23.1 · road 0.36 · starved  1051 · nobles  +0.4 · read  7.1 · walls  1.1 · fell 78.1% (mother 21.8%) · prince 19.8% · king 15.5% · crowned 12.7% (median year 36) · 3.7s
try  7 · gen   86 · best    193.1 · elite    128.9 · median     42.9 · years  67.3 · road 0.44 · starved   480 · nobles -13.4 · read 65.8 · walls  7.5 · fell 45.6% (mother 12.7%) · prince  0.0% · king  0.0% · crowned  0.0% · 3.7s
try  8 · gen   86 · best    200.4 · elite    130.2 · median     40.7 · years  65.5 · road 0.47 · starved   687 · nobles -12.9 · read 96.0 · walls  8.0 · fell 51.7% (mother 18.0%) · prince  0.2% · king  0.0% · crowned  0.0% · 3.7s
try  1 · gen   87 · best    620.1 · elite    348.4 · median     -7.2 · years  29.2 · road 0.37 · starved  1085 · nobles  +3.6 · read 34.4 · walls  5.0 · fell 88.3% (mother 35.7%) · prince 13.9% · king  9.2% · crowned  7.5% (median year 58) · 3.6s
try  2 · gen   87 · best   1019.5 · elite    635.2 · median    151.5 · years  21.7 · road 0.34 · starved   800 · nobles  +4.4 · read 26.4 · walls  1.6 · fell 71.2% (mother 28.5%) · prince 24.7% · king 17.6% · crowned 13.6% (median year 28) · 3.6s
try  3 · gen   87 · best   1026.8 · elite    643.3 · median    154.2 · years  23.0 · road 0.36 · starved   982 · nobles  +7.6 · read 16.2 · walls  2.0 · fell 70.7% (mother 39.8%) · prince 24.6% · king 18.1% · crowned 13.7% (median year 31) · 3.6s
try  4 · gen   87 · best    657.0 · elite    320.6 · median      9.1 · years  37.6 · road 0.37 · starved  1377 · nobles  -1.0 · read 43.4 · walls  5.0 · fell 84.6% (mother 40.4%) · prince 15.9% · king  9.4% · crowned  5.9% (median year 61) · 3.6s
try  5 · gen   87 · best    718.1 · elite    375.3 · median     23.3 · years  38.8 · road 0.38 · starved  1439 · nobles  +2.1 · read 43.7 · walls  6.8 · fell 80.9% (mother 41.3%) · prince 16.3% · king 11.7% · crowned  9.8% (median year 68) · 3.6s
try  6 · gen   87 · best   1006.9 · elite    593.4 · median    121.5 · years  22.0 · road 0.36 · starved   691 · nobles  +0.3 · read  5.8 · walls  1.0 · fell 76.8% (mother 22.0%) · prince 19.8% · king 15.4% · crowned 13.0% (median year 34) · 3.6s
try  7 · gen   87 · best    175.0 · elite    126.9 · median     44.7 · years  68.4 · road 0.44 · starved   466 · nobles -13.6 · read 67.1 · walls  7.4 · fell 43.3% (mother 12.5%) · prince  0.0% · king  0.0% · crowned  0.0% · 3.6s
try  8 · gen   87 · best    221.2 · elite    129.9 · median     43.4 · years  66.3 · road 0.47 · starved   599 · nobles -13.1 · read 96.8 · walls  7.9 · fell 49.9% (mother 16.5%) · prince  0.2% · king  0.0% · crowned  0.0% · 3.6s
try  1 · gen   88 · best    663.3 · elite    365.8 · median     -8.3 · years  28.9 · road 0.37 · starved  1122 · nobles  +4.4 · read 33.4 · walls  4.8 · fell 88.1% (mother 37.6%) · prince 13.7% · king  9.1% · crowned  7.5% (median year 57) · 3.6s
try  2 · gen   88 · best   1196.5 · elite    620.9 · median    174.2 · years  21.6 · road 0.34 · starved   799 · nobles  +4.8 · read 26.7 · walls  1.7 · fell 71.9% (mother 29.9%) · prince 25.1% · king 18.6% · crowned 14.5% (median year 29) · 3.6s
try  3 · gen   88 · best   1193.7 · elite    614.9 · median    159.3 · years  23.0 · road 0.37 · starved  1025 · nobles  +7.6 · read 15.6 · walls  2.0 · fell 73.4% (mother 42.6%) · prince 25.2% · king 18.0% · crowned 13.2% (median year 30) · 3.6s
try  4 · gen   88 · best    543.6 · elite    327.1 · median     14.4 · years  38.9 · road 0.38 · starved  1437 · nobles  -1.6 · read 45.3 · walls  5.4 · fell 84.3% (mother 42.8%) · prince 17.1% · king  9.7% · crowned  5.6% (median year 61) · 3.6s
try  5 · gen   88 · best    672.5 · elite    387.2 · median     24.6 · years  39.6 · road 0.39 · starved  1357 · nobles  +2.2 · read 44.9 · walls  6.9 · fell 79.8% (mother 42.1%) · prince 17.6% · king 11.9% · crowned 10.0% (median year 68) · 3.6s
try  6 · gen   88 · best    938.1 · elite    600.2 · median    127.3 · years  22.5 · road 0.36 · starved   757 · nobles  +0.2 · read  5.3 · walls  1.0 · fell 76.9% (mother 21.2%) · prince 20.9% · king 15.8% · crowned 12.8% (median year 33) · 3.6s
try  7 · gen   88 · best    194.9 · elite    126.1 · median     44.3 · years  68.4 · road 0.44 · starved   513 · nobles -13.6 · read 72.4 · walls  7.6 · fell 45.2% (mother 14.6%) · prince  0.0% · king  0.0% · crowned  0.0% · 3.6s
try  8 · gen   88 · best    190.7 · elite    129.5 · median     45.2 · years  66.5 · road 0.47 · starved   838 · nobles -13.3 · read 94.9 · walls  7.8 · fell 50.9% (mother 18.1%) · prince  0.3% · king  0.0% · crowned  0.0% · 3.6s
try  1 · gen   89 · best    708.3 · elite    352.9 · median    -12.6 · years  28.4 · road 0.36 · starved  1125 · nobles  +4.2 · read 33.1 · walls  4.7 · fell 89.1% (mother 37.6%) · prince 13.7% · king  8.9% · crowned  7.3% (median year 57) · 3.6s
try  2 · gen   89 · best    933.8 · elite    621.3 · median    177.3 · years  21.5 · road 0.35 · starved   781 · nobles  +4.2 · read 27.3 · walls  1.7 · fell 70.2% (mother 30.2%) · prince 25.7% · king 19.0% · crowned 14.7% (median year 28) · 3.6s
try  3 · gen   89 · best   1120.1 · elite    652.6 · median    133.2 · years  22.7 · road 0.37 · starved  1143 · nobles  +7.5 · read 14.6 · walls  2.1 · fell 74.1% (mother 42.0%) · prince 24.5% · king 17.6% · crowned 12.8% (median year 30) · 3.6s
try  4 · gen   89 · best    641.7 · elite    328.0 · median     12.1 · years  39.6 · road 0.38 · starved  1424 · nobles  -0.9 · read 46.9 · walls  5.7 · fell 83.2% (mother 41.8%) · prince 17.7% · king 10.4% · crowned  6.7% (median year 62) · 3.6s
try  5 · gen   89 · best    818.9 · elite    384.6 · median     17.5 · years  40.0 · road 0.39 · starved  1377 · nobles  +1.5 · read 46.3 · walls  6.8 · fell 80.2% (mother 41.1%) · prince 17.9% · king 11.9% · crowned  9.6% (median year 69) · 3.6s
try  6 · gen   89 · best    984.1 · elite    607.3 · median    140.5 · years  22.1 · road 0.36 · starved   744 · nobles  +0.9 · read  4.5 · walls  1.0 · fell 75.9% (mother 21.8%) · prince 20.9% · king 15.9% · crowned 13.6% (median year 34) · 3.6s
try  7 · gen   89 · best    189.8 · elite    128.2 · median     46.5 · years  68.7 · road 0.45 · starved   492 · nobles -13.6 · read 77.7 · walls  7.6 · fell 44.0% (mother 13.7%) · prince  0.0% · king  0.0% · crowned  0.0% · 3.6s
try  8 · gen   89 · best    199.2 · elite    130.6 · median     40.9 · years  64.6 · road 0.46 · starved   951 · nobles -12.8 · read 91.0 · walls  7.8 · fell 53.9% (mother 18.2%) · prince  0.2% · king  0.0% · crowned  0.0% (median year 80) · 3.6s
try  1 · gen   90 · best    744.9 · elite    370.3 · median    -14.3 · years  28.8 · road 0.36 · starved  1108 · nobles  +3.9 · read 33.3 · walls  4.7 · fell 88.8% (mother 37.0%) · prince 13.8% · king  9.1% · crowned  7.4% (median year 58) · 3.6s
try  2 · gen   90 · best   1084.5 · elite    615.3 · median    178.9 · years  21.6 · road 0.35 · starved   824 · nobles  +4.4 · read 27.2 · walls  1.9 · fell 70.9% (mother 31.0%) · prince 26.2% · king 19.2% · crowned 14.6% (median year 27) · 3.6s
try  3 · gen   90 · best   1112.5 · elite    635.3 · median    165.8 · years  23.2 · road 0.38 · starved   990 · nobles  +7.5 · read 15.2 · walls  2.3 · fell 70.4% (mother 39.0%) · prince 26.3% · king 19.3% · crowned 14.3% (median year 30) · 3.6s
try  4 · gen   90 · best    786.5 · elite    364.8 · median     12.7 · years  38.2 · road 0.38 · starved  1484 · nobles  -0.6 · read 45.5 · walls  5.3 · fell 83.2% (mother 41.9%) · prince 17.5% · king 10.5% · crowned  6.9% (median year 58) · 3.6s
try  5 · gen   90 · best    762.7 · elite    371.3 · median     20.6 · years  40.4 · road 0.39 · starved  1424 · nobles  +1.6 · read 47.6 · walls  6.9 · fell 80.1% (mother 43.8%) · prince 18.2% · king 11.6% · crowned  9.4% (median year 69) · 3.6s
try  6 · gen   90 · best   1151.5 · elite    578.2 · median    100.0 · years  21.3 · road 0.36 · starved   768 · nobles  +0.5 · read  3.3 · walls  0.9 · fell 78.0% (mother 23.9%) · prince 20.0% · king 14.8% · crowned 12.6% (median year 33) · 3.6s
try  7 · gen   90 · best    175.7 · elite    127.4 · median     48.2 · years  69.2 · road 0.45 · starved   483 · nobles -13.6 · read 83.7 · walls  7.5 · fell 42.4% (mother 13.5%) · prince  0.0% · king  0.0% · crowned  0.0% · 3.6s
try  8 · gen   90 · best    196.7 · elite    131.0 · median     44.3 · years  66.3 · road 0.47 · starved   911 · nobles -13.0 · read 93.0 · walls  8.2 · fell 51.8% (mother 18.8%) · prince  0.2% · king  0.0% · crowned  0.0% · 3.6s
try  1 · gen   91 · best    666.4 · elite    362.3 · median    -12.0 · years  28.6 · road 0.36 · starved  1341 · nobles  +4.1 · read 32.9 · walls  4.5 · fell 88.8% (mother 37.7%) · prince 14.0% · king  9.8% · crowned  7.6% (median year 58) · 3.6s
try  2 · gen   91 · best   1034.5 · elite    641.0 · median    176.2 · years  21.5 · road 0.35 · starved   835 · nobles  +4.0 · read 27.7 · walls  2.1 · fell 71.0% (mother 31.2%) · prince 26.1% · king 19.1% · crowned 14.6% (median year 28) · 3.6s
try  3 · gen   91 · best   1195.6 · elite    662.6 · median    164.3 · years  22.6 · road 0.38 · starved  1097 · nobles  +7.7 · read 15.1 · walls  2.2 · fell 72.0% (mother 39.0%) · prince 26.5% · king 19.4% · crowned 13.8% (median year 29) · 3.6s
try  4 · gen   91 · best    648.1 · elite    309.2 · median      0.3 · years  37.1 · road 0.37 · starved  1425 · nobles  +0.4 · read 44.0 · walls  5.0 · fell 83.9% (mother 42.7%) · prince 15.7% · king  8.9% · crowned  5.9% (median year 58) · 3.6s
try  5 · gen   91 · best    720.3 · elite    380.1 · median      6.5 · years  39.9 · road 0.39 · starved  1477 · nobles  +1.4 · read 47.4 · walls  6.9 · fell 81.2% (mother 45.9%) · prince 17.7% · king 11.4% · crowned  9.3% (median year 70) · 3.6s
try  6 · gen   91 · best   1391.2 · elite    602.2 · median    144.1 · years  20.9 · road 0.37 · starved   754 · nobles  +0.6 · read  3.0 · walls  1.1 · fell 76.0% (mother 24.6%) · prince 20.9% · king 15.9% · crowned 13.6% (median year 32) · 3.6s
try  7 · gen   91 · best    196.7 · elite    130.0 · median     47.3 · years  70.1 · road 0.45 · starved   481 · nobles -13.8 · read 89.6 · walls  7.6 · fell 42.1% (mother 13.5%) · prince  0.0% · king  0.0% · crowned  0.0% · 3.6s
try  8 · gen   91 · best    193.2 · elite    129.6 · median     39.6 · years  64.6 · road 0.46 · starved  1006 · nobles -12.7 · read 92.4 · walls  8.4 · fell 52.3% (mother 19.3%) · prince  0.1% · king  0.0% · crowned  0.0% · 3.6s
try  1 · gen   92 · best    793.4 · elite    359.7 · median    -14.8 · years  29.0 · road 0.36 · starved  1181 · nobles  +4.2 · read 34.1 · walls  4.5 · fell 88.6% (mother 36.0%) · prince 14.0% · king  9.4% · crowned  7.4% (median year 57) · 3.5s
try  2 · gen   92 · best   1038.1 · elite    622.4 · median    173.6 · years  21.5 · road 0.36 · starved   838 · nobles  +3.9 · read 27.1 · walls  2.2 · fell 71.4% (mother 31.1%) · prince 26.2% · king 19.2% · crowned 14.2% (median year 28) · 3.5s
try  3 · gen   92 · best   1231.9 · elite    657.6 · median    181.4 · years  22.4 · road 0.38 · starved   900 · nobles  +7.6 · read 14.8 · walls  2.2 · fell 69.4% (mother 36.7%) · prince 26.9% · king 19.0% · crowned 14.4% (median year 28) · 3.5s
try  4 · gen   92 · best    653.4 · elite    367.1 · median      1.3 · years  37.4 · road 0.37 · starved  1455 · nobles  +1.1 · read 44.2 · walls  4.7 · fell 83.4% (mother 44.3%) · prince 17.0% · king  9.3% · crowned  6.3% (median year 58) · 3.5s
try  5 · gen   92 · best    942.2 · elite    377.6 · median     18.3 · years  40.9 · road 0.40 · starved  1496 · nobles  +1.9 · read 46.2 · walls  6.8 · fell 79.2% (mother 45.0%) · prince 19.1% · king 12.1% · crowned  9.7% (median year 69) · 3.5s
try  6 · gen   92 · best   1120.5 · elite    596.6 · median    148.4 · years  20.5 · road 0.37 · starved   772 · nobles  +0.2 · read  3.1 · walls  1.0 · fell 76.4% (mother 28.1%) · prince 22.0% · king 16.4% · crowned 13.7% (median year 32) · 3.5s
try  7 · gen   92 · best    187.3 · elite    128.8 · median     50.1 · years  71.2 · road 0.45 · starved   478 · nobles -13.8 · read 95.1 · walls  7.8 · fell 40.2% (mother 13.9%) · prince  0.0% · king  0.0% · crowned  0.0% · 3.5s
try  8 · gen   92 · best    210.5 · elite    134.5 · median     40.2 · years  67.1 · road 0.47 · starved   843 · nobles -13.2 · read 97.5 · walls  8.4 · fell 51.5% (mother 19.0%) · prince  0.1% · king  0.0% · crowned  0.0% · 3.5s
try  1 · gen   93 · best    780.1 · elite    353.5 · median    -16.0 · years  28.8 · road 0.35 · starved  2377 · nobles  +4.6 · read 33.8 · walls  4.3 · fell 89.8% (mother 37.9%) · prince 13.6% · king  9.0% · crowned  7.2% (median year 57) · 3.7s
try  2 · gen   93 · best   1047.2 · elite    666.3 · median    178.4 · years  21.7 · road 0.36 · starved   823 · nobles  +3.8 · read 27.9 · walls  2.3 · fell 70.8% (mother 30.7%) · prince 27.3% · king 19.3% · crowned 15.0% (median year 28) · 3.7s
try  3 · gen   93 · best   1230.1 · elite    661.1 · median    179.3 · years  22.3 · road 0.39 · starved   890 · nobles  +7.9 · read 15.0 · walls  2.5 · fell 69.1% (mother 36.4%) · prince 26.0% · king 19.5% · crowned 14.5% (median year 28) · 3.7s
try  4 · gen   93 · best    647.4 · elite    373.8 · median      3.4 · years  35.2 · road 0.36 · starved  1337 · nobles  +2.6 · read 42.3 · walls  4.4 · fell 82.8% (mother 44.4%) · prince 15.6% · king  9.9% · crowned  7.2% (median year 55) · 3.7s
try  5 · gen   93 · best    678.4 · elite    385.0 · median     24.9 · years  41.7 · road 0.40 · starved  1414 · nobles  +0.5 · read 48.1 · walls  6.8 · fell 78.3% (mother 44.3%) · prince 19.1% · king 12.1% · crowned 10.0% (median year 69) · 3.7s
try  6 · gen   93 · best   1226.0 · elite    613.6 · median    155.0 · years  20.3 · road 0.37 · starved   828 · nobles  -0.2 · read  3.5 · walls  1.1 · fell 76.6% (mother 28.0%) · prince 21.8% · king 16.7% · crowned 13.8% (median year 30) · 3.7s
try  7 · gen   93 · best    180.5 · elite    126.2 · median     49.8 · years  70.1 · road 0.45 · starved   490 · nobles -13.5 · read 96.0 · walls  7.8 · fell 40.1% (mother 14.6%) · prince  0.0% · king  0.0% · crowned  0.0% · 3.7s
try  8 · gen   93 · best    187.3 · elite    124.3 · median     40.3 · years  65.7 · road 0.47 · starved  1227 · nobles -13.0 · read 98.1 · walls  8.3 · fell 52.1% (mother 20.5%) · prince  0.1% · king  0.0% · crowned  0.0% · 3.7s
try  1 · gen   94 · best    788.5 · elite    365.9 · median    -15.8 · years  28.4 · road 0.35 · starved  1205 · nobles  +4.4 · read 32.3 · walls  4.3 · fell 88.7% (mother 36.2%) · prince 13.4% · king  9.1% · crowned  7.5% (median year 56) · 3.6s
try  2 · gen   94 · best   1034.6 · elite    615.0 · median    183.2 · years  21.5 · road 0.36 · starved   810 · nobles  +3.7 · read 27.7 · walls  2.3 · fell 71.6% (mother 31.3%) · prince 27.1% · king 18.5% · crowned 14.2% (median year 28) · 3.6s
try  3 · gen   94 · best   1179.1 · elite    678.1 · median    180.5 · years  22.6 · road 0.39 · starved   949 · nobles  +7.9 · read 14.5 · walls  2.6 · fell 69.3% (mother 38.2%) · prince 26.7% · king 19.5% · crowned 14.6% (median year 29) · 3.6s
try  4 · gen   94 · best    640.2 · elite    357.8 · median     -1.0 · years  34.9 · road 0.36 · starved  1358 · nobles  +3.2 · read 41.6 · walls  4.2 · fell 82.7% (mother 44.9%) · prince 15.8% · king  9.6% · crowned  7.1% (median year 56) · 3.6s
try  5 · gen   94 · best    625.0 · elite    389.6 · median     34.0 · years  42.2 · road 0.40 · starved  1456 · nobles  +0.4 · read 49.4 · walls  6.8 · fell 78.0% (mother 47.2%) · prince 19.8% · king 12.9% · crowned 10.3% (median year 70) · 3.6s
try  6 · gen   94 · best   1172.1 · elite    628.3 · median    146.1 · years  19.7 · road 0.37 · starved  1038 · nobles  -0.3 · read  3.8 · walls  1.1 · fell 76.2% (mother 28.7%) · prince 22.0% · king 16.8% · crowned 13.9% (median year 30) · 3.6s
try  7 · gen   94 · best    198.4 · elite    126.7 · median     45.9 · years  70.6 · road 0.45 · starved   499 · nobles -13.6 · read 102.0 · walls  7.9 · fell 39.6% (mother 13.7%) · prince  0.0% · king  0.0% · crowned  0.0% · 3.6s
try  8 · gen   94 · best    165.3 · elite    126.1 · median     37.7 · years  65.2 · road 0.47 · starved   885 · nobles -13.1 · read 93.6 · walls  8.3 · fell 52.5% (mother 20.8%) · prince  0.2% · king  0.0% · crowned  0.0% · 3.6s
try  1 · gen   95 · best    770.2 · elite    361.7 · median    -12.6 · years  28.8 · road 0.36 · starved  1663 · nobles  +4.7 · read 32.0 · walls  4.3 · fell 88.9% (mother 34.3%) · prince 13.4% · king  9.1% · crowned  7.3% (median year 56) · 3.5s
try  2 · gen   95 · best   1045.6 · elite    626.3 · median    179.7 · years  21.9 · road 0.36 · starved   889 · nobles  +4.5 · read 28.4 · walls  2.2 · fell 71.4% (mother 30.6%) · prince 26.6% · king 18.4% · crowned 14.6% (median year 29) · 3.5s
try  3 · gen   95 · best   1190.5 · elite    682.3 · median    176.1 · years  22.2 · road 0.38 · starved   938 · nobles  +7.9 · read 14.6 · walls  2.4 · fell 69.2% (mother 38.1%) · prince 27.0% · king 19.1% · crowned 14.6% (median year 28) · 3.5s
try  4 · gen   95 · best    868.0 · elite    385.7 · median     11.8 · years  34.8 · road 0.36 · starved  1299 · nobles  +3.2 · read 43.0 · walls  4.4 · fell 81.6% (mother 43.6%) · prince 16.7% · king 10.6% · crowned  8.2% (median year 54) · 3.5s
try  5 · gen   95 · best    696.2 · elite    392.5 · median     22.4 · years  43.4 · road 0.41 · starved  1606 · nobles  +0.5 · read 50.4 · walls  7.0 · fell 79.4% (mother 50.2%) · prince 20.4% · king 12.1% · crowned  9.5% (median year 71) · 3.5s
try  6 · gen   95 · best   1101.5 · elite    634.7 · median    156.6 · years  19.8 · road 0.38 · starved   742 · nobles  +0.1 · read  3.9 · walls  1.3 · fell 74.7% (mother 27.1%) · prince 22.1% · king 17.0% · crowned 14.2% (median year 30) · 3.5s
try  7 · gen   95 · best    182.5 · elite    127.3 · median     46.5 · years  70.2 · road 0.45 · starved   496 · nobles -13.5 · read 103.8 · walls  7.9 · fell 39.6% (mother 13.3%) · prince  0.0% · king  0.0% · crowned  0.0% · 3.5s
try  8 · gen   95 · best    181.0 · elite    132.9 · median     41.7 · years  66.9 · road 0.47 · starved   708 · nobles -13.4 · read 93.1 · walls  8.1 · fell 52.3% (mother 19.8%) · prince  0.1% · king  0.0% · crowned  0.0% · 3.5s
try  1 · gen   96 · best    782.4 · elite    360.4 · median    -18.1 · years  28.2 · road 0.35 · starved  1146 · nobles  +5.0 · read 31.0 · walls  4.0 · fell 89.1% (mother 36.6%) · prince 13.0% · king  8.5% · crowned  6.9% (median year 57) · 3.5s
try  2 · gen   96 · best   1171.6 · elite    654.6 · median    172.6 · years  21.6 · road 0.36 · starved   825 · nobles  +4.4 · read 28.3 · walls  2.2 · fell 71.4% (mother 31.4%) · prince 26.2% · king 18.7% · crowned 14.4% (median year 28) · 3.5s
try  3 · gen   96 · best   1194.9 · elite    654.0 · median    185.6 · years  22.1 · road 0.39 · starved   971 · nobles  +7.5 · read 14.4 · walls  2.5 · fell 68.9% (mother 37.8%) · prince 28.0% · king 20.0% · crowned 14.5% (median year 27) · 3.5s
try  4 · gen   96 · best    625.1 · elite    386.4 · median     17.9 · years  35.0 · road 0.37 · starved  1333 · nobles  +2.6 · read 43.5 · walls  4.8 · fell 81.8% (mother 45.0%) · prince 16.6% · king 10.9% · crowned  8.2% (median year 55) · 3.5s
try  5 · gen   96 · best    573.5 · elite    370.1 · median     26.8 · years  42.8 · road 0.41 · starved  1591 · nobles  +0.3 · read 50.6 · walls  7.0 · fell 77.7% (mother 49.2%) · prince 20.0% · king 12.5% · crowned  9.5% (median year 70) · 3.5s
try  6 · gen   96 · best   1233.6 · elite    649.5 · median    154.9 · years  20.1 · road 0.38 · starved   784 · nobles  -0.3 · read  4.1 · walls  1.4 · fell 74.3% (mother 26.4%) · prince 22.7% · king 17.4% · crowned 14.4% (median year 30) · 3.5s
try  7 · gen   96 · best    185.4 · elite    127.7 · median     48.3 · years  70.2 · road 0.45 · starved   495 · nobles -13.5 · read 105.9 · walls  8.0 · fell 39.8% (mother 13.0%) · prince  0.0% · king  0.0% · crowned  0.0% · 3.5s
try  8 · gen   96 · best    198.9 · elite    131.9 · median     42.8 · years  65.4 · road 0.47 · starved   672 · nobles -13.1 · read 89.4 · walls  7.9 · fell 54.9% (mother 20.2%) · prince  0.2% · king  0.0% · crowned  0.0% · 3.5s
try  1 · gen   97 · best    740.4 · elite    339.3 · median    -16.2 · years  27.6 · road 0.34 · starved  1184 · nobles  +5.5 · read 29.6 · walls  3.4 · fell 89.3% (mother 36.5%) · prince 12.4% · king  8.8% · crowned  7.1% (median year 56) · 3.6s
try  2 · gen   97 · best   1298.8 · elite    645.0 · median    191.6 · years  21.8 · road 0.36 · starved   813 · nobles  +4.5 · read 27.6 · walls  2.3 · fell 70.2% (mother 29.0%) · prince 28.1% · king 20.1% · crowned 15.7% (median year 28) · 3.6s
try  3 · gen   97 · best   1196.2 · elite    684.6 · median    178.4 · years  22.1 · road 0.39 · starved   968 · nobles  +7.8 · read 13.8 · walls  2.6 · fell 68.8% (mother 39.1%) · prince 28.4% · king 20.0% · crowned 14.7% (median year 27) · 3.6s
try  4 · gen   97 · best    783.6 · elite    382.6 · median     13.2 · years  35.0 · road 0.37 · starved  1310 · nobles  +2.9 · read 44.1 · walls  5.1 · fell 81.8% (mother 46.9%) · prince 16.6% · king 10.9% · crowned  8.2% (median year 56) · 3.6s
try  5 · gen   97 · best    639.1 · elite    380.3 · median     23.1 · years  44.4 · road 0.42 · starved  1608 · nobles  +0.2 · read 52.1 · walls  7.1 · fell 77.6% (mother 50.9%) · prince 20.8% · king 12.4% · crowned  9.6% (median year 72) · 3.6s
try  6 · gen   97 · best   1244.1 · elite    629.5 · median    167.2 · years  20.6 · road 0.38 · starved   775 · nobles  -0.5 · read  3.9 · walls  1.4 · fell 74.9% (mother 26.8%) · prince 23.8% · king 17.9% · crowned 14.5% (median year 31) · 3.6s
try  7 · gen   97 · best    191.1 · elite    129.8 · median     50.4 · years  71.2 · road 0.45 · starved   497 · nobles -13.7 · read 107.8 · walls  7.9 · fell 40.7% (mother 12.9%) · prince  0.0% · king  0.0% · crowned  0.0% · 3.6s
try  8 · gen   97 · best    189.0 · elite    130.3 · median     40.4 · years  65.9 · road 0.47 · starved   901 · nobles -13.2 · read 91.2 · walls  7.8 · fell 55.1% (mother 19.8%) · prince  0.2% · king  0.0% · crowned  0.0% · 3.6s
try  1 · gen   98 · best    869.7 · elite    392.9 · median     -9.4 · years  27.9 · road 0.35 · starved  1223 · nobles  +5.4 · read 29.3 · walls  3.5 · fell 88.6% (mother 35.7%) · prince 13.6% · king  9.6% · crowned  7.9% (median year 54) · 3.6s
try  2 · gen   98 · best   1229.8 · elite    664.1 · median    180.7 · years  21.5 · road 0.36 · starved   775 · nobles  +4.5 · read 27.3 · walls  2.4 · fell 69.6% (mother 28.0%) · prince 26.9% · king 20.1% · crowned 15.3% (median year 28) · 3.6s
try  3 · gen   98 · best   1121.2 · elite    691.0 · median    196.4 · years  21.8 · road 0.39 · starved   900 · nobles  +8.7 · read 14.1 · walls  2.6 · fell 67.1% (mother 37.0%) · prince 28.5% · king 20.4% · crowned 15.2% (median year 27) · 3.6s
try  4 · gen   98 · best   1059.2 · elite    405.6 · median     14.5 · years  34.5 · road 0.37 · starved  1270 · nobles  +3.2 · read 43.0 · walls  4.9 · fell 80.7% (mother 44.8%) · prince 16.2% · king 11.3% · crowned  8.4% (median year 54) · 3.6s
try  5 · gen   98 · best    627.0 · elite    366.1 · median     30.6 · years  44.8 · road 0.42 · starved  1628 · nobles  +0.8 · read 53.1 · walls  7.3 · fell 77.9% (mother 53.8%) · prince 21.1% · king 12.3% · crowned  9.9% (median year 72) · 3.6s
try  6 · gen   98 · best   1188.3 · elite    662.6 · median    160.8 · years  20.4 · road 0.38 · starved  1039 · nobles  -0.6 · read  4.6 · walls  1.2 · fell 74.0% (mother 25.2%) · prince 23.4% · king 18.2% · crowned 14.6% (median year 30) · 3.6s
try  7 · gen   98 · best    176.3 · elite    127.9 · median     46.5 · years  69.1 · road 0.45 · starved   457 · nobles -13.4 · read 105.5 · walls  8.0 · fell 42.3% (mother 12.4%) · prince  0.0% · king  0.0% · crowned  0.0% · 3.6s
try  8 · gen   98 · best    195.4 · elite    134.2 · median     41.7 · years  66.7 · road 0.48 · starved  1158 · nobles -13.4 · read 88.5 · walls  7.9 · fell 53.8% (mother 20.6%) · prince  0.3% · king  0.0% · crowned  0.0% · 3.6s
try  1 · gen   99 · best    827.9 · elite    361.0 · median    -20.3 · years  27.3 · road 0.35 · starved  1236 · nobles  +5.7 · read 28.1 · walls  3.5 · fell 89.8% (mother 38.9%) · prince 12.0% · king  8.5% · crowned  6.8% (median year 55) · 3.6s
try  2 · gen   99 · best   1162.6 · elite    686.8 · median    184.6 · years  21.9 · road 0.37 · starved   786 · nobles  +4.7 · read 27.2 · walls  2.3 · fell 69.5% (mother 26.2%) · prince 27.6% · king 20.2% · crowned 15.5% (median year 28) · 3.6s
try  3 · gen   99 · best   1177.2 · elite    703.7 · median    187.2 · years  21.9 · road 0.39 · starved   910 · nobles  +9.5 · read 15.1 · walls  2.5 · fell 66.3% (mother 35.8%) · prince 29.2% · king 21.2% · crowned 15.4% (median year 27) · 3.6s
try  4 · gen   99 · best    865.4 · elite    416.5 · median     15.3 · years  35.4 · road 0.37 · starved  1355 · nobles  +2.6 · read 44.0 · walls  4.9 · fell 80.6% (mother 44.4%) · prince 17.2% · king 11.1% · crowned  8.6% (median year 54) · 3.6s
try  5 · gen   99 · best    590.2 · elite    352.1 · median     38.7 · years  46.2 · road 0.43 · starved  1693 · nobles  -0.1 · read 54.3 · walls  7.5 · fell 76.7% (mother 53.1%) · prince 22.0% · king 12.6% · crowned  9.7% (median year 74) · 3.6s
try  6 · gen   99 · best   1171.3 · elite    647.1 · median    167.6 · years  20.3 · road 0.38 · starved   858 · nobles  -0.4 · read  5.0 · walls  1.3 · fell 74.1% (mother 25.9%) · prince 23.3% · king 18.2% · crowned 14.7% (median year 30) · 3.6s
try  7 · gen   99 · best    194.0 · elite    131.3 · median     47.0 · years  69.3 · road 0.45 · starved   512 · nobles -13.5 · read 104.3 · walls  8.0 · fell 40.6% (mother 15.1%) · prince  0.0% · king  0.0% · crowned  0.0% · 3.6s
try  8 · gen   99 · best    180.0 · elite    129.6 · median     43.8 · years  66.2 · road 0.47 · starved   696 · nobles -13.1 · read 92.3 · walls  7.6 · fell 53.1% (mother 18.8%) · prince  0.4% · king  0.0% · crowned  0.0% · 3.6s
