War · reads Reads { told: true, recall: false, journal: true } · hidden 32 · genome 33445 · population 1000 (first 10000) · elite 100 breeding at 0.3 · tables 6 · hall 0 · rank 40 · letters None · longest 100 years · 8 trials · AMD Radeon RX 6750 XT (RADV NAVI22)
try  1 · gen    0 · best      3.3 · elite    -24.1 · median   -107.9 · years  18.9 · road 0.21 · starved  1158 · nobles  -1.0 · read 49.1 · walls  1.7 · fell 99.3% (mother 83.9%) · prince  0.0% · king  0.0% · crowned  0.0% · 13.7s
try  2 · gen    0 · best      4.1 · elite    -23.5 · median   -107.6 · years  18.8 · road 0.21 · starved  1148 · nobles  -1.0 · read 48.7 · walls  1.7 · fell 99.4% (mother 83.7%) · prince  0.0% · king  0.0% · crowned  0.0% · 13.7s
try  3 · gen    0 · best      5.3 · elite    -23.1 · median   -107.8 · years  18.9 · road 0.21 · starved  1159 · nobles  -1.0 · read 49.1 · walls  1.7 · fell 99.4% (mother 84.1%) · prince  0.0% · king  0.0% · crowned  0.0% · 13.7s
try  4 · gen    0 · best      9.4 · elite    -21.2 · median   -107.5 · years  19.0 · road 0.21 · starved  1160 · nobles  -1.0 · read 49.2 · walls  1.7 · fell 99.4% (mother 83.9%) · prince  0.0% · king  0.0% · crowned  0.0% · 13.7s
try  5 · gen    0 · best      1.1 · elite    -23.7 · median   -107.7 · years  18.9 · road 0.21 · starved  1160 · nobles  -1.0 · read 49.0 · walls  1.7 · fell 99.3% (mother 84.2%) · prince  0.0% · king  0.0% · crowned  0.0% · 28.2s
try  6 · gen    0 · best     23.4 · elite    -22.4 · median   -108.6 · years  18.9 · road 0.21 · starved  1159 · nobles  -1.0 · read 49.2 · walls  1.7 · fell 99.4% (mother 84.2%) · prince  0.0% · king  0.0% · crowned  0.0% · 28.2s
try  7 · gen    0 · best     12.3 · elite    -23.0 · median   -107.7 · years  19.0 · road 0.21 · starved  1160 · nobles  -1.0 · read 49.2 · walls  1.7 · fell 99.3% (mother 84.4%) · prince  0.0% · king  0.0% · crowned  0.0% · 28.2s
try  8 · gen    0 · best     15.2 · elite    -23.0 · median   -107.6 · years  19.0 · road 0.21 · starved  1159 · nobles  -1.0 · read 49.2 · walls  1.7 · fell 99.3% (mother 83.7%) · prince  0.0% · king  0.0% · crowned  0.0% · 28.2s
try  1 · gen    1 · best     25.2 · elite    -42.3 · median   -103.9 · years  30.3 · road 0.25 · starved  1517 · nobles  -2.1 · read 73.6 · walls  2.9 · fell 97.8% (mother 75.7%) · prince  0.0% · king  0.0% · crowned  0.0% · 3.4s
try  2 · gen    1 · best      6.8 · elite    -45.0 · median   -106.0 · years  30.3 · road 0.25 · starved  1537 · nobles  -2.2 · read 72.2 · walls  2.6 · fell 97.7% (mother 71.8%) · prince  0.0% · king  0.0% · crowned  0.0% · 3.4s
try  3 · gen    1 · best      3.4 · elite    -46.7 · median   -106.1 · years  28.0 · road 0.24 · starved  1475 · nobles  -1.8 · read 67.7 · walls  2.8 · fell 98.3% (mother 76.1%) · prince  0.0% · king  0.0% · crowned  0.0% · 3.4s
try  4 · gen    1 · best     -9.9 · elite    -43.5 · median   -108.2 · years  32.2 · road 0.25 · starved  1598 · nobles  -2.0 · read 81.7 · walls  2.8 · fell 97.6% (mother 72.0%) · prince  0.0% · king  0.0% · crowned  0.0% · 3.4s
try  5 · gen    1 · best      0.8 · elite    -46.8 · median   -106.9 · years  29.6 · road 0.24 · starved  1525 · nobles  -1.9 · read 75.8 · walls  2.6 · fell 97.6% (mother 71.9%) · prince  0.0% · king  0.0% · crowned  0.0% · 3.4s
try  6 · gen    1 · best     -4.8 · elite    -47.2 · median   -105.6 · years  30.1 · road 0.25 · starved  1518 · nobles  -1.8 · read 71.2 · walls  2.7 · fell 97.2% (mother 70.9%) · prince  0.0% · king  0.0% · crowned  0.0% · 3.4s
try  7 · gen    1 · best     -3.9 · elite    -47.0 · median   -106.3 · years  31.1 · road 0.24 · starved  1544 · nobles  -2.0 · read 78.5 · walls  2.8 · fell 97.4% (mother 70.2%) · prince  0.0% · king  0.0% · crowned  0.0% · 3.4s
try  8 · gen    1 · best     11.4 · elite    -42.9 · median   -104.7 · years  30.5 · road 0.25 · starved  1522 · nobles  -2.1 · read 73.0 · walls  3.0 · fell 97.0% (mother 71.3%) · prince  0.0% · king  0.0% · crowned  0.0% · 3.4s
try  1 · gen    2 · best     -1.2 · elite    -48.7 · median   -107.6 · years  38.8 · road 0.25 · starved  1736 · nobles  -2.4 · read 100.8 · walls  3.1 · fell 93.8% (mother 60.5%) · prince  0.0% · king  0.0% · crowned  0.0% · 3.8s
try  2 · gen    2 · best     19.3 · elite    -44.8 · median   -104.6 · years  39.1 · road 0.26 · starved  1749 · nobles  -2.7 · read 94.0 · walls  3.2 · fell 95.4% (mother 63.6%) · prince  0.0% · king  0.0% · crowned  0.0% · 3.8s
try  3 · gen    2 · best     -3.7 · elite    -46.1 · median   -105.4 · years  36.3 · road 0.25 · starved  1672 · nobles  -2.3 · read 89.4 · walls  3.3 · fell 95.1% (mother 64.6%) · prince  0.0% · king  0.0% · crowned  0.0% · 3.8s
try  4 · gen    2 · best     -5.5 · elite    -46.6 · median   -107.2 · years  37.7 · road 0.25 · starved  1710 · nobles  -2.1 · read 96.7 · walls  3.3 · fell 95.2% (mother 63.2%) · prince  0.0% · king  0.0% · crowned  0.0% · 3.8s
try  5 · gen    2 · best     -3.2 · elite    -47.3 · median   -105.8 · years  36.3 · road 0.26 · starved  1719 · nobles  -2.5 · read 94.1 · walls  3.2 · fell 97.2% (mother 65.8%) · prince  0.0% · king  0.0% · crowned  0.0% · 3.8s
try  6 · gen    2 · best      0.4 · elite    -46.1 · median   -107.8 · years  36.8 · road 0.25 · starved  1709 · nobles  -2.0 · read 88.4 · walls  3.2 · fell 95.1% (mother 63.9%) · prince  0.0% · king  0.0% · crowned  0.0% · 3.8s
try  7 · gen    2 · best     -3.2 · elite    -44.3 · median   -104.3 · years  39.8 · road 0.26 · starved  1773 · nobles  -2.9 · read 99.5 · walls  3.4 · fell 94.3% (mother 62.2%) · prince  0.0% · king  0.0% · crowned  0.0% · 3.8s
try  8 · gen    2 · best      0.3 · elite    -42.6 · median   -103.8 · years  39.7 · road 0.26 · starved  1755 · nobles  -3.0 · read 96.3 · walls  3.3 · fell 93.0% (mother 60.1%) · prince  0.0% · king  0.0% · crowned  0.0% · 3.8s
try  1 · gen    3 · best      3.7 · elite    -43.9 · median   -102.4 · years  43.5 · road 0.25 · starved  1750 · nobles  -2.0 · read 115.1 · walls  3.1 · fell 87.5% (mother 51.8%) · prince  0.0% · king  0.0% · crowned  0.0% · 4.0s
try  2 · gen    3 · best     11.6 · elite    -43.4 · median   -106.2 · years  42.5 · road 0.25 · starved  1779 · nobles  -2.8 · read 103.4 · walls  3.2 · fell 91.5% (mother 57.2%) · prince  0.0% · king  0.0% · crowned  0.0% · 4.0s
try  3 · gen    3 · best      5.8 · elite    -38.9 · median   -104.3 · years  41.9 · road 0.26 · starved  1786 · nobles  -2.4 · read 105.6 · walls  3.8 · fell 90.2% (mother 57.9%) · prince  0.0% · king  0.0% · crowned  0.0% · 4.0s
try  4 · gen    3 · best     13.2 · elite    -41.6 · median   -104.3 · years  43.1 · road 0.25 · starved  1778 · nobles  -2.5 · read 111.6 · walls  3.3 · fell 89.2% (mother 54.5%) · prince  0.0% · king  0.0% · crowned  0.0% · 4.0s
try  5 · gen    3 · best     13.2 · elite    -47.0 · median   -104.5 · years  39.7 · road 0.26 · starved  1781 · nobles  -2.8 · read 104.6 · walls  3.7 · fell 94.3% (mother 58.3%) · prince  0.0% · king  0.0% · crowned  0.0% · 4.0s
try  6 · gen    3 · best    -10.2 · elite    -44.4 · median   -102.9 · years  42.2 · road 0.24 · starved  1762 · nobles  -2.0 · read 108.3 · walls  3.4 · fell 89.2% (mother 55.6%) · prince  0.0% · king  0.0% · crowned  0.0% · 4.0s
try  7 · gen    3 · best     12.4 · elite    -46.4 · median   -103.9 · years  43.1 · road 0.25 · starved  1785 · nobles  -2.5 · read 113.0 · walls  3.8 · fell 88.9% (mother 52.7%) · prince  0.0% · king  0.0% · crowned  0.0% · 4.0s
try  8 · gen    3 · best      6.7 · elite    -37.5 · median   -101.6 · years  44.1 · road 0.26 · starved  1774 · nobles  -3.2 · read 110.3 · walls  3.5 · fell 88.2% (mother 48.0%) · prince  0.0% · king  0.0% · crowned  0.0% · 4.0s
try  1 · gen    4 · best      9.6 · elite    -41.3 · median   -103.3 · years  45.8 · road 0.24 · starved  1787 · nobles  -1.8 · read 123.8 · walls  3.3 · fell 84.0% (mother 48.1%) · prince  0.0% · king  0.0% · crowned  0.0% · 4.1s
try  2 · gen    4 · best      0.2 · elite    -40.0 · median   -103.8 · years  43.6 · road 0.25 · starved  1764 · nobles  -2.8 · read 110.1 · walls  3.4 · fell 88.8% (mother 53.4%) · prince  0.0% · king  0.0% · crowned  0.0% · 4.1s
try  3 · gen    4 · best      9.0 · elite    -40.0 · median   -102.8 · years  44.7 · road 0.25 · starved  1774 · nobles  -1.8 · read 117.9 · walls  4.8 · fell 83.3% (mother 47.9%) · prince  0.0% · king  0.0% · crowned  0.0% · 4.1s
try  4 · gen    4 · best     11.0 · elite    -31.7 · median   -100.0 · years  45.2 · road 0.25 · starved  1755 · nobles  -2.9 · read 112.1 · walls  3.7 · fell 85.3% (mother 45.1%) · prince  0.0% · king  0.0% · crowned  0.0% · 4.1s
try  5 · gen    4 · best     -5.0 · elite    -42.6 · median   -102.9 · years  40.6 · road 0.26 · starved  1759 · nobles  -3.1 · read 104.1 · walls  3.8 · fell 94.2% (mother 56.2%) · prince  0.0% · king  0.0% · crowned  0.0% · 4.1s
try  6 · gen    4 · best     50.5 · elite    -39.6 · median   -101.8 · years  42.9 · road 0.25 · starved  1712 · nobles  -1.6 · read 117.5 · walls  3.7 · fell 85.6% (mother 47.3%) · prince  0.0% · king  0.0% · crowned  0.0% · 4.1s
try  7 · gen    4 · best      7.5 · elite    -40.9 · median   -103.2 · years  46.5 · road 0.25 · starved  1805 · nobles  -2.8 · read 124.5 · walls  4.0 · fell 83.8% (mother 42.9%) · prince  0.0% · king  0.0% · crowned  0.0% · 4.1s
try  8 · gen    4 · best     43.4 · elite    -33.6 · median   -101.2 · years  44.6 · road 0.25 · starved  1721 · nobles  -2.7 · read 116.0 · walls  3.2 · fell 84.8% (mother 36.6%) · prince  0.0% · king  0.0% · crowned  0.0% · 4.1s
try  1 · gen    5 · best     -3.9 · elite    -38.7 · median   -102.0 · years  46.1 · road 0.25 · starved  1769 · nobles  -2.1 · read 122.9 · walls  3.8 · fell 83.4% (mother 45.4%) · prince  0.0% · king  0.0% · crowned  0.0% · 4.1s
try  2 · gen    5 · best     12.4 · elite    -38.7 · median   -101.0 · years  45.6 · road 0.25 · starved  1751 · nobles  -3.2 · read 126.5 · walls  3.5 · fell 84.5% (mother 46.8%) · prince  0.0% · king  0.0% · crowned  0.0% · 4.1s
try  3 · gen    5 · best     13.2 · elite    -39.3 · median   -100.1 · years  42.9 · road 0.26 · starved  1703 · nobles  -1.5 · read 110.7 · walls  5.2 · fell 82.8% (mother 45.4%) · prince  0.0% · king  0.0% · crowned  0.0% · 4.1s
try  4 · gen    5 · best     49.2 · elite    -32.3 · median    -99.1 · years  45.4 · road 0.26 · starved  1732 · nobles  -3.2 · read 96.4 · walls  4.1 · fell 83.7% (mother 41.6%) · prince  0.0% · king  0.0% · crowned  0.0% · 4.1s
try  5 · gen    5 · best     37.4 · elite    -37.8 · median    -99.5 · years  42.3 · road 0.27 · starved  1753 · nobles  -3.7 · read 106.9 · walls  4.3 · fell 91.9% (mother 52.8%) · prince  0.0% · king  0.0% · crowned  0.0% · 4.1s
try  6 · gen    5 · best      6.6 · elite    -38.0 · median    -98.8 · years  45.4 · road 0.25 · starved  1706 · nobles  -1.5 · read 127.6 · walls  4.0 · fell 79.7% (mother 40.4%) · prince  0.0% · king  0.0% · crowned  0.0% · 4.1s
try  7 · gen    5 · best     24.4 · elite    -43.2 · median   -103.2 · years  44.9 · road 0.25 · starved  1748 · nobles  -2.9 · read 116.6 · walls  4.2 · fell 82.9% (mother 38.3%) · prince  0.0% · king  0.0% · crowned  0.0% · 4.1s
try  8 · gen    5 · best     20.6 · elite    -26.3 · median    -95.2 · years  45.2 · road 0.26 · starved  1690 · nobles  -2.7 · read 110.9 · walls  3.4 · fell 82.9% (mother 34.3%) · prince  0.0% · king  0.0% · crowned  0.0% · 4.1s
try  1 · gen    6 · best     21.2 · elite    -37.1 · median   -100.5 · years  46.0 · road 0.24 · starved  1727 · nobles  -2.2 · read 124.7 · walls  3.7 · fell 79.2% (mother 39.2%) · prince  0.0% · king  0.0% · crowned  0.0% · 4.1s
try  2 · gen    6 · best      9.6 · elite    -35.3 · median   -100.2 · years  45.0 · road 0.25 · starved  1725 · nobles  -3.4 · read 131.2 · walls  3.6 · fell 82.9% (mother 41.9%) · prince  0.0% · king  0.0% · crowned  0.0% · 4.1s
try  3 · gen    6 · best      7.9 · elite    -33.8 · median    -95.8 · years  44.6 · road 0.26 · starved  1716 · nobles  -1.8 · read 114.2 · walls  5.3 · fell 81.3% (mother 49.0%) · prince  0.0% · king  0.0% · crowned  0.0% · 4.1s
try  4 · gen    6 · best     22.2 · elite    -29.5 · median    -96.2 · years  44.2 · road 0.27 · starved  1691 · nobles  -3.4 · read 80.5 · walls  4.5 · fell 85.1% (mother 39.6%) · prince  0.0% · king  0.0% · crowned  0.0% · 4.1s
try  5 · gen    6 · best     21.6 · elite    -40.2 · median    -95.1 · years  42.4 · road 0.27 · starved  1721 · nobles  -4.0 · read 106.3 · walls  4.4 · fell 90.2% (mother 50.3%) · prince  0.0% · king  0.0% · crowned  0.0% · 4.1s
try  6 · gen    6 · best     53.1 · elite    -30.0 · median    -96.9 · years  46.6 · road 0.25 · starved  1687 · nobles  -1.5 · read 131.4 · walls  4.2 · fell 77.2% (mother 38.8%) · prince  0.0% · king  0.0% · crowned  0.0% · 4.1s
try  7 · gen    6 · best      6.1 · elite    -38.7 · median   -103.4 · years  46.5 · road 0.26 · starved  1796 · nobles  -3.2 · read 118.4 · walls  4.3 · fell 82.5% (mother 37.2%) · prince  0.0% · king  0.0% · crowned  0.0% · 4.1s
try  8 · gen    6 · best     45.4 · elite    -23.6 · median    -91.2 · years  46.0 · road 0.26 · starved  1676 · nobles  -2.4 · read 109.3 · walls  3.7 · fell 82.4% (mother 32.1%) · prince  0.0% · king  0.0% · crowned  0.0% · 4.1s
try  1 · gen    7 · best     14.2 · elite    -36.1 · median   -100.3 · years  46.4 · road 0.25 · starved  1726 · nobles  -2.2 · read 121.4 · walls  3.8 · fell 80.1% (mother 42.8%) · prince  0.0% · king  0.0% · crowned  0.0% · 4.1s
try  2 · gen    7 · best     10.9 · elite    -29.1 · median    -98.9 · years  44.2 · road 0.26 · starved  1703 · nobles  -3.4 · read 129.8 · walls  3.7 · fell 82.1% (mother 37.5%) · prince  0.0% · king  0.0% · crowned  0.0% · 4.1s
try  3 · gen    7 · best     20.4 · elite    -29.9 · median    -95.7 · years  44.4 · road 0.27 · starved  1693 · nobles  -1.7 · read 115.1 · walls  5.3 · fell 80.8% (mother 45.5%) · prince  0.0% · king  0.0% · crowned  0.0% · 4.1s
try  4 · gen    7 · best     45.1 · elite    -23.0 · median    -96.0 · years  45.5 · road 0.28 · starved  1712 · nobles  -3.2 · read 79.0 · walls  4.6 · fell 83.5% (mother 34.5%) · prince  0.0% · king  0.0% · crowned  0.0% · 4.1s
try  5 · gen    7 · best     17.3 · elite    -34.3 · median    -96.8 · years  41.6 · road 0.27 · starved  1668 · nobles  -3.9 · read 102.4 · walls  4.1 · fell 90.6% (mother 46.0%) · prince  0.0% · king  0.0% · crowned  0.0% · 4.1s
try  6 · gen    7 · best     34.7 · elite    -31.3 · median    -93.9 · years  47.3 · road 0.25 · starved  1707 · nobles  -1.5 · read 130.6 · walls  4.4 · fell 74.6% (mother 35.7%) · prince  0.0% · king  0.0% · crowned  0.0% · 4.1s
try  7 · gen    7 · best     13.8 · elite    -37.0 · median   -100.0 · years  45.2 · road 0.26 · starved  1767 · nobles  -3.0 · read 104.3 · walls  4.3 · fell 82.5% (mother 38.1%) · prince  0.0% · king  0.0% · crowned  0.0% · 4.1s
try  8 · gen    7 · best     28.8 · elite    -19.8 · median    -88.5 · years  43.9 · road 0.27 · starved  1608 · nobles  -2.2 · read 99.5 · walls  3.9 · fell 83.1% (mother 33.4%) · prince  0.0% · king  0.0% · crowned  0.0% · 4.1s
try  1 · gen    8 · best      2.1 · elite    -37.2 · median    -98.7 · years  46.2 · road 0.25 · starved  1704 · nobles  -2.1 · read 118.2 · walls  3.6 · fell 79.9% (mother 39.9%) · prince  0.0% · king  0.0% · crowned  0.0% · 4.1s
try  2 · gen    8 · best     35.0 · elite    -29.6 · median    -96.0 · years  45.3 · road 0.26 · starved  1709 · nobles  -3.9 · read 135.4 · walls  3.8 · fell 81.1% (mother 35.6%) · prince  0.0% · king  0.0% · crowned  0.0% · 4.1s
try  3 · gen    8 · best     25.2 · elite    -34.0 · median    -95.5 · years  44.4 · road 0.27 · starved  1678 · nobles  -1.9 · read 111.3 · walls  5.0 · fell 79.1% (mother 42.8%) · prince  0.0% · king  0.0% · crowned  0.0% · 4.1s
try  4 · gen    8 · best     42.7 · elite    -22.2 · median    -96.9 · years  43.5 · road 0.27 · starved  1670 · nobles  -2.7 · read 73.5 · walls  4.2 · fell 84.9% (mother 31.6%) · prince  0.0% · king  0.0% · crowned  0.0% · 4.1s
try  5 · gen    8 · best      3.9 · elite    -33.1 · median    -96.8 · years  42.7 · road 0.27 · starved  1692 · nobles  -4.1 · read 103.6 · walls  4.4 · fell 90.0% (mother 44.9%) · prince  0.0% · king  0.0% · crowned  0.0% · 4.1s
try  6 · gen    8 · best     12.2 · elite    -32.4 · median    -93.0 · years  45.9 · road 0.26 · starved  1651 · nobles  -1.8 · read 126.9 · walls  4.6 · fell 77.6% (mother 35.6%) · prince  0.0% · king  0.0% · crowned  0.0% · 4.1s
try  7 · gen    8 · best     24.5 · elite    -34.9 · median    -98.7 · years  44.9 · road 0.27 · starved  1739 · nobles  -2.8 · read 98.6 · walls  4.6 · fell 82.2% (mother 37.1%) · prince  0.0% · king  0.0% · crowned  0.0% · 4.1s
try  8 · gen    8 · best     33.9 · elite    -16.6 · median    -88.7 · years  42.6 · road 0.27 · starved  1577 · nobles  -2.5 · read 92.1 · walls  3.9 · fell 84.6% (mother 35.5%) · prince  0.0% · king  0.0% · crowned  0.0% · 4.1s
try  1 · gen    9 · best      1.2 · elite    -34.1 · median    -99.4 · years  44.6 · road 0.25 · starved  1655 · nobles  -2.3 · read 113.9 · walls  3.7 · fell 81.1% (mother 38.1%) · prince  0.0% · king  0.0% · crowned  0.0% · 4.1s
try  2 · gen    9 · best     13.5 · elite    -31.4 · median    -96.8 · years  43.7 · road 0.26 · starved  1681 · nobles  -3.9 · read 131.5 · walls  3.6 · fell 83.7% (mother 34.6%) · prince  0.0% · king  0.0% · crowned  0.0% · 4.1s
try  3 · gen    9 · best     20.0 · elite    -28.9 · median    -95.0 · years  43.2 · road 0.27 · starved  1629 · nobles  -1.7 · read 104.6 · walls  4.8 · fell 79.8% (mother 43.5%) · prince  0.0% · king  0.0% · crowned  0.0% · 4.1s
try  4 · gen    9 · best     38.1 · elite    -21.0 · median    -91.3 · years  45.3 · road 0.27 · starved  1665 · nobles  -2.7 · read 73.5 · walls  4.3 · fell 83.4% (mother 30.8%) · prince  0.0% · king  0.0% · crowned  0.0% · 4.1s
try  5 · gen    9 · best     23.9 · elite    -32.4 · median    -94.4 · years  40.5 · road 0.27 · starved  1615 · nobles  -4.0 · read 92.7 · walls  4.4 · fell 91.2% (mother 43.3%) · prince  0.0% · king  0.0% · crowned  0.0% · 4.1s
try  6 · gen    9 · best     40.0 · elite    -24.5 · median    -93.1 · years  46.2 · road 0.27 · starved  1649 · nobles  -2.3 · read 125.5 · walls  4.7 · fell 78.8% (mother 37.3%) · prince  0.0% · king  0.0% · crowned  0.0% · 4.1s
try  7 · gen    9 · best     58.7 · elite    -35.2 · median    -97.1 · years  43.1 · road 0.27 · starved  1696 · nobles  -2.6 · read 90.5 · walls  4.9 · fell 82.2% (mother 35.0%) · prince  0.0% · king  0.0% · crowned  0.0% · 4.1s
try  8 · gen    9 · best     34.6 · elite    -14.0 · median    -85.8 · years  44.0 · road 0.28 · starved  1582 · nobles  -2.9 · read 91.9 · walls  4.0 · fell 83.8% (mother 32.8%) · prince  0.0% · king  0.0% · crowned  0.0% · 4.1s
try  1 · gen   10 · best     19.7 · elite    -30.7 · median    -96.6 · years  46.8 · road 0.25 · starved  1681 · nobles  -3.1 · read 117.1 · walls  3.8 · fell 79.1% (mother 38.0%) · prince  0.0% · king  0.0% · crowned  0.0% · 4.1s
try  2 · gen   10 · best     41.4 · elite    -27.1 · median    -95.4 · years  41.7 · road 0.27 · starved  1649 · nobles  -4.0 · read 123.8 · walls  3.9 · fell 87.5% (mother 33.9%) · prince  0.1% · king  0.0% · crowned  0.0% · 4.1s
try  3 · gen   10 · best     14.5 · elite    -27.6 · median    -91.3 · years  44.6 · road 0.26 · starved  1624 · nobles  -1.7 · read 107.2 · walls  4.7 · fell 78.3% (mother 40.7%) · prince  0.0% · king  0.0% · crowned  0.0% · 4.1s
try  4 · gen   10 · best     40.8 · elite    -22.8 · median    -90.4 · years  43.8 · road 0.28 · starved  1630 · nobles  -2.9 · read 68.8 · walls  4.3 · fell 83.6% (mother 29.7%) · prince  0.0% · king  0.0% · crowned  0.0% · 4.1s
try  5 · gen   10 · best     38.8 · elite    -29.0 · median    -94.5 · years  39.7 · road 0.28 · starved  1573 · nobles  -4.5 · read 82.5 · walls  4.7 · fell 91.4% (mother 44.5%) · prince  0.0% · king  0.0% · crowned  0.0% · 4.1s
try  6 · gen   10 · best     31.3 · elite    -22.2 · median    -89.9 · years  46.0 · road 0.27 · starved  1632 · nobles  -2.7 · read 125.2 · walls  4.6 · fell 79.4% (mother 38.2%) · prince  0.0% · king  0.0% · crowned  0.0% · 4.1s
try  7 · gen   10 · best     18.5 · elite    -34.6 · median    -96.1 · years  42.8 · road 0.27 · starved  1699 · nobles  -2.6 · read 86.3 · walls  5.0 · fell 81.5% (mother 35.0%) · prince  0.0% · king  0.0% · crowned  0.0% · 4.1s
try  8 · gen   10 · best     48.4 · elite    -18.6 · median    -83.7 · years  44.1 · road 0.28 · starved  1598 · nobles  -3.0 · read 92.5 · walls  4.4 · fell 83.4% (mother 32.0%) · prince  0.0% · king  0.0% · crowned  0.0% · 4.1s
try  1 · gen   11 · best     12.7 · elite    -32.0 · median    -98.0 · years  43.8 · road 0.25 · starved  1636 · nobles  -3.1 · read 101.8 · walls  3.3 · fell 83.0% (mother 37.7%) · prince  0.0% · king  0.0% · crowned  0.0% · 4.1s
try  2 · gen   11 · best     36.8 · elite    -25.7 · median    -97.9 · years  42.1 · road 0.27 · starved  1676 · nobles  -3.8 · read 129.9 · walls  4.0 · fell 88.4% (mother 31.6%) · prince  0.3% · king  0.0% · crowned  0.0% · 4.1s
try  3 · gen   11 · best     27.2 · elite    -24.0 · median    -90.9 · years  46.0 · road 0.26 · starved  1601 · nobles  -1.9 · read 104.2 · walls  4.2 · fell 74.7% (mother 38.5%) · prince  0.0% · king  0.0% · crowned  0.0% · 4.1s
try  4 · gen   11 · best     48.4 · elite    -19.8 · median    -86.3 · years  45.3 · road 0.28 · starved  1648 · nobles  -3.6 · read 70.0 · walls  4.3 · fell 83.9% (mother 31.4%) · prince  0.0% · king  0.0% · crowned  0.0% · 4.1s
try  5 · gen   11 · best     45.7 · elite    -22.9 · median    -89.9 · years  40.1 · road 0.29 · starved  1535 · nobles  -5.1 · read 79.2 · walls  5.0 · fell 89.0% (mother 42.9%) · prince  0.0% · king  0.0% · crowned  0.0% · 4.1s
try  6 · gen   11 · best     37.6 · elite    -20.9 · median    -86.6 · years  46.8 · road 0.28 · starved  1638 · nobles  -3.3 · read 124.8 · walls  4.6 · fell 78.3% (mother 35.9%) · prince  0.1% · king  0.0% · crowned  0.0% · 4.1s
try  7 · gen   11 · best     53.1 · elite    -30.7 · median    -95.5 · years  42.9 · road 0.27 · starved  1670 · nobles  -2.6 · read 91.2 · walls  5.1 · fell 81.8% (mother 34.0%) · prince  0.0% · king  0.0% · crowned  0.0% · 4.1s
try  8 · gen   11 · best     43.0 · elite    -15.2 · median    -82.5 · years  43.0 · road 0.29 · starved  1561 · nobles  -3.5 · read 86.7 · walls  4.4 · fell 84.5% (mother 35.8%) · prince  0.0% · king  0.0% · crowned  0.0% · 4.1s
try  1 · gen   12 · best     13.1 · elite    -30.5 · median    -95.8 · years  44.9 · road 0.25 · starved  1651 · nobles  -2.9 · read 101.8 · walls  3.1 · fell 82.8% (mother 37.5%) · prince  0.0% · king  0.0% · crowned  0.0% · 4.1s
try  2 · gen   12 · best     74.1 · elite    -20.5 · median    -96.3 · years  41.7 · road 0.27 · starved  1700 · nobles  -3.7 · read 127.9 · walls  3.9 · fell 88.5% (mother 32.5%) · prince  0.7% · king  0.0% · crowned  0.0% · 4.1s
try  3 · gen   12 · best     47.3 · elite    -27.4 · median    -90.7 · years  45.4 · road 0.24 · starved  1518 · nobles  -2.0 · read 97.9 · walls  3.9 · fell 74.9% (mother 37.3%) · prince  0.0% · king  0.0% · crowned  0.0% · 4.1s
try  4 · gen   12 · best     91.1 · elite    -12.4 · median    -87.0 · years  43.9 · road 0.29 · starved  1606 · nobles  -4.1 · read 64.6 · walls  4.1 · fell 84.2% (mother 34.5%) · prince  0.1% · king  0.0% · crowned  0.0% · 4.1s
try  5 · gen   12 · best     33.0 · elite    -18.0 · median    -85.2 · years  41.4 · road 0.28 · starved  1497 · nobles  -5.3 · read 81.0 · walls  4.8 · fell 87.0% (mother 43.0%) · prince  0.0% · king  0.0% · crowned  0.0% · 4.1s
try  6 · gen   12 · best     48.5 · elite    -18.6 · median    -85.1 · years  45.8 · road 0.28 · starved  1582 · nobles  -3.3 · read 124.8 · walls  4.6 · fell 78.7% (mother 37.0%) · prince  0.1% · king  0.0% · crowned  0.0% · 4.1s
try  7 · gen   12 · best     30.4 · elite    -30.8 · median    -93.7 · years  43.1 · road 0.27 · starved  1670 · nobles  -2.8 · read 97.1 · walls  5.4 · fell 80.7% (mother 33.8%) · prince  0.0% · king  0.0% · crowned  0.0% · 4.1s
try  8 · gen   12 · best     38.0 · elite    -13.7 · median    -81.1 · years  44.0 · road 0.29 · starved  1552 · nobles  -3.9 · read 85.2 · walls  4.2 · fell 84.1% (mother 35.3%) · prince  0.0% · king  0.0% · crowned  0.0% · 4.1s
try  1 · gen   13 · best     48.9 · elite    -28.2 · median    -98.0 · years  44.6 · road 0.25 · starved  1623 · nobles  -2.4 · read 99.8 · walls  2.7 · fell 80.7% (mother 33.2%) · prince  0.0% · king  0.0% · crowned  0.0% · 4.1s
try  2 · gen   13 · best     43.8 · elite    -25.0 · median    -95.5 · years  39.9 · road 0.27 · starved  1656 · nobles  -3.5 · read 117.6 · walls  3.5 · fell 90.5% (mother 35.4%) · prince  0.9% · king  0.1% · crowned  0.0% · 4.1s
try  3 · gen   13 · best     63.5 · elite    -20.0 · median    -87.6 · years  48.4 · road 0.24 · starved  1522 · nobles  -2.2 · read 106.7 · walls  3.8 · fell 72.2% (mother 34.3%) · prince  0.0% · king  0.0% · crowned  0.0% · 4.1s
try  4 · gen   13 · best     82.7 · elite     -6.0 · median    -84.4 · years  43.5 · road 0.29 · starved  1534 · nobles  -4.7 · read 64.0 · walls  4.1 · fell 85.1% (mother 34.5%) · prince  0.1% · king  0.0% · crowned  0.0% · 4.1s
try  5 · gen   13 · best     60.2 · elite    -14.8 · median    -83.0 · years  42.5 · road 0.29 · starved  1505 · nobles  -5.2 · read 83.2 · walls  4.7 · fell 84.6% (mother 40.8%) · prince  0.0% · king  0.0% · crowned  0.0% · 4.1s
try  6 · gen   13 · best     52.5 · elite    -11.5 · median    -83.8 · years  48.4 · road 0.28 · starved  1588 · nobles  -3.4 · read 135.1 · walls  4.4 · fell 74.1% (mother 35.2%) · prince  0.2% · king  0.0% · crowned  0.0% · 4.1s
try  7 · gen   13 · best     16.6 · elite    -26.1 · median    -92.7 · years  44.3 · road 0.26 · starved  1654 · nobles  -2.8 · read 103.5 · walls  5.6 · fell 78.3% (mother 32.2%) · prince  0.0% · king  0.0% · crowned  0.0% · 4.1s
try  8 · gen   13 · best     43.1 · elite     -8.9 · median    -79.8 · years  45.3 · road 0.29 · starved  1556 · nobles  -3.8 · read 88.7 · walls  4.7 · fell 80.5% (mother 33.2%) · prince  0.0% · king  0.0% · crowned  0.0% · 4.1s
try  1 · gen   14 · best     27.7 · elite    -26.0 · median    -93.1 · years  46.9 · road 0.26 · starved  1647 · nobles  -2.1 · read 103.8 · walls  2.9 · fell 78.8% (mother 34.8%) · prince  0.0% · king  0.0% · crowned  0.0% · 4.1s
try  2 · gen   14 · best    151.7 · elite    -20.9 · median    -95.3 · years  40.1 · road 0.28 · starved  1679 · nobles  -3.3 · read 116.6 · walls  3.3 · fell 92.2% (mother 38.3%) · prince  1.4% · king  0.2% · crowned  0.0% (median year 94) · 4.1s
try  3 · gen   14 · best     37.4 · elite    -15.3 · median    -81.9 · years  49.4 · road 0.25 · starved  1488 · nobles  -2.6 · read 109.7 · walls  3.9 · fell 71.7% (mother 35.3%) · prince  0.0% · king  0.0% · crowned  0.0% · 4.1s
try  4 · gen   14 · best     55.0 · elite     -0.6 · median    -75.8 · years  43.6 · road 0.30 · starved  1462 · nobles  -5.6 · read 67.8 · walls  4.1 · fell 83.8% (mother 31.0%) · prince  0.1% · king  0.0% · crowned  0.0% · 4.1s
try  5 · gen   14 · best     38.8 · elite    -13.1 · median    -81.7 · years  42.8 · road 0.29 · starved  1464 · nobles  -5.6 · read 81.7 · walls  5.2 · fell 83.5% (mother 41.2%) · prince  0.0% · king  0.0% · crowned  0.0% · 4.1s
try  6 · gen   14 · best     56.4 · elite     -7.2 · median    -79.3 · years  50.1 · road 0.28 · starved  1582 · nobles  -3.4 · read 145.8 · walls  4.4 · fell 73.2% (mother 35.0%) · prince  0.2% · king  0.0% · crowned  0.0% · 4.1s
try  7 · gen   14 · best     48.2 · elite    -21.5 · median    -92.8 · years  44.5 · road 0.27 · starved  1603 · nobles  -2.7 · read 101.1 · walls  6.0 · fell 76.9% (mother 31.7%) · prince  0.1% · king  0.0% · crowned  0.0% · 4.1s
try  8 · gen   14 · best     52.3 · elite     -5.0 · median    -80.8 · years  45.3 · road 0.30 · starved  1569 · nobles  -4.1 · read 85.9 · walls  4.8 · fell 81.9% (mother 33.2%) · prince  0.0% · king  0.0% · crowned  0.0% · 4.1s
try  1 · gen   15 · best     71.8 · elite    -21.1 · median    -91.6 · years  46.5 · road 0.26 · starved  1627 · nobles  -1.8 · read 100.5 · walls  2.9 · fell 80.4% (mother 32.5%) · prince  0.0% · king  0.0% · crowned  0.0% · 4.1s
try  2 · gen   15 · best    101.0 · elite    -16.2 · median    -92.1 · years  38.4 · road 0.28 · starved  1642 · nobles  -3.3 · read 107.7 · walls  2.9 · fell 91.5% (mother 39.1%) · prince  1.2% · king  0.2% · crowned  0.0% (median year 86) · 4.1s
try  3 · gen   15 · best     47.0 · elite    -10.6 · median    -80.9 · years  50.2 · road 0.25 · starved  1459 · nobles  -2.5 · read 108.5 · walls  4.1 · fell 69.1% (mother 32.4%) · prince  0.0% · king  0.0% · crowned  0.0% · 4.1s
try  4 · gen   15 · best     64.2 · elite     -1.9 · median    -72.9 · years  43.4 · road 0.31 · starved  1405 · nobles  -5.8 · read 68.8 · walls  4.1 · fell 84.9% (mother 33.1%) · prince  0.0% · king  0.0% · crowned  0.0% · 4.1s
try  5 · gen   15 · best     35.1 · elite     -6.0 · median    -77.3 · years  43.8 · road 0.30 · starved  1438 · nobles  -6.3 · read 79.5 · walls  5.6 · fell 82.9% (mother 40.6%) · prince  0.0% · king  0.0% · crowned  0.0% · 4.1s
try  6 · gen   15 · best     54.6 · elite     -5.4 · median    -79.2 · years  47.2 · road 0.28 · starved  1495 · nobles  -3.0 · read 134.9 · walls  4.4 · fell 74.2% (mother 36.2%) · prince  0.2% · king  0.0% · crowned  0.0% · 4.1s
try  7 · gen   15 · best     16.5 · elite    -22.0 · median    -88.0 · years  43.1 · road 0.27 · starved  1527 · nobles  -3.0 · read 96.2 · walls  6.2 · fell 77.1% (mother 35.3%) · prince  0.0% · king  0.0% · crowned  0.0% · 4.1s
try  8 · gen   15 · best     50.6 · elite     -4.7 · median    -72.4 · years  45.2 · road 0.30 · starved  1511 · nobles  -4.6 · read 83.6 · walls  4.8 · fell 81.1% (mother 33.2%) · prince  0.0% · king  0.0% · crowned  0.0% · 4.1s
try  1 · gen   16 · best     80.3 · elite    -19.1 · median    -88.2 · years  46.6 · road 0.27 · starved  1594 · nobles  -1.7 · read 98.0 · walls  3.2 · fell 79.5% (mother 33.1%) · prince  0.0% · king  0.0% · crowned  0.0% · 4.1s
try  2 · gen   16 · best    190.2 · elite     -0.3 · median    -85.9 · years  39.2 · road 0.29 · starved  1580 · nobles  -3.7 · read 104.7 · walls  2.8 · fell 92.2% (mother 41.8%) · prince  2.0% · king  0.4% · crowned  0.1% (median year 82) · 4.1s
try  3 · gen   16 · best     45.2 · elite     -4.8 · median    -78.2 · years  50.2 · road 0.27 · starved  1436 · nobles  -3.1 · read 109.3 · walls  4.7 · fell 69.7% (mother 34.7%) · prince  0.0% · king  0.0% · crowned  0.0% · 4.1s
try  4 · gen   16 · best     63.8 · elite      1.7 · median    -68.4 · years  43.3 · road 0.32 · starved  1360 · nobles  -6.0 · read 70.1 · walls  4.5 · fell 85.8% (mother 34.8%) · prince  0.0% · king  0.0% · crowned  0.0% · 4.1s
try  5 · gen   16 · best     38.5 · elite     -1.9 · median    -71.7 · years  45.4 · road 0.31 · starved  1427 · nobles  -7.0 · read 79.1 · walls  6.0 · fell 81.8% (mother 40.5%) · prince  0.0% · king  0.0% · crowned  0.0% · 4.1s
try  6 · gen   16 · best     43.1 · elite     -3.5 · median    -71.2 · years  49.8 · road 0.31 · starved  1503 · nobles  -3.6 · read 139.0 · walls  5.1 · fell 72.9% (mother 36.8%) · prince  0.1% · king  0.0% · crowned  0.0% · 4.1s
try  7 · gen   16 · best     20.6 · elite    -17.5 · median    -87.4 · years  43.7 · road 0.27 · starved  1521 · nobles  -3.4 · read 99.4 · walls  6.2 · fell 77.9% (mother 35.1%) · prince  0.2% · king  0.0% · crowned  0.0% · 4.1s
try  8 · gen   16 · best     51.7 · elite     -4.5 · median    -73.9 · years  46.8 · road 0.31 · starved  1558 · nobles  -5.1 · read 85.4 · walls  4.7 · fell 80.3% (mother 31.2%) · prince  0.0% · king  0.0% · crowned  0.0% · 4.1s
try  1 · gen   17 · best     36.3 · elite    -15.2 · median    -86.7 · years  46.7 · road 0.27 · starved  1581 · nobles  -1.7 · read 93.9 · walls  3.3 · fell 78.4% (mother 33.2%) · prince  0.0% · king  0.0% · crowned  0.0% · 4.2s
try  2 · gen   17 · best    137.1 · elite      5.7 · median    -80.2 · years  38.9 · road 0.30 · starved  1596 · nobles  -3.4 · read 102.9 · walls  3.0 · fell 91.7% (mother 39.2%) · prince  3.0% · king  0.7% · crowned  0.2% (median year 70) · 4.2s
try  3 · gen   17 · best     61.7 · elite     -5.8 · median    -73.2 · years  51.5 · road 0.28 · starved  1426 · nobles  -3.1 · read 114.7 · walls  5.0 · fell 68.3% (mother 33.6%) · prince  0.0% · king  0.0% · crowned  0.0% · 4.2s
try  4 · gen   17 · best     63.7 · elite      7.7 · median    -66.7 · years  44.1 · road 0.32 · starved  1339 · nobles  -6.1 · read 70.2 · walls  4.6 · fell 83.9% (mother 33.5%) · prince  0.1% · king  0.0% · crowned  0.0% · 4.2s
try  5 · gen   17 · best     56.8 · elite     -2.4 · median    -71.9 · years  46.7 · road 0.30 · starved  1374 · nobles  -6.7 · read 83.7 · walls  6.1 · fell 80.2% (mother 38.8%) · prince  0.0% · king  0.0% · crowned  0.0% · 4.2s
try  6 · gen   17 · best     45.9 · elite      0.5 · median    -71.5 · years  49.9 · road 0.31 · starved  1509 · nobles  -3.9 · read 140.2 · walls  5.1 · fell 73.3% (mother 38.0%) · prince  0.2% · king  0.0% · crowned  0.0% · 4.2s
try  7 · gen   17 · best     51.3 · elite    -12.4 · median    -84.1 · years  45.5 · road 0.27 · starved  1523 · nobles  -3.6 · read 103.3 · walls  6.4 · fell 75.2% (mother 34.3%) · prince  0.1% · king  0.0% · crowned  0.0% · 4.2s
try  8 · gen   17 · best     56.9 · elite      1.7 · median    -70.5 · years  46.6 · road 0.31 · starved  1499 · nobles  -5.4 · read 81.0 · walls  5.2 · fell 78.1% (mother 33.5%) · prince  0.1% · king  0.0% · crowned  0.0% · 4.2s
try  1 · gen   18 · best     22.4 · elite    -15.7 · median    -80.9 · years  46.1 · road 0.28 · starved  1534 · nobles  -1.6 · read 87.5 · walls  3.2 · fell 79.0% (mother 33.4%) · prince  0.0% · king  0.0% · crowned  0.0% · 4.2s
try  2 · gen   18 · best    257.1 · elite     29.1 · median    -78.0 · years  38.3 · road 0.29 · starved  1546 · nobles  -2.5 · read 101.3 · walls  3.0 · fell 91.5% (mother 38.9%) · prince  4.2% · king  1.6% · crowned  0.3% (median year 72) · 4.2s
try  3 · gen   18 · best     46.8 · elite     -3.6 · median    -71.8 · years  50.6 · road 0.29 · starved  1434 · nobles  -3.6 · read 111.4 · walls  5.3 · fell 70.2% (mother 35.6%) · prince  0.0% · king  0.0% · crowned  0.0% · 4.2s
try  4 · gen   18 · best     60.8 · elite      3.7 · median    -67.4 · years  42.8 · road 0.32 · starved  1335 · nobles  -6.0 · read 66.7 · walls  4.7 · fell 82.8% (mother 31.5%) · prince  0.1% · king  0.0% · crowned  0.0% · 4.2s
try  5 · gen   18 · best     59.7 · elite      7.5 · median    -70.2 · years  47.5 · road 0.30 · starved  1355 · nobles  -6.3 · read 85.7 · walls  6.0 · fell 77.8% (mother 36.1%) · prince  0.0% · king  0.0% · crowned  0.0% · 4.2s
try  6 · gen   18 · best     68.3 · elite      5.6 · median    -67.0 · years  50.6 · road 0.31 · starved  1573 · nobles  -4.3 · read 140.0 · walls  5.0 · fell 71.8% (mother 35.2%) · prince  0.2% · king  0.0% · crowned  0.0% · 4.2s
try  7 · gen   18 · best     41.4 · elite    -12.3 · median    -81.3 · years  43.6 · road 0.27 · starved  1456 · nobles  -3.7 · read 102.4 · walls  6.6 · fell 76.0% (mother 35.0%) · prince  0.2% · king  0.0% · crowned  0.0% · 4.2s
try  8 · gen   18 · best     51.0 · elite      3.9 · median    -67.6 · years  45.8 · road 0.32 · starved  1466 · nobles  -5.7 · read 80.3 · walls  5.2 · fell 78.7% (mother 33.4%) · prince  0.2% · king  0.0% · crowned  0.0% · 4.2s
try  1 · gen   19 · best     41.6 · elite     -9.9 · median    -78.0 · years  46.0 · road 0.29 · starved  1485 · nobles  -1.4 · read 84.2 · walls  3.5 · fell 80.6% (mother 38.3%) · prince  0.0% · king  0.0% · crowned  0.0% · 4.2s
try  2 · gen   19 · best    531.0 · elite     69.7 · median    -78.6 · years  36.5 · road 0.29 · starved  1524 · nobles  -1.5 · read 94.6 · walls  3.0 · fell 92.7% (mother 37.3%) · prince  5.4% · king  2.0% · crowned  0.7% (median year 63) · 4.2s
try  3 · gen   19 · best     58.6 · elite     -5.0 · median    -68.6 · years  50.2 · road 0.29 · starved  1436 · nobles  -3.9 · read 114.5 · walls  5.5 · fell 72.8% (mother 37.9%) · prince  0.0% · king  0.0% · crowned  0.0% · 4.2s
try  4 · gen   19 · best     72.4 · elite      9.5 · median    -65.1 · years  44.4 · road 0.32 · starved  1333 · nobles  -6.2 · read 71.4 · walls  4.9 · fell 82.5% (mother 31.8%) · prince  0.2% · king  0.0% · crowned  0.0% · 4.2s
try  5 · gen   19 · best     62.1 · elite      4.9 · median    -66.8 · years  47.1 · road 0.30 · starved  1330 · nobles  -6.0 · read 90.6 · walls  5.9 · fell 75.9% (mother 33.2%) · prince  0.0% · king  0.0% · crowned  0.0% · 4.2s
try  6 · gen   19 · best     52.7 · elite      4.9 · median    -63.7 · years  50.9 · road 0.32 · starved  1467 · nobles  -4.7 · read 142.1 · walls  5.0 · fell 72.3% (mother 35.2%) · prince  0.4% · king  0.0% · crowned  0.0% · 4.2s
try  7 · gen   19 · best     43.9 · elite     -7.1 · median    -78.0 · years  47.1 · road 0.29 · starved  1508 · nobles  -4.2 · read 113.2 · walls  7.1 · fell 74.7% (mother 37.3%) · prince  0.1% · king  0.0% · crowned  0.0% · 4.2s
try  8 · gen   19 · best     68.8 · elite      7.3 · median    -65.4 · years  45.7 · road 0.32 · starved  1475 · nobles  -6.0 · read 84.3 · walls  4.9 · fell 79.9% (mother 34.6%) · prince  0.2% · king  0.0% · crowned  0.0% · 4.2s
try  1 · gen   20 · best     49.6 · elite     -9.3 · median    -75.0 · years  47.5 · road 0.29 · starved  1498 · nobles  -1.6 · read 89.7 · walls  3.6 · fell 77.3% (mother 33.0%) · prince  0.0% · king  0.0% · crowned  0.0% · 4.2s
try  2 · gen   20 · best    339.9 · elite     59.9 · median    -76.8 · years  34.3 · road 0.30 · starved  1490 · nobles  -1.6 · read 87.1 · walls  2.7 · fell 93.6% (mother 40.7%) · prince  5.7% · king  2.0% · crowned  0.6% (median year 70) · 4.2s
try  3 · gen   20 · best     41.7 · elite     -2.3 · median    -66.4 · years  50.8 · road 0.30 · starved  1412 · nobles  -4.2 · read 118.1 · walls  5.6 · fell 71.7% (mother 37.7%) · prince  0.0% · king  0.0% · crowned  0.0% · 4.2s
try  4 · gen   20 · best     61.9 · elite     16.2 · median    -62.7 · years  45.8 · road 0.32 · starved  1310 · nobles  -6.1 · read 75.5 · walls  4.5 · fell 80.4% (mother 31.0%) · prince  0.2% · king  0.0% · crowned  0.0% · 4.2s
try  5 · gen   20 · best     61.3 · elite      9.0 · median    -63.9 · years  47.6 · road 0.30 · starved  1295 · nobles  -6.0 · read 98.3 · walls  5.8 · fell 76.6% (mother 36.0%) · prince  0.0% · king  0.0% · crowned  0.0% · 4.2s
try  6 · gen   20 · best     78.7 · elite     13.8 · median    -62.9 · years  51.2 · road 0.32 · starved  1474 · nobles  -5.1 · read 140.4 · walls  5.1 · fell 70.8% (mother 34.7%) · prince  0.4% · king  0.1% · crowned  0.0% · 4.2s
try  7 · gen   20 · best     62.8 · elite     -3.8 · median    -76.6 · years  46.1 · road 0.29 · starved  1456 · nobles  -4.5 · read 111.0 · walls  7.3 · fell 74.1% (mother 35.7%) · prince  0.1% · king  0.0% · crowned  0.0% · 4.2s
try  8 · gen   20 · best     73.6 · elite     12.6 · median    -60.9 · years  47.9 · road 0.33 · starved  1500 · nobles  -6.6 · read 90.6 · walls  5.0 · fell 77.9% (mother 34.3%) · prince  0.3% · king  0.0% · crowned  0.0% · 4.2s
try  1 · gen   21 · best     58.6 · elite     -4.2 · median    -72.3 · years  48.3 · road 0.29 · starved  1481 · nobles  -1.4 · read 88.3 · walls  3.9 · fell 76.6% (mother 32.2%) · prince  0.0% · king  0.0% · crowned  0.0% · 4.2s
try  2 · gen   21 · best    362.7 · elite     71.5 · median    -77.1 · years  32.1 · road 0.29 · starved  1470 · nobles  -1.2 · read 79.1 · walls  2.3 · fell 92.8% (mother 35.1%) · prince  6.1% · king  2.2% · crowned  0.8% (median year 61) · 4.2s
try  3 · gen   21 · best     39.3 · elite      0.7 · median    -65.6 · years  51.4 · road 0.30 · starved  1427 · nobles  -4.3 · read 119.6 · walls  5.6 · fell 70.6% (mother 34.7%) · prince  0.0% · king  0.0% · crowned  0.0% · 4.2s
try  4 · gen   21 · best     88.0 · elite     20.9 · median    -59.7 · years  47.0 · road 0.32 · starved  1291 · nobles  -6.5 · read 77.2 · walls  4.3 · fell 77.6% (mother 26.0%) · prince  0.1% · king  0.0% · crowned  0.0% · 4.2s
try  5 · gen   21 · best     60.6 · elite      5.6 · median    -62.1 · years  48.3 · road 0.31 · starved  1275 · nobles  -5.8 · read 105.5 · walls  5.7 · fell 74.1% (mother 35.2%) · prince  0.0% · king  0.0% · crowned  0.0% · 4.2s
try  6 · gen   21 · best     85.6 · elite     17.6 · median    -57.4 · years  53.3 · road 0.33 · starved  1484 · nobles  -5.7 · read 142.5 · walls  5.3 · fell 71.4% (mother 38.1%) · prince  0.3% · king  0.0% · crowned  0.0% · 4.2s
try  7 · gen   21 · best     91.5 · elite      5.3 · median    -69.3 · years  47.3 · road 0.30 · starved  1438 · nobles  -4.9 · read 111.6 · walls  7.3 · fell 73.9% (mother 35.1%) · prince  0.0% · king  0.0% · crowned  0.0% · 4.2s
try  8 · gen   21 · best     94.8 · elite     17.7 · median    -60.6 · years  46.8 · road 0.33 · starved  1442 · nobles  -6.9 · read 89.3 · walls  4.6 · fell 79.4% (mother 36.2%) · prince  0.6% · king  0.1% · crowned  0.0% · 4.2s
try  1 · gen   22 · best     45.8 · elite      3.7 · median    -69.5 · years  48.4 · road 0.31 · starved  1453 · nobles  -1.0 · read 88.4 · walls  4.5 · fell 74.6% (mother 34.5%) · prince  0.1% · king  0.0% · crowned  0.0% · 4.2s
try  2 · gen   22 · best    333.5 · elite     94.0 · median    -76.8 · years  31.4 · road 0.30 · starved  1496 · nobles  -1.3 · read 73.8 · walls  2.5 · fell 93.7% (mother 38.3%) · prince  6.3% · king  2.5% · crowned  1.0% (median year 59) · 4.2s
try  3 · gen   22 · best     53.2 · elite      5.7 · median    -61.6 · years  53.7 · road 0.30 · starved  1417 · nobles  -4.3 · read 133.5 · walls  5.6 · fell 68.5% (mother 35.3%) · prince  0.0% · king  0.0% · crowned  0.0% · 4.2s
try  4 · gen   22 · best    109.0 · elite     25.0 · median    -54.6 · years  46.6 · road 0.32 · starved  1194 · nobles  -6.9 · read 77.7 · walls  4.2 · fell 77.4% (mother 24.8%) · prince  0.1% · king  0.0% · crowned  0.0% · 4.2s
try  5 · gen   22 · best     66.7 · elite      9.1 · median    -64.5 · years  46.2 · road 0.30 · starved  1228 · nobles  -5.3 · read 103.8 · walls  5.6 · fell 76.2% (mother 36.8%) · prince  0.0% · king  0.0% · crowned  0.0% · 4.2s
try  6 · gen   22 · best     91.7 · elite     19.7 · median    -55.8 · years  50.5 · road 0.33 · starved  1364 · nobles  -5.8 · read 137.5 · walls  4.9 · fell 72.4% (mother 35.4%) · prince  0.3% · king  0.0% · crowned  0.0% · 4.2s
try  7 · gen   22 · best     64.9 · elite      7.5 · median    -66.7 · years  47.1 · road 0.31 · starved  1416 · nobles  -5.3 · read 107.8 · walls  7.5 · fell 74.1% (mother 38.2%) · prince  0.1% · king  0.0% · crowned  0.0% · 4.2s
try  8 · gen   22 · best    177.7 · elite     25.5 · median    -55.3 · years  46.4 · road 0.34 · starved  1372 · nobles  -6.9 · read 86.4 · walls  4.9 · fell 79.1% (mother 35.4%) · prince  0.9% · king  0.1% · crowned  0.0% (median year 57) · 4.2s
try  1 · gen   23 · best     91.7 · elite     12.6 · median    -62.5 · years  49.7 · road 0.32 · starved  1432 · nobles  -0.7 · read 91.4 · walls  4.5 · fell 73.7% (mother 34.9%) · prince  0.1% · king  0.0% · crowned  0.0% · 4.2s
try  2 · gen   23 · best    417.6 · elite     95.4 · median    -69.5 · years  31.2 · road 0.30 · starved  1466 · nobles  -1.1 · read 73.1 · walls  2.5 · fell 94.2% (mother 39.2%) · prince  6.9% · king  2.8% · crowned  1.0% (median year 58) · 4.2s
try  3 · gen   23 · best     60.2 · elite      4.7 · median    -63.2 · years  50.7 · road 0.30 · starved  1330 · nobles  -4.7 · read 127.8 · walls  5.4 · fell 69.6% (mother 32.6%) · prince  0.0% · king  0.0% · crowned  0.0% · 4.2s
try  4 · gen   23 · best     81.9 · elite     26.7 · median    -50.4 · years  50.1 · road 0.33 · starved  1231 · nobles  -7.7 · read 85.6 · walls  4.3 · fell 75.2% (mother 25.3%) · prince  0.1% · king  0.0% · crowned  0.0% · 4.2s
try  5 · gen   23 · best     62.9 · elite     15.8 · median    -59.1 · years  49.4 · road 0.31 · starved  1239 · nobles  -5.3 · read 114.4 · walls  5.7 · fell 73.0% (mother 35.0%) · prince  0.0% · king  0.0% · crowned  0.0% · 4.2s
try  6 · gen   23 · best     78.3 · elite     25.9 · median    -50.2 · years  51.9 · road 0.34 · starved  1336 · nobles  -6.6 · read 129.8 · walls  5.1 · fell 70.4% (mother 36.9%) · prince  0.1% · king  0.0% · crowned  0.0% · 4.2s
try  7 · gen   23 · best     70.6 · elite     15.3 · median    -62.7 · years  49.4 · road 0.32 · starved  1433 · nobles  -5.5 · read 115.8 · walls  7.6 · fell 71.2% (mother 32.9%) · prince  0.1% · king  0.0% · crowned  0.0% · 4.2s
try  8 · gen   23 · best    145.2 · elite     21.0 · median    -54.4 · years  45.6 · road 0.34 · starved  1347 · nobles  -6.8 · read 84.5 · walls  5.1 · fell 81.2% (mother 36.0%) · prince  1.1% · king  0.1% · crowned  0.0% (median year 69) · 4.2s
try  1 · gen   24 · best     86.3 · elite     18.6 · median    -54.2 · years  51.7 · road 0.33 · starved  1383 · nobles  -0.6 · read 101.0 · walls  4.6 · fell 71.1% (mother 33.9%) · prince  0.1% · king  0.0% · crowned  0.0% · 4.3s
try  2 · gen   24 · best    517.2 · elite    134.4 · median    -68.4 · years  30.5 · road 0.30 · starved  1397 · nobles  -1.2 · read 69.8 · walls  2.4 · fell 92.2% (mother 36.9%) · prince  6.5% · king  3.0% · crowned  1.6% (median year 59) · 4.3s
try  3 · gen   24 · best     81.2 · elite     10.2 · median    -57.4 · years  52.0 · road 0.31 · starved  1323 · nobles  -4.9 · read 130.3 · walls  5.8 · fell 70.5% (mother 33.7%) · prince  0.0% · king  0.0% · crowned  0.0% · 4.3s
try  4 · gen   24 · best    106.2 · elite     34.0 · median    -41.4 · years  49.2 · road 0.34 · starved  1148 · nobles  -7.4 · read 84.6 · walls  4.7 · fell 75.8% (mother 28.8%) · prince  0.1% · king  0.0% · crowned  0.0% · 4.3s
try  5 · gen   24 · best     82.4 · elite     15.6 · median    -60.0 · years  47.6 · road 0.32 · starved  1248 · nobles  -5.8 · read 104.3 · walls  5.7 · fell 75.4% (mother 35.5%) · prince  0.0% · king  0.0% · crowned  0.0% · 4.3s
try  6 · gen   24 · best     94.3 · elite     28.8 · median    -49.0 · years  53.2 · road 0.35 · starved  1378 · nobles  -7.2 · read 136.7 · walls  5.2 · fell 72.0% (mother 39.1%) · prince  0.3% · king  0.0% · crowned  0.0% · 4.3s
try  7 · gen   24 · best     67.3 · elite     14.8 · median    -59.6 · years  52.5 · road 0.33 · starved  1480 · nobles  -6.5 · read 122.1 · walls  8.0 · fell 69.1% (mother 32.6%) · prince  0.1% · king  0.0% · crowned  0.0% · 4.3s
try  8 · gen   24 · best    196.8 · elite     32.8 · median    -49.0 · years  47.7 · road 0.35 · starved  1376 · nobles  -7.3 · read 88.5 · walls  5.3 · fell 81.4% (mother 38.6%) · prince  1.8% · king  0.2% · crowned  0.1% (median year 65) · 4.3s
try  1 · gen   25 · best    104.0 · elite     16.9 · median    -52.4 · years  51.7 · road 0.33 · starved  1313 · nobles  -0.4 · read 108.4 · walls  4.6 · fell 70.8% (mother 31.9%) · prince  0.1% · king  0.0% · crowned  0.0% · 4.3s
try  2 · gen   25 · best    329.8 · elite    137.5 · median    -71.6 · years  29.6 · road 0.30 · starved  1408 · nobles  -1.0 · read 69.3 · walls  2.4 · fell 93.6% (mother 40.3%) · prince  6.7% · king  3.1% · crowned  1.8% (median year 60) · 4.3s
try  3 · gen   25 · best     68.7 · elite     18.6 · median    -55.7 · years  54.5 · road 0.30 · starved  1314 · nobles  -4.6 · read 148.4 · walls  5.9 · fell 67.1% (mother 30.1%) · prince  0.0% · king  0.0% · crowned  0.0% · 4.3s
try  4 · gen   25 · best     94.8 · elite     40.8 · median    -41.7 · years  51.2 · road 0.34 · starved  1169 · nobles  -7.5 · read 88.8 · walls  4.6 · fell 74.6% (mother 29.6%) · prince  0.1% · king  0.0% · crowned  0.0% · 4.3s
try  5 · gen   25 · best     97.5 · elite     23.5 · median    -56.5 · years  49.1 · road 0.32 · starved  1234 · nobles  -6.0 · read 111.2 · walls  5.7 · fell 73.8% (mother 31.9%) · prince  0.0% · king  0.0% · crowned  0.0% · 4.3s
try  6 · gen   25 · best     91.7 · elite     35.8 · median    -42.9 · years  53.8 · road 0.36 · starved  1309 · nobles  -7.7 · read 135.3 · walls  5.6 · fell 70.0% (mother 36.0%) · prince  0.0% · king  0.0% · crowned  0.0% · 4.3s
try  7 · gen   25 · best     75.3 · elite     19.9 · median    -57.2 · years  53.3 · road 0.34 · starved  1480 · nobles  -7.1 · read 125.4 · walls  8.1 · fell 67.0% (mother 32.6%) · prince  0.2% · king  0.0% · crowned  0.0% · 4.3s
try  8 · gen   25 · best    192.7 · elite     42.3 · median    -44.4 · years  48.0 · road 0.35 · starved  1339 · nobles  -7.5 · read 90.9 · walls  5.1 · fell 79.2% (mother 35.7%) · prince  2.1% · king  0.6% · crowned  0.2% (median year 76) · 4.3s
try  1 · gen   26 · best     77.1 · elite     22.2 · median    -49.4 · years  52.9 · road 0.33 · starved  1299 · nobles  -0.3 · read 111.2 · walls  4.8 · fell 69.1% (mother 30.4%) · prince  0.0% · king  0.0% · crowned  0.0% · 4.3s
try  2 · gen   26 · best    627.4 · elite    170.1 · median    -74.5 · years  28.5 · road 0.29 · starved  1365 · nobles  -0.1 · read 68.6 · walls  2.2 · fell 92.7% (mother 38.8%) · prince  6.9% · king  3.5% · crowned  2.1% (median year 56) · 4.3s
try  3 · gen   26 · best     83.1 · elite     25.1 · median    -46.6 · years  56.1 · road 0.31 · starved  1287 · nobles  -5.1 · read 154.9 · walls  5.8 · fell 67.4% (mother 32.2%) · prince  0.0% · king  0.0% · crowned  0.0% · 4.3s
try  4 · gen   26 · best    112.9 · elite     47.2 · median    -38.1 · years  52.6 · road 0.35 · starved  1151 · nobles  -8.3 · read 89.4 · walls  4.7 · fell 73.5% (mother 31.6%) · prince  0.3% · king  0.1% · crowned  0.0% · 4.3s
try  5 · gen   26 · best    112.9 · elite     25.7 · median    -51.0 · years  48.7 · road 0.33 · starved  1237 · nobles  -6.1 · read 104.3 · walls  5.9 · fell 73.6% (mother 34.3%) · prince  0.0% · king  0.0% · crowned  0.0% · 4.3s
try  6 · gen   26 · best     84.8 · elite     34.3 · median    -45.4 · years  53.2 · road 0.36 · starved  1342 · nobles  -7.8 · read 128.9 · walls  5.5 · fell 68.1% (mother 33.2%) · prince  0.0% · king  0.0% · crowned  0.0% · 4.3s
try  7 · gen   26 · best     83.6 · elite     21.3 · median    -57.4 · years  50.4 · road 0.34 · starved  1440 · nobles  -6.8 · read 112.4 · walls  8.1 · fell 68.4% (mother 34.6%) · prince  0.3% · king  0.0% · crowned  0.0% · 4.3s
try  8 · gen   26 · best    272.1 · elite     54.9 · median    -45.3 · years  47.4 · road 0.35 · starved  1320 · nobles  -7.2 · read 96.1 · walls  4.7 · fell 80.3% (mother 37.3%) · prince  3.1% · king  0.8% · crowned  0.2% (median year 75) · 4.3s
try  1 · gen   27 · best     84.3 · elite     26.1 · median    -43.0 · years  54.5 · road 0.34 · starved  1328 · nobles  -0.2 · read 115.9 · walls  5.0 · fell 67.3% (mother 32.6%) · prince  0.0% · king  0.0% · crowned  0.0% · 4.4s
try  2 · gen   27 · best    592.7 · elite    189.7 · median    -73.1 · years  28.7 · road 0.29 · starved  1377 · nobles  -0.1 · read 69.9 · walls  2.1 · fell 92.7% (mother 41.5%) · prince  7.3% · king  3.8% · crowned  2.5% (median year 56) · 4.4s
try  3 · gen   27 · best     83.9 · elite     27.0 · median    -42.2 · years  57.3 · road 0.32 · starved  1235 · nobles  -4.8 · read 162.1 · walls  6.3 · fell 65.3% (mother 30.0%) · prince  0.0% · king  0.0% · crowned  0.0% · 4.4s
try  4 · gen   27 · best    159.9 · elite     52.7 · median    -33.6 · years  54.6 · road 0.35 · starved  1179 · nobles  -8.6 · read 95.3 · walls  5.4 · fell 71.5% (mother 28.7%) · prince  0.8% · king  0.2% · crowned  0.1% (median year 92) · 4.4s
try  5 · gen   27 · best     80.9 · elite     28.2 · median    -50.2 · years  49.1 · road 0.34 · starved  1240 · nobles  -6.4 · read 105.9 · walls  6.1 · fell 73.6% (mother 33.7%) · prince  0.0% · king  0.0% · crowned  0.0% · 4.4s
try  6 · gen   27 · best     83.7 · elite     38.7 · median    -42.0 · years  52.5 · road 0.37 · starved  1305 · nobles  -7.7 · read 122.6 · walls  5.6 · fell 70.4% (mother 36.1%) · prince  0.1% · king  0.0% · crowned  0.0% · 4.4s
try  7 · gen   27 · best     75.4 · elite     20.6 · median    -53.3 · years  51.4 · road 0.35 · starved  1457 · nobles  -7.2 · read 113.8 · walls  8.2 · fell 68.2% (mother 34.2%) · prince  0.3% · king  0.0% · crowned  0.0% · 4.4s
try  8 · gen   27 · best    361.7 · elite     68.9 · median    -43.8 · years  45.3 · road 0.34 · starved  1260 · nobles  -5.8 · read 98.5 · walls  3.6 · fell 81.8% (mother 36.0%) · prince  4.3% · king  1.1% · crowned  0.4% (median year 78) · 4.4s
try  1 · gen   28 · best     87.9 · elite     30.6 · median    -47.0 · years  51.7 · road 0.33 · starved  1245 · nobles  -0.3 · read 106.5 · walls  4.7 · fell 68.4% (mother 30.8%) · prince  0.0% · king  0.0% · crowned  0.0% · 4.4s
try  2 · gen   28 · best    546.2 · elite    208.5 · median    -65.2 · years  29.7 · road 0.30 · starved  1306 · nobles  -0.2 · read 75.7 · walls  2.3 · fell 92.4% (mother 39.7%) · prince  8.5% · king  4.8% · crowned  3.2% (median year 56) · 4.4s
try  3 · gen   28 · best     76.5 · elite     26.0 · median    -43.7 · years  53.7 · road 0.32 · starved  1168 · nobles  -4.6 · read 147.3 · walls  6.3 · fell 70.5% (mother 31.6%) · prince  0.0% · king  0.0% · crowned  0.0% · 4.4s
try  4 · gen   28 · best    240.7 · elite     58.7 · median    -31.7 · years  54.1 · road 0.35 · starved  1087 · nobles  -8.7 · read 95.7 · walls  5.3 · fell 70.9% (mother 27.5%) · prince  1.2% · king  0.2% · crowned  0.1% (median year 98) · 4.4s
try  5 · gen   28 · best    104.9 · elite     34.2 · median    -46.1 · years  49.5 · road 0.35 · starved  1186 · nobles  -6.3 · read 105.3 · walls  6.3 · fell 72.8% (mother 32.9%) · prince  0.1% · king  0.0% · crowned  0.0% · 4.4s
try  6 · gen   28 · best    111.3 · elite     38.4 · median    -35.2 · years  55.0 · road 0.38 · starved  1312 · nobles  -8.2 · read 129.2 · walls  5.7 · fell 67.8% (mother 34.2%) · prince  0.1% · king  0.0% · crowned  0.0% · 4.4s
try  7 · gen   28 · best     86.8 · elite     22.2 · median    -53.2 · years  51.3 · road 0.35 · starved  1431 · nobles  -6.9 · read 113.3 · walls  8.2 · fell 67.8% (mother 32.8%) · prince  0.3% · king  0.0% · crowned  0.0% · 4.4s
try  8 · gen   28 · best    522.1 · elite     93.8 · median    -42.3 · years  43.4 · road 0.33 · starved  1255 · nobles  -4.5 · read 95.6 · walls  2.7 · fell 83.4% (mother 37.4%) · prince  6.1% · king  1.9% · crowned  0.8% (median year 71) · 4.4s
try  1 · gen   29 · best     86.5 · elite     30.7 · median    -44.2 · years  52.6 · road 0.34 · starved  1290 · nobles  -0.3 · read 99.1 · walls  5.0 · fell 68.2% (mother 30.6%) · prince  0.0% · king  0.0% · crowned  0.0% · 4.4s
try  2 · gen   29 · best    642.7 · elite    233.2 · median    -57.7 · years  29.2 · road 0.30 · starved  1249 · nobles  -0.1 · read 72.4 · walls  2.4 · fell 91.8% (mother 37.7%) · prince  9.2% · king  5.3% · crowned  3.6% (median year 52) · 4.4s
try  3 · gen   29 · best     68.4 · elite     24.8 · median    -42.3 · years  53.9 · road 0.32 · starved  1138 · nobles  -4.3 · read 151.3 · walls  6.4 · fell 70.1% (mother 31.2%) · prince  0.0% · king  0.0% · crowned  0.0% · 4.4s
try  4 · gen   29 · best    161.1 · elite     64.0 · median    -28.1 · years  53.3 · road 0.35 · starved  1071 · nobles  -8.4 · read 89.0 · walls  5.7 · fell 71.2% (mother 26.8%) · prince  1.4% · king  0.3% · crowned  0.1% (median year 95) · 4.4s
try  5 · gen   29 · best    114.9 · elite     40.5 · median    -44.2 · years  50.7 · road 0.35 · starved  1219 · nobles  -6.9 · read 116.8 · walls  6.3 · fell 69.8% (mother 30.8%) · prince  0.1% · king  0.0% · crowned  0.0% · 4.4s
try  6 · gen   29 · best    114.2 · elite     43.0 · median    -35.6 · years  54.3 · road 0.38 · starved  1297 · nobles  -7.7 · read 121.8 · walls  5.4 · fell 70.9% (mother 36.1%) · prince  0.1% · king  0.0% · crowned  0.0% · 4.4s
try  7 · gen   29 · best    117.5 · elite     32.0 · median    -48.9 · years  54.1 · road 0.36 · starved  1507 · nobles  -7.7 · read 122.4 · walls  8.3 · fell 67.3% (mother 33.6%) · prince  0.9% · king  0.0% · crowned  0.0% · 4.4s
try  8 · gen   29 · best    643.2 · elite    125.8 · median    -45.7 · years  40.4 · road 0.32 · starved  1240 · nobles  -4.0 · read 84.5 · walls  2.5 · fell 85.1% (mother 38.4%) · prince  7.4% · king  2.7% · crowned  1.2% (median year 68) · 4.4s
try  1 · gen   30 · best     81.4 · elite     38.1 · median    -40.1 · years  53.3 · road 0.34 · starved  1252 · nobles  -0.3 · read 96.8 · walls  5.2 · fell 67.1% (mother 28.5%) · prince  0.0% · king  0.0% · crowned  0.0% · 4.3s
try  2 · gen   30 · best    828.6 · elite    263.1 · median    -58.3 · years  28.5 · road 0.31 · starved  1265 · nobles  -0.1 · read 68.0 · walls  2.4 · fell 90.8% (mother 36.3%) · prince  9.6% · king  5.7% · crowned  4.1% (median year 52) · 4.3s
try  3 · gen   30 · best     83.3 · elite     30.8 · median    -41.0 · years  53.9 · road 0.32 · starved  1136 · nobles  -4.6 · read 149.8 · walls  6.4 · fell 69.6% (mother 32.1%) · prince  0.0% · king  0.0% · crowned  0.0% · 4.3s
try  4 · gen   30 · best    271.9 · elite     70.9 · median    -26.7 · years  53.4 · road 0.35 · starved  1104 · nobles  -8.1 · read 84.3 · walls  5.6 · fell 71.9% (mother 24.8%) · prince  2.0% · king  0.7% · crowned  0.2% (median year 88) · 4.3s
try  5 · gen   30 · best    102.0 · elite     45.5 · median    -40.9 · years  52.9 · road 0.35 · starved  1242 · nobles  -7.3 · read 122.3 · walls  6.5 · fell 68.1% (mother 30.2%) · prince  0.2% · king  0.0% · crowned  0.0% · 4.3s
try  6 · gen   30 · best    156.5 · elite     43.1 · median    -31.1 · years  55.1 · road 0.37 · starved  1247 · nobles  -6.8 · read 118.8 · walls  5.1 · fell 67.8% (mother 33.9%) · prince  0.1% · king  0.0% · crowned  0.0% · 4.3s
try  7 · gen   30 · best    206.0 · elite     38.4 · median    -48.5 · years  52.7 · road 0.36 · starved  1447 · nobles  -7.5 · read 121.0 · walls  8.3 · fell 67.8% (mother 31.6%) · prince  1.3% · king  0.1% · crowned  0.0% (median year 69) · 4.3s
try  8 · gen   30 · best    403.0 · elite    118.2 · median    -52.8 · years  38.0 · road 0.31 · starved  1334 · nobles  -3.0 · read 74.6 · walls  2.4 · fell 86.8% (mother 41.2%) · prince  8.0% · king  2.7% · crowned  1.2% (median year 68) · 4.3s
try  1 · gen   31 · best     93.1 · elite     43.3 · median    -35.1 · years  54.6 · road 0.35 · starved  1315 · nobles  -0.4 · read 97.6 · walls  5.3 · fell 65.1% (mother 29.5%) · prince  0.0% · king  0.0% · crowned  0.0% · 4.4s
try  2 · gen   31 · best    610.7 · elite    275.7 · median    -55.7 · years  28.1 · road 0.32 · starved  1231 · nobles  -0.4 · read 66.2 · walls  2.7 · fell 90.3% (mother 36.0%) · prince  9.8% · king  5.9% · crowned  4.2% (median year 50) · 4.4s
try  3 · gen   31 · best    106.9 · elite     34.5 · median    -38.0 · years  54.7 · road 0.32 · starved  1126 · nobles  -5.1 · read 146.9 · walls  6.5 · fell 69.5% (mother 30.8%) · prince  0.0% · king  0.0% · crowned  0.0% · 4.4s
try  4 · gen   31 · best    462.3 · elite     91.2 · median    -23.4 · years  53.1 · road 0.36 · starved  1138 · nobles  -7.8 · read 83.2 · walls  5.6 · fell 74.2% (mother 26.9%) · prince  3.0% · king  1.1% · crowned  0.4% (median year 91) · 4.4s
try  5 · gen   31 · best    187.4 · elite     54.5 · median    -36.2 · years  52.3 · road 0.35 · starved  1188 · nobles  -6.9 · read 116.0 · walls  6.7 · fell 66.9% (mother 28.9%) · prince  0.2% · king  0.0% · crowned  0.0% · 4.4s
try  6 · gen   31 · best     99.6 · elite     49.6 · median    -31.4 · years  55.6 · road 0.38 · starved  1263 · nobles  -6.8 · read 116.7 · walls  5.2 · fell 67.1% (mother 33.3%) · prince  0.1% · king  0.0% · crowned  0.0% · 4.4s
try  7 · gen   31 · best    209.1 · elite     48.9 · median    -46.4 · years  53.2 · road 0.37 · starved  1481 · nobles  -7.6 · read 119.2 · walls  8.2 · fell 69.2% (mother 31.9%) · prince  2.0% · king  0.3% · crowned  0.1% (median year 86) · 4.4s
try  8 · gen   31 · best    405.8 · elite    118.8 · median    -47.6 · years  37.7 · road 0.31 · starved  1390 · nobles  -3.1 · read 72.7 · walls  2.6 · fell 87.2% (mother 40.5%) · prince  8.6% · king  2.9% · crowned  1.2% (median year 71) · 4.4s
try  1 · gen   32 · best     97.3 · elite     42.6 · median    -36.2 · years  55.0 · road 0.34 · starved  1312 · nobles  -0.5 · read 98.9 · walls  5.2 · fell 64.2% (mother 26.3%) · prince  0.0% · king  0.0% · crowned  0.0% · 4.2s
try  2 · gen   32 · best    691.9 · elite    254.0 · median    -49.6 · years  27.8 · road 0.33 · starved  1245 · nobles  -0.8 · read 66.5 · walls  2.7 · fell 90.3% (mother 34.6%) · prince 10.5% · king  6.7% · crowned  4.4% (median year 49) · 4.2s
try  3 · gen   32 · best     88.5 · elite     37.2 · median    -37.9 · years  53.4 · road 0.32 · starved  1079 · nobles  -5.4 · read 140.1 · walls  6.3 · fell 71.2% (mother 30.6%) · prince  0.0% · king  0.0% · crowned  0.0% · 4.2s
try  4 · gen   32 · best    349.8 · elite     93.9 · median    -25.7 · years  49.4 · road 0.36 · starved  1126 · nobles  -6.7 · read 73.9 · walls  5.5 · fell 76.8% (mother 29.4%) · prince  4.3% · king  1.4% · crowned  0.6% (median year 86) · 4.2s
try  5 · gen   32 · best    110.1 · elite     51.2 · median    -34.0 · years  52.2 · road 0.36 · starved  1181 · nobles  -6.6 · read 116.3 · walls  6.7 · fell 69.2% (mother 31.2%) · prince  0.4% · king  0.0% · crowned  0.0% · 4.2s
try  6 · gen   32 · best    111.3 · elite     52.9 · median    -28.6 · years  54.3 · road 0.37 · starved  1181 · nobles  -6.4 · read 109.6 · walls  5.3 · fell 66.8% (mother 30.4%) · prince  0.1% · king  0.0% · crowned  0.0% · 4.2s
try  7 · gen   32 · best    312.1 · elite     62.4 · median    -43.2 · years  52.0 · road 0.38 · starved  1494 · nobles  -7.8 · read 112.9 · walls  8.2 · fell 72.4% (mother 36.7%) · prince  3.5% · king  0.8% · crowned  0.3% (median year 80) · 4.2s
try  8 · gen   32 · best    422.4 · elite    160.2 · median    -46.2 · years  37.0 · road 0.32 · starved  1241 · nobles  -2.8 · read 71.6 · walls  2.9 · fell 87.2% (mother 40.0%) · prince  8.9% · king  3.7% · crowned  2.0% (median year 66) · 4.2s
try  1 · gen   33 · best    122.7 · elite     46.4 · median    -34.4 · years  53.6 · road 0.34 · starved  1194 · nobles  -0.7 · read 97.3 · walls  5.2 · fell 65.4% (mother 28.3%) · prince  0.0% · king  0.0% · crowned  0.0% · 4.2s
try  2 · gen   33 · best    589.4 · elite    277.8 · median    -51.0 · years  27.1 · road 0.33 · starved  1233 · nobles  -1.2 · read 64.8 · walls  2.7 · fell 89.2% (mother 35.4%) · prince 10.2% · king  6.5% · crowned  4.4% (median year 48) · 4.2s
try  3 · gen   33 · best     93.9 · elite     38.0 · median    -36.6 · years  53.0 · road 0.33 · starved  1088 · nobles  -5.5 · read 139.2 · walls  6.2 · fell 72.9% (mother 31.7%) · prince  0.1% · king  0.0% · crowned  0.0% · 4.2s
try  4 · gen   33 · best    299.6 · elite     99.9 · median    -22.4 · years  48.3 · road 0.36 · starved  1200 · nobles  -5.6 · read 70.4 · walls  6.0 · fell 80.1% (mother 33.9%) · prince  5.1% · king  2.0% · crowned  1.0% (median year 79) · 4.2s
try  5 · gen   33 · best    136.3 · elite     63.3 · median    -27.6 · years  54.5 · road 0.36 · starved  1244 · nobles  -6.2 · read 121.7 · walls  6.8 · fell 67.1% (mother 29.2%) · prince  0.9% · king  0.0% · crowned  0.0% · 4.2s
try  6 · gen   33 · best    125.4 · elite     51.6 · median    -25.7 · years  55.2 · road 0.38 · starved  1159 · nobles  -6.2 · read 108.3 · walls  5.6 · fell 66.2% (mother 29.9%) · prince  0.0% · king  0.0% · crowned  0.0% · 4.2s
try  7 · gen   33 · best    528.1 · elite     87.0 · median    -42.3 · years  51.9 · road 0.38 · starved  1536 · nobles  -7.0 · read 114.2 · walls  8.0 · fell 73.6% (mother 36.2%) · prince  5.3% · king  1.4% · crowned  0.5% (median year 79) · 4.2s
try  8 · gen   33 · best    558.7 · elite    187.1 · median    -53.5 · years  36.0 · road 0.31 · starved  1285 · nobles  -2.6 · read 67.9 · walls  2.9 · fell 88.0% (mother 42.0%) · prince  9.2% · king  3.8% · crowned  2.4% (median year 65) · 4.2s
try  1 · gen   34 · best    119.8 · elite     49.7 · median    -35.8 · years  53.7 · road 0.35 · starved  1168 · nobles  -0.7 · read 98.8 · walls  5.1 · fell 65.4% (mother 26.7%) · prince  0.1% · king  0.0% · crowned  0.0% · 4.1s
try  2 · gen   34 · best    722.5 · elite    271.7 · median    -50.4 · years  26.4 · road 0.32 · starved  1185 · nobles  -1.5 · read 62.8 · walls  2.7 · fell 90.3% (mother 35.6%) · prince  9.7% · king  6.1% · crowned  4.2% (median year 46) · 4.1s
try  3 · gen   34 · best    103.9 · elite     42.1 · median    -33.3 · years  53.7 · road 0.35 · starved  1125 · nobles  -5.8 · read 137.4 · walls  6.1 · fell 73.7% (mother 33.6%) · prince  0.0% · king  0.0% · crowned  0.0% · 4.1s
try  4 · gen   34 · best    379.7 · elite    128.9 · median    -29.8 · years  45.4 · road 0.35 · starved  1248 · nobles  -3.8 · read 60.1 · walls  5.9 · fell 82.7% (mother 34.7%) · prince  6.6% · king  2.6% · crowned  1.5% (median year 76) · 4.1s
try  5 · gen   34 · best    124.8 · elite     65.5 · median    -24.9 · years  52.4 · road 0.36 · starved  1146 · nobles  -6.0 · read 110.5 · walls  6.8 · fell 70.8% (mother 33.0%) · prince  0.8% · king  0.0% · crowned  0.0% · 4.1s
try  6 · gen   34 · best    131.7 · elite     58.9 · median    -20.2 · years  56.7 · road 0.38 · starved  1126 · nobles  -6.3 · read 108.8 · walls  5.6 · fell 66.2% (mother 32.7%) · prince  0.1% · king  0.0% · crowned  0.0% · 4.1s
try  7 · gen   34 · best    385.3 · elite    100.1 · median    -33.9 · years  49.6 · road 0.38 · starved  1511 · nobles  -6.3 · read 110.0 · walls  7.8 · fell 76.4% (mother 35.2%) · prince  8.0% · king  2.3% · crowned  1.0% (median year 80) · 4.1s
try  8 · gen   34 · best    440.3 · elite    206.4 · median    -50.7 · years  35.3 · road 0.31 · starved  1251 · nobles  -2.0 · read 68.2 · walls  2.7 · fell 88.5% (mother 44.6%) · prince  9.4% · king  4.6% · crowned  3.0% (median year 61) · 4.1s
try  1 · gen   35 · best    105.9 · elite     53.3 · median    -31.1 · years  54.8 · road 0.35 · starved  1622 · nobles  -1.0 · read 103.7 · walls  5.3 · fell 64.9% (mother 27.1%) · prince  0.1% · king  0.0% · crowned  0.0% · 4.1s
try  2 · gen   35 · best    853.6 · elite    291.5 · median    -47.7 · years  26.0 · road 0.33 · starved  1170 · nobles  -1.5 · read 61.1 · walls  2.8 · fell 90.3% (mother 38.8%) · prince  9.9% · king  6.8% · crowned  4.7% (median year 44) · 4.1s
try  3 · gen   35 · best     90.2 · elite     44.8 · median    -30.5 · years  53.8 · road 0.35 · starved  1089 · nobles  -5.9 · read 137.5 · walls  6.1 · fell 71.7% (mother 31.6%) · prince  0.0% · king  0.0% · crowned  0.0% · 4.1s
try  4 · gen   35 · best    538.1 · elite    145.3 · median    -34.6 · years  40.7 · road 0.35 · starved  1317 · nobles  -1.5 · read 49.1 · walls  6.1 · fell 86.0% (mother 38.9%) · prince  7.9% · king  2.9% · crowned  2.0% (median year 74) · 4.1s
try  5 · gen   35 · best    138.9 · elite     70.4 · median    -22.0 · years  52.9 · road 0.37 · starved  1112 · nobles  -5.5 · read 106.3 · walls  6.9 · fell 70.0% (mother 31.6%) · prince  0.9% · king  0.0% · crowned  0.0% · 4.1s
try  6 · gen   35 · best    127.6 · elite     59.7 · median    -23.9 · years  52.4 · road 0.37 · starved  1079 · nobles  -5.6 · read 103.0 · walls  5.6 · fell 68.2% (mother 32.0%) · prince  0.2% · king  0.0% · crowned  0.0% · 4.1s
try  7 · gen   35 · best    538.8 · elite    149.0 · median    -36.4 · years  46.8 · road 0.37 · starved  1515 · nobles  -4.7 · read 104.3 · walls  7.5 · fell 80.1% (mother 37.5%) · prince 10.6% · king  3.8% · crowned  1.6% (median year 75) · 4.1s
try  8 · gen   35 · best    724.3 · elite    236.8 · median    -46.7 · years  33.5 · road 0.30 · starved  1210 · nobles  -1.2 · read 69.4 · walls  1.8 · fell 88.6% (mother 46.2%) · prince  9.9% · king  5.4% · crowned  3.7% (median year 60) · 4.1s
try  1 · gen   36 · best    115.1 · elite     53.7 · median    -27.9 · years  53.1 · road 0.36 · starved  2012 · nobles  -1.0 · read 100.4 · walls  5.4 · fell 66.8% (mother 29.1%) · prince  0.0% · king  0.0% · crowned  0.0% · 4.1s
try  2 · gen   36 · best    838.9 · elite    295.9 · median    -41.5 · years  26.1 · road 0.33 · starved  1115 · nobles  -1.4 · read 61.0 · walls  2.9 · fell 88.8% (mother 35.8%) · prince 11.0% · king  7.1% · crowned  4.9% (median year 42) · 4.1s
try  3 · gen   36 · best    112.8 · elite     48.9 · median    -25.3 · years  55.3 · road 0.36 · starved  1135 · nobles  -6.5 · read 138.1 · walls  6.4 · fell 71.6% (mother 34.5%) · prince  0.1% · king  0.0% · crowned  0.0% · 4.1s
try  4 · gen   36 · best    324.1 · elite    135.6 · median    -50.0 · years  37.6 · road 0.34 · starved  1455 · nobles  -0.8 · read 40.0 · walls  6.3 · fell 88.7% (mother 44.2%) · prince  8.6% · king  3.0% · crowned  2.0% (median year 74) · 4.1s
try  5 · gen   36 · best    149.7 · elite     67.2 · median    -19.9 · years  53.4 · road 0.37 · starved  1126 · nobles  -5.4 · read 103.3 · walls  7.0 · fell 69.8% (mother 31.7%) · prince  0.6% · king  0.0% · crowned  0.0% · 4.1s
try  6 · gen   36 · best    136.0 · elite     63.5 · median    -20.9 · years  54.2 · road 0.38 · starved  1131 · nobles  -5.6 · read 105.3 · walls  5.7 · fell 68.1% (mother 32.4%) · prince  0.1% · king  0.0% · crowned  0.0% · 4.1s
try  7 · gen   36 · best    631.5 · elite    210.6 · median    -41.3 · years  42.4 · road 0.37 · starved  1536 · nobles  -3.5 · read 93.8 · walls  6.9 · fell 82.6% (mother 38.0%) · prince 11.6% · king  5.6% · crowned  3.0% (median year 69) · 4.1s
try  8 · gen   36 · best    605.2 · elite    270.3 · median    -46.5 · years  33.3 · road 0.30 · starved  1312 · nobles  -0.4 · read 70.7 · walls  1.7 · fell 87.6% (mother 45.6%) · prince 11.2% · king  6.8% · crowned  4.9% (median year 57) · 4.1s
try  1 · gen   37 · best    145.7 · elite     55.3 · median    -28.7 · years  54.2 · road 0.36 · starved  1143 · nobles  -1.1 · read 102.4 · walls  5.4 · fell 65.2% (mother 26.4%) · prince  0.1% · king  0.0% · crowned  0.0% · 4.0s
try  2 · gen   37 · best    674.1 · elite    343.8 · median    -41.1 · years  26.3 · road 0.33 · starved  1123 · nobles  -1.2 · read 61.7 · walls  2.8 · fell 88.6% (mother 35.7%) · prince 11.8% · king  8.2% · crowned  5.7% (median year 41) · 4.0s
try  3 · gen   37 · best    121.5 · elite     54.1 · median    -25.3 · years  55.3 · road 0.37 · starved  1135 · nobles  -6.9 · read 139.4 · walls  6.5 · fell 71.9% (mother 33.6%) · prince  0.1% · king  0.0% · crowned  0.0% · 4.0s
try  4 · gen   37 · best    427.9 · elite    149.4 · median    -58.8 · years  35.8 · road 0.34 · starved  1568 · nobles  -0.2 · read 36.5 · walls  6.0 · fell 89.6% (mother 48.6%) · prince  7.9% · king  3.1% · crowned  2.0% (median year 74) · 4.0s
try  5 · gen   37 · best    116.8 · elite     61.0 · median    -24.1 · years  52.5 · road 0.37 · starved  1160 · nobles  -5.2 · read 102.5 · walls  6.8 · fell 71.1% (mother 31.4%) · prince  0.7% · king  0.0% · crowned  0.0% · 4.0s
try  6 · gen   37 · best    125.5 · elite     70.7 · median    -19.3 · years  54.3 · road 0.37 · starved  1007 · nobles  -4.9 · read 110.2 · walls  5.9 · fell 67.5% (mother 30.9%) · prince  0.1% · king  0.0% · crowned  0.0% · 4.0s
try  7 · gen   37 · best    650.4 · elite    263.3 · median    -40.4 · years  39.0 · road 0.37 · starved  1487 · nobles  -2.0 · read 84.9 · walls  7.1 · fell 82.7% (mother 38.0%) · prince 13.1% · king  6.9% · crowned  4.1% (median year 63) · 4.0s
try  8 · gen   37 · best    586.0 · elite    254.8 · median    -49.1 · years  32.1 · road 0.29 · starved  1184 · nobles  -0.3 · read 67.7 · walls  1.7 · fell 87.5% (mother 46.5%) · prince 10.5% · king  6.5% · crowned  4.8% (median year 57) · 4.0s
try  1 · gen   38 · best    138.3 · elite     66.4 · median    -20.2 · years  54.6 · road 0.36 · starved  1059 · nobles  -1.3 · read 99.1 · walls  5.3 · fell 65.0% (mother 27.2%) · prince  0.2% · king  0.0% · crowned  0.0% · 4.0s
try  2 · gen   38 · best    870.5 · elite    368.2 · median    -35.5 · years  25.9 · road 0.33 · starved  1074 · nobles  -0.4 · read 59.7 · walls  2.8 · fell 87.2% (mother 34.6%) · prince 12.4% · king  8.6% · crowned  6.4% (median year 43) · 4.0s
try  3 · gen   38 · best    137.2 · elite     55.3 · median    -23.4 · years  54.4 · road 0.36 · starved  1098 · nobles  -6.6 · read 134.7 · walls  6.4 · fell 70.3% (mother 31.8%) · prince  0.2% · king  0.0% · crowned  0.0% · 4.0s
try  4 · gen   38 · best    463.3 · elite    170.0 · median    -53.6 · years  36.3 · road 0.34 · starved  1451 · nobles  -0.2 · read 36.4 · walls  6.0 · fell 87.6% (mother 46.0%) · prince  8.5% · king  3.8% · crowned  2.6% (median year 72) · 4.0s
try  5 · gen   38 · best    133.0 · elite     67.5 · median    -21.7 · years  53.1 · road 0.38 · starved  1172 · nobles  -5.5 · read 99.5 · walls  6.9 · fell 70.3% (mother 30.5%) · prince  0.9% · king  0.0% · crowned  0.0% · 4.0s
try  6 · gen   38 · best    131.0 · elite     70.0 · median    -14.7 · years  55.7 · road 0.37 · starved  1071 · nobles  -5.4 · read 119.4 · walls  5.9 · fell 66.4% (mother 29.5%) · prince  0.2% · king  0.0% · crowned  0.0% · 4.0s
try  7 · gen   38 · best    646.2 · elite    277.2 · median    -36.3 · years  35.5 · road 0.36 · starved  1416 · nobles  -1.2 · read 74.6 · walls  7.3 · fell 82.4% (mother 35.7%) · prince 12.2% · king  7.2% · crowned  5.3% (median year 61) · 4.0s
try  8 · gen   38 · best    584.1 · elite    265.9 · median    -48.4 · years  32.9 · road 0.30 · starved  1221 · nobles  -0.1 · read 65.2 · walls  2.0 · fell 86.9% (mother 46.2%) · prince 10.1% · king  6.6% · crowned  4.9% (median year 57) · 4.0s
try  1 · gen   39 · best    144.6 · elite     67.5 · median    -16.6 · years  54.3 · road 0.37 · starved  1018 · nobles  -1.3 · read 94.9 · walls  5.4 · fell 65.8% (mother 28.5%) · prince  0.3% · king  0.0% · crowned  0.0% · 4.0s
try  2 · gen   39 · best    711.1 · elite    323.2 · median    -43.3 · years  25.4 · road 0.33 · starved  1083 · nobles  -1.0 · read 58.8 · walls  2.8 · fell 87.4% (mother 36.5%) · prince 11.6% · king  7.7% · crowned  5.6% (median year 42) · 4.0s
try  3 · gen   39 · best    108.6 · elite     53.1 · median    -25.8 · years  53.0 · road 0.36 · starved  1109 · nobles  -6.6 · read 130.7 · walls  6.5 · fell 72.6% (mother 32.1%) · prince  0.2% · king  0.0% · crowned  0.0% · 4.0s
try  4 · gen   39 · best    388.4 · elite    157.3 · median    -53.5 · years  35.5 · road 0.34 · starved  1511 · nobles  +0.5 · read 34.7 · walls  6.2 · fell 90.0% (mother 50.7%) · prince  8.4% · king  3.3% · crowned  2.2% (median year 71) · 4.0s
try  5 · gen   39 · best    166.9 · elite     67.0 · median    -23.3 · years  51.9 · road 0.37 · starved  1105 · nobles  -5.6 · read 94.6 · walls  6.6 · fell 70.2% (mother 28.9%) · prince  1.0% · king  0.0% · crowned  0.0% · 4.0s
try  6 · gen   39 · best    151.8 · elite     73.7 · median    -12.4 · years  54.7 · road 0.37 · starved  1017 · nobles  -4.8 · read 116.8 · walls  6.0 · fell 68.1% (mother 29.4%) · prince  0.4% · king  0.0% · crowned  0.0% · 4.0s
try  7 · gen   39 · best    583.6 · elite    283.4 · median    -35.9 · years  35.6 · road 0.37 · starved  1411 · nobles  -1.0 · read 72.7 · walls  7.4 · fell 82.3% (mother 36.8%) · prince 12.8% · king  7.3% · crowned  5.1% (median year 60) · 4.0s
try  8 · gen   39 · best    799.4 · elite    281.8 · median    -42.7 · years  32.3 · road 0.30 · starved  1146 · nobles  -0.3 · read 68.3 · walls  1.7 · fell 87.2% (mother 43.8%) · prince 11.4% · king  7.2% · crowned  5.2% (median year 56) · 4.0s
try  1 · gen   40 · best    163.5 · elite     75.4 · median    -15.9 · years  53.3 · road 0.37 · starved   917 · nobles  -0.8 · read 88.3 · walls  5.3 · fell 63.5% (mother 25.4%) · prince  0.1% · king  0.0% · crowned  0.0% · 3.9s
try  2 · gen   40 · best    861.9 · elite    366.5 · median    -32.8 · years  25.9 · road 0.33 · starved  1046 · nobles  -1.3 · read 60.9 · walls  2.8 · fell 87.0% (mother 35.4%) · prince 12.8% · king  9.0% · crowned  6.3% (median year 41) · 3.9s
try  3 · gen   40 · best    109.4 · elite     53.9 · median    -23.3 · years  53.2 · road 0.37 · starved  1101 · nobles  -7.2 · read 126.9 · walls  6.5 · fell 71.8% (mother 34.5%) · prince  0.2% · king  0.0% · crowned  0.0% · 3.9s
try  4 · gen   40 · best    605.1 · elite    176.5 · median    -54.5 · years  35.3 · road 0.34 · starved  1493 · nobles  +0.2 · read 34.2 · walls  6.2 · fell 89.3% (mother 50.5%) · prince  8.4% · king  4.0% · crowned  2.8% (median year 69) · 3.9s
try  5 · gen   40 · best    153.2 · elite     75.8 · median    -19.8 · years  53.8 · road 0.38 · starved  1161 · nobles  -6.0 · read 99.1 · walls  6.5 · fell 68.8% (mother 30.1%) · prince  1.2% · king  0.0% · crowned  0.0% · 3.9s
try  6 · gen   40 · best    148.7 · elite     74.3 · median    -18.7 · years  53.0 · road 0.37 · starved  1036 · nobles  -6.3 · read 107.2 · walls  5.8 · fell 72.6% (mother 30.1%) · prince  0.7% · king  0.1% · crowned  0.0% · 3.9s
try  7 · gen   40 · best    757.5 · elite    268.1 · median    -35.9 · years  33.8 · road 0.37 · starved  1343 · nobles  -1.1 · read 66.7 · walls  7.6 · fell 83.1% (mother 39.6%) · prince 11.9% · king  7.4% · crowned  5.4% (median year 57) · 3.9s
try  8 · gen   40 · best    776.8 · elite    281.7 · median    -43.0 · years  32.6 · road 0.31 · starved  1207 · nobles  +0.0 · read 61.6 · walls  2.0 · fell 86.7% (mother 45.4%) · prince 11.0% · king  6.7% · crowned  5.0% (median year 54) · 3.9s
try  1 · gen   41 · best    152.7 · elite     74.7 · median     -8.0 · years  53.5 · road 0.38 · starved   866 · nobles  -0.6 · read 88.9 · walls  5.5 · fell 63.3% (mother 26.7%) · prince  0.1% · king  0.0% · crowned  0.0% · 4.0s
try  2 · gen   41 · best    675.3 · elite    331.4 · median    -30.6 · years  25.7 · road 0.33 · starved  1019 · nobles  -1.2 · read 60.4 · walls  2.5 · fell 86.6% (mother 35.5%) · prince 12.7% · king  8.6% · crowned  6.2% (median year 42) · 4.0s
try  3 · gen   41 · best     97.9 · elite     48.3 · median    -23.0 · years  51.9 · road 0.36 · starved  1034 · nobles  -6.8 · read 120.5 · walls  6.3 · fell 72.9% (mother 32.8%) · prince  0.2% · king  0.0% · crowned  0.0% · 4.0s
try  4 · gen   41 · best    607.7 · elite    182.8 · median    -55.0 · years  33.7 · road 0.34 · starved  1448 · nobles  -0.4 · read 31.6 · walls  6.1 · fell 90.1% (mother 50.9%) · prince  8.9% · king  4.0% · crowned  2.8% (median year 67) · 4.0s
try  5 · gen   41 · best    193.7 · elite     68.3 · median    -16.7 · years  52.6 · road 0.38 · starved  1130 · nobles  -6.2 · read 96.2 · walls  6.3 · fell 68.7% (mother 27.1%) · prince  1.4% · king  0.0% · crowned  0.0% · 4.0s
try  6 · gen   41 · best    183.6 · elite     72.7 · median    -20.1 · years  51.4 · road 0.36 · starved  1064 · nobles  -6.4 · read 97.6 · walls  5.6 · fell 74.4% (mother 32.3%) · prince  1.0% · king  0.1% · crowned  0.0% (median year 80) · 4.0s
try  7 · gen   41 · best    616.5 · elite    270.7 · median    -43.3 · years  31.5 · road 0.36 · starved  1290 · nobles  -1.0 · read 60.8 · walls  7.8 · fell 84.3% (mother 42.5%) · prince 11.3% · king  6.7% · crowned  4.8% (median year 56) · 4.0s
try  8 · gen   41 · best    638.8 · elite    288.2 · median    -39.4 · years  32.9 · road 0.32 · starved  1228 · nobles  +0.1 · read 57.9 · walls  2.5 · fell 85.8% (mother 43.8%) · prince 11.3% · king  6.8% · crowned  5.1% (median year 54) · 4.0s
try  1 · gen   42 · best    141.4 · elite     79.4 · median     -9.2 · years  54.1 · road 0.38 · starved   902 · nobles  -1.1 · read 100.6 · walls  5.9 · fell 63.7% (mother 26.5%) · prince  0.1% · king  0.0% · crowned  0.0% · 4.0s
try  2 · gen   42 · best    660.2 · elite    355.8 · median    -32.7 · years  24.9 · road 0.32 · starved   975 · nobles  -0.7 · read 58.7 · walls  2.3 · fell 85.4% (mother 34.6%) · prince 12.5% · king  8.4% · crowned  6.6% (median year 42) · 4.0s
try  3 · gen   42 · best    138.8 · elite     53.8 · median    -26.4 · years  50.9 · road 0.36 · starved  1083 · nobles  -6.4 · read 115.4 · walls  6.4 · fell 74.1% (mother 36.9%) · prince  0.2% · king  0.0% · crowned  0.0% · 4.0s
try  4 · gen   42 · best    493.5 · elite    187.9 · median    -55.4 · years  34.2 · road 0.34 · starved  1499 · nobles  +0.3 · read 34.4 · walls  6.3 · fell 89.8% (mother 48.7%) · prince  9.0% · king  4.8% · crowned  3.4% (median year 70) · 4.0s
try  5 · gen   42 · best    162.1 · elite     69.4 · median    -20.5 · years  51.2 · road 0.37 · starved  1119 · nobles  -6.1 · read 93.7 · walls  6.1 · fell 71.2% (mother 29.8%) · prince  1.5% · king  0.0% · crowned  0.0% · 4.0s
try  6 · gen   42 · best    173.5 · elite     72.9 · median    -20.2 · years  50.3 · road 0.36 · starved  1039 · nobles  -6.7 · read 91.5 · walls  5.9 · fell 74.5% (mother 30.1%) · prince  1.0% · king  0.1% · crowned  0.0% · 4.0s
try  7 · gen   42 · best    753.7 · elite    274.4 · median    -38.7 · years  32.0 · road 0.37 · starved  1317 · nobles  -1.4 · read 62.2 · walls  7.8 · fell 85.1% (mother 42.5%) · prince 11.9% · king  6.9% · crowned  5.2% (median year 56) · 4.0s
try  8 · gen   42 · best    629.5 · elite    275.6 · median    -39.6 · years  33.7 · road 0.33 · starved  1270 · nobles  +0.1 · read 52.3 · walls  2.9 · fell 86.4% (mother 44.5%) · prince 10.0% · king  5.9% · crowned  4.4% (median year 54) · 4.0s
try  1 · gen   43 · best    166.6 · elite     83.8 · median     -9.0 · years  54.5 · road 0.38 · starved   919 · nobles  -1.3 · read 103.0 · walls  5.8 · fell 62.7% (mother 26.7%) · prince  0.1% · king  0.0% · crowned  0.0% · 3.9s
try  2 · gen   43 · best   1094.3 · elite    396.3 · median    -29.6 · years  24.9 · road 0.33 · starved  1034 · nobles  -0.4 · read 58.5 · walls  2.4 · fell 85.9% (mother 35.7%) · prince 13.6% · king  9.2% · crowned  7.1% (median year 42) · 3.9s
try  3 · gen   43 · best    134.4 · elite     58.9 · median    -23.4 · years  51.5 · road 0.36 · starved  1084 · nobles  -6.5 · read 118.5 · walls  6.5 · fell 75.3% (mother 36.2%) · prince  0.4% · king  0.0% · crowned  0.0% · 3.9s
try  4 · gen   43 · best    683.5 · elite    206.3 · median    -54.0 · years  34.9 · road 0.34 · starved  1487 · nobles  +0.7 · read 38.1 · walls  6.6 · fell 88.8% (mother 46.8%) · prince  9.0% · king  4.8% · crowned  3.5% (median year 67) · 3.9s
try  5 · gen   43 · best    143.1 · elite     74.9 · median    -15.0 · years  52.4 · road 0.38 · starved  1136 · nobles  -6.1 · read 94.4 · walls  6.2 · fell 70.6% (mother 30.2%) · prince  1.6% · king  0.1% · crowned  0.0% · 3.9s
try  6 · gen   43 · best    193.4 · elite     70.4 · median    -13.5 · years  51.6 · road 0.36 · starved  1040 · nobles  -7.0 · read 90.8 · walls  5.9 · fell 74.6% (mother 30.1%) · prince  1.0% · king  0.1% · crowned  0.0% (median year 99) · 3.9s
try  7 · gen   43 · best    823.2 · elite    316.8 · median    -33.5 · years  32.4 · road 0.38 · starved  1325 · nobles  -1.8 · read 63.5 · walls  8.0 · fell 84.0% (mother 42.6%) · prince 12.7% · king  7.7% · crowned  5.7% (median year 55) · 3.9s
try  8 · gen   43 · best    667.5 · elite    262.4 · median    -32.3 · years  32.6 · road 0.33 · starved  1207 · nobles  -0.2 · read 49.8 · walls  2.8 · fell 86.8% (mother 43.4%) · prince 10.8% · king  6.3% · crowned  4.6% (median year 53) · 3.9s
try  1 · gen   44 · best    164.8 · elite     89.3 · median     -4.6 · years  55.0 · road 0.39 · starved   950 · nobles  -1.9 · read 112.8 · walls  6.0 · fell 62.1% (mother 25.5%) · prince  0.4% · king  0.0% · crowned  0.0% · 3.9s
try  2 · gen   44 · best    856.4 · elite    390.5 · median    -39.7 · years  24.5 · road 0.33 · starved  1244 · nobles  -0.6 · read 56.2 · walls  2.2 · fell 86.8% (mother 35.2%) · prince 12.7% · king  8.8% · crowned  6.5% (median year 40) · 3.9s
try  3 · gen   44 · best    130.2 · elite     56.5 · median    -22.9 · years  50.7 · road 0.37 · starved  1065 · nobles  -6.2 · read 114.4 · walls  6.6 · fell 74.6% (mother 37.3%) · prince  0.5% · king  0.0% · crowned  0.0% · 3.9s
try  4 · gen   44 · best    533.4 · elite    208.7 · median    -49.2 · years  33.9 · road 0.34 · starved  1631 · nobles  +1.3 · read 35.0 · walls  6.6 · fell 89.3% (mother 48.7%) · prince  8.8% · king  4.9% · crowned  3.6% (median year 67) · 3.9s
try  5 · gen   44 · best    221.4 · elite     82.3 · median    -18.1 · years  50.1 · road 0.39 · starved  1105 · nobles  -7.0 · read 91.3 · walls  6.2 · fell 72.8% (mother 31.5%) · prince  2.0% · king  0.1% · crowned  0.0% (median year 89) · 3.9s
try  6 · gen   44 · best    181.8 · elite     67.7 · median    -16.7 · years  51.0 · road 0.36 · starved  1157 · nobles  -6.8 · read 88.4 · walls  6.1 · fell 75.3% (mother 28.9%) · prince  1.3% · king  0.1% · crowned  0.1% (median year 86) · 3.9s
try  7 · gen   44 · best    750.0 · elite    310.3 · median    -33.1 · years  31.7 · road 0.39 · starved  1319 · nobles  -1.5 · read 61.1 · walls  7.9 · fell 82.9% (mother 41.6%) · prince 12.8% · king  7.8% · crowned  5.9% (median year 52) · 3.9s
try  8 · gen   44 · best    632.1 · elite    254.8 · median    -36.1 · years  33.7 · road 0.34 · starved  1291 · nobles  +0.1 · read 48.1 · walls  3.0 · fell 87.7% (mother 45.3%) · prince 10.1% · king  5.5% · crowned  4.2% (median year 56) · 3.9s
try  1 · gen   45 · best    194.9 · elite     94.0 · median     -4.5 · years  54.5 · road 0.39 · starved   892 · nobles  -2.0 · read 107.1 · walls  6.0 · fell 63.2% (mother 24.5%) · prince  0.4% · king  0.0% · crowned  0.0% · 3.9s
try  2 · gen   45 · best    880.9 · elite    387.3 · median    -33.2 · years  23.9 · road 0.32 · starved  1047 · nobles  +0.2 · read 53.6 · walls  1.9 · fell 86.0% (mother 35.0%) · prince 13.0% · king  9.0% · crowned  7.2% (median year 38) · 3.9s
try  3 · gen   45 · best    132.9 · elite     57.1 · median    -15.4 · years  52.6 · road 0.38 · starved  1401 · nobles  -6.6 · read 117.7 · walls  6.8 · fell 72.9% (mother 35.7%) · prince  0.4% · king  0.0% · crowned  0.0% · 3.9s
try  4 · gen   45 · best    620.5 · elite    194.6 · median    -47.6 · years  33.7 · road 0.34 · starved  1455 · nobles  +1.5 · read 34.9 · walls  6.5 · fell 88.6% (mother 47.5%) · prince  9.1% · king  4.8% · crowned  3.4% (median year 67) · 3.9s
try  5 · gen   45 · best    143.4 · elite     83.9 · median     -9.8 · years  52.1 · road 0.40 · starved  1091 · nobles  -7.9 · read 91.0 · walls  6.2 · fell 70.9% (mother 32.2%) · prince  1.9% · king  0.1% · crowned  0.0% · 3.9s
try  6 · gen   45 · best    171.3 · elite     72.1 · median    -18.9 · years  49.3 · road 0.36 · starved  1089 · nobles  -6.5 · read 82.0 · walls  6.0 · fell 75.2% (mother 30.6%) · prince  1.3% · king  0.2% · crowned  0.1% (median year 96) · 3.9s
try  7 · gen   45 · best    897.2 · elite    310.6 · median    -36.5 · years  31.1 · road 0.38 · starved  1305 · nobles  -1.5 · read 60.0 · walls  7.6 · fell 84.3% (mother 42.2%) · prince 12.4% · king  7.2% · crowned  5.2% (median year 52) · 3.9s
try  8 · gen   45 · best    582.7 · elite    249.7 · median    -35.2 · years  32.8 · road 0.34 · starved  1230 · nobles  +0.5 · read 44.8 · walls  3.0 · fell 88.2% (mother 45.2%) · prince  9.2% · king  5.2% · crowned  4.1% (median year 54) · 3.9s
try  1 · gen   46 · best    147.7 · elite     87.8 · median     -2.5 · years  54.8 · road 0.39 · starved   961 · nobles  -1.9 · read 101.7 · walls  5.8 · fell 62.1% (mother 27.5%) · prince  0.6% · king  0.0% · crowned  0.0% · 3.9s
try  2 · gen   46 · best    706.2 · elite    402.8 · median    -26.9 · years  23.9 · road 0.33 · starved  1144 · nobles  +0.6 · read 52.3 · walls  1.8 · fell 86.2% (mother 34.4%) · prince 13.7% · king  9.9% · crowned  7.5% (median year 38) · 3.9s
try  3 · gen   46 · best    127.9 · elite     65.3 · median    -17.9 · years  51.1 · road 0.38 · starved  1028 · nobles  -6.3 · read 112.1 · walls  6.4 · fell 73.2% (mother 35.1%) · prince  0.4% · king  0.0% · crowned  0.0% · 3.9s
try  4 · gen   46 · best    484.8 · elite    192.4 · median    -46.4 · years  33.6 · road 0.34 · starved  1390 · nobles  +1.7 · read 35.6 · walls  6.4 · fell 88.2% (mother 46.7%) · prince  9.5% · king  4.7% · crowned  3.7% (median year 68) · 3.9s
try  5 · gen   46 · best    153.5 · elite     85.1 · median     -5.2 · years  53.8 · road 0.40 · starved  1071 · nobles  -8.3 · read 88.0 · walls  6.3 · fell 65.8% (mother 29.5%) · prince  1.5% · king  0.1% · crowned  0.0% · 3.9s
try  6 · gen   46 · best    168.2 · elite     79.2 · median    -13.5 · years  50.7 · road 0.36 · starved  1037 · nobles  -6.8 · read 83.0 · walls  6.1 · fell 75.5% (mother 29.0%) · prince  1.2% · king  0.2% · crowned  0.1% (median year 82) · 3.9s
try  7 · gen   46 · best   1071.7 · elite    331.7 · median    -32.1 · years  30.7 · road 0.38 · starved  1257 · nobles  -1.4 · read 60.1 · walls  7.6 · fell 82.8% (mother 40.9%) · prince 12.6% · king  7.7% · crowned  5.7% (median year 48) · 3.9s
try  8 · gen   46 · best    664.8 · elite    274.2 · median    -28.8 · years  33.0 · road 0.34 · starved  1211 · nobles  +0.3 · read 46.2 · walls  3.2 · fell 87.5% (mother 44.8%) · prince 10.8% · king  6.1% · crowned  4.6% (median year 54) · 3.9s
try  1 · gen   47 · best    177.3 · elite     91.0 · median     -3.7 · years  54.6 · road 0.39 · starved   947 · nobles  -2.3 · read 106.7 · walls  5.8 · fell 62.3% (mother 26.1%) · prince  0.4% · king  0.0% · crowned  0.0% · 4.0s
try  2 · gen   47 · best    877.9 · elite    432.4 · median    -28.1 · years  22.7 · road 0.33 · starved  1126 · nobles  +0.5 · read 48.8 · walls  1.8 · fell 84.4% (mother 33.5%) · prince 13.3% · king  9.9% · crowned  8.1% (median year 35) · 4.0s
try  3 · gen   47 · best    128.7 · elite     66.4 · median    -16.6 · years  51.6 · road 0.38 · starved  1173 · nobles  -6.3 · read 110.7 · walls  6.3 · fell 72.0% (mother 32.6%) · prince  0.2% · king  0.0% · crowned  0.0% · 4.0s
try  4 · gen   47 · best    467.6 · elite    200.1 · median    -49.0 · years  33.1 · road 0.34 · starved  1376 · nobles  +1.5 · read 32.3 · walls  6.4 · fell 89.8% (mother 46.5%) · prince  8.9% · king  4.3% · crowned  3.3% (median year 69) · 4.0s
try  5 · gen   47 · best    272.1 · elite     97.1 · median     -0.4 · years  56.1 · road 0.42 · starved  1068 · nobles  -9.8 · read 91.2 · walls  6.3 · fell 66.1% (mother 30.2%) · prince  1.9% · king  0.1% · crowned  0.0% (median year 71) · 4.0s
try  6 · gen   47 · best    277.5 · elite     80.9 · median    -14.9 · years  49.6 · road 0.36 · starved  1026 · nobles  -6.7 · read 80.8 · walls  6.0 · fell 75.7% (mother 29.1%) · prince  1.3% · king  0.2% · crowned  0.1% (median year 83) · 4.0s
try  7 · gen   47 · best    902.8 · elite    379.0 · median    -28.3 · years  30.5 · road 0.38 · starved  1282 · nobles  -1.0 · read 58.4 · walls  7.0 · fell 81.4% (mother 39.8%) · prince 14.2% · king  9.4% · crowned  6.7% (median year 47) · 4.0s
try  8 · gen   47 · best    798.3 · elite    257.6 · median    -30.5 · years  32.6 · road 0.34 · starved  1213 · nobles  +0.7 · read 44.2 · walls  3.2 · fell 86.6% (mother 44.0%) · prince  9.9% · king  6.2% · crowned  4.9% (median year 53) · 4.0s
try  1 · gen   48 · best    172.6 · elite     95.7 · median      0.8 · years  56.8 · road 0.40 · starved  1762 · nobles  -2.1 · read 107.6 · walls  6.2 · fell 61.0% (mother 26.0%) · prince  0.3% · king  0.0% · crowned  0.0% · 4.0s
try  2 · gen   48 · best    889.4 · elite    408.8 · median    -26.3 · years  22.8 · road 0.34 · starved  1168 · nobles  +0.3 · read 47.5 · walls  1.9 · fell 84.8% (mother 33.3%) · prince 13.7% · king  9.5% · crowned  7.7% (median year 35) · 4.0s
try  3 · gen   48 · best    157.0 · elite     74.6 · median    -11.5 · years  52.2 · road 0.38 · starved  1327 · nobles  -6.8 · read 114.2 · walls  6.3 · fell 71.5% (mother 30.7%) · prince  0.2% · king  0.0% · crowned  0.0% · 4.0s
try  4 · gen   48 · best    487.7 · elite    202.8 · median    -41.2 · years  34.1 · road 0.35 · starved  1408 · nobles  +1.7 · read 30.5 · walls  6.3 · fell 89.4% (mother 46.1%) · prince 10.2% · king  4.9% · crowned  3.7% (median year 66) · 4.0s
try  5 · gen   48 · best    226.0 · elite     90.1 · median     -0.4 · years  54.6 · road 0.41 · starved  1080 · nobles  -9.4 · read 86.3 · walls  6.3 · fell 68.6% (mother 30.5%) · prince  2.6% · king  0.1% · crowned  0.0% (median year 65) · 4.0s
try  6 · gen   48 · best    173.4 · elite     80.7 · median     -9.4 · years  50.6 · road 0.36 · starved  1054 · nobles  -7.2 · read 81.3 · walls  6.1 · fell 75.9% (mother 26.5%) · prince  1.4% · king  0.1% · crowned  0.0% (median year 97) · 4.0s
try  7 · gen   48 · best    757.7 · elite    416.0 · median    -13.7 · years  29.7 · road 0.38 · starved  1178 · nobles  -1.3 · read 57.5 · walls  6.3 · fell 78.5% (mother 36.9%) · prince 15.4% · king 10.4% · crowned  7.3% (median year 45) · 4.0s
try  8 · gen   48 · best    806.6 · elite    287.7 · median    -25.1 · years  32.7 · road 0.34 · starved  1277 · nobles  +1.0 · read 45.3 · walls  3.4 · fell 86.9% (mother 46.1%) · prince 11.8% · king  7.1% · crowned  5.3% (median year 54) · 4.0s
try  1 · gen   49 · best    179.0 · elite     91.8 · median     -0.6 · years  54.5 · road 0.40 · starved   981 · nobles  -2.1 · read 96.2 · walls  6.2 · fell 63.9% (mother 26.9%) · prince  0.2% · king  0.0% · crowned  0.0% · 3.8s
try  2 · gen   49 · best    718.7 · elite    408.6 · median    -23.0 · years  22.1 · road 0.34 · starved  1174 · nobles  +0.3 · read 45.4 · walls  2.1 · fell 85.2% (mother 37.3%) · prince 13.4% · king  9.7% · crowned  7.7% (median year 34) · 3.8s
try  3 · gen   49 · best    189.7 · elite     79.2 · median    -10.2 · years  52.5 · road 0.38 · starved   961 · nobles  -6.8 · read 115.1 · walls  6.4 · fell 71.4% (mother 31.5%) · prince  0.2% · king  0.0% · crowned  0.0% · 3.8s
try  4 · gen   49 · best    457.3 · elite    211.3 · median    -40.9 · years  34.5 · road 0.35 · starved  1423 · nobles  +2.4 · read 29.5 · walls  6.5 · fell 89.0% (mother 45.7%) · prince 10.5% · king  4.9% · crowned  4.0% (median year 68) · 3.8s
try  5 · gen   49 · best    371.6 · elite     96.5 · median      0.4 · years  53.1 · road 0.41 · starved  1069 · nobles  -9.2 · read 79.8 · walls  6.2 · fell 70.8% (mother 32.5%) · prince  3.0% · king  0.3% · crowned  0.0% (median year 80) · 3.8s
try  6 · gen   49 · best    149.7 · elite     82.0 · median     -6.2 · years  49.4 · road 0.36 · starved  1038 · nobles  -6.7 · read 80.1 · walls  6.1 · fell 75.5% (mother 25.7%) · prince  1.2% · king  0.2% · crowned  0.1% (median year 83) · 3.8s
try  7 · gen   49 · best    738.8 · elite    419.2 · median     -7.5 · years  29.0 · road 0.38 · starved  1099 · nobles  -1.8 · read 57.3 · walls  5.8 · fell 76.7% (mother 35.7%) · prince 15.2% · king 10.5% · crowned  7.9% (median year 43) · 3.8s
try  8 · gen   49 · best    664.4 · elite    302.3 · median    -25.2 · years  32.8 · road 0.35 · starved  1292 · nobles  +2.2 · read 43.1 · walls  3.8 · fell 87.9% (mother 47.5%) · prince 11.5% · king  7.0% · crowned  5.1% (median year 56) · 3.8s
try  1 · gen   50 · best    161.0 · elite     93.3 · median      0.6 · years  54.1 · road 0.40 · starved  1016 · nobles  -2.7 · read 92.3 · walls  6.1 · fell 63.9% (mother 27.3%) · prince  0.2% · king  0.0% · crowned  0.0% · 4.0s
try  2 · gen   50 · best    863.1 · elite    434.9 · median    -32.8 · years  21.9 · road 0.34 · starved  1153 · nobles  -0.0 · read 43.6 · walls  2.0 · fell 86.2% (mother 41.0%) · prince 13.3% · king  9.3% · crowned  7.5% (median year 35) · 4.0s
try  3 · gen   50 · best    163.5 · elite     81.9 · median     -9.0 · years  51.8 · road 0.38 · starved   981 · nobles  -6.7 · read 112.3 · walls  6.4 · fell 71.0% (mother 32.7%) · prince  0.3% · king  0.0% · crowned  0.0% · 4.0s
try  4 · gen   50 · best    502.0 · elite    214.7 · median    -44.0 · years  34.4 · road 0.35 · starved  1510 · nobles  +2.6 · read 29.3 · walls  6.5 · fell 90.0% (mother 46.1%) · prince  9.9% · king  4.7% · crowned  3.7% (median year 68) · 4.0s
try  5 · gen   50 · best    283.9 · elite    105.8 · median     -2.5 · years  52.3 · road 0.41 · starved  1141 · nobles  -9.4 · read 80.0 · walls  6.1 · fell 71.5% (mother 33.0%) · prince  4.4% · king  0.5% · crowned  0.2% (median year 83) · 4.0s
try  6 · gen   50 · best    273.1 · elite     83.4 · median     -6.9 · years  50.1 · road 0.36 · starved  1106 · nobles  -7.1 · read 81.1 · walls  6.2 · fell 76.6% (mother 27.9%) · prince  1.4% · king  0.1% · crowned  0.1% (median year 84) · 4.0s
try  7 · gen   50 · best    799.7 · elite    411.8 · median      0.5 · years  28.0 · road 0.37 · starved  1061 · nobles  -1.8 · read 55.7 · walls  5.0 · fell 76.8% (mother 37.0%) · prince 15.6% · king 11.0% · crowned  7.9% (median year 41) · 4.0s
try  8 · gen   50 · best    736.9 · elite    299.3 · median    -21.5 · years  33.9 · road 0.36 · starved  1347 · nobles  +2.6 · read 40.5 · walls  4.3 · fell 87.9% (mother 46.3%) · prince 12.2% · king  7.4% · crowned  5.4% (median year 59) · 4.0s
try  1 · gen   51 · best    160.0 · elite     94.1 · median      0.2 · years  53.7 · road 0.40 · starved  1972 · nobles  -3.5 · read 97.6 · walls  5.9 · fell 65.1% (mother 27.8%) · prince  0.4% · king  0.0% · crowned  0.0% · 4.0s
try  2 · gen   51 · best    753.7 · elite    417.3 · median    -20.2 · years  22.0 · road 0.34 · starved  1130 · nobles  +0.4 · read 45.5 · walls  2.1 · fell 85.2% (mother 40.2%) · prince 14.4% · king 10.4% · crowned  8.1% (median year 34) · 4.0s
try  3 · gen   51 · best    157.6 · elite     89.5 · median      1.3 · years  55.1 · road 0.39 · starved  2284 · nobles  -7.9 · read 119.6 · walls  6.5 · fell 66.5% (mother 28.7%) · prince  0.2% · king  0.0% · crowned  0.0% · 4.0s
try  4 · gen   51 · best    539.7 · elite    204.2 · median    -39.0 · years  34.8 · road 0.35 · starved  1394 · nobles  +3.1 · read 29.7 · walls  6.5 · fell 88.9% (mother 45.5%) · prince  9.7% · king  4.7% · crowned  3.4% (median year 68) · 4.0s
try  5 · gen   51 · best    476.4 · elite    118.7 · median     -0.3 · years  52.0 · road 0.41 · starved  1215 · nobles  -9.3 · read 85.4 · walls  6.1 · fell 73.6% (mother 33.0%) · prince  6.3% · king  0.8% · crowned  0.3% (median year 82) · 4.0s
try  6 · gen   51 · best    157.6 · elite     83.8 · median     -1.5 · years  51.0 · road 0.36 · starved  1033 · nobles  -7.3 · read 84.0 · walls  6.3 · fell 74.7% (mother 26.3%) · prince  1.2% · king  0.1% · crowned  0.0% · 4.0s
try  7 · gen   51 · best    958.5 · elite    437.2 · median     -3.0 · years  27.4 · road 0.36 · starved  1038 · nobles  -1.4 · read 54.6 · walls  4.5 · fell 76.4% (mother 36.2%) · prince 15.7% · king 11.1% · crowned  8.5% (median year 41) · 4.0s
try  8 · gen   51 · best    778.0 · elite    274.6 · median    -20.7 · years  34.4 · road 0.37 · starved  1391 · nobles  +2.3 · read 40.4 · walls  4.6 · fell 88.4% (mother 47.2%) · prince 11.8% · king  6.8% · crowned  4.8% (median year 61) · 4.0s
try  1 · gen   52 · best    171.4 · elite    101.4 · median      5.3 · years  53.9 · road 0.40 · starved  1433 · nobles  -3.6 · read 97.1 · walls  6.0 · fell 65.2% (mother 28.8%) · prince  0.7% · king  0.0% · crowned  0.0% · 3.9s
try  2 · gen   52 · best    844.4 · elite    420.7 · median    -28.2 · years  22.1 · road 0.34 · starved  1305 · nobles  +0.7 · read 45.0 · walls  2.1 · fell 85.5% (mother 38.3%) · prince 14.6% · king 10.1% · crowned  7.8% (median year 34) · 3.9s
try  3 · gen   52 · best    211.6 · elite     96.4 · median      1.6 · years  55.3 · road 0.40 · starved  1504 · nobles  -8.7 · read 122.7 · walls  6.4 · fell 67.8% (mother 29.2%) · prince  0.2% · king  0.0% · crowned  0.0% · 3.9s
try  4 · gen   52 · best    802.9 · elite    206.6 · median    -40.1 · years  34.1 · road 0.35 · starved  1410 · nobles  +3.3 · read 27.7 · walls  6.3 · fell 89.1% (mother 44.7%) · prince  9.8% · king  4.3% · crowned  3.3% (median year 66) · 3.9s
try  5 · gen   52 · best    385.6 · elite    107.4 · median     -2.4 · years  50.7 · road 0.41 · starved  1264 · nobles  -9.0 · read 87.9 · walls  6.1 · fell 76.5% (mother 36.5%) · prince  7.3% · king  0.9% · crowned  0.2% (median year 87) · 3.9s
try  6 · gen   52 · best    151.6 · elite     86.2 · median     -1.4 · years  51.4 · road 0.36 · starved   979 · nobles  -7.2 · read 85.2 · walls  6.2 · fell 75.3% (mother 24.9%) · prince  0.9% · king  0.0% · crowned  0.0% · 3.9s
try  7 · gen   52 · best    875.9 · elite    424.2 · median     -6.4 · years  26.2 · road 0.35 · starved  1060 · nobles  -0.7 · read 52.2 · walls  4.0 · fell 76.8% (mother 38.9%) · prince 15.7% · king 11.1% · crowned  8.3% (median year 39) · 3.9s
try  8 · gen   52 · best    583.5 · elite    287.6 · median    -14.4 · years  35.3 · road 0.37 · starved  1288 · nobles  +1.9 · read 41.2 · walls  4.6 · fell 88.0% (mother 43.9%) · prince 12.3% · king  7.1% · crowned  5.1% (median year 61) · 3.9s
try  1 · gen   53 · best    152.7 · elite     97.6 · median     -1.4 · years  52.3 · road 0.40 · starved  1294 · nobles  -3.7 · read 92.7 · walls  5.8 · fell 66.6% (mother 28.4%) · prince  0.9% · king  0.0% · crowned  0.0% · 4.0s
try  2 · gen   53 · best    954.9 · elite    430.5 · median    -17.7 · years  21.9 · road 0.34 · starved  1386 · nobles  +0.9 · read 44.5 · walls  2.1 · fell 84.2% (mother 36.6%) · prince 14.5% · king 10.7% · crowned  8.3% (median year 33) · 4.0s
try  3 · gen   53 · best    159.1 · elite     92.0 · median      2.1 · years  54.7 · road 0.41 · starved   930 · nobles  -9.6 · read 119.6 · walls  6.1 · fell 68.6% (mother 30.4%) · prince  0.1% · king  0.0% · crowned  0.0% · 4.0s
try  4 · gen   53 · best    540.5 · elite    219.9 · median    -41.6 · years  33.7 · road 0.35 · starved  1428 · nobles  +3.8 · read 27.1 · walls  6.2 · fell 88.9% (mother 46.0%) · prince  9.8% · king  4.4% · crowned  3.5% (median year 62) · 4.0s
try  5 · gen   53 · best    282.1 · elite    119.7 · median      1.8 · years  49.1 · road 0.41 · starved  1230 · nobles  -8.1 · read 89.0 · walls  6.1 · fell 78.2% (mother 38.7%) · prince  9.1% · king  1.0% · crowned  0.2% (median year 80) · 4.0s
try  6 · gen   53 · best    142.9 · elite     89.3 · median      0.7 · years  52.5 · road 0.36 · starved   918 · nobles  -7.3 · read 87.2 · walls  6.4 · fell 73.0% (mother 23.6%) · prince  0.9% · king  0.0% · crowned  0.0% · 4.0s
try  7 · gen   53 · best   1122.0 · elite    433.9 · median    -13.5 · years  25.7 · road 0.35 · starved  1105 · nobles  -0.3 · read 50.2 · walls  3.6 · fell 78.1% (mother 39.6%) · prince 15.4% · king 11.0% · crowned  8.0% (median year 39) · 4.0s
try  8 · gen   53 · best    879.6 · elite    269.3 · median    -15.5 · years  36.0 · road 0.37 · starved  1388 · nobles  +1.9 · read 42.0 · walls  4.7 · fell 88.8% (mother 45.2%) · prince 12.9% · king  7.1% · crowned  4.9% (median year 63) · 4.0s
try  1 · gen   54 · best    184.5 · elite    100.3 · median      1.8 · years  52.3 · road 0.40 · starved  1447 · nobles  -4.3 · read 93.8 · walls  5.6 · fell 66.6% (mother 25.9%) · prince  1.2% · king  0.0% · crowned  0.0% · 4.1s
try  2 · gen   54 · best    722.6 · elite    411.3 · median    -26.2 · years  21.2 · road 0.34 · starved  1250 · nobles  +0.9 · read 42.4 · walls  2.1 · fell 84.2% (mother 39.1%) · prince 14.1% · king 10.1% · crowned  7.8% (median year 32) · 4.1s
try  3 · gen   54 · best    194.8 · elite    102.4 · median      7.3 · years  56.5 · road 0.42 · starved   846 · nobles -10.0 · read 118.6 · walls  6.0 · fell 66.5% (mother 28.3%) · prince  0.2% · king  0.0% · crowned  0.0% · 4.1s
try  4 · gen   54 · best    556.7 · elite    226.4 · median    -35.3 · years  33.9 · road 0.36 · starved  1435 · nobles  +3.9 · read 24.9 · walls  6.2 · fell 89.8% (mother 45.0%) · prince 10.4% · king  4.7% · crowned  3.8% (median year 62) · 4.1s
try  5 · gen   54 · best    520.4 · elite    137.8 · median      4.2 · years  48.7 · road 0.41 · starved  1156 · nobles  -7.9 · read 90.9 · walls  6.1 · fell 78.9% (mother 38.6%) · prince  8.8% · king  1.5% · crowned  0.5% (median year 76) · 4.1s
try  6 · gen   54 · best    174.4 · elite     88.1 · median     -0.7 · years  51.7 · road 0.36 · starved   954 · nobles  -6.8 · read 85.2 · walls  6.4 · fell 74.3% (mother 25.4%) · prince  1.2% · king  0.0% · crowned  0.0% · 4.1s
try  7 · gen   54 · best    919.9 · elite    448.0 · median    -16.5 · years  24.6 · road 0.35 · starved  1082 · nobles  -0.2 · read 49.0 · walls  3.5 · fell 76.9% (mother 37.8%) · prince 15.6% · king 10.6% · crowned  8.1% (median year 36) · 4.1s
try  8 · gen   54 · best    562.2 · elite    271.3 · median    -13.8 · years  36.3 · road 0.37 · starved  1398 · nobles  +1.3 · read 42.7 · walls  4.8 · fell 88.2% (mother 44.5%) · prince 13.1% · king  7.5% · crowned  5.2% (median year 62) · 4.1s
try  1 · gen   55 · best    220.7 · elite    101.1 · median      3.7 · years  51.5 · road 0.40 · starved  1346 · nobles  -4.5 · read 91.4 · walls  5.8 · fell 69.2% (mother 26.6%) · prince  1.6% · king  0.1% · crowned  0.0% · 4.0s
try  2 · gen   55 · best    906.2 · elite    421.7 · median    -20.7 · years  21.6 · road 0.34 · starved  1238 · nobles  +1.5 · read 45.2 · walls  2.4 · fell 84.7% (mother 39.6%) · prince 14.6% · king 10.5% · crowned  8.4% (median year 32) · 4.0s
try  3 · gen   55 · best    163.0 · elite     99.1 · median     10.0 · years  55.9 · road 0.42 · starved   762 · nobles -10.4 · read 115.7 · walls  6.1 · fell 65.4% (mother 27.3%) · prince  0.1% · king  0.0% · crowned  0.0% · 4.0s
try  4 · gen   55 · best    540.4 · elite    212.4 · median    -35.7 · years  33.5 · road 0.35 · starved  1446 · nobles  +3.4 · read 25.5 · walls  6.0 · fell 88.6% (mother 44.5%) · prince 10.4% · king  4.9% · crowned  3.8% (median year 63) · 4.0s
try  5 · gen   55 · best    397.2 · elite    148.1 · median      5.4 · years  47.4 · road 0.41 · starved  1242 · nobles  -7.3 · read 89.2 · walls  6.0 · fell 81.5% (mother 42.2%) · prince 10.4% · king  1.8% · crowned  0.6% (median year 73) · 4.0s
try  6 · gen   55 · best    185.4 · elite     88.1 · median      3.1 · years  51.4 · road 0.36 · starved   931 · nobles  -6.8 · read 82.8 · walls  6.5 · fell 75.7% (mother 25.1%) · prince  1.2% · king  0.1% · crowned  0.0% (median year 88) · 4.0s
try  7 · gen   55 · best    934.0 · elite    490.1 · median    -12.3 · years  23.4 · road 0.35 · starved  1041 · nobles  +0.0 · read 45.8 · walls  3.2 · fell 76.8% (mother 39.9%) · prince 16.1% · king 11.1% · crowned  8.5% (median year 34) · 4.0s
try  8 · gen   55 · best    437.3 · elite    244.1 · median    -16.1 · years  35.6 · road 0.37 · starved  1361 · nobles  +1.5 · read 42.3 · walls  5.0 · fell 88.4% (mother 46.2%) · prince 12.2% · king  6.6% · crowned  4.5% (median year 63) · 4.0s
try  1 · gen   56 · best    161.6 · elite     99.6 · median      2.9 · years  50.8 · road 0.40 · starved  1198 · nobles  -4.5 · read 94.2 · walls  5.5 · fell 69.4% (mother 26.5%) · prince  1.9% · king  0.0% · crowned  0.0% (median year 92) · 3.8s
try  2 · gen   56 · best    861.2 · elite    436.0 · median    -21.0 · years  21.5 · road 0.34 · starved  1275 · nobles  +1.8 · read 44.5 · walls  2.4 · fell 84.9% (mother 41.2%) · prince 14.8% · king 10.2% · crowned  8.1% (median year 33) · 3.8s
try  3 · gen   56 · best    185.7 · elite    102.2 · median      9.8 · years  55.3 · road 0.42 · starved   774 · nobles -10.5 · read 112.7 · walls  6.1 · fell 66.9% (mother 28.0%) · prince  0.2% · king  0.0% · crowned  0.0% · 3.8s
try  4 · gen   56 · best    570.0 · elite    242.4 · median    -28.7 · years  34.0 · road 0.36 · starved  1453 · nobles  +3.7 · read 26.1 · walls  6.2 · fell 88.8% (mother 43.2%) · prince 11.9% · king  5.5% · crowned  4.2% (median year 62) · 3.8s
try  5 · gen   56 · best    269.8 · elite    134.9 · median      4.2 · years  45.9 · road 0.40 · starved  1323 · nobles  -7.0 · read 85.6 · walls  5.9 · fell 83.3% (mother 43.3%) · prince 11.3% · king  1.8% · crowned  0.6% (median year 74) · 3.8s
try  6 · gen   56 · best    174.5 · elite     87.3 · median     -1.4 · years  49.5 · road 0.36 · starved   965 · nobles  -6.4 · read 79.7 · walls  6.5 · fell 77.1% (mother 26.4%) · prince  1.4% · king  0.3% · crowned  0.1% (median year 79) · 3.8s
try  7 · gen   56 · best    889.3 · elite    484.2 · median      2.4 · years  23.0 · road 0.37 · starved  1144 · nobles  +0.1 · read 45.9 · walls  3.7 · fell 77.3% (mother 41.8%) · prince 16.5% · king 11.9% · crowned  9.3% (median year 34) · 3.8s
try  8 · gen   56 · best    548.9 · elite    252.5 · median    -18.0 · years  34.8 · road 0.37 · starved  1380 · nobles  +1.2 · read 41.6 · walls  4.6 · fell 88.1% (mother 46.3%) · prince 11.9% · king  6.7% · crowned  4.7% (median year 62) · 3.8s
try  1 · gen   57 · best    187.7 · elite    107.6 · median      7.5 · years  51.2 · road 0.40 · starved   886 · nobles  -4.1 · read 94.0 · walls  5.6 · fell 69.6% (mother 26.7%) · prince  1.9% · king  0.1% · crowned  0.0% · 4.0s
try  2 · gen   57 · best   1102.9 · elite    484.4 · median    -10.0 · years  21.3 · road 0.34 · starved  1529 · nobles  +1.8 · read 43.2 · walls  2.3 · fell 84.2% (mother 42.1%) · prince 15.4% · king 11.4% · crowned  9.5% (median year 31) · 4.0s
try  3 · gen   57 · best    166.6 · elite     99.6 · median     12.0 · years  55.4 · road 0.42 · starved   781 · nobles -10.2 · read 111.7 · walls  6.1 · fell 65.5% (mother 26.6%) · prince  0.3% · king  0.0% · crowned  0.0% · 4.0s
try  4 · gen   57 · best    512.5 · elite    231.3 · median    -30.7 · years  33.6 · road 0.36 · starved  1531 · nobles  +3.7 · read 22.7 · walls  5.8 · fell 88.2% (mother 44.2%) · prince 11.4% · king  5.3% · crowned  4.0% (median year 60) · 4.0s
try  5 · gen   57 · best    448.7 · elite    161.0 · median      2.4 · years  44.7 · road 0.40 · starved  1417 · nobles  -6.6 · read 83.2 · walls  5.6 · fell 84.4% (mother 46.3%) · prince 13.0% · king  2.3% · crowned  0.9% (median year 76) · 4.0s
try  6 · gen   57 · best    285.0 · elite     89.4 · median     -2.2 · years  48.5 · road 0.36 · starved  1001 · nobles  -6.4 · read 75.5 · walls  6.7 · fell 78.2% (mother 27.0%) · prince  1.6% · king  0.3% · crowned  0.1% (median year 78) · 4.0s
try  7 · gen   57 · best    899.6 · elite    516.5 · median     14.0 · years  23.2 · road 0.40 · starved  1256 · nobles  -0.1 · read 47.9 · walls  4.2 · fell 76.6% (mother 41.1%) · prince 16.9% · king 12.6% · crowned 10.4% (median year 34) · 4.0s
try  8 · gen   57 · best    626.9 · elite    280.6 · median    -16.7 · years  34.1 · road 0.37 · starved  1328 · nobles  +1.4 · read 41.4 · walls  4.4 · fell 87.9% (mother 45.3%) · prince 12.7% · king  7.0% · crowned  4.8% (median year 60) · 4.0s
try  1 · gen   58 · best    178.1 · elite    100.3 · median      3.1 · years  50.1 · road 0.39 · starved  1915 · nobles  -3.4 · read 90.8 · walls  5.5 · fell 71.3% (mother 25.9%) · prince  1.6% · king  0.0% · crowned  0.0% · 3.8s
try  2 · gen   58 · best    795.7 · elite    481.6 · median     10.6 · years  21.1 · road 0.35 · starved  1147 · nobles  +2.0 · read 44.5 · walls  2.4 · fell 81.5% (mother 39.9%) · prince 16.6% · king 11.8% · crowned  9.9% (median year 30) · 3.8s
try  3 · gen   58 · best    195.9 · elite    106.1 · median      8.3 · years  55.5 · road 0.42 · starved   745 · nobles -10.0 · read 107.5 · walls  6.1 · fell 64.7% (mother 23.9%) · prince  0.2% · king  0.0% · crowned  0.0% · 3.8s
try  4 · gen   58 · best    606.3 · elite    261.5 · median    -31.3 · years  34.2 · road 0.36 · starved  1543 · nobles  +3.8 · read 22.8 · walls  5.6 · fell 89.1% (mother 43.8%) · prince 12.2% · king  6.2% · crowned  4.5% (median year 59) · 3.8s
try  5 · gen   58 · best    431.7 · elite    186.5 · median     -0.1 · years  44.9 · road 0.40 · starved  1643 · nobles  -6.3 · read 81.4 · walls  5.9 · fell 84.4% (mother 44.0%) · prince 12.6% · king  2.6% · crowned  1.1% (median year 75) · 3.8s
try  6 · gen   58 · best    434.0 · elite    106.8 · median     -8.8 · years  46.6 · road 0.36 · starved  1062 · nobles  -5.6 · read 72.4 · walls  6.8 · fell 81.8% (mother 29.0%) · prince  2.5% · king  0.5% · crowned  0.2% (median year 78) · 3.8s
try  7 · gen   58 · best    931.3 · elite    527.7 · median     19.7 · years  22.4 · road 0.40 · starved  1066 · nobles  +0.0 · read 46.5 · walls  4.2 · fell 75.7% (mother 40.9%) · prince 16.8% · king 12.7% · crowned 10.6% (median year 33) · 3.8s
try  8 · gen   58 · best    592.5 · elite    312.1 · median    -15.7 · years  33.9 · road 0.36 · starved  1369 · nobles  +2.6 · read 42.3 · walls  4.1 · fell 86.7% (mother 45.9%) · prince 13.2% · king  8.0% · crowned  5.9% (median year 59) · 3.8s
try  1 · gen   59 · best    193.9 · elite    106.1 · median      5.1 · years  50.0 · road 0.39 · starved  1295 · nobles  -2.0 · read 84.9 · walls  5.7 · fell 70.6% (mother 25.8%) · prince  1.4% · king  0.1% · crowned  0.0% (median year 55) · 3.8s
try  2 · gen   59 · best   1200.6 · elite    496.3 · median     13.2 · years  20.9 · road 0.35 · starved  1001 · nobles  +1.4 · read 43.4 · walls  2.3 · fell 81.4% (mother 38.9%) · prince 16.3% · king 12.1% · crowned 10.1% (median year 31) · 3.8s
try  3 · gen   59 · best    172.9 · elite    103.3 · median     13.4 · years  55.1 · road 0.42 · starved   745 · nobles -10.1 · read 103.6 · walls  5.8 · fell 64.3% (mother 24.1%) · prince  0.3% · king  0.0% · crowned  0.0% · 3.8s
try  4 · gen   59 · best    545.4 · elite    263.3 · median    -27.6 · years  33.5 · road 0.36 · starved  1476 · nobles  +3.8 · read 26.1 · walls  5.6 · fell 88.0% (mother 41.3%) · prince 12.6% · king  6.2% · crowned  4.8% (median year 60) · 3.8s
try  5 · gen   59 · best    603.3 · elite    185.5 · median      3.4 · years  43.2 · road 0.40 · starved  1397 · nobles  -5.7 · read 74.9 · walls  6.0 · fell 85.1% (mother 48.3%) · prince 13.4% · king  3.1% · crowned  1.2% (median year 75) · 3.8s
try  6 · gen   59 · best    413.1 · elite     96.3 · median     -4.0 · years  45.8 · road 0.36 · starved  1112 · nobles  -5.4 · read 71.2 · walls  6.8 · fell 83.4% (mother 32.0%) · prince  3.4% · king  1.0% · crowned  0.2% (median year 73) · 3.8s
try  7 · gen   59 · best   1135.8 · elite    523.3 · median     30.5 · years  22.2 · road 0.41 · starved  1040 · nobles  -0.8 · read 46.5 · walls  4.0 · fell 75.6% (mother 41.0%) · prince 17.9% · king 13.3% · crowned 10.8% (median year 32) · 3.8s
try  8 · gen   59 · best    686.4 · elite    297.3 · median    -15.4 · years  33.8 · road 0.36 · starved  1342 · nobles  +2.5 · read 42.5 · walls  3.9 · fell 87.1% (mother 42.6%) · prince 13.4% · king  8.2% · crowned  5.9% (median year 58) · 3.8s
try  1 · gen   60 · best    232.8 · elite    111.0 · median      4.9 · years  48.8 · road 0.39 · starved   968 · nobles  -0.8 · read 72.6 · walls  5.7 · fell 73.6% (mother 27.7%) · prince  1.2% · king  0.0% · crowned  0.0% · 3.7s
try  2 · gen   60 · best    970.4 · elite    488.8 · median     46.5 · years  21.2 · road 0.36 · starved  1033 · nobles  +1.4 · read 44.7 · walls  2.4 · fell 81.1% (mother 38.0%) · prince 17.8% · king 13.0% · crowned 10.6% (median year 31) · 3.7s
try  3 · gen   60 · best    183.3 · elite    105.1 · median     11.6 · years  55.9 · road 0.42 · starved   747 · nobles -10.3 · read 103.2 · walls  5.7 · fell 66.3% (mother 25.3%) · prince  0.4% · king  0.0% · crowned  0.0% · 3.7s
try  4 · gen   60 · best    571.2 · elite    271.8 · median    -31.6 · years  32.6 · road 0.36 · starved  1417 · nobles  +3.6 · read 24.4 · walls  5.6 · fell 88.0% (mother 42.4%) · prince 12.0% · king  6.0% · crowned  4.6% (median year 58) · 3.7s
try  5 · gen   60 · best    594.1 · elite    201.2 · median      5.4 · years  43.5 · road 0.40 · starved  1470 · nobles  -5.8 · read 74.7 · walls  6.2 · fell 86.3% (mother 51.5%) · prince 14.9% · king  3.6% · crowned  1.5% (median year 74) · 3.7s
try  6 · gen   60 · best    328.8 · elite     96.9 · median     -9.3 · years  44.5 · road 0.36 · starved  1161 · nobles  -4.9 · read 70.0 · walls  7.0 · fell 83.9% (mother 33.4%) · prince  4.2% · king  1.3% · crowned  0.3% (median year 75) · 3.7s
try  7 · gen   60 · best    973.0 · elite    553.0 · median     32.9 · years  22.3 · road 0.41 · starved  1034 · nobles  -0.2 · read 46.8 · walls  3.7 · fell 77.0% (mother 41.4%) · prince 17.9% · king 13.4% · crowned 10.9% (median year 32) · 3.7s
try  8 · gen   60 · best    668.1 · elite    300.0 · median    -14.3 · years  33.0 · road 0.37 · starved  1249 · nobles  +1.6 · read 40.6 · walls  3.8 · fell 86.4% (mother 40.4%) · prince 13.1% · king  8.0% · crowned  5.6% (median year 58) · 3.7s
try  1 · gen   61 · best    198.2 · elite    113.8 · median      6.3 · years  49.3 · road 0.39 · starved  1035 · nobles  -0.7 · read 70.3 · walls  5.9 · fell 72.8% (mother 27.0%) · prince  0.9% · king  0.1% · crowned  0.0% · 3.7s
try  2 · gen   61 · best    905.4 · elite    497.4 · median     22.0 · years  20.9 · road 0.35 · starved   980 · nobles  +2.0 · read 44.3 · walls  2.4 · fell 80.3% (mother 36.3%) · prince 17.2% · king 12.6% · crowned 10.3% (median year 31) · 3.7s
try  3 · gen   61 · best    169.1 · elite    108.2 · median     13.9 · years  55.5 · road 0.42 · starved   709 · nobles -10.1 · read 100.3 · walls  5.7 · fell 64.6% (mother 23.8%) · prince  0.4% · king  0.0% · crowned  0.0% · 3.7s
try  4 · gen   61 · best    547.1 · elite    260.4 · median    -32.2 · years  32.2 · road 0.36 · starved  1385 · nobles  +4.2 · read 23.4 · walls  5.6 · fell 88.4% (mother 41.4%) · prince 11.6% · king  5.6% · crowned  4.2% (median year 56) · 3.7s
try  5 · gen   61 · best    603.6 · elite    206.8 · median      0.6 · years  42.3 · road 0.40 · starved  1460 · nobles  -5.3 · read 72.6 · walls  6.2 · fell 85.4% (mother 50.3%) · prince 12.9% · king  3.6% · crowned  1.8% (median year 70) · 3.7s
try  6 · gen   61 · best    593.9 · elite    118.6 · median    -10.1 · years  43.5 · road 0.36 · starved  1234 · nobles  -4.5 · read 70.0 · walls  7.0 · fell 85.2% (mother 34.5%) · prince  5.1% · king  1.6% · crowned  0.5% (median year 69) · 3.7s
try  7 · gen   61 · best   1017.1 · elite    577.0 · median     60.1 · years  22.4 · road 0.41 · starved  1008 · nobles  -0.2 · read 47.2 · walls  3.6 · fell 73.7% (mother 38.5%) · prince 19.6% · king 14.4% · crowned 11.6% (median year 31) · 3.7s
try  8 · gen   61 · best    626.8 · elite    310.1 · median    -13.7 · years  32.9 · road 0.37 · starved  1286 · nobles  +2.4 · read 40.0 · walls  3.6 · fell 86.8% (mother 43.2%) · prince 13.9% · king  7.8% · crowned  5.6% (median year 55) · 3.7s
try  1 · gen   62 · best    292.0 · elite    111.2 · median      8.5 · years  48.8 · road 0.39 · starved   945 · nobles  -0.1 · read 66.7 · walls  5.9 · fell 74.4% (mother 28.0%) · prince  0.7% · king  0.0% · crowned  0.0% (median year 67) · 3.8s
try  2 · gen   62 · best   1151.7 · elite    509.8 · median     44.3 · years  21.2 · road 0.36 · starved  1040 · nobles  +1.6 · read 45.3 · walls  2.6 · fell 80.0% (mother 37.7%) · prince 17.9% · king 13.1% · crowned 10.6% (median year 30) · 3.8s
try  3 · gen   62 · best    170.2 · elite    104.2 · median     11.9 · years  54.6 · road 0.41 · starved   701 · nobles  -9.8 · read 100.8 · walls  5.4 · fell 66.9% (mother 22.9%) · prince  0.5% · king  0.0% · crowned  0.0% · 3.8s
try  4 · gen   62 · best    764.3 · elite    248.4 · median    -29.1 · years  33.2 · road 0.37 · starved  1589 · nobles  +4.5 · read 21.9 · walls  5.8 · fell 89.0% (mother 43.9%) · prince 11.6% · king  6.1% · crowned  4.3% (median year 59) · 3.8s
try  5 · gen   62 · best    456.6 · elite    219.5 · median     10.9 · years  42.4 · road 0.40 · starved  1397 · nobles  -5.6 · read 72.7 · walls  5.9 · fell 84.9% (mother 48.7%) · prince 14.5% · king  4.8% · crowned  2.2% (median year 69) · 3.8s
try  6 · gen   62 · best    359.6 · elite    118.6 · median    -11.4 · years  42.1 · road 0.36 · starved  1285 · nobles  -4.3 · read 69.3 · walls  6.9 · fell 86.2% (mother 34.8%) · prince  5.2% · king  1.9% · crowned  0.6% (median year 71) · 3.8s
try  7 · gen   62 · best    973.9 · elite    520.7 · median    103.0 · years  22.4 · road 0.41 · starved  1024 · nobles  +0.6 · read 46.9 · walls  3.6 · fell 73.7% (mother 37.0%) · prince 20.0% · king 13.6% · crowned 11.2% (median year 31) · 3.8s
try  8 · gen   62 · best    729.9 · elite    349.4 · median    -13.8 · years  32.6 · road 0.36 · starved  1253 · nobles  +1.9 · read 40.5 · walls  3.3 · fell 86.6% (mother 43.4%) · prince 14.6% · king  8.9% · crowned  6.4% (median year 54) · 3.8s
try  1 · gen   63 · best    171.7 · elite    109.1 · median     10.1 · years  49.3 · road 0.39 · starved  1030 · nobles  +0.1 · read 63.4 · walls  6.3 · fell 75.9% (mother 28.0%) · prince  0.6% · king  0.0% · crowned  0.0% (median year 82) · 3.7s
try  2 · gen   63 · best    955.9 · elite    497.3 · median     46.3 · years  20.9 · road 0.35 · starved   996 · nobles  +2.0 · read 45.4 · walls  2.5 · fell 79.6% (mother 38.4%) · prince 18.0% · king 12.7% · crowned 10.2% (median year 29) · 3.7s
try  3 · gen   63 · best    211.5 · elite    109.7 · median     15.0 · years  56.0 · road 0.42 · starved   708 · nobles -10.2 · read 98.2 · walls  5.5 · fell 65.7% (mother 23.2%) · prince  0.4% · king  0.0% · crowned  0.0% · 3.7s
try  4 · gen   63 · best    710.6 · elite    255.7 · median    -28.5 · years  32.4 · road 0.37 · starved  1477 · nobles  +4.6 · read 20.4 · walls  5.7 · fell 88.5% (mother 45.3%) · prince 11.6% · king  5.9% · crowned  4.5% (median year 59) · 3.7s
try  5 · gen   63 · best    527.8 · elite    243.7 · median      0.2 · years  39.8 · road 0.40 · starved  1451 · nobles  -5.1 · read 69.5 · walls  5.5 · fell 85.9% (mother 49.0%) · prince 13.8% · king  5.1% · crowned  2.6% (median year 68) · 3.7s
try  6 · gen   63 · best    310.4 · elite    129.4 · median    -15.7 · years  42.1 · road 0.36 · starved  1399 · nobles  -4.1 · read 71.1 · walls  6.9 · fell 87.5% (mother 36.8%) · prince  6.1% · king  2.2% · crowned  0.8% (median year 72) · 3.7s
try  7 · gen   63 · best   1424.8 · elite    544.4 · median     48.9 · years  22.0 · road 0.41 · starved  1068 · nobles  +0.9 · read 46.1 · walls  3.5 · fell 73.6% (mother 38.4%) · prince 20.1% · king 13.2% · crowned 10.6% (median year 30) · 3.7s
try  8 · gen   63 · best    767.7 · elite    346.4 · median     -4.6 · years  32.4 · road 0.37 · starved  1238 · nobles  +2.1 · read 40.3 · walls  3.3 · fell 85.4% (mother 41.2%) · prince 15.1% · king  9.1% · crowned  6.9% (median year 52) · 3.7s
try  1 · gen   64 · best    198.2 · elite    107.4 · median      8.1 · years  48.6 · road 0.39 · starved   912 · nobles  +0.2 · read 62.5 · walls  6.2 · fell 76.3% (mother 28.4%) · prince  1.0% · king  0.2% · crowned  0.1% (median year 81) · 3.6s
try  2 · gen   64 · best    934.3 · elite    504.5 · median     30.7 · years  20.7 · road 0.35 · starved  1004 · nobles  +2.0 · read 46.4 · walls  2.4 · fell 79.2% (mother 37.3%) · prince 18.1% · king 12.3% · crowned 10.2% (median year 28) · 3.6s
try  3 · gen   64 · best    171.7 · elite    101.4 · median     13.3 · years  55.0 · road 0.41 · starved   692 · nobles  -9.9 · read 98.2 · walls  5.6 · fell 65.9% (mother 23.0%) · prince  0.5% · king  0.0% · crowned  0.0% · 3.6s
try  4 · gen   64 · best    584.9 · elite    265.3 · median    -26.7 · years  31.7 · road 0.37 · starved  1490 · nobles  +4.6 · read 20.1 · walls  5.5 · fell 88.6% (mother 44.8%) · prince 11.6% · king  6.3% · crowned  4.6% (median year 57) · 3.6s
try  5 · gen   64 · best    468.8 · elite    235.0 · median      1.9 · years  39.9 · road 0.40 · starved  1536 · nobles  -4.8 · read 70.5 · walls  5.4 · fell 87.2% (mother 49.3%) · prince 15.1% · king  5.3% · crowned  2.6% (median year 67) · 3.6s
try  6 · gen   64 · best    440.5 · elite    130.6 · median    -17.2 · years  40.9 · road 0.36 · starved  1421 · nobles  -3.7 · read 67.8 · walls  6.8 · fell 88.0% (mother 38.8%) · prince  5.7% · king  2.2% · crowned  1.0% (median year 69) · 3.6s
try  7 · gen   64 · best   1157.0 · elite    553.8 · median     58.0 · years  21.5 · road 0.41 · starved  1013 · nobles  +0.6 · read 46.0 · walls  3.6 · fell 73.5% (mother 39.7%) · prince 20.2% · king 13.5% · crowned 11.0% (median year 29) · 3.6s
try  8 · gen   64 · best    667.0 · elite    340.2 · median     -8.9 · years  30.9 · road 0.36 · starved  1189 · nobles  +1.4 · read 39.2 · walls  2.9 · fell 85.5% (mother 41.2%) · prince 14.6% · king  9.2% · crowned  6.6% (median year 50) · 3.6s
try  1 · gen   65 · best    310.7 · elite    105.4 · median      6.8 · years  47.9 · road 0.39 · starved   956 · nobles  +0.3 · read 61.6 · walls  6.0 · fell 76.7% (mother 29.2%) · prince  1.0% · king  0.2% · crowned  0.1% (median year 77) · 3.6s
try  2 · gen   65 · best    981.8 · elite    524.7 · median     80.5 · years  20.6 · road 0.36 · starved   950 · nobles  +2.4 · read 46.3 · walls  2.6 · fell 77.8% (mother 38.1%) · prince 19.5% · king 13.6% · crowned 11.1% (median year 28) · 3.6s
try  3 · gen   65 · best    171.1 · elite    102.8 · median     10.2 · years  53.9 · road 0.41 · starved   692 · nobles  -9.7 · read 96.7 · walls  5.4 · fell 66.4% (mother 22.8%) · prince  0.5% · king  0.0% · crowned  0.0% · 3.6s
try  4 · gen   65 · best    628.9 · elite    270.5 · median    -25.7 · years  32.5 · road 0.38 · starved  1480 · nobles  +4.6 · read 17.3 · walls  5.9 · fell 88.3% (mother 46.2%) · prince 12.2% · king  6.5% · crowned  5.1% (median year 59) · 3.6s
try  5 · gen   65 · best    670.7 · elite    246.6 · median     -0.6 · years  39.3 · road 0.40 · starved  1507 · nobles  -4.5 · read 70.3 · walls  5.2 · fell 86.8% (mother 48.3%) · prince 14.5% · king  5.6% · crowned  2.6% (median year 69) · 3.6s
try  6 · gen   65 · best    479.2 · elite    155.3 · median    -20.0 · years  39.5 · road 0.36 · starved  1640 · nobles  -3.2 · read 66.9 · walls  6.8 · fell 88.9% (mother 43.0%) · prince  7.2% · king  2.8% · crowned  1.3% (median year 66) · 3.6s
try  7 · gen   65 · best   1173.2 · elite    585.8 · median     54.9 · years  21.2 · road 0.41 · starved  1039 · nobles  +0.5 · read 45.3 · walls  3.5 · fell 73.8% (mother 41.1%) · prince 19.9% · king 14.1% · crowned 11.3% (median year 29) · 3.6s
try  8 · gen   65 · best    913.0 · elite    355.2 · median     -2.4 · years  30.7 · road 0.36 · starved  1154 · nobles  +1.2 · read 39.0 · walls  2.9 · fell 83.6% (mother 40.4%) · prince 14.7% · king  9.9% · crowned  7.4% (median year 49) · 3.6s
try  1 · gen   66 · best    206.9 · elite    111.3 · median     10.6 · years  48.8 · road 0.39 · starved   904 · nobles  +0.4 · read 64.1 · walls  6.1 · fell 75.6% (mother 27.5%) · prince  1.3% · king  0.2% · crowned  0.1% (median year 67) · 3.7s
try  2 · gen   66 · best    883.2 · elite    523.1 · median     59.8 · years  20.6 · road 0.37 · starved   964 · nobles  +2.6 · read 46.5 · walls  2.8 · fell 77.5% (mother 38.8%) · prince 19.9% · king 13.2% · crowned 10.7% (median year 28) · 3.7s
try  3 · gen   66 · best    179.1 · elite    107.7 · median      9.1 · years  54.0 · road 0.41 · starved   696 · nobles  -9.6 · read 97.8 · walls  5.6 · fell 67.2% (mother 21.5%) · prince  0.9% · king  0.0% · crowned  0.0% · 3.7s
try  4 · gen   66 · best    715.9 · elite    284.8 · median    -25.7 · years  33.3 · road 0.38 · starved  1641 · nobles  +4.6 · read 17.8 · walls  6.2 · fell 89.1% (mother 47.3%) · prince 12.7% · king  6.9% · crowned  5.2% (median year 60) · 3.7s
try  5 · gen   66 · best    586.7 · elite    259.4 · median      5.5 · years  39.9 · road 0.40 · starved  2028 · nobles  -4.7 · read 70.2 · walls  5.1 · fell 86.9% (mother 47.2%) · prince 15.5% · king  6.4% · crowned  3.2% (median year 67) · 3.7s
try  6 · gen   66 · best    468.1 · elite    185.7 · median    -20.8 · years  38.4 · road 0.36 · starved  1678 · nobles  -3.0 · read 62.8 · walls  6.6 · fell 88.7% (mother 43.3%) · prince  7.4% · king  3.2% · crowned  1.7% (median year 66) · 3.7s
try  7 · gen   66 · best    982.1 · elite    577.1 · median     84.0 · years  20.7 · road 0.41 · starved  1045 · nobles  +0.6 · read 44.2 · walls  3.6 · fell 73.5% (mother 42.5%) · prince 20.8% · king 14.5% · crowned 11.6% (median year 28) · 3.7s
try  8 · gen   66 · best    707.4 · elite    380.3 · median     -7.3 · years  30.3 · road 0.36 · starved  1193 · nobles  +1.3 · read 38.6 · walls  3.0 · fell 84.2% (mother 40.0%) · prince 15.2% · king 10.0% · crowned  7.3% (median year 47) · 3.7s
try  1 · gen   67 · best    386.7 · elite    110.8 · median      9.7 · years  47.6 · road 0.38 · starved   882 · nobles  +0.5 · read 63.1 · walls  5.9 · fell 75.8% (mother 27.7%) · prince  0.9% · king  0.2% · crowned  0.1% (median year 63) · 3.6s
try  2 · gen   67 · best    929.4 · elite    523.3 · median     77.9 · years  20.5 · road 0.36 · starved  1000 · nobles  +2.7 · read 44.7 · walls  2.7 · fell 78.7% (mother 38.5%) · prince 19.6% · king 13.4% · crowned 11.0% (median year 28) · 3.6s
try  3 · gen   67 · best    186.8 · elite    103.1 · median      7.3 · years  52.3 · road 0.40 · starved   681 · nobles  -9.3 · read 91.7 · walls  5.6 · fell 68.4% (mother 22.0%) · prince  1.0% · king  0.0% · crowned  0.0% · 3.6s
try  4 · gen   67 · best    600.5 · elite    271.1 · median    -26.7 · years  32.2 · road 0.38 · starved  1429 · nobles  +4.4 · read 17.9 · walls  6.1 · fell 87.6% (mother 45.7%) · prince 11.5% · king  6.2% · crowned  4.8% (median year 59) · 3.6s
try  5 · gen   67 · best    777.2 · elite    268.5 · median     -0.9 · years  38.7 · road 0.40 · starved  1897 · nobles  -4.4 · read 67.9 · walls  5.3 · fell 86.8% (mother 48.1%) · prince 14.6% · king  6.6% · crowned  3.5% (median year 66) · 3.6s
try  6 · gen   67 · best    363.5 · elite    148.4 · median    -25.6 · years  36.7 · road 0.35 · starved  1654 · nobles  -2.4 · read 59.7 · walls  6.8 · fell 91.8% (mother 46.1%) · prince  8.1% · king  3.3% · crowned  1.3% (median year 69) · 3.6s
try  7 · gen   67 · best    971.4 · elite    562.7 · median     63.0 · years  21.2 · road 0.42 · starved  1091 · nobles  +0.8 · read 42.9 · walls  3.6 · fell 74.2% (mother 41.7%) · prince 22.0% · king 14.4% · crowned 11.4% (median year 28) · 3.6s
try  8 · gen   67 · best    911.4 · elite    377.2 · median     -7.7 · years  29.2 · road 0.35 · starved  1169 · nobles  +1.0 · read 37.7 · walls  2.8 · fell 84.0% (mother 40.9%) · prince 15.0% · king 10.3% · crowned  7.4% (median year 45) · 3.6s
try  1 · gen   68 · best    256.2 · elite    121.3 · median      6.5 · years  47.0 · road 0.38 · starved  1235 · nobles  +0.3 · read 63.2 · walls  5.8 · fell 75.2% (mother 27.4%) · prince  1.6% · king  0.3% · crowned  0.1% (median year 80) · 3.6s
try  2 · gen   68 · best    912.2 · elite    534.5 · median     60.7 · years  20.5 · road 0.36 · starved   972 · nobles  +2.8 · read 44.6 · walls  2.7 · fell 77.1% (mother 35.6%) · prince 20.0% · king 13.3% · crowned 10.9% (median year 28) · 3.6s
try  3 · gen   68 · best    163.2 · elite    102.6 · median     11.1 · years  53.1 · road 0.41 · starved   699 · nobles  -9.7 · read 96.6 · walls  5.7 · fell 68.6% (mother 23.6%) · prince  1.0% · king  0.0% · crowned  0.0% · 3.6s
try  4 · gen   68 · best    600.0 · elite    251.0 · median    -28.0 · years  32.7 · road 0.38 · starved  1641 · nobles  +3.9 · read 17.6 · walls  6.0 · fell 88.7% (mother 47.4%) · prince 11.9% · king  5.9% · crowned  4.3% (median year 58) · 3.6s
try  5 · gen   68 · best    883.1 · elite    285.0 · median      6.5 · years  39.1 · road 0.40 · starved  1424 · nobles  -4.5 · read 65.8 · walls  5.7 · fell 87.3% (mother 49.1%) · prince 15.7% · king  6.4% · crowned  3.4% (median year 66) · 3.6s
try  6 · gen   68 · best    406.5 · elite    154.8 · median    -24.7 · years  36.7 · road 0.36 · starved  1812 · nobles  -2.3 · read 58.5 · walls  6.9 · fell 90.7% (mother 46.1%) · prince  8.1% · king  3.1% · crowned  1.4% (median year 67) · 3.6s
try  7 · gen   68 · best   1179.3 · elite    615.8 · median     62.2 · years  22.1 · road 0.44 · starved  1153 · nobles  +0.5 · read 46.1 · walls  3.7 · fell 75.7% (mother 39.6%) · prince 23.4% · king 14.3% · crowned 11.1% (median year 28) · 3.6s
try  8 · gen   68 · best    870.9 · elite    408.8 · median    -10.0 · years  28.7 · road 0.35 · starved  1181 · nobles  +1.4 · read 37.2 · walls  2.9 · fell 83.5% (mother 39.9%) · prince 14.7% · king 10.3% · crowned  7.6% (median year 45) · 3.6s
try  1 · gen   69 · best    298.0 · elite    114.7 · median      8.0 · years  46.6 · road 0.38 · starved  1001 · nobles  +0.1 · read 62.6 · walls  5.6 · fell 76.3% (mother 28.0%) · prince  1.6% · king  0.2% · crowned  0.1% (median year 80) · 3.7s
try  2 · gen   69 · best    930.9 · elite    527.3 · median     50.9 · years  20.4 · road 0.36 · starved  1045 · nobles  +3.0 · read 44.1 · walls  2.6 · fell 79.4% (mother 38.2%) · prince 19.5% · king 13.0% · crowned 10.6% (median year 28) · 3.7s
try  3 · gen   69 · best    183.3 · elite     99.7 · median      8.1 · years  52.5 · road 0.40 · starved   718 · nobles  -9.5 · read 95.4 · walls  5.7 · fell 69.2% (mother 23.8%) · prince  0.8% · king  0.0% · crowned  0.0% · 3.7s
try  4 · gen   69 · best    574.8 · elite    263.6 · median    -21.9 · years  33.0 · road 0.38 · starved  1636 · nobles  +3.7 · read 17.9 · walls  5.9 · fell 88.8% (mother 46.2%) · prince 12.2% · king  6.5% · crowned  4.6% (median year 59) · 3.7s
try  5 · gen   69 · best    636.1 · elite    262.6 · median      5.2 · years  39.4 · road 0.40 · starved  1420 · nobles  -4.2 · read 65.2 · walls  5.9 · fell 86.6% (mother 47.0%) · prince 15.3% · king  6.3% · crowned  3.5% (median year 67) · 3.7s
try  6 · gen   69 · best    458.2 · elite    174.2 · median    -22.7 · years  36.9 · road 0.36 · starved  1781 · nobles  -2.3 · read 56.5 · walls  6.9 · fell 90.9% (mother 45.9%) · prince  8.8% · king  3.9% · crowned  1.8% (median year 67) · 3.7s
try  7 · gen   69 · best    995.2 · elite    571.4 · median    129.0 · years  22.0 · road 0.44 · starved  1095 · nobles  +0.7 · read 46.9 · walls  3.6 · fell 76.0% (mother 39.0%) · prince 23.2% · king 15.7% · crowned 12.2% (median year 29) · 3.7s
try  8 · gen   69 · best    861.2 · elite    394.8 · median     -9.6 · years  29.0 · road 0.35 · starved  1285 · nobles  +1.4 · read 37.2 · walls  3.0 · fell 84.2% (mother 40.8%) · prince 14.9% · king 10.3% · crowned  7.2% (median year 44) · 3.7s
try  1 · gen   70 · best    242.0 · elite    110.0 · median      2.4 · years  45.6 · road 0.38 · starved  1310 · nobles  +0.6 · read 56.4 · walls  5.7 · fell 76.8% (mother 29.2%) · prince  1.0% · king  0.2% · crowned  0.1% (median year 68) · 3.6s
try  2 · gen   70 · best    944.8 · elite    522.3 · median     52.7 · years  20.0 · road 0.36 · starved  1163 · nobles  +2.8 · read 42.1 · walls  2.6 · fell 79.5% (mother 38.7%) · prince 19.8% · king 13.4% · crowned 10.7% (median year 28) · 3.6s
try  3 · gen   70 · best    199.4 · elite    100.1 · median      5.7 · years  52.1 · road 0.40 · starved   762 · nobles  -9.4 · read 92.8 · walls  5.7 · fell 71.6% (mother 26.0%) · prince  1.5% · king  0.0% · crowned  0.0% · 3.6s
try  4 · gen   70 · best    503.8 · elite    254.8 · median    -24.0 · years  32.8 · road 0.39 · starved  1618 · nobles  +3.7 · read 18.0 · walls  5.8 · fell 88.9% (mother 46.4%) · prince 12.6% · king  6.0% · crowned  4.4% (median year 57) · 3.6s
try  5 · gen   70 · best    611.6 · elite    272.7 · median      6.1 · years  39.8 · road 0.41 · starved  1654 · nobles  -4.6 · read 65.1 · walls  5.8 · fell 87.8% (mother 48.6%) · prince 15.9% · king  6.3% · crowned  3.5% (median year 65) · 3.6s
try  6 · gen   70 · best    478.4 · elite    196.2 · median    -23.4 · years  36.1 · road 0.35 · starved  1734 · nobles  -1.9 · read 54.0 · walls  6.9 · fell 90.7% (mother 44.7%) · prince  9.0% · king  3.8% · crowned  2.0% (median year 65) · 3.6s
try  7 · gen   70 · best    909.8 · elite    561.7 · median    117.9 · years  22.1 · road 0.44 · starved  1099 · nobles  +0.4 · read 46.8 · walls  3.6 · fell 76.0% (mother 41.0%) · prince 23.5% · king 15.7% · crowned 12.0% (median year 30) · 3.6s
try  8 · gen   70 · best    882.1 · elite    391.7 · median    -11.9 · years  27.8 · road 0.35 · starved  1126 · nobles  +1.0 · read 36.5 · walls  2.8 · fell 83.9% (mother 43.2%) · prince 14.8% · king 10.2% · crowned  7.6% (median year 43) · 3.6s
try  1 · gen   71 · best    235.0 · elite    114.0 · median      4.6 · years  45.1 · road 0.38 · starved  1087 · nobles  +0.8 · read 53.2 · walls  5.7 · fell 77.1% (mother 28.6%) · prince  0.6% · king  0.2% · crowned  0.1% (median year 89) · 3.6s
try  2 · gen   71 · best   1184.0 · elite    526.3 · median     75.7 · years  20.2 · road 0.36 · starved  1207 · nobles  +2.7 · read 43.8 · walls  2.7 · fell 78.1% (mother 36.8%) · prince 19.6% · king 13.8% · crowned 11.2% (median year 28) · 3.6s
try  3 · gen   71 · best    180.6 · elite    107.9 · median      7.4 · years  52.4 · road 0.41 · starved   787 · nobles  -9.4 · read 91.5 · walls  5.8 · fell 70.4% (mother 25.6%) · prince  1.9% · king  0.0% · crowned  0.0% · 3.6s
try  4 · gen   71 · best    570.5 · elite    248.5 · median    -22.7 · years  32.8 · road 0.38 · starved  1593 · nobles  +3.8 · read 17.5 · walls  5.5 · fell 89.2% (mother 45.4%) · prince 11.6% · king  5.7% · crowned  4.2% (median year 57) · 3.6s
try  5 · gen   71 · best    681.9 · elite    310.7 · median      3.1 · years  38.6 · road 0.40 · starved  1380 · nobles  -4.3 · read 64.1 · walls  5.6 · fell 86.4% (mother 47.2%) · prince 15.3% · king  7.1% · crowned  4.2% (median year 64) · 3.6s
try  6 · gen   71 · best    374.3 · elite    205.2 · median    -25.7 · years  34.6 · road 0.35 · starved  1875 · nobles  -1.6 · read 45.0 · walls  6.8 · fell 91.5% (mother 46.7%) · prince  9.8% · king  4.2% · crowned  2.2% (median year 63) · 3.6s
try  7 · gen   71 · best   1123.9 · elite    566.7 · median    126.5 · years  22.5 · road 0.44 · starved  1125 · nobles  +0.2 · read 47.4 · walls  3.4 · fell 76.4% (mother 39.9%) · prince 24.1% · king 15.9% · crowned 12.0% (median year 30) · 3.6s
try  8 · gen   71 · best    672.5 · elite    393.2 · median    -11.7 · years  27.8 · road 0.34 · starved  1168 · nobles  +0.9 · read 38.0 · walls  2.6 · fell 84.5% (mother 43.7%) · prince 15.2% · king 10.0% · crowned  7.3% (median year 42) · 3.6s
try  1 · gen   72 · best    484.5 · elite    115.5 · median      4.0 · years  45.7 · road 0.38 · starved   931 · nobles  +0.8 · read 52.0 · walls  5.6 · fell 76.7% (mother 29.7%) · prince  0.7% · king  0.2% · crowned  0.1% (median year 74) · 3.6s
try  2 · gen   72 · best    980.3 · elite    552.1 · median     99.3 · years  20.1 · road 0.37 · starved   937 · nobles  +2.2 · read 43.1 · walls  2.8 · fell 77.5% (mother 37.4%) · prince 20.5% · king 14.5% · crowned 11.5% (median year 27) · 3.6s
try  3 · gen   72 · best    219.0 · elite    108.3 · median      9.9 · years  53.3 · road 0.41 · starved   767 · nobles -10.0 · read 93.3 · walls  5.9 · fell 70.0% (mother 24.8%) · prince  2.2% · king  0.0% · crowned  0.0% · 3.6s
try  4 · gen   72 · best    729.2 · elite    257.8 · median    -25.1 · years  32.3 · road 0.38 · starved  1523 · nobles  +4.1 · read 17.2 · walls  5.4 · fell 90.4% (mother 45.6%) · prince 11.7% · king  5.7% · crowned  4.1% (median year 56) · 3.6s
try  5 · gen   72 · best    623.5 · elite    273.3 · median      5.6 · years  38.0 · road 0.40 · starved  2178 · nobles  -4.3 · read 63.3 · walls  5.5 · fell 86.8% (mother 46.2%) · prince 16.2% · king  7.1% · crowned  3.4% (median year 63) · 3.6s
try  6 · gen   72 · best    486.0 · elite    215.0 · median    -26.7 · years  35.0 · road 0.35 · starved  1945 · nobles  -1.6 · read 41.7 · walls  6.9 · fell 92.3% (mother 43.4%) · prince 10.3% · king  4.8% · crowned  2.2% (median year 64) · 3.6s
try  7 · gen   72 · best   1050.2 · elite    567.5 · median    107.4 · years  22.2 · road 0.44 · starved  1182 · nobles  +0.0 · read 46.3 · walls  3.3 · fell 77.2% (mother 42.7%) · prince 24.4% · king 15.7% · crowned 11.8% (median year 30) · 3.6s
try  8 · gen   72 · best    861.0 · elite    375.0 · median    -10.7 · years  28.1 · road 0.35 · starved  1147 · nobles  +1.6 · read 39.6 · walls  2.8 · fell 83.0% (mother 42.2%) · prince 14.3% · king  9.9% · crowned  7.7% (median year 44) · 3.6s
try  1 · gen   73 · best    253.6 · elite    111.1 · median      9.1 · years  46.1 · road 0.38 · starved   841 · nobles  +0.9 · read 50.6 · walls  5.9 · fell 74.6% (mother 26.9%) · prince  0.5% · king  0.2% · crowned  0.1% (median year 69) · 3.5s
try  2 · gen   73 · best    968.2 · elite    542.7 · median    102.2 · years  20.4 · road 0.37 · starved   954 · nobles  +1.9 · read 42.5 · walls  2.6 · fell 78.6% (mother 36.9%) · prince 21.2% · king 14.7% · crowned 11.5% (median year 28) · 3.5s
try  3 · gen   73 · best    187.0 · elite    109.9 · median      6.6 · years  51.2 · road 0.41 · starved   809 · nobles  -9.6 · read 86.2 · walls  6.0 · fell 72.1% (mother 26.1%) · prince  2.7% · king  0.0% · crowned  0.0% · 3.5s
try  4 · gen   73 · best    576.3 · elite    262.3 · median    -25.6 · years  31.9 · road 0.38 · starved  1463 · nobles  +4.6 · read 15.7 · walls  5.3 · fell 89.6% (mother 43.4%) · prince 11.4% · king  6.1% · crowned  4.6% (median year 59) · 3.5s
try  5 · gen   73 · best    465.4 · elite    281.6 · median      9.2 · years  38.9 · road 0.40 · starved  1679 · nobles  -3.8 · read 61.3 · walls  5.5 · fell 86.8% (mother 47.0%) · prince 18.1% · king  7.4% · crowned  3.9% (median year 65) · 3.5s
try  6 · gen   73 · best    490.1 · elite    195.1 · median    -24.0 · years  35.1 · road 0.35 · starved  1966 · nobles  -1.8 · read 40.1 · walls  7.0 · fell 91.5% (mother 44.2%) · prince 10.8% · king  4.7% · crowned  2.2% (median year 65) · 3.5s
try  7 · gen   73 · best    945.2 · elite    548.2 · median    114.1 · years  22.3 · road 0.44 · starved  1186 · nobles  -0.5 · read 44.9 · walls  3.4 · fell 78.4% (mother 46.2%) · prince 24.7% · king 16.1% · crowned 11.6% (median year 31) · 3.5s
try  8 · gen   73 · best    832.1 · elite    408.7 · median     -6.8 · years  27.9 · road 0.35 · starved  1110 · nobles  +1.5 · read 39.3 · walls  3.0 · fell 82.8% (mother 42.5%) · prince 15.2% · king 10.2% · crowned  7.8% (median year 42) · 3.5s
try  1 · gen   74 · best    179.9 · elite    110.1 · median      8.7 · years  46.3 · road 0.38 · starved   941 · nobles  +0.8 · read 49.1 · walls  6.0 · fell 75.9% (mother 28.8%) · prince  0.5% · king  0.1% · crowned  0.0% (median year 66) · 3.5s
try  2 · gen   74 · best    948.6 · elite    534.7 · median    101.6 · years  20.1 · road 0.37 · starved  1016 · nobles  +1.7 · read 42.6 · walls  2.7 · fell 77.3% (mother 37.1%) · prince 21.0% · king 14.2% · crowned 11.5% (median year 27) · 3.5s
try  3 · gen   74 · best    217.2 · elite    103.9 · median      7.5 · years  49.1 · road 0.41 · starved   835 · nobles  -9.1 · read 78.5 · walls  6.1 · fell 73.3% (mother 27.6%) · prince  2.5% · king  0.0% · crowned  0.0% · 3.5s
try  4 · gen   74 · best    496.0 · elite    243.2 · median    -20.9 · years  32.3 · road 0.38 · starved  1524 · nobles  +4.9 · read 16.2 · walls  5.3 · fell 89.6% (mother 43.2%) · prince 11.3% · king  5.6% · crowned  4.4% (median year 59) · 3.5s
try  5 · gen   74 · best    520.9 · elite    286.2 · median      9.3 · years  38.1 · road 0.39 · starved  1371 · nobles  -3.5 · read 59.5 · walls  5.5 · fell 86.7% (mother 45.4%) · prince 17.7% · king  7.4% · crowned  4.1% (median year 61) · 3.5s
try  6 · gen   74 · best    465.7 · elite    220.5 · median    -19.1 · years  35.1 · road 0.36 · starved  1763 · nobles  -1.7 · read 37.3 · walls  7.1 · fell 90.6% (mother 42.8%) · prince 11.1% · king  5.6% · crowned  2.8% (median year 62) · 3.5s
try  7 · gen   74 · best   1174.5 · elite    589.9 · median    148.9 · years  22.8 · road 0.45 · starved  1153 · nobles  +0.2 · read 46.7 · walls  3.4 · fell 75.6% (mother 44.2%) · prince 26.1% · king 17.3% · crowned 12.8% (median year 31) · 3.5s
try  8 · gen   74 · best   1004.9 · elite    418.8 · median     -7.9 · years  27.7 · road 0.35 · starved  1105 · nobles  +1.4 · read 39.9 · walls  2.9 · fell 82.6% (mother 43.7%) · prince 15.5% · king 10.8% · crowned  7.9% (median year 42) · 3.5s
try  1 · gen   75 · best    177.8 · elite    110.8 · median      9.6 · years  46.9 · road 0.39 · starved   927 · nobles  +0.9 · read 46.3 · walls  6.2 · fell 75.6% (mother 29.6%) · prince  0.1% · king  0.0% · crowned  0.0% (median year 70) · 3.5s
try  2 · gen   75 · best    938.1 · elite    538.8 · median     94.0 · years  20.7 · road 0.37 · starved  1018 · nobles  +1.8 · read 43.0 · walls  2.9 · fell 78.6% (mother 38.8%) · prince 21.6% · king 14.4% · crowned 11.1% (median year 28) · 3.5s
try  3 · gen   75 · best    182.2 · elite    102.3 · median     11.4 · years  51.1 · road 0.42 · starved   828 · nobles  -9.7 · read 80.9 · walls  6.1 · fell 72.2% (mother 27.8%) · prince  2.7% · king  0.1% · crowned  0.0% · 3.5s
try  4 · gen   75 · best    558.0 · elite    262.3 · median    -24.3 · years  32.0 · road 0.37 · starved  1456 · nobles  +4.6 · read 16.3 · walls  5.2 · fell 89.8% (mother 44.9%) · prince 11.3% · king  5.7% · crowned  4.3% (median year 58) · 3.5s
try  5 · gen   75 · best    621.3 · elite    266.0 · median     14.3 · years  38.5 · road 0.39 · starved  1393 · nobles  -3.6 · read 57.7 · walls  5.4 · fell 87.1% (mother 44.6%) · prince 17.7% · king  6.9% · crowned  3.2% (median year 59) · 3.5s
try  6 · gen   75 · best    538.6 · elite    228.6 · median    -18.9 · years  35.5 · road 0.36 · starved  1828 · nobles  -2.0 · read 37.2 · walls  7.3 · fell 91.0% (mother 43.3%) · prince 11.3% · king  5.9% · crowned  3.2% (median year 61) · 3.5s
try  7 · gen   75 · best    979.9 · elite    573.4 · median    114.1 · years  22.4 · road 0.45 · starved  1166 · nobles  -0.7 · read 45.7 · walls  3.3 · fell 77.1% (mother 45.6%) · prince 25.6% · king 16.6% · crowned 11.7% (median year 30) · 3.5s
try  8 · gen   75 · best    747.4 · elite    425.6 · median      1.3 · years  27.4 · road 0.35 · starved  1036 · nobles  +1.8 · read 40.7 · walls  2.8 · fell 81.6% (mother 42.2%) · prince 16.5% · king 11.0% · crowned  8.4% (median year 41) · 3.5s
try  1 · gen   76 · best    190.3 · elite    108.0 · median     11.0 · years  46.9 · road 0.39 · starved   915 · nobles  +0.9 · read 45.6 · walls  6.2 · fell 75.2% (mother 29.5%) · prince  0.2% · king  0.0% · crowned  0.0% (median year 100) · 3.6s
try  2 · gen   76 · best   1118.1 · elite    537.8 · median    115.8 · years  20.8 · road 0.38 · starved   992 · nobles  +1.7 · read 44.0 · walls  2.9 · fell 77.6% (mother 38.3%) · prince 22.2% · king 15.0% · crowned 11.6% (median year 27) · 3.6s
try  3 · gen   76 · best    175.4 · elite    108.8 · median     10.1 · years  49.8 · road 0.42 · starved   787 · nobles  -9.6 · read 78.6 · walls  6.0 · fell 72.7% (mother 27.4%) · prince  2.6% · king  0.0% · crowned  0.0% · 3.6s
try  4 · gen   76 · best    497.6 · elite    247.6 · median    -25.1 · years  31.9 · road 0.37 · starved  1486 · nobles  +3.4 · read 17.4 · walls  5.4 · fell 90.6% (mother 45.7%) · prince 10.9% · king  5.5% · crowned  4.0% (median year 57) · 3.6s
try  5 · gen   76 · best    819.2 · elite    281.8 · median      7.2 · years  38.8 · road 0.39 · starved  1506 · nobles  -3.5 · read 58.7 · walls  5.5 · fell 87.8% (mother 46.0%) · prince 18.0% · king  7.3% · crowned  3.4% (median year 62) · 3.6s
try  6 · gen   76 · best    501.9 · elite    223.5 · median    -17.7 · years  35.0 · road 0.36 · starved  1844 · nobles  -2.1 · read 35.9 · walls  7.4 · fell 90.7% (mother 43.3%) · prince 11.4% · king  5.4% · crowned  2.8% (median year 62) · 3.6s
try  7 · gen   76 · best    911.2 · elite    581.8 · median    128.0 · years  22.2 · road 0.44 · starved  1132 · nobles  -0.6 · read 44.3 · walls  3.4 · fell 76.2% (mother 45.7%) · prince 25.9% · king 16.5% · crowned 12.2% (median year 30) · 3.6s
try  8 · gen   76 · best    923.7 · elite    479.4 · median     21.3 · years  27.9 · road 0.35 · starved  1050 · nobles  +2.2 · read 41.1 · walls  2.7 · fell 79.5% (mother 40.3%) · prince 18.6% · king 13.1% · crowned 10.0% (median year 41) · 3.6s
try  1 · gen   77 · best    251.0 · elite    108.5 · median      9.0 · years  47.3 · road 0.39 · starved  1010 · nobles  +0.8 · read 44.6 · walls  6.4 · fell 75.7% (mother 32.2%) · prince  0.2% · king  0.0% · crowned  0.0% (median year 70) · 3.6s
try  2 · gen   77 · best   1122.6 · elite    530.9 · median     90.8 · years  21.2 · road 0.37 · starved   998 · nobles  +1.3 · read 44.9 · walls  3.0 · fell 79.3% (mother 41.0%) · prince 21.0% · king 14.2% · crowned 10.9% (median year 28) · 3.6s
try  3 · gen   77 · best    221.2 · elite    110.7 · median     12.5 · years  50.6 · road 0.43 · starved   854 · nobles  -9.6 · read 79.2 · walls  6.1 · fell 75.0% (mother 28.2%) · prince  3.9% · king  0.1% · crowned  0.0% (median year 23) · 3.6s
try  4 · gen   77 · best    690.9 · elite    240.4 · median    -28.7 · years  31.7 · road 0.37 · starved  1536 · nobles  +4.4 · read 16.7 · walls  5.2 · fell 90.2% (mother 47.9%) · prince 11.2% · king  5.4% · crowned  3.8% (median year 59) · 3.6s
try  5 · gen   77 · best    842.3 · elite    288.1 · median      6.8 · years  38.7 · road 0.39 · starved  1419 · nobles  -3.4 · read 58.1 · walls  5.6 · fell 87.2% (mother 44.3%) · prince 18.0% · king  7.1% · crowned  3.9% (median year 62) · 3.6s
try  6 · gen   77 · best    448.1 · elite    214.8 · median    -15.8 · years  35.9 · road 0.37 · starved  1867 · nobles  -2.1 · read 37.2 · walls  7.4 · fell 90.9% (mother 42.7%) · prince 11.6% · king  5.4% · crowned  2.8% (median year 62) · 3.6s
try  7 · gen   77 · best    950.7 · elite    531.7 · median    104.2 · years  22.3 · road 0.44 · starved  1214 · nobles  -0.2 · read 42.2 · walls  3.2 · fell 77.4% (mother 46.8%) · prince 25.3% · king 15.8% · crowned 11.4% (median year 29) · 3.6s
try  8 · gen   77 · best    892.0 · elite    475.5 · median     21.6 · years  26.4 · road 0.34 · starved   994 · nobles  +2.7 · read 40.3 · walls  2.3 · fell 78.8% (mother 40.3%) · prince 17.5% · king 12.4% · crowned  9.2% (median year 38) · 3.6s
try  1 · gen   78 · best    208.1 · elite    118.2 · median     13.3 · years  49.6 · road 0.40 · starved  1010 · nobles  +0.7 · read 46.3 · walls  6.4 · fell 73.3% (mother 31.3%) · prince  0.1% · king  0.0% · crowned  0.0% · 3.6s
try  2 · gen   78 · best   1116.7 · elite    529.9 · median     57.3 · years  20.9 · road 0.36 · starved  1100 · nobles  +1.8 · read 43.8 · walls  2.8 · fell 79.2% (mother 40.0%) · prince 21.1% · king 14.1% · crowned 10.7% (median year 29) · 3.6s
try  3 · gen   78 · best    186.9 · elite    103.6 · median      8.9 · years  48.0 · road 0.42 · starved   860 · nobles  -8.9 · read 74.3 · walls  6.1 · fell 76.7% (mother 30.9%) · prince  4.5% · king  0.1% · crowned  0.0% · 3.6s
try  4 · gen   78 · best    592.8 · elite    249.9 · median    -25.8 · years  31.1 · road 0.37 · starved  1469 · nobles  +4.5 · read 17.0 · walls  5.2 · fell 89.8% (mother 45.4%) · prince 10.9% · king  5.9% · crowned  4.1% (median year 56) · 3.6s
try  5 · gen   78 · best    525.6 · elite    264.5 · median     -0.4 · years  39.1 · road 0.38 · starved  2604 · nobles  -3.7 · read 55.5 · walls  5.8 · fell 87.4% (mother 45.8%) · prince 16.6% · king  6.7% · crowned  3.4% (median year 65) · 3.6s
try  6 · gen   78 · best    383.9 · elite    217.4 · median    -15.4 · years  36.0 · road 0.37 · starved  1696 · nobles  -2.3 · read 35.9 · walls  7.4 · fell 90.4% (mother 42.4%) · prince 11.6% · king  5.7% · crowned  2.8% (median year 63) · 3.6s
try  7 · gen   78 · best    989.9 · elite    562.5 · median     73.3 · years  21.5 · road 0.43 · starved  1178 · nobles  -0.0 · read 40.6 · walls  3.1 · fell 77.9% (mother 48.7%) · prince 24.5% · king 15.4% · crowned 10.9% (median year 29) · 3.6s
try  8 · gen   78 · best    982.8 · elite    472.9 · median     28.5 · years  26.1 · road 0.34 · starved   989 · nobles  +2.7 · read 40.3 · walls  2.0 · fell 77.4% (mother 40.6%) · prince 18.1% · king 12.7% · crowned 10.0% (median year 38) · 3.6s
try  1 · gen   79 · best    189.5 · elite    111.4 · median     17.0 · years  50.0 · road 0.40 · starved  1005 · nobles  +0.8 · read 43.2 · walls  6.5 · fell 72.9% (mother 30.4%) · prince  0.0% · king  0.0% · crowned  0.0% · 3.7s
try  2 · gen   79 · best   1216.3 · elite    517.0 · median     77.4 · years  21.6 · road 0.37 · starved  1052 · nobles  +1.8 · read 45.6 · walls  2.9 · fell 79.5% (mother 42.8%) · prince 20.9% · king 14.3% · crowned 10.7% (median year 29) · 3.7s
try  3 · gen   79 · best    175.5 · elite    105.9 · median      7.9 · years  48.2 · road 0.42 · starved   854 · nobles  -8.9 · read 76.9 · walls  6.2 · fell 75.2% (mother 30.0%) · prince  4.2% · king  0.1% · crowned  0.0% · 3.7s
try  4 · gen   79 · best    584.7 · elite    248.7 · median    -26.4 · years  31.1 · road 0.37 · starved  1449 · nobles  +5.0 · read 16.8 · walls  5.3 · fell 90.3% (mother 48.3%) · prince 10.6% · king  5.3% · crowned  4.0% (median year 55) · 3.7s
try  5 · gen   79 · best    532.7 · elite    273.1 · median      5.7 · years  39.5 · road 0.38 · starved  1905 · nobles  -3.7 · read 55.5 · walls  5.8 · fell 87.4% (mother 45.6%) · prince 17.1% · king  7.4% · crowned  3.6% (median year 63) · 3.7s
try  6 · gen   79 · best    590.1 · elite    222.2 · median    -15.3 · years  35.8 · road 0.37 · starved  1792 · nobles  -2.5 · read 35.3 · walls  7.3 · fell 90.8% (mother 42.9%) · prince 11.6% · king  5.8% · crowned  2.7% (median year 62) · 3.7s
try  7 · gen   79 · best    934.7 · elite    553.6 · median    115.8 · years  21.3 · road 0.43 · starved  1193 · nobles  +0.4 · read 39.9 · walls  3.4 · fell 77.6% (mother 50.7%) · prince 25.2% · king 15.3% · crowned 11.6% (median year 29) · 3.7s
try  8 · gen   79 · best    918.3 · elite    483.5 · median     35.7 · years  25.7 · road 0.34 · starved  1031 · nobles  +3.3 · read 39.7 · walls  2.0 · fell 77.8% (mother 43.0%) · prince 18.5% · king 12.8% · crowned  9.9% (median year 36) · 3.7s
try  1 · gen   80 · best    183.8 · elite    118.3 · median     16.6 · years  49.9 · road 0.40 · starved   960 · nobles  +0.8 · read 42.3 · walls  6.7 · fell 72.3% (mother 30.6%) · prince  0.0% · king  0.0% · crowned  0.0% · 3.6s
try  2 · gen   80 · best   1225.1 · elite    527.2 · median     55.3 · years  22.0 · road 0.38 · starved  1183 · nobles  +1.9 · read 46.2 · walls  3.0 · fell 80.4% (mother 42.7%) · prince 21.8% · king 13.7% · crowned 10.3% (median year 29) · 3.6s
try  3 · gen   80 · best    211.6 · elite    103.6 · median      8.7 · years  47.8 · road 0.42 · starved   827 · nobles  -8.9 · read 77.3 · walls  6.3 · fell 74.6% (mother 28.1%) · prince  3.9% · king  0.2% · crowned  0.0% (median year 67) · 3.6s
try  4 · gen   80 · best    551.5 · elite    260.9 · median    -28.3 · years  30.6 · road 0.36 · starved  1516 · nobles  +5.3 · read 16.3 · walls  5.4 · fell 89.9% (mother 47.3%) · prince 10.9% · king  5.5% · crowned  4.3% (median year 56) · 3.6s
try  5 · gen   80 · best    607.3 · elite    272.4 · median      2.4 · years  38.8 · road 0.38 · starved  1954 · nobles  -3.4 · read 52.6 · walls  6.0 · fell 88.2% (mother 47.4%) · prince 17.3% · king  6.4% · crowned  3.3% (median year 65) · 3.6s
try  6 · gen   80 · best    425.1 · elite    212.8 · median    -19.1 · years  36.1 · road 0.37 · starved  1838 · nobles  -3.1 · read 36.6 · walls  7.4 · fell 91.2% (mother 44.6%) · prince 12.1% · king  5.4% · crowned  2.4% (median year 61) · 3.6s
try  7 · gen   80 · best   1167.7 · elite    608.8 · median    134.7 · years  21.4 · road 0.44 · starved  1113 · nobles  +0.3 · read 41.5 · walls  3.5 · fell 75.2% (mother 48.6%) · prince 27.0% · king 17.8% · crowned 12.6% (median year 29) · 3.6s
try  8 · gen   80 · best    950.0 · elite    498.7 · median     25.7 · years  24.8 · road 0.34 · starved  1018 · nobles  +3.2 · read 38.3 · walls  1.9 · fell 78.5% (mother 44.2%) · prince 17.7% · king 13.0% · crowned 10.0% (median year 35) · 3.6s
try  1 · gen   81 · best    228.4 · elite    117.0 · median     18.3 · years  50.2 · road 0.40 · starved  1004 · nobles  +0.8 · read 42.1 · walls  6.9 · fell 72.4% (mother 31.2%) · prince  0.0% · king  0.0% · crowned  0.0% · 3.6s
try  2 · gen   81 · best    903.6 · elite    512.5 · median     38.2 · years  22.0 · road 0.36 · starved  1088 · nobles  +1.8 · read 45.0 · walls  2.8 · fell 81.3% (mother 40.4%) · prince 20.7% · king 13.5% · crowned  9.8% (median year 30) · 3.6s
try  3 · gen   81 · best    197.8 · elite    106.2 · median      9.8 · years  47.3 · road 0.42 · starved   871 · nobles  -8.4 · read 77.9 · walls  6.4 · fell 77.1% (mother 31.4%) · prince  5.2% · king  0.2% · crowned  0.0% (median year 69) · 3.6s
try  4 · gen   81 · best    603.9 · elite    248.7 · median    -26.4 · years  30.8 · road 0.36 · starved  1512 · nobles  +5.3 · read 16.7 · walls  5.2 · fell 90.3% (mother 48.2%) · prince 10.7% · king  5.7% · crowned  4.3% (median year 58) · 3.6s
try  5 · gen   81 · best    445.3 · elite    252.6 · median      5.7 · years  39.6 · road 0.39 · starved  1798 · nobles  -3.6 · read 52.5 · walls  6.3 · fell 87.6% (mother 49.0%) · prince 17.4% · king  6.6% · crowned  3.3% (median year 66) · 3.6s
try  6 · gen   81 · best    433.2 · elite    224.4 · median    -15.0 · years  36.0 · road 0.37 · starved  1919 · nobles  -2.9 · read 34.4 · walls  7.4 · fell 90.8% (mother 44.1%) · prince 12.8% · king  5.5% · crowned  2.7% (median year 61) · 3.6s
try  7 · gen   81 · best   1081.5 · elite    611.9 · median    154.5 · years  21.4 · road 0.45 · starved  1106 · nobles  +0.2 · read 41.9 · walls  3.6 · fell 74.2% (mother 49.4%) · prince 27.0% · king 17.7% · crowned 13.1% (median year 29) · 3.6s
try  8 · gen   81 · best    918.2 · elite    461.2 · median     43.7 · years  24.6 · road 0.34 · starved  1065 · nobles  +2.7 · read 38.8 · walls  1.8 · fell 80.0% (mother 48.3%) · prince 18.8% · king 12.8% · crowned  9.8% (median year 35) · 3.6s
try  1 · gen   82 · best    208.7 · elite    115.3 · median     20.3 · years  51.8 · road 0.40 · starved  1014 · nobles  +0.6 · read 44.8 · walls  7.1 · fell 71.2% (mother 28.5%) · prince  0.1% · king  0.0% · crowned  0.0% · 3.6s
try  2 · gen   82 · best    915.3 · elite    524.7 · median     82.0 · years  21.8 · road 0.37 · starved  1584 · nobles  +2.2 · read 44.6 · walls  2.9 · fell 80.5% (mother 40.5%) · prince 21.7% · king 14.2% · crowned 10.9% (median year 30) · 3.6s
try  3 · gen   82 · best    281.5 · elite    107.7 · median      9.2 · years  46.7 · road 0.42 · starved   951 · nobles  -8.0 · read 73.6 · walls  6.4 · fell 77.7% (mother 33.4%) · prince  5.7% · king  0.2% · crowned  0.0% (median year 72) · 3.6s
try  4 · gen   82 · best    733.4 · elite    253.2 · median    -27.4 · years  31.2 · road 0.37 · starved  1580 · nobles  +5.0 · read 17.8 · walls  5.2 · fell 90.8% (mother 49.2%) · prince 11.7% · king  5.7% · crowned  4.0% (median year 58) · 3.6s
try  5 · gen   82 · best    648.6 · elite    273.1 · median      7.6 · years  38.7 · road 0.38 · starved  2055 · nobles  -3.2 · read 49.0 · walls  6.3 · fell 87.9% (mother 51.5%) · prince 17.6% · king  6.8% · crowned  4.0% (median year 67) · 3.6s
try  6 · gen   82 · best    494.0 · elite    211.0 · median    -18.7 · years  35.9 · road 0.37 · starved  1925 · nobles  -3.1 · read 33.4 · walls  7.3 · fell 90.7% (mother 43.9%) · prince 12.2% · king  5.4% · crowned  2.5% (median year 63) · 3.6s
try  7 · gen   82 · best   1040.5 · elite    600.2 · median    147.4 · years  21.3 · road 0.44 · starved  1090 · nobles  +0.8 · read 40.8 · walls  3.7 · fell 73.5% (mother 48.0%) · prince 26.2% · king 17.3% · crowned 13.0% (median year 28) · 3.6s
try  8 · gen   82 · best    860.0 · elite    454.2 · median     23.3 · years  23.7 · road 0.34 · starved  1060 · nobles  +2.8 · read 37.0 · walls  1.7 · fell 80.2% (mother 48.5%) · prince 18.7% · king 12.7% · crowned  9.4% (median year 33) · 3.6s
try  1 · gen   83 · best    192.2 · elite    116.2 · median     18.4 · years  51.0 · road 0.40 · starved  1000 · nobles  +0.3 · read 45.0 · walls  7.2 · fell 72.3% (mother 29.5%) · prince  0.1% · king  0.0% · crowned  0.0% · 3.5s
try  2 · gen   83 · best    928.2 · elite    546.4 · median    100.8 · years  21.7 · road 0.37 · starved  1019 · nobles  +2.4 · read 45.2 · walls  3.1 · fell 78.9% (mother 39.0%) · prince 21.1% · king 14.3% · crowned 11.6% (median year 30) · 3.5s
try  3 · gen   83 · best    211.0 · elite    102.6 · median      5.8 · years  46.7 · road 0.41 · starved   998 · nobles  -8.1 · read 73.3 · walls  6.0 · fell 78.7% (mother 33.3%) · prince  5.7% · king  0.2% · crowned  0.1% (median year 81) · 3.5s
try  4 · gen   83 · best    826.8 · elite    250.9 · median    -24.8 · years  30.5 · road 0.37 · starved  1617 · nobles  +4.4 · read 17.5 · walls  5.0 · fell 89.8% (mother 47.3%) · prince 12.0% · king  6.1% · crowned  4.4% (median year 55) · 3.5s
try  5 · gen   83 · best    572.2 · elite    267.7 · median      9.0 · years  38.7 · road 0.38 · starved  1463 · nobles  -3.1 · read 48.3 · walls  6.6 · fell 87.2% (mother 51.0%) · prince 18.1% · king  6.6% · crowned  3.7% (median year 65) · 3.5s
try  6 · gen   83 · best    424.5 · elite    221.2 · median    -17.7 · years  35.9 · road 0.37 · starved  1815 · nobles  -2.8 · read 33.7 · walls  7.4 · fell 90.6% (mother 43.7%) · prince 12.6% · king  5.8% · crowned  3.1% (median year 63) · 3.5s
try  7 · gen   83 · best   1237.5 · elite    620.0 · median    159.4 · years  21.4 · road 0.45 · starved  1080 · nobles  +0.7 · read 41.9 · walls  3.5 · fell 72.1% (mother 46.4%) · prince 28.1% · king 18.5% · crowned 13.5% (median year 28) · 3.5s
try  8 · gen   83 · best    867.2 · elite    493.1 · median     25.1 · years  23.2 · road 0.34 · starved  1003 · nobles  +2.2 · read 36.0 · walls  1.7 · fell 78.8% (mother 46.9%) · prince 19.2% · king 13.1% · crowned  9.6% (median year 32) · 3.5s
try  1 · gen   84 · best    209.0 · elite    117.0 · median     19.3 · years  51.6 · road 0.41 · starved  1215 · nobles  -0.0 · read 46.5 · walls  7.5 · fell 71.9% (mother 28.6%) · prince  0.2% · king  0.0% · crowned  0.0% · 3.5s
try  2 · gen   84 · best    895.7 · elite    545.4 · median    131.0 · years  21.7 · road 0.37 · starved   935 · nobles  +2.1 · read 46.0 · walls  3.2 · fell 77.5% (mother 37.0%) · prince 21.4% · king 14.8% · crowned 12.0% (median year 29) · 3.5s
try  3 · gen   84 · best    232.0 · elite    106.5 · median      7.3 · years  47.2 · road 0.41 · starved  1028 · nobles  -7.8 · read 75.0 · walls  6.1 · fell 77.9% (mother 32.6%) · prince  7.1% · king  0.3% · crowned  0.1% (median year 75) · 3.5s
try  4 · gen   84 · best    666.1 · elite    262.6 · median    -24.9 · years  31.0 · road 0.37 · starved  1787 · nobles  +3.7 · read 19.0 · walls  4.9 · fell 90.2% (mother 47.3%) · prince 12.0% · king  6.1% · crowned  4.3% (median year 56) · 3.5s
try  5 · gen   84 · best    583.2 · elite    282.3 · median     10.1 · years  38.8 · road 0.39 · starved  1475 · nobles  -3.1 · read 48.9 · walls  6.6 · fell 88.3% (mother 51.6%) · prince 18.7% · king  7.2% · crowned  3.9% (median year 65) · 3.5s
try  6 · gen   84 · best    608.1 · elite    227.0 · median    -19.2 · years  35.6 · road 0.37 · starved  1989 · nobles  -3.3 · read 32.9 · walls  7.3 · fell 91.6% (mother 45.0%) · prince 12.4% · king  5.2% · crowned  2.4% (median year 62) · 3.5s
try  7 · gen   84 · best    977.4 · elite    644.8 · median    154.4 · years  21.6 · road 0.45 · starved  1071 · nobles  +1.0 · read 42.4 · walls  3.5 · fell 71.3% (mother 44.7%) · prince 28.3% · king 18.9% · crowned 13.7% (median year 27) · 3.5s
try  8 · gen   84 · best   1171.1 · elite    518.9 · median     28.8 · years  22.8 · road 0.33 · starved   985 · nobles  +2.8 · read 35.9 · walls  1.5 · fell 77.8% (mother 47.8%) · prince 18.5% · king 12.9% · crowned 10.3% (median year 31) · 3.5s
try  1 · gen   85 · best    207.8 · elite    119.8 · median     17.2 · years  49.9 · road 0.40 · starved   986 · nobles  +0.1 · read 45.0 · walls  7.4 · fell 73.9% (mother 28.6%) · prince  0.1% · king  0.0% · crowned  0.0% · 3.5s
try  2 · gen   85 · best   1167.0 · elite    541.7 · median     86.7 · years  21.4 · road 0.37 · starved  1137 · nobles  +1.6 · read 45.4 · walls  3.1 · fell 79.2% (mother 40.0%) · prince 21.8% · king 14.9% · crowned 11.1% (median year 29) · 3.5s
try  3 · gen   85 · best    182.0 · elite    115.4 · median      5.7 · years  47.9 · road 0.42 · starved  1046 · nobles  -7.9 · read 81.7 · walls  6.2 · fell 78.9% (mother 32.0%) · prince  7.1% · king  0.3% · crowned  0.1% (median year 73) · 3.5s
try  4 · gen   85 · best    601.9 · elite    277.0 · median    -25.0 · years  30.8 · road 0.36 · starved  1562 · nobles  +3.7 · read 19.9 · walls  4.7 · fell 89.4% (mother 46.3%) · prince 12.1% · king  6.3% · crowned  4.5% (median year 55) · 3.5s
try  5 · gen   85 · best    647.3 · elite    310.1 · median     12.2 · years  38.4 · road 0.39 · starved  1501 · nobles  -2.6 · read 48.1 · walls  6.5 · fell 85.9% (mother 50.3%) · prince 18.3% · king  7.9% · crowned  4.4% (median year 63) · 3.5s
try  6 · gen   85 · best    438.1 · elite    222.5 · median    -20.6 · years  35.0 · road 0.37 · starved  1898 · nobles  -3.1 · read 32.4 · walls  7.4 · fell 91.1% (mother 46.0%) · prince 12.4% · king  5.2% · crowned  2.4% (median year 60) · 3.5s
try  7 · gen   85 · best   1007.5 · elite    566.4 · median    155.4 · years  21.8 · road 0.44 · starved  1143 · nobles  +1.3 · read 42.6 · walls  3.4 · fell 72.5% (mother 46.5%) · prince 27.5% · king 17.5% · crowned 12.5% (median year 27) · 3.5s
try  8 · gen   85 · best   1154.7 · elite    494.9 · median     28.8 · years  22.4 · road 0.33 · starved  1013 · nobles  +3.3 · read 34.9 · walls  1.5 · fell 77.9% (mother 48.8%) · prince 19.3% · king 13.1% · crowned  9.9% (median year 31) · 3.5s
try  1 · gen   86 · best    220.2 · elite    114.9 · median     17.6 · years  49.0 · road 0.40 · starved  1013 · nobles  +0.2 · read 45.2 · walls  7.5 · fell 75.1% (mother 28.3%) · prince  0.3% · king  0.0% · crowned  0.0% · 3.5s
try  2 · gen   86 · best    944.9 · elite    526.7 · median    106.0 · years  21.8 · road 0.38 · starved  1072 · nobles  +1.6 · read 45.9 · walls  3.4 · fell 78.9% (mother 40.6%) · prince 21.0% · king 14.3% · crowned 11.4% (median year 29) · 3.5s
try  3 · gen   86 · best    493.1 · elite    118.3 · median     10.2 · years  47.3 · road 0.41 · starved   972 · nobles  -7.5 · read 80.9 · walls  6.4 · fell 77.9% (mother 29.9%) · prince  6.7% · king  0.5% · crowned  0.2% (median year 62) · 3.5s
try  4 · gen   86 · best    792.5 · elite    255.3 · median    -27.8 · years  30.9 · road 0.37 · starved  1546 · nobles  +2.7 · read 20.8 · walls  5.1 · fell 90.2% (mother 47.2%) · prince 11.7% · king  5.9% · crowned  4.0% (median year 54) · 3.5s
try  5 · gen   86 · best    785.3 · elite    329.5 · median      7.6 · years  38.4 · road 0.39 · starved  1461 · nobles  -2.8 · read 47.7 · walls  6.7 · fell 86.1% (mother 52.1%) · prince 18.4% · king  8.4% · crowned  5.1% (median year 64) · 3.5s
try  6 · gen   86 · best    500.2 · elite    225.0 · median    -19.7 · years  35.6 · road 0.37 · starved  2260 · nobles  -3.1 · read 33.8 · walls  7.5 · fell 91.8% (mother 47.6%) · prince 12.3% · king  5.7% · crowned  2.7% (median year 65) · 3.5s
try  7 · gen   86 · best    974.7 · elite    575.7 · median    140.3 · years  21.4 · road 0.44 · starved  1166 · nobles  +1.4 · read 41.6 · walls  3.4 · fell 73.9% (mother 49.0%) · prince 27.0% · king 16.8% · crowned 12.4% (median year 27) · 3.5s
try  8 · gen   86 · best    944.7 · elite    503.2 · median     30.9 · years  21.7 · road 0.33 · starved  1005 · nobles  +2.7 · read 34.3 · walls  1.5 · fell 79.3% (mother 51.5%) · prince 19.1% · king 13.3% · crowned  9.7% (median year 30) · 3.5s
try  1 · gen   87 · best    238.1 · elite    117.3 · median     18.5 · years  48.9 · road 0.40 · starved  1018 · nobles  +0.1 · read 45.9 · walls  7.6 · fell 76.0% (mother 28.6%) · prince  0.5% · king  0.0% · crowned  0.0% · 3.5s
try  2 · gen   87 · best    960.3 · elite    581.4 · median    126.1 · years  21.3 · road 0.38 · starved  1053 · nobles  +1.3 · read 44.9 · walls  3.5 · fell 78.6% (mother 39.7%) · prince 21.8% · king 15.2% · crowned 12.1% (median year 28) · 3.5s
try  3 · gen   87 · best    394.1 · elite    114.7 · median      5.2 · years  46.3 · road 0.41 · starved  1011 · nobles  -6.8 · read 80.6 · walls  6.4 · fell 79.9% (mother 30.5%) · prince  6.5% · king  0.6% · crowned  0.2% (median year 77) · 3.5s
try  4 · gen   87 · best   1076.4 · elite    263.1 · median    -25.0 · years  30.9 · road 0.37 · starved  1573 · nobles  +3.3 · read 19.8 · walls  5.1 · fell 91.1% (mother 46.1%) · prince 12.0% · king  5.9% · crowned  4.1% (median year 55) · 3.5s
try  5 · gen   87 · best    719.5 · elite    319.2 · median     17.7 · years  38.3 · road 0.39 · starved  1399 · nobles  -2.5 · read 45.8 · walls  6.7 · fell 85.5% (mother 49.8%) · prince 18.4% · king  8.8% · crowned  5.1% (median year 63) · 3.5s
try  6 · gen   87 · best    380.5 · elite    203.2 · median    -24.3 · years  35.1 · road 0.37 · starved  2161 · nobles  -3.2 · read 33.5 · walls  7.4 · fell 92.1% (mother 48.5%) · prince 12.3% · king  5.1% · crowned  2.3% (median year 62) · 3.5s
try  7 · gen   87 · best   1441.8 · elite    620.5 · median    133.5 · years  21.4 · road 0.44 · starved  1174 · nobles  +1.8 · read 41.6 · walls  3.4 · fell 73.4% (mother 47.5%) · prince 28.5% · king 17.1% · crowned 12.4% (median year 27) · 3.5s
try  8 · gen   87 · best   1025.4 · elite    515.3 · median     61.5 · years  21.5 · road 0.33 · starved   985 · nobles  +3.2 · read 35.0 · walls  1.3 · fell 77.2% (mother 47.9%) · prince 19.9% · king 13.8% · crowned 10.4% (median year 29) · 3.5s
try  1 · gen   88 · best    193.9 · elite    116.0 · median     16.1 · years  48.3 · road 0.40 · starved  1078 · nobles  -0.2 · read 46.6 · walls  7.4 · fell 77.1% (mother 28.5%) · prince  0.7% · king  0.0% · crowned  0.0% · 3.4s
try  2 · gen   88 · best    969.6 · elite    543.2 · median    118.0 · years  21.1 · road 0.38 · starved  1050 · nobles  +1.7 · read 43.6 · walls  3.6 · fell 79.3% (mother 42.0%) · prince 21.2% · king 15.0% · crowned 11.5% (median year 29) · 3.4s
try  3 · gen   88 · best    303.3 · elite    134.2 · median      8.9 · years  47.4 · road 0.41 · starved  1021 · nobles  -7.1 · read 75.9 · walls  6.7 · fell 79.4% (mother 31.5%) · prince  6.6% · king  0.9% · crowned  0.5% (median year 69) · 3.4s
try  4 · gen   88 · best    589.4 · elite    234.0 · median    -25.8 · years  30.6 · road 0.37 · starved  1580 · nobles  +2.7 · read 19.1 · walls  5.2 · fell 90.5% (mother 46.8%) · prince 12.1% · king  5.1% · crowned  3.7% (median year 55) · 3.4s
try  5 · gen   88 · best    623.5 · elite    335.3 · median     13.7 · years  37.9 · road 0.39 · starved  1448 · nobles  -1.8 · read 45.4 · walls  6.7 · fell 85.1% (mother 50.1%) · prince 18.0% · king  8.8% · crowned  5.7% (median year 62) · 3.4s
try  6 · gen   88 · best    497.2 · elite    220.4 · median    -18.5 · years  35.2 · road 0.37 · starved  1942 · nobles  -3.1 · read 34.5 · walls  7.5 · fell 91.3% (mother 47.4%) · prince 12.9% · king  5.6% · crowned  2.7% (median year 61) · 3.4s
try  7 · gen   88 · best    997.4 · elite    577.6 · median    120.0 · years  21.1 · road 0.43 · starved  1169 · nobles  +1.5 · read 40.4 · walls  3.4 · fell 74.5% (mother 50.5%) · prince 27.0% · king 15.7% · crowned 11.8% (median year 27) · 3.4s
try  8 · gen   88 · best    937.0 · elite    503.2 · median     71.0 · years  21.1 · road 0.33 · starved   966 · nobles  +2.5 · read 34.3 · walls  1.3 · fell 76.3% (mother 47.9%) · prince 20.5% · king 14.3% · crowned 10.6% (median year 28) · 3.4s
try  1 · gen   89 · best    204.2 · elite    108.1 · median     15.7 · years  47.0 · road 0.40 · starved  1051 · nobles  -0.6 · read 45.5 · walls  7.4 · fell 77.2% (mother 27.8%) · prince  0.4% · king  0.0% · crowned  0.0% · 3.5s
try  2 · gen   89 · best    962.6 · elite    566.8 · median    128.2 · years  21.2 · road 0.38 · starved  1687 · nobles  +1.2 · read 44.9 · walls  3.6 · fell 80.3% (mother 42.3%) · prince 21.9% · king 15.4% · crowned 11.9% (median year 29) · 3.5s
try  3 · gen   89 · best    353.2 · elite    152.4 · median     11.5 · years  47.0 · road 0.42 · starved  1066 · nobles  -6.1 · read 68.6 · walls  7.0 · fell 80.1% (mother 33.0%) · prince  7.2% · king  1.8% · crowned  0.9% (median year 67) · 3.5s
try  4 · gen   89 · best    612.4 · elite    258.8 · median    -24.2 · years  29.8 · road 0.37 · starved  1560 · nobles  +2.7 · read 18.0 · walls  5.1 · fell 90.3% (mother 46.6%) · prince 12.6% · king  5.9% · crowned  4.2% (median year 52) · 3.5s
try  5 · gen   89 · best    648.4 · elite    310.2 · median     17.7 · years  38.0 · road 0.39 · starved  1391 · nobles  -2.1 · read 45.9 · walls  6.5 · fell 85.6% (mother 49.7%) · prince 17.7% · king  8.8% · crowned  5.5% (median year 62) · 3.5s
try  6 · gen   89 · best    464.9 · elite    227.3 · median    -17.3 · years  35.0 · road 0.38 · starved  1791 · nobles  -3.1 · read 35.3 · walls  7.5 · fell 90.8% (mother 46.8%) · prince 12.3% · king  5.3% · crowned  2.8% (median year 60) · 3.5s
try  7 · gen   89 · best    800.1 · elite    571.9 · median    134.1 · years  20.9 · road 0.43 · starved  1169 · nobles  +1.4 · read 40.1 · walls  3.3 · fell 74.4% (mother 50.8%) · prince 27.5% · king 16.0% · crowned 11.9% (median year 26) · 3.5s
try  8 · gen   89 · best    919.9 · elite    499.7 · median     40.9 · years  20.3 · road 0.34 · starved   979 · nobles  +2.5 · read 32.4 · walls  1.4 · fell 77.4% (mother 50.9%) · prince 20.1% · king 13.8% · crowned 10.2% (median year 27) · 3.5s
try  1 · gen   90 · best    201.7 · elite    112.9 · median     17.4 · years  47.7 · road 0.40 · starved   990 · nobles  -0.5 · read 45.7 · walls  7.4 · fell 76.8% (mother 27.9%) · prince  0.5% · king  0.0% · crowned  0.0% · 3.4s
try  2 · gen   90 · best    996.4 · elite    563.8 · median    121.8 · years  20.4 · road 0.38 · starved  1010 · nobles  +1.1 · read 42.7 · walls  3.5 · fell 79.0% (mother 43.4%) · prince 21.9% · king 15.4% · crowned 12.3% (median year 28) · 3.4s
try  3 · gen   90 · best    428.2 · elite    168.5 · median      9.4 · years  44.9 · road 0.41 · starved  1133 · nobles  -5.3 · read 58.6 · walls  6.9 · fell 82.2% (mother 34.9%) · prince  9.1% · king  2.5% · crowned  1.2% (median year 70) · 3.4s
try  4 · gen   90 · best    624.4 · elite    246.3 · median    -24.5 · years  30.1 · road 0.37 · starved  1630 · nobles  +2.9 · read 19.1 · walls  5.2 · fell 90.8% (mother 47.9%) · prince 12.3% · king  5.9% · crowned  4.0% (median year 54) · 3.4s
try  5 · gen   90 · best    588.6 · elite    357.0 · median     17.2 · years  38.2 · road 0.39 · starved  1438 · nobles  -1.5 · read 45.4 · walls  6.6 · fell 84.8% (mother 49.2%) · prince 18.4% · king  8.9% · crowned  6.1% (median year 62) · 3.4s
try  6 · gen   90 · best    451.7 · elite    239.2 · median    -18.6 · years  34.3 · road 0.37 · starved  1695 · nobles  -3.0 · read 33.8 · walls  7.3 · fell 90.4% (mother 46.0%) · prince 12.7% · king  5.4% · crowned  2.9% (median year 63) · 3.4s
try  7 · gen   90 · best   1103.9 · elite    580.1 · median    149.5 · years  20.7 · road 0.43 · starved  1140 · nobles  +1.2 · read 40.0 · walls  3.3 · fell 73.7% (mother 50.1%) · prince 27.9% · king 17.3% · crowned 12.4% (median year 26) · 3.4s
try  8 · gen   90 · best   1173.9 · elite    543.0 · median     69.4 · years  20.1 · road 0.34 · starved   968 · nobles  +2.5 · read 32.4 · walls  1.4 · fell 77.2% (mother 50.7%) · prince 20.6% · king 13.9% · crowned 11.0% (median year 27) · 3.4s
try  1 · gen   91 · best    235.1 · elite    113.3 · median     13.9 · years  46.5 · road 0.40 · starved  1002 · nobles  -0.6 · read 43.9 · walls  7.3 · fell 77.4% (mother 27.4%) · prince  0.6% · king  0.0% · crowned  0.0% · 3.4s
try  2 · gen   91 · best   1195.6 · elite    576.8 · median    131.6 · years  20.7 · road 0.38 · starved  1055 · nobles  +1.2 · read 44.5 · walls  3.6 · fell 79.8% (mother 42.7%) · prince 21.5% · king 15.7% · crowned 12.3% (median year 29) · 3.4s
try  3 · gen   91 · best    529.8 · elite    179.4 · median      8.0 · years  42.6 · road 0.42 · starved  1223 · nobles  -3.8 · read 50.4 · walls  6.8 · fell 84.8% (mother 39.7%) · prince 11.1% · king  3.3% · crowned  1.4% (median year 66) · 3.4s
try  4 · gen   91 · best    865.6 · elite    278.3 · median    -26.2 · years  29.9 · road 0.37 · starved  1710 · nobles  +3.0 · read 18.7 · walls  5.0 · fell 90.5% (mother 48.4%) · prince 13.0% · king  6.1% · crowned  4.1% (median year 52) · 3.4s
try  5 · gen   91 · best    621.7 · elite    324.8 · median     25.9 · years  38.8 · road 0.40 · starved  1395 · nobles  -1.2 · read 46.1 · walls  6.5 · fell 84.4% (mother 48.6%) · prince 18.8% · king  9.3% · crowned  6.1% (median year 64) · 3.4s
try  6 · gen   91 · best    425.0 · elite    219.8 · median    -15.7 · years  34.4 · road 0.37 · starved  1761 · nobles  -3.1 · read 34.6 · walls  7.2 · fell 91.6% (mother 49.5%) · prince 13.4% · king  5.6% · crowned  2.8% (median year 63) · 3.4s
try  7 · gen   91 · best    999.4 · elite    593.9 · median    152.4 · years  20.3 · road 0.43 · starved  1106 · nobles  +0.7 · read 39.1 · walls  3.1 · fell 73.6% (mother 47.7%) · prince 27.1% · king 17.0% · crowned 12.8% (median year 26) · 3.4s
try  8 · gen   91 · best   1008.5 · elite    540.7 · median     49.1 · years  20.0 · road 0.34 · starved   956 · nobles  +2.2 · read 33.7 · walls  1.6 · fell 76.3% (mother 51.5%) · prince 21.6% · king 14.3% · crowned 10.5% (median year 26) · 3.4s
try  1 · gen   92 · best    188.3 · elite    111.4 · median     11.4 · years  46.2 · road 0.39 · starved  1013 · nobles  -0.1 · read 43.7 · walls  7.3 · fell 78.2% (mother 29.1%) · prince  0.5% · king  0.0% · crowned  0.0% · 3.4s
try  2 · gen   92 · best    994.1 · elite    554.8 · median    115.1 · years  20.6 · road 0.38 · starved  1048 · nobles  +0.6 · read 45.7 · walls  3.6 · fell 79.0% (mother 42.0%) · prince 21.6% · king 15.2% · crowned 11.8% (median year 29) · 3.4s
try  3 · gen   92 · best    535.3 · elite    190.8 · median      3.2 · years  41.5 · road 0.41 · starved  1241 · nobles  -3.6 · read 48.6 · walls  6.7 · fell 85.8% (mother 39.8%) · prince 11.8% · king  3.4% · crowned  1.6% (median year 66) · 3.4s
try  4 · gen   92 · best    430.7 · elite    238.1 · median    -26.5 · years  28.9 · road 0.36 · starved  1766 · nobles  +2.8 · read 17.6 · walls  4.6 · fell 90.5% (mother 47.5%) · prince 12.9% · king  5.9% · crowned  3.9% (median year 51) · 3.4s
try  5 · gen   92 · best    619.9 · elite    341.6 · median     18.6 · years  37.7 · road 0.40 · starved  1376 · nobles  -0.7 · read 44.2 · walls  6.4 · fell 84.4% (mother 49.9%) · prince 17.9% · king  9.3% · crowned  6.3% (median year 63) · 3.4s
try  6 · gen   92 · best    408.3 · elite    233.4 · median    -15.4 · years  34.0 · road 0.37 · starved  1647 · nobles  -2.7 · read 33.8 · walls  7.2 · fell 91.2% (mother 49.0%) · prince 13.6% · king  6.3% · crowned  3.1% (median year 62) · 3.4s
try  7 · gen   92 · best   1206.5 · elite    581.3 · median    138.5 · years  20.5 · road 0.43 · starved  1094 · nobles  +0.5 · read 39.1 · walls  3.0 · fell 75.3% (mother 49.6%) · prince 26.4% · king 16.0% · crowned 12.0% (median year 27) · 3.4s
try  8 · gen   92 · best    946.2 · elite    516.5 · median     35.5 · years  19.9 · road 0.35 · starved  1008 · nobles  +1.7 · read 34.3 · walls  1.6 · fell 78.7% (mother 54.1%) · prince 22.0% · king 13.9% · crowned  9.6% (median year 26) · 3.4s
try  1 · gen   93 · best    211.2 · elite    110.2 · median     14.8 · years  46.3 · road 0.40 · starved  1043 · nobles  +0.5 · read 44.5 · walls  7.3 · fell 78.8% (mother 30.2%) · prince  0.2% · king  0.0% · crowned  0.0% · 3.4s
try  2 · gen   93 · best    902.1 · elite    544.0 · median    131.5 · years  21.0 · road 0.39 · starved  1110 · nobles  +0.4 · read 45.8 · walls  3.7 · fell 78.7% (mother 41.6%) · prince 22.5% · king 15.4% · crowned 12.0% (median year 28) · 3.4s
try  3 · gen   93 · best    693.4 · elite    212.7 · median     -0.8 · years  40.6 · road 0.41 · starved  1240 · nobles  -3.2 · read 47.3 · walls  6.7 · fell 86.3% (mother 40.3%) · prince 13.5% · king  4.3% · crowned  2.2% (median year 66) · 3.4s
try  4 · gen   93 · best    871.8 · elite    267.4 · median    -27.6 · years  28.6 · road 0.36 · starved  1603 · nobles  +2.6 · read 17.5 · walls  4.3 · fell 90.0% (mother 49.4%) · prince 13.6% · king  6.1% · crowned  4.2% (median year 48) · 3.4s
try  5 · gen   93 · best    999.3 · elite    338.8 · median     20.3 · years  37.5 · road 0.39 · starved  1300 · nobles  -0.2 · read 45.9 · walls  6.3 · fell 83.2% (mother 45.6%) · prince 17.1% · king  9.2% · crowned  6.4% (median year 61) · 3.4s
try  6 · gen   93 · best    535.7 · elite    235.3 · median    -20.1 · years  34.0 · road 0.37 · starved  1885 · nobles  -2.6 · read 33.2 · walls  7.1 · fell 90.7% (mother 48.0%) · prince 12.6% · king  5.6% · crowned  2.8% (median year 64) · 3.4s
try  7 · gen   93 · best   1185.0 · elite    606.4 · median    145.5 · years  20.3 · road 0.43 · starved  1035 · nobles  +0.6 · read 38.2 · walls  3.0 · fell 73.6% (mother 47.0%) · prince 27.5% · king 18.0% · crowned 13.1% (median year 27) · 3.4s
try  8 · gen   93 · best    937.6 · elite    525.7 · median     15.5 · years  19.7 · road 0.35 · starved  1029 · nobles  +1.3 · read 33.4 · walls  1.6 · fell 79.1% (mother 56.2%) · prince 20.9% · king 13.1% · crowned  9.3% (median year 26) · 3.4s
try  1 · gen   94 · best    199.4 · elite    109.4 · median     16.0 · years  46.4 · road 0.40 · starved  1008 · nobles  +0.6 · read 43.8 · walls  7.3 · fell 78.3% (mother 30.5%) · prince  0.3% · king  0.0% · crowned  0.0% · 3.4s
try  2 · gen   94 · best   1124.9 · elite    565.0 · median     58.6 · years  20.6 · road 0.38 · starved  1114 · nobles  +0.6 · read 46.0 · walls  3.7 · fell 79.6% (mother 43.4%) · prince 20.9% · king 14.8% · crowned 11.3% (median year 28) · 3.4s
try  3 · gen   94 · best    614.0 · elite    228.3 · median      0.2 · years  38.9 · road 0.41 · starved  1306 · nobles  -2.1 · read 44.5 · walls  6.4 · fell 88.4% (mother 45.0%) · prince 14.7% · king  4.7% · crowned  2.3% (median year 63) · 3.4s
try  4 · gen   94 · best    638.6 · elite    252.6 · median    -27.1 · years  28.5 · road 0.36 · starved  1739 · nobles  +3.1 · read 17.6 · walls  4.0 · fell 90.5% (mother 50.7%) · prince 12.9% · king  5.9% · crowned  4.1% (median year 51) · 3.4s
try  5 · gen   94 · best    695.1 · elite    371.7 · median     24.4 · years  36.8 · road 0.39 · starved  1326 · nobles  +0.1 · read 45.2 · walls  6.0 · fell 83.4% (mother 46.5%) · prince 17.7% · king  9.4% · crowned  7.0% (median year 60) · 3.4s
try  6 · gen   94 · best    453.9 · elite    223.8 · median    -14.1 · years  34.9 · road 0.38 · starved  1709 · nobles  -2.8 · read 35.5 · walls  7.3 · fell 91.3% (mother 48.4%) · prince 13.6% · king  6.2% · crowned  3.0% (median year 63) · 3.4s
try  7 · gen   94 · best    983.5 · elite    589.3 · median    154.5 · years  20.4 · road 0.43 · starved  1057 · nobles  +0.9 · read 38.8 · walls  3.1 · fell 73.4% (mother 45.8%) · prince 27.5% · king 17.4% · crowned 13.0% (median year 27) · 3.4s
try  8 · gen   94 · best    823.3 · elite    521.7 · median     42.4 · years  19.5 · road 0.35 · starved   962 · nobles  +1.3 · read 32.5 · walls  1.7 · fell 78.7% (mother 54.0%) · prince 21.0% · king 13.9% · crowned  9.9% (median year 26) · 3.4s
try  1 · gen   95 · best    210.6 · elite    115.7 · median     11.8 · years  45.8 · road 0.39 · starved  1063 · nobles  +0.7 · read 42.8 · walls  7.3 · fell 78.7% (mother 31.5%) · prince  0.3% · king  0.0% · crowned  0.0% · 3.4s
try  2 · gen   95 · best    992.6 · elite    551.5 · median     94.1 · years  21.6 · road 0.38 · starved  1289 · nobles  +0.9 · read 49.9 · walls  3.9 · fell 80.1% (mother 40.8%) · prince 21.9% · king 15.0% · crowned 11.5% (median year 29) · 3.4s
try  3 · gen   95 · best    565.5 · elite    230.6 · median     -0.4 · years  36.7 · road 0.41 · starved  1327 · nobles  -1.4 · read 43.4 · walls  6.1 · fell 89.5% (mother 46.3%) · prince 14.8% · king  5.1% · crowned  2.7% (median year 61) · 3.4s
try  4 · gen   95 · best    626.1 · elite    276.1 · median    -33.6 · years  28.5 · road 0.36 · starved  1767 · nobles  +3.3 · read 19.0 · walls  3.7 · fell 91.1% (mother 49.5%) · prince 13.3% · king  5.9% · crowned  4.1% (median year 48) · 3.4s
try  5 · gen   95 · best    843.9 · elite    375.9 · median     24.9 · years  36.3 · road 0.39 · starved  1283 · nobles  -0.2 · read 43.6 · walls  5.9 · fell 84.0% (mother 47.5%) · prince 18.1% · king  9.9% · crowned  7.2% (median year 61) · 3.4s
try  6 · gen   95 · best    511.7 · elite    231.8 · median    -16.1 · years  34.4 · road 0.37 · starved  1617 · nobles  -2.6 · read 37.5 · walls  7.1 · fell 91.5% (mother 47.4%) · prince 13.3% · king  5.6% · crowned  2.9% (median year 61) · 3.4s
try  7 · gen   95 · best    953.2 · elite    557.9 · median    161.6 · years  20.5 · road 0.43 · starved  1140 · nobles  +0.9 · read 37.4 · walls  3.1 · fell 74.5% (mother 49.0%) · prince 27.5% · king 17.6% · crowned 12.9% (median year 27) · 3.4s
try  8 · gen   95 · best    977.9 · elite    520.6 · median     57.3 · years  20.0 · road 0.35 · starved   998 · nobles  +1.7 · read 31.3 · walls  1.9 · fell 79.4% (mother 54.5%) · prince 21.2% · king 14.2% · crowned 10.4% (median year 26) · 3.4s
try  1 · gen   96 · best    225.2 · elite    112.4 · median     12.0 · years  45.0 · road 0.39 · starved  1092 · nobles  +1.0 · read 41.6 · walls  7.2 · fell 79.1% (mother 32.5%) · prince  0.5% · king  0.0% · crowned  0.0% · 3.3s
try  2 · gen   96 · best   1162.3 · elite    540.7 · median     67.9 · years  21.3 · road 0.38 · starved  1111 · nobles  +0.6 · read 50.7 · walls  3.6 · fell 80.8% (mother 40.6%) · prince 21.3% · king 15.1% · crowned 11.4% (median year 29) · 3.3s
try  3 · gen   96 · best    616.5 · elite    240.9 · median     -4.1 · years  35.8 · road 0.40 · starved  1388 · nobles  -1.0 · read 42.5 · walls  6.0 · fell 89.7% (mother 48.0%) · prince 15.2% · king  5.4% · crowned  2.9% (median year 60) · 3.3s
try  4 · gen   96 · best    660.5 · elite    263.7 · median    -31.3 · years  28.1 · road 0.35 · starved  1667 · nobles  +3.6 · read 18.5 · walls  3.6 · fell 89.7% (mother 49.5%) · prince 11.9% · king  5.6% · crowned  3.9% (median year 48) · 3.3s
try  5 · gen   96 · best    732.0 · elite    363.4 · median     23.7 · years  37.0 · road 0.39 · starved  1318 · nobles  -0.4 · read 43.9 · walls  5.8 · fell 82.9% (mother 46.2%) · prince 18.5% · king  9.2% · crowned  6.8% (median year 60) · 3.3s
try  6 · gen   96 · best    601.7 · elite    238.9 · median    -13.3 · years  34.1 · road 0.37 · starved  1655 · nobles  -2.6 · read 37.6 · walls  7.0 · fell 90.8% (mother 46.7%) · prince 13.2% · king  5.9% · crowned  3.1% (median year 60) · 3.3s
try  7 · gen   96 · best   1217.7 · elite    621.3 · median    157.2 · years  20.5 · road 0.43 · starved  1051 · nobles  +1.2 · read 37.7 · walls  3.2 · fell 73.1% (mother 47.1%) · prince 27.5% · king 17.7% · crowned 13.2% (median year 27) · 3.3s
try  8 · gen   96 · best    975.3 · elite    549.5 · median     59.5 · years  20.1 · road 0.35 · starved  1022 · nobles  +2.1 · read 31.1 · walls  2.0 · fell 78.9% (mother 54.2%) · prince 20.4% · king 14.5% · crowned 10.8% (median year 26) · 3.3s
try  1 · gen   97 · best    192.4 · elite    108.8 · median     12.3 · years  45.7 · road 0.39 · starved  1102 · nobles  +1.1 · read 41.7 · walls  7.1 · fell 80.0% (mother 29.5%) · prince  0.2% · king  0.0% · crowned  0.0% · 3.4s
try  2 · gen   97 · best    920.1 · elite    502.0 · median     68.5 · years  20.7 · road 0.37 · starved  1195 · nobles  +0.6 · read 49.7 · walls  3.3 · fell 83.0% (mother 43.9%) · prince 20.1% · king 14.0% · crowned 10.7% (median year 28) · 3.4s
try  3 · gen   97 · best    509.5 · elite    244.8 · median     -8.3 · years  35.0 · road 0.40 · starved  1330 · nobles  -1.0 · read 41.6 · walls  6.1 · fell 89.6% (mother 50.4%) · prince 13.9% · king  5.0% · crowned  3.1% (median year 61) · 3.4s
try  4 · gen   97 · best    667.8 · elite    268.5 · median    -29.3 · years  28.1 · road 0.35 · starved  1524 · nobles  +4.0 · read 17.7 · walls  3.4 · fell 90.2% (mother 49.8%) · prince 12.1% · king  6.1% · crowned  4.2% (median year 49) · 3.4s
try  5 · gen   97 · best    944.4 · elite    378.4 · median     19.7 · years  36.1 · road 0.39 · starved  2025 · nobles  -0.2 · read 42.5 · walls  5.7 · fell 83.8% (mother 45.7%) · prince 18.2% · king  9.4% · crowned  6.8% (median year 60) · 3.4s
try  6 · gen   97 · best    504.2 · elite    240.2 · median    -20.0 · years  33.0 · road 0.36 · starved  1568 · nobles  -1.9 · read 37.0 · walls  6.9 · fell 90.5% (mother 45.9%) · prince 13.0% · king  5.9% · crowned  3.3% (median year 61) · 3.4s
try  7 · gen   97 · best   1195.1 · elite    637.9 · median    170.6 · years  20.8 · road 0.44 · starved  1066 · nobles  +1.2 · read 36.8 · walls  3.4 · fell 71.4% (mother 47.7%) · prince 29.8% · king 18.6% · crowned 13.9% (median year 27) · 3.4s
try  8 · gen   97 · best    962.3 · elite    559.6 · median    117.4 · years  20.6 · road 0.35 · starved  1003 · nobles  +2.9 · read 31.5 · walls  2.1 · fell 77.1% (mother 52.0%) · prince 21.2% · king 15.0% · crowned 11.6% (median year 27) · 3.4s
try  1 · gen   98 · best    164.9 · elite    107.8 · median     12.6 · years  45.4 · road 0.39 · starved  1062 · nobles  +1.3 · read 39.1 · walls  7.2 · fell 79.6% (mother 29.5%) · prince  0.2% · king  0.0% · crowned  0.0% · 3.4s
try  2 · gen   98 · best    871.1 · elite    526.7 · median     94.6 · years  20.9 · road 0.38 · starved  1114 · nobles  +0.7 · read 49.9 · walls  3.3 · fell 81.3% (mother 41.2%) · prince 21.3% · king 14.4% · crowned 11.1% (median year 28) · 3.4s
try  3 · gen   98 · best    790.6 · elite    240.5 · median     -5.2 · years  35.2 · road 0.40 · starved  1400 · nobles  -0.9 · read 39.6 · walls  5.5 · fell 89.3% (mother 49.5%) · prince 15.4% · king  5.7% · crowned  3.5% (median year 59) · 3.4s
try  4 · gen   98 · best    644.6 · elite    277.4 · median    -34.1 · years  27.9 · road 0.35 · starved  1719 · nobles  +4.1 · read 16.6 · walls  3.3 · fell 89.8% (mother 51.6%) · prince 12.5% · king  6.2% · crowned  4.5% (median year 47) · 3.4s
try  5 · gen   98 · best    785.6 · elite    365.8 · median     20.1 · years  35.0 · road 0.38 · starved  1743 · nobles  -0.0 · read 41.9 · walls  5.7 · fell 84.2% (mother 46.5%) · prince 17.8% · king  9.1% · crowned  6.8% (median year 58) · 3.4s
try  6 · gen   98 · best    454.7 · elite    227.8 · median    -16.7 · years  33.8 · road 0.37 · starved  1732 · nobles  -2.2 · read 39.5 · walls  7.1 · fell 91.2% (mother 48.0%) · prince 13.1% · king  6.0% · crowned  3.0% (median year 60) · 3.4s
try  7 · gen   98 · best   1039.7 · elite    633.7 · median    173.7 · years  20.5 · road 0.44 · starved  1016 · nobles  +1.1 · read 35.9 · walls  3.4 · fell 71.1% (mother 47.4%) · prince 30.1% · king 19.0% · crowned 14.0% (median year 27) · 3.4s
try  8 · gen   98 · best   1172.5 · elite    548.5 · median    127.1 · years  20.4 · road 0.35 · starved  1023 · nobles  +3.4 · read 31.1 · walls  2.0 · fell 77.4% (mother 52.7%) · prince 20.9% · king 15.5% · crowned 12.0% (median year 27) · 3.4s
try  1 · gen   99 · best    190.8 · elite    113.6 · median     12.4 · years  45.3 · road 0.39 · starved  1072 · nobles  +1.5 · read 38.4 · walls  7.0 · fell 80.0% (mother 28.2%) · prince  0.2% · king  0.0% · crowned  0.0% · 3.3s
try  2 · gen   99 · best    925.6 · elite    523.4 · median     22.4 · years  20.7 · road 0.38 · starved  1147 · nobles  +0.3 · read 47.8 · walls  3.3 · fell 84.0% (mother 47.0%) · prince 20.6% · king 13.3% · crowned  9.6% (median year 28) · 3.3s
try  3 · gen   99 · best    538.8 · elite    272.8 · median     -7.2 · years  33.9 · road 0.39 · starved  1319 · nobles  -0.7 · read 38.1 · walls  4.9 · fell 88.6% (mother 48.7%) · prince 14.5% · king  5.7% · crowned  4.1% (median year 59) · 3.3s
try  4 · gen   99 · best    702.4 · elite    310.3 · median    -26.9 · years  27.8 · road 0.36 · starved  1755 · nobles  +4.5 · read 15.8 · walls  3.1 · fell 89.1% (mother 51.5%) · prince 13.1% · king  6.9% · crowned  5.2% (median year 46) · 3.3s
try  5 · gen   99 · best    644.4 · elite    369.5 · median     22.8 · years  35.5 · road 0.38 · starved  1315 · nobles  +0.6 · read 43.5 · walls  5.6 · fell 83.9% (mother 47.2%) · prince 18.6% · king  9.2% · crowned  7.0% (median year 57) · 3.3s
try  6 · gen   99 · best    571.6 · elite    235.9 · median    -16.0 · years  34.0 · road 0.37 · starved  1714 · nobles  -1.9 · read 40.0 · walls  7.0 · fell 90.4% (mother 47.4%) · prince 13.8% · king  6.2% · crowned  3.5% (median year 60) · 3.3s
try  7 · gen   99 · best   1048.2 · elite    654.8 · median    185.0 · years  20.2 · road 0.45 · starved  1012 · nobles  +1.3 · read 34.5 · walls  3.4 · fell 70.0% (mother 47.8%) · prince 31.7% · king 20.0% · crowned 14.3% (median year 26) · 3.3s
try  8 · gen   99 · best    960.6 · elite    531.4 · median    133.1 · years  20.5 · road 0.34 · starved  1007 · nobles  +3.9 · read 31.4 · walls  2.0 · fell 76.8% (mother 50.9%) · prince 20.2% · king 15.5% · crowned 11.8% (median year 26) · 3.3s
