War · reads Reads { told: false, recall: false, journal: false } · hidden 32 · genome 33445 · population 1000 (first 10000) · elite 100 breeding at 0.3 · tables 6 · hall 0 · rank 40 · letters None · longest 100 years · 8 trials · AMD Radeon RX 6750 XT (RADV NAVI22)
try  1 · gen    0 · best      5.4 · elite    -20.2 · median   -106.9 · years  16.1 · road 0.25 · starved  1131 · nobles  -1.4 · read 37.8 · walls  2.9 · fell 100.0% (mother 88.3%) · prince  0.0% · king  0.0% · crowned  0.0% · 14.5s
try  2 · gen    0 · best     -4.5 · elite    -23.7 · median   -107.6 · years  16.0 · road 0.25 · starved  1132 · nobles  -1.4 · read 37.7 · walls  3.0 · fell 100.0% (mother 88.5%) · prince  0.0% · king  0.0% · crowned  0.0% · 14.5s
try  3 · gen    0 · best     19.3 · elite    -21.6 · median   -107.4 · years  16.0 · road 0.25 · starved  1132 · nobles  -1.4 · read 37.7 · walls  2.9 · fell 100.0% (mother 88.3%) · prince  0.0% · king  0.0% · crowned  0.0% · 14.5s
try  4 · gen    0 · best      5.7 · elite    -22.5 · median   -107.9 · years  15.9 · road 0.25 · starved  1129 · nobles  -1.4 · read 37.6 · walls  2.9 · fell 100.0% (mother 88.2%) · prince  0.0% · king  0.0% · crowned  0.0% · 14.5s
try  5 · gen    0 · best      8.6 · elite    -22.6 · median   -106.8 · years  16.0 · road 0.25 · starved  1133 · nobles  -1.5 · read 37.9 · walls  2.9 · fell 100.0% (mother 87.9%) · prince  0.0% · king  0.0% · crowned  0.0% · 29.8s
try  6 · gen    0 · best     10.6 · elite    -24.1 · median   -107.3 · years  15.9 · road 0.25 · starved  1131 · nobles  -1.4 · read 37.7 · walls  2.9 · fell 100.0% (mother 88.1%) · prince  0.0% · king  0.0% · crowned  0.0% · 29.8s
try  7 · gen    0 · best     -0.6 · elite    -23.2 · median   -107.2 · years  16.0 · road 0.25 · starved  1131 · nobles  -1.4 · read 37.7 · walls  3.0 · fell 100.0% (mother 88.2%) · prince  0.0% · king  0.0% · crowned  0.0% · 29.8s
try  8 · gen    0 · best     -1.4 · elite    -24.7 · median   -107.1 · years  15.9 · road 0.25 · starved  1126 · nobles  -1.4 · read 37.8 · walls  2.9 · fell 100.0% (mother 88.1%) · prince  0.0% · king  0.0% · crowned  0.0% · 29.8s
try  1 · gen    1 · best     -2.7 · elite    -46.9 · median   -101.2 · years  21.9 · road 0.30 · starved  1341 · nobles  -2.0 · read 47.3 · walls  4.3 · fell 100.0% (mother 81.4%) · prince  0.0% · king  0.0% · crowned  0.0% · 3.3s
try  2 · gen    1 · best      3.5 · elite    -44.1 · median   -100.2 · years  20.1 · road 0.29 · starved  1275 · nobles  -1.9 · read 44.1 · walls  4.2 · fell 99.9% (mother 84.4%) · prince  0.0% · king  0.0% · crowned  0.0% · 3.3s
try  3 · gen    1 · best     -9.6 · elite    -43.8 · median   -101.7 · years  20.3 · road 0.29 · starved  1275 · nobles  -1.6 · read 45.1 · walls  4.1 · fell 99.9% (mother 83.7%) · prince  0.0% · king  0.0% · crowned  0.0% · 3.3s
try  4 · gen    1 · best    -23.2 · elite    -50.7 · median   -104.8 · years  22.8 · road 0.29 · starved  1380 · nobles  -2.8 · read 55.2 · walls  4.3 · fell 99.8% (mother 77.8%) · prince  0.0% · king  0.0% · crowned  0.0% · 3.3s
try  5 · gen    1 · best      1.7 · elite    -48.0 · median   -103.9 · years  22.7 · road 0.29 · starved  1362 · nobles  -2.6 · read 53.3 · walls  4.1 · fell 99.8% (mother 80.9%) · prince  0.0% · king  0.0% · crowned  0.0% · 3.3s
try  6 · gen    1 · best     -3.3 · elite    -43.5 · median   -101.1 · years  21.1 · road 0.29 · starved  1314 · nobles  -2.4 · read 49.1 · walls  3.9 · fell 99.9% (mother 82.8%) · prince  0.0% · king  0.0% · crowned  0.0% · 3.3s
try  7 · gen    1 · best     -7.1 · elite    -46.0 · median   -102.5 · years  21.3 · road 0.29 · starved  1320 · nobles  -2.2 · read 49.4 · walls  4.2 · fell 99.9% (mother 83.0%) · prince  0.0% · king  0.0% · crowned  0.0% · 3.3s
try  8 · gen    1 · best     -6.9 · elite    -47.1 · median   -102.9 · years  19.6 · road 0.28 · starved  1259 · nobles  -2.0 · read 46.7 · walls  3.8 · fell 99.9% (mother 84.6%) · prince  0.0% · king  0.0% · crowned  0.0% · 3.3s
try  1 · gen    2 · best      7.1 · elite    -45.8 · median   -103.9 · years  29.0 · road 0.32 · starved  1578 · nobles  -2.8 · read 65.0 · walls  4.7 · fell 99.8% (mother 70.4%) · prince  0.0% · king  0.0% · crowned  0.0% · 3.5s
try  2 · gen    2 · best    -15.2 · elite    -47.0 · median   -104.1 · years  28.8 · road 0.31 · starved  1579 · nobles  -2.7 · read 66.6 · walls  4.3 · fell 99.7% (mother 72.1%) · prince  0.0% · king  0.0% · crowned  0.0% · 3.5s
try  3 · gen    2 · best     -1.9 · elite    -37.4 · median    -99.6 · years  27.7 · road 0.33 · starved  1532 · nobles  -2.4 · read 65.7 · walls  5.1 · fell 99.7% (mother 77.7%) · prince  0.0% · king  0.0% · crowned  0.0% · 3.5s
try  4 · gen    2 · best      5.3 · elite    -48.1 · median   -104.0 · years  30.8 · road 0.32 · starved  1680 · nobles  -4.9 · read 75.1 · walls  5.0 · fell 99.8% (mother 66.9%) · prince  0.0% · king  0.0% · crowned  0.0% · 3.5s
try  5 · gen    2 · best      3.3 · elite    -45.7 · median   -105.6 · years  30.0 · road 0.31 · starved  1618 · nobles  -3.9 · read 72.0 · walls  4.5 · fell 99.7% (mother 66.6%) · prince  0.0% · king  0.0% · crowned  0.0% · 3.5s
try  6 · gen    2 · best     11.1 · elite    -46.7 · median   -105.2 · years  29.3 · road 0.32 · starved  1566 · nobles  -4.0 · read 67.7 · walls  4.4 · fell 99.5% (mother 67.3%) · prince  0.0% · king  0.0% · crowned  0.0% · 3.5s
try  7 · gen    2 · best     -6.8 · elite    -45.0 · median   -103.2 · years  27.5 · road 0.30 · starved  1511 · nobles  -2.6 · read 61.1 · walls  4.7 · fell 99.8% (mother 74.8%) · prince  0.0% · king  0.0% · crowned  0.0% · 3.5s
try  8 · gen    2 · best      7.3 · elite    -43.2 · median   -104.2 · years  25.5 · road 0.30 · starved  1448 · nobles  -3.3 · read 58.9 · walls  4.6 · fell 99.9% (mother 74.2%) · prince  0.0% · king  0.0% · crowned  0.0% · 3.5s
try  1 · gen    3 · best     11.7 · elite    -41.4 · median   -104.4 · years  38.1 · road 0.33 · starved  1863 · nobles  -3.7 · read 86.7 · walls  5.1 · fell 98.5% (mother 60.0%) · prince  0.0% · king  0.0% · crowned  0.0% · 3.9s
try  2 · gen    3 · best    -12.5 · elite    -48.8 · median   -106.5 · years  37.8 · road 0.31 · starved  1836 · nobles  -4.4 · read 93.0 · walls  4.3 · fell 98.5% (mother 57.7%) · prince  0.0% · king  0.0% · crowned  0.0% · 3.9s
try  3 · gen    3 · best      2.8 · elite    -42.7 · median   -102.4 · years  37.9 · road 0.34 · starved  1857 · nobles  -3.9 · read 100.3 · walls  6.1 · fell 98.4% (mother 56.1%) · prince  0.0% · king  0.0% · crowned  0.0% · 3.9s
try  4 · gen    3 · best      5.5 · elite    -43.1 · median   -103.1 · years  37.6 · road 0.33 · starved  1841 · nobles  -5.9 · read 92.9 · walls  5.7 · fell 99.2% (mother 55.3%) · prince  0.0% · king  0.0% · crowned  0.0% · 3.9s
try  5 · gen    3 · best     -3.5 · elite    -49.3 · median   -106.6 · years  37.5 · road 0.33 · starved  1857 · nobles  -4.6 · read 90.9 · walls  5.2 · fell 99.2% (mother 52.5%) · prince  0.0% · king  0.0% · crowned  0.0% · 3.9s
try  6 · gen    3 · best     11.5 · elite    -41.9 · median   -103.1 · years  38.4 · road 0.32 · starved  1808 · nobles  -5.2 · read 87.8 · walls  4.7 · fell 97.7% (mother 56.7%) · prince  0.0% · king  0.0% · crowned  0.0% · 3.9s
try  7 · gen    3 · best      0.1 · elite    -45.8 · median   -105.3 · years  37.1 · road 0.31 · starved  1774 · nobles  -3.3 · read 86.4 · walls  5.0 · fell 98.7% (mother 62.6%) · prince  0.0% · king  0.0% · crowned  0.0% · 3.9s
try  8 · gen    3 · best     18.5 · elite    -40.3 · median   -102.0 · years  33.8 · road 0.34 · starved  1718 · nobles  -6.0 · read 76.6 · walls  5.3 · fell 99.2% (mother 61.8%) · prince  0.0% · king  0.0% · crowned  0.0% · 3.9s
try  1 · gen    4 · best     10.4 · elite    -42.8 · median   -104.0 · years  45.1 · road 0.32 · starved  1936 · nobles  -4.0 · read 104.2 · walls  5.8 · fell 94.8% (mother 45.1%) · prince  0.0% · king  0.0% · crowned  0.0% · 4.1s
try  2 · gen    4 · best     20.6 · elite    -45.7 · median   -106.4 · years  42.9 · road 0.32 · starved  1907 · nobles  -5.8 · read 114.7 · walls  4.9 · fell 96.4% (mother 49.8%) · prince  0.0% · king  0.0% · crowned  0.0% · 4.1s
try  3 · gen    4 · best      5.1 · elite    -40.7 · median   -102.3 · years  42.9 · road 0.33 · starved  1900 · nobles  -4.6 · read 118.4 · walls  6.0 · fell 96.7% (mother 43.8%) · prince  0.0% · king  0.0% · crowned  0.0% · 4.1s
try  4 · gen    4 · best      8.0 · elite    -46.6 · median   -103.2 · years  38.6 · road 0.33 · starved  1833 · nobles  -5.9 · read 97.2 · walls  5.9 · fell 99.1% (mother 50.6%) · prince  0.0% · king  0.0% · crowned  0.0% · 4.1s
try  5 · gen    4 · best      5.2 · elite    -47.0 · median   -108.7 · years  40.2 · road 0.32 · starved  1884 · nobles  -4.8 · read 98.6 · walls  5.2 · fell 98.4% (mother 45.2%) · prince  0.0% · king  0.0% · crowned  0.0% · 4.1s
try  6 · gen    4 · best     21.9 · elite    -37.2 · median   -102.9 · years  44.0 · road 0.32 · starved  1860 · nobles  -5.3 · read 98.2 · walls  4.4 · fell 94.4% (mother 42.6%) · prince  0.0% · king  0.0% · crowned  0.0% · 4.1s
try  7 · gen    4 · best      9.2 · elite    -43.9 · median   -103.4 · years  41.5 · road 0.32 · starved  1874 · nobles  -4.2 · read 97.8 · walls  5.4 · fell 97.9% (mother 52.1%) · prince  0.0% · king  0.0% · crowned  0.0% · 4.1s
try  8 · gen    4 · best     16.4 · elite    -35.1 · median    -97.9 · years  39.5 · road 0.35 · starved  1836 · nobles  -7.4 · read 92.0 · walls  5.6 · fell 97.7% (mother 53.1%) · prince  0.0% · king  0.0% · crowned  0.0% · 4.1s
try  1 · gen    5 · best     16.7 · elite    -36.4 · median    -99.6 · years  47.1 · road 0.32 · starved  1897 · nobles  -4.5 · read 107.8 · walls  6.0 · fell 91.2% (mother 40.0%) · prince  0.0% · king  0.0% · crowned  0.0% · 4.1s
try  2 · gen    5 · best     14.2 · elite    -39.3 · median   -101.8 · years  46.1 · road 0.33 · starved  1947 · nobles  -7.2 · read 124.9 · walls  5.2 · fell 94.8% (mother 43.1%) · prince  0.0% · king  0.0% · crowned  0.0% · 4.1s
try  3 · gen    5 · best     12.5 · elite    -35.0 · median    -98.9 · years  43.0 · road 0.32 · starved  1820 · nobles  -5.1 · read 123.8 · walls  6.0 · fell 96.0% (mother 40.7%) · prince  0.0% · king  0.0% · crowned  0.0% · 4.1s
try  4 · gen    5 · best     -8.3 · elite    -43.7 · median   -100.5 · years  38.5 · road 0.33 · starved  1792 · nobles  -5.5 · read 95.7 · walls  5.8 · fell 98.6% (mother 50.7%) · prince  0.0% · king  0.0% · crowned  0.0% · 4.1s
try  5 · gen    5 · best     13.7 · elite    -40.8 · median   -104.7 · years  42.5 · road 0.32 · starved  1893 · nobles  -5.4 · read 101.9 · walls  5.8 · fell 96.8% (mother 43.5%) · prince  0.0% · king  0.0% · crowned  0.0% · 4.1s
try  6 · gen    5 · best     22.4 · elite    -32.0 · median    -97.9 · years  47.9 · road 0.32 · starved  1890 · nobles  -5.1 · read 104.7 · walls  4.0 · fell 92.1% (mother 37.0%) · prince  0.0% · king  0.0% · crowned  0.0% · 4.1s
try  7 · gen    5 · best     20.4 · elite    -42.9 · median   -102.0 · years  42.0 · road 0.33 · starved  1892 · nobles  -5.2 · read 99.7 · walls  5.9 · fell 98.0% (mother 47.3%) · prince  0.0% · king  0.0% · crowned  0.0% · 4.1s
try  8 · gen    5 · best     13.9 · elite    -35.7 · median    -96.8 · years  42.0 · road 0.35 · starved  1841 · nobles  -8.0 · read 102.2 · walls  6.1 · fell 95.7% (mother 42.9%) · prince  0.0% · king  0.0% · crowned  0.0% · 4.1s
try  1 · gen    6 · best     33.9 · elite    -34.1 · median    -97.3 · years  47.0 · road 0.33 · starved  2337 · nobles  -4.9 · read 110.8 · walls  6.4 · fell 90.4% (mother 37.9%) · prince  0.0% · king  0.0% · crowned  0.0% · 4.2s
try  2 · gen    6 · best     17.0 · elite    -39.0 · median    -99.7 · years  47.5 · road 0.33 · starved  1938 · nobles  -7.3 · read 128.4 · walls  5.5 · fell 93.2% (mother 38.5%) · prince  0.0% · king  0.0% · crowned  0.0% · 4.2s
try  3 · gen    6 · best     22.3 · elite    -33.3 · median    -96.5 · years  44.8 · road 0.33 · starved  1817 · nobles  -5.1 · read 124.1 · walls  6.1 · fell 94.1% (mother 35.7%) · prince  0.0% · king  0.0% · crowned  0.0% · 4.2s
try  4 · gen    6 · best     12.6 · elite    -39.8 · median    -96.6 · years  40.5 · road 0.34 · starved  1823 · nobles  -5.9 · read 95.8 · walls  6.2 · fell 98.0% (mother 48.1%) · prince  0.0% · king  0.0% · crowned  0.0% · 4.2s
try  5 · gen    6 · best     11.9 · elite    -35.1 · median    -99.3 · years  44.6 · road 0.33 · starved  1858 · nobles  -5.5 · read 104.5 · walls  6.4 · fell 94.4% (mother 38.3%) · prince  0.0% · king  0.0% · crowned  0.0% · 4.2s
try  6 · gen    6 · best      1.0 · elite    -36.2 · median    -96.2 · years  46.0 · road 0.32 · starved  1818 · nobles  -4.5 · read 97.1 · walls  3.9 · fell 93.3% (mother 40.2%) · prince  0.0% · king  0.0% · crowned  0.0% · 4.2s
try  7 · gen    6 · best     15.9 · elite    -39.8 · median   -103.7 · years  40.7 · road 0.33 · starved  1840 · nobles  -5.9 · read 100.7 · walls  5.6 · fell 98.0% (mother 43.2%) · prince  0.0% · king  0.0% · crowned  0.0% · 4.2s
try  8 · gen    6 · best      7.2 · elite    -34.3 · median    -95.4 · years  43.9 · road 0.35 · starved  1858 · nobles  -8.1 · read 107.3 · walls  6.0 · fell 93.6% (mother 37.9%) · prince  0.0% · king  0.0% · crowned  0.0% · 4.2s
try  1 · gen    7 · best     46.7 · elite    -31.4 · median    -94.9 · years  46.8 · road 0.34 · starved  1875 · nobles  -5.1 · read 113.8 · walls  6.6 · fell 91.6% (mother 36.4%) · prince  0.0% · king  0.0% · crowned  0.0% · 4.3s
try  2 · gen    7 · best     15.3 · elite    -30.6 · median    -97.8 · years  48.5 · road 0.34 · starved  1911 · nobles  -7.5 · read 127.0 · walls  5.7 · fell 91.1% (mother 36.8%) · prince  0.1% · king  0.0% · crowned  0.0% · 4.3s
try  3 · gen    7 · best     26.7 · elite    -29.4 · median    -95.1 · years  44.2 · road 0.33 · starved  1792 · nobles  -5.3 · read 112.4 · walls  6.2 · fell 94.2% (mother 34.9%) · prince  0.0% · king  0.0% · crowned  0.0% · 4.3s
try  4 · gen    7 · best      7.2 · elite    -38.6 · median    -98.8 · years  40.0 · road 0.34 · starved  1815 · nobles  -5.9 · read 94.1 · walls  6.3 · fell 97.8% (mother 49.0%) · prince  0.0% · king  0.0% · crowned  0.0% · 4.3s
try  5 · gen    7 · best     13.4 · elite    -31.5 · median    -96.7 · years  44.1 · road 0.33 · starved  1802 · nobles  -5.1 · read 102.2 · walls  6.4 · fell 93.1% (mother 36.8%) · prince  0.0% · king  0.0% · crowned  0.0% · 4.3s
try  6 · gen    7 · best     25.0 · elite    -35.3 · median    -96.0 · years  46.5 · road 0.33 · starved  1843 · nobles  -4.8 · read 97.8 · walls  4.3 · fell 93.2% (mother 36.1%) · prince  0.0% · king  0.0% · crowned  0.0% · 4.3s
try  7 · gen    7 · best     12.6 · elite    -40.5 · median   -101.1 · years  43.1 · road 0.33 · starved  1862 · nobles  -6.5 · read 108.9 · walls  5.5 · fell 97.2% (mother 41.3%) · prince  0.0% · king  0.0% · crowned  0.0% · 4.3s
try  8 · gen    7 · best     44.2 · elite    -27.7 · median    -95.0 · years  43.8 · road 0.35 · starved  1836 · nobles  -7.9 · read 106.6 · walls  5.8 · fell 93.4% (mother 36.0%) · prince  0.0% · king  0.0% · crowned  0.0% · 4.3s
try  1 · gen    8 · best     18.0 · elite    -28.3 · median    -94.5 · years  47.9 · road 0.34 · starved  1865 · nobles  -4.7 · read 121.1 · walls  6.7 · fell 89.9% (mother 33.0%) · prince  0.0% · king  0.0% · crowned  0.0% · 4.3s
try  2 · gen    8 · best     16.5 · elite    -28.4 · median    -94.0 · years  48.1 · road 0.34 · starved  1851 · nobles  -7.4 · read 125.5 · walls  5.9 · fell 90.8% (mother 34.6%) · prince  0.1% · king  0.0% · crowned  0.0% · 4.3s
try  3 · gen    8 · best     11.2 · elite    -31.2 · median    -94.5 · years  45.1 · road 0.33 · starved  1806 · nobles  -5.5 · read 112.7 · walls  6.2 · fell 94.8% (mother 32.6%) · prince  0.0% · king  0.0% · crowned  0.0% · 4.3s
try  4 · gen    8 · best     17.8 · elite    -38.2 · median    -98.2 · years  39.7 · road 0.34 · starved  1786 · nobles  -5.9 · read 91.5 · walls  6.5 · fell 98.2% (mother 47.3%) · prince  0.0% · king  0.0% · crowned  0.0% · 4.3s
try  5 · gen    8 · best     11.4 · elite    -32.7 · median    -96.8 · years  44.8 · road 0.33 · starved  1785 · nobles  -5.1 · read 103.6 · walls  6.3 · fell 92.2% (mother 34.3%) · prince  0.0% · king  0.0% · crowned  0.0% · 4.3s
try  6 · gen    8 · best     32.4 · elite    -31.2 · median    -95.5 · years  47.8 · road 0.32 · starved  1823 · nobles  -5.0 · read 109.7 · walls  4.1 · fell 90.6% (mother 32.5%) · prince  0.0% · king  0.0% · crowned  0.0% · 4.3s
try  7 · gen    8 · best     -0.9 · elite    -38.3 · median   -101.1 · years  42.9 · road 0.32 · starved  1829 · nobles  -6.7 · read 112.7 · walls  4.9 · fell 95.8% (mother 37.0%) · prince  0.0% · king  0.0% · crowned  0.0% · 4.3s
try  8 · gen    8 · best      8.5 · elite    -32.5 · median    -94.1 · years  43.0 · road 0.36 · starved  1808 · nobles  -7.6 · read 97.4 · walls  6.1 · fell 94.4% (mother 36.5%) · prince  0.0% · king  0.0% · crowned  0.0% · 4.3s
try  1 · gen    9 · best     14.8 · elite    -27.7 · median    -92.8 · years  47.3 · road 0.34 · starved  1852 · nobles  -4.8 · read 118.2 · walls  6.7 · fell 89.5% (mother 31.2%) · prince  0.0% · king  0.0% · crowned  0.0% · 4.2s
try  2 · gen    9 · best     46.7 · elite    -26.3 · median    -91.2 · years  48.4 · road 0.34 · starved  1814 · nobles  -7.4 · read 128.5 · walls  6.3 · fell 90.6% (mother 36.5%) · prince  0.2% · king  0.0% · crowned  0.0% · 4.2s
try  3 · gen    9 · best     30.1 · elite    -27.7 · median    -95.3 · years  44.9 · road 0.34 · starved  1788 · nobles  -5.9 · read 111.5 · walls  6.4 · fell 94.8% (mother 30.9%) · prince  0.0% · king  0.0% · crowned  0.0% · 4.2s
try  4 · gen    9 · best     11.9 · elite    -38.3 · median    -95.7 · years  39.3 · road 0.34 · starved  1746 · nobles  -6.3 · read 91.6 · walls  6.5 · fell 98.0% (mother 45.0%) · prince  0.0% · king  0.0% · crowned  0.0% · 4.2s
try  5 · gen    9 · best     32.4 · elite    -25.6 · median    -94.3 · years  45.0 · road 0.33 · starved  1770 · nobles  -5.7 · read 102.3 · walls  6.3 · fell 91.5% (mother 35.0%) · prince  0.0% · king  0.0% · crowned  0.0% · 4.2s
try  6 · gen    9 · best     23.9 · elite    -23.2 · median    -93.6 · years  49.0 · road 0.33 · starved  1842 · nobles  -5.3 · read 114.1 · walls  4.4 · fell 89.9% (mother 31.2%) · prince  0.0% · king  0.0% · crowned  0.0% · 4.2s
try  7 · gen    9 · best      9.1 · elite    -33.3 · median    -97.9 · years  43.5 · road 0.33 · starved  1789 · nobles  -6.8 · read 110.2 · walls  5.4 · fell 95.5% (mother 37.9%) · prince  0.0% · king  0.0% · crowned  0.0% · 4.2s
try  8 · gen    9 · best      7.7 · elite    -28.2 · median    -93.2 · years  43.9 · road 0.35 · starved  1798 · nobles  -7.2 · read 102.5 · walls  5.9 · fell 92.9% (mother 34.8%) · prince  0.0% · king  0.0% · crowned  0.0% · 4.2s
try  1 · gen   10 · best     48.0 · elite    -17.8 · median    -92.7 · years  47.4 · road 0.35 · starved  1821 · nobles  -5.0 · read 112.0 · walls  6.7 · fell 88.5% (mother 31.5%) · prince  0.1% · king  0.0% · crowned  0.0% · 4.3s
try  2 · gen   10 · best     20.4 · elite    -22.2 · median    -89.1 · years  50.3 · road 0.35 · starved  1843 · nobles  -7.9 · read 134.7 · walls  6.5 · fell 89.1% (mother 34.0%) · prince  0.0% · king  0.0% · crowned  0.0% · 4.3s
try  3 · gen   10 · best     44.8 · elite    -24.4 · median    -94.2 · years  43.8 · road 0.33 · starved  1733 · nobles  -5.4 · read 102.2 · walls  6.5 · fell 93.8% (mother 28.8%) · prince  0.1% · king  0.0% · crowned  0.0% · 4.3s
try  4 · gen   10 · best     15.1 · elite    -35.4 · median    -97.5 · years  39.7 · road 0.35 · starved  1753 · nobles  -6.3 · read 93.5 · walls  6.7 · fell 98.1% (mother 42.8%) · prince  0.1% · king  0.0% · crowned  0.0% · 4.3s
try  5 · gen   10 · best     20.1 · elite    -25.1 · median    -92.0 · years  46.5 · road 0.34 · starved  1796 · nobles  -6.0 · read 108.6 · walls  6.5 · fell 90.6% (mother 33.4%) · prince  0.1% · king  0.0% · crowned  0.0% · 4.3s
try  6 · gen   10 · best     14.8 · elite    -23.1 · median    -92.1 · years  48.3 · road 0.33 · starved  1798 · nobles  -4.6 · read 115.9 · walls  4.5 · fell 88.5% (mother 27.0%) · prince  0.1% · king  0.0% · crowned  0.0% · 4.3s
try  7 · gen   10 · best     21.5 · elite    -24.9 · median    -93.4 · years  44.6 · road 0.33 · starved  1779 · nobles  -6.8 · read 109.7 · walls  5.8 · fell 93.9% (mother 37.5%) · prince  0.1% · king  0.0% · crowned  0.0% · 4.3s
try  8 · gen   10 · best     41.5 · elite    -30.4 · median    -90.2 · years  44.2 · road 0.36 · starved  1825 · nobles  -7.5 · read 103.5 · walls  5.9 · fell 93.0% (mother 32.4%) · prince  0.1% · king  0.0% · crowned  0.0% · 4.3s
try  1 · gen   11 · best     76.8 · elite    -17.8 · median    -87.0 · years  48.0 · road 0.35 · starved  1809 · nobles  -5.4 · read 111.5 · walls  6.9 · fell 88.2% (mother 31.9%) · prince  0.3% · king  0.1% · crowned  0.0% · 4.3s
try  2 · gen   11 · best     42.0 · elite    -18.4 · median    -86.9 · years  50.4 · road 0.35 · starved  1825 · nobles  -8.0 · read 132.7 · walls  6.6 · fell 88.8% (mother 29.9%) · prince  0.1% · king  0.0% · crowned  0.0% · 4.3s
try  3 · gen   11 · best     47.8 · elite    -20.0 · median    -91.5 · years  42.3 · road 0.34 · starved  1696 · nobles  -5.5 · read 94.8 · walls  6.4 · fell 94.4% (mother 28.9%) · prince  0.4% · king  0.0% · crowned  0.0% · 4.3s
try  4 · gen   11 · best     43.2 · elite    -23.1 · median    -92.8 · years  40.6 · road 0.36 · starved  1766 · nobles  -6.3 · read 88.3 · walls  7.2 · fell 97.5% (mother 39.6%) · prince  0.4% · king  0.1% · crowned  0.0% · 4.3s
try  5 · gen   11 · best     66.0 · elite    -20.3 · median    -97.3 · years  46.1 · road 0.33 · starved  1786 · nobles  -5.8 · read 111.9 · walls  6.2 · fell 90.0% (mother 31.5%) · prince  0.2% · king  0.0% · crowned  0.0% · 4.3s
try  6 · gen   11 · best     31.2 · elite    -22.1 · median    -89.8 · years  48.2 · road 0.34 · starved  1769 · nobles  -4.8 · read 115.0 · walls  4.7 · fell 89.5% (mother 28.5%) · prince  0.2% · king  0.0% · crowned  0.0% · 4.3s
try  7 · gen   11 · best     28.3 · elite    -28.8 · median    -92.0 · years  45.1 · road 0.33 · starved  1779 · nobles  -6.5 · read 111.6 · walls  6.0 · fell 93.9% (mother 37.3%) · prince  0.1% · king  0.0% · crowned  0.0% · 4.3s
try  8 · gen   11 · best     42.9 · elite    -25.6 · median    -92.6 · years  42.2 · road 0.35 · starved  1789 · nobles  -7.0 · read 106.7 · walls  5.5 · fell 94.6% (mother 34.7%) · prince  0.1% · king  0.0% · crowned  0.0% · 4.3s
try  1 · gen   12 · best     24.7 · elite    -16.1 · median    -90.6 · years  47.8 · road 0.35 · starved  1821 · nobles  -5.3 · read 110.5 · walls  7.0 · fell 88.7% (mother 29.4%) · prince  0.4% · king  0.0% · crowned  0.0% · 4.2s
try  2 · gen   12 · best     48.0 · elite    -17.0 · median    -84.5 · years  49.8 · road 0.36 · starved  1789 · nobles  -7.9 · read 129.3 · walls  6.5 · fell 88.7% (mother 28.6%) · prince  0.2% · king  0.0% · crowned  0.0% · 4.2s
try  3 · gen   12 · best     39.0 · elite    -20.6 · median    -87.2 · years  39.3 · road 0.35 · starved  1597 · nobles  -5.7 · read 86.4 · walls  6.0 · fell 95.8% (mother 34.9%) · prince  0.6% · king  0.1% · crowned  0.0% · 4.2s
try  4 · gen   12 · best     70.3 · elite     -9.6 · median    -86.2 · years  39.7 · road 0.37 · starved  1701 · nobles  -7.3 · read 70.1 · walls  8.0 · fell 97.3% (mother 36.5%) · prince  1.2% · king  0.1% · crowned  0.0% · 4.2s
try  5 · gen   12 · best     29.7 · elite    -25.1 · median    -95.3 · years  46.7 · road 0.32 · starved  1769 · nobles  -5.4 · read 114.8 · walls  5.8 · fell 88.7% (mother 31.4%) · prince  0.2% · king  0.0% · crowned  0.0% · 4.2s
try  6 · gen   12 · best     61.0 · elite     -9.9 · median    -86.5 · years  50.0 · road 0.34 · starved  1755 · nobles  -5.2 · read 122.0 · walls  4.7 · fell 86.9% (mother 28.8%) · prince  0.2% · king  0.0% · crowned  0.0% · 4.2s
try  7 · gen   12 · best     10.9 · elite    -28.4 · median    -90.0 · years  45.8 · road 0.33 · starved  1764 · nobles  -6.6 · read 109.7 · walls  6.3 · fell 93.5% (mother 36.8%) · prince  0.1% · king  0.0% · crowned  0.0% · 4.2s
try  8 · gen   12 · best     28.8 · elite    -24.6 · median    -93.8 · years  39.7 · road 0.35 · starved  1709 · nobles  -6.9 · read 102.6 · walls  5.2 · fell 95.5% (mother 36.6%) · prince  0.1% · king  0.0% · crowned  0.0% · 4.2s
try  1 · gen   13 · best    101.6 · elite    -14.1 · median    -85.3 · years  47.9 · road 0.36 · starved  1809 · nobles  -5.9 · read 110.1 · walls  6.9 · fell 88.8% (mother 26.1%) · prince  0.9% · king  0.2% · crowned  0.0% (median year 78) · 4.2s
try  2 · gen   13 · best     31.5 · elite    -18.9 · median    -84.8 · years  49.4 · road 0.36 · starved  1767 · nobles  -8.0 · read 131.1 · walls  6.5 · fell 89.1% (mother 28.8%) · prince  0.2% · king  0.0% · crowned  0.0% · 4.2s
try  3 · gen   13 · best    120.3 · elite    -14.8 · median    -83.6 · years  39.0 · road 0.35 · starved  1561 · nobles  -5.7 · read 87.3 · walls  5.8 · fell 95.8% (mother 36.5%) · prince  0.8% · king  0.1% · crowned  0.0% (median year 91) · 4.2s
try  4 · gen   13 · best    154.4 · elite      0.2 · median    -83.2 · years  40.1 · road 0.39 · starved  1682 · nobles  -8.0 · read 55.4 · walls  8.6 · fell 96.7% (mother 35.7%) · prince  1.9% · king  0.2% · crowned  0.0% (median year 71) · 4.2s
try  5 · gen   13 · best     64.3 · elite    -22.5 · median    -93.4 · years  47.1 · road 0.32 · starved  1745 · nobles  -5.4 · read 120.3 · walls  6.0 · fell 87.9% (mother 30.0%) · prince  0.3% · king  0.0% · crowned  0.0% · 4.2s
try  6 · gen   13 · best     60.6 · elite     -7.3 · median    -84.4 · years  51.2 · road 0.34 · starved  1740 · nobles  -4.9 · read 131.9 · walls  5.1 · fell 84.7% (mother 26.9%) · prince  0.2% · king  0.0% · crowned  0.0% · 4.2s
try  7 · gen   13 · best     20.2 · elite    -24.9 · median    -92.1 · years  46.8 · road 0.34 · starved  1744 · nobles  -7.1 · read 112.1 · walls  6.5 · fell 93.2% (mother 35.5%) · prince  0.1% · king  0.0% · crowned  0.0% · 4.2s
try  8 · gen   13 · best     61.6 · elite    -21.9 · median    -90.3 · years  39.7 · road 0.36 · starved  1697 · nobles  -7.5 · read 105.6 · walls  5.5 · fell 96.1% (mother 35.1%) · prince  0.2% · king  0.0% · crowned  0.0% · 4.2s
try  1 · gen   14 · best    161.7 · elite     -0.9 · median    -83.8 · years  47.7 · road 0.37 · starved  1763 · nobles  -6.2 · read 114.6 · walls  7.1 · fell 90.4% (mother 28.7%) · prince  1.7% · king  0.4% · crowned  0.1% (median year 86) · 4.3s
try  2 · gen   14 · best     69.5 · elite    -11.2 · median    -81.2 · years  49.1 · road 0.36 · starved  1739 · nobles  -7.8 · read 132.6 · walls  6.4 · fell 88.3% (mother 30.1%) · prince  0.6% · king  0.0% · crowned  0.0% (median year 74) · 4.3s
try  3 · gen   14 · best    130.1 · elite     -8.8 · median    -83.0 · years  40.2 · road 0.35 · starved  1573 · nobles  -5.7 · read 88.5 · walls  5.9 · fell 95.0% (mother 35.2%) · prince  1.3% · king  0.2% · crowned  0.0% (median year 92) · 4.3s
try  4 · gen   14 · best    197.6 · elite      7.2 · median    -76.2 · years  40.7 · road 0.39 · starved  1622 · nobles  -8.3 · read 49.0 · walls  8.8 · fell 95.4% (mother 34.9%) · prince  2.2% · king  0.5% · crowned  0.0% (median year 91) · 4.3s
try  5 · gen   14 · best     42.0 · elite    -17.5 · median    -90.9 · years  46.9 · road 0.32 · starved  1717 · nobles  -5.3 · read 121.0 · walls  6.0 · fell 87.4% (mother 27.6%) · prince  0.4% · king  0.0% · crowned  0.0% · 4.3s
try  6 · gen   14 · best     72.7 · elite      1.3 · median    -78.9 · years  56.4 · road 0.35 · starved  1799 · nobles  -5.3 · read 164.3 · walls  5.2 · fell 77.7% (mother 23.8%) · prince  0.4% · king  0.0% · crowned  0.0% · 4.3s
try  7 · gen   14 · best     45.1 · elite    -19.1 · median    -87.7 · years  48.1 · road 0.34 · starved  1750 · nobles  -7.2 · read 114.4 · walls  7.0 · fell 91.6% (mother 34.3%) · prince  0.2% · king  0.0% · crowned  0.0% · 4.3s
try  8 · gen   14 · best     51.5 · elite    -16.3 · median    -87.5 · years  37.9 · road 0.35 · starved  1594 · nobles  -7.8 · read 103.7 · walls  5.2 · fell 96.5% (mother 36.3%) · prince  0.5% · king  0.1% · crowned  0.0% · 4.3s
try  1 · gen   15 · best    190.5 · elite      7.9 · median    -80.3 · years  45.9 · road 0.37 · starved  2071 · nobles  -6.1 · read 109.5 · walls  6.8 · fell 92.0% (mother 31.1%) · prince  2.6% · king  0.7% · crowned  0.1% (median year 82) · 4.3s
try  2 · gen   15 · best     71.0 · elite     -9.8 · median    -82.1 · years  47.5 · road 0.36 · starved  1690 · nobles  -7.2 · read 123.1 · walls  6.1 · fell 89.4% (mother 26.8%) · prince  1.2% · king  0.1% · crowned  0.0% (median year 69) · 4.3s
try  3 · gen   15 · best    434.0 · elite      1.8 · median    -80.0 · years  38.9 · road 0.36 · starved  1533 · nobles  -6.0 · read 85.6 · walls  6.1 · fell 95.6% (mother 34.6%) · prince  2.2% · king  0.4% · crowned  0.1% (median year 81) · 4.3s
try  4 · gen   15 · best    238.8 · elite     19.3 · median    -76.0 · years  40.2 · road 0.39 · starved  1608 · nobles  -7.9 · read 50.9 · walls  8.8 · fell 96.0% (mother 34.1%) · prince  3.1% · king  0.6% · crowned  0.1% (median year 74) · 4.3s
try  5 · gen   15 · best    107.7 · elite    -12.5 · median    -89.8 · years  47.4 · road 0.33 · starved  1714 · nobles  -5.9 · read 124.6 · walls  5.9 · fell 87.5% (mother 28.5%) · prince  0.5% · king  0.0% · crowned  0.0% · 4.3s
try  6 · gen   15 · best     82.9 · elite      5.4 · median    -76.7 · years  59.4 · road 0.34 · starved  1768 · nobles  -5.5 · read 186.6 · walls  5.1 · fell 72.3% (mother 20.6%) · prince  0.3% · king  0.0% · crowned  0.0% · 4.3s
try  7 · gen   15 · best     47.1 · elite    -16.5 · median    -87.3 · years  48.8 · road 0.34 · starved  1745 · nobles  -7.2 · read 113.9 · walls  7.0 · fell 90.4% (mother 33.8%) · prince  0.2% · king  0.0% · crowned  0.0% · 4.3s
try  8 · gen   15 · best     69.7 · elite    -15.0 · median    -84.9 · years  37.0 · road 0.35 · starved  1546 · nobles  -7.9 · read 106.4 · walls  4.8 · fell 96.9% (mother 36.7%) · prince  0.7% · king  0.0% · crowned  0.0% · 4.3s
try  1 · gen   16 · best    169.0 · elite     17.0 · median    -77.0 · years  46.4 · road 0.37 · starved  1716 · nobles  -6.2 · read 106.8 · walls  6.6 · fell 92.2% (mother 31.4%) · prince  3.6% · king  0.9% · crowned  0.2% (median year 79) · 4.3s
try  2 · gen   16 · best    170.5 · elite     -3.4 · median    -82.0 · years  45.7 · road 0.36 · starved  1676 · nobles  -7.2 · read 115.7 · walls  5.7 · fell 91.3% (mother 29.1%) · prince  1.7% · king  0.1% · crowned  0.1% (median year 73) · 4.3s
try  3 · gen   16 · best    221.4 · elite     19.2 · median    -78.0 · years  39.2 · road 0.37 · starved  1555 · nobles  -6.2 · read 85.7 · walls  6.2 · fell 95.2% (mother 36.0%) · prince  3.5% · king  0.7% · crowned  0.2% (median year 86) · 4.3s
try  4 · gen   16 · best    496.6 · elite     34.8 · median    -72.1 · years  39.8 · road 0.38 · starved  1532 · nobles  -7.4 · read 52.0 · walls  8.8 · fell 95.3% (mother 37.9%) · prince  4.2% · king  1.0% · crowned  0.3% (median year 78) · 4.3s
try  5 · gen   16 · best     87.3 · elite     -7.5 · median    -84.4 · years  47.0 · road 0.34 · starved  1676 · nobles  -6.0 · read 120.6 · walls  5.6 · fell 89.4% (mother 29.6%) · prince  1.0% · king  0.1% · crowned  0.0% · 4.3s
try  6 · gen   16 · best     73.2 · elite      9.3 · median    -76.1 · years  61.0 · road 0.34 · starved  1781 · nobles  -6.0 · read 197.1 · walls  5.1 · fell 68.6% (mother 18.1%) · prince  0.3% · king  0.0% · crowned  0.0% · 4.3s
try  7 · gen   16 · best     38.7 · elite    -12.6 · median    -85.3 · years  50.4 · road 0.35 · starved  1755 · nobles  -7.4 · read 119.3 · walls  7.0 · fell 89.0% (mother 30.4%) · prince  0.4% · king  0.0% · crowned  0.0% · 4.3s
try  8 · gen   16 · best     61.2 · elite    -18.2 · median    -85.9 · years  36.4 · road 0.35 · starved  1501 · nobles  -7.9 · read 104.1 · walls  4.9 · fell 97.4% (mother 36.9%) · prince  1.1% · king  0.0% · crowned  0.0% · 4.3s
try  1 · gen   17 · best    545.4 · elite     45.8 · median    -73.6 · years  45.7 · road 0.37 · starved  1694 · nobles  -6.3 · read 103.3 · walls  6.0 · fell 93.3% (mother 30.5%) · prince  5.1% · king  1.9% · crowned  0.6% (median year 73) · 4.2s
try  2 · gen   17 · best    221.2 · elite      0.2 · median    -78.7 · years  44.4 · road 0.36 · starved  1610 · nobles  -7.3 · read 109.4 · walls  5.8 · fell 92.1% (mother 30.4%) · prince  1.9% · king  0.3% · crowned  0.2% (median year 89) · 4.2s
try  3 · gen   17 · best    387.5 · elite     43.9 · median    -74.7 · years  37.9 · road 0.36 · starved  1486 · nobles  -6.1 · read 81.7 · walls  6.2 · fell 96.0% (mother 38.7%) · prince  4.7% · king  1.2% · crowned  0.3% (median year 65) · 4.2s
try  4 · gen   17 · best    446.6 · elite     59.9 · median    -67.9 · years  38.6 · road 0.39 · starved  1492 · nobles  -7.1 · read 47.6 · walls  8.8 · fell 95.5% (mother 34.0%) · prince  5.2% · king  1.8% · crowned  0.6% (median year 67) · 4.2s
try  5 · gen   17 · best     66.3 · elite      0.8 · median    -79.8 · years  47.0 · road 0.34 · starved  1604 · nobles  -6.3 · read 119.8 · walls  5.8 · fell 89.7% (mother 30.0%) · prince  1.2% · king  0.1% · crowned  0.0% (median year 92) · 4.2s
try  6 · gen   17 · best    102.9 · elite     14.6 · median    -75.9 · years  63.1 · road 0.34 · starved  1804 · nobles  -7.1 · read 209.8 · walls  5.1 · fell 65.8% (mother 17.6%) · prince  0.4% · king  0.0% · crowned  0.0% · 4.2s
try  7 · gen   17 · best     60.7 · elite     -7.6 · median    -80.8 · years  50.7 · road 0.35 · starved  1725 · nobles  -7.9 · read 117.0 · walls  7.1 · fell 87.1% (mother 33.8%) · prince  0.7% · king  0.0% · crowned  0.0% · 4.2s
try  8 · gen   17 · best     48.2 · elite    -12.7 · median    -82.4 · years  36.5 · road 0.35 · starved  1441 · nobles  -8.0 · read 104.0 · walls  4.7 · fell 96.8% (mother 39.5%) · prince  1.1% · king  0.1% · crowned  0.0% · 4.2s
try  1 · gen   18 · best    364.0 · elite    108.4 · median    -70.7 · years  43.7 · road 0.36 · starved  1637 · nobles  -5.1 · read 96.1 · walls  5.6 · fell 93.8% (mother 33.6%) · prince  7.7% · king  3.2% · crowned  1.5% (median year 72) · 4.2s
try  2 · gen   18 · best    247.7 · elite      1.6 · median    -76.6 · years  43.4 · road 0.36 · starved  1609 · nobles  -6.7 · read 104.7 · walls  5.8 · fell 93.7% (mother 32.4%) · prince  2.7% · king  0.5% · crowned  0.2% (median year 86) · 4.2s
try  3 · gen   18 · best    366.4 · elite     75.7 · median    -72.6 · years  35.6 · road 0.37 · starved  1435 · nobles  -6.1 · read 77.3 · walls  6.3 · fell 97.2% (mother 45.1%) · prince  5.7% · king  2.0% · crowned  0.8% (median year 68) · 4.2s
try  4 · gen   18 · best    369.4 · elite    109.3 · median    -63.2 · years  38.6 · road 0.39 · starved  1462 · nobles  -6.2 · read 49.4 · walls  8.8 · fell 95.1% (mother 32.3%) · prince  6.9% · king  3.0% · crowned  1.2% (median year 68) · 4.2s
try  5 · gen   18 · best     84.4 · elite      9.9 · median    -75.4 · years  47.7 · road 0.34 · starved  1586 · nobles  -6.4 · read 120.4 · walls  5.8 · fell 87.7% (mother 29.7%) · prince  1.4% · king  0.2% · crowned  0.0% (median year 85) · 4.2s
try  6 · gen   18 · best     71.5 · elite     13.3 · median    -72.7 · years  62.8 · road 0.35 · starved  1785 · nobles  -7.8 · read 202.3 · walls  5.6 · fell 65.0% (mother 19.1%) · prince  0.3% · king  0.0% · crowned  0.0% · 4.2s
try  7 · gen   18 · best     48.4 · elite     -3.3 · median    -79.5 · years  54.0 · road 0.36 · starved  1775 · nobles  -8.7 · read 125.8 · walls  7.2 · fell 82.6% (mother 29.7%) · prince  0.8% · king  0.0% · crowned  0.0% · 4.2s
try  8 · gen   18 · best     87.8 · elite     -8.4 · median    -83.8 · years  35.3 · road 0.34 · starved  1460 · nobles  -7.3 · read 101.6 · walls  4.4 · fell 97.5% (mother 37.2%) · prince  1.8% · king  0.3% · crowned  0.0% · 4.2s
try  1 · gen   19 · best    547.8 · elite    163.6 · median    -67.9 · years  42.5 · road 0.36 · starved  1786 · nobles  -4.1 · read 97.4 · walls  4.7 · fell 94.1% (mother 36.9%) · prince  9.8% · king  4.5% · crowned  2.5% (median year 72) · 4.2s
try  2 · gen   19 · best    311.0 · elite     22.4 · median    -74.2 · years  43.4 · road 0.36 · starved  1616 · nobles  -6.5 · read 104.5 · walls  6.2 · fell 94.8% (mother 36.9%) · prince  3.8% · king  0.8% · crowned  0.4% (median year 76) · 4.2s
try  3 · gen   19 · best    471.6 · elite    116.9 · median    -71.6 · years  34.0 · road 0.37 · starved  1383 · nobles  -5.8 · read 76.4 · walls  6.1 · fell 96.6% (mother 46.8%) · prince  5.7% · king  2.4% · crowned  1.4% (median year 66) · 4.2s
try  4 · gen   19 · best    398.7 · elite    142.0 · median    -61.5 · years  38.5 · road 0.39 · starved  1481 · nobles  -5.5 · read 51.0 · walls  8.7 · fell 94.2% (mother 36.3%) · prince  7.3% · king  3.7% · crowned  1.8% (median year 71) · 4.2s
try  5 · gen   19 · best    112.2 · elite     22.2 · median    -68.7 · years  49.4 · road 0.36 · starved  1535 · nobles  -7.1 · read 123.9 · walls  5.9 · fell 86.4% (mother 29.2%) · prince  2.2% · king  0.3% · crowned  0.1% (median year 94) · 4.2s
try  6 · gen   19 · best     87.0 · elite     18.0 · median    -66.3 · years  65.4 · road 0.36 · starved  1757 · nobles  -9.0 · read 196.6 · walls  6.3 · fell 63.3% (mother 17.8%) · prince  0.1% · king  0.0% · crowned  0.0% · 4.2s
try  7 · gen   19 · best    159.8 · elite      6.6 · median    -72.8 · years  54.2 · road 0.36 · starved  1707 · nobles  -8.9 · read 122.8 · walls  7.3 · fell 79.8% (mother 29.3%) · prince  1.2% · king  0.1% · crowned  0.0% (median year 68) · 4.2s
try  8 · gen   19 · best     75.3 · elite     -0.2 · median    -79.6 · years  35.3 · road 0.34 · starved  1403 · nobles  -7.0 · read 98.1 · walls  4.2 · fell 98.0% (mother 35.7%) · prince  2.8% · king  0.3% · crowned  0.0% · 4.2s
try  1 · gen   20 · best    544.9 · elite    224.2 · median    -70.3 · years  40.8 · road 0.35 · starved  1917 · nobles  -2.7 · read 94.2 · walls  4.5 · fell 93.7% (mother 34.2%) · prince 10.6% · king  6.4% · crowned  4.1% (median year 65) · 4.3s
try  2 · gen   20 · best    476.4 · elite    104.7 · median    -69.3 · years  43.7 · road 0.37 · starved  1595 · nobles  -5.9 · read 103.1 · walls  6.2 · fell 94.0% (mother 34.6%) · prince  5.6% · king  2.3% · crowned  1.4% (median year 77) · 4.3s
try  3 · gen   20 · best    580.6 · elite    169.7 · median    -70.0 · years  33.5 · road 0.37 · starved  1369 · nobles  -5.2 · read 71.9 · walls  6.0 · fell 96.1% (mother 47.2%) · prince  6.4% · king  3.5% · crowned  2.1% (median year 62) · 4.3s
try  4 · gen   20 · best    540.0 · elite    195.8 · median    -60.1 · years  37.8 · road 0.39 · starved  1452 · nobles  -5.2 · read 50.0 · walls  8.8 · fell 94.3% (mother 34.2%) · prince  8.6% · king  5.3% · crowned  2.8% (median year 66) · 4.3s
try  5 · gen   20 · best    207.0 · elite     36.3 · median    -62.9 · years  49.4 · road 0.37 · starved  1495 · nobles  -7.4 · read 119.2 · walls  5.6 · fell 86.8% (mother 31.1%) · prince  3.0% · king  0.8% · crowned  0.2% (median year 91) · 4.3s
try  6 · gen   20 · best     80.3 · elite     25.6 · median    -67.1 · years  66.5 · road 0.37 · starved  1754 · nobles  -9.5 · read 195.8 · walls  6.5 · fell 61.2% (mother 19.1%) · prince  0.0% · king  0.0% · crowned  0.0% · 4.3s
try  7 · gen   20 · best    178.0 · elite      8.6 · median    -72.6 · years  55.9 · road 0.37 · starved  1715 · nobles  -9.2 · read 124.0 · walls  7.2 · fell 77.2% (mother 26.7%) · prince  1.6% · king  0.2% · crowned  0.0% (median year 56) · 4.3s
try  8 · gen   20 · best    253.9 · elite     19.2 · median    -70.1 · years  36.2 · road 0.36 · starved  1361 · nobles  -7.3 · read 93.1 · walls  4.9 · fell 98.4% (mother 35.5%) · prince  4.1% · king  0.9% · crowned  0.1% (median year 58) · 4.3s
try  1 · gen   21 · best    708.5 · elite    237.5 · median    -73.3 · years  39.4 · road 0.35 · starved  1874 · nobles  -1.9 · read 84.0 · walls  5.1 · fell 93.8% (mother 32.1%) · prince  8.8% · king  5.7% · crowned  4.0% (median year 63) · 4.3s
try  2 · gen   21 · best    735.9 · elite    208.0 · median    -65.7 · years  46.8 · road 0.35 · starved  1706 · nobles  -3.6 · read 115.7 · walls  6.0 · fell 91.1% (mother 26.3%) · prince 10.7% · king  6.1% · crowned  3.9% (median year 79) · 4.3s
try  3 · gen   21 · best    560.9 · elite    214.1 · median    -72.5 · years  32.4 · road 0.36 · starved  1351 · nobles  -4.2 · read 71.9 · walls  6.0 · fell 95.9% (mother 45.2%) · prince  7.1% · king  4.6% · crowned  3.1% (median year 60) · 4.3s
try  4 · gen   21 · best    525.6 · elite    207.5 · median    -52.2 · years  38.3 · road 0.40 · starved  1436 · nobles  -4.8 · read 49.4 · walls  8.8 · fell 93.0% (mother 30.3%) · prince  9.8% · king  6.1% · crowned  3.7% (median year 64) · 4.3s
try  5 · gen   21 · best    264.7 · elite     47.6 · median    -57.2 · years  49.5 · road 0.37 · starved  1407 · nobles  -7.3 · read 119.5 · walls  5.5 · fell 85.2% (mother 34.0%) · prince  3.7% · king  1.0% · crowned  0.4% (median year 85) · 4.3s
try  6 · gen   21 · best     77.7 · elite     27.8 · median    -55.4 · years  66.9 · road 0.38 · starved  1704 · nobles -10.3 · read 184.9 · walls  6.6 · fell 62.6% (mother 20.4%) · prince  0.0% · king  0.0% · crowned  0.0% · 4.3s
try  7 · gen   21 · best    540.4 · elite     35.6 · median    -67.5 · years  55.1 · road 0.38 · starved  1683 · nobles  -9.6 · read 118.5 · walls  7.3 · fell 78.8% (mother 27.4%) · prince  2.6% · king  0.6% · crowned  0.2% (median year 73) · 4.3s
try  8 · gen   21 · best    202.3 · elite     26.0 · median    -65.7 · years  35.8 · road 0.36 · starved  1300 · nobles  -6.7 · read 87.5 · walls  4.7 · fell 98.1% (mother 34.6%) · prince  4.9% · king  1.4% · crowned  0.1% (median year 64) · 4.3s
try  1 · gen   22 · best    664.5 · elite    217.8 · median    -70.5 · years  37.6 · road 0.36 · starved  1630 · nobles  -1.1 · read 71.7 · walls  5.9 · fell 94.4% (mother 31.8%) · prince  7.7% · king  4.9% · crowned  3.7% (median year 64) · 4.3s
try  2 · gen   22 · best    670.2 · elite    272.8 · median    -60.7 · years  47.5 · road 0.35 · starved  2782 · nobles  -2.2 · read 120.8 · walls  5.6 · fell 88.8% (mother 23.7%) · prince 13.2% · king  8.2% · crowned  5.7% (median year 78) · 4.3s
try  3 · gen   22 · best    580.7 · elite    256.4 · median    -62.9 · years  33.3 · road 0.37 · starved  1359 · nobles  -3.3 · read 72.9 · walls  5.5 · fell 94.3% (mother 39.8%) · prince  8.7% · king  6.2% · crowned  4.8% (median year 57) · 4.3s
try  4 · gen   22 · best    522.0 · elite    230.8 · median    -47.8 · years  39.0 · road 0.39 · starved  1455 · nobles  -4.5 · read 50.6 · walls  8.8 · fell 92.7% (mother 28.4%) · prince 10.6% · king  7.2% · crowned  4.8% (median year 66) · 4.3s
try  5 · gen   22 · best    405.0 · elite    110.5 · median    -56.0 · years  47.5 · road 0.36 · starved  1352 · nobles  -6.0 · read 111.8 · walls  5.0 · fell 85.4% (mother 36.7%) · prince  4.5% · king  2.2% · crowned  1.3% (median year 83) · 4.3s
try  6 · gen   22 · best    106.3 · elite     31.0 · median    -54.2 · years  64.8 · road 0.39 · starved  1626 · nobles -10.6 · read 167.5 · walls  6.7 · fell 64.6% (mother 22.0%) · prince  0.0% · king  0.0% · crowned  0.0% · 4.3s
try  7 · gen   22 · best    569.2 · elite     55.1 · median    -61.5 · years  52.9 · road 0.38 · starved  1611 · nobles  -9.6 · read 106.3 · walls  7.2 · fell 82.0% (mother 30.8%) · prince  3.9% · king  1.0% · crowned  0.4% (median year 69) · 4.3s
try  8 · gen   22 · best    376.4 · elite     51.3 · median    -63.8 · years  36.2 · road 0.35 · starved  1305 · nobles  -6.4 · read 87.5 · walls  4.7 · fell 97.7% (mother 35.3%) · prince  5.4% · king  1.6% · crowned  0.4% (median year 70) · 4.3s
try  1 · gen   23 · best    956.2 · elite    220.5 · median    -74.4 · years  35.8 · road 0.36 · starved  1642 · nobles  -1.0 · read 66.5 · walls  6.0 · fell 94.7% (mother 31.0%) · prince  7.7% · king  4.7% · crowned  3.7% (median year 62) · 4.3s
try  2 · gen   23 · best    591.7 · elite    262.5 · median    -50.4 · years  46.6 · road 0.35 · starved  1776 · nobles  -1.9 · read 122.0 · walls  5.2 · fell 89.2% (mother 25.6%) · prince 13.9% · king  8.3% · crowned  5.9% (median year 73) · 4.3s
try  3 · gen   23 · best    697.0 · elite    249.2 · median    -64.0 · years  32.6 · road 0.36 · starved  1325 · nobles  -3.2 · read 69.3 · walls  5.1 · fell 94.1% (mother 41.1%) · prince  8.5% · king  6.3% · crowned  5.0% (median year 56) · 4.3s
try  4 · gen   23 · best    775.3 · elite    259.4 · median    -45.0 · years  39.1 · road 0.39 · starved  1424 · nobles  -4.1 · read 50.6 · walls  8.7 · fell 92.3% (mother 32.5%) · prince 11.1% · king  7.1% · crowned  5.0% (median year 62) · 4.3s
try  5 · gen   23 · best    446.3 · elite    118.2 · median    -58.5 · years  43.3 · road 0.36 · starved  1301 · nobles  -5.6 · read 97.2 · walls  4.4 · fell 89.8% (mother 40.4%) · prince  5.6% · king  2.8% · crowned  1.6% (median year 81) · 4.3s
try  6 · gen   23 · best    105.0 · elite     39.7 · median    -45.5 · years  67.6 · road 0.42 · starved  1633 · nobles -11.9 · read 171.1 · walls  6.6 · fell 62.6% (mother 22.2%) · prince  0.1% · king  0.0% · crowned  0.0% · 4.3s
try  7 · gen   23 · best    348.3 · elite     66.5 · median    -58.5 · years  49.2 · road 0.38 · starved  1547 · nobles  -9.0 · read 96.9 · walls  7.0 · fell 88.2% (mother 34.8%) · prince  5.6% · king  1.8% · crowned  0.6% (median year 72) · 4.3s
try  8 · gen   23 · best    371.6 · elite     51.9 · median    -62.5 · years  35.6 · road 0.36 · starved  1234 · nobles  -6.6 · read 81.2 · walls  4.8 · fell 97.9% (mother 38.2%) · prince  5.2% · king  1.9% · crowned  0.4% (median year 65) · 4.3s
try  1 · gen   24 · best    570.4 · elite    200.9 · median    -71.2 · years  35.7 · road 0.37 · starved  1641 · nobles  -1.5 · read 65.0 · walls  6.1 · fell 95.3% (mother 33.5%) · prince  8.2% · king  4.8% · crowned  3.2% (median year 61) · 4.3s
try  2 · gen   24 · best    716.8 · elite    276.7 · median    -50.7 · years  45.5 · road 0.34 · starved  3314 · nobles  -1.8 · read 120.8 · walls  4.8 · fell 90.3% (mother 28.2%) · prince 14.9% · king  9.3% · crowned  6.5% (median year 71) · 4.3s
try  3 · gen   24 · best    635.8 · elite    261.0 · median    -61.7 · years  32.2 · road 0.36 · starved  1328 · nobles  -3.2 · read 66.3 · walls  4.9 · fell 94.1% (mother 41.3%) · prince  9.3% · king  6.4% · crowned  4.9% (median year 54) · 4.3s
try  4 · gen   24 · best    577.0 · elite    281.7 · median    -43.1 · years  40.0 · road 0.40 · starved  1446 · nobles  -4.1 · read 51.9 · walls  8.6 · fell 91.2% (mother 31.8%) · prince 11.9% · king  7.8% · crowned  5.6% (median year 64) · 4.3s
try  5 · gen   24 · best    552.4 · elite    166.8 · median    -55.5 · years  42.0 · road 0.36 · starved  1273 · nobles  -5.3 · read 89.9 · walls  3.8 · fell 91.7% (mother 40.6%) · prince  6.4% · king  3.4% · crowned  2.3% (median year 74) · 4.3s
try  6 · gen   24 · best    117.3 · elite     44.6 · median    -42.7 · years  68.4 · road 0.44 · starved  1635 · nobles -12.8 · read 168.9 · walls  6.7 · fell 62.7% (mother 24.1%) · prince  0.1% · king  0.0% · crowned  0.0% · 4.3s
try  7 · gen   24 · best    520.9 · elite    104.9 · median    -55.7 · years  46.2 · road 0.39 · starved  1457 · nobles  -8.3 · read 84.9 · walls  6.5 · fell 91.2% (mother 34.1%) · prince  6.5% · king  2.5% · crowned  1.0% (median year 70) · 4.3s
try  8 · gen   24 · best    800.1 · elite     86.1 · median    -61.1 · years  35.3 · road 0.36 · starved  1249 · nobles  -6.2 · read 78.1 · walls  4.7 · fell 97.5% (mother 39.2%) · prince  6.2% · king  2.4% · crowned  0.9% (median year 65) · 4.3s
try  1 · gen   25 · best    578.5 · elite    196.9 · median    -71.8 · years  34.3 · road 0.36 · starved  1615 · nobles  -1.6 · read 61.2 · walls  5.8 · fell 95.1% (mother 34.0%) · prince  8.0% · king  5.1% · crowned  3.5% (median year 57) · 4.3s
try  2 · gen   25 · best    671.0 · elite    277.4 · median    -55.9 · years  44.1 · road 0.34 · starved  2911 · nobles  -1.9 · read 115.2 · walls  4.0 · fell 90.1% (mother 27.7%) · prince 14.4% · king  9.0% · crowned  6.1% (median year 70) · 4.3s
try  3 · gen   25 · best    554.5 · elite    256.5 · median    -58.3 · years  31.7 · road 0.36 · starved  1340 · nobles  -3.2 · read 63.9 · walls  5.0 · fell 94.5% (mother 41.4%) · prince  9.7% · king  6.7% · crowned  4.8% (median year 54) · 4.3s
try  4 · gen   25 · best    593.2 · elite    333.6 · median    -32.4 · years  39.4 · road 0.40 · starved  1302 · nobles  -4.0 · read 50.4 · walls  8.6 · fell 91.5% (mother 29.0%) · prince 12.8% · king  8.9% · crowned  6.4% (median year 60) · 4.3s
try  5 · gen   25 · best    481.6 · elite    178.5 · median    -49.4 · years  41.3 · road 0.36 · starved  1269 · nobles  -5.1 · read 81.3 · walls  3.9 · fell 92.1% (mother 38.8%) · prince  7.7% · king  4.8% · crowned  3.2% (median year 71) · 4.3s
try  6 · gen   25 · best    118.9 · elite     49.0 · median    -35.7 · years  68.5 · road 0.44 · starved  1588 · nobles -13.1 · read 173.1 · walls  6.7 · fell 61.4% (mother 23.2%) · prince  0.2% · king  0.0% · crowned  0.0% · 4.3s
try  7 · gen   25 · best    422.7 · elite    110.5 · median    -56.5 · years  42.1 · road 0.38 · starved  1387 · nobles  -7.0 · read 75.2 · walls  6.1 · fell 95.6% (mother 37.6%) · prince  7.8% · king  3.0% · crowned  1.1% (median year 69) · 4.3s
try  8 · gen   25 · best    363.3 · elite    110.5 · median    -56.5 · years  36.3 · road 0.36 · starved  1254 · nobles  -6.1 · read 80.2 · walls  4.9 · fell 97.1% (mother 39.2%) · prince  7.5% · king  2.9% · crowned  1.1% (median year 68) · 4.3s
try  1 · gen   26 · best    567.2 · elite    231.5 · median    -67.6 · years  33.8 · road 0.36 · starved  1571 · nobles  -1.7 · read 58.6 · walls  5.6 · fell 94.8% (mother 35.7%) · prince  9.0% · king  5.4% · crowned  3.8% (median year 56) · 4.3s
try  2 · gen   26 · best    643.2 · elite    285.5 · median    -48.0 · years  44.0 · road 0.35 · starved  1724 · nobles  -2.1 · read 114.3 · walls  4.0 · fell 90.5% (mother 26.7%) · prince 14.7% · king  9.4% · crowned  6.4% (median year 69) · 4.3s
try  3 · gen   26 · best    627.2 · elite    308.2 · median    -60.4 · years  31.1 · road 0.37 · starved  1347 · nobles  -2.7 · read 63.3 · walls  5.1 · fell 93.8% (mother 39.4%) · prince 10.6% · king  8.0% · crowned  5.8% (median year 52) · 4.3s
try  4 · gen   26 · best    750.8 · elite    312.4 · median    -30.7 · years  39.3 · road 0.40 · starved  1387 · nobles  -3.9 · read 51.1 · walls  8.5 · fell 91.3% (mother 28.1%) · prince 13.7% · king  9.5% · crowned  6.7% (median year 58) · 4.3s
try  5 · gen   26 · best    540.8 · elite    196.7 · median    -52.0 · years  40.6 · road 0.36 · starved  1257 · nobles  -5.2 · read 76.6 · walls  3.8 · fell 92.8% (mother 39.2%) · prince  8.3% · king  5.0% · crowned  3.4% (median year 71) · 4.3s
try  6 · gen   26 · best    139.3 · elite     62.7 · median    -30.4 · years  70.7 · road 0.44 · starved  1489 · nobles -13.6 · read 184.5 · walls  6.7 · fell 55.6% (mother 18.8%) · prince  0.2% · king  0.0% · crowned  0.0% · 4.3s
try  7 · gen   26 · best    546.9 · elite    195.9 · median    -53.6 · years  41.6 · road 0.38 · starved  1430 · nobles  -6.2 · read 72.3 · walls  6.0 · fell 94.6% (mother 34.7%) · prince 10.1% · king  4.8% · crowned  2.3% (median year 66) · 4.3s
try  8 · gen   26 · best    363.4 · elite    164.9 · median    -57.1 · years  34.7 · road 0.36 · starved  1234 · nobles  -5.1 · read 77.5 · walls  4.9 · fell 96.3% (mother 39.8%) · prince  7.7% · king  3.6% · crowned  2.2% (median year 65) · 4.3s
try  1 · gen   27 · best    737.9 · elite    231.0 · median    -67.4 · years  33.1 · road 0.36 · starved  1572 · nobles  -1.7 · read 60.0 · walls  5.3 · fell 94.8% (mother 33.9%) · prince  8.6% · king  5.2% · crowned  3.9% (median year 54) · 4.2s
try  2 · gen   27 · best    698.6 · elite    295.1 · median    -44.0 · years  43.0 · road 0.35 · starved  1507 · nobles  -2.1 · read 108.4 · walls  3.7 · fell 90.7% (mother 28.3%) · prince 15.3% · king  9.4% · crowned  6.6% (median year 66) · 4.2s
try  3 · gen   27 · best    767.8 · elite    331.2 · median    -55.0 · years  31.4 · road 0.36 · starved  1324 · nobles  -2.2 · read 61.6 · walls  4.8 · fell 93.1% (mother 36.7%) · prince 11.2% · king  8.4% · crowned  6.4% (median year 51) · 4.2s
try  4 · gen   27 · best    781.5 · elite    331.6 · median    -36.4 · years  38.9 · road 0.40 · starved  1349 · nobles  -3.7 · read 50.2 · walls  8.4 · fell 91.8% (mother 28.6%) · prince 13.1% · king  8.8% · crowned  6.3% (median year 58) · 4.2s
try  5 · gen   27 · best    419.9 · elite    237.4 · median    -48.2 · years  42.4 · road 0.37 · starved  1320 · nobles  -5.4 · read 82.0 · walls  4.0 · fell 92.1% (mother 35.0%) · prince  9.4% · king  6.0% · crowned  4.2% (median year 69) · 4.2s
try  6 · gen   27 · best    137.7 · elite     64.6 · median    -22.3 · years  71.0 · road 0.45 · starved  1401 · nobles -14.0 · read 186.7 · walls  6.6 · fell 55.0% (mother 17.1%) · prince  0.1% · king  0.0% · crowned  0.0% · 4.2s
try  7 · gen   27 · best    557.9 · elite    233.3 · median    -48.6 · years  40.9 · road 0.38 · starved  1352 · nobles  -5.3 · read 74.8 · walls  5.7 · fell 94.3% (mother 36.2%) · prince 12.4% · king  6.6% · crowned  3.6% (median year 66) · 4.2s
try  8 · gen   27 · best    736.3 · elite    207.9 · median    -54.7 · years  34.6 · road 0.36 · starved  1343 · nobles  -4.4 · read 78.1 · walls  4.7 · fell 95.6% (mother 34.7%) · prince  8.8% · king  5.0% · crowned  3.2% (median year 62) · 4.2s
try  1 · gen   28 · best    643.7 · elite    251.7 · median    -70.0 · years  31.6 · road 0.36 · starved  1548 · nobles  -1.7 · read 59.0 · walls  5.0 · fell 94.8% (mother 34.3%) · prince  9.0% · king  6.1% · crowned  4.4% (median year 51) · 4.2s
try  2 · gen   28 · best    750.4 · elite    282.1 · median    -40.4 · years  43.1 · road 0.36 · starved  1940 · nobles  -2.4 · read 110.2 · walls  3.3 · fell 91.6% (mother 29.2%) · prince 16.5% · king  9.6% · crowned  6.1% (median year 64) · 4.2s
try  3 · gen   28 · best    802.9 · elite    336.2 · median    -48.8 · years  31.9 · road 0.37 · starved  1322 · nobles  -1.9 · read 61.9 · walls  4.6 · fell 92.8% (mother 37.2%) · prince 11.9% · king  8.8% · crowned  6.6% (median year 51) · 4.2s
try  4 · gen   28 · best    793.5 · elite    351.7 · median    -23.6 · years  39.4 · road 0.40 · starved  1310 · nobles  -3.5 · read 50.6 · walls  8.4 · fell 90.9% (mother 30.0%) · prince 14.8% · king 10.0% · crowned  7.1% (median year 59) · 4.2s
try  5 · gen   28 · best    572.4 · elite    240.9 · median    -41.2 · years  42.4 · road 0.38 · starved  1260 · nobles  -5.3 · read 77.4 · walls  4.4 · fell 92.2% (mother 38.1%) · prince 10.1% · king  5.8% · crowned  4.1% (median year 68) · 4.2s
try  6 · gen   28 · best    132.7 · elite     72.2 · median    -16.2 · years  73.4 · road 0.46 · starved  1358 · nobles -14.7 · read 190.2 · walls  6.9 · fell 52.8% (mother 17.0%) · prince  0.0% · king  0.0% · crowned  0.0% · 4.2s
try  7 · gen   28 · best    575.8 · elite    237.7 · median    -45.0 · years  39.6 · road 0.37 · starved  1343 · nobles  -4.9 · read 73.5 · walls  4.9 · fell 94.5% (mother 33.9%) · prince 12.4% · king  7.4% · crowned  3.9% (median year 60) · 4.2s
try  8 · gen   28 · best    687.7 · elite    227.0 · median    -52.0 · years  34.2 · road 0.36 · starved  1206 · nobles  -3.9 · read 73.6 · walls  5.0 · fell 94.6% (mother 33.5%) · prince  8.8% · king  5.4% · crowned  3.9% (median year 59) · 4.2s
try  1 · gen   29 · best    656.1 · elite    260.6 · median    -60.4 · years  31.7 · road 0.37 · starved  1524 · nobles  -1.8 · read 58.2 · walls  4.8 · fell 94.4% (mother 35.0%) · prince 10.5% · king  6.3% · crowned  4.8% (median year 50) · 4.4s
try  2 · gen   29 · best    814.1 · elite    326.8 · median    -35.8 · years  42.9 · road 0.36 · starved  2202 · nobles  -1.8 · read 108.3 · walls  3.4 · fell 90.6% (mother 28.6%) · prince 16.6% · king 10.2% · crowned  7.0% (median year 63) · 4.4s
try  3 · gen   29 · best    814.7 · elite    326.3 · median    -50.1 · years  31.2 · road 0.36 · starved  1318 · nobles  -2.3 · read 57.8 · walls  4.7 · fell 92.8% (mother 37.0%) · prince 11.8% · king  8.8% · crowned  6.7% (median year 50) · 4.4s
try  4 · gen   29 · best    604.3 · elite    330.0 · median    -17.1 · years  40.4 · road 0.41 · starved  1312 · nobles  -3.4 · read 51.3 · walls  8.5 · fell 90.3% (mother 30.5%) · prince 16.1% · king 10.5% · crowned  7.7% (median year 56) · 4.4s
try  5 · gen   29 · best    449.6 · elite    218.0 · median    -44.2 · years  42.5 · road 0.38 · starved  1286 · nobles  -4.9 · read 75.6 · walls  4.6 · fell 92.0% (mother 35.8%) · prince  9.6% · king  5.8% · crowned  4.1% (median year 67) · 4.4s
try  6 · gen   29 · best    145.0 · elite     75.6 · median    -10.9 · years  73.2 · road 0.47 · starved  1288 · nobles -14.8 · read 177.7 · walls  6.7 · fell 53.1% (mother 19.0%) · prince  0.0% · king  0.0% · crowned  0.0% · 4.4s
try  7 · gen   29 · best    846.9 · elite    289.3 · median    -36.0 · years  37.7 · road 0.37 · starved  1200 · nobles  -4.6 · read 65.8 · walls  4.0 · fell 94.3% (mother 35.7%) · prince 13.9% · king  7.9% · crowned  4.7% (median year 55) · 4.4s
try  8 · gen   29 · best    788.7 · elite    281.8 · median    -54.8 · years  33.7 · road 0.35 · starved  1206 · nobles  -3.6 · read 73.6 · walls  5.4 · fell 94.3% (mother 31.8%) · prince  9.1% · king  6.5% · crowned  4.7% (median year 53) · 4.4s
try  1 · gen   30 · best    700.1 · elite    308.3 · median    -49.9 · years  31.1 · road 0.37 · starved  1403 · nobles  -1.1 · read 56.7 · walls  4.7 · fell 93.0% (mother 33.4%) · prince 10.9% · king  7.3% · crowned  6.1% (median year 48) · 4.2s
try  2 · gen   30 · best    751.6 · elite    335.0 · median    -39.9 · years  40.7 · road 0.35 · starved  1794 · nobles  -1.6 · read 101.3 · walls  2.9 · fell 91.9% (mother 29.4%) · prince 15.7% · king  9.7% · crowned  6.7% (median year 60) · 4.2s
try  3 · gen   30 · best    754.9 · elite    341.1 · median    -49.6 · years  30.1 · road 0.36 · starved  1329 · nobles  -2.5 · read 56.5 · walls  4.5 · fell 93.3% (mother 37.7%) · prince 11.6% · king  8.4% · crowned  6.5% (median year 48) · 4.2s
try  4 · gen   30 · best    864.1 · elite    377.5 · median    -16.7 · years  40.1 · road 0.41 · starved  1282 · nobles  -2.8 · read 47.7 · walls  8.5 · fell 89.8% (mother 30.9%) · prince 16.6% · king 10.9% · crowned  8.0% (median year 58) · 4.2s
try  5 · gen   30 · best    564.8 · elite    246.5 · median    -35.2 · years  42.4 · road 0.38 · starved  1299 · nobles  -3.9 · read 72.3 · walls  4.6 · fell 92.1% (mother 34.1%) · prince 10.9% · king  6.9% · crowned  5.0% (median year 66) · 4.2s
try  6 · gen   30 · best    149.3 · elite     80.3 · median    -12.2 · years  73.9 · road 0.48 · starved  1341 · nobles -15.1 · read 166.4 · walls  6.6 · fell 52.9% (mother 17.9%) · prince  0.0% · king  0.0% · crowned  0.0% · 4.2s
try  7 · gen   30 · best    811.1 · elite    314.4 · median    -36.3 · years  36.4 · road 0.37 · starved  1201 · nobles  -4.8 · read 63.2 · walls  3.7 · fell 94.6% (mother 35.6%) · prince 14.0% · king  8.6% · crowned  4.9% (median year 50) · 4.2s
try  8 · gen   30 · best    708.1 · elite    262.6 · median    -59.8 · years  32.3 · road 0.34 · starved  1302 · nobles  -3.5 · read 72.5 · walls  5.6 · fell 94.7% (mother 33.7%) · prince  9.2% · king  6.6% · crowned  4.6% (median year 50) · 4.2s
try  1 · gen   31 · best    832.8 · elite    341.4 · median    -51.8 · years  30.2 · road 0.36 · starved  1397 · nobles  -1.2 · read 54.8 · walls  4.4 · fell 93.1% (mother 35.9%) · prince 12.1% · king  7.5% · crowned  6.1% (median year 47) · 4.2s
try  2 · gen   31 · best    759.3 · elite    360.0 · median    -38.5 · years  40.0 · road 0.35 · starved  1542 · nobles  -1.5 · read 96.3 · walls  2.7 · fell 91.4% (mother 29.2%) · prince 16.6% · king 10.2% · crowned  7.3% (median year 57) · 4.2s
try  3 · gen   31 · best    781.7 · elite    363.9 · median    -48.1 · years  29.7 · road 0.36 · starved  1236 · nobles  -2.7 · read 54.6 · walls  4.2 · fell 92.9% (mother 35.8%) · prince 12.1% · king  8.6% · crowned  6.7% (median year 47) · 4.2s
try  4 · gen   31 · best    795.0 · elite    338.2 · median    -24.2 · years  39.6 · road 0.41 · starved  1335 · nobles  -3.0 · read 49.1 · walls  8.4 · fell 90.8% (mother 29.9%) · prince 15.2% · king  9.8% · crowned  7.1% (median year 57) · 4.2s
try  5 · gen   31 · best    591.9 · elite    251.7 · median    -40.1 · years  41.9 · road 0.38 · starved  1351 · nobles  -3.7 · read 69.7 · walls  4.4 · fell 92.6% (mother 32.5%) · prince 10.7% · king  6.5% · crowned  4.7% (median year 63) · 4.2s
try  6 · gen   31 · best    127.3 · elite     71.6 · median    -13.5 · years  73.1 · road 0.48 · starved  1365 · nobles -15.4 · read 151.1 · walls  6.3 · fell 54.3% (mother 17.8%) · prince  0.0% · king  0.0% · crowned  0.0% · 4.2s
try  7 · gen   31 · best    659.1 · elite    303.3 · median    -33.2 · years  35.4 · road 0.37 · starved  1188 · nobles  -5.0 · read 56.6 · walls  3.5 · fell 94.6% (mother 36.0%) · prince 14.7% · king  8.6% · crowned  4.9% (median year 49) · 4.2s
try  8 · gen   31 · best    768.9 · elite    303.9 · median    -54.5 · years  32.5 · road 0.34 · starved  1256 · nobles  -3.4 · read 69.3 · walls  5.5 · fell 94.2% (mother 32.1%) · prince  9.9% · king  7.3% · crowned  5.4% (median year 50) · 4.2s
try  1 · gen   32 · best    494.9 · elite    312.7 · median    -53.1 · years  28.8 · road 0.36 · starved  1350 · nobles  -1.5 · read 52.4 · walls  4.4 · fell 93.6% (mother 38.4%) · prince 11.4% · king  7.6% · crowned  5.8% (median year 45) · 4.2s
try  2 · gen   32 · best    730.7 · elite    352.1 · median    -33.5 · years  40.1 · road 0.36 · starved  3288 · nobles  -1.2 · read 92.4 · walls  2.7 · fell 91.4% (mother 30.0%) · prince 17.2% · king 10.6% · crowned  7.3% (median year 57) · 4.2s
try  3 · gen   32 · best    858.6 · elite    368.8 · median    -42.6 · years  29.6 · road 0.36 · starved  1245 · nobles  -3.1 · read 53.6 · walls  3.5 · fell 92.7% (mother 34.2%) · prince 12.6% · king  9.1% · crowned  7.0% (median year 47) · 4.2s
try  4 · gen   32 · best    699.6 · elite    362.3 · median    -20.4 · years  38.6 · road 0.41 · starved  1386 · nobles  -3.2 · read 43.2 · walls  8.2 · fell 91.1% (mother 33.0%) · prince 16.5% · king 10.1% · crowned  7.4% (median year 57) · 4.2s
try  5 · gen   32 · best    612.8 · elite    273.8 · median    -36.2 · years  41.4 · road 0.38 · starved  1295 · nobles  -2.6 · read 65.9 · walls  4.1 · fell 92.8% (mother 32.1%) · prince 11.6% · king  6.7% · crowned  4.9% (median year 60) · 4.2s
try  6 · gen   32 · best    178.5 · elite     76.4 · median    -14.5 · years  73.1 · road 0.47 · starved  1359 · nobles -15.2 · read 147.9 · walls  6.1 · fell 53.8% (mother 16.6%) · prince  0.0% · king  0.0% · crowned  0.0% · 4.2s
try  7 · gen   32 · best    632.1 · elite    316.6 · median    -37.2 · years  34.7 · road 0.37 · starved  1160 · nobles  -5.1 · read 52.8 · walls  3.0 · fell 94.4% (mother 33.4%) · prince 14.1% · king  8.3% · crowned  5.1% (median year 48) · 4.2s
try  8 · gen   32 · best    627.6 · elite    302.0 · median    -51.9 · years  33.2 · road 0.34 · starved  1205 · nobles  -3.0 · read 69.2 · walls  5.7 · fell 93.7% (mother 30.9%) · prince 10.1% · king  7.5% · crowned  5.8% (median year 53) · 4.2s
try  1 · gen   33 · best    818.3 · elite    332.3 · median    -48.2 · years  29.5 · road 0.37 · starved  1334 · nobles  -2.4 · read 53.6 · walls  4.6 · fell 93.8% (mother 38.4%) · prince 11.9% · king  7.3% · crowned  5.5% (median year 45) · 4.2s
try  2 · gen   33 · best    617.9 · elite    341.0 · median    -35.3 · years  38.9 · road 0.35 · starved  2141 · nobles  -1.0 · read 88.1 · walls  2.5 · fell 91.8% (mother 29.1%) · prince 16.8% · king 10.3% · crowned  7.2% (median year 55) · 4.2s
try  3 · gen   33 · best    739.7 · elite    354.8 · median    -47.1 · years  28.5 · road 0.36 · starved  1269 · nobles  -2.7 · read 51.7 · walls  3.3 · fell 93.2% (mother 34.3%) · prince 11.9% · king  8.6% · crowned  6.5% (median year 45) · 4.2s
try  4 · gen   33 · best    651.7 · elite    366.0 · median    -27.5 · years  37.3 · road 0.40 · starved  1275 · nobles  -2.8 · read 42.2 · walls  8.1 · fell 91.0% (mother 32.5%) · prince 15.7% · king  9.9% · crowned  7.8% (median year 55) · 4.2s
try  5 · gen   33 · best    789.2 · elite    278.7 · median    -34.4 · years  40.8 · road 0.38 · starved  1304 · nobles  -2.2 · read 63.6 · walls  4.0 · fell 91.9% (mother 31.1%) · prince 11.7% · king  7.2% · crowned  5.6% (median year 60) · 4.2s
try  6 · gen   33 · best    146.6 · elite     83.7 · median     -7.6 · years  74.8 · road 0.49 · starved  1331 · nobles -15.7 · read 136.8 · walls  6.0 · fell 53.7% (mother 17.5%) · prince  0.0% · king  0.0% · crowned  0.0% · 4.2s
try  7 · gen   33 · best    707.5 · elite    318.5 · median    -33.8 · years  35.9 · road 0.37 · starved  1195 · nobles  -4.4 · read 53.4 · walls  3.3 · fell 93.9% (mother 33.6%) · prince 15.3% · king  8.9% · crowned  5.5% (median year 51) · 4.2s
try  8 · gen   33 · best    793.6 · elite    297.5 · median    -53.9 · years  32.5 · road 0.34 · starved  1193 · nobles  -2.7 · read 68.1 · walls  5.6 · fell 93.5% (mother 30.6%) · prince 10.0% · king  7.5% · crowned  5.9% (median year 52) · 4.2s
try  1 · gen   34 · best    662.1 · elite    323.9 · median    -41.0 · years  29.9 · road 0.37 · starved  1323 · nobles  -1.9 · read 54.6 · walls  4.5 · fell 93.0% (mother 37.7%) · prince 13.2% · king  8.6% · crowned  6.4% (median year 45) · 4.3s
try  2 · gen   34 · best    778.1 · elite    335.9 · median    -24.7 · years  37.8 · road 0.36 · starved  2661 · nobles  -0.7 · read 81.6 · walls  2.3 · fell 92.0% (mother 30.2%) · prince 18.3% · king 10.7% · crowned  7.4% (median year 53) · 4.3s
try  3 · gen   34 · best    865.7 · elite    389.2 · median    -42.0 · years  28.1 · road 0.36 · starved  1353 · nobles  -2.6 · read 48.6 · walls  3.1 · fell 92.6% (mother 33.9%) · prince 12.3% · king  9.8% · crowned  7.3% (median year 45) · 4.3s
try  4 · gen   34 · best    911.4 · elite    384.2 · median    -22.7 · years  37.6 · road 0.40 · starved  1283 · nobles  -2.6 · read 43.1 · walls  8.1 · fell 90.9% (mother 35.2%) · prince 15.8% · king  9.7% · crowned  7.6% (median year 54) · 4.3s
try  5 · gen   34 · best    559.4 · elite    268.5 · median    -40.4 · years  40.7 · road 0.38 · starved  1351 · nobles  -1.8 · read 57.6 · walls  4.4 · fell 92.2% (mother 28.6%) · prince 11.1% · king  6.5% · crowned  4.8% (median year 59) · 4.3s
try  6 · gen   34 · best    167.6 · elite     86.4 · median     -4.2 · years  73.0 · road 0.48 · starved  1234 · nobles -15.3 · read 123.3 · walls  5.6 · fell 56.3% (mother 19.1%) · prince  0.0% · king  0.0% · crowned  0.0% · 4.3s
try  7 · gen   34 · best    867.0 · elite    332.5 · median    -32.1 · years  35.6 · road 0.37 · starved  1166 · nobles  -4.2 · read 50.7 · walls  3.6 · fell 94.2% (mother 32.7%) · prince 14.9% · king  8.8% · crowned  5.5% (median year 50) · 4.3s
try  8 · gen   34 · best    829.6 · elite    298.2 · median    -52.1 · years  31.5 · road 0.34 · starved  1226 · nobles  -2.7 · read 61.1 · walls  5.3 · fell 93.7% (mother 36.8%) · prince 10.1% · king  7.4% · crowned  5.7% (median year 53) · 4.3s
try  1 · gen   35 · best   1044.8 · elite    339.0 · median    -50.0 · years  29.6 · road 0.37 · starved  1348 · nobles  -2.4 · read 53.8 · walls  4.1 · fell 93.7% (mother 37.1%) · prince 11.8% · king  7.5% · crowned  5.6% (median year 46) · 4.2s
try  2 · gen   35 · best    788.9 · elite    369.4 · median    -19.5 · years  37.0 · road 0.36 · starved  4046 · nobles  -0.4 · read 76.8 · walls  2.3 · fell 91.3% (mother 28.4%) · prince 18.5% · king 11.4% · crowned  7.9% (median year 53) · 4.2s
try  3 · gen   35 · best    702.1 · elite    362.0 · median    -47.2 · years  27.3 · road 0.36 · starved  1296 · nobles  -3.1 · read 48.7 · walls  3.0 · fell 93.0% (mother 35.1%) · prince 11.9% · king  9.2% · crowned  6.8% (median year 44) · 4.2s
try  4 · gen   35 · best    808.2 · elite    365.6 · median    -22.7 · years  35.3 · road 0.40 · starved  1202 · nobles  -3.4 · read 39.6 · walls  7.5 · fell 92.0% (mother 34.3%) · prince 15.6% · king  9.2% · crowned  7.2% (median year 51) · 4.2s
try  5 · gen   35 · best    689.4 · elite    304.1 · median    -33.3 · years  40.7 · road 0.39 · starved  1291 · nobles  -1.6 · read 56.1 · walls  4.3 · fell 92.1% (mother 28.8%) · prince 12.2% · king  7.3% · crowned  5.6% (median year 59) · 4.2s
try  6 · gen   35 · best    161.2 · elite     85.9 · median     -1.4 · years  73.0 · road 0.48 · starved  1166 · nobles -15.4 · read 113.7 · walls  5.8 · fell 56.3% (mother 18.4%) · prince  0.1% · king  0.0% · crowned  0.0% · 4.2s
try  7 · gen   35 · best    679.2 · elite    344.8 · median    -26.0 · years  34.1 · road 0.37 · starved  1135 · nobles  -4.3 · read 48.6 · walls  3.1 · fell 93.9% (mother 33.7%) · prince 15.3% · king  9.1% · crowned  5.8% (median year 48) · 4.2s
try  8 · gen   35 · best    687.6 · elite    324.2 · median    -46.0 · years  31.7 · road 0.34 · starved  1190 · nobles  -2.4 · read 61.3 · walls  5.0 · fell 93.2% (mother 35.6%) · prince 10.8% · king  8.1% · crowned  6.3% (median year 51) · 4.2s
try  1 · gen   36 · best   1042.3 · elite    343.3 · median    -45.7 · years  29.0 · road 0.36 · starved  1321 · nobles  -2.3 · read 50.2 · walls  4.0 · fell 92.8% (mother 35.4%) · prince 11.7% · king  8.2% · crowned  6.6% (median year 45) · 4.3s
try  2 · gen   36 · best    738.3 · elite    367.0 · median    -20.2 · years  37.1 · road 0.36 · starved  2409 · nobles  -0.9 · read 75.6 · walls  2.3 · fell 91.9% (mother 29.5%) · prince 18.4% · king 11.1% · crowned  7.6% (median year 53) · 4.3s
try  3 · gen   36 · best    799.5 · elite    371.1 · median    -46.6 · years  27.2 · road 0.36 · starved  1256 · nobles  -4.6 · read 50.6 · walls  2.9 · fell 93.2% (mother 37.8%) · prince 11.5% · king  9.1% · crowned  6.7% (median year 43) · 4.3s
try  4 · gen   36 · best    634.3 · elite    327.9 · median    -20.0 · years  35.7 · road 0.40 · starved  1170 · nobles  -3.8 · read 39.0 · walls  7.5 · fell 91.8% (mother 34.0%) · prince 15.4% · king  9.4% · crowned  7.0% (median year 52) · 4.3s
try  5 · gen   36 · best    551.7 · elite    278.0 · median    -31.2 · years  39.7 · road 0.38 · starved  1420 · nobles  -1.5 · read 55.9 · walls  4.2 · fell 92.4% (mother 28.5%) · prince 12.1% · king  7.4% · crowned  5.6% (median year 59) · 4.3s
try  6 · gen   36 · best    170.6 · elite     94.7 · median      2.4 · years  73.0 · road 0.48 · starved  1119 · nobles -15.4 · read 113.3 · walls  5.8 · fell 56.2% (mother 17.7%) · prince  0.1% · king  0.0% · crowned  0.0% · 4.3s
try  7 · gen   36 · best    680.9 · elite    337.4 · median    -23.5 · years  34.4 · road 0.38 · starved  1230 · nobles  -4.1 · read 46.9 · walls  3.3 · fell 93.8% (mother 35.6%) · prince 16.0% · king  9.1% · crowned  5.9% (median year 47) · 4.3s
try  8 · gen   36 · best    828.0 · elite    372.1 · median    -48.9 · years  31.4 · road 0.34 · starved  1154 · nobles  -2.0 · read 59.8 · walls  4.8 · fell 92.5% (mother 32.7%) · prince 11.6% · king  8.5% · crowned  7.0% (median year 50) · 4.3s
try  1 · gen   37 · best    721.9 · elite    350.5 · median    -44.4 · years  29.5 · road 0.37 · starved  1286 · nobles  -2.4 · read 48.5 · walls  4.0 · fell 92.8% (mother 34.4%) · prince 12.0% · king  8.1% · crowned  6.4% (median year 47) · 4.4s
try  2 · gen   37 · best    817.7 · elite    356.0 · median    -22.2 · years  36.3 · road 0.35 · starved  2305 · nobles  -0.5 · read 69.3 · walls  2.0 · fell 91.7% (mother 29.8%) · prince 17.5% · king 11.0% · crowned  7.9% (median year 53) · 4.4s
try  3 · gen   37 · best    882.2 · elite    346.0 · median    -43.2 · years  27.3 · road 0.36 · starved  1231 · nobles  -4.2 · read 50.9 · walls  2.5 · fell 93.2% (mother 39.2%) · prince 12.0% · king  9.0% · crowned  6.7% (median year 45) · 4.4s
try  4 · gen   37 · best    809.3 · elite    373.1 · median    -23.1 · years  34.4 · road 0.40 · starved  1132 · nobles  -3.5 · read 38.8 · walls  7.2 · fell 91.9% (mother 35.6%) · prince 15.1% · king  9.6% · crowned  7.2% (median year 50) · 4.4s
try  5 · gen   37 · best    681.3 · elite    298.5 · median    -31.8 · years  39.7 · road 0.38 · starved  1333 · nobles  -1.3 · read 57.4 · walls  4.2 · fell 92.0% (mother 30.6%) · prince 12.2% · king  7.5% · crowned  5.9% (median year 58) · 4.4s
try  6 · gen   37 · best    161.3 · elite     94.6 · median      5.5 · years  71.3 · road 0.48 · starved  1023 · nobles -15.0 · read 105.3 · walls  5.9 · fell 59.0% (mother 20.3%) · prince  0.2% · king  0.0% · crowned  0.0% · 4.4s
try  7 · gen   37 · best    923.0 · elite    382.8 · median    -18.2 · years  34.4 · road 0.38 · starved  1147 · nobles  -3.7 · read 44.6 · walls  3.3 · fell 92.8% (mother 35.3%) · prince 17.1% · king 10.3% · crowned  6.8% (median year 48) · 4.4s
try  8 · gen   37 · best    829.5 · elite    358.6 · median    -43.7 · years  31.3 · road 0.34 · starved  1160 · nobles  -1.2 · read 60.5 · walls  4.0 · fell 92.0% (mother 32.3%) · prince 12.4% · king  8.9% · crowned  7.6% (median year 50) · 4.4s
try  1 · gen   38 · best    777.0 · elite    380.5 · median    -36.0 · years  29.3 · road 0.37 · starved  1274 · nobles  -2.8 · read 46.1 · walls  4.0 · fell 92.4% (mother 35.5%) · prince 13.2% · king  8.7% · crowned  6.7% (median year 45) · 4.5s
try  2 · gen   38 · best    653.5 · elite    353.9 · median    -26.6 · years  36.2 · road 0.35 · starved  2273 · nobles  -0.6 · read 67.6 · walls  1.9 · fell 92.1% (mother 28.1%) · prince 16.6% · king 10.6% · crowned  7.6% (median year 51) · 4.5s
try  3 · gen   38 · best    823.8 · elite    375.0 · median    -40.2 · years  27.1 · road 0.35 · starved  1201 · nobles  -3.4 · read 50.0 · walls  2.4 · fell 92.3% (mother 36.3%) · prince 12.4% · king  9.5% · crowned  7.4% (median year 45) · 4.5s
try  4 · gen   38 · best    839.3 · elite    363.1 · median    -18.6 · years  33.4 · road 0.39 · starved  1152 · nobles  -3.2 · read 35.0 · walls  6.8 · fell 91.7% (mother 34.4%) · prince 15.2% · king  9.9% · crowned  7.7% (median year 48) · 4.5s
try  5 · gen   38 · best    587.2 · elite    292.8 · median    -29.0 · years  39.6 · road 0.39 · starved  1265 · nobles  -1.8 · read 55.0 · walls  4.7 · fell 92.1% (mother 34.0%) · prince 12.9% · king  7.8% · crowned  5.8% (median year 58) · 4.5s
try  6 · gen   38 · best    157.2 · elite     96.3 · median      8.0 · years  70.6 · road 0.48 · starved  1020 · nobles -15.2 · read 97.8 · walls  6.2 · fell 61.8% (mother 24.7%) · prince  0.1% · king  0.0% · crowned  0.0% · 4.5s
try  7 · gen   38 · best    862.5 · elite    409.1 · median    -18.2 · years  34.4 · road 0.39 · starved  1245 · nobles  -4.0 · read 43.1 · walls  3.5 · fell 92.8% (mother 37.1%) · prince 18.1% · king 10.9% · crowned  7.0% (median year 48) · 4.5s
try  8 · gen   38 · best    791.3 · elite    360.7 · median    -44.5 · years  30.9 · road 0.34 · starved  1166 · nobles  -1.6 · read 58.3 · walls  3.8 · fell 92.2% (mother 33.7%) · prince 12.5% · king  8.9% · crowned  7.5% (median year 48) · 4.5s
try  1 · gen   39 · best   1042.9 · elite    412.2 · median    -35.4 · years  29.2 · road 0.37 · starved  1254 · nobles  -2.5 · read 45.7 · walls  3.8 · fell 91.8% (mother 32.6%) · prince 13.2% · king  9.1% · crowned  7.4% (median year 45) · 4.5s
try  2 · gen   39 · best    795.4 · elite    354.3 · median    -20.3 · years  36.0 · road 0.35 · starved  1503 · nobles  -0.9 · read 66.2 · walls  2.0 · fell 92.0% (mother 28.9%) · prince 17.2% · king 11.1% · crowned  7.6% (median year 50) · 4.5s
try  3 · gen   39 · best    905.3 · elite    375.7 · median    -36.4 · years  26.6 · road 0.35 · starved  1252 · nobles  -3.4 · read 49.1 · walls  2.5 · fell 92.6% (mother 38.5%) · prince 13.7% · king  9.9% · crowned  7.2% (median year 44) · 4.5s
try  4 · gen   39 · best    771.9 · elite    369.9 · median    -27.7 · years  32.8 · road 0.39 · starved  1122 · nobles  -3.5 · read 33.2 · walls  6.7 · fell 91.9% (mother 34.8%) · prince 14.3% · king  9.2% · crowned  7.4% (median year 48) · 4.5s
try  5 · gen   39 · best    594.2 · elite    281.6 · median    -31.7 · years  40.0 · road 0.39 · starved  1366 · nobles  -1.7 · read 55.0 · walls  5.3 · fell 91.7% (mother 32.7%) · prince 12.4% · king  7.8% · crowned  5.9% (median year 59) · 4.5s
try  6 · gen   39 · best    159.8 · elite     93.1 · median      9.6 · years  70.7 · road 0.48 · starved  1004 · nobles -15.4 · read 100.4 · walls  6.3 · fell 60.3% (mother 23.6%) · prince  0.2% · king  0.0% · crowned  0.0% · 4.5s
try  7 · gen   39 · best    679.2 · elite    429.3 · median    -12.5 · years  33.7 · road 0.38 · starved  1236 · nobles  -3.0 · read 42.5 · walls  3.1 · fell 91.4% (mother 36.4%) · prince 19.3% · king 12.1% · crowned  8.2% (median year 46) · 4.5s
try  8 · gen   39 · best    838.9 · elite    371.3 · median    -33.1 · years  30.3 · road 0.34 · starved  1135 · nobles  -1.2 · read 53.9 · walls  3.7 · fell 91.8% (mother 33.6%) · prince 13.2% · king  9.6% · crowned  7.9% (median year 49) · 4.5s
try  1 · gen   40 · best   1081.3 · elite    430.8 · median    -26.9 · years  28.7 · road 0.38 · starved  1245 · nobles  -1.9 · read 43.6 · walls  3.6 · fell 90.5% (mother 31.4%) · prince 13.9% · king 10.3% · crowned  8.7% (median year 44) · 4.6s
try  2 · gen   40 · best    796.0 · elite    390.1 · median    -26.2 · years  35.4 · road 0.35 · starved  1472 · nobles  -1.2 · read 64.7 · walls  1.9 · fell 92.1% (mother 29.2%) · prince 16.7% · king 11.5% · crowned  7.7% (median year 49) · 4.6s
try  3 · gen   40 · best    711.1 · elite    371.4 · median    -43.3 · years  26.5 · road 0.35 · starved  1257 · nobles  -3.1 · read 49.7 · walls  2.5 · fell 92.9% (mother 38.4%) · prince 14.0% · king  9.5% · crowned  6.9% (median year 44) · 4.6s
try  4 · gen   40 · best   1003.9 · elite    426.2 · median     -6.7 · years  32.7 · road 0.39 · starved  1117 · nobles  -2.8 · read 32.2 · walls  6.3 · fell 90.8% (mother 31.2%) · prince 16.3% · king 11.1% · crowned  8.7% (median year 46) · 4.6s
try  5 · gen   40 · best    813.8 · elite    315.9 · median    -32.7 · years  40.5 · road 0.39 · starved  1371 · nobles  -1.5 · read 54.3 · walls  5.3 · fell 91.2% (mother 33.1%) · prince 13.4% · king  8.3% · crowned  6.2% (median year 60) · 4.6s
try  6 · gen   40 · best    160.1 · elite    105.9 · median      9.3 · years  71.2 · road 0.48 · starved  1017 · nobles -15.4 · read 97.0 · walls  6.3 · fell 59.7% (mother 22.2%) · prince  0.2% · king  0.0% · crowned  0.0% · 4.6s
try  7 · gen   40 · best    888.7 · elite    446.0 · median     -3.8 · years  33.2 · road 0.38 · starved  1263 · nobles  -2.4 · read 42.8 · walls  2.8 · fell 91.1% (mother 33.8%) · prince 19.8% · king 13.0% · crowned  8.8% (median year 47) · 4.6s
try  8 · gen   40 · best    828.8 · elite    365.4 · median    -38.9 · years  29.0 · road 0.33 · starved  1123 · nobles  -1.5 · read 49.8 · walls  3.4 · fell 92.1% (mother 34.7%) · prince 12.0% · king  8.8% · crowned  7.7% (median year 45) · 4.6s
try  1 · gen   41 · best    671.6 · elite    394.6 · median    -19.3 · years  27.6 · road 0.37 · starved  1227 · nobles  -1.5 · read 41.1 · walls  3.6 · fell 90.9% (mother 34.1%) · prince 14.0% · king 10.3% · crowned  8.5% (median year 44) · 4.5s
try  2 · gen   41 · best    797.8 · elite    393.7 · median    -22.1 · years  34.4 · road 0.35 · starved  1420 · nobles  -0.8 · read 60.6 · walls  2.0 · fell 91.5% (mother 30.1%) · prince 17.3% · king 11.8% · crowned  8.3% (median year 48) · 4.5s
try  3 · gen   41 · best    840.0 · elite    403.8 · median    -35.8 · years  26.2 · road 0.36 · starved  1251 · nobles  -3.0 · read 50.8 · walls  2.7 · fell 92.2% (mother 37.8%) · prince 14.2% · king 10.0% · crowned  7.6% (median year 44) · 4.5s
try  4 · gen   41 · best    844.2 · elite    453.2 · median    -10.8 · years  32.0 · road 0.39 · starved  1070 · nobles  -3.0 · read 29.3 · walls  6.2 · fell 90.6% (mother 31.6%) · prince 15.6% · king 11.3% · crowned  9.0% (median year 45) · 4.5s
try  5 · gen   41 · best    612.2 · elite    341.0 · median    -24.4 · years  41.0 · road 0.40 · starved  1340 · nobles  -1.4 · read 54.9 · walls  5.4 · fell 90.7% (mother 34.8%) · prince 14.7% · king  8.7% · crowned  6.6% (median year 57) · 4.5s
try  6 · gen   41 · best    180.1 · elite    101.4 · median      8.3 · years  69.5 · road 0.48 · starved   963 · nobles -14.8 · read 84.8 · walls  5.9 · fell 62.4% (mother 22.9%) · prince  0.5% · king  0.0% · crowned  0.0% · 4.5s
try  7 · gen   41 · best    864.7 · elite    452.7 · median     -7.2 · years  34.3 · road 0.38 · starved  1337 · nobles  -2.3 · read 43.9 · walls  2.8 · fell 90.7% (mother 36.7%) · prince 20.7% · king 13.2% · crowned  8.9% (median year 47) · 4.5s
try  8 · gen   41 · best    783.1 · elite    359.8 · median    -40.9 · years  29.5 · road 0.33 · starved  1146 · nobles  -1.2 · read 46.6 · walls  3.5 · fell 91.8% (mother 32.7%) · prince 12.1% · king  8.9% · crowned  7.8% (median year 48) · 4.5s
try  1 · gen   42 · best    862.9 · elite    415.1 · median    -21.8 · years  27.3 · road 0.37 · starved  1229 · nobles  -1.4 · read 40.5 · walls  3.5 · fell 90.8% (mother 35.9%) · prince 14.8% · king 10.1% · crowned  8.3% (median year 43) · 4.6s
try  2 · gen   42 · best    803.0 · elite    409.4 · median    -15.3 · years  34.5 · road 0.35 · starved  1732 · nobles  -0.4 · read 62.7 · walls  1.7 · fell 90.6% (mother 30.2%) · prince 17.8% · king 11.8% · crowned  9.0% (median year 48) · 4.6s
try  3 · gen   42 · best    827.3 · elite    412.5 · median    -29.4 · years  25.8 · road 0.36 · starved  1288 · nobles  -2.1 · read 48.4 · walls  2.7 · fell 91.8% (mother 39.8%) · prince 14.7% · king 10.5% · crowned  8.0% (median year 43) · 4.6s
try  4 · gen   42 · best    853.3 · elite    447.5 · median      3.0 · years  32.1 · road 0.39 · starved  1055 · nobles  -2.8 · read 28.7 · walls  5.9 · fell 90.0% (mother 30.2%) · prince 15.7% · king 11.6% · crowned  9.5% (median year 43) · 4.6s
try  5 · gen   42 · best    638.1 · elite    314.3 · median    -18.9 · years  40.3 · road 0.39 · starved  1335 · nobles  -2.1 · read 52.9 · walls  5.4 · fell 90.7% (mother 35.8%) · prince 14.9% · king  9.7% · crowned  7.2% (median year 58) · 4.6s
try  6 · gen   42 · best    189.0 · elite    104.8 · median     11.2 · years  68.9 · road 0.48 · starved   972 · nobles -15.0 · read 77.5 · walls  6.1 · fell 63.7% (mother 24.8%) · prince  1.0% · king  0.0% · crowned  0.0% · 4.6s
try  7 · gen   42 · best    901.1 · elite    483.7 · median      2.8 · years  34.1 · road 0.39 · starved  1283 · nobles  -2.0 · read 42.7 · walls  2.7 · fell 90.0% (mother 34.3%) · prince 21.6% · king 14.1% · crowned  9.8% (median year 45) · 4.6s
try  8 · gen   42 · best    810.4 · elite    344.2 · median    -41.7 · years  28.6 · road 0.32 · starved  1099 · nobles  -1.3 · read 45.3 · walls  3.3 · fell 92.1% (mother 34.0%) · prince 12.0% · king  9.0% · crowned  7.7% (median year 49) · 4.6s
try  1 · gen   43 · best    795.3 · elite    429.6 · median    -15.9 · years  27.1 · road 0.37 · starved  1196 · nobles  -1.9 · read 38.7 · walls  3.7 · fell 90.5% (mother 34.8%) · prince 14.6% · king 10.8% · crowned  8.8% (median year 43) · 4.7s
try  2 · gen   43 · best    810.1 · elite    395.2 · median    -17.1 · years  32.8 · road 0.34 · starved  1523 · nobles  -0.4 · read 57.4 · walls  1.7 · fell 91.4% (mother 30.8%) · prince 17.5% · king 11.6% · crowned  8.4% (median year 46) · 4.7s
try  3 · gen   43 · best    936.0 · elite    438.6 · median    -19.2 · years  25.8 · road 0.37 · starved  1207 · nobles  -1.7 · read 48.4 · walls  2.6 · fell 91.3% (mother 36.2%) · prince 14.9% · king 10.8% · crowned  8.6% (median year 41) · 4.7s
try  4 · gen   43 · best    870.6 · elite    444.4 · median     25.1 · years  32.0 · road 0.40 · starved  1052 · nobles  -2.7 · read 28.3 · walls  5.8 · fell 89.2% (mother 32.0%) · prince 17.2% · king 12.9% · crowned 10.4% (median year 43) · 4.7s
try  5 · gen   43 · best    569.3 · elite    306.0 · median    -26.9 · years  39.9 · road 0.39 · starved  1336 · nobles  -2.1 · read 54.0 · walls  5.3 · fell 91.3% (mother 38.1%) · prince 14.7% · king  8.9% · crowned  6.4% (median year 58) · 4.7s
try  6 · gen   43 · best    244.8 · elite    105.7 · median     13.9 · years  68.6 · road 0.48 · starved   924 · nobles -15.1 · read 73.3 · walls  6.2 · fell 64.2% (mother 24.9%) · prince  0.7% · king  0.0% · crowned  0.0% · 4.7s
try  7 · gen   43 · best    885.8 · elite    480.3 · median     50.7 · years  33.7 · road 0.39 · starved  1280 · nobles  -1.8 · read 43.8 · walls  2.7 · fell 88.7% (mother 37.2%) · prince 22.8% · king 15.0% · crowned 11.1% (median year 45) · 4.7s
try  8 · gen   43 · best    583.9 · elite    346.5 · median    -43.1 · years  28.0 · road 0.32 · starved  1146 · nobles  -1.1 · read 42.4 · walls  3.2 · fell 92.3% (mother 33.0%) · prince 11.6% · king  8.5% · crowned  7.3% (median year 48) · 4.7s
try  1 · gen   44 · best    837.1 · elite    412.5 · median    -23.7 · years  27.5 · road 0.38 · starved  1230 · nobles  -1.8 · read 39.3 · walls  3.7 · fell 91.0% (mother 37.7%) · prince 13.8% · king 10.3% · crowned  8.2% (median year 45) · 4.8s
try  2 · gen   44 · best    835.6 · elite    418.0 · median    -23.2 · years  32.4 · road 0.34 · starved  1510 · nobles  -0.4 · read 57.2 · walls  1.5 · fell 91.2% (mother 34.0%) · prince 18.4% · king 11.6% · crowned  8.6% (median year 46) · 4.8s
try  3 · gen   44 · best    835.8 · elite    471.0 · median    -26.6 · years  26.0 · road 0.37 · starved  1256 · nobles  -1.2 · read 47.8 · walls  2.6 · fell 90.9% (mother 34.1%) · prince 15.5% · king 11.2% · crowned  8.9% (median year 44) · 4.8s
try  4 · gen   44 · best    839.5 · elite    451.7 · median      5.9 · years  32.2 · road 0.39 · starved  1101 · nobles  -3.0 · read 29.7 · walls  5.8 · fell 90.0% (mother 32.1%) · prince 17.2% · king 12.3% · crowned  9.6% (median year 43) · 4.8s
try  5 · gen   44 · best    584.8 · elite    317.1 · median    -25.4 · years  40.1 · road 0.40 · starved  1388 · nobles  -2.6 · read 52.1 · walls  5.8 · fell 91.5% (mother 40.2%) · prince 14.9% · king  9.1% · crowned  6.5% (median year 58) · 4.8s
try  6 · gen   44 · best    174.9 · elite    113.5 · median     16.5 · years  69.1 · road 0.48 · starved   873 · nobles -15.1 · read 75.3 · walls  5.9 · fell 62.1% (mother 22.1%) · prince  0.8% · king  0.0% · crowned  0.0% · 4.8s
try  7 · gen   44 · best   1012.5 · elite    485.0 · median     27.1 · years  33.2 · road 0.39 · starved  1323 · nobles  -1.6 · read 43.9 · walls  2.6 · fell 89.3% (mother 36.1%) · prince 22.6% · king 15.4% · crowned 10.5% (median year 44) · 4.8s
try  8 · gen   44 · best    801.8 · elite    390.2 · median    -41.0 · years  27.0 · road 0.32 · starved  1080 · nobles  -0.8 · read 38.7 · walls  3.0 · fell 91.8% (mother 33.8%) · prince 12.2% · king  9.7% · crowned  8.0% (median year 45) · 4.8s
try  1 · gen   45 · best    850.0 · elite    412.9 · median    -25.8 · years  26.8 · road 0.38 · starved  1252 · nobles  -1.9 · read 38.8 · walls  3.6 · fell 90.7% (mother 38.5%) · prince 14.8% · king 10.4% · crowned  8.5% (median year 44) · 4.7s
try  2 · gen   45 · best    931.5 · elite    427.2 · median    -13.7 · years  32.3 · road 0.34 · starved  1695 · nobles  -0.3 · read 58.7 · walls  1.4 · fell 90.4% (mother 32.1%) · prince 18.9% · king 12.7% · crowned  9.5% (median year 44) · 4.7s
try  3 · gen   45 · best    864.6 · elite    468.9 · median    -17.3 · years  26.9 · road 0.38 · starved  1246 · nobles  -1.3 · read 48.1 · walls  2.6 · fell 90.7% (mother 33.3%) · prince 16.1% · king 11.4% · crowned  9.2% (median year 44) · 4.7s
try  4 · gen   45 · best    891.3 · elite    443.5 · median      6.1 · years  32.3 · road 0.39 · starved  1146 · nobles  -2.9 · read 30.2 · walls  5.8 · fell 89.8% (mother 34.7%) · prince 17.6% · king 12.6% · crowned  9.5% (median year 43) · 4.7s
try  5 · gen   45 · best    703.0 · elite    300.0 · median    -23.9 · years  39.5 · road 0.40 · starved  1363 · nobles  -2.8 · read 48.7 · walls  5.7 · fell 91.8% (mother 42.3%) · prince 14.6% · king  8.8% · crowned  6.3% (median year 57) · 4.7s
try  6 · gen   45 · best    179.7 · elite    107.4 · median     16.8 · years  69.1 · road 0.48 · starved   840 · nobles -15.1 · read 72.0 · walls  6.3 · fell 62.3% (mother 21.2%) · prince  0.6% · king  0.0% · crowned  0.0% · 4.7s
try  7 · gen   45 · best    882.0 · elite    496.3 · median     65.5 · years  32.5 · road 0.39 · starved  1278 · nobles  -1.1 · read 42.9 · walls  2.6 · fell 88.2% (mother 37.2%) · prince 23.9% · king 16.2% · crowned 11.6% (median year 43) · 4.7s
try  8 · gen   45 · best    644.6 · elite    353.2 · median    -46.2 · years  26.6 · road 0.32 · starved  1160 · nobles  -1.2 · read 38.5 · walls  2.7 · fell 92.2% (mother 34.3%) · prince 11.7% · king  8.9% · crowned  7.6% (median year 46) · 4.7s
try  1 · gen   46 · best    908.6 · elite    426.0 · median     -7.8 · years  26.7 · road 0.38 · starved  1266 · nobles  -1.0 · read 39.5 · walls  3.5 · fell 90.3% (mother 38.8%) · prince 15.5% · king 11.2% · crowned  9.2% (median year 44) · 4.6s
try  2 · gen   46 · best    845.1 · elite    431.1 · median     -2.2 · years  31.9 · road 0.33 · starved  1369 · nobles  +0.3 · read 60.6 · walls  1.5 · fell 89.8% (mother 31.9%) · prince 19.2% · king 13.2% · crowned 10.0% (median year 45) · 4.6s
try  3 · gen   46 · best    736.6 · elite    489.2 · median     -2.6 · years  27.0 · road 0.38 · starved  1162 · nobles  -0.8 · read 45.3 · walls  2.6 · fell 89.9% (mother 30.2%) · prince 17.5% · king 12.4% · crowned 10.1% (median year 44) · 4.6s
try  4 · gen   46 · best    791.6 · elite    449.9 · median      1.8 · years  32.3 · road 0.39 · starved  1168 · nobles  -2.4 · read 33.9 · walls  5.7 · fell 90.2% (mother 32.7%) · prince 18.1% · king 12.8% · crowned  9.6% (median year 45) · 4.6s
try  5 · gen   46 · best    648.6 · elite    274.9 · median    -25.2 · years  40.8 · road 0.41 · starved  1390 · nobles  -2.6 · read 48.5 · walls  6.0 · fell 92.3% (mother 40.6%) · prince 14.7% · king  8.1% · crowned  5.7% (median year 58) · 4.6s
try  6 · gen   46 · best    153.1 · elite    101.7 · median     18.0 · years  69.7 · road 0.49 · starved   849 · nobles -15.2 · read 77.9 · walls  6.6 · fell 60.6% (mother 22.0%) · prince  0.4% · king  0.0% · crowned  0.0% · 4.6s
try  7 · gen   46 · best   1077.4 · elite    548.1 · median     41.5 · years  32.8 · road 0.40 · starved  1397 · nobles  -1.1 · read 39.9 · walls  2.7 · fell 87.9% (mother 36.3%) · prince 24.6% · king 16.6% · crowned 12.0% (median year 42) · 4.6s
try  8 · gen   46 · best   1091.3 · elite    369.3 · median    -46.4 · years  27.4 · road 0.32 · starved  1136 · nobles  -1.4 · read 39.1 · walls  2.9 · fell 92.6% (mother 35.2%) · prince 11.6% · king  8.8% · crowned  7.2% (median year 46) · 4.6s
try  1 · gen   47 · best    896.3 · elite    433.8 · median    -15.7 · years  26.9 · road 0.38 · starved  1261 · nobles  -0.7 · read 37.9 · walls  3.5 · fell 90.3% (mother 37.6%) · prince 15.1% · king 10.9% · crowned  8.9% (median year 42) · 4.7s
try  2 · gen   47 · best    879.3 · elite    421.7 · median     21.8 · years  32.1 · road 0.33 · starved  1402 · nobles  +0.5 · read 63.7 · walls  1.4 · fell 89.4% (mother 31.6%) · prince 18.7% · king 13.3% · crowned 10.5% (median year 44) · 4.7s
try  3 · gen   47 · best    922.6 · elite    495.3 · median     16.5 · years  27.8 · road 0.39 · starved  1157 · nobles  +0.0 · read 44.5 · walls  2.6 · fell 89.1% (mother 28.7%) · prince 19.0% · king 13.0% · crowned 10.8% (median year 45) · 4.7s
try  4 · gen   47 · best    863.8 · elite    479.3 · median      6.9 · years  31.9 · road 0.38 · starved  1156 · nobles  -2.1 · read 35.5 · walls  5.6 · fell 89.6% (mother 33.7%) · prince 18.6% · king 13.0% · crowned 10.2% (median year 43) · 4.7s
try  5 · gen   47 · best    595.0 · elite    287.8 · median    -25.7 · years  41.3 · road 0.41 · starved  1426 · nobles  -2.5 · read 45.7 · walls  6.1 · fell 92.8% (mother 42.0%) · prince 14.0% · king  7.4% · crowned  5.3% (median year 59) · 4.7s
try  6 · gen   47 · best    226.1 · elite    111.2 · median     18.3 · years  69.8 · road 0.49 · starved   858 · nobles -15.2 · read 77.0 · walls  6.9 · fell 61.4% (mother 24.4%) · prince  0.7% · king  0.0% · crowned  0.0% · 4.7s
try  7 · gen   47 · best    916.4 · elite    546.7 · median     82.9 · years  32.4 · road 0.40 · starved  1366 · nobles  -0.6 · read 39.7 · walls  2.5 · fell 87.5% (mother 33.3%) · prince 25.0% · king 17.0% · crowned 12.4% (median year 42) · 4.7s
try  8 · gen   47 · best    963.2 · elite    396.8 · median    -46.6 · years  27.0 · road 0.32 · starved  1065 · nobles  -1.3 · read 36.2 · walls  2.8 · fell 92.0% (mother 36.0%) · prince 12.3% · king  9.4% · crowned  7.7% (median year 46) · 4.7s
try  1 · gen   48 · best    707.8 · elite    467.2 · median    -13.4 · years  26.2 · road 0.38 · starved  1260 · nobles  -0.9 · read 36.4 · walls  3.5 · fell 89.6% (mother 39.8%) · prince 15.8% · king 11.9% · crowned  9.9% (median year 42) · 5.0s
try  2 · gen   48 · best    886.1 · elite    441.2 · median     -6.1 · years  31.5 · road 0.33 · starved  1344 · nobles  +0.1 · read 64.1 · walls  1.4 · fell 89.8% (mother 33.7%) · prince 18.5% · king 13.1% · crowned 10.1% (median year 43) · 5.0s
try  3 · gen   48 · best   1097.2 · elite    509.9 · median     52.1 · years  27.2 · road 0.39 · starved  1088 · nobles  -0.5 · read 43.0 · walls  2.5 · fell 89.0% (mother 28.8%) · prince 18.8% · king 13.6% · crowned 11.0% (median year 44) · 5.0s
try  4 · gen   48 · best    891.3 · elite    494.6 · median     22.9 · years  32.0 · road 0.39 · starved  1165 · nobles  -1.9 · read 35.6 · walls  5.6 · fell 89.1% (mother 34.9%) · prince 20.3% · king 14.1% · crowned 10.7% (median year 42) · 5.0s
try  5 · gen   48 · best    722.8 · elite    297.4 · median    -24.6 · years  41.3 · road 0.41 · starved  1437 · nobles  -2.1 · read 45.8 · walls  6.0 · fell 92.5% (mother 41.6%) · prince 14.8% · king  8.1% · crowned  5.5% (median year 56) · 5.0s
try  6 · gen   48 · best    242.6 · elite    112.1 · median     20.9 · years  69.9 · road 0.49 · starved   846 · nobles -15.3 · read 78.7 · walls  6.8 · fell 61.7% (mother 24.6%) · prince  0.8% · king  0.1% · crowned  0.0% (median year 81) · 5.0s
try  7 · gen   48 · best   1103.8 · elite    598.9 · median     82.4 · years  31.9 · road 0.39 · starved  1299 · nobles  -0.3 · read 39.7 · walls  2.2 · fell 86.8% (mother 33.3%) · prince 26.2% · king 18.3% · crowned 12.9% (median year 41) · 5.0s
try  8 · gen   48 · best    807.0 · elite    414.0 · median    -34.5 · years  27.2 · road 0.32 · starved  1120 · nobles  -1.3 · read 35.1 · walls  2.7 · fell 91.3% (mother 34.2%) · prince 13.1% · king 10.3% · crowned  8.5% (median year 44) · 5.0s
try  1 · gen   49 · best    871.5 · elite    436.3 · median    -17.0 · years  26.5 · road 0.38 · starved  1281 · nobles  -1.5 · read 36.5 · walls  3.5 · fell 90.4% (mother 40.2%) · prince 16.0% · king 10.9% · crowned  9.0% (median year 40) · 5.2s
try  2 · gen   49 · best    831.8 · elite    444.8 · median     -7.6 · years  32.1 · road 0.33 · starved  1462 · nobles  +0.4 · read 68.5 · walls  1.4 · fell 89.5% (mother 33.7%) · prince 20.0% · king 13.7% · crowned 10.5% (median year 44) · 5.2s
try  3 · gen   49 · best    920.1 · elite    508.7 · median     82.8 · years  26.3 · road 0.39 · starved  1045 · nobles  +0.0 · read 40.0 · walls  2.3 · fell 88.1% (mother 27.5%) · prince 18.9% · king 13.9% · crowned 11.9% (median year 43) · 5.2s
try  4 · gen   49 · best    843.7 · elite    453.4 · median     24.0 · years  32.0 · road 0.39 · starved  1201 · nobles  -1.9 · read 37.6 · walls  5.6 · fell 89.6% (mother 36.3%) · prince 20.6% · king 13.8% · crowned 10.3% (median year 43) · 5.2s
try  5 · gen   49 · best    780.3 · elite    296.5 · median    -24.8 · years  40.6 · road 0.40 · starved  1879 · nobles  -2.1 · read 45.6 · walls  6.0 · fell 92.5% (mother 40.5%) · prince 15.3% · king  8.2% · crowned  5.7% (median year 55) · 5.2s
try  6 · gen   49 · best    173.5 · elite    112.5 · median     21.2 · years  68.8 · road 0.49 · starved   856 · nobles -15.2 · read 66.9 · walls  6.8 · fell 63.8% (mother 25.7%) · prince  1.1% · king  0.1% · crowned  0.0% · 5.2s
try  7 · gen   49 · best    941.1 · elite    562.9 · median     97.4 · years  31.1 · road 0.39 · starved  1243 · nobles  +0.3 · read 35.8 · walls  1.9 · fell 86.7% (mother 33.7%) · prince 25.7% · king 17.1% · crowned 12.9% (median year 41) · 5.2s
try  8 · gen   49 · best    836.9 · elite    431.3 · median    -34.5 · years  27.0 · road 0.32 · starved  1115 · nobles  -1.1 · read 33.7 · walls  2.5 · fell 91.1% (mother 33.6%) · prince 13.8% · king 10.6% · crowned  8.7% (median year 44) · 5.2s
try  1 · gen   50 · best    956.8 · elite    481.6 · median     -1.5 · years  26.7 · road 0.39 · starved  1304 · nobles  -1.4 · read 36.7 · walls  3.7 · fell 89.4% (mother 39.9%) · prince 17.6% · king 12.1% · crowned  9.9% (median year 40) · 5.5s
try  2 · gen   50 · best    858.1 · elite    461.9 · median      5.4 · years  31.4 · road 0.34 · starved  1615 · nobles  +0.3 · read 65.5 · walls  1.5 · fell 89.2% (mother 34.0%) · prince 19.9% · king 14.0% · crowned 10.8% (median year 43) · 5.5s
try  3 · gen   50 · best   1401.4 · elite    529.4 · median     20.1 · years  25.4 · road 0.38 · starved  1020 · nobles  -0.5 · read 36.8 · walls  2.2 · fell 89.0% (mother 28.1%) · prince 18.6% · king 13.1% · crowned 10.9% (median year 38) · 5.5s
try  4 · gen   50 · best   1050.3 · elite    524.6 · median     44.8 · years  31.7 · road 0.38 · starved  1193 · nobles  -0.8 · read 40.1 · walls  5.3 · fell 88.2% (mother 36.7%) · prince 21.0% · king 15.1% · crowned 11.6% (median year 43) · 5.5s
try  5 · gen   50 · best    576.2 · elite    289.4 · median    -29.2 · years  41.0 · road 0.41 · starved  2147 · nobles  -2.1 · read 44.2 · walls  5.9 · fell 92.9% (mother 43.3%) · prince 15.8% · king  8.4% · crowned  5.3% (median year 58) · 5.5s
try  6 · gen   50 · best    178.3 · elite    114.2 · median     21.5 · years  68.8 · road 0.50 · starved   876 · nobles -15.3 · read 67.6 · walls  7.1 · fell 62.7% (mother 26.1%) · prince  1.5% · king  0.1% · crowned  0.0% · 5.5s
try  7 · gen   50 · best   1107.2 · elite    584.4 · median    134.2 · years  31.1 · road 0.40 · starved  1234 · nobles  +0.0 · read 36.6 · walls  1.9 · fell 85.7% (mother 33.9%) · prince 26.6% · king 18.5% · crowned 13.9% (median year 39) · 5.5s
try  8 · gen   50 · best    674.9 · elite    452.7 · median    -19.1 · years  26.2 · road 0.32 · starved  1128 · nobles  -1.1 · read 31.7 · walls  2.3 · fell 90.5% (mother 31.8%) · prince 14.6% · king 12.1% · crowned  9.4% (median year 41) · 5.5s
try  1 · gen   51 · best   1023.0 · elite    460.5 · median     20.7 · years  25.1 · road 0.38 · starved  1222 · nobles  -1.1 · read 32.8 · walls  3.6 · fell 89.2% (mother 40.5%) · prince 17.2% · king 12.4% · crowned 10.4% (median year 39) · 5.8s
try  2 · gen   51 · best    908.3 · elite    475.9 · median     17.3 · years  31.1 · road 0.34 · starved  1612 · nobles  +0.4 · read 63.3 · walls  1.8 · fell 88.8% (mother 34.5%) · prince 20.2% · king 14.5% · crowned 11.1% (median year 42) · 5.8s
try  3 · gen   51 · best    937.0 · elite    551.7 · median     53.1 · years  23.9 · road 0.38 · starved   928 · nobles  -0.4 · read 31.2 · walls  2.2 · fell 88.4% (mother 26.8%) · prince 18.7% · king 13.7% · crowned 11.6% (median year 37) · 5.8s
try  4 · gen   51 · best    817.2 · elite    509.5 · median     33.8 · years  31.8 · road 0.39 · starved  1224 · nobles  -1.3 · read 41.7 · walls  5.5 · fell 88.4% (mother 37.0%) · prince 20.8% · king 15.1% · crowned 11.3% (median year 42) · 5.8s
try  5 · gen   51 · best    910.1 · elite    288.2 · median    -25.4 · years  41.1 · road 0.41 · starved  1723 · nobles  -1.8 · read 44.9 · walls  5.7 · fell 92.6% (mother 43.2%) · prince 15.4% · king  8.2% · crowned  5.4% (median year 56) · 5.8s
try  6 · gen   51 · best    206.2 · elite    116.3 · median     24.1 · years  69.2 · road 0.49 · starved   795 · nobles -15.3 · read 58.8 · walls  6.9 · fell 62.2% (mother 21.6%) · prince  1.4% · king  0.1% · crowned  0.0% · 5.8s
try  7 · gen   51 · best   1085.1 · elite    588.5 · median    115.8 · years  30.5 · road 0.39 · starved  1247 · nobles  -0.2 · read 35.2 · walls  1.6 · fell 86.2% (mother 34.7%) · prince 26.7% · king 18.0% · crowned 13.4% (median year 39) · 5.8s
try  8 · gen   51 · best   1062.8 · elite    450.8 · median    -32.7 · years  27.0 · road 0.33 · starved  1051 · nobles  -1.8 · read 31.3 · walls  2.3 · fell 91.4% (mother 32.2%) · prince 14.0% · king 11.2% · crowned  8.4% (median year 43) · 5.8s
try  1 · gen   52 · best    927.6 · elite    491.7 · median     22.2 · years  24.6 · road 0.38 · starved  1203 · nobles  -0.7 · read 32.8 · walls  3.6 · fell 88.8% (mother 40.0%) · prince 17.5% · king 13.0% · crowned 10.7% (median year 38) · 5.3s
try  2 · gen   52 · best    875.9 · elite    462.4 · median     28.5 · years  30.7 · road 0.35 · starved  1489 · nobles  +0.1 · read 60.0 · walls  2.1 · fell 88.8% (mother 36.0%) · prince 20.1% · king 14.1% · crowned 11.2% (median year 42) · 5.3s
try  3 · gen   52 · best   1149.8 · elite    549.3 · median    120.7 · years  23.1 · road 0.38 · starved   894 · nobles  +0.1 · read 27.2 · walls  2.1 · fell 87.4% (mother 25.5%) · prince 19.5% · king 14.6% · crowned 12.6% (median year 35) · 5.3s
try  4 · gen   52 · best   1066.9 · elite    481.9 · median     20.1 · years  31.2 · road 0.39 · starved  1192 · nobles  -2.1 · read 40.0 · walls  5.5 · fell 89.5% (mother 40.0%) · prince 20.7% · king 14.4% · crowned 10.3% (median year 42) · 5.3s
try  5 · gen   52 · best    578.6 · elite    276.1 · median    -25.8 · years  40.9 · road 0.41 · starved  1920 · nobles  -2.1 · read 43.3 · walls  5.8 · fell 93.4% (mother 43.8%) · prince 16.7% · king  8.0% · crowned  5.1% (median year 57) · 5.3s
try  6 · gen   52 · best    267.7 · elite    119.6 · median     23.0 · years  68.8 · road 0.49 · starved   796 · nobles -15.4 · read 50.3 · walls  6.9 · fell 63.3% (mother 23.3%) · prince  1.3% · king  0.1% · crowned  0.0% (median year 76) · 5.3s
try  7 · gen   52 · best    919.9 · elite    581.5 · median    127.3 · years  30.2 · road 0.39 · starved  1193 · nobles  -0.0 · read 34.8 · walls  1.6 · fell 85.6% (mother 33.0%) · prince 25.9% · king 18.4% · crowned 14.0% (median year 39) · 5.3s
try  8 · gen   52 · best    852.9 · elite    443.0 · median    -16.3 · years  27.1 · road 0.33 · starved  1022 · nobles  -1.3 · read 31.7 · walls  2.3 · fell 90.6% (mother 30.7%) · prince 14.7% · king 11.6% · crowned  9.4% (median year 42) · 5.3s
try  1 · gen   53 · best    900.4 · elite    508.9 · median     62.5 · years  25.2 · road 0.39 · starved  1202 · nobles  -0.7 · read 31.6 · walls  3.8 · fell 88.2% (mother 38.5%) · prince 18.9% · king 13.6% · crowned 11.4% (median year 37) · 4.8s
try  2 · gen   53 · best   1027.1 · elite    504.5 · median     43.3 · years  30.1 · road 0.35 · starved  1348 · nobles  +0.8 · read 57.2 · walls  2.2 · fell 88.4% (mother 35.9%) · prince 20.9% · king 15.0% · crowned 11.5% (median year 41) · 4.8s
try  3 · gen   53 · best    977.2 · elite    553.3 · median     92.7 · years  22.6 · road 0.37 · starved   885 · nobles  -0.7 · read 25.7 · walls  2.0 · fell 88.1% (mother 27.0%) · prince 18.8% · king 14.8% · crowned 11.9% (median year 35) · 4.8s
try  4 · gen   53 · best    915.5 · elite    508.9 · median     53.0 · years  31.4 · road 0.39 · starved  1244 · nobles  -1.3 · read 38.8 · walls  5.4 · fell 88.6% (mother 37.5%) · prince 22.4% · king 15.8% · crowned 11.3% (median year 40) · 4.8s
try  5 · gen   53 · best    600.6 · elite    302.6 · median    -25.0 · years  40.6 · road 0.41 · starved  2125 · nobles  -2.3 · read 44.4 · walls  5.3 · fell 92.9% (mother 44.5%) · prince 18.0% · king  9.4% · crowned  5.7% (median year 55) · 4.8s
try  6 · gen   53 · best    179.1 · elite    122.3 · median     26.2 · years  70.7 · road 0.49 · starved   870 · nobles -15.8 · read 52.6 · walls  6.8 · fell 60.8% (mother 21.4%) · prince  1.1% · king  0.1% · crowned  0.0% (median year 91) · 4.8s
try  7 · gen   53 · best   1144.6 · elite    580.5 · median    125.9 · years  29.5 · road 0.39 · starved  1191 · nobles  +0.0 · read 33.1 · walls  1.6 · fell 85.7% (mother 33.5%) · prince 26.6% · king 18.6% · crowned 13.9% (median year 39) · 4.8s
try  8 · gen   53 · best    804.8 · elite    461.9 · median    -26.5 · years  26.8 · road 0.33 · starved   986 · nobles  -1.5 · read 31.2 · walls  2.5 · fell 90.6% (mother 30.3%) · prince 14.6% · king 11.4% · crowned  9.3% (median year 41) · 4.8s
try  1 · gen   54 · best    936.6 · elite    539.7 · median     87.0 · years  25.8 · road 0.39 · starved  1133 · nobles  -0.5 · read 32.0 · walls  3.6 · fell 86.8% (mother 36.8%) · prince 19.9% · king 15.2% · crowned 12.5% (median year 38) · 5.4s
try  2 · gen   54 · best   1082.3 · elite    477.0 · median     16.7 · years  30.0 · road 0.35 · starved  1465 · nobles  +0.8 · read 51.5 · walls  2.2 · fell 88.7% (mother 35.4%) · prince 20.5% · king 14.7% · crowned 11.2% (median year 42) · 5.4s
try  3 · gen   54 · best   1171.5 · elite    544.1 · median    106.8 · years  22.6 · road 0.38 · starved   888 · nobles  -1.2 · read 24.1 · walls  2.1 · fell 88.1% (mother 27.1%) · prince 18.8% · king 14.8% · crowned 11.9% (median year 33) · 5.4s
try  4 · gen   54 · best   1190.3 · elite    519.9 · median     45.3 · years  30.5 · road 0.39 · starved  1192 · nobles  -1.8 · read 35.9 · walls  5.2 · fell 88.4% (mother 39.0%) · prince 21.2% · king 15.3% · crowned 11.4% (median year 40) · 5.4s
try  5 · gen   54 · best    597.0 · elite    290.8 · median    -27.1 · years  39.6 · road 0.41 · starved  1721 · nobles  -2.1 · read 44.5 · walls  4.9 · fell 92.9% (mother 45.3%) · prince 17.2% · king  8.4% · crowned  5.4% (median year 56) · 5.4s
try  6 · gen   54 · best    194.3 · elite    115.3 · median     24.4 · years  68.9 · road 0.49 · starved   876 · nobles -15.6 · read 52.1 · walls  6.9 · fell 62.9% (mother 23.0%) · prince  1.4% · king  0.1% · crowned  0.0% (median year 95) · 5.4s
try  7 · gen   54 · best    922.3 · elite    591.8 · median    124.8 · years  28.7 · road 0.38 · starved  1165 · nobles  +0.2 · read 30.8 · walls  1.8 · fell 85.4% (mother 36.4%) · prince 26.4% · king 17.8% · crowned 14.1% (median year 38) · 5.4s
try  8 · gen   54 · best   1059.7 · elite    451.3 · median    -11.2 · years  26.6 · road 0.34 · starved  1087 · nobles  -1.1 · read 29.8 · walls  2.8 · fell 90.3% (mother 31.2%) · prince 14.4% · king 11.7% · crowned  9.6% (median year 41) · 5.4s
try  1 · gen   55 · best    948.4 · elite    499.2 · median     56.9 · years  25.7 · road 0.39 · starved  1137 · nobles  -0.7 · read 31.2 · walls  3.4 · fell 88.6% (mother 40.1%) · prince 19.4% · king 13.8% · crowned 11.1% (median year 37) · 5.2s
try  2 · gen   55 · best    917.0 · elite    520.9 · median     27.7 · years  29.6 · road 0.36 · starved  1466 · nobles  +0.3 · read 45.8 · walls  2.4 · fell 88.2% (mother 33.9%) · prince 20.6% · king 15.3% · crowned 11.8% (median year 42) · 5.2s
try  3 · gen   55 · best    967.6 · elite    555.3 · median     56.7 · years  21.8 · road 0.37 · starved   911 · nobles  -0.9 · read 24.1 · walls  2.1 · fell 88.1% (mother 28.7%) · prince 18.1% · king 14.5% · crowned 11.9% (median year 33) · 5.2s
try  4 · gen   55 · best    839.3 · elite    509.0 · median     55.5 · years  29.8 · road 0.39 · starved  1218 · nobles  -1.3 · read 33.5 · walls  5.1 · fell 88.2% (mother 37.6%) · prince 21.3% · king 15.4% · crowned 11.7% (median year 38) · 5.2s
try  5 · gen   55 · best    798.8 · elite    286.2 · median    -22.8 · years  40.2 · road 0.41 · starved  1677 · nobles  -2.1 · read 45.0 · walls  4.7 · fell 92.9% (mother 44.5%) · prince 16.6% · king  9.1% · crowned  5.6% (median year 57) · 5.2s
try  6 · gen   55 · best    216.2 · elite    118.1 · median     25.3 · years  69.6 · road 0.49 · starved   840 · nobles -15.7 · read 53.7 · walls  6.9 · fell 61.5% (mother 21.8%) · prince  1.3% · king  0.1% · crowned  0.0% · 5.2s
try  7 · gen   55 · best   1027.8 · elite    623.1 · median    149.6 · years  28.2 · road 0.39 · starved  1095 · nobles  +0.5 · read 30.6 · walls  2.0 · fell 84.3% (mother 35.5%) · prince 27.6% · king 19.3% · crowned 15.4% (median year 37) · 5.2s
try  8 · gen   55 · best    921.0 · elite    453.9 · median    -13.0 · years  26.0 · road 0.33 · starved   983 · nobles  -1.0 · read 28.5 · walls  2.6 · fell 90.2% (mother 32.3%) · prince 14.2% · king 11.4% · crowned  9.7% (median year 42) · 5.2s
try  1 · gen   56 · best   1018.2 · elite    535.4 · median     54.9 · years  26.1 · road 0.39 · starved  1131 · nobles  -0.6 · read 30.0 · walls  3.3 · fell 87.7% (mother 41.8%) · prince 19.7% · king 14.3% · crowned 11.7% (median year 37) · 5.5s
try  2 · gen   56 · best    905.2 · elite    529.5 · median      9.6 · years  29.1 · road 0.36 · starved  1665 · nobles  +0.3 · read 39.3 · walls  2.5 · fell 88.3% (mother 34.6%) · prince 20.2% · king 15.2% · crowned 11.6% (median year 41) · 5.5s
try  3 · gen   56 · best    959.6 · elite    568.1 · median    110.5 · years  21.8 · road 0.38 · starved   893 · nobles  -0.9 · read 23.0 · walls  1.9 · fell 87.6% (mother 28.1%) · prince 19.1% · king 15.2% · crowned 12.4% (median year 33) · 5.5s
try  4 · gen   56 · best   1271.9 · elite    560.6 · median    128.7 · years  28.7 · road 0.39 · starved  1308 · nobles  -0.7 · read 29.2 · walls  4.9 · fell 86.2% (mother 39.0%) · prince 22.6% · king 17.2% · crowned 13.7% (median year 36) · 5.5s
try  5 · gen   56 · best    656.2 · elite    308.5 · median    -28.2 · years  39.2 · road 0.41 · starved  1594 · nobles  -2.2 · read 42.4 · walls  4.4 · fell 92.7% (mother 47.4%) · prince 17.4% · king  9.2% · crowned  5.7% (median year 53) · 5.5s
try  6 · gen   56 · best    180.6 · elite    121.1 · median     24.1 · years  69.2 · road 0.49 · starved   852 · nobles -15.6 · read 50.5 · walls  6.8 · fell 62.7% (mother 23.0%) · prince  1.2% · king  0.1% · crowned  0.0% · 5.5s
try  7 · gen   56 · best   1131.4 · elite    674.4 · median    153.0 · years  27.9 · road 0.40 · starved  1164 · nobles  +1.2 · read 31.1 · walls  2.3 · fell 83.4% (mother 34.3%) · prince 28.4% · king 19.8% · crowned 16.2% (median year 36) · 5.5s
try  8 · gen   56 · best    927.8 · elite    448.1 · median    -18.1 · years  26.5 · road 0.33 · starved   988 · nobles  -1.5 · read 29.6 · walls  2.7 · fell 90.6% (mother 32.4%) · prince 14.1% · king 11.3% · crowned  9.4% (median year 41) · 5.5s
try  1 · gen   57 · best   1070.1 · elite    523.6 · median     38.0 · years  26.5 · road 0.38 · starved  1185 · nobles  +0.7 · read 30.1 · walls  3.1 · fell 88.4% (mother 43.0%) · prince 20.6% · king 13.6% · crowned 11.0% (median year 37) · 5.3s
try  2 · gen   57 · best    915.5 · elite    538.8 · median     14.9 · years  28.4 · road 0.36 · starved  1623 · nobles  +0.7 · read 32.2 · walls  2.4 · fell 87.7% (mother 33.7%) · prince 20.4% · king 15.8% · crowned 12.3% (median year 40) · 5.3s
try  3 · gen   57 · best   1113.4 · elite    600.4 · median    126.7 · years  21.7 · road 0.38 · starved   866 · nobles  -1.0 · read 22.3 · walls  1.9 · fell 86.7% (mother 27.5%) · prince 19.7% · king 16.0% · crowned 13.3% (median year 33) · 5.3s
try  4 · gen   57 · best   1062.0 · elite    577.6 · median    126.8 · years  29.1 · road 0.40 · starved  1212 · nobles  -0.2 · read 27.3 · walls  4.9 · fell 86.2% (mother 36.4%) · prince 23.1% · king 17.5% · crowned 13.7% (median year 35) · 5.3s
try  5 · gen   57 · best    871.6 · elite    304.2 · median    -32.2 · years  36.9 · road 0.40 · starved  2450 · nobles  -2.1 · read 39.9 · walls  4.3 · fell 93.8% (mother 49.1%) · prince 17.4% · king  8.6% · crowned  5.6% (median year 52) · 5.3s
try  6 · gen   57 · best    215.8 · elite    125.6 · median     26.3 · years  70.4 · road 0.50 · starved   875 · nobles -15.7 · read 51.2 · walls  6.9 · fell 60.7% (mother 23.8%) · prince  1.6% · king  0.1% · crowned  0.0% (median year 99) · 5.3s
try  7 · gen   57 · best   1157.4 · elite    659.6 · median    166.2 · years  27.5 · road 0.40 · starved  1029 · nobles  +1.3 · read 31.0 · walls  2.1 · fell 82.9% (mother 31.5%) · prince 28.2% · king 20.9% · crowned 16.9% (median year 36) · 5.3s
try  8 · gen   57 · best    829.2 · elite    453.9 · median     -1.9 · years  26.5 · road 0.34 · starved   974 · nobles  -0.9 · read 28.4 · walls  2.6 · fell 89.9% (mother 31.8%) · prince 15.1% · king 12.4% · crowned 10.1% (median year 42) · 5.3s
try  1 · gen   58 · best    877.4 · elite    503.6 · median     52.4 · years  27.0 · road 0.38 · starved  1182 · nobles  +1.0 · read 30.7 · walls  3.0 · fell 88.4% (mother 43.8%) · prince 20.3% · king 13.9% · crowned 10.9% (median year 37) · 5.7s
try  2 · gen   58 · best    929.4 · elite    577.8 · median     28.8 · years  28.1 · road 0.36 · starved  1794 · nobles  +2.2 · read 25.3 · walls  2.4 · fell 87.3% (mother 33.8%) · prince 21.4% · king 16.3% · crowned 12.7% (median year 39) · 5.7s
try  3 · gen   58 · best   1170.4 · elite    603.5 · median    141.6 · years  21.3 · road 0.38 · starved   855 · nobles  -0.6 · read 20.5 · walls  2.1 · fell 86.0% (mother 25.6%) · prince 20.0% · king 16.5% · crowned 14.0% (median year 32) · 5.7s
try  4 · gen   58 · best    941.8 · elite    565.1 · median    148.3 · years  29.6 · road 0.40 · starved  1199 · nobles  -0.1 · read 29.7 · walls  4.8 · fell 85.4% (mother 37.2%) · prince 25.0% · king 18.5% · crowned 14.5% (median year 36) · 5.7s
try  5 · gen   58 · best    998.2 · elite    319.2 · median    -24.2 · years  35.1 · road 0.39 · starved  1617 · nobles  -2.0 · read 36.3 · walls  3.8 · fell 93.5% (mother 48.0%) · prince 18.3% · king  9.3% · crowned  5.8% (median year 46) · 5.7s
try  6 · gen   58 · best    184.3 · elite    124.4 · median     26.1 · years  70.0 · road 0.49 · starved   861 · nobles -15.7 · read 52.1 · walls  6.9 · fell 61.8% (mother 25.0%) · prince  2.0% · king  0.1% · crowned  0.0% (median year 100) · 5.7s
try  7 · gen   58 · best   1122.8 · elite    654.3 · median    160.6 · years  27.0 · road 0.39 · starved  1065 · nobles  +1.2 · read 31.0 · walls  2.3 · fell 83.5% (mother 34.8%) · prince 28.6% · king 20.5% · crowned 16.2% (median year 36) · 5.7s
try  8 · gen   58 · best   1077.0 · elite    472.3 · median     -8.5 · years  26.7 · road 0.34 · starved   948 · nobles  -0.8 · read 28.4 · walls  2.8 · fell 89.8% (mother 30.9%) · prince 14.8% · king 12.0% · crowned 10.1% (median year 41) · 5.7s
try  1 · gen   59 · best   1006.3 · elite    546.0 · median     59.5 · years  27.1 · road 0.38 · starved  1195 · nobles  +1.6 · read 31.7 · walls  2.9 · fell 88.0% (mother 41.1%) · prince 21.9% · king 14.7% · crowned 11.6% (median year 37) · 5.7s
try  2 · gen   59 · best   1135.7 · elite    556.8 · median    117.9 · years  27.2 · road 0.36 · starved  1565 · nobles  +3.0 · read 21.8 · walls  2.1 · fell 86.5% (mother 33.9%) · prince 21.6% · king 16.3% · crowned 13.5% (median year 39) · 5.7s
try  3 · gen   59 · best   1202.7 · elite    621.3 · median    140.5 · years  21.5 · road 0.38 · starved   842 · nobles  -0.2 · read 19.2 · walls  2.1 · fell 86.1% (mother 27.3%) · prince 20.1% · king 16.0% · crowned 13.9% (median year 32) · 5.7s
try  4 · gen   59 · best    959.1 · elite    551.6 · median    123.1 · years  29.2 · road 0.40 · starved  1247 · nobles  -0.9 · read 28.0 · walls  4.7 · fell 86.9% (mother 38.3%) · prince 23.8% · king 17.2% · crowned 12.9% (median year 36) · 5.7s
try  5 · gen   59 · best    900.8 · elite    379.2 · median    -19.3 · years  32.5 · road 0.39 · starved  1572 · nobles  -1.4 · read 31.1 · walls  3.2 · fell 92.5% (mother 47.8%) · prince 19.1% · king 10.4% · crowned  7.0% (median year 43) · 5.7s
try  6 · gen   59 · best    243.7 · elite    126.3 · median     24.2 · years  70.1 · road 0.49 · starved   869 · nobles -15.6 · read 55.9 · walls  6.8 · fell 61.0% (mother 24.0%) · prince  1.8% · king  0.1% · crowned  0.0% (median year 95) · 5.7s
try  7 · gen   59 · best   1097.9 · elite    682.1 · median    162.1 · years  26.3 · road 0.39 · starved  1016 · nobles  +1.7 · read 30.1 · walls  2.4 · fell 82.9% (mother 35.3%) · prince 29.0% · king 21.2% · crowned 17.0% (median year 35) · 5.7s
try  8 · gen   59 · best    862.3 · elite    460.8 · median      5.0 · years  26.7 · road 0.34 · starved  1122 · nobles  -0.1 · read 27.6 · walls  2.9 · fell 89.6% (mother 31.7%) · prince 15.2% · king 12.1% · crowned 10.3% (median year 41) · 5.7s
try  1 · gen   60 · best    910.7 · elite    566.6 · median    108.5 · years  26.7 · road 0.38 · starved  1118 · nobles  +3.0 · read 31.4 · walls  2.8 · fell 86.8% (mother 39.2%) · prince 22.4% · king 15.5% · crowned 12.6% (median year 36) · 6.5s
try  2 · gen   60 · best   1353.2 · elite    551.3 · median    121.7 · years  27.1 · road 0.36 · starved  1420 · nobles  +2.4 · read 20.5 · walls  2.0 · fell 86.8% (mother 34.5%) · prince 21.1% · king 15.9% · crowned 13.1% (median year 38) · 6.5s
try  3 · gen   60 · best    932.0 · elite    618.6 · median    154.3 · years  21.3 · road 0.38 · starved   814 · nobles  +0.2 · read 18.2 · walls  2.1 · fell 84.9% (mother 26.0%) · prince 20.3% · king 17.0% · crowned 15.1% (median year 33) · 6.5s
try  4 · gen   60 · best    903.6 · elite    564.5 · median    144.7 · years  29.0 · road 0.39 · starved  1204 · nobles  -0.3 · read 27.5 · walls  4.5 · fell 85.7% (mother 37.6%) · prince 25.3% · king 18.8% · crowned 14.1% (median year 35) · 6.5s
try  5 · gen   60 · best    869.9 · elite    381.3 · median    -18.8 · years  31.6 · road 0.38 · starved  1515 · nobles  -0.9 · read 31.2 · walls  2.8 · fell 92.4% (mother 46.5%) · prince 19.4% · king 11.0% · crowned  7.2% (median year 41) · 6.5s
try  6 · gen   60 · best    219.3 · elite    128.1 · median     28.6 · years  69.5 · road 0.50 · starved   856 · nobles -15.4 · read 53.0 · walls  6.7 · fell 61.0% (mother 25.5%) · prince  2.4% · king  0.2% · crowned  0.0% · 6.5s
try  7 · gen   60 · best   1200.5 · elite    669.5 · median    170.0 · years  27.4 · road 0.40 · starved  1075 · nobles  +1.7 · read 29.4 · walls  2.5 · fell 82.7% (mother 33.8%) · prince 29.9% · king 21.3% · crowned 17.1% (median year 35) · 6.5s
try  8 · gen   60 · best    859.3 · elite    461.8 · median     -6.9 · years  26.9 · road 0.33 · starved  1024 · nobles  +0.5 · read 26.2 · walls  2.7 · fell 89.9% (mother 31.2%) · prince 14.2% · king 11.8% · crowned 10.0% (median year 41) · 6.5s
try  1 · gen   61 · best   1159.9 · elite    608.6 · median    125.1 · years  26.3 · road 0.39 · starved  1111 · nobles  +4.1 · read 29.8 · walls  3.0 · fell 85.6% (mother 36.6%) · prince 23.6% · king 16.6% · crowned 13.8% (median year 35) · 7.2s
try  2 · gen   61 · best    923.0 · elite    567.1 · median    128.7 · years  26.9 · road 0.36 · starved  1284 · nobles  +2.3 · read 20.4 · walls  2.2 · fell 86.5% (mother 35.7%) · prince 22.4% · king 16.5% · crowned 13.5% (median year 37) · 7.2s
try  3 · gen   61 · best   1149.9 · elite    651.4 · median    154.3 · years  21.6 · road 0.39 · starved   791 · nobles  +0.6 · read 18.5 · walls  2.1 · fell 84.2% (mother 22.4%) · prince 21.0% · king 17.9% · crowned 15.8% (median year 33) · 7.2s
try  4 · gen   61 · best   1002.0 · elite    567.2 · median    116.6 · years  29.2 · road 0.40 · starved  1203 · nobles  -1.2 · read 29.7 · walls  4.3 · fell 87.1% (mother 38.4%) · prince 25.5% · king 18.1% · crowned 12.9% (median year 35) · 7.2s
try  5 · gen   61 · best    946.5 · elite    478.4 · median      0.2 · years  30.1 · road 0.38 · starved  1408 · nobles  +0.1 · read 28.8 · walls  2.3 · fell 90.9% (mother 44.6%) · prince 20.8% · king 12.8% · crowned  8.8% (median year 39) · 7.2s
try  6 · gen   61 · best    252.9 · elite    127.5 · median     30.6 · years  67.4 · road 0.49 · starved   873 · nobles -14.9 · read 51.1 · walls  6.6 · fell 63.3% (mother 28.0%) · prince  3.1% · king  0.2% · crowned  0.0% (median year 91) · 7.2s
try  7 · gen   61 · best   1107.6 · elite    675.3 · median    170.9 · years  26.7 · road 0.40 · starved  1050 · nobles  +1.6 · read 29.3 · walls  2.6 · fell 82.3% (mother 34.6%) · prince 30.6% · king 22.2% · crowned 17.4% (median year 35) · 7.2s
try  8 · gen   61 · best    929.4 · elite    480.0 · median    -12.2 · years  26.2 · road 0.34 · starved  1236 · nobles  +0.7 · read 23.8 · walls  2.8 · fell 90.0% (mother 32.7%) · prince 14.8% · king 12.1% · crowned  9.9% (median year 40) · 7.2s
try  1 · gen   62 · best   1151.8 · elite    626.4 · median    157.5 · years  25.9 · road 0.40 · starved  1064 · nobles  +3.2 · read 29.6 · walls  3.0 · fell 84.3% (mother 32.6%) · prince 25.2% · king 18.5% · crowned 15.3% (median year 34) · 7.8s
try  2 · gen   62 · best    980.3 · elite    564.0 · median    132.6 · years  26.7 · road 0.37 · starved  1261 · nobles  +2.3 · read 20.5 · walls  2.3 · fell 86.8% (mother 37.9%) · prince 21.3% · king 16.4% · crowned 13.2% (median year 37) · 7.8s
try  3 · gen   62 · best   1002.8 · elite    653.5 · median    157.6 · years  21.8 · road 0.38 · starved   777 · nobles  +0.1 · read 17.3 · walls  2.1 · fell 83.9% (mother 23.0%) · prince 21.1% · king 18.2% · crowned 16.1% (median year 34) · 7.8s
try  4 · gen   62 · best   1115.8 · elite    617.1 · median    125.1 · years  28.9 · road 0.40 · starved  1181 · nobles  -1.0 · read 31.7 · walls  4.3 · fell 86.2% (mother 37.7%) · prince 27.8% · king 19.3% · crowned 13.8% (median year 34) · 7.8s
try  5 · gen   62 · best    883.4 · elite    483.2 · median      3.9 · years  29.3 · road 0.37 · starved  1315 · nobles  +1.6 · read 26.9 · walls  1.9 · fell 90.3% (mother 42.3%) · prince 21.6% · king 13.2% · crowned  9.5% (median year 38) · 7.8s
try  6 · gen   62 · best    251.4 · elite    138.8 · median     29.9 · years  64.6 · road 0.48 · starved   850 · nobles -14.1 · read 49.5 · walls  6.3 · fell 65.4% (mother 29.8%) · prince  4.2% · king  0.2% · crowned  0.0% (median year 100) · 7.8s
try  7 · gen   62 · best   1180.2 · elite    660.0 · median    181.4 · years  26.8 · road 0.40 · starved  1060 · nobles  +2.0 · read 30.1 · walls  2.8 · fell 81.7% (mother 34.0%) · prince 30.9% · king 22.8% · crowned 18.1% (median year 35) · 7.8s
try  8 · gen   62 · best    883.8 · elite    469.0 · median     -2.7 · years  26.7 · road 0.34 · starved  1185 · nobles  +1.0 · read 24.4 · walls  2.9 · fell 89.8% (mother 32.2%) · prince 15.2% · king 12.0% · crowned 10.1% (median year 40) · 7.8s
try  1 · gen   63 · best   1124.5 · elite    651.8 · median    131.9 · years  25.8 · road 0.39 · starved  1101 · nobles  +3.0 · read 31.3 · walls  2.7 · fell 84.7% (mother 33.4%) · prince 24.8% · king 17.6% · crowned 14.7% (median year 34) · 9.4s
try  2 · gen   63 · best   1103.4 · elite    601.8 · median    135.3 · years  26.2 · road 0.37 · starved  1236 · nobles  +2.3 · read 19.7 · walls  2.1 · fell 86.4% (mother 38.0%) · prince 21.8% · king 16.9% · crowned 13.6% (median year 36) · 9.4s
try  3 · gen   63 · best   1162.4 · elite    643.7 · median    155.2 · years  21.2 · road 0.38 · starved   778 · nobles  -0.1 · read 17.3 · walls  2.0 · fell 84.3% (mother 23.4%) · prince 20.5% · king 18.0% · crowned 15.6% (median year 34) · 9.4s
try  4 · gen   63 · best   1314.9 · elite    615.0 · median    122.1 · years  28.8 · road 0.39 · starved  1252 · nobles  -0.8 · read 35.5 · walls  3.9 · fell 86.4% (mother 40.3%) · prince 27.2% · king 19.5% · crowned 13.5% (median year 33) · 9.4s
try  5 · gen   63 · best    957.1 · elite    534.3 · median     35.3 · years  29.3 · road 0.37 · starved  1558 · nobles  +2.7 · read 25.9 · walls  1.9 · fell 88.6% (mother 38.9%) · prince 23.2% · king 14.9% · crowned 11.3% (median year 37) · 9.4s
try  6 · gen   63 · best    265.7 · elite    143.4 · median     25.5 · years  62.0 · road 0.48 · starved   940 · nobles -13.4 · read 48.3 · walls  6.1 · fell 68.2% (mother 34.4%) · prince  5.7% · king  0.5% · crowned  0.1% (median year 82) · 9.4s
try  7 · gen   63 · best   1146.5 · elite    718.6 · median    181.0 · years  26.6 · road 0.40 · starved  1067 · nobles  +2.1 · read 32.4 · walls  2.9 · fell 81.0% (mother 34.5%) · prince 31.6% · king 23.8% · crowned 18.8% (median year 34) · 9.4s
try  8 · gen   63 · best   1102.0 · elite    498.9 · median      4.7 · years  26.5 · road 0.34 · starved  1009 · nobles  +1.8 · read 23.7 · walls  2.8 · fell 88.8% (mother 32.8%) · prince 15.7% · king 12.8% · crowned 11.1% (median year 39) · 9.4s
try  1 · gen   64 · best   1003.8 · elite    615.0 · median    146.5 · years  25.6 · road 0.39 · starved  1087 · nobles  +2.5 · read 32.8 · walls  2.6 · fell 85.3% (mother 36.6%) · prince 24.6% · king 17.7% · crowned 14.3% (median year 34) · 9.6s
try  2 · gen   64 · best   1334.7 · elite    580.8 · median    138.7 · years  25.9 · road 0.36 · starved  1260 · nobles  +3.4 · read 18.0 · walls  2.2 · fell 86.2% (mother 38.5%) · prince 22.2% · king 16.8% · crowned 13.9% (median year 36) · 9.6s
try  3 · gen   64 · best    952.3 · elite    628.6 · median    150.8 · years  21.2 · road 0.38 · starved   825 · nobles  -0.3 · read 16.7 · walls  2.0 · fell 84.9% (mother 24.1%) · prince 20.4% · king 17.8% · crowned 15.1% (median year 33) · 9.6s
try  4 · gen   64 · best    957.9 · elite    564.8 · median    141.7 · years  28.7 · road 0.39 · starved  1252 · nobles  -0.8 · read 38.9 · walls  3.6 · fell 86.2% (mother 42.3%) · prince 28.1% · king 20.3% · crowned 13.7% (median year 33) · 9.6s
try  5 · gen   64 · best    940.9 · elite    573.3 · median     22.8 · years  28.6 · road 0.37 · starved  1316 · nobles  +4.1 · read 23.1 · walls  1.9 · fell 88.9% (mother 38.9%) · prince 23.2% · king 14.9% · crowned 11.1% (median year 37) · 9.6s
try  6 · gen   64 · best    228.5 · elite    139.4 · median     34.2 · years  62.5 · road 0.47 · starved   887 · nobles -13.1 · read 47.6 · walls  6.0 · fell 66.7% (mother 33.6%) · prince  6.3% · king  0.4% · crowned  0.1% (median year 85) · 9.6s
try  7 · gen   64 · best   1171.3 · elite    723.1 · median    172.6 · years  25.9 · road 0.40 · starved  1024 · nobles  +2.0 · read 30.8 · walls  2.9 · fell 81.7% (mother 37.3%) · prince 30.4% · king 22.6% · crowned 18.0% (median year 33) · 9.6s
try  8 · gen   64 · best    875.0 · elite    477.8 · median     35.1 · years  26.6 · road 0.34 · starved  1069 · nobles  +2.4 · read 22.8 · walls  2.7 · fell 88.9% (mother 31.6%) · prince 15.9% · king 13.1% · crowned 11.0% (median year 40) · 9.6s
